# Blender 3.4.0
# www.blender.org
# mtllib bearilla2.mtl
o SK_BearrilaA.001
v 0.138683 3.095128 -1.142125
v 0.092385 3.349687 -1.258253
v -0.052490 3.053583 -1.347071
v -0.013938 3.014343 -1.342651
v -0.014449 3.014502 -1.341199
v -0.030213 3.019190 -1.336958
v -0.030953 3.019286 -1.336744
v -0.030724 3.019353 -1.335507
v -0.074007 3.093044 -1.226562
v -0.073050 3.093920 -1.227759
v -0.080854 3.098607 -1.244095
v -0.073614 3.071232 -1.284250
v -0.074267 3.071395 -1.283863
v -0.084826 3.108074 -1.221902
v -0.095610 3.134300 -1.179445
v -0.094635 3.133559 -1.178865
v 0.014449 3.014502 -1.341198
v 0.073050 3.093920 -1.227758
v 0.073684 3.092721 -1.227354
v 0.080163 3.098198 -1.242679
v 0.081041 3.098930 -1.243412
v 0.073840 3.070914 -1.282671
v 0.074267 3.071395 -1.283863
v 0.073614 3.071232 -1.284249
v 0.085519 3.108469 -1.222998
v 0.084989 3.108224 -1.223513
v 0.094635 3.133564 -1.178864
v 0.014134 3.023728 -1.249026
v -0.011846 3.023353 -1.244044
v 0.672430 -0.030812 0.008789
v 0.761394 -0.033108 0.010741
v 0.761922 -0.030812 0.004515
v 0.836941 -0.033108 0.006341
v 0.837360 -0.030812 0.000107
v 0.834278 -0.030812 -0.000336
v 0.906581 -0.033108 0.034296
v 0.907054 -0.030812 0.028066
v 0.965102 -0.030812 0.073274
v 0.968176 -0.030812 0.073770
v 0.951639 -0.006111 0.109164
v 0.965629 -0.024402 0.076647
v 0.967649 -0.033108 0.079997
v 0.963343 -0.023279 0.118220
v -0.674976 -0.033108 0.015511
v -0.672430 -0.030812 0.008789
v -0.676774 -0.006110 0.047554
v -0.675504 -0.030812 0.009285
v -0.761393 -0.033108 0.010741
v -0.759374 -0.024402 0.007391
v -0.758847 -0.030812 0.004019
v -0.761922 -0.030812 0.004515
v -0.836940 -0.033108 0.006341
v -0.837360 -0.030812 0.000107
v -0.907054 -0.030812 0.028066
v -0.906581 -0.033108 0.034296
v -0.968176 -0.030812 0.073770
v -0.965629 -0.024402 0.076647
v -0.951639 -0.006110 0.109164
v -0.000000 3.017149 -1.253822
v 0.672481 -0.033108 0.015108
v 0.758847 -0.030812 0.004019
v 0.903976 -0.030812 0.027596
v -0.672481 -0.033108 0.015108
v -0.758899 -0.033108 0.010338
v -0.834439 -0.033108 0.005982
v -0.833299 -0.023279 0.044633
v -0.904083 -0.033108 0.033915
v 0.134628 3.362283 -1.252211
v 0.110150 3.370767 -1.255584
v 0.101346 3.350029 -1.255080
v 0.098011 3.362788 -1.254702
v 0.092101 3.353990 -1.252548
v 0.092936 3.351458 -1.252599
v 0.965598 0.011058 0.104252
v 0.968125 -0.024402 0.077050
v -0.127382 3.355241 -1.254860
v -0.134628 3.362283 -1.252211
v -0.133361 3.365541 -1.252393
v -0.116269 3.348821 -1.256105
v -0.110150 3.370767 -1.255584
v -0.101346 3.350029 -1.255080
v -0.092936 3.351458 -1.252599
v -0.968125 -0.024402 0.077050
v -0.969446 -0.006110 0.112039
v 0.965154 -0.033108 0.079594
v 0.955487 -0.023279 0.116951
v 0.946912 -0.012707 0.153035
v 0.960128 -0.012707 0.155168
v 0.969446 -0.006111 0.112039
v 0.939810 0.013677 0.143819
v 0.957742 0.011058 0.102984
v 0.969768 0.013677 0.148656
v 0.957222 -0.003053 0.187989
v 0.939341 -0.003053 0.185102
v 0.949450 0.040060 0.137307
v 0.953619 -0.001056 0.225132
v 0.931074 -0.001056 0.221492
v 0.928677 0.030000 0.179178
v 0.962667 0.040060 0.139441
v 0.940663 0.063053 0.176910
v 0.917143 0.036656 0.217018
v 0.969209 0.030000 0.185721
v 0.958545 0.063053 0.179797
v 0.931773 0.074369 0.217154
v 0.904350 0.033203 0.262278
v 0.892605 0.033203 0.301047
v 0.912862 0.075120 0.304317
v 0.921619 0.075120 0.265065
v 0.948882 0.075120 0.269467
v 0.944841 0.075120 0.309480
v 0.954319 0.074369 0.220795
v 0.965097 0.033203 0.312750
v 0.968250 0.036656 0.225268
v 0.966149 0.033203 0.272255
v 0.948882 -0.008714 0.269467
v 0.944841 -0.008714 0.309480
v 0.921619 -0.008714 0.265065
v 0.912862 -0.008714 0.304317
v -0.957742 0.011058 0.102984
v -0.965102 -0.030812 0.073274
v -0.965154 -0.033108 0.079594
v -0.967649 -0.033108 0.079997
v -0.963343 -0.023279 0.118220
v -0.955487 -0.023279 0.116951
v -0.946912 -0.012706 0.153035
v -0.960128 -0.012706 0.155168
v -0.939810 0.013677 0.143819
v -0.949450 0.040060 0.137307
v -0.928677 0.030000 0.179178
v -0.931074 -0.001056 0.221492
v -0.965598 0.011058 0.104252
v -0.917143 0.036657 0.217018
v -0.940663 0.063053 0.176910
v -0.962667 0.040060 0.139441
v -0.969768 0.013677 0.148656
v -0.958545 0.063053 0.179797
v -0.957222 -0.003053 0.187989
v -0.939341 -0.003053 0.185102
v -0.969209 0.030000 0.185721
v -0.953618 -0.001056 0.225132
v -0.968250 0.036657 0.225268
v -0.931773 0.074369 0.217154
v -0.954319 0.074369 0.220795
v -0.921619 0.075120 0.265065
v -0.948882 0.075120 0.269467
v -0.966149 0.033203 0.272255
v -0.948882 -0.008714 0.269467
v -0.921619 -0.008714 0.265065
v -0.944841 -0.008714 0.309480
v -0.965097 0.033203 0.312750
v -0.944841 0.075120 0.309480
v -0.912862 0.075120 0.304317
v -0.904350 0.033203 0.262278
v -0.892605 0.033203 0.301047
v -0.912862 -0.008714 0.304317
v 0.115989 2.952324 -0.963285
v 0.000000 2.922523 -1.017949
v 0.213759 3.021933 -0.969578
v 0.279968 3.030803 -0.892490
v 0.115855 2.970488 -1.040253
v 0.278781 3.074649 -0.949316
v 0.342767 3.105971 -0.863656
v 0.042262 2.951837 -1.110045
v 0.000000 2.943798 -1.101820
v 0.000000 2.958612 -1.175296
v 0.335843 3.163730 -0.933239
v 0.401354 3.203957 -0.827787
v 0.277594 3.118489 -1.006142
v 0.365880 3.280435 -0.893768
v 0.429858 3.347825 -0.728265
v 0.310227 3.226900 -1.009647
v 0.187062 3.065346 -1.060496
v 0.229425 3.152142 -1.115599
v 0.101390 2.980504 -1.110335
v 0.185380 3.120001 -1.151333
v 0.081592 2.973277 -1.184579
v 0.153034 3.073893 -1.126825
v 0.046374 2.964120 -1.180036
v 0.046433 2.949126 -1.224300
v 0.116619 3.014391 -1.227742
v 0.048831 2.924317 -1.293440
v 0.000000 2.899416 -1.299237
v 0.088816 2.963613 -1.281501
v 0.043828 2.928946 -1.317306
v 0.000000 2.903092 -1.314052
v 0.000000 2.927229 -1.301408
v 0.040034 2.947051 -1.311872
v 0.087049 2.979402 -1.293388
v 0.114472 3.032464 -1.240823
v 0.103279 3.086388 -1.162885
v 0.125812 3.123890 -1.147225
v 0.149237 3.118441 -1.156130
v 0.142990 3.135397 -1.183441
v 0.106998 3.153070 -1.171745
v 0.169139 3.142891 -1.188109
v 0.122516 3.140095 -1.242940
v 0.097221 3.143156 -1.242334
v 0.083953 3.104657 -1.309358
v 0.138939 3.154466 -1.246902
v 0.193803 3.189023 -1.183743
v 0.151036 3.170820 -1.251711
v 0.120473 3.139556 -1.306824
v 0.127825 3.168144 -1.302967
v 0.101074 3.100682 -1.332518
v 0.055739 3.078812 -1.356805
v 0.106415 3.133222 -1.363146
v 0.152692 3.215792 -1.270616
v 0.121319 3.212183 -1.318995
v 0.279417 3.266737 -1.114626
v 0.210977 3.250768 -1.226004
v 0.320136 3.336427 -1.016276
v 0.247841 3.328751 -1.170161
v 0.290713 3.341077 -1.091477
v 0.340042 3.392816 -0.947604
v 0.294197 3.441902 -1.046595
v 0.263956 3.418285 -1.107480
v 0.372484 3.409627 -0.812132
v 0.328027 3.528597 -0.735840
v 0.310790 3.512070 -0.908654
v 0.259714 3.610821 -0.687699
v 0.267089 3.595737 -0.885378
v 0.312033 3.462964 -0.975606
v 0.192284 3.656832 -0.655232
v 0.112944 3.625000 -0.393670
v 0.274593 3.542964 -0.981301
v 0.080625 3.683342 -0.632504
v 0.267771 3.571091 -0.965373
v 0.263207 3.542425 -1.013137
v 0.270024 3.592609 -1.020390
v 0.242974 3.622093 -0.973124
v 0.222209 3.641840 -0.880207
v 0.157740 3.676503 -0.878466
v 0.199647 3.654012 -1.007975
v 0.268004 3.634015 -1.066484
v 0.064318 3.702406 -0.888026
v 0.108436 3.662786 -1.039096
v 0.250658 3.654878 -1.103500
v -0.000000 3.693108 -0.892191
v 0.152592 3.648852 -1.051226
v 0.046992 3.669808 -1.049506
v 0.137815 3.623633 -1.105700
v 0.088303 3.617126 -1.139012
v 0.218968 3.658430 -1.120795
v 0.187678 3.645242 -1.120110
v 0.220140 3.642596 -1.116417
v 0.246001 3.639208 -1.098243
v 0.196714 3.633971 -1.113549
v 0.257699 3.621635 -1.069064
v 0.212993 3.630491 -1.066656
v 0.256422 3.588446 -1.032782
v 0.161332 3.611476 -1.113127
v 0.217154 3.550756 -1.069824
v 0.208882 3.586709 -1.063765
v 0.176472 3.601147 -1.104349
v 0.151984 3.595425 -1.120843
v 0.203109 3.499056 -1.120857
v 0.141245 3.551998 -1.173725
v 0.222617 3.403746 -1.180014
v 0.188534 3.457453 -1.188883
v 0.052664 3.544292 -1.233160
v 0.140811 3.487154 -1.241395
v 0.173747 3.413771 -1.249346
v 0.195241 3.376047 -1.222448
v 0.193096 3.309625 -1.246871
v 0.171735 3.367095 -1.241051
v 0.151413 3.263931 -1.278598
v 0.166119 3.322855 -1.255011
v 0.118134 3.263175 -1.297816
v 0.137065 3.303907 -1.268835
v 0.148988 3.335421 -1.253594
v 0.111082 3.303098 -1.279849
v 0.124439 3.320771 -1.265228
v 0.102329 3.238239 -1.335246
v 0.102716 3.324660 -1.272216
v 0.086996 3.301900 -1.311013
v 0.086671 3.327548 -1.286933
v 0.120918 3.338940 -1.263950
v 0.089420 3.338993 -1.275851
v 0.104494 3.339445 -1.264416
v 0.137448 3.347155 -1.257546
v 0.092348 3.346107 -1.265427
v 0.153990 3.362422 -1.245584
v 0.081126 3.347762 -1.273175
v 0.147042 3.377486 -1.252392
v 0.067433 3.353542 -1.282570
v 0.159814 3.392999 -1.257768
v 0.142512 3.360285 -1.250527
v 0.138319 3.426539 -1.275018
v 0.127448 3.386068 -1.266580
v 0.061379 3.468913 -1.276533
v 0.133241 3.405767 -1.278646
v 0.090794 3.419224 -1.292979
v 0.141789 3.370445 -1.256936
v 0.104718 3.386727 -1.277172
v 0.127253 3.376143 -1.265911
v 0.135456 3.366137 -1.254771
v 0.098911 3.402273 -1.292837
v 0.108309 3.377111 -1.267480
v 0.067524 3.392469 -1.301265
v 0.079893 3.377082 -1.281402
v 0.086436 3.370123 -1.267043
v 0.023912 3.434298 -1.287353
v 0.054643 3.369733 -1.291448
v 0.020167 3.531630 -1.238322
v 0.029633 3.400184 -1.298600
v 0.031571 3.623633 -1.135028
v 0.036980 3.378906 -1.298428
v -0.000000 3.665823 -1.044431
v -0.000000 3.618733 -1.131071
v -0.000000 3.524554 -1.237061
v -0.031571 3.623633 -1.135028
v -0.000000 3.427974 -1.283652
v -0.020167 3.531630 -1.238322
v -0.023912 3.434298 -1.287353
v -0.000000 3.400834 -1.295823
v -0.061379 3.468913 -1.276533
v 0.049783 3.353763 -1.303900
v -0.052664 3.544292 -1.233160
v 0.089613 3.351564 -1.267704
v 0.094872 3.364698 -1.266165
v 0.090695 3.351636 -1.264493
v 0.110119 3.372270 -1.262597
v 0.097284 3.363803 -1.259043
v 0.125155 3.371778 -1.261268
v 0.123647 3.369401 -1.254783
v 0.133361 3.365541 -1.252393
v 0.136964 3.361465 -1.253974
v 0.127382 3.355241 -1.254860
v 0.131739 3.353845 -1.259376
v 0.117484 3.347482 -1.261411
v 0.116269 3.348821 -1.256105
v 0.103872 3.348032 -1.261321
v 0.067228 3.337255 -1.290966
v 0.055100 3.324882 -1.326939
v -0.000000 3.338151 -1.329772
v 0.063152 3.286450 -1.370613
v -0.000000 3.369493 -1.312798
v 0.087922 3.257962 -1.350333
v -0.000000 3.294724 -1.374390
v 0.066193 3.220196 -1.423780
v 0.089879 3.190361 -1.400885
v 0.099036 3.175373 -1.389090
v 0.071150 3.196449 -1.449953
v 0.078770 3.158393 -1.416013
v 0.087230 3.136885 -1.409697
v 0.088281 3.107535 -1.382624
v 0.065195 3.131340 -1.435187
v 0.086719 3.081209 -1.361564
v 0.069697 3.115505 -1.429920
v 0.064500 3.067098 -1.383653
v 0.070146 3.081854 -1.402103
v 0.016587 3.057775 -1.405839
v 0.018940 3.069259 -1.382313
v 0.019989 3.096018 -1.450348
v -0.000000 3.067593 -1.400150
v -0.018940 3.069259 -1.382313
v 0.013516 3.065461 -1.423819
v -0.000000 3.067930 -1.421801
v -0.016587 3.057775 -1.405839
v -0.043927 3.067386 -1.375162
v -0.000000 3.093217 -1.452481
v -0.013516 3.065461 -1.423819
v -0.064500 3.067098 -1.383653
v -0.055739 3.078812 -1.356805
v -0.070146 3.081854 -1.402103
v -0.019989 3.096018 -1.450348
v -0.086719 3.081209 -1.361564
v -0.101074 3.100682 -1.332518
v -0.088281 3.107535 -1.382624
v -0.069697 3.115505 -1.429920
v -0.000000 3.109191 -1.461653
v -0.020029 3.112450 -1.459098
v 0.020029 3.112450 -1.459098
v -0.000000 3.168746 -1.513399
v 0.068275 3.168654 -1.466565
v 0.035205 3.169915 -1.497867
v 0.036970 3.200506 -1.483343
v -0.000000 3.199996 -1.488796
v -0.000000 3.228383 -1.445062
v -0.035205 3.169915 -1.497867
v -0.036970 3.200506 -1.483343
v -0.068275 3.168654 -1.466565
v -0.065195 3.131340 -1.435187
v -0.071150 3.196449 -1.449953
v -0.087230 3.136885 -1.409697
v -0.078770 3.158393 -1.416013
v -0.106415 3.133222 -1.363146
v -0.099036 3.175373 -1.389090
v -0.089879 3.190361 -1.400885
v -0.066193 3.220196 -1.423780
v -0.102329 3.238239 -1.335246
v -0.087922 3.257962 -1.350333
v -0.063152 3.286450 -1.370613
v -0.055100 3.324882 -1.326939
v -0.086996 3.301900 -1.311013
v -0.049783 3.353763 -1.303900
v -0.067228 3.337255 -1.290966
v -0.036980 3.378906 -1.298428
v -0.029633 3.400184 -1.298600
v -0.054643 3.369733 -1.291448
v -0.067433 3.353542 -1.282570
v -0.067524 3.392469 -1.301265
v -0.090794 3.419224 -1.292979
v -0.079893 3.377082 -1.281402
v -0.098911 3.402273 -1.292837
v -0.138319 3.426539 -1.275018
v -0.086436 3.370123 -1.267043
v -0.133241 3.405767 -1.278646
v -0.104218 3.388065 -1.278520
v -0.140811 3.487154 -1.241395
v -0.159814 3.392999 -1.257768
v -0.127448 3.386068 -1.266580
v -0.173747 3.413771 -1.249346
v -0.141245 3.551998 -1.173725
v -0.188534 3.457453 -1.188883
v -0.088303 3.617126 -1.139012
v -0.203109 3.499056 -1.120857
v -0.046992 3.669808 -1.049506
v -0.151984 3.595425 -1.120843
v -0.108436 3.662786 -1.039096
v -0.064318 3.702406 -0.888026
v -0.137815 3.623633 -1.105700
v -0.080625 3.683342 -0.632504
v -0.157740 3.676503 -0.878466
v -0.000000 3.678370 -0.618429
v -0.192284 3.656832 -0.655232
v -0.239025 3.595815 -0.417469
v -0.259714 3.610821 -0.687699
v -0.222209 3.641840 -0.880207
v -0.328027 3.528597 -0.735840
v -0.267089 3.595737 -0.885378
v -0.199647 3.654012 -1.007975
v -0.242974 3.622093 -0.973124
v -0.310790 3.512070 -0.908654
v -0.152592 3.648852 -1.051226
v -0.372484 3.409627 -0.812132
v -0.365880 3.280435 -0.893768
v -0.340042 3.392816 -0.947604
v -0.335843 3.163730 -0.933239
v -0.342766 3.105971 -0.863656
v -0.320136 3.336427 -1.016276
v -0.278781 3.074649 -0.949316
v -0.279968 3.030803 -0.892490
v -0.310227 3.226900 -1.009647
v -0.277594 3.118489 -1.006142
v -0.213759 3.021933 -0.969578
v -0.214271 2.974707 -0.904778
v -0.229425 3.152142 -1.115599
v -0.115989 2.952324 -0.963285
v -0.105571 2.910733 -0.892496
v 0.000000 2.910103 -0.957152
v -0.115855 2.970488 -1.040253
v -0.187062 3.065346 -1.060496
v -0.042262 2.951837 -1.110045
v -0.101390 2.980504 -1.110335
v -0.046374 2.964120 -1.180036
v -0.081592 2.973277 -1.184579
v -0.046433 2.949126 -1.224300
v 0.000000 2.936020 -1.238674
v -0.116619 3.014391 -1.227742
v -0.153034 3.073893 -1.126825
v -0.048831 2.924317 -1.293440
v -0.088816 2.963613 -1.281501
v -0.043828 2.928946 -1.317306
v -0.040034 2.947051 -1.311872
v -0.087049 2.979402 -1.293388
v -0.064067 2.978249 -1.289823
v -0.086934 3.023564 -1.251690
v -0.114472 3.032464 -1.240823
v -0.103279 3.086388 -1.162885
v -0.138683 3.095128 -1.142125
v -0.149237 3.118441 -1.156130
v -0.185380 3.120001 -1.151333
v -0.142990 3.135397 -1.183441
v -0.169139 3.142891 -1.188109
v -0.193803 3.189023 -1.183743
v -0.122516 3.140095 -1.242940
v -0.138939 3.154466 -1.246902
v -0.120473 3.139556 -1.306824
v -0.151036 3.170820 -1.251711
v -0.127825 3.168144 -1.302967
v -0.152692 3.215792 -1.270616
v -0.121319 3.212183 -1.318995
v -0.118134 3.263175 -1.297816
v -0.210977 3.250768 -1.226004
v -0.151413 3.263931 -1.278598
v -0.111082 3.303098 -1.279849
v -0.137065 3.303907 -1.268835
v -0.193096 3.309625 -1.246871
v -0.279417 3.266737 -1.114626
v -0.247841 3.328751 -1.170161
v -0.290713 3.341077 -1.091477
v -0.294197 3.441902 -1.046595
v -0.263956 3.418285 -1.107480
v -0.222617 3.403746 -1.180014
v -0.312033 3.462964 -0.975606
v -0.217154 3.550756 -1.069824
v -0.195241 3.376047 -1.222448
v -0.171735 3.367095 -1.241051
v -0.166119 3.322855 -1.255011
v -0.147042 3.377486 -1.252392
v -0.148988 3.335421 -1.253594
v -0.153990 3.362422 -1.245584
v -0.124439 3.320771 -1.265228
v -0.137448 3.347155 -1.257546
v -0.102716 3.324660 -1.272216
v -0.120918 3.338940 -1.263950
v -0.086671 3.327548 -1.286933
v -0.081126 3.347762 -1.273175
v -0.089420 3.338993 -1.275851
v -0.104494 3.339445 -1.264416
v -0.092348 3.346107 -1.265427
v -0.089613 3.351564 -1.267704
v -0.117484 3.347482 -1.261411
v -0.103872 3.348032 -1.261321
v -0.090695 3.351636 -1.264493
v -0.131739 3.353845 -1.259376
v -0.136964 3.361465 -1.253974
v -0.092385 3.349687 -1.258253
v -0.092101 3.353990 -1.252548
v -0.097284 3.363803 -1.259043
v -0.098011 3.362788 -1.254702
v -0.094872 3.364698 -1.266165
v -0.110119 3.372270 -1.262597
v -0.123647 3.369401 -1.254783
v -0.108553 3.376462 -1.266822
v -0.127253 3.376143 -1.265911
v -0.125155 3.371778 -1.261268
v -0.135456 3.366137 -1.254771
v -0.141789 3.370445 -1.256936
v -0.142512 3.360285 -1.250527
v 0.000000 0.890104 0.834326
v 0.056317 0.727934 0.604967
v 0.081216 0.736840 0.431049
v 0.102322 0.803314 0.300933
v 0.000000 0.922018 0.123709
v 0.141338 0.936460 0.123086
v 0.000000 1.145051 -0.072333
v 0.325335 1.031642 0.136335
v 0.459618 1.106764 0.268755
v 0.144542 1.142754 -0.074077
v 0.497378 1.307850 0.052294
v 0.351035 1.207114 -0.032310
v 0.665504 1.598879 0.399862
v 0.655237 1.439238 0.193378
v 0.666000 1.725740 0.243097
v 0.627826 1.607229 0.020467
v 0.518571 1.483972 -0.202806
v 0.679990 1.715958 -0.194388
v 0.773444 2.077688 -0.227458
v 0.309074 1.400630 -0.351223
v 0.517413 1.655873 -0.378592
v 0.695813 1.972534 -0.452298
v 0.139506 1.354730 -0.406788
v 0.300538 1.613951 -0.520944
v 0.120519 1.568750 -0.574685
v 0.508275 1.946505 -0.608469
v 0.280261 1.953583 -0.708978
v 0.096523 1.967839 -0.744513
v 0.069764 2.215347 -0.769923
v 0.284685 2.169314 -0.758715
v 0.076029 2.236652 -0.788205
v 0.479491 2.165057 -0.641442
v 0.290634 2.181691 -0.810775
v 0.598912 2.227358 -0.548009
v 0.492509 2.178540 -0.739182
v 0.635903 2.252571 -0.647157
v 0.719502 2.264764 -0.393114
v 0.881595 2.457950 -0.297735
v 0.752728 2.391793 -0.463060
v 0.751999 2.413175 -0.571074
v 0.992341 2.484979 -0.437922
v 0.967966 2.545142 -0.536807
v 0.638307 2.326437 -0.720843
v 0.735736 2.449729 -0.634028
v 0.502044 2.244210 -0.827122
v 0.294362 2.241897 -0.856863
v 0.472265 2.404815 -0.840234
v 0.081973 2.277340 -0.813458
v 0.270236 2.380697 -0.863733
v 0.076374 2.395543 -0.801890
v 0.080434 2.540308 -0.761558
v 0.000000 2.684288 -0.731056
v 0.238134 2.563058 -0.801111
v 0.082317 2.701244 -0.731599
v 0.000000 2.743999 -0.724631
v 0.202672 2.719131 -0.744791
v 0.080424 2.744418 -0.721826
v 0.420822 2.586262 -0.815437
v 0.084882 2.813604 -0.760071
v 0.000000 2.832536 -0.806840
v 0.193807 2.764106 -0.710460
v 0.340404 2.760556 -0.727626
v 0.095152 2.869142 -0.821707
v 0.105571 2.910733 -0.892496
v 0.194621 2.842685 -0.746451
v 0.199435 2.900366 -0.822983
v 0.214271 2.974707 -0.904778
v 0.278529 2.950591 -0.787855
v 0.288760 2.878487 -0.707468
v 0.379440 3.022424 -0.754962
v 0.317274 2.799305 -0.674848
v 0.427515 2.949176 -0.684938
v 0.486905 3.106029 -0.747561
v 0.499157 2.867518 -0.674165
v 0.577610 3.035813 -0.697418
v 0.566436 3.254425 -0.632237
v 0.404788 3.447760 -0.603143
v 0.531089 3.357340 -0.415637
v 0.323629 3.549866 -0.472999
v 0.665469 3.188378 -0.557903
v 0.428748 3.450031 -0.258152
v 0.239025 3.595815 -0.417469
v 0.640060 3.282942 -0.323810
v 0.641866 2.970456 -0.632872
v 0.731475 3.159284 -0.509669
v 0.297405 3.499580 -0.179739
v 0.546471 3.325531 -0.094589
v 0.118532 3.471536 -0.148763
v 0.377811 3.393484 0.041239
v 0.132948 3.355511 0.089249
v 0.439940 3.239587 0.233206
v 0.141647 3.205993 0.310300
v 0.627041 3.198465 0.037145
v 0.154364 2.952040 0.525177
v 0.517253 3.002729 0.434649
v 0.153548 2.528326 0.585520
v 0.426093 2.588116 0.568169
v 0.140281 2.264807 0.595447
v 0.377418 2.295975 0.602892
v 0.147647 2.046624 0.655051
v -0.000000 1.912151 0.653894
v 0.334939 2.053338 0.628639
v 0.150988 1.932483 0.719918
v -0.000000 1.801656 0.719460
v 0.335081 1.905813 0.650218
v 0.564388 2.010678 0.502193
v 0.138256 1.820097 0.788269
v -0.000000 1.623186 0.879431
v 0.121585 1.655683 0.917854
v 0.312103 1.784467 0.692850
v 0.542327 1.595137 0.708702
v 0.503301 1.728666 0.575402
v 0.667155 1.473746 0.497377
v 0.490634 1.832033 0.483863
v 0.730765 1.953737 0.334620
v 0.781585 1.920100 0.220782
v 0.757895 1.808950 0.038942
v 0.812274 2.243729 0.312871
v 0.846915 2.164306 0.061414
v 0.649832 2.293788 0.545743
v 0.716615 2.572802 0.429241
v 0.838088 2.520565 0.228961
v 0.730332 2.897180 0.290538
v 0.950538 2.534657 0.021040
v 1.031186 2.398195 -0.246090
v 0.823533 2.932124 0.199284
v 1.076587 2.502353 0.054748
v 1.002302 2.675586 0.111116
v 1.158835 2.372097 0.049012
v 1.213396 2.207505 -0.146070
v 1.202556 2.688310 0.162969
v 1.254383 2.267411 0.066245
v 1.304948 2.561896 0.220492
v 1.430121 2.449719 0.214054
v 1.370408 2.188879 0.061210
v 1.464585 2.714634 0.085422
v 1.552988 2.327358 0.154563
v 1.478271 2.159994 0.079047
v 1.536205 2.071728 0.054294
v 1.478482 2.027271 -0.135495
v 1.661307 2.275615 0.167780
v 1.744532 2.176330 0.168614
v 1.704142 2.459627 0.076611
v 1.895657 2.298719 0.072822
v 2.026342 2.189522 0.070470
v 1.784787 2.408470 0.102345
v 1.804939 2.401178 -0.112107
v 1.873313 2.347146 -0.154256
v 1.901606 2.182071 -0.362241
v 1.739380 2.485200 -0.153662
v 1.773121 2.313670 -0.323604
v 1.724361 2.353665 -0.320227
v 1.634468 2.192022 -0.368024
v 1.723339 2.073538 -0.441295
v 1.664243 2.414628 -0.323752
v 1.594011 2.082165 -0.296957
v 1.591041 2.251331 -0.371194
v 1.509421 2.133738 -0.388625
v 1.518015 2.317321 -0.420824
v 1.516453 2.043489 -0.213621
v 1.564732 1.919137 -0.246167
v 1.535272 1.885182 -0.130952
v 1.422016 2.085929 -0.128947
v 1.438632 2.076141 -0.260639
v 1.310695 2.140206 -0.133211
v 1.328749 2.123693 -0.326266
v 1.420253 2.206220 -0.443761
v 1.197496 2.211658 -0.356190
v 1.115568 2.296281 -0.183485
v 1.431141 2.415546 -0.426889
v 1.097536 2.338140 -0.381503
v 1.286566 2.314433 -0.474876
v 1.164046 2.441008 -0.487580
v 1.072548 2.564678 -0.516500
v 1.324795 2.535206 -0.432847
v 1.207153 2.627393 -0.519385
v 0.962992 2.584625 -0.654551
v 1.440502 2.604577 -0.337539
v 1.508040 2.501309 -0.301241
v 1.597589 2.597495 -0.164349
v 1.478384 2.681143 -0.160453
v 1.594927 2.596890 0.071994
v 1.374245 2.759194 -0.408493
v 1.435455 2.875319 -0.144774
v 1.364040 2.819295 0.077844
v 1.347142 3.003913 -0.163703
v 1.114483 2.798655 0.150029
v 1.283839 2.954512 0.083015
v 0.974842 2.964650 0.185501
v 1.090765 3.094945 0.080610
v 1.141661 3.174545 -0.158864
v 1.271816 2.915796 -0.467549
v 0.949769 3.127095 0.049792
v 0.979293 3.227410 -0.170339
v 1.050118 3.092403 -0.480164
v 0.801147 3.155284 0.037020
v 0.806695 3.229124 -0.191475
v 0.696369 3.240944 -0.224314
v 0.818156 3.152108 -0.467075
v 0.943498 3.140764 -0.479004
v 0.759116 2.914444 -0.672952
v 0.949510 2.853031 -0.662996
v 0.643467 2.846156 -0.704501
v 0.864095 2.692268 -0.724988
v 1.094752 2.716265 -0.642791
v 0.662921 2.600094 -0.759516
v 0.515251 2.810182 -0.730829
v 0.656494 2.501119 -0.733554
v 0.564085 2.590518 -0.796710
v 0.600653 2.457487 -0.765570
v 0.529910 0.024243 0.577049
v 0.544930 -0.022942 0.742762
v 0.521504 0.007259 0.754675
v 0.550387 0.015329 0.816139
v 0.500304 0.052670 0.756979
v 0.492670 0.092081 0.619596
v 0.532409 0.057791 0.823500
v 0.602294 0.026632 0.876639
v 0.503099 0.101729 0.780034
v 0.587755 0.083042 0.881185
v 0.493906 0.131958 0.781937
v 0.578265 0.126293 0.875436
v 0.560351 0.173083 0.860691
v 0.468241 0.190277 0.799626
v 0.427234 0.263349 0.660278
v 0.733170 0.194823 0.893288
v 0.440229 0.281638 0.806364
v 0.548234 0.246542 0.898401
v 0.432935 0.411017 0.781505
v 0.401713 0.388710 0.648271
v 0.516818 0.320262 0.898948
v 0.359524 0.456707 0.778985
v 0.364961 0.440985 0.635985
v 0.315518 0.488927 0.616950
v 0.497569 0.447836 0.855418
v 0.298665 0.507348 0.805755
v 0.473307 0.506137 0.889053
v 0.686022 0.499524 0.897648
v 0.740413 0.372975 0.922333
v 0.746541 0.280716 0.920889
v 0.872284 0.366575 0.813743
v 0.879197 0.263748 0.818050
v 0.851158 0.502164 0.813948
v 0.677568 0.557749 0.929863
v 0.905393 0.500000 0.606433
v 0.856535 0.571597 0.818607
v 0.881202 0.559585 0.595290
v 0.901496 0.352541 0.605741
v 0.823942 0.478973 0.432440
v 0.860174 0.642044 0.582983
v 0.817389 0.537103 0.400708
v 0.826577 0.345117 0.429862
v 0.860295 0.666080 0.835298
v 0.639892 0.442985 0.376801
v 0.825260 0.259882 0.442768
v 0.823565 0.605072 0.390956
v 0.665008 0.330411 0.366676
v 0.615878 0.563138 0.292277
v 0.811362 0.709613 0.357401
v 0.626391 0.494703 0.340156
v 0.883700 0.775833 0.567591
v 0.405675 0.504642 0.412641
v 0.861297 0.795885 0.852793
v 0.587542 0.654931 0.238409
v 0.437734 0.446591 0.456419
v 0.354225 0.604583 0.422591
v 0.237969 0.548849 0.594075
v 0.465228 0.404084 0.475222
v 0.503380 0.284568 0.461523
v 0.451456 0.188963 0.660797
v 0.518089 0.216362 0.453531
v 0.478044 0.126441 0.635893
v 0.681630 0.245722 0.351297
v 0.532661 0.142570 0.447161
v 0.701218 0.179690 0.341918
v 0.538587 0.108059 0.429957
v 0.507689 0.061715 0.587451
v 0.594755 0.133244 0.362643
v 0.544513 0.073550 0.412754
v 0.575097 -0.000429 0.410686
v 0.563977 -0.008954 0.575647
v 0.550497 0.036407 0.406188
v 0.557620 0.076251 0.361844
v 0.560000 0.032680 0.348267
v 0.588140 -0.014817 0.349167
v 0.595087 0.122837 0.332386
v 0.572945 0.025106 0.277914
v 0.572957 0.077743 0.278516
v 0.597391 0.037087 0.204135
v 0.663704 0.038032 0.165487
v 0.596941 0.084355 0.209115
v 0.728036 0.029743 0.161868
v 0.731082 -0.017065 0.196498
v 0.658875 0.089225 0.174798
v 0.729391 0.093359 0.165694
v 0.798434 0.031474 0.162374
v 0.797954 -0.020763 0.197454
v 0.872749 -0.017084 0.208197
v 0.590115 0.106658 0.267950
v 0.717782 0.137667 0.232318
v 0.711040 0.148186 0.286916
v 0.799431 0.095406 0.171413
v 0.863141 0.140703 0.267614
v 0.706809 0.161268 0.322589
v 0.851889 0.142034 0.361577
v 0.847481 0.157801 0.407148
v 0.840880 0.181666 0.431654
v 0.906622 0.130103 0.414527
v 0.905367 0.249982 0.610215
v 0.902302 0.130878 0.478739
v 0.901978 0.160192 0.610315
v 0.868094 0.190849 0.815309
v 0.913578 0.141786 0.612984
v 0.801394 0.147640 0.880147
v 0.873468 0.153699 0.820049
v 0.955718 0.091268 0.481618
v 0.730660 0.143110 0.903940
v 0.737321 0.089202 0.919171
v 0.837988 0.093399 0.878256
v 0.744053 0.033711 0.920945
v 0.835264 0.036251 0.882142
v 0.898453 0.089551 0.819050
v 0.893794 0.033270 0.816317
v 0.948512 0.086445 0.635504
v 0.951540 0.031366 0.637662
v 0.931169 -0.009874 0.636730
v 0.971299 0.035904 0.492354
v 0.960353 0.090710 0.429497
v 0.975156 0.027736 0.426408
v 0.957308 -0.013671 0.418582
v 0.987557 0.026370 0.358606
v 0.967382 -0.020437 0.351744
v 0.972581 0.091452 0.349276
v 0.979987 0.032286 0.279690
v 0.929258 -0.009278 0.240972
v 0.928634 0.129223 0.329040
v 0.974259 0.089037 0.273132
v 0.931159 0.100692 0.226348
v 0.887578 0.098802 0.195054
v 0.944171 0.056553 0.217481
v 0.881031 0.039820 0.175786
v 0.948509 0.041840 0.214524
v 2.149384 1.219703 -0.074262
v 2.071956 1.296864 -0.162791
v 2.007182 1.370036 -0.158885
v 2.028890 1.275905 -0.272943
v 1.790909 1.532983 -0.135325
v 1.965329 1.349397 -0.275895
v 1.623942 1.691285 -0.107751
v 1.774644 1.569874 -0.284749
v 1.631299 1.759717 -0.277782
v 1.704570 1.812125 -0.410526
v 1.652245 2.012839 -0.291405
v 1.844173 1.590182 -0.428065
v 1.849015 1.898709 -0.491355
v 2.027644 1.360201 -0.395220
v 2.006003 1.664862 -0.467263
v 2.057236 2.017826 -0.430328
v 2.192577 2.092197 -0.188781
v 2.032941 2.243438 -0.159550
v 2.208669 1.745586 -0.436664
v 2.298690 1.789148 -0.301043
v 2.168445 1.418337 -0.443142
v 2.306082 1.476073 -0.375797
v 2.062946 1.269101 -0.383780
v 2.216184 1.307597 -0.421133
v 2.031388 1.165722 -0.266574
v 2.259662 1.201005 -0.410417
v 2.001277 1.090026 -0.272262
v 2.070409 1.149115 -0.400168
v 2.020860 1.016335 -0.239327
v 2.093213 1.005893 -0.160255
v 2.038673 1.051681 -0.381601
v 2.037575 0.884037 -0.178220
v 2.046720 0.983163 -0.329382
v 2.054368 0.844422 -0.246800
v 2.074791 0.849673 -0.143320
v 2.095727 0.803735 -0.196747
v 2.138773 0.794995 -0.083981
v 2.170357 0.759765 -0.106196
v 2.207276 0.780149 -0.145969
v 2.236894 0.821140 -0.117172
v 2.201450 0.866220 -0.192138
v 2.154945 0.811915 -0.225955
v 2.128967 0.846024 -0.277769
v 2.201428 0.974909 -0.253945
v 2.152250 0.974859 -0.345188
v 2.158104 1.027867 -0.399488
v 2.204788 1.088602 -0.408718
v 2.292630 1.020986 -0.387685
v 2.259994 0.998406 -0.342410
v 2.326157 1.096733 -0.417662
v 2.399804 1.014032 -0.437330
v 2.356505 1.236393 -0.395664
v 2.423857 1.118898 -0.412750
v 2.414166 0.949731 -0.422506
v 2.349750 0.897126 -0.342277
v 2.487815 1.037758 -0.428512
v 2.429216 0.884551 -0.385576
v 2.502856 0.972628 -0.412452
v 2.445984 0.733383 -0.330537
v 2.501433 0.895005 -0.359823
v 2.535177 0.996906 -0.356328
v 2.428722 0.683825 -0.276981
v 2.518283 0.737246 -0.298099
v 2.399926 0.610794 -0.212686
v 2.348575 0.644771 -0.186926
v 2.477165 0.686824 -0.252517
v 2.447931 0.612395 -0.191076
v 2.381433 0.580500 -0.171015
v 2.517631 0.764384 -0.239652
v 2.360805 0.553286 -0.133357
v 2.334608 0.570529 -0.119731
v 2.418512 0.582363 -0.149447
v 2.379731 0.550256 -0.101792
v 2.400131 0.572834 -0.080416
v 2.426273 0.613142 -0.103470
v 2.376480 0.642468 -0.082573
v 2.457309 0.646873 -0.138822
v 2.487269 0.721033 -0.201080
v 2.504119 0.918589 -0.286663
v 2.462839 0.933462 -0.207900
v 2.526598 0.938295 -0.266150
v 2.552085 1.002174 -0.328816
v 2.556296 0.771066 -0.210681
v 2.524169 1.075042 -0.361699
v 2.600347 0.959294 -0.244143
v 2.476746 1.152837 -0.355360
v 2.594891 1.101238 -0.314927
v 2.412013 1.258580 -0.353702
v 2.612412 1.027961 -0.301742
v 2.348701 1.369160 -0.360345
v 2.470220 1.282710 -0.301613
v 2.541082 1.177383 -0.307784
v 2.386039 1.519608 -0.286503
v 2.422661 1.412017 -0.260190
v 2.429657 1.540920 -0.170903
v 2.324549 1.831453 -0.176039
v 2.501258 1.307317 -0.251627
v 2.181885 2.037638 0.048774
v 2.576070 1.204204 -0.241919
v 2.531190 1.339750 -0.211229
v 2.625532 1.132262 -0.239645
v 2.620000 1.232075 -0.192260
v 2.487782 1.468085 -0.161551
v 2.572054 1.344736 -0.150931
v 2.678217 1.167705 -0.189505
v 2.645361 1.248308 -0.134506
v 2.585708 1.380217 -0.052246
v 2.675430 1.285436 -0.049731
v 2.693767 1.179872 -0.123175
v 2.477492 1.498696 0.014323
v 2.624247 1.273335 0.068973
v 2.429194 1.570286 0.007192
v 2.527780 1.388685 0.045277
v 2.287902 1.790389 0.021098
v 2.347769 1.428700 0.061494
v 2.318375 1.305238 0.084739
v 2.686807 1.217997 0.075008
v 2.654819 1.142656 0.116499
v 2.734830 1.220609 -0.043067
v 2.735192 1.172188 0.057067
v 2.708100 1.100065 0.098773
v 2.636101 1.087450 0.137524
v 2.750018 1.148082 -0.025560
v 2.737415 1.065229 0.019395
v 2.720392 1.119790 -0.076770
v 2.743925 0.941145 0.146916
v 2.710757 0.894385 0.171355
v 2.661850 0.921739 0.184275
v 2.766589 0.905062 0.086931
v 2.680115 0.848908 0.210046
v 2.633740 0.880094 0.222903
v 2.727761 0.862623 0.126044
v 2.687017 0.815858 0.169097
v 2.654876 0.826614 0.230861
v 2.696435 0.888475 0.054215
v 2.628893 0.790797 0.251197
v 2.571856 0.796332 0.241564
v 2.658842 0.799294 0.191493
v 2.602478 0.759130 0.235171
v 2.588138 0.773763 0.193884
v 2.618520 0.794482 0.161703
v 2.586037 0.840823 0.158567
v 2.636077 0.810591 0.137044
v 2.671363 0.855889 0.090518
v 2.670745 1.043833 -0.006769
v 2.653491 1.030376 -0.030929
v 2.640353 0.897030 0.039913
v 2.711811 1.113009 -0.107381
v 2.685472 0.896546 0.017919
v 2.709209 1.100613 -0.161576
v 2.679163 1.010956 -0.103753
v 2.667992 1.072383 -0.210955
v 2.659526 0.834421 0.042614
v 2.622483 0.860498 0.059928
v 2.637545 1.051231 -0.236423
v 2.618640 0.993743 -0.137213
v 2.592010 0.985919 -0.166462
v 2.695839 0.860739 -0.052397
v 2.659023 0.803444 -0.002063
v 2.544116 0.842909 -0.082859
v 2.645583 0.846138 -0.086760
v 2.573476 0.856339 -0.031070
v 2.611707 0.802079 -0.033968
v 2.558806 0.832303 -0.005779
v 2.577239 0.743453 0.022618
v 2.617169 0.742734 0.052563
v 2.558994 0.722575 0.053312
v 2.519686 0.750073 0.072988
v 2.598738 0.722018 0.075286
v 2.631059 0.764712 0.085386
v 2.608978 0.741587 0.108407
v 2.570621 0.773784 0.127014
v 2.569630 0.699911 0.145820
v 2.549844 0.715053 0.151541
v 2.525325 0.705467 0.139429
v 2.552243 0.671351 0.129379
v 2.535369 0.684689 0.092276
v 2.617346 0.820578 -0.117704
v 2.585811 0.766712 -0.079739
v 2.530973 0.803661 -0.057140
v 2.626658 0.783482 -0.186873
v 2.590989 0.731247 -0.134173
v 2.539178 0.731681 -0.165358
v 2.501202 0.669674 -0.097203
v 2.551399 0.668831 -0.070085
v 2.557323 0.711206 -0.024244
v 2.497997 0.733702 0.002340
v 2.522750 0.647607 -0.034396
v 2.478586 0.641910 -0.054891
v 2.435544 0.627791 -0.007207
v 2.527156 0.670552 0.007201
v 2.482463 0.707705 0.025625
v 2.492457 0.629072 0.040973
v 2.476168 0.603820 0.020029
v 2.456276 0.604185 -0.004118
v 1.863262 2.047384 0.202526
v 1.604378 1.918877 0.074286
v 1.721745 1.744751 0.106434
v 1.969338 1.882167 0.195041
v 1.921387 1.578607 0.054310
v 2.132770 1.677688 0.113343
v 2.195458 1.446617 0.016089
v 2.090994 1.399864 -0.020838
v 2.158755 1.336864 -0.047941
v 2.299925 1.493369 0.053017
v 2.253263 1.382782 0.006776
v 0.108459 3.131922 -1.095588
v 0.118627 3.147448 -1.102780
v 0.102279 3.174204 -1.016938
v 0.113571 3.199948 -1.019191
v 0.066598 3.201791 -0.968973
v 0.121690 3.191194 -1.099631
v 0.070021 3.226212 -0.970881
v 0.026190 3.213342 -0.954338
v 0.113601 3.231732 -1.033658
v 0.028121 3.236353 -0.958830
v -0.000000 3.213660 -0.952119
v 0.071262 3.260432 -0.995493
v -0.000000 3.238798 -0.956715
v 0.030607 3.269605 -0.985029
v -0.028121 3.236353 -0.958830
v -0.000000 3.271506 -0.982742
v -0.070021 3.226212 -0.970881
v -0.030607 3.269605 -0.985029
v -0.000000 3.279939 -1.011133
v 0.027279 3.278547 -1.015135
v -0.027279 3.278547 -1.015135
v 0.071305 3.266977 -1.026150
v -0.000000 3.266684 -1.059768
v 0.022491 3.266462 -1.058905
v 0.109620 3.239530 -1.052045
v 0.066127 3.255205 -1.072787
v 0.101393 3.231309 -1.089282
v 0.026922 3.204901 -1.149921
v 0.066960 3.178987 -1.160833
v 0.060424 3.147709 -1.241321
v 0.023627 3.152267 -1.240306
v 0.053184 3.119770 -1.293151
v 0.022416 3.134882 -1.276942
v 0.020875 3.098246 -1.340972
v 0.043927 3.067386 -1.375162
v -0.000000 3.085329 -1.368598
v -0.000000 3.103704 -1.334228
v -0.000000 3.134584 -1.277750
v -0.020875 3.098246 -1.340972
v -0.022416 3.134882 -1.276942
v -0.053184 3.119770 -1.293151
v -0.083953 3.104657 -1.309358
v -0.097221 3.143156 -1.242334
v -0.060424 3.147709 -1.241321
v -0.106998 3.153070 -1.171745
v -0.023627 3.152267 -1.240306
v -0.066960 3.178987 -1.160833
v -0.000000 3.152632 -1.238658
v -0.000000 3.194794 -1.164533
v -0.026922 3.204901 -1.149921
v -0.022491 3.266462 -1.058905
v -0.066127 3.255205 -1.072787
v -0.071305 3.266977 -1.026150
v -0.101393 3.231309 -1.089282
v -0.109620 3.239530 -1.052045
v -0.071262 3.260432 -0.995493
v -0.113601 3.231732 -1.033658
v -0.121690 3.191194 -1.099631
v -0.113571 3.199948 -1.019191
v -0.102279 3.174204 -1.016938
v -0.118627 3.147448 -1.102780
v -0.125812 3.123890 -1.147225
v -0.108459 3.131922 -1.095588
v -0.117420 3.102717 -1.141892
v -0.042173 3.003625 -1.258997
v -0.025311 3.003023 -1.263997
v -0.031082 3.011022 -1.282690
v -0.045508 3.011407 -1.278641
v -0.036819 3.018092 -1.299966
v -0.056954 2.985870 -1.263450
v -0.048639 3.018482 -1.296216
v -0.058752 2.997416 -1.282589
v -0.053804 2.979887 -1.292834
v -0.050525 2.968086 -1.274549
v -0.033728 2.968344 -1.279525
v -0.059933 3.005323 -1.300571
v -0.050016 3.025278 -1.309441
v -0.059894 3.016542 -1.315047
v -0.056332 2.993888 -1.309304
v -0.050728 3.032921 -1.321667
v -0.057451 3.006494 -1.323139
v -0.039342 2.979012 -1.296898
v -0.044426 2.993513 -1.312748
v -0.026182 2.995130 -1.292626
v -0.019031 2.985150 -1.275637
v -0.033064 3.005483 -1.308503
v -0.038458 3.015594 -1.321210
v -0.040666 3.025042 -1.312477
v -0.048001 3.006104 -1.325873
v -0.042352 3.026144 -1.330966
v -0.043697 3.032016 -1.323704
v -0.049881 3.019233 -1.336164
v -0.056805 3.019315 -1.333995
v -0.051198 3.034297 -1.344219
v -0.058089 3.026708 -1.326081
v -0.055378 3.034837 -1.343008
v -0.055916 3.039038 -1.337672
v -0.053568 3.050671 -1.349613
v -0.046518 3.038821 -1.340389
v -0.047191 3.042946 -1.335547
v -0.051162 3.053414 -1.347456
v -0.051325 3.053525 -1.350285
v -0.052241 3.050503 -1.349997
v -0.052961 3.053732 -1.349811
v -0.051321 3.042821 -1.334354
v -0.008650 2.996174 -1.299333
v -0.010366 2.998737 -1.308511
v -0.006636 3.000884 -1.318475
v -0.015120 2.987788 -1.300434
v -0.011969 3.001076 -1.316727
v -0.016188 2.992088 -1.309565
v -0.013766 2.983793 -1.313412
v -0.012029 2.979361 -1.304662
v -0.004459 2.979466 -1.307024
v -0.016923 2.994810 -1.318014
v -0.012752 3.003514 -1.322982
v -0.017132 2.999197 -1.325044
v -0.015185 2.989311 -1.321449
v -0.013241 3.006387 -1.328830
v -0.011849 3.010310 -1.335560
v -0.015933 2.994338 -1.328245
v -0.007233 2.983401 -1.315296
v -0.009811 2.989137 -1.323061
v -0.001476 2.991022 -1.314193
v 0.001983 2.987398 -1.306135
v -0.003856 2.998564 -1.310411
v -0.001040 2.995895 -1.301667
v -0.004811 2.994865 -1.321769
v -0.007453 2.998766 -1.327916
v -0.008535 3.003389 -1.324399
v -0.011667 2.994158 -1.329521
v -0.009408 3.003018 -1.332763
v -0.010059 3.005979 -1.329752
v -0.012748 2.999574 -1.334740
v -0.015870 2.999618 -1.333722
v -0.013589 3.005969 -1.339044
v -0.016510 3.003293 -1.330487
v -0.015481 3.006214 -1.338497
v -0.015754 3.008341 -1.336282
v -0.014911 3.013063 -1.342204
v -0.011513 3.008240 -1.337557
v -0.013848 3.014425 -1.341374
v -0.014310 3.012986 -1.342378
v -0.014678 3.014440 -1.342436
v -0.013709 3.010252 -1.334991
v -0.024925 3.001023 -1.293641
v -0.026641 3.003586 -1.302819
v -0.031395 2.992637 -1.294742
v -0.028244 3.005925 -1.311034
v -0.024810 3.008240 -1.318706
v -0.032463 2.996937 -1.303873
v -0.030041 2.988642 -1.307719
v -0.028304 2.984210 -1.298970
v -0.020734 2.984315 -1.301332
v -0.033198 2.999658 -1.312322
v -0.029027 3.008361 -1.317290
v -0.033407 3.004048 -1.319352
v -0.031459 2.994158 -1.315757
v -0.029516 3.011234 -1.323138
v -0.032208 2.999187 -1.322554
v -0.023508 2.988250 -1.309604
v -0.026086 2.993987 -1.317368
v -0.017750 2.995871 -1.308501
v -0.014292 2.992247 -1.300442
v -0.020131 3.003413 -1.304719
v -0.017315 3.000744 -1.295975
v -0.022911 3.005732 -1.312783
v -0.021086 2.999717 -1.316076
v -0.023728 3.003615 -1.322223
v -0.027942 2.999009 -1.323828
v -0.025683 3.007870 -1.327071
v -0.026333 3.010825 -1.324061
v -0.029023 3.004423 -1.329048
v -0.032145 3.004467 -1.328030
v -0.029864 3.010820 -1.333353
v -0.032785 3.008139 -1.324794
v -0.031756 3.011061 -1.332804
v -0.032028 3.013188 -1.330589
v -0.031186 3.017910 -1.336511
v -0.027788 3.013087 -1.331864
v -0.028123 3.015161 -1.329867
v -0.030123 3.019277 -1.335681
v -0.030585 3.017833 -1.336686
v -0.029983 3.015103 -1.329298
v -0.069461 3.141110 -1.250520
v -0.073720 3.133592 -1.239254
v -0.071460 3.131037 -1.246468
v -0.075191 3.123904 -1.236898
v -0.076308 3.139214 -1.259117
v -0.073199 3.121955 -1.242890
v -0.075586 3.116574 -1.234748
v -0.076858 3.128934 -1.253857
v -0.086575 3.130272 -1.252405
v -0.086454 3.140696 -1.256865
v -0.088885 3.143420 -1.248290
v -0.078528 3.120059 -1.249185
v -0.074018 3.115072 -1.239515
v -0.078102 3.112122 -1.244168
v -0.085436 3.120260 -1.247630
v -0.074300 3.108570 -1.235916
v -0.074421 3.102092 -1.229674
v -0.084230 3.111939 -1.243032
v -0.089026 3.132943 -1.245253
v -0.087348 3.122345 -1.241664
v -0.082731 3.134680 -1.237613
v -0.082541 3.145288 -1.239769
v -0.072227 3.144031 -1.242055
v -0.082504 3.124482 -1.235515
v -0.081639 3.115953 -1.233478
v -0.085783 3.113614 -1.238312
v -0.079934 3.108859 -1.231335
v -0.075689 3.109946 -1.232506
v -0.083387 3.106313 -1.234725
v -0.082285 3.105196 -1.238254
v -0.077317 3.101351 -1.229028
v -0.079707 3.099594 -1.231044
v -0.078881 3.098771 -1.233070
v -0.075012 3.093559 -1.227538
v -0.074749 3.093299 -1.228182
v -0.073685 3.092721 -1.227355
v -0.075837 3.099724 -1.233750
v -0.077293 3.106211 -1.239282
v -0.073856 3.101428 -1.231786
v -0.073312 3.094180 -1.227115
v -0.064999 3.058896 -1.215672
v -0.062695 3.056196 -1.222804
v -0.069508 3.066621 -1.221217
v -0.074443 3.056263 -1.211511
v -0.073549 3.073605 -1.226135
v -0.074747 3.077801 -1.234263
v -0.077452 3.064970 -1.217555
v -0.083939 3.059522 -1.221760
v -0.080902 3.050589 -1.216468
v -0.078380 3.048221 -1.223608
v -0.080938 3.071944 -1.223278
v -0.075972 3.079202 -1.230217
v -0.082232 3.079168 -1.228412
v -0.085685 3.068738 -1.226805
v -0.077722 3.084775 -1.234233
v -0.086695 3.076593 -1.231409
v -0.081992 3.057024 -1.227792
v -0.084021 3.066837 -1.231817
v -0.073412 3.059420 -1.231410
v -0.069373 3.050632 -1.227884
v -0.067437 3.064311 -1.227251
v -0.071998 3.071775 -1.231215
v -0.076962 3.068055 -1.234681
v -0.079296 3.075631 -1.237413
v -0.085398 3.075044 -1.235383
v -0.080293 3.082436 -1.239705
v -0.076920 3.083394 -1.237166
v -0.085404 3.082508 -1.238616
v -0.086360 3.083528 -1.235643
v -0.084109 3.090112 -1.241394
v -0.082379 3.084910 -1.232976
v -0.084587 3.090931 -1.239652
v -0.082032 3.091499 -1.237929
v -0.081932 3.097866 -1.243023
v -0.080697 3.090026 -1.241887
v -0.078339 3.090700 -1.240276
v -0.080012 3.097939 -1.243234
v -0.081780 3.097607 -1.243577
v -0.081041 3.098930 -1.243413
v -0.080163 3.098198 -1.242680
v -0.078985 3.091263 -1.238528
v -0.066603 3.035780 -1.247775
v -0.063085 3.041391 -1.258978
v -0.068993 3.042219 -1.255748
v -0.075152 3.029807 -1.249935
v -0.071186 3.048043 -1.262859
v -0.076465 3.037709 -1.257500
v -0.076882 3.030976 -1.264129
v -0.075021 3.022953 -1.257112
v -0.068095 3.022342 -1.260932
v -0.077761 3.043793 -1.264908
v -0.072266 3.052991 -1.268176
v -0.070082 3.057409 -1.274691
v -0.077902 3.050748 -1.270550
v -0.078046 3.039649 -1.270200
v -0.072887 3.058121 -1.273027
v -0.078503 3.047230 -1.275324
v -0.071006 3.029932 -1.267410
v -0.073183 3.038956 -1.272919
v -0.063338 3.035342 -1.265321
v -0.059723 3.027978 -1.259103
v -0.059734 3.034783 -1.251684
v -0.066388 3.047393 -1.265709
v -0.066703 3.042696 -1.271027
v -0.069170 3.049371 -1.275448
v -0.068470 3.052519 -1.270455
v -0.074653 3.046638 -1.277488
v -0.070687 3.055710 -1.278627
v -0.075087 3.054016 -1.280880
v -0.077915 3.054338 -1.279237
v -0.074897 3.061894 -1.283140
v -0.077080 3.056610 -1.274879
v -0.076565 3.062318 -1.282151
v -0.075935 3.063478 -1.279310
v -0.074811 3.070072 -1.283978
v -0.072089 3.062963 -1.281448
v -0.071567 3.064171 -1.278826
v -0.073311 3.070779 -1.282986
v -0.074281 3.069937 -1.284293
v -0.073840 3.070914 -1.282672
v -0.073279 3.064296 -1.277906
v -0.070353 3.076180 -1.186159
v -0.064713 3.074389 -1.191491
v -0.069543 3.080434 -1.198433
v -0.074428 3.081936 -1.193970
v -0.079373 3.070558 -1.185492
v -0.078118 3.087152 -1.200930
v -0.077226 3.090685 -1.209406
v -0.082253 3.077739 -1.193336
v -0.084542 3.070423 -1.198876
v -0.081273 3.063035 -1.191682
v -0.075543 3.061625 -1.196984
v -0.085140 3.083129 -1.200830
v -0.080315 3.091609 -1.206336
v -0.086440 3.089492 -1.207001
v -0.086879 3.078513 -1.205402
v -0.081947 3.096264 -1.211426
v -0.081903 3.101621 -1.218006
v -0.088334 3.085565 -1.211063
v -0.079709 3.068704 -1.203355
v -0.082874 3.077257 -1.209130
v -0.071579 3.073816 -1.203813
v -0.066788 3.066895 -1.197889
v -0.074208 3.085935 -1.204775
v -0.076001 3.080761 -1.209302
v -0.079258 3.087110 -1.213698
v -0.085167 3.084525 -1.214023
v -0.081296 3.093184 -1.217093
v -0.079671 3.095224 -1.213636
v -0.086175 3.091547 -1.218002
v -0.088491 3.092201 -1.215764
v -0.086280 3.099137 -1.221097
v -0.086518 3.094839 -1.212020
v -0.087633 3.099758 -1.219784
v -0.086275 3.101153 -1.217330
v -0.086120 3.107169 -1.222830
v -0.083103 3.100196 -1.220270
v -0.085690 3.106972 -1.223247
v -0.085519 3.108464 -1.222999
v -0.084396 3.107882 -1.222319
v -0.084989 3.108224 -1.223513
v -0.083326 3.101943 -1.216716
v -0.075600 3.093578 -1.155550
v -0.080887 3.101428 -1.160157
v -0.084359 3.090705 -1.150221
v -0.085619 3.108517 -1.164231
v -0.088238 3.099565 -1.155493
v -0.095203 3.094180 -1.158949
v -0.091399 3.085112 -1.154431
v -0.089870 3.083014 -1.161927
v -0.092531 3.106679 -1.160444
v -0.088624 3.114221 -1.167749
v -0.090552 3.118624 -1.174355
v -0.094575 3.114052 -1.165102
v -0.097697 3.103536 -1.163389
v -0.090953 3.119895 -1.171294
v -0.099390 3.111521 -1.167541
v -0.094089 3.091903 -1.165272
v -0.096726 3.101813 -1.168645
v -0.086108 3.094517 -1.169954
v -0.081556 3.085670 -1.167318
v -0.079653 3.099344 -1.166495
v -0.074283 3.091147 -1.163021
v -0.084771 3.106876 -1.169536
v -0.090139 3.103213 -1.172410
v -0.092883 3.110842 -1.174536
v -0.087959 3.112964 -1.171970
v -0.098642 3.110120 -1.171705
v -0.094237 3.117710 -1.176435
v -0.099149 3.117686 -1.174652
v -0.099694 3.118595 -1.171543
v -0.098306 3.125386 -1.177324
v -0.095392 3.119933 -1.169405
v -0.098544 3.126147 -1.175504
v -0.095781 3.126686 -1.174131
v -0.096431 3.133217 -1.178973
v -0.094994 3.125358 -1.178284
v -0.092442 3.126007 -1.176991
v -0.096356 3.132977 -1.179551
v -0.094559 3.133323 -1.179442
v -0.095517 3.134006 -1.180156
v -0.092844 3.126508 -1.175153
v 0.019031 2.985150 -1.275635
v 0.025311 3.003023 -1.263995
v 0.026182 2.995130 -1.292625
v 0.036819 3.018092 -1.299966
v 0.033728 2.968344 -1.279523
v 0.033064 3.005483 -1.308502
v 0.039342 2.979012 -1.296897
v 0.038458 3.015594 -1.321210
v 0.040666 3.025042 -1.312476
v 0.044425 2.993513 -1.312747
v 0.042351 3.026144 -1.330965
v 0.048001 3.006108 -1.325871
v 0.049880 3.019238 -1.336163
v 0.046517 3.038821 -1.340388
v 0.051162 3.053414 -1.347455
v 0.051325 3.053525 -1.350284
v 0.051198 3.034297 -1.344218
v 0.052241 3.050503 -1.349996
v 0.052960 3.053732 -1.349810
v 0.053568 3.050671 -1.349612
v 0.055377 3.034837 -1.343008
v 0.055916 3.039038 -1.337670
v 0.052490 3.053583 -1.347070
v 0.056805 3.019315 -1.333995
v 0.058089 3.026708 -1.326081
v 0.051320 3.042821 -1.334353
v 0.047191 3.042946 -1.335545
v 0.050728 3.032921 -1.321666
v 0.043697 3.032016 -1.323703
v 0.050016 3.025278 -1.309440
v 0.059894 3.016542 -1.315047
v 0.048639 3.018482 -1.296216
v 0.057451 3.006494 -1.323138
v 0.059933 3.005323 -1.300570
v 0.056332 2.993888 -1.309303
v 0.058752 2.997416 -1.282588
v 0.053804 2.979887 -1.292833
v 0.050525 2.968089 -1.274548
v 0.056953 2.985870 -1.263450
v 0.045508 3.011407 -1.278640
v 0.042173 3.003625 -1.258996
v 0.031082 3.011022 -1.282690
v -0.001983 2.987398 -1.306134
v 0.003856 2.998564 -1.310410
v 0.001475 2.991022 -1.314192
v 0.006636 3.000884 -1.318474
v 0.004459 2.979466 -1.307023
v 0.004811 2.994867 -1.321767
v 0.007233 2.983401 -1.315295
v 0.007453 2.998766 -1.327914
v 0.008535 3.003389 -1.324399
v 0.009811 2.989137 -1.323060
v 0.009408 3.003018 -1.332762
v 0.011667 2.994160 -1.329520
v 0.012748 2.999574 -1.334739
v 0.011513 3.008240 -1.337556
v 0.013848 3.014425 -1.341373
v 0.013938 3.014343 -1.342651
v 0.013589 3.005969 -1.339044
v 0.014310 3.012986 -1.342377
v 0.014678 3.014440 -1.342435
v 0.014911 3.013063 -1.342203
v 0.015481 3.006214 -1.338496
v 0.015753 3.008341 -1.336280
v 0.015870 2.999618 -1.333721
v 0.016510 3.003293 -1.330486
v 0.013708 3.010252 -1.334989
v 0.011848 3.010310 -1.335559
v 0.013241 3.006387 -1.328829
v 0.010058 3.005979 -1.329752
v 0.012752 3.003514 -1.322981
v 0.017132 2.999197 -1.325044
v 0.011969 3.001078 -1.316726
v 0.015933 2.994338 -1.328245
v 0.016923 2.994810 -1.318013
v 0.015184 2.989311 -1.321448
v 0.016188 2.992088 -1.309564
v 0.013766 2.983793 -1.313412
v 0.012028 2.979361 -1.304662
v 0.015120 2.987788 -1.300433
v 0.010366 2.998737 -1.308510
v 0.008650 2.996174 -1.299333
v 0.001040 2.995895 -1.301666
v 0.014292 2.992247 -1.300442
v 0.017315 3.000744 -1.295974
v 0.020130 3.003413 -1.304717
v 0.017750 2.995871 -1.308499
v 0.020734 2.984315 -1.301332
v 0.021086 2.999717 -1.316075
v 0.023508 2.988250 -1.309602
v 0.023728 3.003615 -1.322222
v 0.024810 3.008240 -1.318706
v 0.026086 2.993987 -1.317367
v 0.025683 3.007870 -1.327070
v 0.026333 3.010825 -1.324059
v 0.027941 2.999009 -1.323827
v 0.029022 3.004423 -1.329047
v 0.027788 3.013087 -1.331864
v 0.028123 3.015161 -1.329867
v 0.030213 3.019195 -1.336958
v 0.029864 3.010820 -1.333352
v 0.030585 3.017833 -1.336685
v 0.030953 3.019286 -1.336743
v 0.031185 3.017910 -1.336510
v 0.031756 3.011061 -1.332803
v 0.032028 3.013188 -1.330588
v 0.030724 3.019353 -1.335506
v 0.032145 3.004467 -1.328029
v 0.032785 3.008139 -1.324793
v 0.030123 3.019277 -1.335680
v 0.029983 3.015103 -1.329297
v 0.029516 3.011234 -1.323138
v 0.029027 3.008365 -1.317289
v 0.033406 3.004048 -1.319351
v 0.028244 3.005925 -1.311033
v 0.022911 3.005732 -1.312781
v 0.032208 2.999187 -1.322553
v 0.033198 2.999658 -1.312321
v 0.031459 2.994160 -1.315756
v 0.032463 2.996937 -1.303872
v 0.030041 2.988642 -1.307719
v 0.028303 2.984210 -1.298970
v 0.031394 2.992637 -1.294740
v 0.026640 3.003586 -1.302817
v 0.024925 3.001023 -1.293641
v 0.082540 3.145293 -1.239767
v 0.073720 3.133592 -1.239252
v 0.082730 3.134680 -1.237613
v 0.088884 3.143425 -1.248289
v 0.082504 3.124482 -1.235514
v 0.089026 3.132943 -1.245253
v 0.081639 3.115953 -1.233477
v 0.087348 3.122345 -1.241663
v 0.079934 3.108859 -1.231334
v 0.075688 3.109946 -1.232505
v 0.085783 3.113614 -1.238310
v 0.083387 3.106313 -1.234723
v 0.077317 3.101351 -1.229026
v 0.073312 3.094184 -1.227114
v 0.079706 3.099594 -1.231043
v 0.075011 3.093559 -1.227537
v 0.074749 3.093299 -1.228182
v 0.078881 3.098771 -1.233069
v 0.075837 3.099724 -1.233749
v 0.082285 3.105196 -1.238252
v 0.077293 3.106216 -1.239281
v 0.074007 3.093044 -1.226561
v 0.073856 3.101428 -1.231785
v 0.074421 3.102092 -1.229672
v 0.074300 3.108570 -1.235914
v 0.074018 3.115072 -1.239514
v 0.075586 3.116574 -1.234746
v 0.078102 3.112122 -1.244166
v 0.073199 3.121955 -1.242890
v 0.075191 3.123904 -1.236897
v 0.084230 3.111939 -1.243031
v 0.078528 3.120059 -1.249184
v 0.085436 3.120260 -1.247630
v 0.076858 3.128934 -1.253856
v 0.086575 3.130272 -1.252403
v 0.086453 3.140696 -1.256864
v 0.076308 3.139214 -1.259115
v 0.071460 3.131037 -1.246467
v 0.069461 3.141110 -1.250520
v 0.072227 3.144031 -1.242054
v 0.069373 3.050632 -1.227883
v 0.067437 3.064311 -1.227250
v 0.073412 3.059420 -1.231409
v 0.078380 3.048221 -1.223608
v 0.076962 3.068060 -1.234680
v 0.081992 3.057024 -1.227791
v 0.079296 3.075631 -1.237411
v 0.084020 3.066837 -1.231816
v 0.080293 3.082436 -1.239704
v 0.076919 3.083399 -1.237165
v 0.085398 3.075044 -1.235382
v 0.085404 3.082508 -1.238616
v 0.080697 3.090026 -1.241887
v 0.080012 3.097939 -1.243232
v 0.084109 3.090112 -1.241394
v 0.081780 3.097607 -1.243577
v 0.081931 3.097866 -1.243022
v 0.084586 3.090931 -1.239650
v 0.082032 3.091499 -1.237928
v 0.086360 3.083528 -1.235641
v 0.082379 3.084910 -1.232975
v 0.080854 3.098607 -1.244094
v 0.078985 3.091263 -1.238528
v 0.078339 3.090700 -1.240276
v 0.077722 3.084775 -1.234233
v 0.075972 3.079202 -1.230216
v 0.074747 3.077801 -1.234261
v 0.082232 3.079168 -1.228412
v 0.073548 3.073605 -1.226134
v 0.071998 3.071775 -1.231215
v 0.086695 3.076593 -1.231407
v 0.080937 3.071944 -1.223278
v 0.085685 3.068738 -1.226804
v 0.077452 3.064970 -1.217553
v 0.083939 3.059522 -1.221760
v 0.080902 3.050589 -1.216467
v 0.074442 3.056263 -1.211509
v 0.069508 3.066621 -1.221216
v 0.064999 3.058896 -1.215670
v 0.062695 3.056201 -1.222804
v 0.059723 3.027978 -1.259102
v 0.063337 3.035342 -1.265320
v 0.066388 3.047393 -1.265708
v 0.068095 3.022342 -1.260931
v 0.066703 3.042696 -1.271026
v 0.071005 3.029932 -1.267410
v 0.069170 3.049371 -1.275448
v 0.073183 3.038956 -1.272918
v 0.070687 3.055710 -1.278626
v 0.070082 3.057409 -1.274690
v 0.074653 3.046638 -1.277487
v 0.075087 3.054016 -1.280879
v 0.072088 3.062963 -1.281447
v 0.074897 3.061894 -1.283140
v 0.074281 3.069937 -1.284291
v 0.074811 3.070072 -1.283978
v 0.076565 3.062318 -1.282150
v 0.075934 3.063478 -1.279309
v 0.077915 3.054338 -1.279236
v 0.077079 3.056610 -1.274878
v 0.073310 3.070779 -1.282986
v 0.073279 3.064301 -1.277906
v 0.071567 3.064171 -1.278825
v 0.072887 3.058121 -1.273026
v 0.072266 3.052991 -1.268174
v 0.068470 3.052519 -1.270455
v 0.077902 3.050748 -1.270548
v 0.071186 3.048043 -1.262857
v 0.078503 3.047230 -1.275323
v 0.077760 3.043793 -1.264906
v 0.078045 3.039654 -1.270200
v 0.076464 3.037709 -1.257499
v 0.076881 3.030976 -1.264128
v 0.075021 3.022953 -1.257111
v 0.075152 3.029812 -1.249933
v 0.068993 3.042224 -1.255746
v 0.066603 3.035780 -1.247774
v 0.063085 3.041391 -1.258978
v 0.059734 3.034788 -1.251683
v 0.066787 3.066895 -1.197888
v 0.064713 3.074389 -1.191490
v 0.069543 3.080434 -1.198432
v 0.071578 3.073816 -1.203813
v 0.074208 3.085935 -1.204774
v 0.075543 3.061625 -1.196983
v 0.076001 3.080761 -1.209300
v 0.079709 3.068704 -1.203355
v 0.079257 3.087110 -1.213697
v 0.077226 3.090685 -1.209406
v 0.082873 3.077257 -1.209128
v 0.081296 3.093184 -1.217091
v 0.085167 3.084525 -1.214022
v 0.086175 3.091552 -1.218001
v 0.083103 3.100196 -1.220270
v 0.081903 3.101621 -1.218004
v 0.084396 3.107882 -1.222318
v 0.086280 3.099137 -1.221097
v 0.085690 3.106977 -1.223246
v 0.086120 3.107169 -1.222830
v 0.087633 3.099758 -1.219783
v 0.086274 3.101153 -1.217328
v 0.084826 3.108079 -1.221901
v 0.088491 3.092201 -1.215763
v 0.086518 3.094839 -1.212020
v 0.083326 3.101943 -1.216715
v 0.081947 3.096264 -1.211426
v 0.079671 3.095224 -1.213634
v 0.080315 3.091609 -1.206336
v 0.086440 3.089492 -1.207000
v 0.078118 3.087152 -1.200930
v 0.088334 3.085565 -1.211063
v 0.085140 3.083129 -1.200829
v 0.086879 3.078513 -1.205401
v 0.082252 3.077744 -1.193335
v 0.084542 3.070423 -1.198874
v 0.081273 3.063035 -1.191682
v 0.079373 3.070558 -1.185492
v 0.074427 3.081941 -1.193969
v 0.070353 3.076180 -1.186157
v 0.081556 3.085670 -1.167316
v 0.074282 3.091147 -1.163019
v 0.079653 3.099344 -1.166493
v 0.086108 3.094517 -1.169953
v 0.084771 3.106876 -1.169536
v 0.089870 3.083014 -1.161926
v 0.090139 3.103213 -1.172410
v 0.094089 3.091903 -1.165271
v 0.092883 3.110842 -1.174535
v 0.096725 3.101813 -1.168643
v 0.094237 3.117710 -1.176435
v 0.090552 3.118624 -1.174354
v 0.098642 3.110120 -1.171705
v 0.099149 3.117686 -1.174652
v 0.094994 3.125358 -1.178284
v 0.092441 3.126007 -1.176990
v 0.098306 3.125391 -1.177322
v 0.096356 3.132977 -1.179549
v 0.095610 3.134300 -1.179444
v 0.096431 3.133217 -1.178972
v 0.098544 3.126147 -1.175503
v 0.095781 3.126686 -1.174131
v 0.099694 3.118595 -1.171542
v 0.095392 3.119933 -1.169404
v 0.095517 3.134006 -1.180156
v 0.094559 3.133323 -1.179441
v 0.092844 3.126508 -1.175152
v 0.090953 3.119895 -1.171294
v 0.088624 3.114221 -1.167748
v 0.087959 3.112964 -1.171969
v 0.094575 3.114052 -1.165101
v 0.085619 3.108517 -1.164230
v 0.099390 3.111521 -1.167540
v 0.092531 3.106679 -1.160442
v 0.097697 3.103536 -1.163389
v 0.088238 3.099565 -1.155492
v 0.095202 3.094180 -1.158948
v 0.091399 3.085112 -1.154431
v 0.084359 3.090705 -1.150220
v 0.080887 3.101428 -1.160156
v 0.075600 3.093578 -1.155549
v 2.007021 2.426841 -0.125640
v 1.985608 2.385556 0.071974
v 2.023165 2.426696 -0.126151
v 2.036877 2.420560 -0.126907
v 1.999922 2.376755 0.074961
v 1.973251 2.407079 -0.324898
v 2.038213 2.418705 -0.127047
v 2.050548 2.306035 0.070391
v 1.986005 2.400577 -0.329568
v 1.849302 2.332012 -0.471147
v 1.679346 2.228326 -0.511381
v 2.088982 2.348140 -0.132361
v 2.051845 2.304222 0.070274
v 1.684282 2.221397 -0.525145
v 1.523083 2.115872 -0.460971
v 1.859657 2.324056 -0.478714
v 1.987338 2.398719 -0.329731
v 1.522650 2.105079 -0.472969
v 1.691402 2.211271 -0.533723
v 1.860976 2.322194 -0.478893
v 1.407661 2.014182 -0.328498
v 1.375591 1.988205 -0.129723
v 1.526601 2.092669 -0.480490
v 1.370104 1.973042 -0.130375
v 1.409371 1.999999 -0.333202
v 1.692704 2.209396 -0.533905
v 1.420040 1.992679 0.068315
v 1.543817 2.079857 0.203567
v 1.371080 1.958052 -0.131215
v 1.544091 2.067832 0.214332
v 1.421993 1.978071 0.071350
v 1.709013 2.178365 0.268551
v 1.548464 2.054693 0.220216
v 1.870621 2.294659 0.216444
v 1.970707 2.387060 0.065923
v 1.716603 2.167379 0.275491
v 1.881360 2.285946 0.222369
v 1.998588 2.378616 0.075081
v 1.549751 2.052801 0.220110
v 1.882679 2.284078 0.222263
v 1.717904 2.165500 0.275391
v 1.932876 2.213015 0.218237
v 1.767492 2.094000 0.271560
v 1.934163 2.211194 0.218134
v 2.054570 2.293244 0.067272
v 1.768765 2.092168 0.271462
v 1.938232 2.201279 0.213440
v 1.598718 1.980886 0.216076
v 1.599974 1.979041 0.215972
v 1.774728 2.083616 0.266158
v 1.932757 2.186167 0.189827
v 2.041440 2.272082 0.053278
v 1.780013 2.076250 0.239077
v 1.935968 2.184023 0.192064
v 2.110585 2.195985 0.053522
v 1.782070 2.073276 0.241686
v 1.998446 2.107449 0.194361
v 2.165837 2.125644 0.049474
v 1.625013 1.968017 0.190053
v 2.052257 2.035990 0.192113
v 2.229779 2.042499 0.044495
v 1.840860 1.994146 0.245161
v 2.114021 1.951104 0.189875
v 1.892651 1.921255 0.243561
v 1.680056 1.886443 0.192311
v 1.624135 1.971776 0.187831
v 1.506878 1.896447 0.051000
v 1.607867 1.971786 0.211303
v 1.506883 1.900742 0.049818
v 1.473013 1.902123 0.066529
v 1.482360 1.895749 0.063569
v 1.471769 1.903974 0.066647
v 1.421903 1.882027 -0.136823
v 1.423268 1.976172 0.071229
v 1.420664 1.883880 -0.136686
v 1.372351 1.956151 -0.131356
v 1.460340 1.924133 -0.339594
v 1.410645 1.998100 -0.333362
v 1.459098 1.925983 -0.339438
v 1.527886 2.090780 -0.480664
v 1.576771 2.019005 -0.487284
v 1.742249 2.138103 -0.540836
v 1.578025 2.017164 -0.487453
v 1.743519 2.136274 -0.541014
v 1.911174 2.251350 -0.485709
v 1.912462 2.249533 -0.485884
v 2.037963 2.328118 -0.335902
v 2.039263 2.326309 -0.336060
v 2.090284 2.346330 -0.132497
v 1.916798 2.239198 -0.482563
v 2.092565 2.334871 -0.133179
v 2.042141 2.315090 -0.334442
v 2.076936 2.310967 -0.133982
v 2.045471 2.270583 0.054485
v 2.029841 2.292498 -0.322029
v 2.081238 2.309760 -0.134191
v 2.147279 2.236077 -0.139723
v 2.033805 2.291165 -0.323690
v 1.912753 2.221607 -0.460415
v 1.749783 2.127231 -0.537050
v 1.586171 2.009471 -0.484073
v 1.756723 2.117001 -0.511305
v 1.469833 1.917506 -0.337906
v 1.603863 2.006982 -0.461784
v 1.915831 2.219737 -0.463120
v 1.431835 1.875881 -0.137455
v 1.495183 1.921070 -0.325236
v 1.459685 1.882183 -0.137976
v 1.604594 2.003486 -0.464467
v 1.459325 1.877746 -0.138212
v 1.495090 1.916925 -0.326885
v 1.559120 1.813193 0.049970
v 1.510456 1.794028 -0.143720
v 1.547107 1.834081 -0.336860
v 1.729790 1.812182 0.190037
v 1.607311 1.737996 0.045879
v 1.951352 1.834151 0.242312
v 1.785365 1.722973 0.187756
v 1.558034 1.718578 -0.150283
v 1.660528 1.647362 0.040827
v 1.842646 1.666118 0.158059
v 1.726748 1.595914 0.021647
v 1.610295 1.627576 -0.159110
v 1.996738 1.769357 0.208710
v 2.189319 1.814192 0.150801
v 2.147740 1.877968 0.160029
v 2.255191 1.962850 0.025057
v 1.680107 1.577556 -0.163977
v 1.728000 1.517760 -0.168858
v 1.715212 1.615963 -0.349072
v 1.822679 1.700857 -0.484084
v 1.868597 1.639459 -0.484625
v 1.648127 1.668919 -0.358477
v 1.973929 1.809684 -0.533359
v 2.017628 1.746720 -0.532848
v 1.763916 1.760340 -0.503938
v 1.595156 1.759129 -0.345890
v 1.708837 1.848866 -0.488755
v 1.659300 1.922665 -0.477823
v 1.869177 1.964241 -0.541957
v 1.758624 2.114347 -0.514397
v 1.817474 2.036478 -0.530023
v 1.978389 2.144278 -0.477441
v 1.926992 1.877650 -0.557348
v 2.033066 2.074209 -0.490876
v 2.099166 2.217390 -0.334727
v 2.154637 2.147603 -0.344558
v 2.093848 1.989578 -0.504849
v 2.128554 1.913383 -0.483960
v 2.217602 2.064251 -0.355345
v 2.243801 1.983026 -0.346010
v 2.283960 1.917854 -0.348256
v 2.290311 2.001267 -0.160067
v 2.267635 2.083861 -0.154930
v 2.203043 2.166263 -0.146319
v 2.424769 1.464288 0.113594
v 2.424947 1.471133 0.121054
v 2.532138 1.562570 -0.005941
v 2.281012 1.360839 0.159943
v 2.425123 1.477975 0.128514
v 2.277867 1.365289 0.168475
v 2.134310 1.262516 0.111714
v 2.407084 1.518065 0.145371
v 2.508260 1.608255 0.001016
v 2.274719 1.369741 0.177008
v 2.127769 1.264694 0.119131
v 2.399080 1.521945 0.138194
v 2.497711 1.610122 -0.002964
v 2.014873 1.196296 -0.013759
v 1.979543 1.178198 -0.194913
v 2.121231 1.266870 0.126547
v 2.250060 1.405064 0.196001
v 1.969424 1.178423 -0.194587
v 2.005779 1.196927 -0.009347
v 2.089810 1.297665 0.143319
v 2.003604 1.215868 -0.374901
v 2.115234 1.295651 -0.499662
v 1.959305 1.178651 -0.194262
v 2.108255 1.298594 -0.506382
v 2.258988 1.399100 -0.546013
v 1.994256 1.216941 -0.378650
v 1.969278 1.224641 0.001440
v 2.255331 1.404435 -0.553806
v 2.405693 1.497423 -0.497782
v 2.101274 1.301537 -0.513104
v 2.405428 1.505032 -0.504461
v 2.251675 1.409771 -0.561600
v 2.518327 1.573431 -0.371571
v 2.405163 1.512641 -0.511139
v 2.563775 1.591301 -0.190742
v 2.527053 1.545146 -0.014917
v 2.529594 1.553857 -0.010429
v 2.520615 1.582585 -0.375245
v 2.567089 1.600862 -0.190329
v 2.386249 1.554259 -0.522447
v 2.555304 1.646361 -0.187512
v 2.518813 1.606385 0.004996
v 2.506781 1.627282 -0.380569
v 2.543922 1.647321 -0.187107
v 2.496505 1.628676 -0.375768
v 2.532542 1.648278 -0.186703
v 2.486229 1.630067 -0.370967
v 2.378716 1.557315 -0.514415
v 2.371187 1.560371 -0.506383
v 2.518026 1.661738 -0.185532
v 2.483597 1.624021 -0.003909
v 2.472246 1.643738 -0.367678
v 2.545224 1.696557 -0.184500
v 2.506807 1.654473 0.018157
v 2.505067 1.676013 0.025677
v 2.494144 1.676472 -0.387734
v 2.544673 1.719399 -0.183251
v 2.358526 1.574841 -0.501534
v 2.367255 1.599599 -0.537092
v 2.492013 1.698691 -0.392776
v 2.541688 1.723694 -0.182928
v 2.502086 1.680309 0.025999
v 2.489028 1.702987 -0.392453
v 2.425341 1.891239 -0.170363
v 2.385736 1.847855 0.038565
v 2.372681 1.870534 -0.379888
v 2.422280 1.895645 -0.170033
v 2.382678 1.852260 0.038895
v 2.369620 1.874940 -0.379558
v 2.400091 1.902229 -0.168992
v 2.362630 1.885471 -0.168733
v 2.328200 1.847754 0.012892
v 2.349250 1.882236 -0.371287
v 2.355478 1.899026 -0.167744
v 2.316851 1.867471 -0.350879
v 2.309457 1.880932 -0.350847
v 2.357042 1.906876 -0.167369
v 2.310299 1.888498 -0.353357
v 2.358606 1.914726 -0.166994
v 2.345673 1.933330 -0.165591
v 2.309974 1.894221 0.022735
v 2.302639 1.896095 0.020189
v 2.329916 1.935893 -0.164966
v 2.337795 1.934610 -0.165278
v 2.298245 1.914699 -0.354551
v 2.291102 1.916276 -0.351404
v 2.169812 1.848748 -0.483291
v 2.311141 1.896064 -0.355867
v 2.180505 1.843413 -0.493761
v 2.175159 1.846081 -0.488525
v 2.194281 1.818237 -0.490273
v 2.193345 1.824729 -0.494949
v 2.023575 1.738203 -0.544913
v 2.020603 1.742463 -0.538881
v 2.036463 1.719563 -0.546213
v 1.869254 1.633537 -0.489942
v 1.762614 1.555678 -0.351467
v 1.869908 1.627614 -0.495259
v 1.761611 1.548445 -0.354700
v 1.760610 1.541211 -0.357933
v 1.726455 1.509932 -0.169233
v 1.774025 1.535859 0.014272
v 1.724907 1.502101 -0.169608
v 1.882841 1.609010 -0.496662
v 1.773540 1.522609 -0.359337
v 1.773202 1.528312 0.016764
v 1.888361 1.605126 0.148854
v 1.772377 1.520768 0.019257
v 1.889326 1.598665 0.153454
v 2.040369 1.707003 0.198827
v 1.890293 1.592206 0.158053
v 1.737840 1.483499 -0.171012
v 1.785309 1.502166 0.017853
v 2.043714 1.702137 0.204209
v 2.047059 1.697274 0.209591
v 2.194996 1.811005 0.155431
v 2.295302 1.897972 0.017644
v 2.200675 1.807819 0.160062
v 2.213608 1.789217 0.158658
v 2.322906 1.875619 0.021331
v 2.321886 1.868366 0.018083
v 2.059991 1.678670 0.208187
v 1.903223 1.573602 0.156649
v 2.214252 1.783283 0.153315
v 2.062982 1.674422 0.202089
v 1.908606 1.570957 0.151338
v 2.214900 1.777349 0.147973
v 2.320868 1.861112 0.014836
v 2.065974 1.670173 0.195991
v 2.222790 1.764426 0.145333
v 2.074639 1.657813 0.193100
v 1.913990 1.568310 0.146026
v 1.923449 1.556485 0.143396
v 2.244778 1.767792 0.179824
v 2.361852 1.860340 0.032730
v 2.080239 1.649385 0.232877
v 2.261421 1.756408 0.191243
v 1.912322 1.536843 0.177673
v 2.091001 1.633768 0.246191
v 2.264480 1.752002 0.190913
v 2.094062 1.629361 0.245861
v 2.380829 1.584455 0.178348
v 2.210409 1.461817 0.233295
v 2.383811 1.580159 0.178025
v 2.213393 1.457520 0.232973
v 2.389189 1.561497 0.165933
v 2.378187 1.540696 0.128530
v 2.223888 1.442540 0.219232
v 2.391074 1.525826 0.131017
v 2.230038 1.434083 0.176296
v 2.241199 1.417973 0.179341
v 2.245630 1.411519 0.187671
v 2.089030 1.306563 0.136189
v 2.088250 1.315464 0.129059
v 1.971242 1.235204 -0.002458
v 2.078850 1.332754 0.126593
v 1.973207 1.245766 -0.006357
v 1.920756 1.205561 -0.191617
v 1.923827 1.216558 -0.191119
v 1.957245 1.245537 -0.384125
v 1.926895 1.227556 -0.190622
v 2.068974 1.333858 -0.524500
v 1.959486 1.255624 -0.379243
v 2.225998 1.446857 -0.575129
v 2.068669 1.341932 -0.516420
v 2.222117 1.452360 -0.565898
v 1.961724 1.265710 -0.374361
v 2.068363 1.350008 -0.508342
v 2.218235 1.457861 -0.556665
v 1.953783 1.283576 -0.371030
v 2.207339 1.473514 -0.551237
v 2.059190 1.366902 -0.503468
v 2.198559 1.486536 -0.592551
v 2.033256 1.367578 -0.539254
v 2.361198 1.619440 -0.546756
v 2.187281 1.502876 -0.603931
v 1.915638 1.274602 -0.391477
v 2.016863 1.380240 -0.548982
v 2.184297 1.507174 -0.603609
v 2.358214 1.623735 -0.546433
v 2.013879 1.384536 -0.548659
v 2.241866 1.791280 -0.533868
v 2.067947 1.674718 -0.591043
v 2.238806 1.795686 -0.533537
v 2.064888 1.679125 -0.590713
v 2.222944 1.805718 -0.519956
v 1.897532 1.552081 -0.536094
v 1.894471 1.556490 -0.535763
v 2.055030 1.693178 -0.575158
v 2.203130 1.798574 -0.484736
v 2.051940 1.697243 -0.534442
v 2.195217 1.811742 -0.485597
v 2.043151 1.709812 -0.535375
v 2.039809 1.714687 -0.540794
v 1.888532 1.605824 -0.492009
v 1.894223 1.602640 -0.487356
v 1.780901 1.520739 -0.356778
v 1.903791 1.590632 -0.486672
v 1.788259 1.518872 -0.354219
v 1.745745 1.482227 -0.171325
v 1.890488 1.574769 -0.522108
v 1.792490 1.500609 0.014659
v 1.753650 1.480956 -0.171639
v 1.799671 1.499052 0.011464
v 1.798379 1.507304 -0.354233
v 1.763952 1.469588 -0.172606
v 1.809730 1.487588 0.009537
v 1.773414 1.482221 -0.375013
v 1.735176 1.440331 -0.173293
v 1.786019 1.460325 0.029004
v 1.773214 1.460634 -0.383415
v 1.917084 1.517206 0.189014
v 1.776275 1.456228 -0.383746
v 1.733609 1.417247 -0.174489
v 1.892623 1.288683 -0.396311
v 1.736670 1.412841 -0.174820
v 1.786270 1.437954 0.035035
v 1.789330 1.433549 0.034705
v 1.853017 1.245295 -0.187385
v 1.895607 1.284386 -0.396633
v 1.920145 1.512800 0.188684
v 1.877224 1.232518 -0.188822
v 2.036492 1.345256 0.176119
v 1.905678 1.266003 0.022140
v 2.039476 1.340959 0.175796
v 1.908662 1.261706 0.021817
v 1.855999 1.240999 -0.187707
v 2.055191 1.329477 0.163773
v 1.928303 1.252605 0.014415
v 1.965129 1.263860 -0.007264
v 1.919353 1.245858 -0.189407
v -1.478394 2.027339 -0.135494
v -1.535182 1.885247 -0.130952
v -1.564642 1.919202 -0.246166
v -1.516364 2.043553 -0.213621
v -1.652155 2.012905 -0.291405
v -1.421929 2.085994 -0.128947
v -1.593924 2.082230 -0.296957
v -1.723252 2.073602 -0.441295
v -1.438544 2.076209 -0.260639
v -1.310607 2.140273 -0.133211
v -1.634379 2.192089 -0.368024
v -1.901520 2.182136 -0.362241
v -1.328661 2.123760 -0.326266
v -1.213309 2.207572 -0.146070
v -1.509333 2.133802 -0.388625
v -1.197408 2.211726 -0.356190
v -1.115480 2.296349 -0.183485
v -1.420164 2.206285 -0.443761
v -1.097449 2.338204 -0.381503
v -1.031098 2.398260 -0.246090
v -1.286477 2.314501 -0.474876
v -0.992253 2.485046 -0.437922
v -1.163958 2.441075 -0.487580
v -1.431053 2.415613 -0.426889
v -1.324707 2.535274 -0.432847
v -1.517928 2.317389 -0.420824
v -1.440414 2.604642 -0.337539
v -1.590955 2.251396 -0.371194
v -1.507953 2.501376 -0.301241
v -1.664156 2.414693 -0.323752
v -1.724272 2.353731 -0.320227
v -1.773032 2.313738 -0.323604
v -1.873224 2.347214 -0.154256
v -2.032854 2.243505 -0.159550
v -1.739291 2.485265 -0.153662
v -1.895568 2.298784 0.072822
v -1.804852 2.401246 -0.112107
v -1.744445 2.176394 0.168614
v -1.604291 1.918944 0.074286
v -1.784701 2.408535 0.102345
v -1.704053 2.459692 0.076610
v -1.661220 2.275682 0.167780
v -1.536119 2.071793 0.054294
v -1.478183 2.160059 0.079047
v -1.552899 2.327423 0.154563
v -1.370320 2.188946 0.061210
v -1.594839 2.596958 0.071994
v -1.254295 2.267479 0.066245
v -1.430034 2.449787 0.214054
v -1.158747 2.372162 0.049012
v -1.304861 2.561961 0.220492
v -1.076499 2.502420 0.054748
v -1.464498 2.714701 0.085422
v -1.202469 2.688376 0.162969
v -0.950450 2.534722 0.021040
v -0.881505 2.458014 -0.297735
v -1.002213 2.675651 0.111116
v -0.846915 2.164306 0.061414
v -0.773444 2.077688 -0.227459
v -0.838088 2.520565 0.228961
v -0.781585 1.920100 0.220782
v -0.812274 2.243729 0.312871
v -0.730765 1.953737 0.334620
v -0.490634 1.832033 0.483863
v -0.665504 1.598879 0.399862
v -0.564388 2.010678 0.502193
v -0.503301 1.728666 0.575402
v -0.667155 1.473746 0.497377
v -0.335081 1.905813 0.650218
v -0.312103 1.784467 0.692850
v -0.344287 1.688226 0.900431
v -0.138256 1.820097 0.788269
v -0.121585 1.655683 0.917854
v -0.150988 1.932483 0.719918
v -0.147647 2.046624 0.655051
v -0.000000 2.021921 0.600059
v 0.000000 2.253227 0.541066
v -0.334939 2.053338 0.628639
v -0.140281 2.264807 0.595447
v 0.000000 2.484945 0.527892
v -0.377418 2.295975 0.602892
v -0.153548 2.528326 0.585520
v 0.000000 2.882176 0.497789
v -0.649832 2.293788 0.545743
v -0.426093 2.588116 0.568169
v -0.154364 2.952040 0.525177
v 0.000000 3.156713 0.273292
v -0.716615 2.572802 0.429241
v -0.517253 3.002729 0.434649
v -0.141647 3.205993 0.310300
v 0.000000 3.293839 0.068171
v -0.730332 2.897180 0.290538
v -0.132948 3.355511 0.089249
v 0.000000 3.430967 -0.136950
v -0.439940 3.239587 0.233206
v -0.118532 3.471536 -0.148763
v 0.000000 3.598750 -0.397601
v -0.112944 3.625000 -0.393670
v -0.377811 3.393484 0.041239
v -0.297405 3.499580 -0.179739
v -0.428748 3.450031 -0.258152
v -0.323629 3.549866 -0.472999
v -0.546471 3.325531 -0.094589
v -0.627041 3.198465 0.037145
v -0.531089 3.357340 -0.415637
v -0.404788 3.447760 -0.603143
v -0.640060 3.282942 -0.323811
v -0.696369 3.240944 -0.224314
v -0.801059 3.155351 0.037020
v -0.823445 2.932192 0.199284
v -0.949682 3.127157 0.049792
v -0.974754 2.964715 0.185501
v -1.114395 2.798720 0.150029
v -1.090677 3.095012 0.080610
v -0.806607 3.229191 -0.191475
v -1.363953 2.819362 0.077844
v -1.283751 2.954576 0.083015
v -1.435368 2.875387 -0.144775
v -0.979205 3.227473 -0.170339
v -1.141573 3.174608 -0.158864
v -1.347054 3.003980 -0.163703
v -1.478297 2.681208 -0.160454
v -1.374157 2.759259 -0.408493
v -1.271729 2.915861 -0.467549
v -1.050031 3.092471 -0.480164
v -0.943409 3.140826 -0.479005
v -0.949422 2.853099 -0.662997
v -0.818068 3.152170 -0.467075
v -0.759028 2.914509 -0.672952
v -0.731475 3.159284 -0.509669
v -0.641866 2.970456 -0.632872
v -0.665469 3.188378 -0.557903
v -0.566436 3.254425 -0.632237
v -0.429858 3.347825 -0.728266
v -0.577610 3.035813 -0.697418
v -0.486905 3.106029 -0.747561
v -0.401354 3.203957 -0.827787
v -0.379440 3.022424 -0.754962
v -0.427515 2.949176 -0.684938
v -0.278529 2.950591 -0.787855
v -0.288760 2.878487 -0.707468
v -0.499157 2.867518 -0.674165
v -0.317274 2.799305 -0.674848
v -0.199435 2.900366 -0.822983
v -0.194621 2.842685 -0.746451
v -0.095152 2.869142 -0.821707
v 0.000000 2.876145 -0.887360
v -0.084882 2.813604 -0.760071
v 0.000000 2.788266 -0.765736
v -0.193807 2.764106 -0.710460
v -0.080424 2.744418 -0.721826
v -0.340404 2.760556 -0.727626
v -0.202672 2.719131 -0.744791
v -0.082317 2.701244 -0.731599
v -0.080434 2.540308 -0.761558
v 0.000000 2.505155 -0.750333
v -0.238134 2.563058 -0.801111
v -0.076374 2.395543 -0.801890
v 0.000000 2.394123 -0.764901
v 0.000000 2.283091 -0.779467
v -0.420822 2.586262 -0.815437
v -0.270236 2.380697 -0.863733
v -0.081973 2.277340 -0.813458
v -0.076029 2.236652 -0.788205
v 0.000000 2.249875 -0.772528
v -0.294362 2.241897 -0.856863
v -0.472265 2.404815 -0.840234
v -0.069764 2.215347 -0.769923
v 0.000000 1.978247 -0.720831
v -0.290634 2.181691 -0.810775
v -0.096523 1.967839 -0.744513
v 0.000000 1.582705 -0.585920
v -0.284685 2.169314 -0.758715
v -0.120519 1.568750 -0.574685
v 0.000000 1.362368 -0.399299
v -0.280261 1.953583 -0.708978
v -0.139506 1.354730 -0.406788
v -0.300538 1.613951 -0.520944
v -0.479491 2.165057 -0.641442
v -0.508275 1.946505 -0.608469
v -0.309074 1.400630 -0.351223
v -0.492509 2.178540 -0.739182
v -0.144542 1.142754 -0.074077
v -0.502044 2.244210 -0.827122
v -0.141338 0.936460 0.123086
v -0.638307 2.326437 -0.720843
v -0.635903 2.252570 -0.647157
v -0.598912 2.227358 -0.548010
v -0.751998 2.413175 -0.571074
v -0.600653 2.457487 -0.765570
v -0.564085 2.590518 -0.796710
v -0.656494 2.501119 -0.733554
v -0.735736 2.449729 -0.634028
v -0.662921 2.600094 -0.759516
v -0.515251 2.810182 -0.730829
v -0.643467 2.846156 -0.704501
v -0.864006 2.692333 -0.724989
v -0.962902 2.584692 -0.654552
v -1.094664 2.716332 -0.642791
v -0.967878 2.545210 -0.536807
v -1.072460 2.564743 -0.516500
v -1.207065 2.627458 -0.519385
v -0.752728 2.391793 -0.463060
v -0.719502 2.264764 -0.393114
v -0.695813 1.972534 -0.452298
v -0.679990 1.715958 -0.194388
v -0.757895 1.808950 0.038942
v -0.517413 1.655873 -0.378592
v -0.627826 1.607229 0.020467
v -0.666000 1.725740 0.243097
v -0.518571 1.483972 -0.202806
v -0.655237 1.439238 0.193378
v -0.351035 1.207114 -0.032310
v -0.497378 1.307850 0.052293
v -0.459618 1.106764 0.268755
v -0.325335 1.031642 0.136335
v -0.292391 0.925126 0.330316
v -0.102322 0.803314 0.300933
v 0.000000 0.789705 0.284251
v -0.081216 0.736840 0.431049
v 0.000000 0.686561 0.428135
v -0.056317 0.727934 0.604967
v 0.000000 0.723465 0.606557
v -0.563977 -0.008954 0.575647
v -0.529910 0.024244 0.577049
v -0.521504 0.007260 0.754674
v -0.507689 0.061715 0.587451
v -0.500304 0.052670 0.756979
v -0.550387 0.015329 0.816139
v -0.532409 0.057791 0.823500
v -0.503099 0.101729 0.780034
v -0.478044 0.126441 0.635893
v -0.602294 0.026632 0.876638
v -0.493906 0.131958 0.781937
v -0.744053 0.033711 0.920945
v -0.468241 0.190278 0.799626
v -0.427234 0.263349 0.660278
v -0.560351 0.173084 0.860691
v -0.578265 0.126293 0.875436
v -0.587755 0.083043 0.881185
v -0.737321 0.089202 0.919171
v -0.730660 0.143111 0.903940
v -0.835264 0.036252 0.882142
v -0.733170 0.194824 0.893287
v -0.893794 0.033271 0.816317
v -0.881589 -0.004327 0.807781
v -0.837988 0.093399 0.878256
v -0.801394 0.147640 0.880147
v -0.898453 0.089552 0.819050
v -0.873468 0.153699 0.820049
v -0.951539 0.031366 0.637662
v -0.931169 -0.009874 0.636730
v -0.948512 0.086445 0.635504
v -0.971299 0.035904 0.492354
v -0.950577 -0.003406 0.476468
v -0.913577 0.141787 0.612984
v -0.975156 0.027736 0.426408
v -0.955718 0.091268 0.481618
v -0.960353 0.090711 0.429497
v -0.987557 0.026370 0.358606
v -0.902302 0.130878 0.478739
v -0.979987 0.032287 0.279690
v -0.972581 0.091452 0.349276
v -0.906622 0.130103 0.414527
v -0.974259 0.089037 0.273132
v -0.901978 0.160192 0.610315
v -0.928634 0.129223 0.329040
v -0.868094 0.190849 0.815309
v -0.905367 0.249983 0.610215
v -0.879197 0.263748 0.818050
v -0.840880 0.181666 0.431654
v -0.847481 0.157801 0.407148
v -0.851889 0.142035 0.361577
v -0.701218 0.179691 0.341918
v -0.706808 0.161268 0.322589
v -0.825260 0.259882 0.442768
v -0.901496 0.352542 0.605741
v -0.681630 0.245722 0.351297
v -0.872284 0.366575 0.813743
v -0.665008 0.330412 0.366676
v -0.746541 0.280717 0.920889
v -0.826577 0.345117 0.429862
v -0.548234 0.246542 0.898401
v -0.740413 0.372975 0.922333
v -0.440229 0.281638 0.806364
v -0.516818 0.320262 0.898947
v -0.432935 0.411017 0.781505
v -0.401713 0.388710 0.648271
v -0.686022 0.499524 0.897648
v -0.359524 0.456707 0.778985
v -0.497569 0.447836 0.855418
v -0.473307 0.506137 0.889053
v -0.298665 0.507348 0.805755
v -0.440955 0.570203 0.928451
v -0.225908 0.593044 0.844159
v -0.141110 0.699234 0.748864
v -0.156142 0.669018 0.593378
v -0.100846 0.732620 0.664467
v -0.180068 0.744982 0.894937
v -0.406806 0.672057 0.978158
v -0.677568 0.557749 0.929863
v -0.680057 0.642361 0.976171
v -0.373016 0.791604 0.996200
v -0.644283 0.746045 1.015211
v -0.130836 0.877776 0.955907
v -0.590223 0.907619 1.084526
v -0.101387 1.009659 1.120830
v -0.345315 0.890140 1.090565
v -0.861297 0.795885 0.852793
v -0.088522 1.141542 1.233623
v -0.860295 0.666081 0.835298
v -0.089835 1.283185 1.212940
v -0.000000 1.265025 1.144196
v -0.856535 0.571597 0.818607
v -0.088839 1.424827 1.127042
v -0.000000 1.406146 1.048023
v -0.298653 1.465090 1.142697
v -0.302988 1.283455 1.229429
v -0.540817 1.426240 1.036183
v -0.542327 1.595137 0.708702
v -0.299538 1.101821 1.250943
v -0.719918 1.351445 0.785735
v -0.322427 0.986513 1.199618
v -0.588201 1.103074 1.148733
v -0.589212 0.997791 1.116674
v -0.571856 1.264656 1.125066
v -0.824897 1.129002 0.824554
v -0.835951 1.040283 0.831903
v -0.782460 1.240224 0.810581
v -0.799572 1.290907 0.526270
v -0.621635 1.353940 0.318626
v -0.873989 1.111719 0.548617
v -0.844233 0.951565 0.839249
v -0.673604 1.200728 0.318277
v -0.883700 0.775833 0.567591
v -0.896830 0.931405 0.545236
v -0.749397 1.052846 0.296191
v -0.496186 0.941251 0.241441
v -0.799326 0.874310 0.273497
v -0.294571 0.833392 0.352783
v -0.219575 0.821477 0.410477
v -0.279969 0.741589 0.405809
v -0.125753 0.722720 0.565854
v -0.532981 0.802848 0.240778
v -0.354225 0.604583 0.422591
v -0.237969 0.548849 0.594075
v -0.315518 0.488927 0.616950
v -0.587542 0.654931 0.238409
v -0.811362 0.709613 0.357400
v -0.405675 0.504642 0.412641
v -0.615878 0.563139 0.292277
v -0.860174 0.642044 0.582983
v -0.823565 0.605072 0.390955
v -0.817389 0.537103 0.400708
v -0.626391 0.494703 0.340156
v -0.437734 0.446592 0.456419
v -0.364961 0.440985 0.635985
v -0.639892 0.442985 0.376801
v -0.465228 0.404084 0.475222
v -0.503380 0.284568 0.461523
v -0.451456 0.188963 0.660796
v -0.518089 0.216362 0.453531
v -0.823942 0.478973 0.432440
v -0.532661 0.142570 0.447161
v -0.492670 0.092081 0.619596
v -0.594755 0.133244 0.362643
v -0.538587 0.108060 0.429957
v -0.544513 0.073550 0.412754
v -0.595087 0.122837 0.332386
v -0.557620 0.076251 0.361844
v -0.550497 0.036407 0.406188
v -0.575097 -0.000429 0.410686
v -0.560000 0.032680 0.348267
v -0.572957 0.077743 0.278516
v -0.572945 0.025106 0.277914
v -0.594117 -0.019740 0.287158
v -0.597391 0.037087 0.204135
v -0.663704 0.038032 0.165487
v -0.596941 0.084355 0.209115
v -0.728036 0.029743 0.161868
v -0.658875 0.089225 0.174798
v -0.729391 0.093359 0.165694
v -0.798434 0.031474 0.162374
v -0.797954 -0.020762 0.197454
v -0.590115 0.106658 0.267950
v -0.717782 0.137667 0.232318
v -0.711040 0.148187 0.286916
v -0.863141 0.140703 0.267614
v -0.799431 0.095406 0.171413
v -0.931159 0.100692 0.226348
v -0.887578 0.098802 0.195054
v -0.881031 0.039820 0.175786
v -0.944171 0.056553 0.217481
v -0.948508 0.041840 0.214525
v -2.071870 1.296931 -0.162791
v -2.072755 1.196289 -0.160883
v -2.007093 1.370103 -0.158885
v -1.921298 1.578675 0.054310
v -2.028804 1.275972 -0.272943
v -1.790820 1.533048 -0.135325
v -1.721656 1.744816 0.106434
v -1.965242 1.349464 -0.275894
v -1.623853 1.691352 -0.107751
v -1.774557 1.569942 -0.284748
v -1.631210 1.759782 -0.277782
v -1.704484 1.812190 -0.410526
v -1.844085 1.590247 -0.428065
v -1.848926 1.898774 -0.491355
v -2.027555 1.360267 -0.395219
v -2.005914 1.664927 -0.467263
v -2.057150 2.017891 -0.430328
v -2.192489 2.092262 -0.188781
v -2.026255 2.189589 0.070470
v -2.208580 1.745651 -0.436663
v -2.181797 2.037703 0.048774
v -2.168357 1.418404 -0.443142
v -2.298604 1.789215 -0.301043
v -2.305994 1.476141 -0.375798
v -2.062857 1.269168 -0.383780
v -2.216098 1.307662 -0.421133
v -2.031299 1.165789 -0.266574
v -2.259573 1.201071 -0.410417
v -2.001187 1.090094 -0.272262
v -2.103255 1.069813 -0.138459
v -2.070320 1.149182 -0.400168
v -2.020771 1.016402 -0.239327
v -2.038583 1.051747 -0.381600
v -2.037487 0.884104 -0.178220
v -2.098363 0.914986 -0.134133
v -2.046631 0.983229 -0.329381
v -2.054279 0.844489 -0.246800
v -2.074704 0.849740 -0.143320
v -2.110669 0.891837 -0.115305
v -2.095638 0.803801 -0.196747
v -2.138685 0.795061 -0.083981
v -2.173542 0.838850 -0.057118
v -2.216736 0.810092 -0.074022
v -2.170270 0.759832 -0.106196
v -2.207189 0.780216 -0.145969
v -2.236806 0.821206 -0.117172
v -2.201361 0.866286 -0.192138
v -2.154858 0.811981 -0.225955
v -2.128878 0.846090 -0.277769
v -2.152163 0.974926 -0.345188
v -2.218468 1.006950 -0.334283
v -2.158016 1.027934 -0.399488
v -2.204701 1.088668 -0.408718
v -2.292541 1.021053 -0.387685
v -2.326068 1.096799 -0.417662
v -2.399715 1.014100 -0.437330
v -2.356416 1.236459 -0.395664
v -2.423768 1.118964 -0.412750
v -2.414077 0.949799 -0.422506
v -2.349663 0.897191 -0.342276
v -2.487726 1.037824 -0.428512
v -2.429129 0.884617 -0.385576
v -2.502769 0.972695 -0.412452
v -2.535090 0.996972 -0.356328
v -2.501344 0.895071 -0.359822
v -2.445898 0.733450 -0.330537
v -2.428636 0.683892 -0.276981
v -2.366119 0.722292 -0.250126
v -2.518197 0.737312 -0.298099
v -2.399838 0.610861 -0.212686
v -2.348487 0.644837 -0.186925
v -2.477075 0.686890 -0.252517
v -2.447844 0.612462 -0.191076
v -2.381344 0.580567 -0.171015
v -2.517543 0.764450 -0.239652
v -2.360717 0.553353 -0.133357
v -2.334519 0.570596 -0.119731
v -2.418425 0.582430 -0.149447
v -2.379643 0.550322 -0.101791
v -2.342410 0.576963 -0.081720
v -2.371201 0.593523 -0.066395
v -2.400042 0.572901 -0.080416
v -2.426184 0.613209 -0.103470
v -2.376394 0.642535 -0.082572
v -2.395600 0.681903 -0.116265
v -2.457220 0.646940 -0.138822
v -2.487182 0.721099 -0.201080
v -2.504033 0.918655 -0.286663
v -2.462752 0.933529 -0.207899
v -2.526512 0.938361 -0.266149
v -2.491175 0.816123 -0.167523
v -2.551996 1.002240 -0.328816
v -2.524083 1.075109 -0.361699
v -2.476660 1.152903 -0.355360
v -2.594802 1.101304 -0.314927
v -2.411926 1.258647 -0.353702
v -2.540996 1.177449 -0.307785
v -2.470131 1.282776 -0.301614
v -2.348614 1.369227 -0.360345
v -2.385950 1.519676 -0.286504
v -2.422574 1.412083 -0.260189
v -2.429570 1.540985 -0.170903
v -2.324461 1.831521 -0.176039
v -2.501171 1.307383 -0.251628
v -2.287813 1.790455 0.021098
v -2.575983 1.204272 -0.241919
v -2.531103 1.339816 -0.211229
v -2.487693 1.468151 -0.161551
v -2.619913 1.232142 -0.192260
v -2.625443 1.132328 -0.239645
v -2.571965 1.344802 -0.150931
v -2.678130 1.167772 -0.189505
v -2.645275 1.248375 -0.134506
v -2.585621 1.380283 -0.052246
v -2.675343 1.285503 -0.049731
v -2.693680 1.179940 -0.123175
v -2.477403 1.498762 0.014323
v -2.624158 1.273401 0.068973
v -2.429107 1.570351 0.007192
v -2.527693 1.388750 0.045276
v -2.347683 1.428766 0.061494
v -2.405489 1.357820 0.104638
v -2.318286 1.305304 0.084739
v -2.586040 1.249012 0.087850
v -2.636919 1.177429 0.091234
v -2.253175 1.382849 0.006776
v -2.227057 1.249460 -0.038759
v -2.158665 1.336931 -0.047941
v -2.686718 1.218064 0.075009
v -2.654732 1.142721 0.116499
v -2.734744 1.220675 -0.043067
v -2.735105 1.172255 0.057067
v -2.708013 1.100131 0.098773
v -2.749931 1.148148 -0.025560
v -2.743838 0.941211 0.146916
v -2.720303 1.119857 -0.076770
v -2.737326 1.065295 0.019395
v -2.711721 1.113075 -0.107380
v -2.710670 0.894451 0.171355
v -2.709121 1.100680 -0.161576
v -2.680028 0.848974 0.210047
v -2.667905 1.072449 -0.210955
v -2.654787 0.826681 0.230861
v -2.605500 0.815956 0.258450
v -2.628807 0.790863 0.251198
v -2.658755 0.799360 0.191494
v -2.602392 0.759197 0.235171
v -2.588049 0.773829 0.193884
v -2.574674 0.823940 0.173584
v -2.618430 0.794549 0.161703
v -2.635991 0.810657 0.137044
v -2.686928 0.815924 0.169097
v -2.671274 0.855957 0.090519
v -2.727674 0.862690 0.126044
v -2.696349 0.888541 0.054215
v -2.766502 0.905129 0.086931
v -2.670657 1.043899 -0.006769
v -2.653404 1.030442 -0.030929
v -2.581905 1.035091 0.007741
v -2.640265 0.897096 0.039913
v -2.679076 1.011022 -0.103752
v -2.685383 0.896612 0.017919
v -2.659437 0.834487 0.042614
v -2.622394 0.860565 0.059928
v -2.695750 0.860806 -0.052396
v -2.630973 0.764778 0.085386
v -2.578898 0.794169 0.115260
v -2.658937 0.803510 -0.002063
v -2.645494 0.846204 -0.086760
v -2.608890 0.741653 0.108407
v -2.617081 0.742800 0.052563
v -2.569541 0.699978 0.145820
v -2.525236 0.705534 0.139429
v -2.598652 0.722085 0.075286
v -2.552155 0.671417 0.129379
v -2.535283 0.684755 0.092276
v -2.558905 0.722642 0.053312
v -2.526233 0.767061 0.059548
v -2.577150 0.743520 0.022618
v -2.558717 0.832370 -0.005778
v -2.611621 0.802146 -0.033968
v -2.536299 0.984279 -0.070840
v -2.618551 0.993809 -0.137213
v -2.517574 0.969013 -0.114162
v -2.591924 0.985986 -0.166462
v -2.637456 1.051298 -0.236423
v -2.612324 1.028028 -0.301742
v -2.600257 0.959362 -0.244143
v -2.617257 0.820644 -0.117704
v -2.556207 0.771133 -0.210681
v -2.626570 0.783549 -0.186873
v -2.585725 0.766778 -0.079739
v -2.590901 0.731313 -0.134173
v -2.539090 0.731747 -0.165358
v -2.501116 0.669740 -0.097203
v -2.551310 0.668897 -0.070085
v -2.557235 0.711273 -0.024244
v -2.522663 0.647673 -0.034396
v -2.527067 0.670618 0.007202
v -2.466988 0.650563 0.043843
v -2.492368 0.629138 0.040973
v -2.441015 0.637597 0.029537
v -2.476081 0.603886 0.020029
v -2.478500 0.641976 -0.054891
v -2.442446 0.664044 -0.042268
v -2.435458 0.627857 -0.007207
v -2.456190 0.604251 -0.004118
v -1.863173 2.047452 0.202526
v -1.969252 1.882232 0.195041
v -2.132681 1.677753 0.113343
v -2.195372 1.446683 0.016089
v -2.090905 1.399931 -0.020838
v -2.299838 1.493436 0.053017
v -2.023077 2.426762 -0.126151
v -1.998502 2.378683 0.075081
v -1.973164 2.407146 -0.324898
v -2.036789 2.420628 -0.126907
v -1.999832 2.376823 0.074961
v -1.849213 2.332077 -0.471147
v -1.679257 2.228392 -0.511381
v -1.985919 2.400642 -0.329568
v -2.038124 2.418772 -0.127047
v -1.684195 2.221464 -0.525145
v -2.088893 2.348206 -0.132361
v -2.051759 2.304288 0.070274
v -1.987249 2.398784 -0.329731
v -1.859568 2.324124 -0.478714
v -2.037876 2.328186 -0.335902
v -1.860889 2.322261 -0.478893
v -1.691313 2.211338 -0.533723
v -1.522561 2.105144 -0.472969
v -1.692617 2.209464 -0.533905
v -1.407573 2.014250 -0.328498
v -1.526512 2.092734 -0.480490
v -1.370015 1.973106 -0.130375
v -1.423787 2.007257 0.062386
v -1.409283 2.000064 -0.333202
v -1.527797 2.090847 -0.480664
v -1.419952 1.992746 0.068315
v -1.543728 2.079922 0.203567
v -1.370993 1.958119 -0.131215
v -1.410557 1.998168 -0.333362
v -1.544002 2.067899 0.214332
v -1.421904 1.978138 0.071350
v -1.372263 1.956218 -0.131356
v -1.708924 2.178430 0.268550
v -1.859443 2.299239 0.205609
v -1.548375 2.054758 0.220216
v -1.423179 1.976240 0.071230
v -1.870534 2.294724 0.216444
v -1.985521 2.385621 0.071973
v -1.716514 2.167447 0.275492
v -1.881271 2.286013 0.222369
v -1.549662 2.052866 0.220110
v -1.717818 2.165567 0.275391
v -1.882592 2.284143 0.222263
v -1.598629 1.980952 0.216076
v -1.932789 2.213080 0.218237
v -2.050460 2.306102 0.070391
v -1.767405 2.094067 0.271561
v -1.934074 2.211259 0.218134
v -1.768676 2.092233 0.271463
v -1.938143 2.201347 0.213440
v -1.599885 1.979108 0.215972
v -1.774639 2.083683 0.266158
v -1.932671 2.186234 0.189827
v -1.779926 2.076315 0.239077
v -1.935881 2.184090 0.192065
v -2.045384 2.270648 0.054485
v -2.110496 2.196053 0.053522
v -1.781981 2.073343 0.241686
v -1.998358 2.107514 0.194362
v -2.165750 2.125710 0.049474
v -1.624924 1.968084 0.190053
v -2.052168 2.036057 0.192113
v -1.840770 1.994213 0.245161
v -2.113932 1.951172 0.189875
v -1.892565 1.921322 0.243561
v -1.679969 1.886508 0.192311
v -1.624046 1.971843 0.187831
v -1.506791 1.896514 0.051000
v -1.607780 1.971853 0.211303
v -1.506796 1.900807 0.049819
v -1.472925 1.902191 0.066529
v -1.482272 1.895814 0.063570
v -1.471681 1.904041 0.066647
v -1.421815 1.882092 -0.136823
v -1.420576 1.883945 -0.136686
v -1.431747 1.875946 -0.137454
v -1.459010 1.926048 -0.339438
v -1.460253 1.924200 -0.339594
v -1.576682 2.019070 -0.487284
v -1.577935 2.017229 -0.487453
v -1.742162 2.138168 -0.540836
v -1.743432 2.136341 -0.541014
v -1.469744 1.917573 -0.337905
v -1.586082 2.009538 -0.484073
v -1.911087 2.251415 -0.485709
v -1.912375 2.249598 -0.485884
v -2.039173 2.326376 -0.336060
v -1.749696 2.127295 -0.537050
v -1.916711 2.239263 -0.482563
v -2.090195 2.346395 -0.132497
v -2.042054 2.315158 -0.334442
v -2.092479 2.334936 -0.133179
v -2.054481 2.293312 0.067272
v -2.041351 2.272147 0.053278
v -2.076849 2.311033 -0.133982
v -2.029755 2.292566 -0.322029
v -2.081149 2.309827 -0.134191
v -2.147190 2.236142 -0.139723
v -2.033715 2.291233 -0.323690
v -1.912666 2.221672 -0.460415
v -2.202956 2.166330 -0.146319
v -1.756634 2.117068 -0.511305
v -2.267546 2.083926 -0.154930
v -2.229692 2.042564 0.044495
v -2.255104 1.962915 0.025058
v -2.290224 2.001332 -0.160067
v -2.283871 1.917920 -0.348256
v -2.217513 2.064316 -0.355345
v -2.243715 1.983092 -0.346010
v -2.128465 1.913448 -0.483960
v -2.154550 2.147671 -0.344558
v -2.093761 1.989646 -0.504849
v -1.973843 1.809752 -0.533359
v -1.926903 1.877715 -0.557348
v -2.032979 2.074274 -0.490876
v -2.099077 2.217456 -0.334727
v -1.978302 2.144345 -0.477441
v -1.869090 1.964309 -0.541957
v -1.763827 1.760405 -0.503938
v -1.822593 1.700925 -0.484084
v -1.708748 1.848934 -0.488755
v -1.715123 1.616030 -0.349071
v -1.727911 1.517825 -0.168858
v -1.648038 1.668986 -0.358477
v -1.680017 1.577623 -0.163976
v -1.773939 1.535924 0.014272
v -1.610206 1.627641 -0.159110
v -1.726662 1.595979 0.021647
v -1.660441 1.647427 0.040828
v -1.595070 1.759197 -0.345890
v -1.557945 1.718646 -0.150282
v -1.842556 1.666185 0.158059
v -1.785275 1.723040 0.187757
v -1.996649 1.769425 0.208710
v -1.951263 1.834216 0.242312
v -1.607222 1.738063 0.045879
v -1.729703 1.812247 0.190037
v -2.147654 1.878035 0.160029
v -2.295213 1.898038 0.017644
v -1.559030 1.813260 0.049970
v -1.510367 1.794093 -0.143720
v -1.459237 1.877813 -0.138211
v -1.547017 1.834146 -0.336860
v -1.495002 1.916991 -0.326885
v -1.459597 1.882249 -0.137976
v -1.495093 1.921134 -0.325236
v -1.604506 2.003551 -0.464467
v -1.603776 2.007048 -0.461784
v -1.659211 1.922730 -0.477823
v -1.758535 2.114411 -0.514397
v -1.817387 2.036546 -0.530023
v -1.915744 2.219804 -0.463120
v -2.526964 1.545211 -0.014917
v -2.424680 1.464355 0.113594
v -2.424858 1.471199 0.121054
v -2.280926 1.360905 0.159943
v -2.277778 1.365357 0.168476
v -2.134221 1.262582 0.111714
v -2.425036 1.478042 0.128514
v -2.127683 1.264760 0.119131
v -2.023876 1.195731 -0.018172
v -2.274633 1.369808 0.177008
v -2.406998 1.518131 0.145371
v -2.508174 1.608320 0.001016
v -2.014784 1.196363 -0.013759
v -1.979457 1.178264 -0.194913
v -2.398991 1.522012 0.138194
v -2.497624 1.610190 -0.002964
v -2.249971 1.405131 0.196001
v -2.121142 1.266937 0.126548
v -2.390985 1.525892 0.131017
v -2.483511 1.624089 -0.003909
v -2.245542 1.411585 0.187671
v -2.089723 1.297731 0.143319
v -2.378098 1.540761 0.128530
v -2.506718 1.654540 0.018157
v -2.241113 1.418039 0.179341
v -2.088943 1.306631 0.136189
v -2.005692 1.196993 -0.009347
v -1.969189 1.224707 0.001441
v -1.969336 1.178491 -0.194587
v -1.959217 1.178717 -0.194262
v -2.003514 1.215933 -0.374901
v -1.920668 1.205627 -0.191617
v -2.108167 1.298661 -0.506383
v -2.258902 1.399167 -0.546013
v -1.994170 1.217008 -0.378650
v -2.255244 1.404502 -0.553806
v -2.405604 1.497489 -0.497782
v -2.101185 1.301605 -0.513104
v -1.957159 1.245603 -0.384125
v -2.405339 1.505100 -0.504460
v -2.515950 1.564342 -0.367897
v -2.251586 1.409838 -0.561600
v -2.068886 1.333924 -0.524500
v -2.518238 1.573496 -0.371571
v -2.405077 1.512709 -0.511139
v -2.225912 1.446924 -0.575129
v -2.563689 1.591369 -0.190742
v -2.529508 1.553924 -0.010429
v -2.520527 1.582653 -0.375245
v -2.567002 1.600927 -0.190329
v -2.532049 1.562638 -0.005941
v -2.386160 1.554324 -0.522447
v -2.506695 1.627347 -0.380569
v -2.555216 1.646428 -0.187512
v -2.518724 1.606452 0.004996
v -2.378630 1.557380 -0.514415
v -2.543833 1.647386 -0.187107
v -2.496419 1.628741 -0.375768
v -2.532453 1.648344 -0.186703
v -2.486141 1.630134 -0.370967
v -2.517938 1.661806 -0.185532
v -2.472159 1.643803 -0.367678
v -2.371098 1.560436 -0.506383
v -2.358440 1.574909 -0.501534
v -2.494056 1.676538 -0.387734
v -2.545135 1.696624 -0.184500
v -2.504981 1.676078 0.025677
v -2.367168 1.599664 -0.537092
v -2.544584 1.719464 -0.183251
v -2.491923 1.698757 -0.392776
v -2.541600 1.723762 -0.182928
v -2.488940 1.703052 -0.392453
v -2.425253 1.891307 -0.170363
v -2.372592 1.870599 -0.379888
v -2.422194 1.895713 -0.170033
v -2.382589 1.852327 0.038895
v -2.369534 1.875005 -0.379558
v -2.400004 1.902297 -0.168991
v -2.362543 1.885538 -0.168733
v -2.349161 1.882304 -0.371287
v -2.355389 1.899094 -0.167744
v -2.320779 1.861177 0.014836
v -2.316763 1.867536 -0.350879
v -2.309370 1.880997 -0.350847
v -2.356953 1.906944 -0.167369
v -2.321799 1.868431 0.018084
v -2.310212 1.888563 -0.353357
v -2.358517 1.914794 -0.166994
v -2.345587 1.933396 -0.165591
v -2.309885 1.894286 0.022735
v -2.302550 1.896163 0.020189
v -2.329830 1.935959 -0.164966
v -2.337708 1.934678 -0.165278
v -2.298158 1.914765 -0.354551
v -2.291014 1.916343 -0.351403
v -2.169726 1.848816 -0.483291
v -2.311052 1.896129 -0.355867
v -2.180415 1.843478 -0.493760
v -2.175071 1.846147 -0.488525
v -2.017542 1.746787 -0.532848
v -2.194192 1.818302 -0.490273
v -2.020514 1.742528 -0.538881
v -1.868508 1.639524 -0.484625
v -2.023486 1.738271 -0.544913
v -2.193256 1.824797 -0.494950
v -1.869164 1.633602 -0.489942
v -1.762527 1.555746 -0.351467
v -1.869821 1.627679 -0.495259
v -2.036375 1.719630 -0.546213
v -2.039720 1.714755 -0.540794
v -2.195128 1.811807 -0.485597
v -1.888445 1.605892 -0.492009
v -2.203043 1.798641 -0.484737
v -2.043065 1.709879 -0.535374
v -2.222858 1.805784 -0.519956
v -2.051850 1.697310 -0.534442
v -1.894136 1.602706 -0.487355
v -1.882754 1.609078 -0.496662
v -1.780812 1.520807 -0.356778
v -1.760520 1.541278 -0.357933
v -1.773453 1.522674 -0.359337
v -1.761524 1.548512 -0.354700
v -1.724821 1.502169 -0.169608
v -1.726366 1.509997 -0.169233
v -1.737753 1.483567 -0.171012
v -1.773113 1.528380 0.016765
v -1.888274 1.605194 0.148854
v -1.772288 1.520836 0.019257
v -1.889239 1.598732 0.153454
v -2.040282 1.707071 0.198827
v -1.890204 1.592271 0.158054
v -1.785220 1.502231 0.017853
v -2.043628 1.702205 0.204209
v -2.189233 1.814259 0.150801
v -2.046973 1.697339 0.209591
v -1.903137 1.573669 0.156649
v -2.194909 1.811073 0.155431
v -2.200586 1.807884 0.160062
v -2.213519 1.789283 0.158658
v -2.322817 1.875684 0.021331
v -2.059903 1.678737 0.208187
v -2.214166 1.783348 0.153316
v -2.062894 1.674488 0.202089
v -2.214813 1.777414 0.147973
v -2.065885 1.670240 0.195992
v -1.908520 1.571022 0.151338
v -1.913901 1.568377 0.146026
v -1.792401 1.500675 0.014659
v -1.799582 1.499120 0.011464
v -1.745656 1.482294 -0.171325
v -1.753563 1.481023 -0.171639
v -1.788173 1.518937 -0.354219
v -1.763863 1.469654 -0.172606
v -1.903705 1.590697 -0.486672
v -1.798292 1.507369 -0.354233
v -2.054940 1.693244 -0.575158
v -1.890399 1.574836 -0.522108
v -1.773325 1.482289 -0.375013
v -1.809641 1.487654 0.009538
v -1.735087 1.440399 -0.173293
v -1.923363 1.556550 0.143396
v -1.785930 1.460390 0.029004
v -2.074553 1.657881 0.193100
v -1.912233 1.536911 0.177673
v -2.222702 1.764493 0.145333
v -2.328114 1.847822 0.012893
v -2.080153 1.649451 0.232877
v -2.244692 1.767858 0.179824
v -2.361766 1.860405 0.032730
v -2.261333 1.756473 0.191243
v -2.090915 1.633835 0.246191
v -2.264394 1.752067 0.190913
v -2.385650 1.847921 0.038565
v -2.093973 1.629429 0.245861
v -1.916998 1.517274 0.189015
v -1.920056 1.512868 0.188684
v -1.786180 1.438021 0.035035
v -1.789242 1.433615 0.034705
v -1.733522 1.417313 -0.174489
v -1.736581 1.412907 -0.174820
v -1.773128 1.460701 -0.383415
v -1.776186 1.456294 -0.383745
v -1.894384 1.556554 -0.535763
v -1.897443 1.552148 -0.536094
v -2.064802 1.679192 -0.590713
v -2.067861 1.674786 -0.591043
v -2.238719 1.795754 -0.533537
v -2.241777 1.791347 -0.533868
v -2.358127 1.623801 -0.546433
v -2.184208 1.507239 -0.603609
v -2.361109 1.619505 -0.546755
v -2.013793 1.384603 -0.548659
v -2.187192 1.502944 -0.603931
v -2.198471 1.486603 -0.592551
v -1.892534 1.288749 -0.396311
v -2.207250 1.473580 -0.551238
v -2.033167 1.367645 -0.539254
v -2.016774 1.380306 -0.548982
v -2.218149 1.457927 -0.556665
v -2.059104 1.366968 -0.503468
v -1.915551 1.274669 -0.391477
v -2.222030 1.452426 -0.565897
v -2.068274 1.350075 -0.508342
v -2.068581 1.341999 -0.516420
v -1.953694 1.283641 -0.371030
v -1.961637 1.265777 -0.374361
v -1.959400 1.255690 -0.379243
v -1.919265 1.245925 -0.189406
v -1.923738 1.216625 -0.191119
v -1.926809 1.227623 -0.190622
v -1.971155 1.235269 -0.002458
v -1.973119 1.245832 -0.006357
v -2.088164 1.315530 0.129059
v -1.965042 1.263926 -0.007264
v -2.078762 1.332822 0.126593
v -2.229950 1.434149 0.176296
v -2.055102 1.329543 0.163773
v -2.389103 1.561562 0.165933
v -2.223802 1.442607 0.219232
v -2.383725 1.580225 0.178025
v -2.501997 1.680376 0.025999
v -2.213304 1.457587 0.232973
v -2.380741 1.584520 0.178348
v -2.210323 1.461884 0.233296
v -2.039388 1.341025 0.175797
v -2.036406 1.345322 0.176119
v -1.908573 1.261774 0.021818
v -1.905589 1.266069 0.022140
v -1.928217 1.252670 0.014415
v -1.855912 1.241065 -0.187707
v -1.852928 1.245362 -0.187385
v -1.877135 1.232585 -0.188822
v -1.895518 1.284452 -0.396633
v 1.510495 2.003402 -0.451013
v 1.510115 2.003414 -0.450695
v 1.503268 2.018810 -0.452820
v 0.676774 -0.006111 0.047554
v 0.674977 -0.033108 0.015511
v 0.677096 0.013677 0.084171
v 0.664551 -0.003053 0.123503
v 0.676537 0.030000 0.121236
v 0.660947 -0.001056 0.160646
v 0.672926 0.011058 0.039767
v 0.669995 0.040060 0.074955
v 0.675578 0.036656 0.160783
v 0.675452 -0.024402 0.012564
v 0.675504 -0.030812 0.009285
v 0.672957 -0.024402 0.012161
v 0.665070 0.011058 0.038499
v 0.656779 0.040060 0.072822
v 0.658967 -0.006111 0.044679
v 0.647138 0.013677 0.079334
v 0.662815 -0.023279 0.052466
v 0.670671 -0.023279 0.053734
v 0.667456 -0.012707 0.090683
v 0.654239 -0.012707 0.088549
v 0.646669 -0.003053 0.120616
v 0.636005 0.030000 0.114692
v 0.638401 -0.001056 0.157006
v 0.656209 -0.008714 0.204981
v 0.647992 0.063053 0.112425
v 0.624471 0.036656 0.152532
v 0.628947 -0.008714 0.200580
v 0.652169 -0.008714 0.244995
v 0.620189 -0.008714 0.239832
v 0.599934 0.033203 0.236562
v 0.611678 0.033203 0.197792
v 0.620189 0.075120 0.239832
v 0.628947 0.075120 0.200580
v 0.639101 0.074369 0.152669
v 0.665873 0.063053 0.115312
v 0.661647 0.074369 0.156309
v 0.656209 0.075120 0.204981
v 0.652169 0.075120 0.244995
v 0.672425 0.033203 0.248265
v 0.673477 0.033203 0.207769
v 0.763191 -0.006111 0.042784
v 0.763514 0.013677 0.079400
v 0.750967 -0.003053 0.118733
v 0.762954 0.030000 0.116466
v 0.759343 0.011058 0.034997
v 0.756412 0.040060 0.070185
v 0.761995 0.036656 0.156013
v 0.761870 -0.024402 0.007794
v 0.759374 -0.024402 0.007391
v 0.751487 0.011058 0.033728
v 0.743196 0.040060 0.068052
v 0.745384 -0.006111 0.039909
v 0.758899 -0.033108 0.010338
v 0.733556 0.013677 0.074564
v 0.749233 -0.023279 0.047696
v 0.757088 -0.023279 0.048964
v 0.753873 -0.012707 0.085913
v 0.740657 -0.012707 0.083779
v 0.733086 -0.003053 0.115846
v 0.747364 -0.001056 0.155876
v 0.722422 0.030000 0.109922
v 0.724818 -0.001056 0.152236
v 0.742627 -0.008714 0.200211
v 0.734409 0.063053 0.107655
v 0.710888 0.036656 0.147762
v 0.715363 -0.008714 0.195810
v 0.738586 -0.008714 0.240225
v 0.706607 -0.008714 0.235061
v 0.686351 0.033203 0.231791
v 0.698096 0.033203 0.193022
v 0.706607 0.075120 0.235061
v 0.715363 0.075120 0.195810
v 0.725519 0.074369 0.147899
v 0.752290 0.063053 0.110542
v 0.748064 0.074369 0.151539
v 0.742627 0.075120 0.200211
v 0.738586 0.075120 0.240225
v 0.758842 0.033203 0.243495
v 0.759894 0.033203 0.202999
v 0.839295 -0.006111 0.038348
v 0.833299 -0.023279 0.044633
v 0.830727 -0.012707 0.081632
v 0.840253 0.013677 0.074953
v 0.840337 0.030000 0.112023
v 0.835311 0.011058 0.030629
v 0.832993 0.040060 0.065863
v 0.840065 0.036656 0.151581
v 0.837365 -0.024402 0.003387
v 0.834864 -0.024402 0.003027
v 0.827435 0.011058 0.029497
v 0.819742 0.040060 0.063959
v 0.821440 -0.006111 0.035783
v 0.834439 -0.033108 0.005982
v 0.810216 0.013677 0.070638
v 0.825423 -0.023279 0.043502
v 0.817476 -0.012707 0.079728
v 0.828392 -0.003053 0.114498
v 0.810463 -0.003053 0.111922
v 0.825434 -0.001056 0.151698
v 0.799698 0.030000 0.106184
v 0.802829 -0.001056 0.148450
v 0.811644 0.063053 0.103709
v 0.788823 0.036656 0.144219
v 0.794132 -0.008714 0.192182
v 0.818123 -0.008714 0.236186
v 0.786058 -0.008714 0.231580
v 0.765749 0.033203 0.228662
v 0.776819 0.033203 0.189694
v 0.786058 0.075120 0.231580
v 0.794132 0.075120 0.192182
v 0.803453 0.074369 0.144102
v 0.829572 0.063053 0.106285
v 0.826059 0.074369 0.147349
v 0.821467 0.075120 0.196109
v 0.818123 0.075120 0.236186
v 0.838433 0.033203 0.239104
v 0.838781 0.033203 0.198596
v 0.821467 -0.008714 0.196109
v 0.908657 -0.006111 0.066322
v 0.902609 -0.023279 0.072555
v 0.899715 -0.012707 0.109530
v 0.909299 0.013677 0.102935
v 0.909063 0.030000 0.140003
v 0.904742 0.011058 0.058569
v 0.902118 0.040060 0.093782
v 0.908448 0.036656 0.179557
v 0.907031 -0.024402 0.031345
v 0.904533 -0.024402 0.030964
v 0.896876 0.011058 0.057369
v 0.888884 0.040060 0.091763
v 0.890826 -0.006111 0.063602
v 0.904083 -0.033108 0.033915
v 0.879300 0.013677 0.098359
v 0.894742 -0.023279 0.071356
v 0.886481 -0.012707 0.107512
v 0.897096 -0.003053 0.142375
v 0.879191 -0.003053 0.139644
v 0.893817 -0.001056 0.179548
v 0.868475 0.030000 0.133813
v 0.871240 -0.001056 0.176104
v 0.880442 0.063053 0.131441
v 0.857271 0.036656 0.171752
v 0.862165 -0.008714 0.219759
v 0.853751 -0.008714 0.259086
v 0.833468 0.033203 0.255992
v 0.844873 0.033203 0.217122
v 0.853751 0.075120 0.259086
v 0.862165 0.075120 0.219759
v 0.871903 0.074369 0.171762
v 0.898347 0.063053 0.134172
v 0.894479 0.074369 0.175205
v 0.889466 0.075120 0.223923
v 0.885775 0.075120 0.263970
v 0.906057 0.033203 0.267063
v 0.906757 0.033203 0.226560
v 0.889466 -0.008714 0.223923
v 0.885775 -0.008714 0.263970
v -0.677096 0.013677 0.084171
v -0.676537 0.030000 0.121236
v -0.660947 -0.001056 0.160646
v -0.672926 0.011058 0.039767
v -0.669995 0.040060 0.074956
v -0.675452 -0.024402 0.012564
v -0.672957 -0.024402 0.012162
v -0.665070 0.011058 0.038499
v -0.656779 0.040060 0.072822
v -0.658967 -0.006110 0.044679
v -0.647138 0.013677 0.079334
v -0.662815 -0.023279 0.052466
v -0.670671 -0.023279 0.053734
v -0.667456 -0.012706 0.090683
v -0.654239 -0.012706 0.088549
v -0.664550 -0.003053 0.123503
v -0.646669 -0.003052 0.120616
v -0.636005 0.030000 0.114692
v -0.638401 -0.001056 0.157006
v -0.656209 -0.008714 0.204981
v -0.647992 0.063053 0.112425
v -0.624471 0.036657 0.152532
v -0.628946 -0.008714 0.200580
v -0.652169 -0.008714 0.244995
v -0.620189 -0.008714 0.239832
v -0.599934 0.033203 0.236562
v -0.611678 0.033203 0.197792
v -0.620189 0.075120 0.239832
v -0.628946 0.075120 0.200580
v -0.639101 0.074369 0.152669
v -0.665873 0.063053 0.115312
v -0.661647 0.074369 0.156309
v -0.675578 0.036657 0.160783
v -0.656209 0.075120 0.204981
v -0.652169 0.075120 0.244995
v -0.672425 0.033203 0.248265
v -0.673477 0.033203 0.207769
v -0.757088 -0.023279 0.048964
v -0.763191 -0.006110 0.042784
v -0.753873 -0.012706 0.085913
v -0.763513 0.013677 0.079400
v -0.750967 -0.003053 0.118733
v -0.762954 0.030000 0.116466
v -0.747364 -0.001056 0.155876
v -0.759343 0.011058 0.034997
v -0.756412 0.040060 0.070185
v -0.761870 -0.024402 0.007794
v -0.751487 0.011058 0.033728
v -0.743196 0.040060 0.068052
v -0.745384 -0.006110 0.039909
v -0.733556 0.013677 0.074564
v -0.749232 -0.023279 0.047696
v -0.740657 -0.012706 0.083779
v -0.733086 -0.003053 0.115846
v -0.722422 0.030000 0.109922
v -0.724818 -0.001056 0.152236
v -0.734409 0.063053 0.107655
v -0.710888 0.036657 0.147762
v -0.715363 -0.008714 0.195810
v -0.738586 -0.008714 0.240225
v -0.706607 -0.008714 0.235062
v -0.686351 0.033203 0.231791
v -0.698096 0.033203 0.193022
v -0.706607 0.075120 0.235062
v -0.715363 0.075120 0.195810
v -0.725519 0.074369 0.147899
v -0.752290 0.063053 0.110542
v -0.748064 0.074369 0.151539
v -0.761995 0.036657 0.156013
v -0.742627 0.075120 0.200211
v -0.738586 0.075120 0.240225
v -0.758841 0.033203 0.243495
v -0.759894 0.033203 0.202999
v -0.742627 -0.008714 0.200211
v -0.839295 -0.006110 0.038348
v -0.830727 -0.012706 0.081632
v -0.840253 0.013677 0.074953
v -0.828391 -0.003053 0.114498
v -0.840337 0.030000 0.112023
v -0.835311 0.011058 0.030629
v -0.832993 0.040060 0.065863
v -0.837365 -0.024402 0.003387
v -0.834864 -0.024402 0.003027
v -0.827435 0.011058 0.029497
v -0.819741 0.040060 0.063959
v -0.821440 -0.006110 0.035783
v -0.834278 -0.030812 -0.000336
v -0.810216 0.013677 0.070638
v -0.825423 -0.023279 0.043502
v -0.817476 -0.012706 0.079728
v -0.810463 -0.003053 0.111922
v -0.825434 -0.001056 0.151698
v -0.799698 0.030000 0.106184
v -0.802829 -0.001056 0.148450
v -0.811644 0.063053 0.103709
v -0.788823 0.036657 0.144219
v -0.794132 -0.008714 0.192182
v -0.818123 -0.008714 0.236186
v -0.786058 -0.008714 0.231580
v -0.765749 0.033203 0.228662
v -0.776819 0.033203 0.189694
v -0.786058 0.075120 0.231580
v -0.794132 0.075120 0.192182
v -0.803453 0.074369 0.144102
v -0.829572 0.063053 0.106285
v -0.826058 0.074369 0.147349
v -0.840065 0.036657 0.151581
v -0.821467 0.075120 0.196109
v -0.818123 0.075120 0.236186
v -0.838432 0.033203 0.239104
v -0.838781 0.033203 0.198597
v -0.821467 -0.008714 0.196109
v -0.908657 -0.006110 0.066322
v -0.909299 0.013677 0.102935
v -0.909063 0.030000 0.140003
v -0.904742 0.011058 0.058569
v -0.902118 0.040060 0.093782
v -0.907031 -0.024402 0.031345
v -0.904533 -0.024402 0.030964
v -0.896876 0.011058 0.057369
v -0.888884 0.040060 0.091763
v -0.890826 -0.006110 0.063602
v -0.903976 -0.030812 0.027596
v -0.879300 0.013677 0.098359
v -0.894742 -0.023279 0.071356
v -0.902609 -0.023279 0.072555
v -0.899715 -0.012706 0.109531
v -0.886481 -0.012706 0.107512
v -0.897096 -0.003053 0.142375
v -0.879191 -0.003053 0.139644
v -0.893817 -0.001056 0.179548
v -0.868475 0.030000 0.133813
v -0.871240 -0.001056 0.176104
v -0.889466 -0.008714 0.223923
v -0.880442 0.063053 0.131441
v -0.857271 0.036657 0.171752
v -0.862165 -0.008714 0.219759
v -0.885774 -0.008714 0.263970
v -0.853751 -0.008714 0.259086
v -0.833468 0.033203 0.255992
v -0.844873 0.033203 0.217122
v -0.853751 0.075120 0.259086
v -0.862165 0.075120 0.219759
v -0.871903 0.074369 0.171762
v -0.898347 0.063053 0.134172
v -0.894479 0.074369 0.175205
v -0.908448 0.036657 0.179557
v -0.889466 0.075120 0.223923
v -0.885774 0.075120 0.263970
v -0.906057 0.033203 0.267063
v -0.906756 0.033203 0.226560
v 0.088839 1.424827 1.127042
v 0.298653 1.465090 1.142697
v 0.344287 1.688226 0.900431
v 0.089835 1.283185 1.212940
v -0.000000 1.123906 1.175152
v 0.540817 1.426240 1.036183
v 0.302988 1.283456 1.229428
v 0.088522 1.141542 1.233623
v 0.719918 1.351445 0.785735
v 0.571856 1.264656 1.125066
v 0.799572 1.290907 0.526270
v 0.621635 1.353940 0.318626
v 0.782460 1.240224 0.810581
v 0.824897 1.129002 0.824554
v 0.588201 1.103074 1.148733
v 0.673604 1.200728 0.318277
v 0.873989 1.111719 0.548616
v 0.496186 0.941251 0.241441
v 0.292391 0.925126 0.330316
v 0.749397 1.052846 0.296191
v 0.294571 0.833392 0.352783
v 0.219575 0.821477 0.410477
v 0.279969 0.741589 0.405809
v 0.532981 0.802848 0.240778
v 0.799326 0.874310 0.273497
v 0.896830 0.931405 0.545236
v 0.835951 1.040283 0.831903
v 0.844233 0.951565 0.839249
v 0.589212 0.997791 1.116674
v 0.590223 0.907619 1.084526
v 0.322427 0.986514 1.199618
v 0.345315 0.890140 1.090565
v 0.299538 1.101821 1.250943
v 0.101387 1.009659 1.120830
v 0.000000 1.007006 1.004739
v 0.130836 0.877776 0.955907
v 0.100846 0.732620 0.664467
v 0.373016 0.791604 0.996200
v 0.180068 0.744982 0.894937
v 0.156142 0.669018 0.593378
v 0.125753 0.722720 0.565854
v 0.141110 0.699234 0.748864
v 0.225908 0.593043 0.844159
v 0.406806 0.672057 0.978158
v 0.440955 0.570203 0.928451
v 0.644283 0.746045 1.015211
v 0.680057 0.642361 0.976171
v 0.001267 3.076194 -1.362968
v -0.006152 3.070683 -1.348068
v -0.002107 3.066019 -1.357108
v -0.008166 3.063141 -1.366647
v -0.005701 3.073297 -1.372536
v -0.014579 3.075192 -1.371022
v -0.005703 3.056720 -1.353195
v -0.008724 3.049271 -1.347256
v -0.010356 3.053953 -1.359428
v -0.011722 3.043976 -1.341675
v -0.013500 3.047701 -1.337474
v -0.012593 3.046455 -1.352806
v -0.014845 3.040829 -1.345847
v -0.014888 3.038407 -1.334868
v -0.017907 3.034120 -1.326671
v -0.018393 3.032676 -1.326687
v -0.016793 3.036169 -1.337273
v -0.018270 3.032748 -1.328441
v -0.018982 3.032911 -1.328426
v -0.019035 3.036680 -1.337230
v -0.018548 3.041560 -1.345327
v -0.019270 3.032872 -1.326671
v -0.019863 3.039519 -1.334219
v -0.018619 3.034283 -1.326656
v -0.015859 3.041011 -1.332287
v -0.018029 3.041488 -1.331878
v -0.017271 3.048563 -1.337401
v -0.011164 3.054102 -1.341405
v -0.020151 3.045680 -1.340707
v -0.016201 3.055046 -1.340778
v -0.008815 3.061115 -1.344784
v -0.020090 3.051836 -1.346029
v -0.015165 3.062357 -1.344040
v -0.017607 3.047576 -1.352250
v -0.019914 3.059777 -1.350910
v -0.016664 3.055364 -1.358663
v -0.015826 3.064932 -1.365950
v -0.019607 3.069628 -1.355728
v -0.019110 3.080073 -1.360290
v -0.013759 3.072444 -1.347103
v -0.012063 3.083264 -1.350646
v -0.003093 3.081324 -1.351690
v -0.018088 3.074110 -1.358674
v -0.022448 3.079688 -1.350058
v -0.025273 3.070221 -1.345122
v -0.021211 3.065230 -1.351959
v -0.027724 3.061717 -1.340664
v -0.027399 3.062125 -1.359058
v -0.025194 3.071011 -1.365753
v -0.034181 3.073099 -1.364428
v -0.024602 3.057034 -1.346988
v -0.027423 3.050656 -1.340688
v -0.029909 3.055551 -1.336579
v -0.029328 3.054208 -1.351445
v -0.030270 3.046233 -1.335051
v -0.032086 3.049988 -1.332145
v -0.031347 3.047807 -1.344608
v -0.033415 3.043153 -1.337812
v -0.033264 3.041651 -1.328350
v -0.036579 3.037012 -1.320474
v -0.035175 3.039486 -1.329865
v -0.036479 3.036963 -1.321937
v -0.037202 3.037132 -1.321921
v -0.037449 3.040020 -1.329816
v -0.037163 3.043966 -1.337343
v -0.037469 3.037219 -1.320455
v -0.036117 3.038326 -1.320728
v -0.038303 3.042850 -1.327782
v -0.036839 3.038494 -1.320712
v -0.034263 3.044241 -1.326624
v -0.036460 3.044765 -1.326270
v -0.035912 3.050887 -1.332061
v -0.038806 3.048100 -1.334165
v -0.035008 3.056601 -1.335998
v -0.038941 3.053409 -1.339603
v -0.034154 3.063079 -1.339977
v -0.036427 3.049015 -1.344115
v -0.038990 3.060388 -1.344986
v -0.035719 3.055729 -1.350770
v -0.035164 3.064027 -1.358443
v -0.038945 3.069123 -1.350650
v -0.038716 3.078417 -1.356212
v -0.032980 3.072117 -1.344283
v -0.031535 3.081786 -1.349124
v -0.043101 3.107757 -1.351620
v -0.049651 3.116559 -1.332922
v -0.051790 3.097043 -1.324470
v -0.045560 3.089150 -1.339439
v -0.053573 3.079524 -1.316833
v -0.055628 3.081743 -1.354078
v -0.054594 3.100076 -1.366171
v -0.068745 3.101226 -1.362652
v -0.048788 3.071905 -1.330657
v -0.051253 3.058256 -1.318883
v -0.055386 3.066644 -1.309545
v -0.056269 3.065302 -1.339961
v -0.054177 3.048423 -1.308100
v -0.057238 3.054901 -1.301440
v -0.057412 3.051821 -1.327144
v -0.058928 3.041695 -1.314093
v -0.057159 3.038157 -1.295181
v -0.058914 3.042725 -1.291165
v -0.060471 3.027598 -1.279873
v -0.059973 3.033489 -1.298546
v -0.060506 3.027641 -1.282854
v -0.061657 3.027742 -1.282754
v -0.063595 3.033816 -1.298233
v -0.064831 3.042066 -1.312803
v -0.061888 3.027723 -1.279751
v -0.060007 3.030298 -1.280174
v -0.065122 3.038870 -1.293556
v -0.061158 3.030404 -1.280074
v -0.062371 3.043032 -1.290240
v -0.063331 3.055450 -1.300913
v -0.067650 3.049314 -1.305533
v -0.063414 3.067049 -1.307917
v -0.069486 3.059921 -1.315600
v -0.063711 3.080116 -1.314867
v -0.065450 3.052538 -1.325668
v -0.071461 3.073773 -1.325261
v -0.066376 3.066207 -1.337995
v -0.067943 3.082960 -1.352093
v -0.073624 3.091075 -1.335180
v -0.075579 3.109494 -1.344802
v -0.063984 3.098246 -1.322036
v -0.064013 3.117729 -1.330189
v -0.066958 3.118851 -1.292215
v -0.065721 3.107757 -1.289201
v -0.066807 3.098910 -1.279058
v -0.073459 3.105408 -1.294937
v -0.075525 3.116213 -1.297680
v -0.083582 3.114875 -1.293188
v -0.065500 3.097765 -1.287342
v -0.064585 3.089136 -1.283735
v -0.066179 3.091393 -1.277460
v -0.070968 3.095248 -1.291073
v -0.064288 3.082460 -1.279888
v -0.065519 3.084303 -1.275312
v -0.069120 3.086667 -1.287231
v -0.067639 3.079645 -1.282690
v -0.063698 3.075250 -1.275143
v -0.062952 3.067502 -1.269314
v -0.065621 3.073224 -1.276827
v -0.063399 3.067968 -1.270631
v -0.064081 3.067891 -1.270347
v -0.067768 3.072984 -1.275935
v -0.071019 3.079062 -1.280913
v -0.063792 3.067406 -1.268965
v -0.062859 3.068902 -1.269118
v -0.068286 3.074581 -1.272765
v -0.063540 3.068825 -1.268834
v -0.064421 3.076685 -1.272299
v -0.066382 3.076362 -1.271169
v -0.069131 3.083899 -1.273813
v -0.072059 3.081204 -1.275993
v -0.070790 3.090570 -1.275115
v -0.075153 3.087692 -1.278477
v -0.072646 3.097924 -1.276124
v -0.067747 3.108724 -1.280083
v -0.073774 3.086016 -1.284904
v -0.078445 3.095672 -1.280250
v -0.076805 3.094415 -1.288098
v -0.080635 3.104508 -1.291476
v -0.082067 3.105346 -1.281563
v -0.085581 3.115535 -1.282610
v -0.074786 3.107766 -1.276447
v -0.076991 3.118437 -1.277045
v -0.068694 3.119669 -1.281229
v -0.083168 3.153710 -1.226517
v -0.084157 3.143026 -1.214887
v -0.081205 3.142646 -1.223792
v -0.088123 3.139878 -1.230334
v -0.090907 3.150572 -1.232880
v -0.099192 3.148334 -1.229245
v -0.080243 3.132639 -1.222276
v -0.078882 3.123971 -1.218906
v -0.081258 3.125805 -1.212739
v -0.085083 3.129814 -1.226609
v -0.078335 3.117186 -1.215286
v -0.080154 3.118706 -1.210791
v -0.082823 3.121271 -1.222913
v -0.081136 3.114216 -1.218500
v -0.077534 3.109850 -1.210766
v -0.078649 3.111092 -1.207957
v -0.076629 3.101953 -1.205171
v -0.079096 3.107742 -1.212700
v -0.076992 3.102434 -1.206508
v -0.077688 3.102284 -1.206295
v -0.081286 3.107275 -1.212031
v -0.084600 3.113258 -1.217083
v -0.077486 3.101769 -1.204909
v -0.076683 3.103343 -1.204916
v -0.082243 3.108676 -1.208871
v -0.077379 3.103194 -1.204704
v -0.080669 3.110548 -1.207035
v -0.083839 3.117922 -1.209665
v -0.086289 3.115082 -1.212215
v -0.085973 3.124472 -1.210885
v -0.082421 3.133299 -1.214124
v -0.089719 3.121372 -1.214757
v -0.088393 3.131672 -1.211809
v -0.087596 3.120111 -1.221073
v -0.093549 3.129102 -1.216557
v -0.091072 3.128342 -1.224247
v -0.095479 3.138203 -1.227622
v -0.097905 3.138468 -1.217872
v -0.102226 3.148344 -1.218894
v -0.091389 3.141293 -1.211988
v -0.094498 3.151742 -1.212421
v -0.085994 3.153884 -1.215732
v 0.003093 3.081324 -1.351689
v -0.001267 3.076194 -1.362967
v 0.002107 3.066019 -1.357108
v 0.008815 3.061115 -1.344783
v 0.008166 3.063141 -1.366647
v 0.005701 3.073297 -1.372535
v 0.014579 3.075192 -1.371022
v 0.005703 3.056720 -1.353195
v 0.008724 3.049271 -1.347255
v 0.011164 3.054102 -1.341404
v 0.010355 3.053953 -1.359428
v 0.011722 3.043976 -1.341674
v 0.013500 3.047701 -1.337474
v 0.012593 3.046455 -1.352805
v 0.014845 3.040829 -1.345845
v 0.014888 3.038407 -1.334867
v 0.015858 3.041011 -1.332287
v 0.018393 3.032676 -1.326687
v 0.016793 3.036169 -1.337273
v 0.018270 3.032752 -1.328439
v 0.018982 3.032911 -1.328426
v 0.019035 3.036680 -1.337229
v 0.018547 3.041560 -1.345325
v 0.019270 3.032872 -1.326669
v 0.017906 3.034120 -1.326669
v 0.019862 3.039519 -1.334219
v 0.018619 3.034283 -1.326655
v 0.018029 3.041488 -1.331877
v 0.017271 3.048563 -1.337400
v 0.020151 3.045680 -1.340706
v 0.016200 3.055046 -1.340777
v 0.020090 3.051836 -1.346028
v 0.015165 3.062357 -1.344039
v 0.006152 3.070683 -1.348068
v 0.017606 3.047576 -1.352249
v 0.019914 3.059777 -1.350910
v 0.016664 3.055364 -1.358663
v 0.015826 3.064932 -1.365948
v 0.019607 3.069628 -1.355727
v 0.019110 3.080073 -1.360290
v 0.013759 3.072444 -1.347101
v 0.012063 3.083264 -1.350645
v 0.025272 3.070221 -1.345121
v 0.022448 3.079688 -1.350056
v 0.018088 3.074110 -1.358673
v 0.021211 3.065230 -1.351958
v 0.027724 3.061717 -1.340664
v 0.027399 3.062125 -1.359056
v 0.025194 3.071011 -1.365751
v 0.034181 3.073099 -1.364428
v 0.024602 3.057034 -1.346987
v 0.027423 3.050656 -1.340687
v 0.029909 3.055551 -1.336579
v 0.029328 3.054208 -1.351444
v 0.030270 3.046233 -1.335050
v 0.032086 3.049988 -1.332144
v 0.031347 3.047807 -1.344607
v 0.033415 3.043153 -1.337811
v 0.033264 3.041651 -1.328349
v 0.034263 3.044241 -1.326622
v 0.036117 3.038326 -1.320727
v 0.036579 3.037012 -1.320472
v 0.035174 3.039486 -1.329865
v 0.036479 3.036963 -1.321936
v 0.037202 3.037132 -1.321920
v 0.037449 3.040020 -1.329814
v 0.037163 3.043966 -1.337342
v 0.037469 3.037219 -1.320453
v 0.038303 3.042850 -1.327781
v 0.036839 3.038494 -1.320711
v 0.036460 3.044765 -1.326270
v 0.035912 3.050887 -1.332061
v 0.038806 3.048100 -1.334164
v 0.035007 3.056601 -1.335997
v 0.038941 3.053409 -1.339602
v 0.034153 3.063079 -1.339977
v 0.036427 3.049015 -1.344114
v 0.038989 3.060388 -1.344985
v 0.035719 3.055729 -1.350769
v 0.035164 3.064027 -1.358442
v 0.038945 3.069123 -1.350650
v 0.038716 3.078417 -1.356211
v 0.032980 3.072117 -1.344282
v 0.031535 3.081786 -1.349123
v 0.051790 3.097043 -1.324468
v 0.043100 3.107757 -1.351619
v 0.045560 3.089150 -1.339438
v 0.053573 3.079524 -1.316833
v 0.055628 3.081743 -1.354077
v 0.054594 3.100076 -1.366170
v 0.068745 3.101226 -1.362651
v 0.048788 3.071905 -1.330657
v 0.051253 3.058256 -1.318882
v 0.055385 3.066644 -1.309544
v 0.056269 3.065302 -1.339961
v 0.054177 3.048423 -1.308099
v 0.057412 3.051821 -1.327142
v 0.058928 3.041695 -1.314092
v 0.057159 3.038157 -1.295181
v 0.060007 3.030298 -1.280173
v 0.060471 3.027598 -1.279872
v 0.059973 3.033489 -1.298545
v 0.060506 3.027641 -1.282852
v 0.061657 3.027742 -1.282753
v 0.063595 3.033816 -1.298232
v 0.064831 3.042066 -1.312802
v 0.061888 3.027723 -1.279749
v 0.065122 3.038870 -1.293555
v 0.061158 3.030404 -1.280074
v 0.058914 3.042725 -1.291163
v 0.062371 3.043032 -1.290239
v 0.057238 3.054906 -1.301439
v 0.063330 3.055450 -1.300912
v 0.067650 3.049314 -1.305532
v 0.063414 3.067049 -1.307916
v 0.069486 3.059921 -1.315598
v 0.063711 3.080116 -1.314866
v 0.065450 3.052538 -1.325667
v 0.071461 3.073773 -1.325260
v 0.066376 3.066207 -1.337994
v 0.067943 3.082960 -1.352092
v 0.073624 3.091080 -1.335180
v 0.075579 3.109494 -1.344802
v 0.063984 3.098251 -1.322036
v 0.064013 3.117729 -1.330188
v 0.049651 3.116559 -1.332921
v 0.066958 3.118851 -1.292215
v 0.065720 3.107757 -1.289200
v 0.066807 3.098910 -1.279058
v 0.073459 3.105408 -1.294936
v 0.075525 3.116218 -1.297679
v 0.083582 3.114875 -1.293187
v 0.065500 3.097765 -1.287341
v 0.064585 3.089136 -1.283735
v 0.066179 3.091393 -1.277458
v 0.070968 3.095248 -1.291073
v 0.064288 3.082460 -1.279886
v 0.069119 3.086667 -1.287230
v 0.067638 3.079645 -1.282689
v 0.063698 3.075250 -1.275142
v 0.064421 3.076685 -1.272298
v 0.062858 3.068902 -1.269117
v 0.062951 3.067502 -1.269314
v 0.065621 3.073224 -1.276826
v 0.063399 3.067968 -1.270630
v 0.064081 3.067891 -1.270346
v 0.067768 3.072984 -1.275934
v 0.071019 3.079062 -1.280912
v 0.063792 3.067406 -1.268965
v 0.068286 3.074581 -1.272764
v 0.063540 3.068825 -1.268834
v 0.066382 3.076362 -1.271168
v 0.065519 3.084303 -1.275312
v 0.069131 3.083899 -1.273812
v 0.072059 3.081204 -1.275992
v 0.070789 3.090570 -1.275115
v 0.075153 3.087692 -1.278476
v 0.072646 3.097924 -1.276123
v 0.067746 3.108724 -1.280083
v 0.073774 3.086016 -1.284903
v 0.078445 3.095672 -1.280249
v 0.076805 3.094415 -1.288096
v 0.080635 3.104508 -1.291475
v 0.082067 3.105346 -1.281562
v 0.085581 3.115535 -1.282608
v 0.074786 3.107766 -1.276445
v 0.076991 3.118437 -1.277043
v 0.068694 3.119669 -1.281228
v 0.084157 3.143026 -1.214886
v 0.083168 3.153710 -1.226517
v 0.081205 3.142646 -1.223791
v 0.088122 3.139878 -1.230334
v 0.090906 3.150572 -1.232879
v 0.099192 3.148334 -1.229244
v 0.080243 3.132639 -1.222275
v 0.078882 3.123971 -1.218905
v 0.081258 3.125805 -1.212738
v 0.085083 3.129814 -1.226609
v 0.078335 3.117186 -1.215285
v 0.082823 3.121271 -1.222911
v 0.081136 3.114216 -1.218499
v 0.077534 3.109850 -1.210766
v 0.076629 3.101953 -1.205170
v 0.079096 3.107742 -1.212700
v 0.076992 3.102434 -1.206506
v 0.077687 3.102284 -1.206294
v 0.081286 3.107275 -1.212029
v 0.084600 3.113258 -1.217082
v 0.077486 3.101769 -1.204908
v 0.076683 3.103343 -1.204916
v 0.082243 3.108681 -1.208870
v 0.077379 3.103194 -1.204703
v 0.078649 3.111092 -1.207957
v 0.080669 3.110548 -1.207034
v 0.080154 3.118706 -1.210790
v 0.083839 3.117922 -1.209664
v 0.086289 3.115082 -1.212214
v 0.085973 3.124472 -1.210885
v 0.082421 3.133299 -1.214123
v 0.089719 3.121372 -1.214756
v 0.088393 3.131672 -1.211808
v 0.087596 3.120111 -1.221073
v 0.093548 3.129102 -1.216556
v 0.091072 3.128342 -1.224246
v 0.095479 3.138203 -1.227622
v 0.097905 3.138468 -1.217871
v 0.102226 3.148344 -1.218893
v 0.091389 3.141293 -1.211988
v 0.094498 3.151742 -1.212419
v 0.085994 3.153884 -1.215730
v -0.108495 3.155544 -1.184480
v -0.103616 3.169410 -1.194028
v -0.096848 3.159303 -1.250173
v -0.104193 3.139503 -1.244386
v -0.086010 3.124491 -1.313067
v -0.098546 3.132043 -1.239191
v -0.104195 3.149663 -1.183663
v -0.087738 3.107723 -1.301947
v -0.068787 3.097288 -1.358631
v -0.089601 3.129064 -1.235136
v -0.082373 3.100904 -1.296725
v -0.069999 3.072511 -1.347133
v -0.096241 3.146236 -1.183933
v -0.099650 3.152618 -1.176800
v -0.043370 3.066491 -1.364462
v -0.046399 3.089598 -1.379526
v -0.064249 3.069061 -1.336312
v -0.040624 3.062641 -1.354792
v -0.000000 3.062693 -1.374743
v -0.000000 3.092346 -1.391094
v 0.046399 3.089598 -1.379526
v -0.000000 3.059093 -1.366192
v 0.043370 3.066491 -1.364462
v 0.068787 3.097288 -1.358631
v -0.000000 3.060316 -1.359929
v 0.069999 3.072511 -1.347133
v 0.086010 3.124491 -1.313067
v 0.040624 3.062641 -1.354792
v 0.087738 3.107723 -1.301947
v 0.096848 3.159303 -1.250173
v 0.064249 3.069061 -1.336312
v 0.037031 3.064321 -1.347846
v -0.037031 3.064321 -1.347846
v -0.000000 3.080208 -1.354997
v -0.056277 3.071453 -1.329126
v -0.030039 3.082508 -1.341907
v -0.075324 3.098718 -1.293259
v -0.059376 3.111217 -1.293034
v -0.041888 3.090402 -1.326576
v -0.024653 3.100556 -1.317562
v -0.067508 3.143815 -1.236616
v -0.032241 3.117715 -1.286209
v -0.069227 3.159563 -1.179861
v -0.035598 3.143507 -1.231612
v -0.093721 3.148349 -1.178406
v -0.070203 3.160097 -1.175702
v -0.071017 3.160887 -1.172837
v -0.073347 3.164087 -1.168995
v -0.037109 3.170474 -1.172462
v -0.037737 3.173342 -1.167261
v -0.038360 3.175624 -1.163652
v -0.039633 3.179744 -1.159091
v -0.000000 3.172096 -1.172912
v -0.000000 3.175619 -1.167646
v -0.000000 3.178136 -1.164042
v -0.000000 3.181755 -1.161011
v 0.039633 3.179744 -1.159091
v 0.038360 3.175624 -1.163652
v 0.073347 3.164087 -1.168995
v 0.037737 3.173342 -1.167261
v 0.071017 3.160887 -1.172837
v 0.093721 3.148349 -1.178406
v 0.099650 3.152618 -1.176800
v 0.070203 3.160097 -1.175702
v 0.037109 3.170474 -1.172462
v 0.069227 3.159563 -1.179861
v 0.096241 3.146236 -1.183933
v 0.104195 3.149663 -1.183663
v 0.035598 3.143507 -1.231612
v 0.067508 3.143815 -1.236616
v 0.089601 3.129064 -1.235136
v -0.000000 3.142053 -1.228419
v -0.000000 3.116589 -1.284070
v 0.059376 3.111217 -1.293034
v 0.032241 3.117715 -1.286209
v 0.024653 3.100556 -1.317562
v -0.000000 3.101659 -1.316063
v -0.019654 3.095445 -1.328779
v -0.000000 3.094964 -1.332546
v 0.019654 3.095445 -1.328779
v 0.030039 3.082508 -1.341907
v 0.041888 3.090402 -1.326576
v 0.056277 3.071453 -1.329126
v 0.075324 3.098718 -1.293259
v 0.082373 3.100904 -1.296725
v 0.098546 3.132043 -1.239191
v 0.104193 3.139503 -1.244386
v 0.108495 3.155544 -1.184480
v 0.103616 3.169410 -1.194028
v 2.072842 1.196223 -0.160883
v 2.103341 1.069747 -0.138459
v 2.203154 1.119148 -0.058024
v 2.227146 1.249394 -0.038759
v 2.289589 1.174571 -0.024011
v 2.377584 1.211562 0.087474
v 2.405578 1.357754 0.104637
v 2.355472 1.105182 -0.045995
v 2.467900 1.282298 0.121590
v 2.499692 1.338780 0.081074
v 2.586129 1.248945 0.087850
v 2.437350 1.145763 0.076768
v 2.522731 1.208383 0.119244
v 2.637008 1.177361 0.091234
v 2.567816 1.120900 0.113777
v 2.500798 1.070050 0.048154
v 2.579773 1.091440 0.106892
v 2.547488 1.057728 0.043721
v 2.592068 1.057978 0.110840
v 2.634364 0.940953 0.147936
v 2.679204 0.949887 0.168618
v 2.601349 1.048513 0.032274
v 2.635882 0.912900 0.090161
v 2.581995 1.035024 0.007741
v 2.616364 0.889414 0.115268
v 2.626119 0.922324 0.162428
v 2.587301 0.875547 0.204262
v 2.619044 0.856136 0.241487
v 2.579179 0.858329 0.215680
v 2.574763 0.823874 0.173584
v 2.570516 0.839519 0.230960
v 2.605590 0.815890 0.258450
v 2.561841 0.801031 0.207880
v 2.509936 1.026097 -0.003801
v 2.536835 1.011495 -0.014843
v 2.431221 1.022086 -0.068866
v 2.473196 0.998796 -0.065991
v 2.574982 0.882735 0.020329
v 2.536387 0.984213 -0.070840
v 2.517663 0.968947 -0.114162
v 2.564716 0.858702 0.041495
v 2.526321 0.766994 0.059548
v 2.578986 0.794102 0.115260
v 2.538257 0.792322 0.096458
v 2.532525 0.776216 0.109148
v 2.521277 0.752546 0.129129
v 2.512402 0.704104 0.106530
v 2.457819 0.953717 -0.139953
v 2.424297 0.970323 -0.124521
v 2.482875 0.831614 -0.112973
v 2.395949 0.941860 -0.179484
v 2.478054 0.796685 -0.088528
v 2.491264 0.816055 -0.167523
v 2.486706 0.766699 -0.139660
v 2.427907 0.921700 -0.228039
v 2.460282 0.692827 -0.073918
v 2.452482 0.721536 -0.021116
v 2.442535 0.663977 -0.042268
v 2.440234 0.700250 0.002660
v 2.437580 0.667348 0.021084
v 2.467074 0.650497 0.043843
v 2.441101 0.637532 0.029537
v 2.354033 0.897765 -0.253685
v 2.434173 0.795897 -0.196676
v 2.351810 0.974979 -0.144201
v 2.322612 0.926098 -0.249398
v 2.275381 1.038463 -0.091821
v 2.280119 0.965482 -0.223279
v 2.193910 1.013135 -0.145376
v 2.319862 0.950299 -0.360924
v 2.376173 0.758709 -0.294026
v 2.234539 0.981066 -0.241980
v 2.218558 1.006883 -0.334284
v 2.379351 0.786454 -0.225506
v 2.366207 0.722226 -0.250127
v 2.375463 0.753368 -0.200566
v 2.424889 0.761876 -0.173669
v 2.395689 0.681837 -0.116265
v 2.352811 0.669473 -0.143239
v 2.333975 0.606057 -0.151968
v 2.336858 0.639020 -0.109790
v 2.334907 0.603893 -0.088750
v 2.371290 0.593457 -0.066395
v 2.342499 0.576897 -0.081720
v 2.162651 0.997516 -0.175448
v 2.098449 0.914919 -0.134133
v 2.163161 0.915945 -0.154809
v 2.186970 0.878838 -0.218271
v 2.110756 0.891770 -0.115305
v 2.172791 0.906001 -0.134446
v 2.173631 0.838784 -0.057118
v 2.214387 0.863009 -0.082815
v 2.216825 0.810025 -0.074022
v -2.149295 1.219769 -0.074262
v -2.203064 1.119213 -0.058024
v -2.289500 1.174637 -0.024011
v -2.377496 1.211628 0.087475
v -2.355384 1.105247 -0.045995
v -2.467810 1.282363 0.121590
v -2.499602 1.338846 0.081074
v -2.437263 1.145829 0.076768
v -2.522644 1.208449 0.119244
v -2.567729 1.120967 0.113777
v -2.500712 1.070117 0.048154
v -2.579684 1.091506 0.106892
v -2.636012 1.087516 0.137524
v -2.547399 1.057794 0.043722
v -2.591978 1.058045 0.110840
v -2.634274 0.941020 0.147936
v -2.679114 0.949954 0.168618
v -2.661761 0.921806 0.184275
v -2.601261 1.048580 0.032275
v -2.635795 0.912967 0.090161
v -2.616274 0.889481 0.115268
v -2.626032 0.922390 0.162428
v -2.633651 0.880161 0.222903
v -2.585950 0.840890 0.158567
v -2.587212 0.875614 0.204263
v -2.618955 0.856202 0.241487
v -2.579092 0.858395 0.215680
v -2.570426 0.839585 0.230960
v -2.561754 0.801098 0.207880
v -2.571769 0.796398 0.241565
v -2.509846 1.026164 -0.003801
v -2.536749 1.011562 -0.014843
v -2.431132 1.022152 -0.068865
v -2.473107 0.998863 -0.065991
v -2.574896 0.882802 0.020329
v -2.573387 0.856405 -0.031070
v -2.564630 0.858768 0.041496
v -2.538171 0.792389 0.096458
v -2.570535 0.773851 0.127014
v -2.532436 0.776283 0.109148
v -2.519598 0.750140 0.072988
v -2.521189 0.752613 0.129129
v -2.549758 0.715119 0.151541
v -2.512316 0.704171 0.106530
v -2.457730 0.953784 -0.139953
v -2.424209 0.970389 -0.124521
v -2.482789 0.831680 -0.112973
v -2.544029 0.842975 -0.082858
v -2.530884 0.803727 -0.057140
v -2.351721 0.975045 -0.144201
v -2.477969 0.796752 -0.088528
v -2.497910 0.733769 0.002340
v -2.395860 0.941926 -0.179484
v -2.486617 0.766765 -0.139660
v -2.427818 0.921767 -0.228039
v -2.460194 0.692894 -0.073918
v -2.353947 0.897831 -0.253685
v -2.452392 0.721602 -0.021116
v -2.482377 0.707771 0.025625
v -2.434087 0.795964 -0.196675
v -2.440148 0.700317 0.002660
v -2.437492 0.667414 0.021084
v -2.379263 0.786521 -0.225506
v -2.375376 0.753434 -0.200565
v -2.424803 0.761943 -0.173669
v -2.376086 0.758775 -0.294025
v -2.322526 0.926165 -0.249398
v -2.319773 0.950365 -0.360924
v -2.259905 0.998473 -0.342410
v -2.352725 0.669540 -0.143239
v -2.333887 0.606124 -0.151967
v -2.336772 0.639087 -0.109789
v -2.334818 0.603960 -0.088750
v -2.280033 0.965549 -0.223279
v -2.234452 0.981132 -0.241980
v -2.201339 0.974975 -0.253945
v -2.275292 1.038530 -0.091820
v -2.193822 1.013202 -0.145376
v -2.162564 0.997583 -0.175447
v -2.093126 1.005959 -0.160255
v -2.163074 0.916012 -0.154809
v -2.186884 0.878905 -0.218271
v -2.172705 0.906067 -0.134445
v -2.214298 0.863076 -0.082815
v -0.014134 3.023728 -1.249026
v 0.011846 3.023353 -1.244044
v -0.000000 3.032151 -1.257040
v -0.010367 3.032348 -1.253369
v -0.034626 3.064474 -1.216351
v 0.010367 3.032348 -1.253369
v 0.034626 3.064474 -1.216351
v -0.018178 3.075794 -1.221508
v 0.018178 3.075794 -1.221508
v -0.000000 3.076646 -1.221127
v -0.038082 3.101457 -1.177574
v -0.017707 3.109562 -1.181270
v 0.017707 3.109562 -1.181270
v -0.036743 3.058891 -1.212430
v 0.038082 3.101457 -1.177574
v -0.032583 3.055729 -1.208899
v -0.007295 3.036574 -1.239736
v -0.042351 3.087239 -1.167762
v -0.000000 3.036761 -1.236422
v -0.000000 3.018964 -1.247511
v 0.007295 3.036574 -1.239736
v 0.032583 3.055729 -1.208899
v -0.043966 3.092977 -1.171991
v -0.046921 3.123192 -1.116791
v 0.036743 3.058891 -1.212430
v 0.042351 3.087239 -1.167762
v 0.043966 3.092977 -1.171991
v 0.046921 3.123192 -1.116791
v 0.040042 3.138963 -1.126937
v 0.048218 3.129954 -1.121430
v 0.051739 3.171826 -1.042216
v 0.051920 3.180374 -1.046688
v 0.053588 3.211254 -0.963952
v 0.042128 3.187695 -1.050098
v 0.052612 3.218338 -0.968332
v 0.036040 3.228642 -0.945605
v 0.037751 3.219498 -0.941102
v 0.025341 3.221356 -0.933669
v 0.042737 3.220682 -0.971679
v 0.024240 3.231217 -0.939379
v 0.030216 3.228041 -0.954143
v 0.017057 3.220128 -0.977894
v -0.000000 3.232988 -0.934554
v -0.000000 3.222674 -0.928019
v -0.025341 3.221356 -0.933669
v 0.019846 3.230039 -0.949376
v -0.024240 3.231217 -0.939379
v 0.016035 3.225019 -0.964065
v -0.000000 3.230361 -0.947016
v -0.000000 3.222785 -0.965398
v -0.019846 3.230039 -0.949376
v -0.016035 3.225019 -0.964065
v -0.030216 3.228041 -0.954143
v -0.036040 3.228642 -0.945605
v -0.037751 3.219498 -0.941102
v -0.053588 3.211254 -0.963952
v -0.052612 3.218338 -0.968332
v -0.017057 3.220128 -0.977894
v -0.042737 3.220682 -0.971679
v -0.051920 3.180374 -1.046688
v -0.051739 3.171826 -1.042216
v -0.042128 3.187695 -1.050098
v -0.048218 3.129954 -1.121430
v -0.040042 3.138963 -1.126937
v -0.018104 3.190236 -1.050620
v -0.017787 3.145047 -1.129413
v -0.000000 3.109138 -1.180702
v -0.000000 3.143907 -1.128003
v 0.017787 3.145047 -1.129413
v -0.000000 3.188075 -1.049542
v 0.018104 3.190236 -1.050620
v -0.000000 3.217380 -0.978336
v -1.597500 2.597562 -0.164349
v 0.971458 -0.004233 0.285853
v 0.906166 -0.043663 0.322844
v 0.849716 -0.054819 0.296752
v 0.843072 -0.041091 0.376032
v 0.780834 -0.055399 0.287820
v 0.830537 -0.027946 0.448177
v 0.950577 -0.003407 0.476468
v 0.711951 -0.055978 0.278888
v 0.666095 -0.009525 0.202523
v 0.708092 -0.049918 0.349183
v 0.653034 -0.037859 0.283023
v 0.611366 -0.004748 0.211868
v 0.594117 -0.019740 0.287158
v 0.699812 -0.039263 0.425088
v 0.684304 -0.053217 0.595434
v 0.823082 -0.050581 0.618987
v 0.881589 -0.004327 0.807781
v 0.783618 -0.033605 0.798509
v 0.824996 -0.000464 0.865320
v 0.747292 -0.003117 0.892471
v 0.648819 -0.051458 0.778047
v 0.612585 -0.006706 0.857513
v 0.570570 -0.013815 0.815501
v 0.102413 3.120761 -1.075919
v 0.099079 3.093381 -1.116940
v 0.101212 3.115669 -1.131818
v 0.107525 3.136273 -1.082995
v 0.091325 3.055157 -1.172446
v 0.094951 3.121984 -1.135436
v 0.101840 3.142804 -1.083873
v 0.075414 3.146914 -1.083769
v 0.093508 3.077306 -1.189053
v 0.074416 3.116121 -1.129608
v 0.065906 3.146669 -1.083128
v 0.086352 3.083341 -1.191873
v 0.074336 3.013227 -1.269297
v 0.071834 2.991684 -1.248427
v 0.061465 2.970098 -1.266534
v 0.068564 3.021322 -1.272862
v 0.067801 2.994617 -1.298100
v 0.037726 2.951239 -1.277300
v 0.066153 3.077132 -1.184282
v 0.037572 2.978354 -1.315048
v -0.000000 2.938665 -1.278606
v 0.060571 3.004707 -1.298011
v 0.035439 2.989439 -1.316728
v -0.000000 2.971227 -1.317483
v 0.052684 3.025927 -1.265833
v -0.037572 2.978354 -1.315048
v -0.037726 2.951239 -1.277300
v -0.000000 2.980226 -1.318403
v -0.067801 2.994617 -1.298100
v -0.061465 2.970098 -1.266534
v -0.035439 2.989439 -1.316728
v 0.022912 3.005179 -1.300914
v -0.022912 3.005179 -1.300914
v 0.039920 3.015450 -1.283970
v -0.000000 2.991106 -1.307213
v -0.000000 2.990726 -1.300290
v 0.020007 3.003369 -1.293795
v 0.035312 3.014199 -1.278508
v -0.000000 3.001333 -1.260958
v -0.020007 3.003369 -1.293795
v 0.048596 3.024359 -1.261037
v -0.000000 3.013880 -1.251553
v -0.035312 3.014199 -1.278508
v -0.039920 3.015450 -1.283970
v -0.060571 3.004707 -1.298011
v -0.052684 3.025927 -1.265833
v -0.068564 3.021322 -1.272862
v -0.000000 3.025885 -1.240619
v -0.048596 3.024359 -1.261037
v -0.066153 3.077132 -1.184282
v -0.060086 3.072406 -1.179852
v 0.060086 3.072406 -1.179852
v -0.000000 3.077868 -1.176501
v 0.066204 3.111785 -1.125427
v -0.000000 3.114086 -1.118438
v -0.000000 3.151044 -1.064181
v -0.065906 3.146669 -1.083128
v -0.066204 3.111785 -1.125427
v -0.074416 3.116121 -1.129608
v -0.075414 3.146914 -1.083769
v -0.086352 3.083341 -1.191873
v -0.094951 3.121984 -1.135436
v -0.101840 3.142804 -1.083873
v -0.107525 3.136273 -1.082995
v -0.093508 3.077306 -1.189053
v -0.101212 3.115669 -1.131818
v -0.102413 3.120761 -1.075919
v -0.099079 3.093381 -1.116940
v -0.091325 3.055157 -1.172446
v -0.074336 3.013227 -1.269297
v -0.071834 2.991684 -1.248427
v -0.881202 0.559585 0.595290
v -0.905393 0.500000 0.606433
v -0.851158 0.502164 0.813948
v -0.611365 -0.004748 0.211868
v -0.653034 -0.037859 0.283023
v -0.666095 -0.009525 0.202523
v -0.588140 -0.014816 0.349167
v -0.711951 -0.055978 0.278888
v -0.731082 -0.017065 0.196498
v -0.708092 -0.049918 0.349183
v -0.780834 -0.055399 0.287820
v -0.699812 -0.039263 0.425088
v -0.843072 -0.041091 0.376032
v -0.849716 -0.054819 0.296752
v -0.872749 -0.017084 0.208197
v -0.929258 -0.009278 0.240972
v -0.906166 -0.043663 0.322844
v -0.971458 -0.004233 0.285853
v -0.967382 -0.020437 0.351744
v -0.957308 -0.013671 0.418582
v -0.830537 -0.027945 0.448177
v -0.684304 -0.053216 0.595434
v -0.823082 -0.050581 0.618987
v -0.544930 -0.022941 0.742762
v -0.648819 -0.051458 0.778047
v -0.570570 -0.013815 0.815501
v -0.612585 -0.006706 0.857513
v -0.747292 -0.003117 0.892471
v -0.783618 -0.033605 0.798509
v -0.824996 -0.000463 0.865320
v -0.267771 3.571091 -0.965373
v -0.274593 3.542964 -0.981301
v -0.270024 3.592609 -1.020390
v -0.263207 3.542425 -1.013137
v -0.268004 3.634015 -1.066484
v -0.256422 3.588446 -1.032782
v -0.257699 3.621635 -1.069064
v -0.250658 3.654878 -1.103500
v -0.246001 3.639208 -1.098243
v -0.212993 3.630491 -1.066656
v -0.208882 3.586709 -1.063765
v -0.176472 3.601147 -1.104349
v -0.220140 3.642596 -1.116417
v -0.196714 3.633971 -1.113549
v -0.161332 3.611476 -1.113127
v -0.187678 3.645242 -1.120110
v -0.218968 3.658430 -1.120795
v 1.855068 1.973657 -0.146424
v 1.703276 2.186728 0.255990
v 1.423874 2.007192 0.062386
v 1.859529 2.299174 0.205609
v 1.411903 2.027986 -0.321285
v 1.958745 2.407859 -0.317766
v 1.838882 2.335263 -0.459128
v 2.064140 1.675166 -0.170140
v 2.023964 1.195664 -0.018172
v 2.560462 1.581743 -0.191155
v 2.012948 1.214794 -0.371151
v 2.516038 1.564274 -0.367897
v -1.854979 1.973722 -0.146424
v -1.703187 2.186795 0.255990
v -1.970618 2.387125 0.065923
v -1.375504 1.988272 -0.129723
v -2.006932 2.426906 -0.125640
v -1.411815 2.028051 -0.321285
v -1.958656 2.407927 -0.317766
v -1.522994 2.115939 -0.460971
v -1.838793 2.335328 -0.459128
v -2.064054 1.675233 -0.170140
v -2.560373 1.581810 -0.191155
v -2.012861 1.214860 -0.371151
v -2.115148 1.295717 -0.499662
v -0.035861 2.987244 -1.264769
v 0.000000 2.985435 -1.267505
v -0.040753 3.040082 -1.199439
v 0.000000 3.038321 -1.209945
v 0.035861 2.987244 -1.264769
v 0.064067 2.978249 -1.289823
v 0.086934 3.023564 -1.251690
v 0.040753 3.040082 -1.199439
v 0.000000 3.088135 -1.146378
v 0.051384 3.090604 -1.128537
v 0.088163 3.111213 -1.115937
v 0.117420 3.102717 -1.141892
v 0.086961 3.151140 -1.031299
v 0.054580 3.114985 -1.106551
v 0.054552 3.166339 -0.989082
v 0.021128 3.126094 -1.082677
v 0.021557 3.174863 -0.973245
v 0.000000 3.122581 -1.092055
v -0.000000 3.177371 -0.970024
v -0.026190 3.213342 -0.954338
v -0.021557 3.174863 -0.973245
v -0.066598 3.201791 -0.968973
v -0.021128 3.126094 -1.082677
v -0.054552 3.166339 -0.989082
v -0.051384 3.090604 -1.128537
v -0.054580 3.114985 -1.106551
v -0.086961 3.151140 -1.031299
v -0.088163 3.111213 -1.115937
v 1.528243 1.832727 -0.373969
v 1.630747 1.667007 -0.396940
v 1.497877 1.845405 -0.389613
v 1.627498 1.637304 -0.417788
v 1.620390 1.906320 -0.493258
v 1.722986 1.740652 -0.516127
v 1.590010 1.918983 -0.508922
v 1.719770 1.710964 -0.536939
v 2.483515 1.807467 -0.176646
v 2.443911 1.764082 0.032282
v 2.430855 1.786760 -0.386171
v 2.483515 1.807467 -0.176646
v 2.425341 1.891239 -0.170363
v 2.443911 1.764082 0.032282
v 2.385736 1.847855 0.038565
v 2.430855 1.786760 -0.386171
v 2.372681 1.870534 -0.379888
v 2.520081 1.832841 -0.176411
v 2.461907 1.916614 -0.170129
v 2.542388 1.829891 0.029319
v 2.484213 1.913664 0.035602
v 2.467421 1.812135 -0.385936
v 2.409247 1.895908 -0.379653
v 2.319462 1.727777 0.139213
v 2.311831 1.747050 0.132278
v 2.318640 1.762138 0.118003
v 2.335900 1.764204 0.104753
v 2.353500 1.752036 0.100287
v 2.361131 1.732763 0.107222
v 2.354322 1.717675 0.121496
v 2.337062 1.715610 0.134748
v 2.364354 1.763372 0.161755
v 2.353803 1.780329 0.152872
v 2.353744 1.789928 0.133235
v 2.364212 1.786547 0.114347
v 2.379074 1.772166 0.107272
v 2.389626 1.755209 0.116155
v 2.389684 1.745610 0.135792
v 2.379216 1.748991 0.154680
v 2.392706 1.786730 0.163723
v 2.380495 1.802318 0.154469
v 2.376426 1.808614 0.133937
v 2.382885 1.801930 0.114154
v 2.396086 1.786181 0.106708
v 2.408298 1.770592 0.115962
v 2.412366 1.764296 0.136494
v 2.405908 1.770980 0.156277
v 2.424000 1.811703 0.156700
v 2.410094 1.825929 0.147645
v 2.401934 1.828935 0.127591
v 2.404301 1.818961 0.108287
v 2.415808 1.801849 0.101039
v 2.429714 1.787623 0.110095
v 2.437874 1.784617 0.130148
v 2.435507 1.794591 0.149453
v 2.453972 1.835056 0.138139
v 2.438102 1.847764 0.130112
v 2.425277 1.847160 0.112422
v 2.423010 1.833596 0.095433
v 2.432627 1.815019 0.089095
v 2.448497 1.802311 0.097122
v 2.461322 1.802916 0.114811
v 2.463589 1.816479 0.131801
v 2.480654 1.855243 0.107155
v 2.462942 1.866567 0.101169
v 2.445786 1.862705 0.088187
v 2.439236 1.845920 0.075813
v 2.447129 1.826043 0.071297
v 2.464841 1.814719 0.077283
v 2.481996 1.818581 0.090264
v 2.488546 1.835367 0.102638
v 2.498187 1.867961 0.070429
v 2.479287 1.878424 0.067101
v 2.459356 1.872551 0.060313
v 2.450071 1.853783 0.054043
v 2.456870 1.833114 0.051963
v 2.475770 1.822651 0.055293
v 2.495700 1.828524 0.062080
v 2.504985 1.847292 0.068350
v 2.504616 1.871796 0.028832
v 2.485285 1.881995 0.028619
v 2.464404 1.875552 0.029093
v 2.454204 1.856239 0.029974
v 2.460662 1.835371 0.030747
v 2.479993 1.825172 0.030959
v 2.500873 1.831616 0.030486
v 2.511073 1.850928 0.029605
v -2.443823 1.764148 0.032282
v -2.483427 1.807534 -0.176646
v -2.430766 1.786826 -0.386171
v -2.477268 1.786282 0.039418
v -2.531474 1.708222 0.033564
v -2.568376 1.748649 -0.182493
v -2.519308 1.729352 -0.397345
v -2.514171 1.826709 -0.176639
v -2.465101 1.807412 -0.391491
v 1.516116 1.911815 -0.334660
v 1.607942 1.985264 -0.454286
v 1.535474 1.882895 -0.337575
v 1.627299 1.956344 -0.457200
v 1.813072 1.695436 -0.474087
v 1.720661 1.621491 -0.355222
v 1.705305 1.652039 -0.348111
v 1.797716 1.725984 -0.466976
v -1.528243 1.832727 -0.373969
v -1.630747 1.667007 -0.396940
v -1.497877 1.845405 -0.389613
v -1.627498 1.637304 -0.417788
v -1.620390 1.906320 -0.493258
v -1.722986 1.740652 -0.516127
v -1.590010 1.918983 -0.508922
v -1.719770 1.710964 -0.536939
v -1.516116 1.911815 -0.334660
v -1.607942 1.985264 -0.454286
v -1.535474 1.882895 -0.337575
v -1.627299 1.956344 -0.457200
v -1.813072 1.695436 -0.474087
v -1.720661 1.621491 -0.355222
v -1.705305 1.652039 -0.348111
v -1.797716 1.725984 -0.466976
vn 0.5967 0.3248 -0.7338
vn -0.1321 0.8266 -0.5470
vn -0.3548 0.6460 -0.6759
vn -0.4325 0.8274 -0.3582
vn -0.1858 0.7130 -0.6761
vn -0.6430 -0.3805 -0.6647
vn 0.6430 -0.3805 -0.6646
vn 0.1858 0.7130 -0.6761
vn 0.4325 0.8274 -0.3582
vn 0.8757 0.1488 -0.4593
vn -0.9189 0.3939 -0.0230
vn -0.7058 0.5788 0.4084
vn 0.8656 0.1257 -0.4848
vn -0.9303 0.3635 -0.0483
vn -0.7170 0.5978 0.3585
vn 0.8650 0.1279 -0.4852
vn -0.9296 0.3653 -0.0488
vn -0.7182 0.5970 0.3575
vn -0.2195 0.0393 0.9748
vn 0.4231 -0.6834 -0.5949
vn 0.8141 -0.3072 -0.4928
vn 0.4682 -0.4957 -0.7315
vn -0.7738 -0.2488 0.5825
vn 0.2447 -0.1035 -0.9641
vn -0.2407 0.7235 0.6470
vn 0.2353 0.6143 0.7532
vn 0.7969 0.0920 -0.5971
vn -0.7983 0.5327 0.2810
vn -0.4843 0.5689 0.6647
vn 0.6263 -0.0144 -0.7794
vn -0.6851 0.6046 0.4064
vn -0.2845 0.6592 0.6961
vn 0.1123 -0.0661 -0.9915
vn -0.1537 0.6994 0.6980
vn 0.3309 0.5921 0.7348
vn 0.7058 0.5788 0.4084
vn 0.9189 0.3937 -0.0228
vn -0.8757 0.1489 -0.4593
vn 0.7172 0.5975 0.3585
vn 0.9306 0.3629 -0.0479
vn -0.8653 0.1256 -0.4853
vn 0.7183 0.5965 0.3582
vn 0.9303 0.3635 -0.0493
vn -0.8655 0.1278 -0.4844
vn -0.8139 -0.3076 -0.4930
vn -0.4240 -0.6834 -0.5943
vn 0.2196 0.0391 0.9748
vn -0.2355 0.6142 0.7532
vn 0.2404 0.7236 0.6470
vn -0.2452 -0.1031 -0.9640
vn 0.4842 0.5691 0.6646
vn 0.7986 0.5327 0.2802
vn -0.7971 0.0918 -0.5968
vn 0.2823 0.6606 0.6956
vn 0.6840 0.6050 0.4074
vn -0.6252 -0.0173 -0.7802
vn -0.3303 0.5932 0.7342
vn 0.1543 0.6999 0.6974
vn -0.1116 -0.0675 -0.9915
vn 0.1792 -0.7125 0.6784
vn 0.8410 -0.2846 -0.4602
vn 0.6887 0.3883 -0.6123
vn -0.6887 0.3883 -0.6123
vn -0.8410 -0.2846 -0.4602
vn -0.1792 -0.7125 0.6784
vn -0.9154 -0.1685 -0.3656
vn 0.9857 -0.1204 -0.1179
vn 0.9197 -0.3718 0.1262
vn 0.9976 -0.0628 0.0289
vn -0.6864 0.3670 -0.6278
vn -0.9154 -0.1685 -0.3657
vn 0.9857 -0.1205 -0.1179
vn -0.9216 -0.1685 -0.3496
vn 0.9835 -0.1205 -0.1350
vn 0.9217 -0.3719 0.1102
vn 0.9980 -0.0628 0.0116
vn -0.6972 0.3671 -0.6158
vn -0.9186 -0.1685 -0.3576
vn 0.9846 -0.1205 -0.1264
vn 0.9208 -0.3718 0.1182
vn 0.9978 -0.0628 0.0202
vn -0.6918 0.3671 -0.6218
vn 0.9197 -0.3717 0.1261
vn -0.9504 -0.0703 -0.3029
vn -0.6959 0.3966 -0.5986
vn 0.7852 -0.5733 0.2340
vn -0.9197 -0.3718 0.1262
vn -0.9857 -0.1204 -0.1179
vn 0.9154 -0.1685 -0.3656
vn -0.9976 -0.0628 0.0289
vn 0.6864 0.3670 -0.6278
vn 0.9154 -0.1685 -0.3657
vn -0.9217 -0.3718 0.1102
vn -0.9835 -0.1204 -0.1350
vn 0.9216 -0.1684 -0.3496
vn -0.9980 -0.0628 0.0116
vn 0.6972 0.3670 -0.6158
vn -0.9208 -0.3718 0.1182
vn -0.9846 -0.1204 -0.1264
vn 0.9186 -0.1684 -0.3576
vn -0.9978 -0.0628 0.0202
vn 0.6918 0.3670 -0.6218
vn 0.6959 0.3966 -0.5987
vn 0.9504 -0.0703 -0.3029
vn -0.7852 -0.5733 0.2340
vn 0.4842 0.3223 0.8135
vn -0.3005 0.1708 0.9384
vn -0.0001 -0.7224 0.6914
vn -0.0000 -0.5193 -0.8546
vn -0.8487 -0.5227 -0.0809
vn 0.7852 -0.5733 0.2339
vn -0.8486 -0.5227 -0.0808
vn -0.8499 -0.5227 -0.0661
vn 0.7892 -0.5733 0.2202
vn -0.8493 -0.5228 -0.0734
vn 0.7872 -0.5733 0.2271
vn 0.8487 -0.5227 -0.0809
vn -0.7852 -0.5733 0.2339
vn 0.8486 -0.5227 -0.0809
vn 0.8499 -0.5227 -0.0661
vn -0.7892 -0.5733 0.2203
vn 0.8493 -0.5228 -0.0735
vn -0.7872 -0.5733 0.2271
vn 0.1207 -0.1813 -0.9760
vn -0.1319 0.2301 -0.9642
vn -0.0436 0.3550 -0.9339
vn 0.0402 -0.3385 -0.9401
vn -0.0597 0.3130 -0.9479
vn 0.0921 -0.3610 -0.9280
vn -0.0703 0.3192 -0.9451
vn 0.1271 -0.2622 -0.9566
vn 0.8363 0.4178 -0.3550
vn 0.9140 0.2592 -0.3123
vn 0.0436 0.3550 -0.9339
vn 0.1319 0.2301 -0.9642
vn -0.1207 -0.1813 -0.9760
vn -0.0402 -0.3385 -0.9401
vn 0.0597 0.3130 -0.9479
vn -0.0921 -0.3610 -0.9280
vn 0.0703 0.3192 -0.9451
vn -0.1271 -0.2622 -0.9566
vn -0.9140 0.2592 -0.3123
vn -0.8363 0.4178 -0.3550
vn -0.8487 -0.5227 -0.0808
vn -0.8042 -0.5934 -0.0335
vn -0.7768 -0.6298 -0.0012
vn 0.7537 -0.6120 0.2394
vn -0.9578 -0.0416 -0.2842
vn -0.7525 -0.6547 -0.0715
vn 0.9986 -0.0425 0.0320
vn 0.7518 -0.6375 0.1682
vn -0.6725 0.5208 -0.5258
vn 0.7383 -0.6744 0.0116
vn -0.6913 -0.6884 -0.2195
vn -0.9580 -0.0030 -0.2867
vn 0.7924 0.5333 -0.2962
vn -0.6582 0.6289 -0.4139
vn -0.9628 0.0294 -0.2684
vn 0.9996 -0.0030 0.0293
vn 0.7422 0.6422 -0.1916
vn -0.6689 0.7049 -0.2360
vn -0.9628 0.0113 -0.2699
vn -0.6239 -0.7520 -0.2130
vn -0.6191 -0.7731 -0.1381
vn -0.9617 0.0187 -0.2734
vn -0.6399 0.7502 -0.1663
vn -0.6624 0.7327 -0.1561
vn 0.6595 0.7502 0.0480
vn 0.6311 0.7731 0.0637
vn 0.6957 0.7182 -0.0163
vn 0.9982 -0.0000 0.0599
vn 0.9984 0.0294 0.0482
vn 0.9993 0.0016 0.0386
vn 0.6733 -0.7394 -0.0039
vn 0.6441 -0.7621 0.0650
vn 0.8487 -0.5227 -0.0808
vn 0.8042 -0.5934 -0.0335
vn 0.7768 -0.6298 -0.0012
vn -0.7537 -0.6120 0.2394
vn 0.9579 -0.0424 -0.2839
vn 0.7525 -0.6547 -0.0714
vn 0.6725 0.5208 -0.5258
vn 0.9580 -0.0030 -0.2867
vn 0.6913 -0.6884 -0.2195
vn 0.9628 0.0294 -0.2684
vn 0.6582 0.6289 -0.4139
vn -0.7924 0.5333 -0.2962
vn -0.9986 -0.0424 0.0320
vn -0.7422 0.6422 -0.1916
vn -0.7518 -0.6375 0.1682
vn -0.9996 -0.0030 0.0293
vn -0.7383 -0.6744 0.0116
vn -0.9984 0.0294 0.0482
vn 0.6689 0.7049 -0.2360
vn -0.6957 0.7182 -0.0163
vn 0.6624 0.7327 -0.1561
vn -0.6595 0.7502 0.0480
vn -0.9993 0.0016 0.0386
vn -0.6733 -0.7394 -0.0039
vn 0.6239 -0.7520 -0.2130
vn 0.6191 -0.7731 -0.1381
vn -0.6441 -0.7621 0.0650
vn -0.9982 -0.0000 0.0605
vn -0.6311 0.7731 0.0637
vn 0.6399 0.7502 -0.1663
vn 0.9628 0.0113 -0.2699
vn 0.9617 0.0188 -0.2734
vn 0.3121 -0.8228 -0.4750
vn -0.0000 -0.8879 -0.4599
vn -0.0000 -0.9357 -0.3528
vn 0.4148 -0.8460 -0.3351
vn 0.5242 -0.6884 -0.5013
vn -0.0000 -0.9821 -0.1883
vn 0.6051 -0.6511 -0.4582
vn 0.6731 -0.5596 -0.4835
vn 0.5420 -0.8008 -0.2548
vn 0.7292 -0.5265 -0.4371
vn 0.7167 -0.3858 -0.5809
vn 0.3116 -0.9386 -0.1479
vn -0.0000 -0.9739 -0.2270
vn -0.0000 -0.9993 0.0382
vn 0.8619 -0.2511 -0.4405
vn 0.8172 0.0603 -0.5732
vn 0.7681 -0.4403 -0.4649
vn 0.9212 0.0435 -0.3865
vn 0.7945 0.4052 -0.4523
vn 0.8939 -0.1951 -0.4036
vn 0.6736 -0.5920 -0.4424
vn 0.7717 -0.4217 -0.4760
vn 0.7100 -0.6844 -0.1658
vn 0.6499 -0.5590 -0.5149
vn 0.5876 -0.8042 -0.0894
vn 0.8139 -0.4708 -0.3404
vn 0.1844 -0.9823 0.0319
vn 0.4400 -0.8583 0.2639
vn -0.0000 -0.9226 0.3858
vn 0.8761 -0.4776 -0.0666
vn 0.5332 -0.8248 0.1881
vn -0.0000 -0.9337 0.3579
vn 0.7521 -0.6513 0.1011
vn 0.4542 -0.4333 -0.7784
vn -0.0000 -0.3242 -0.9460
vn -0.0000 0.4749 -0.8800
vn -0.2237 0.4924 -0.8412
vn 0.5779 0.2153 -0.7872
vn -0.2645 0.6897 -0.6741
vn -0.2256 0.7673 -0.6003
vn 0.5938 0.5365 -0.5997
vn -0.8488 -0.4207 -0.3201
vn -0.0186 -0.6917 -0.7219
vn -0.1742 -0.9530 -0.2480
vn -0.5412 -0.7843 0.3034
vn 0.6465 -0.5842 -0.4906
vn 0.2579 -0.9587 0.1197
vn -0.1117 -0.9373 0.3301
vn 0.0429 -0.8918 0.4503
vn 0.6713 -0.6881 -0.2755
vn 0.7659 -0.4122 -0.4935
vn 0.8348 -0.3402 -0.4328
vn 0.9275 -0.3518 -0.1263
vn 0.9261 -0.1126 -0.3601
vn 0.7193 -0.6918 0.0631
vn -0.0720 -0.8539 0.5154
vn 0.9382 -0.1653 -0.3042
vn 0.7851 -0.1964 -0.5874
vn 0.8766 0.1439 -0.4591
vn 0.8743 -0.2216 -0.4317
vn 0.7874 -0.2820 -0.5481
vn 0.9346 0.0053 -0.3557
vn 0.8400 0.0862 -0.5357
vn 0.8995 0.0905 -0.4274
vn 0.9430 0.1731 -0.2842
vn 0.8514 0.2896 -0.4374
vn 0.7891 0.3343 -0.5154
vn 0.9037 0.3354 -0.2662
vn 0.8221 0.5598 -0.1037
vn 0.7495 0.6425 -0.1597
vn 0.8937 0.4109 -0.1800
vn 0.6733 0.7394 -0.0056
vn 0.6473 0.7621 0.0154
vn 0.8002 0.5956 -0.0709
vn 0.9061 0.3217 -0.2748
vn 0.3854 0.9182 0.0918
vn 0.3836 0.9000 0.2071
vn 0.0160 0.9242 0.3816
vn 0.9125 0.3220 -0.2521
vn 0.1252 0.9827 0.1367
vn 0.9035 0.4209 -0.0810
vn 0.8296 0.2743 -0.4864
vn 0.9687 0.2366 0.0746
vn 0.7121 0.6992 0.0636
vn 0.5765 0.8170 0.0118
vn 0.3295 0.9441 -0.0099
vn 0.2478 0.9684 -0.0270
vn 0.6731 0.7165 0.1833
vn 0.0938 0.9952 -0.0272
vn 0.1780 0.9519 -0.2494
vn 0.2452 0.9686 0.0404
vn -0.0000 0.9997 -0.0232
vn -0.0121 0.9738 -0.2272
vn 0.0317 0.9514 -0.3063
vn 0.0358 0.8509 -0.5241
vn 0.2111 0.7829 -0.5852
vn -0.0270 0.9945 -0.1014
vn -0.3885 0.7888 -0.4764
vn 0.2530 -0.7968 -0.5488
vn 0.2163 -0.8344 -0.5069
vn 0.5227 -0.6798 -0.5144
vn 0.1259 -0.7627 -0.6343
vn 0.4389 -0.5842 -0.6827
vn 0.6083 -0.2712 -0.7459
vn 0.0033 0.0116 -0.9999
vn 0.7239 0.3369 -0.6020
vn 0.6758 0.0813 -0.7326
vn 0.6698 -0.1917 -0.7174
vn 0.6099 0.4833 -0.6280
vn 0.7406 0.4212 -0.5236
vn 0.5687 0.5799 -0.5833
vn 0.7902 0.3155 -0.5255
vn 0.7782 0.4338 -0.4542
vn 0.1700 0.6669 -0.7255
vn 0.5177 0.5304 -0.6713
vn 0.7511 0.2787 -0.5985
vn 0.7605 0.1415 -0.6337
vn 0.7075 0.0988 -0.6997
vn 0.5195 0.0828 -0.8504
vn 0.5573 0.0342 -0.8296
vn 0.3108 0.2323 -0.9217
vn 0.6933 0.2990 -0.6556
vn 0.3325 0.3541 -0.8741
vn 0.2289 0.2744 -0.9340
vn 0.5553 0.4445 -0.7029
vn 0.3086 0.3093 -0.8995
vn 0.8290 0.3281 -0.4529
vn 0.4932 0.4097 -0.7674
vn 0.7165 0.4949 -0.4917
vn 0.5703 0.5424 -0.6169
vn 0.2639 0.1845 -0.9467
vn 0.5276 0.5207 -0.6712
vn 0.2498 0.4335 -0.8658
vn 0.4096 0.1113 -0.9055
vn 0.4359 0.6325 -0.6402
vn 0.2921 0.0494 -0.9551
vn 0.5974 0.3576 -0.7178
vn 0.3428 -0.4072 -0.8465
vn 0.6378 0.1460 -0.7563
vn 0.5321 -0.2384 -0.8124
vn 0.4284 0.0619 -0.9015
vn 0.4207 0.3662 -0.8300
vn 0.3691 -0.4607 -0.8072
vn 0.0991 0.4572 -0.8838
vn 0.4363 -0.1955 -0.8783
vn 0.1556 0.3431 -0.9263
vn 0.5686 -0.2286 -0.7902
vn 0.3270 -0.6079 -0.7236
vn 0.3269 -0.3499 -0.8779
vn 0.0586 -0.6652 -0.7443
vn 0.3638 -0.2492 -0.8975
vn 0.1352 -0.6515 -0.7465
vn 0.0832 -0.0191 -0.9964
vn 0.4709 -0.5388 -0.6985
vn 0.5074 -0.4199 -0.7525
vn -0.1297 0.3816 -0.9152
vn 0.3707 -0.1243 -0.9204
vn -0.1869 0.6186 -0.7632
vn -0.0478 0.1620 -0.9856
vn -0.0495 0.8239 -0.5645
vn 0.1931 0.2104 -0.9584
vn -0.0000 0.9603 -0.2790
vn -0.0000 0.8136 -0.5814
vn -0.0000 0.6024 -0.7982
vn 0.0495 0.8239 -0.5645
vn -0.0000 0.4281 -0.9037
vn 0.1870 0.6185 -0.7632
vn 0.1297 0.3816 -0.9152
vn -0.0000 0.3615 -0.9324
vn -0.0991 0.4572 -0.8838
vn 0.4135 0.5180 -0.7488
vn -0.1700 0.6669 -0.7255
vn 0.5476 0.0413 -0.8357
vn 0.3488 -0.2840 -0.8931
vn 0.9582 -0.2242 -0.1778
vn 0.2453 -0.8108 -0.5315
vn 0.7065 -0.6690 -0.2306
vn -0.0233 -0.8319 -0.5545
vn 0.3427 0.2905 -0.8934
vn 0.1695 0.3662 -0.9150
vn -0.0516 0.5276 -0.8479
vn 0.0982 0.7001 -0.7073
vn 0.6387 0.5282 -0.5595
vn 0.3866 0.6919 -0.6098
vn -0.0000 0.6529 -0.7574
vn 0.4151 0.6268 -0.6594
vn -0.0000 0.4762 -0.8793
vn 0.8331 0.3659 -0.4147
vn -0.0000 0.7043 -0.7099
vn 0.5145 0.6414 -0.5691
vn 0.8827 0.2314 -0.4091
vn 0.9236 0.0660 -0.3777
vn 0.8252 0.3521 -0.4417
vn 0.9002 -0.0773 -0.4285
vn 0.8687 -0.1396 -0.4753
vn 0.8748 -0.3348 -0.3503
vn 0.7065 -0.3643 -0.6067
vn 0.6911 -0.7206 0.0565
vn 0.6520 -0.3932 -0.6483
vn 0.4115 -0.9015 -0.1343
vn -0.0191 -0.9096 0.4151
vn 0.6301 -0.5672 -0.5304
vn 0.1262 -0.9785 -0.1631
vn -0.2473 -0.8215 0.5137
vn 0.4003 -0.5757 -0.7130
vn -0.0000 -0.9379 0.3469
vn -0.0000 -0.8380 0.5457
vn 0.2474 -0.8215 0.5137
vn 0.3081 -0.7400 -0.5978
vn -0.0000 -0.8842 -0.4670
vn -0.1262 -0.9785 -0.1631
vn 0.0191 -0.9096 0.4151
vn -0.0000 -0.6344 -0.7730
vn -0.3081 -0.7400 -0.5979
vn -0.4115 -0.9015 -0.1343
vn 0.0720 -0.8539 0.5154
vn -0.6301 -0.5672 -0.5304
vn -0.4003 -0.5757 -0.7130
vn -0.6911 -0.7206 0.0565
vn -0.7193 -0.6918 0.0631
vn -0.0429 -0.8918 0.4503
vn -0.8752 -0.3335 -0.3504
vn -0.6520 -0.3932 -0.6483
vn -0.0000 -0.6237 -0.7817
vn -0.4216 -0.5536 -0.7182
vn 0.4216 -0.5536 -0.7182
vn -0.0000 -0.2170 -0.9762
vn 0.7729 -0.2532 -0.5818
vn 0.5068 -0.2729 -0.8178
vn 0.3403 0.7039 -0.6235
vn -0.0000 0.7200 -0.6940
vn -0.0000 0.7967 -0.6044
vn -0.5067 -0.2729 -0.8178
vn -0.3403 0.7039 -0.6235
vn -0.7729 -0.2532 -0.5818
vn -0.7065 -0.3643 -0.6067
vn -0.8252 0.3521 -0.4417
vn -0.8687 -0.1396 -0.4753
vn -0.9002 -0.0773 -0.4285
vn -0.9382 -0.1653 -0.3042
vn -0.9236 0.0660 -0.3777
vn -0.8827 0.2314 -0.4091
vn -0.5145 0.6414 -0.5691
vn -0.8290 0.3281 -0.4529
vn -0.8331 0.3660 -0.4147
vn -0.4151 0.6268 -0.6594
vn -0.3866 0.6919 -0.6098
vn -0.7165 0.4949 -0.4917
vn -0.4135 0.5181 -0.7488
vn -0.6387 0.5282 -0.5595
vn -0.1931 0.2104 -0.9584
vn 0.0478 0.1620 -0.9856
vn -0.3707 -0.1243 -0.9204
vn -0.6378 0.1460 -0.7563
vn -0.0832 -0.0191 -0.9964
vn -0.1565 0.3436 -0.9260
vn -0.5113 -0.5305 -0.6761
vn -0.3634 -0.2422 -0.8996
vn -0.4207 0.3662 -0.8300
vn -0.5041 -0.4078 -0.7613
vn -0.4366 -0.1927 -0.8788
vn -0.2815 -0.6212 -0.7313
vn -0.5177 0.5304 -0.6713
vn -0.5321 -0.2384 -0.8124
vn -0.3362 -0.5000 -0.7981
vn -0.7511 0.2787 -0.5985
vn -0.5687 0.5799 -0.5833
vn -0.7782 0.4337 -0.4543
vn -0.2111 0.7829 -0.5852
vn -0.7405 0.4212 -0.5236
vn -0.0317 0.9514 -0.3063
vn -0.6099 0.4834 -0.6280
vn -0.1780 0.9519 -0.2494
vn -0.0938 0.9952 -0.0272
vn -0.0358 0.8509 -0.5241
vn -0.1252 0.9827 0.1367
vn -0.3295 0.9441 -0.0099
vn -0.0000 0.9844 0.1759
vn -0.0000 0.8898 0.4564
vn -0.0160 0.9242 0.3816
vn -0.3854 0.9182 0.0918
vn -0.3836 0.9000 0.2071
vn -0.6473 0.7621 0.0154
vn -0.6733 0.7394 -0.0056
vn -0.7495 0.6425 -0.1597
vn -0.5765 0.8170 0.0118
vn -0.8221 0.5598 -0.1037
vn -0.7945 0.4052 -0.4523
vn -0.8002 0.5956 -0.0709
vn -0.2478 0.9684 -0.0270
vn -0.7121 0.6992 0.0636
vn -0.8937 0.4109 -0.1800
vn 0.0121 0.9738 -0.2272
vn -0.9037 0.3354 -0.2663
vn -0.9213 0.0436 -0.3865
vn -0.8172 0.0603 -0.5732
vn -0.9430 0.1731 -0.2842
vn -0.8619 -0.2511 -0.4405
vn -0.7167 -0.3858 -0.5809
vn -0.9346 0.0053 -0.3557
vn -0.7292 -0.5265 -0.4371
vn -0.6731 -0.5596 -0.4835
vn -0.8938 -0.1950 -0.4039
vn -0.7681 -0.4403 -0.4649
vn -0.6051 -0.6511 -0.4582
vn -0.5242 -0.6884 -0.5013
vn -0.7717 -0.4217 -0.4760
vn -0.4152 -0.8461 -0.3344
vn -0.3121 -0.8228 -0.4750
vn -0.5420 -0.8008 -0.2548
vn -0.6736 -0.5920 -0.4424
vn -0.3116 -0.9386 -0.1479
vn -0.7100 -0.6844 -0.1658
vn -0.1844 -0.9823 0.0319
vn -0.5876 -0.8042 -0.0894
vn -0.4400 -0.8583 0.2639
vn -0.8763 -0.4772 -0.0661
vn -0.8139 -0.4708 -0.3404
vn -0.5332 -0.8248 0.1881
vn -0.7521 -0.6513 0.1011
vn -0.4542 -0.4333 -0.7784
vn 0.2237 0.4924 -0.8411
vn -0.5779 0.2153 -0.7872
vn 0.2645 0.6897 -0.6741
vn 0.2256 0.7673 -0.6003
vn -0.5938 0.5365 -0.5997
vn 0.1321 0.8266 -0.5470
vn -0.5968 0.3247 -0.7338
vn 0.3547 0.6460 -0.6759
vn 0.8488 -0.4207 -0.3201
vn 0.0186 -0.6918 -0.7219
vn -0.6499 -0.5590 -0.5149
vn 0.1742 -0.9530 -0.2480
vn 0.5412 -0.7843 0.3034
vn -0.6465 -0.5842 -0.4906
vn -0.7659 -0.4122 -0.4935
vn -0.2579 -0.9587 0.1197
vn 0.1117 -0.9373 0.3301
vn -0.6709 -0.6885 -0.2756
vn -0.9275 -0.3518 -0.1263
vn -0.8348 -0.3402 -0.4328
vn -0.9261 -0.1126 -0.3601
vn -0.7851 -0.1964 -0.5874
vn -0.8766 0.1439 -0.4591
vn -0.6933 0.2990 -0.6556
vn -0.7874 -0.2820 -0.5481
vn -0.5574 0.0342 -0.8296
vn -0.5553 0.4445 -0.7029
vn -0.3325 0.3541 -0.8741
vn -0.7075 0.0988 -0.6997
vn -0.8743 -0.2216 -0.4318
vn -0.8400 0.0862 -0.5357
vn -0.8995 0.0905 -0.4274
vn -0.8514 0.2896 -0.4373
vn -0.7891 0.3343 -0.5154
vn -0.7902 0.3155 -0.5255
vn -0.9064 0.3207 -0.2750
vn -0.7239 0.3369 -0.6020
vn -0.7605 0.1415 -0.6337
vn -0.5195 0.0828 -0.8504
vn -0.3108 0.2323 -0.9217
vn -0.3428 -0.4073 -0.8465
vn -0.2289 0.2744 -0.9340
vn -0.2921 0.0494 -0.9551
vn -0.3086 0.3093 -0.8995
vn -0.4096 0.1113 -0.9055
vn -0.4932 0.4097 -0.7674
vn -0.2639 0.1845 -0.9468
vn -0.5703 0.5424 -0.6169
vn -0.5974 0.3576 -0.7178
vn -0.5276 0.5207 -0.6712
vn -0.2498 0.4335 -0.8658
vn -0.4360 0.6325 -0.6402
vn -0.5476 0.0412 -0.8357
vn 0.0516 0.5276 -0.8480
vn -0.0982 0.7001 -0.7073
vn -0.9582 -0.2241 -0.1777
vn -0.1695 0.3662 -0.9150
vn -0.3427 0.2906 -0.8934
vn -0.7065 -0.6690 -0.2306
vn -0.3551 -0.2682 -0.8955
vn -0.2456 -0.8212 -0.5150
vn -0.2344 -0.5916 -0.7714
vn -0.2407 -0.2825 -0.9286
vn 0.0232 -0.8319 -0.5545
vn -0.0586 -0.6652 -0.7443
vn -0.5686 -0.2286 -0.7902
vn -0.4284 0.0619 -0.9015
vn -0.5120 -0.7610 0.3984
vn -0.0000 -0.8533 0.5214
vn -0.0000 -0.8911 0.4538
vn 0.1053 -0.9921 0.0682
vn -0.0000 -0.9641 -0.2654
vn -0.2547 -0.8898 -0.3788
vn 0.4435 -0.8539 -0.2724
vn -0.0000 -0.8162 -0.5777
vn 0.1053 -0.7811 -0.6155
vn 0.3803 -0.7939 -0.4745
vn -0.0000 -0.7242 -0.6896
vn 0.2932 -0.6720 -0.6801
vn 0.2948 -0.7398 -0.6048
vn -0.0000 -0.7798 -0.6261
vn 0.5468 -0.6837 -0.4832
vn 0.5737 -0.3703 -0.7306
vn 0.2056 -0.7686 -0.6058
vn 0.7707 -0.5263 -0.3591
vn 0.8913 -0.1508 -0.4277
vn 0.5108 -0.6865 -0.5174
vn 0.9486 0.2139 0.2334
vn 0.8876 0.4604 0.0120
vn 0.9234 -0.3090 -0.2278
vn 0.9405 -0.1885 0.2828
vn 0.8973 -0.4138 -0.1536
vn 0.9312 -0.3598 -0.0587
vn 0.7286 -0.5635 -0.3893
vn 0.8572 -0.4356 -0.2746
vn 0.9457 -0.2440 -0.2146
vn 0.4896 -0.6549 -0.5757
vn 0.6260 -0.5159 -0.5848
vn 0.8143 -0.2656 -0.5161
vn 0.1912 -0.7391 -0.6458
vn -0.0000 -0.7587 -0.6514
vn 0.4404 -0.4945 -0.7493
vn 0.1991 -0.4984 -0.8438
vn -0.0000 -0.4838 -0.8752
vn 0.5206 -0.3309 -0.7871
vn 0.2973 -0.3336 -0.8946
vn 0.0049 -0.2826 -0.9592
vn -0.0000 -0.2544 -0.9671
vn -0.0341 -0.1840 -0.9823
vn -0.0000 -0.2028 -0.9792
vn 0.2307 -0.4017 -0.8862
vn -0.2351 -0.5724 -0.7856
vn -0.0000 -0.0035 -1.0000
vn 0.5452 -0.3800 -0.7472
vn -0.0559 -0.8008 -0.5963
vn 0.7856 -0.2500 -0.5659
vn 0.3614 -0.8673 -0.3424
vn 0.7258 -0.6591 -0.1972
vn 0.8213 -0.1912 -0.5375
vn -0.0917 -0.6492 0.7550
vn 0.8617 -0.4707 -0.1895
vn 0.7562 -0.6205 -0.2075
vn -0.1886 -0.6937 -0.6951
vn -0.6370 -0.7465 0.1923
vn 0.2701 -0.8486 -0.4549
vn 0.7144 -0.2928 -0.6355
vn 0.5784 -0.4696 -0.6671
vn 0.4298 -0.3448 -0.8345
vn -0.0277 -0.2594 -0.9654
vn 0.2720 0.0443 -0.9613
vn -0.2968 -0.1128 -0.9483
vn -0.1010 0.1183 -0.9878
vn -0.3099 0.1814 -0.9333
vn -0.0000 0.1301 -0.9915
vn -0.0000 0.1808 -0.9835
vn -0.2265 0.2264 -0.9473
vn -0.0000 0.1489 -0.9888
vn -0.1791 0.3113 -0.9333
vn -0.0957 0.1853 -0.9780
vn -0.0000 -0.3194 -0.9476
vn -0.0930 0.3519 -0.9314
vn 0.0802 -0.2010 -0.9763
vn -0.0000 -0.6234 -0.7819
vn 0.0199 0.3316 -0.9432
vn 0.2194 -0.6066 -0.7641
vn -0.0000 -0.8053 -0.5929
vn 0.1672 0.0953 -0.9813
vn -0.0911 0.4607 -0.8829
vn 0.2433 -0.8077 -0.5370
vn 0.3920 -0.5734 -0.7194
vn 0.4492 -0.7244 -0.5229
vn 0.5923 -0.6147 -0.5209
vn 0.4154 -0.4313 -0.8009
vn 0.5118 -0.5405 -0.6678
vn 0.0670 0.2534 -0.9650
vn 0.1872 -0.3004 -0.9352
vn 0.6024 -0.0332 -0.7975
vn 0.0024 0.2265 -0.9740
vn 0.5527 -0.0311 -0.8328
vn 0.7206 0.4961 -0.4845
vn 0.6783 0.7241 -0.1246
vn 0.6939 0.5168 -0.5014
vn 0.5772 0.8053 0.1354
vn 0.6438 0.7625 -0.0642
vn 0.3416 0.3571 -0.8693
vn 0.6065 0.5731 -0.5511
vn 0.2055 0.9023 0.3788
vn 0.5921 0.7622 0.2617
vn -0.1249 0.8644 0.4871
vn -0.0000 0.8600 0.5104
vn 0.2600 0.8466 0.4645
vn -0.1424 0.8364 0.5293
vn -0.0000 0.8272 0.5620
vn 0.3511 0.7254 0.5920
vn -0.0649 0.7218 0.6891
vn -0.0000 0.7207 0.6932
vn 0.4859 0.7499 0.4489
vn -0.0085 0.4133 0.9106
vn -0.0000 0.3243 0.9460
vn 0.3844 0.4647 0.7977
vn -0.1182 0.1020 0.9877
vn -0.0000 0.0672 0.9977
vn 0.2391 0.1847 0.9533
vn -0.1600 0.1195 0.9799
vn -0.0000 0.1559 0.9878
vn 0.1431 0.0280 0.9893
vn -0.0757 0.3132 0.9467
vn -0.0000 0.3155 0.9489
vn -0.0000 0.4845 0.8748
vn 0.3030 0.1073 0.9469
vn 0.0640 0.4750 0.8776
vn -0.0000 0.6127 0.7903
vn 0.4942 0.1515 0.8560
vn 0.5714 -0.2125 0.7927
vn -0.0178 0.6831 0.7301
vn -0.0000 0.6337 0.7736
vn -0.1967 0.6627 0.7226
vn 0.3878 0.7571 0.5258
vn 0.5345 0.6374 0.5549
vn 0.7169 0.6354 0.2870
vn 0.7300 0.5142 0.4502
vn 0.7649 -0.0103 0.6440
vn 0.7188 -0.2796 0.6366
vn 0.9327 -0.2898 0.2146
vn 0.9031 -0.0962 0.4184
vn 0.9764 -0.2155 0.0116
vn 0.5532 -0.0572 0.8311
vn 0.6592 0.1840 0.7291
vn 0.8564 0.0120 0.5161
vn 0.6565 0.3748 0.6546
vn 0.9093 0.2286 0.3477
vn 0.4086 0.3193 0.8550
vn -0.4830 -0.4785 0.7333
vn -0.7692 -0.6112 0.1864
vn 0.1418 -0.2531 0.9570
vn -0.6328 -0.4708 0.6148
vn -0.6448 -0.7392 0.1946
vn -0.1087 0.1234 0.9864
vn -0.5109 -0.5294 0.6773
vn -0.5075 -0.8381 0.2001
vn -0.1298 0.0404 0.9907
vn 0.1189 -0.0947 0.9884
vn -0.3283 -0.6636 0.6722
vn -0.5103 -0.8297 0.2263
vn 0.6192 0.5546 0.5560
vn 0.1068 -0.1095 0.9882
vn -0.3541 -0.5331 0.7684
vn -0.6198 -0.3326 0.7108
vn -0.8743 -0.4723 0.1117
vn -0.9196 -0.3770 0.1103
vn -0.6509 -0.2443 0.7188
vn -0.0623 0.0276 0.9977
vn -0.1153 0.0546 0.9918
vn -0.0072 0.0809 0.9967
vn 0.5264 0.5919 0.6103
vn 0.5552 0.6117 0.5635
vn 0.5743 0.5578 0.5992
vn 0.5180 0.6229 0.5863
vn 0.6113 0.7676 -0.1926
vn 0.6931 0.7172 -0.0728
vn 0.5495 0.8078 -0.2135
vn 0.3292 0.5953 -0.7330
vn 0.7163 0.6723 -0.1867
vn 0.3431 0.5442 -0.7656
vn 0.4726 0.4724 -0.7440
vn -0.0631 0.1435 -0.9876
vn -0.2920 0.2634 -0.9194
vn 0.3988 0.5404 -0.7409
vn -0.3530 -0.6431 -0.6796
vn -0.7698 -0.0468 -0.6366
vn 0.3892 -0.0009 -0.9212
vn 0.1158 -0.6603 -0.7420
vn 0.3712 0.1808 -0.9108
vn -0.5790 -0.5755 -0.5776
vn -0.7977 -0.0935 -0.5958
vn -0.2642 -0.9378 -0.2251
vn -0.3938 -0.8592 -0.3266
vn 0.0162 -0.4037 -0.9148
vn -0.5729 -0.7245 -0.3832
vn 0.4000 0.2493 -0.8820
vn -0.6521 -0.6211 -0.4347
vn -0.0705 -0.2475 -0.9663
vn -0.0601 -0.3014 -0.9516
vn 0.1928 -0.5730 -0.7966
vn 0.4443 0.0902 -0.8913
vn 0.5447 -0.1660 -0.8221
vn 0.4168 -0.5285 -0.7396
vn 0.7877 0.2236 -0.5741
vn 0.4894 0.5414 -0.6836
vn 0.5521 0.7766 -0.3035
vn 0.8688 0.4458 -0.2154
vn 0.6285 0.5871 0.5103
vn 0.7805 0.1885 -0.5960
vn 0.8998 0.4301 -0.0738
vn 0.5415 0.4355 0.7191
vn 0.7194 0.6894 -0.0853
vn 0.1162 0.0578 0.9915
vn 0.5191 0.5126 0.6840
vn 0.1701 0.2361 0.9567
vn 0.3129 0.7034 0.6382
vn 0.4899 0.8707 -0.0434
vn 0.6435 0.4839 -0.5931
vn 0.0544 0.8108 0.5827
vn 0.1684 0.9856 0.0139
vn 0.4470 0.6822 -0.5787
vn 0.1611 0.8169 0.5538
vn 0.0779 0.9966 0.0259
vn 0.4126 0.9095 0.0512
vn 0.1294 0.8420 -0.5237
vn 0.1944 0.8094 -0.5541
vn 0.1109 0.4874 -0.8661
vn 0.3098 0.3915 -0.8665
vn 0.0585 0.3357 -0.9401
vn 0.2080 0.0442 -0.9771
vn 0.5332 0.0143 -0.8459
vn 0.2410 0.0014 -0.9705
vn -0.0172 0.3747 -0.9270
vn 0.6445 -0.1586 -0.7480
vn 0.2117 0.2254 -0.9510
vn 0.5351 -0.0932 -0.8396
vn -0.8053 -0.5772 -0.1350
vn -0.4263 -0.8983 -0.1069
vn -0.4401 -0.8978 -0.0165
vn -0.8539 -0.5151 0.0744
vn -0.4252 -0.8197 0.3837
vn -0.9143 -0.3689 -0.1673
vn -0.7154 -0.4467 0.5373
vn -0.2148 -0.7903 0.5738
vn -0.9644 -0.2400 0.1108
vn -0.9453 -0.2971 -0.1345
vn -0.7867 -0.1529 0.5981
vn -0.3762 -0.3151 0.8713
vn 0.0312 -0.8295 0.5577
vn -0.9252 -0.1217 0.3594
vn -0.9347 -0.3194 -0.1558
vn -0.3917 -0.0551 0.9185
vn -0.8395 -0.4059 0.3612
vn -0.9368 -0.3194 -0.1427
vn -0.4381 0.0928 0.8941
vn -0.3900 -0.3049 0.8689
vn -0.8253 -0.3711 0.4257
vn -0.9620 -0.2328 -0.1426
vn 0.1664 -0.1676 0.9717
vn -0.9136 -0.1225 0.3878
vn -0.2862 -0.2598 0.9223
vn -0.8083 -0.3300 0.4876
vn -0.9201 -0.3762 -0.1086
vn -0.4043 0.0570 0.9128
vn -0.5263 -0.7635 0.3743
vn -0.7220 -0.6757 -0.1488
vn -0.6332 -0.7398 -0.2275
vn -0.4042 -0.0601 0.9127
vn -0.5717 -0.7264 0.3815
vn -0.7019 -0.6472 -0.2976
vn -0.1848 -0.5775 0.7952
vn 0.1306 0.0017 0.9914
vn 0.2237 0.1330 0.9656
vn 0.2652 -0.1370 0.9544
vn 0.8866 0.0838 0.4548
vn 0.8833 -0.0369 0.4673
vn 0.8275 0.1090 0.5507
vn 0.2583 -0.4461 0.8569
vn 0.9887 0.1204 -0.0889
vn 0.8819 -0.0975 0.4613
vn 0.9633 0.2474 -0.1038
vn 0.9913 0.0008 -0.1316
vn 0.7229 -0.0643 -0.6879
vn 0.9930 -0.0462 -0.1085
vn 0.7149 -0.2210 -0.6634
vn 0.6869 -0.0140 -0.7266
vn 0.8995 -0.1121 0.4222
vn -0.0630 -0.2235 -0.9727
vn 0.7495 0.0892 -0.6560
vn 0.7974 -0.1204 -0.5913
vn -0.0840 0.0794 -0.9933
vn 0.0979 -0.4871 -0.8678
vn 0.7863 -0.2161 -0.5788
vn 0.0117 -0.5791 -0.8152
vn 0.9926 -0.0997 -0.0688
vn -0.5984 -0.4594 -0.6564
vn 0.8802 0.0380 0.4730
vn -0.0816 -0.2621 -0.9616
vn -0.5124 -0.6627 -0.5462
vn -0.6118 -0.3629 -0.7029
vn -0.7520 -0.5588 -0.3496
vn -0.7088 -0.3134 -0.6320
vn -0.7513 -0.1395 -0.6451
vn -0.7795 -0.0983 -0.6187
vn -0.0742 0.1415 -0.9872
vn -0.8387 -0.0190 -0.5443
vn -0.0119 0.3545 -0.9350
vn -0.9322 0.0129 -0.3616
vn -0.5188 0.7560 -0.3992
vn -0.9661 -0.0242 -0.2569
vn -0.4666 -0.8835 -0.0422
vn -0.9212 -0.3615 -0.1436
vn -0.9300 0.3189 -0.1830
vn -0.9523 -0.2729 -0.1366
vn -0.4925 -0.8685 0.0567
vn -0.5154 0.8263 -0.2272
vn -0.9437 -0.2361 -0.2318
vn -0.5986 -0.7886 -0.1408
vn -0.4967 -0.6959 -0.5187
vn -0.9497 0.2270 -0.2156
vn -0.7609 -0.1259 -0.6365
vn -0.2651 -0.2017 -0.9429
vn -0.1729 -0.8016 -0.5723
vn -0.6541 0.4910 -0.5754
vn -0.0412 -0.2870 -0.9570
vn -0.0646 -0.8064 -0.5878
vn -0.3203 0.6700 -0.6697
vn -0.0344 0.5602 -0.8276
vn 0.1002 -0.2232 -0.9696
vn 0.0452 -0.8172 -0.5746
vn 0.2595 -0.7782 -0.5719
vn -0.4532 0.8478 -0.2754
vn -0.0968 0.9226 -0.3734
vn -0.0856 0.9745 -0.2074
vn 0.1130 0.6830 -0.7217
vn 0.1448 0.9646 -0.2206
vn 0.0083 0.8871 -0.4615
vn 0.1581 0.9821 -0.1020
vn 0.4091 0.8307 -0.3777
vn 0.7489 0.3644 -0.5536
vn 0.4610 0.8868 0.0334
vn 0.9939 0.0074 -0.1101
vn 0.6434 0.7573 -0.1120
vn 0.9903 0.1254 -0.0599
vn 0.8824 -0.0151 0.4703
vn 0.8138 0.5774 0.0658
vn 0.4446 0.3429 0.8275
vn 0.8676 0.3131 0.3863
vn 0.8290 0.5591 0.0107
vn -0.0639 0.2268 0.9718
vn -0.0290 0.1211 0.9922
vn 0.5492 0.1557 0.8211
vn -0.0078 -0.2565 0.9665
vn 0.5479 -0.1685 0.8194
vn 0.3345 -0.7861 0.5197
vn 0.9081 0.1438 0.3933
vn 0.8881 -0.1894 0.4187
vn 0.4931 -0.8305 0.2590
vn 0.9255 0.3404 0.1662
vn 0.9613 -0.1629 0.2224
vn 0.5239 -0.8447 0.1097
vn 0.9927 -0.0875 0.0826
vn 0.4321 -0.9017 0.0176
vn 0.8132 0.5744 0.0936
vn 0.9889 -0.0550 0.1378
vn 0.4045 -0.8906 0.2078
vn 0.9980 -0.0230 0.0588
vn 0.6259 -0.7793 0.0311
vn 0.6854 -0.6663 -0.2938
vn 0.8505 0.5216 0.0676
vn 0.9582 -0.0850 -0.2730
vn 0.4679 -0.7527 -0.4631
vn 0.4099 0.9116 -0.0323
vn 0.8254 0.5105 -0.2412
vn 0.4858 0.7517 -0.4461
vn 0.2678 0.6584 -0.7035
vn 0.6848 0.2478 -0.6853
vn 0.3340 -0.1486 -0.9308
vn 0.6509 -0.3640 -0.6662
vn -0.6243 -0.0945 0.7754
vn -0.5382 -0.2024 0.8181
vn -0.4598 -0.3944 0.7956
vn -0.7689 -0.3545 0.5321
vn -0.3605 -0.6266 0.6910
vn -0.8256 -0.0235 0.5637
vn -0.5548 -0.7062 0.4399
vn -0.2802 -0.5833 0.7624
vn -0.9418 -0.3355 0.0202
vn -0.6113 -0.7370 0.2884
vn -0.4429 -0.4416 0.7803
vn -0.7082 -0.6956 -0.1212
vn -0.7884 -0.5869 0.1843
vn -0.7397 -0.6008 -0.3031
vn -0.7988 -0.4434 -0.4066
vn -0.6413 -0.1986 -0.7411
vn -0.4707 -0.3950 -0.7889
vn -0.0524 0.0736 -0.9959
vn -0.4448 -0.4065 -0.7981
vn 0.0283 -0.0698 -0.9972
vn 0.4311 0.4369 -0.7895
vn 0.7676 0.5991 -0.2279
vn 0.4638 0.1643 -0.8706
vn 0.7973 0.3471 -0.4938
vn 0.1114 -0.1159 -0.9870
vn 0.5838 0.0702 -0.8088
vn -0.5505 -0.1337 -0.8240
vn 0.0821 -0.0733 -0.9939
vn -0.9864 0.1635 -0.0160
vn -0.0146 0.0117 -0.9998
vn -0.9888 0.0605 0.1361
vn -0.6390 -0.2234 0.7361
vn -0.4944 0.0773 -0.8658
vn -0.9611 -0.0631 0.2690
vn -0.4679 0.0761 0.8805
vn -0.6650 -0.1980 -0.7201
vn -0.9384 -0.1178 0.3249
vn -0.3256 0.2762 0.9043
vn -0.6817 -0.4361 -0.5875
vn -0.7297 -0.5214 -0.4424
vn -0.7870 -0.3417 0.5136
vn -0.3962 0.4304 0.8110
vn -0.4850 -0.8641 -0.1344
vn -0.6220 -0.4636 0.6310
vn -0.2205 0.2218 0.9498
vn 0.5591 -0.4452 0.6995
vn -0.0934 -0.9869 0.1319
vn 0.5291 -0.7404 -0.4146
vn 0.9902 0.0486 -0.1308
vn 0.9093 0.1812 -0.3747
vn 0.3662 -0.7282 -0.5794
vn 0.9406 -0.1729 -0.2923
vn 0.1826 -0.5762 -0.7966
vn 0.8180 -0.5432 -0.1892
vn 0.2522 -0.6234 -0.7401
vn 0.1059 -0.8386 -0.5344
vn 0.0357 -0.4173 -0.9081
vn -0.0497 -0.1550 -0.9867
vn -0.3391 -0.4367 -0.8332
vn -0.5173 -0.7892 -0.3310
vn -0.6168 -0.5872 -0.5241
vn -0.0759 0.0115 -0.9971
vn -0.1695 -0.0891 -0.9815
vn 0.2954 0.2149 -0.9309
vn 0.2695 0.3224 -0.9074
vn -0.1781 -0.3925 -0.9023
vn -0.7640 -0.4341 -0.4774
vn 0.4517 0.2091 -0.8673
vn -0.0962 -0.4308 -0.8973
vn -0.7930 -0.3327 -0.5103
vn 0.5713 -0.2742 -0.7735
vn -0.0363 -0.4651 -0.8845
vn 0.7954 -0.2743 -0.5405
vn 0.9085 -0.1763 -0.3790
vn -0.1970 -0.6428 -0.7403
vn -0.8903 -0.1763 -0.4199
vn 0.8053 -0.3300 -0.4925
vn -0.2415 -0.6464 -0.7238
vn -0.8833 -0.1425 -0.4467
vn 0.7053 -0.6433 -0.2979
vn 0.7239 -0.6437 -0.2484
vn -0.2186 -0.7240 -0.6542
vn -0.8792 -0.1799 -0.4411
vn 0.8686 0.1228 0.4800
vn -0.1920 -0.8836 -0.4271
vn -0.8595 -0.5054 -0.0764
vn 0.6539 -0.7507 -0.0941
vn 0.2493 -0.9502 0.1873
vn -0.5300 -0.5677 0.6299
vn 0.0777 0.0078 0.9969
vn 0.6488 -0.4845 0.5868
vn 0.7805 -0.0614 0.6221
vn 0.0765 0.5104 0.8565
vn 0.0781 0.5659 0.8208
vn 0.8328 0.0146 0.5534
vn 0.1581 0.5458 0.8228
vn 0.8394 0.0391 0.5421
vn 0.2459 0.3117 0.9178
vn 0.9382 -0.0832 0.3359
vn 0.2353 -0.1817 0.9548
vn -0.6679 -0.6985 -0.2569
vn 0.1370 -0.5589 -0.8178
vn -0.7960 -0.3198 -0.5139
vn 0.6163 -0.4203 -0.6660
vn -0.1068 -0.4472 -0.8880
vn 0.6130 0.2569 -0.7471
vn 0.8597 -0.2635 -0.4376
vn 0.5077 0.3711 -0.7775
vn 0.6756 0.2592 -0.6902
vn 0.5337 0.2977 -0.7915
vn 0.7610 -0.2437 -0.6013
vn 0.5269 0.2077 -0.8242
vn 0.6055 0.3978 -0.6893
vn 0.5749 0.4323 -0.6947
vn 0.8044 0.2135 -0.5544
vn 0.7117 0.3302 -0.6200
vn 0.9060 0.3646 -0.2153
vn 0.9087 0.4169 -0.0215
vn 0.6225 0.3999 -0.6728
vn 0.7029 0.3993 0.5887
vn 0.6368 0.4174 -0.6483
vn 0.6441 0.4307 -0.6322
vn 0.7061 0.3039 -0.6396
vn 0.6412 0.4504 -0.6213
vn 0.7395 0.5846 -0.3338
vn 0.7453 0.5225 -0.4141
vn 0.7275 0.3541 -0.5877
vn 0.7433 0.4915 -0.4538
vn 0.7558 0.6542 0.0266
vn 0.7488 0.6625 -0.0214
vn 0.8432 0.3499 -0.4082
vn 0.6525 0.6102 0.4492
vn 0.5645 0.6008 0.5660
vn 0.7745 0.3877 0.4999
vn 0.5621 0.5127 0.6490
vn 0.7118 0.2965 0.6367
vn -0.0462 0.2899 0.9559
vn 0.3146 0.4235 0.8495
vn 0.2973 0.2841 0.9115
vn 0.1066 0.3071 0.9457
vn -0.1638 0.2929 0.9420
vn -0.5752 -0.0859 0.8135
vn 0.5670 0.5667 0.5978
vn 0.2081 0.3501 0.9133
vn 0.8495 0.5098 -0.1356
vn 0.8538 0.2614 0.4503
vn 0.7545 0.2407 0.6106
vn 0.0195 0.2808 0.9596
vn 0.1305 0.2932 0.9471
vn 0.9920 -0.0215 -0.1240
vn 0.9486 -0.1624 -0.2718
vn 0.8625 -0.3179 -0.3938
vn 0.7926 0.2331 0.5634
vn 0.6925 -0.0087 0.7214
vn 0.1175 0.5580 0.8214
vn 0.9088 -0.2035 -0.3642
vn 0.7211 0.0119 0.6927
vn 0.0973 0.6185 0.7798
vn 0.7342 -0.6788 -0.0129
vn 0.6869 -0.7258 -0.0384
vn 0.7048 -0.0924 0.7034
vn 0.0736 0.4777 0.8755
vn -0.0635 0.1211 0.9906
vn 0.0429 -0.4726 -0.8802
vn 0.5353 -0.4774 0.6968
vn -0.7082 -0.3201 0.6292
vn 0.5931 -0.8047 0.0256
vn 0.0684 -0.9716 0.2264
vn -0.2401 -0.8581 -0.4540
vn -0.9654 -0.2215 -0.1374
vn -0.8263 -0.0857 -0.5567
vn -0.0887 -0.7999 -0.5935
vn -0.8200 0.0389 -0.5711
vn -0.1428 -0.6917 -0.7079
vn -0.8268 0.0244 -0.5619
vn -0.0780 -0.6946 -0.7152
vn -0.7821 -0.3415 -0.5212
vn 0.1781 -0.6061 -0.7752
vn -0.6642 -0.6685 -0.3345
vn 0.8492 0.0629 0.5244
vn 0.0625 -0.0739 0.9953
vn 0.1177 0.2941 0.9485
vn 0.9826 -0.1853 0.0086
vn 0.8839 0.1601 0.4395
vn 0.9262 -0.1613 -0.3408
vn 0.9404 -0.2430 -0.2380
vn 0.7417 -0.3485 -0.5730
vn 0.8508 -0.0730 0.5204
vn 0.1618 0.5152 0.8417
vn 0.9104 -0.2739 -0.3101
vn 0.1316 -0.6203 -0.7732
vn 0.9370 -0.1228 0.3271
vn 0.9361 -0.2123 -0.2803
vn 0.1597 -0.2227 0.9617
vn 0.7622 -0.6267 -0.1624
vn -0.6807 -0.6832 -0.2644
vn 0.1882 0.3280 0.9257
vn -0.0343 -0.4738 -0.8800
vn -0.7949 -0.3376 -0.5041
vn -0.1537 -0.6719 -0.7245
vn -0.8585 -0.0474 -0.5106
vn -0.2473 -0.6372 -0.7300
vn -0.9078 -0.0045 -0.4193
vn 0.6191 -0.7309 -0.2871
vn -0.2321 -0.6696 -0.7055
vn -0.9098 -0.0500 -0.4120
vn 0.5883 -0.7793 -0.2160
vn 0.8257 -0.0906 0.5568
vn 0.1841 0.5186 0.8349
vn 0.7811 -0.1795 0.5981
vn 0.2321 0.3873 0.8922
vn 0.6693 -0.3608 0.6496
vn -0.0175 0.1621 0.9866
vn -0.7210 -0.3037 0.6229
vn 0.2501 -0.9614 0.1150
vn -0.1983 -0.8197 -0.5374
vn -0.9546 -0.2800 -0.1020
vn 0.8713 0.1678 0.4612
vn 0.8230 0.0170 0.5677
vn 0.0845 0.5972 0.7977
vn 0.8527 -0.2356 -0.4663
vn 0.7491 -0.6469 -0.1428
vn -0.2090 -0.6725 -0.7099
vn -0.8218 -0.1946 -0.5355
vn -0.2002 -0.6997 -0.6858
vn -0.8709 -0.1107 -0.4787
vn 0.6942 -0.7050 -0.1453
vn 0.7940 0.0577 0.6052
vn 0.0594 0.6103 0.7900
vn 0.6094 -0.7860 -0.1038
vn -0.0754 -0.7988 -0.5969
vn -0.8751 -0.1401 -0.4632
vn -0.8892 -0.3637 -0.2776
vn 0.7737 -0.1386 0.6182
vn 0.1296 0.4530 0.8821
vn 0.0342 0.1731 0.9843
vn 0.6050 -0.4032 0.6866
vn -0.7074 -0.3342 0.6228
vn 0.3243 -0.9264 0.1912
vn -0.2110 -0.9307 -0.2987
vn 0.1799 -0.0866 0.9799
vn 0.2273 -0.1622 0.9602
vn -0.1196 -0.4152 0.9018
vn 0.1495 -0.0431 0.9878
vn -0.5320 -0.1294 0.8368
vn -0.6372 0.6614 -0.3957
vn -0.9889 0.1343 -0.0643
vn -0.7230 0.4727 -0.5038
vn -0.9175 0.0526 -0.3942
vn -0.4883 0.3146 -0.8140
vn -0.9657 -0.1962 0.1698
vn -0.6031 -0.2857 -0.7448
vn -0.1905 0.2129 -0.9583
vn -0.9030 -0.3240 -0.2820
vn -0.2483 -0.4540 -0.8557
vn -0.0000 0.2059 -0.9786
vn -0.5684 -0.6459 -0.5097
vn -0.0000 -0.4740 -0.8805
vn -0.2371 -0.7671 -0.5961
vn 0.2483 -0.4540 -0.8557
vn 0.1905 0.2129 -0.9583
vn -0.0000 -0.7942 -0.6076
vn 0.6031 -0.2857 -0.7448
vn 0.4883 0.3146 -0.8140
vn 0.2371 -0.7671 -0.5961
vn -0.0000 -0.9996 0.0273
vn -0.1576 -0.9858 0.0573
vn 0.1576 -0.9858 0.0573
vn -0.4000 -0.9140 0.0674
vn -0.0000 -0.8779 0.4788
vn -0.0686 -0.8877 0.4553
vn -0.7114 -0.6856 0.1542
vn -0.1980 -0.8471 0.4932
vn -0.4540 -0.7135 0.5337
vn -0.1767 -0.8035 0.5684
vn -0.3284 -0.7736 0.5420
vn -0.1587 -0.9132 0.3752
vn -0.1050 -0.8914 0.4408
vn -0.1538 -0.8488 0.5058
vn -0.0997 -0.8753 0.4733
vn -0.1703 -0.8366 0.5207
vn -0.0000 -0.8722 0.4891
vn -0.0000 -0.8885 0.4590
vn 0.1703 -0.8366 0.5207
vn 0.0997 -0.8753 0.4733
vn 0.1536 -0.8491 0.5053
vn 0.1587 -0.9132 0.3752
vn 0.1050 -0.8914 0.4408
vn 0.3284 -0.7736 0.5420
vn -0.0000 -0.8822 0.4710
vn -0.0000 -0.8508 0.5254
vn 0.1767 -0.8035 0.5684
vn 0.0686 -0.8877 0.4553
vn 0.1980 -0.8471 0.4932
vn 0.4000 -0.9140 0.0674
vn 0.4540 -0.7135 0.5337
vn 0.7114 -0.6856 0.1542
vn 0.5684 -0.6459 -0.5097
vn 0.9030 -0.3240 -0.2820
vn 0.9657 -0.1962 0.1698
vn 0.9175 0.0526 -0.3942
vn 0.7230 0.4727 -0.5038
vn 0.9889 0.1343 -0.0643
vn 0.6372 0.6614 -0.3957
vn -0.4646 0.7922 0.3957
vn 0.6589 0.7434 0.1147
vn 0.6731 0.7347 0.0849
vn -0.4292 0.8072 0.4052
vn 0.7009 0.7061 0.1008
vn -0.9775 0.1236 0.1712
vn -0.4599 0.7848 0.4155
vn 0.7163 0.6727 0.1854
vn -0.9664 0.1801 0.1831
vn -0.7271 -0.6053 -0.3238
vn -0.7037 -0.6478 -0.2919
vn 0.3646 -0.7187 -0.5921
vn -0.9777 0.1596 0.1368
vn -0.4159 0.7800 0.4676
vn 0.7450 0.6146 0.2592
vn -0.9565 0.2518 0.1473
vn -0.7249 -0.5588 -0.4028
vn -0.3745 0.7493 0.5461
vn 0.7766 0.5729 0.2620
vn -0.7689 -0.4538 -0.4505
vn 0.3614 -0.6929 -0.6239
vn 0.3421 -0.6328 -0.6946
vn 0.9020 -0.0784 -0.4246
vn 0.9079 -0.0723 -0.4129
vn 0.8945 -0.0773 -0.4402
vn 0.9061 -0.0647 -0.4181
vn 0.3518 -0.5873 -0.7289
vn 0.9131 -0.0275 -0.4069
vn 0.3745 -0.4695 -0.7996
vn -0.8062 -0.2997 -0.5101
vn 0.4173 -0.3426 -0.8417
vn -0.9396 0.3101 0.1451
vn -0.8444 -0.1690 -0.5083
vn -0.9347 0.3088 0.1758
vn -0.9242 0.0061 -0.3818
vn 0.9137 0.0133 -0.4063
vn 0.8477 0.5082 0.1521
vn 0.4868 -0.2752 -0.8290
vn -0.4492 0.6799 0.5796
vn -0.4836 0.8145 0.3205
vn 0.6375 0.7699 0.0297
vn 0.6517 0.7585 0.0008
vn -0.4483 0.8315 0.3281
vn 0.6805 0.7325 0.0191
vn -0.9787 0.1123 0.1720
vn -0.4784 0.8093 0.3409
vn 0.6980 0.7081 0.1065
vn -0.9692 0.1701 0.1780
vn -0.7124 -0.6554 -0.2508
vn -0.6873 -0.6938 -0.2150
vn 0.3791 -0.7641 -0.5219
vn -0.9804 0.1446 0.1341
vn -0.4335 0.8110 0.3928
vn 0.7293 0.6587 0.1853
vn -0.9619 0.2379 0.1349
vn -0.7125 -0.6171 -0.3340
vn -0.3906 0.7896 0.4733
vn 0.7615 0.6191 0.1921
vn -0.7601 -0.5187 -0.3913
vn 0.3748 -0.7417 -0.5562
vn 0.3528 -0.6898 -0.6322
vn 0.8990 -0.0950 -0.4274
vn 0.9048 -0.0876 -0.4167
vn 0.8914 -0.0959 -0.4431
vn 0.9028 -0.0806 -0.4224
vn 0.3607 -0.6478 -0.6711
vn 0.9087 -0.0424 -0.4152
vn 0.3794 -0.5368 -0.7536
vn -0.8025 -0.3727 -0.4659
vn 0.4176 -0.4139 -0.8089
vn -0.9467 0.2961 0.1266
vn -0.8448 -0.2435 -0.4765
vn -0.9414 0.2984 0.1574
vn -0.9284 -0.0587 -0.3668
vn 0.9081 -0.0017 -0.4188
vn 0.8346 0.5439 0.0877
vn 0.4848 -0.3438 -0.8042
vn -0.4630 0.7218 0.5144
vn -0.4835 0.8145 0.3206
vn 0.6375 0.7698 0.0297
vn 0.6805 0.7325 0.0193
vn -0.4784 0.8092 0.3409
vn 0.6978 0.7083 0.1065
vn -0.7123 -0.6555 -0.2507
vn -0.4339 0.8110 0.3925
vn 0.7291 0.6588 0.1854
vn -0.9618 0.2381 0.1350
vn -0.7124 -0.6171 -0.3341
vn -0.3907 0.7894 0.4734
vn 0.7618 0.6186 0.1921
vn -0.7600 -0.5188 -0.3915
vn 0.3530 -0.6896 -0.6323
vn 0.8990 -0.0950 -0.4275
vn 0.9048 -0.0877 -0.4167
vn 0.8914 -0.0957 -0.4430
vn 0.9028 -0.0808 -0.4225
vn 0.3608 -0.6477 -0.6711
vn 0.9088 -0.0422 -0.4151
vn 0.3794 -0.5369 -0.7535
vn -0.8025 -0.3727 -0.4658
vn 0.4179 -0.4138 -0.8088
vn -0.9468 0.2961 0.1265
vn -0.8446 -0.2437 -0.4767
vn -0.9415 0.2981 0.1573
vn -0.9286 -0.0585 -0.3665
vn 0.9080 -0.0020 -0.4189
vn 0.8341 0.5447 0.0865
vn 0.4844 -0.3439 -0.8044
vn -0.4632 0.7215 0.5146
vn 0.9455 -0.2625 -0.1927
vn 0.6584 0.1058 0.7452
vn 0.6376 0.0953 0.7644
vn 0.9575 -0.2414 -0.1582
vn 0.6233 0.1306 0.7710
vn 0.2980 -0.4437 -0.8452
vn 0.9498 -0.2431 -0.1971
vn 0.6375 0.2091 0.7416
vn 0.3509 -0.4536 -0.8192
vn -0.6534 -0.3366 -0.6780
vn -0.6697 -0.2855 -0.6855
vn -0.9764 0.0474 0.2107
vn 0.3107 -0.4849 -0.8175
vn 0.9665 -0.1821 -0.1809
vn 0.6302 0.2962 0.7177
vn 0.3971 -0.5061 -0.7656
vn -0.6590 -0.4077 -0.6321
vn 0.9778 -0.0957 -0.1866
vn 0.5957 0.3330 0.7309
vn -0.5988 -0.5101 -0.6175
vn -0.9734 0.0140 0.2288
vn -0.9634 -0.0689 0.2592
vn -0.3959 0.1911 0.8982
vn -0.3810 0.2009 0.9025
vn -0.4052 0.1740 0.8975
vn -0.3821 0.1926 0.9038
vn -0.9484 -0.1068 0.2987
vn -0.3393 0.1885 0.9216
vn -0.8979 -0.1945 0.3948
vn -0.5038 -0.6420 -0.5779
vn -0.8253 -0.2596 0.5015
vn -0.3945 -0.7249 -0.5647
vn -0.1653 -0.7673 -0.6196
vn 0.4520 -0.5223 -0.7231
vn 0.9546 -0.0825 -0.2862
vn 0.4852 0.6770 0.5534
vn 0.8543 0.2493 -0.4561
vn 0.8376 0.2450 -0.4882
vn 0.5188 0.6695 0.5316
vn 0.8433 0.2043 -0.4972
vn -0.3122 0.4631 0.8295
vn 0.4940 0.6625 0.5630
vn 0.8798 0.1419 -0.4538
vn -0.2684 0.4963 0.8256
vn -0.9281 -0.0366 0.3705
vn -0.9221 -0.0907 0.3761
vn -0.6099 -0.5083 -0.6079
vn -0.3109 0.5029 0.8065
vn 0.5440 0.6216 0.5637
vn 0.9044 0.0604 -0.4224
vn -0.2422 0.5605 0.7919
vn -0.9491 0.0244 0.3140
vn 0.5937 0.5526 0.5849
vn 0.8961 0.0127 -0.4438
vn -0.9392 0.1436 0.3119
vn -0.6118 -0.4773 -0.6307
vn -0.6298 -0.3991 -0.6664
vn 0.1560 -0.3065 -0.9390
vn 0.1713 -0.3077 -0.9360
vn 0.1422 -0.2975 -0.9441
vn 0.1674 -0.3016 -0.9386
vn -0.6189 -0.3563 -0.7000
vn 0.2007 -0.2791 -0.9390
vn -0.5805 -0.2505 -0.7747
vn -0.9056 0.3037 0.2962
vn -0.5093 -0.1560 -0.8463
vn -0.1982 0.5995 0.7755
vn -0.8479 0.4237 0.3187
vn -0.1790 0.5850 0.7911
vn -0.7006 0.5516 0.4526
vn 0.2259 -0.2477 -0.9421
vn 0.8230 -0.0337 -0.5671
vn -0.4262 -0.1395 -0.8938
vn 0.5331 0.5210 0.6666
vn -0.2002 0.7303 0.6532
vn 0.8182 0.5598 0.1313
vn 0.8268 0.5541 0.0965
vn -0.1601 0.7364 0.6573
vn 0.8495 0.5186 0.0974
vn -0.8789 0.2421 0.4109
vn -0.1948 0.7184 0.6678
vn 0.8697 0.4667 0.1607
vn -0.8554 0.2879 0.4306
vn -0.8880 -0.3740 -0.2677
vn -0.8697 -0.4234 -0.2536
vn 0.0885 -0.6054 -0.7910
vn -0.8767 0.2828 0.3891
vn -0.1458 0.6958 0.7033
vn 0.8947 0.3944 0.2096
vn -0.8364 0.3605 0.4128
vn -0.8886 -0.3169 -0.3315
vn -0.1005 0.6445 0.7580
vn 0.9169 0.3493 0.1931
vn -0.9183 -0.2014 -0.3408
vn 0.0909 -0.5744 -0.8135
vn 0.0747 -0.5026 -0.8613
vn 0.7815 -0.1329 -0.6096
vn 0.7913 -0.1293 -0.5977
vn 0.7719 -0.1280 -0.6228
vn 0.7880 -0.1246 -0.6029
vn 0.0890 -0.4550 -0.8860
vn 0.8055 -0.0926 -0.5854
vn 0.1283 -0.3350 -0.9335
vn -0.9358 -0.0381 -0.3506
vn 0.1932 -0.2152 -0.9573
vn -0.8070 0.4130 0.4221
vn -0.9459 0.0907 -0.3114
vn -0.7976 0.4039 0.4480
vn -0.9609 0.2444 -0.1301
vn 0.8154 -0.0549 -0.5763
vn 0.9538 0.2953 0.0560
vn 0.2770 -0.1671 -0.9462
vn -0.1834 0.5861 0.7892
vn -0.0058 0.8020 0.5973
vn 0.8439 0.5192 -0.1351
vn 0.8436 0.5094 -0.1701
vn 0.0344 0.8060 0.5909
vn 0.8645 0.4728 -0.1707
vn -0.7399 0.3348 0.5835
vn 0.0026 0.7912 0.6116
vn 0.8980 0.4263 -0.1089
vn -0.7106 0.3807 0.5917
vn -0.9391 -0.3435 0.0001
vn -0.9197 -0.3924 0.0149
vn -0.1326 -0.6848 -0.7166
vn -0.7419 0.3727 0.5574
vn 0.0582 0.7692 0.6363
vn 0.9319 0.3578 -0.0600
vn -0.6942 0.4498 0.5619
vn -0.9537 -0.2931 -0.0675
vn 0.1141 0.7211 0.6834
vn 0.9477 0.3098 -0.0765
vn -0.9807 -0.1774 -0.0817
vn -0.1346 -0.6562 -0.7425
vn -0.1598 -0.5888 -0.7924
vn 0.5999 -0.2398 -0.7633
vn 0.6125 -0.2357 -0.7545
vn 0.5874 -0.2358 -0.7742
vn 0.6082 -0.2314 -0.7593
vn -0.1506 -0.5448 -0.8249
vn 0.6305 -0.1989 -0.7503
vn -0.1200 -0.4326 -0.8936
vn -0.9943 -0.0152 -0.1053
vn -0.0589 -0.3199 -0.9456
vn -0.6614 0.5013 0.5580
vn -0.9899 0.1172 -0.0793
vn -0.6463 0.4942 0.5814
vn -0.9542 0.2880 0.0812
vn 0.6438 -0.1610 -0.7480
vn 0.9467 0.2443 -0.2098
vn 0.0276 -0.2764 -0.9606
vn 0.0396 0.6712 0.7402
vn 0.5519 0.6644 0.5040
vn 0.7813 0.2744 -0.5606
vn 0.7604 0.2709 -0.5902
vn 0.5823 0.6580 0.4775
vn 0.7650 0.2305 -0.6013
vn -0.1980 0.4321 0.8798
vn 0.5620 0.6497 0.5119
vn 0.8076 0.1670 -0.5656
vn -0.1556 0.4659 0.8710
vn -0.8679 -0.0598 0.4932
vn -0.8608 -0.1139 0.4960
vn -0.6842 -0.4955 -0.5350
vn -0.2003 0.4726 0.8582
vn 0.6120 0.6092 0.5043
vn 0.8370 0.0850 -0.5406
vn -0.1347 0.5315 0.8363
vn -0.8967 0.0028 0.4425
vn 0.6645 0.5405 0.5161
vn 0.8260 0.0378 -0.5623
vn -0.8882 0.1221 0.4429
vn -0.6895 -0.4639 -0.5563
vn -0.7126 -0.3848 -0.5867
vn 0.0270 -0.2739 -0.9614
vn 0.0428 -0.2750 -0.9605
vn 0.0128 -0.2648 -0.9642
vn 0.0383 -0.2689 -0.9624
vn -0.7070 -0.3406 -0.6198
vn 0.0712 -0.2459 -0.9667
vn -0.6801 -0.2321 -0.6955
vn -0.8582 0.2831 0.4282
vn -0.6199 -0.1346 -0.7731
vn -0.0936 0.5715 0.8152
vn -0.7987 0.4030 0.4468
vn -0.0722 0.5566 0.8276
vn -0.6351 0.5287 0.5632
vn 0.0956 -0.2143 -0.9721
vn 0.7373 -0.0032 -0.6756
vn -0.5438 -0.1152 -0.8313
vn 0.6163 0.5052 0.6041
vn -0.9080 -0.0724 -0.4127
vn -0.6589 0.7434 0.1147
vn -0.6731 0.7347 0.0849
vn -0.9020 -0.0784 -0.4246
vn -0.7009 0.7061 0.1008
vn -0.3646 -0.7187 -0.5921
vn -0.8945 -0.0773 -0.4402
vn -0.3614 -0.6929 -0.6239
vn -0.9061 -0.0647 -0.4181
vn -0.7163 0.6727 0.1854
vn -0.3421 -0.6328 -0.6947
vn -0.9130 -0.0275 -0.4069
vn -0.7450 0.6146 0.2592
vn -0.3519 -0.5872 -0.7289
vn -0.3747 -0.4695 -0.7995
vn -0.9136 0.0133 -0.4063
vn -0.7766 0.5729 0.2620
vn -0.8478 0.5080 0.1520
vn -0.4174 -0.3426 -0.8417
vn -0.4867 -0.2752 -0.8291
vn 0.9242 0.0062 -0.3818
vn 0.8444 -0.1691 -0.5084
vn 0.9347 0.3088 0.1758
vn 0.8060 -0.2998 -0.5103
vn 0.9396 0.3100 0.1450
vn 0.4491 0.6799 0.5796
vn 0.3746 0.7493 0.5462
vn 0.4159 0.7800 0.4676
vn 0.9565 0.2518 0.1473
vn 0.4599 0.7848 0.4155
vn 0.7687 -0.4538 -0.4506
vn 0.9777 0.1596 0.1368
vn 0.7249 -0.5588 -0.4028
vn 0.9664 0.1801 0.1831
vn 0.7271 -0.6054 -0.3238
vn 0.7037 -0.6478 -0.2918
vn 0.9775 0.1236 0.1712
vn 0.4292 0.8072 0.4052
vn 0.4644 0.7919 0.3965
vn -0.9049 -0.0878 -0.4164
vn -0.6375 0.7699 0.0297
vn -0.6517 0.7584 0.0009
vn -0.8990 -0.0950 -0.4274
vn -0.6806 0.7324 0.0191
vn -0.3791 -0.7641 -0.5219
vn -0.8914 -0.0958 -0.4431
vn -0.3748 -0.7417 -0.5562
vn -0.9028 -0.0808 -0.4225
vn -0.6981 0.7081 0.1064
vn -0.3528 -0.6897 -0.6323
vn -0.9088 -0.0425 -0.4152
vn -0.7293 0.6586 0.1853
vn -0.3609 -0.6476 -0.6711
vn -0.3793 -0.5369 -0.7535
vn -0.9081 -0.0017 -0.4187
vn -0.7617 0.6188 0.1920
vn -0.8346 0.5438 0.0878
vn -0.4175 -0.4139 -0.8089
vn -0.4841 -0.3441 -0.8045
vn 0.9286 -0.0586 -0.3665
vn 0.8449 -0.2435 -0.4764
vn 0.9414 0.2984 0.1574
vn 0.8025 -0.3728 -0.4659
vn 0.9467 0.2961 0.1266
vn 0.4628 0.7219 0.5145
vn 0.3907 0.7895 0.4733
vn 0.4336 0.8110 0.3927
vn 0.9619 0.2378 0.1349
vn 0.4783 0.8093 0.3409
vn 0.7600 -0.5188 -0.3915
vn 0.9804 0.1446 0.1341
vn 0.7126 -0.6170 -0.3340
vn 0.9692 0.1700 0.1780
vn 0.7123 -0.6555 -0.2509
vn 0.6873 -0.6939 -0.2150
vn 0.9787 0.1123 0.1720
vn 0.4483 0.8315 0.3282
vn 0.4833 0.8143 0.3214
vn -0.9049 -0.0877 -0.4164
vn -0.6376 0.7698 0.0297
vn -0.6518 0.7584 0.0008
vn -0.8990 -0.0950 -0.4275
vn -0.6805 0.7325 0.0192
vn -0.3791 -0.7641 -0.5220
vn -0.8914 -0.0957 -0.4430
vn -0.9028 -0.0808 -0.4224
vn -0.3529 -0.6896 -0.6323
vn -0.9088 -0.0422 -0.4152
vn -0.7292 0.6588 0.1852
vn -0.3608 -0.6477 -0.6711
vn -0.3794 -0.5369 -0.7535
vn -0.9080 -0.0021 -0.4189
vn -0.7618 0.6187 0.1921
vn -0.8341 0.5446 0.0877
vn -0.4179 -0.4138 -0.8088
vn -0.4849 -0.3437 -0.8042
vn 0.9285 -0.0587 -0.3666
vn 0.8446 -0.2437 -0.4767
vn 0.9415 0.2981 0.1573
vn 0.8025 -0.3728 -0.4658
vn 0.9468 0.2961 0.1265
vn 0.4633 0.7215 0.5146
vn 0.3907 0.7896 0.4731
vn 0.4335 0.8111 0.3927
vn 0.9619 0.2380 0.1349
vn 0.4784 0.8092 0.3410
vn 0.7600 -0.5188 -0.3914
vn 0.7125 -0.6170 -0.3341
vn 0.9692 0.1701 0.1780
vn 0.7124 -0.6555 -0.2508
vn 0.6873 -0.6938 -0.2150
vn 0.9787 0.1122 0.1720
vn 0.4484 0.8315 0.3281
vn 0.4833 0.8143 0.3215
vn 0.3810 0.2009 0.9025
vn -0.6584 0.1058 0.7452
vn -0.6376 0.0952 0.7644
vn 0.3960 0.1911 0.8982
vn -0.6233 0.1306 0.7710
vn 0.9764 0.0474 0.2109
vn 0.4053 0.1740 0.8975
vn 0.9734 0.0140 0.2287
vn 0.3821 0.1926 0.9038
vn -0.6375 0.2090 0.7416
vn 0.9634 -0.0689 0.2592
vn 0.3393 0.1886 0.9216
vn -0.6302 0.2962 0.7177
vn 0.9484 -0.1068 0.2987
vn 0.8979 -0.1944 0.3948
vn 0.3007 0.1708 0.9383
vn -0.5957 0.3331 0.7309
vn -0.4835 0.3230 0.8136
vn 0.8253 -0.2596 0.5015
vn 0.7736 -0.2493 0.5826
vn 0.1648 -0.7673 -0.6198
vn 0.3946 -0.7248 -0.5648
vn -0.4683 -0.4955 -0.7316
vn 0.5036 -0.6421 -0.5780
vn -0.4522 -0.5223 -0.7230
vn -0.9546 -0.0824 -0.2862
vn -0.9778 -0.0957 -0.1867
vn -0.9665 -0.1822 -0.1809
vn -0.3972 -0.5061 -0.7656
vn -0.9497 -0.2432 -0.1972
vn 0.5988 -0.5102 -0.6174
vn -0.3107 -0.4849 -0.8175
vn 0.6589 -0.4077 -0.6322
vn -0.3508 -0.4536 -0.8192
vn 0.6534 -0.3365 -0.6781
vn 0.6698 -0.2855 -0.6854
vn -0.2980 -0.4437 -0.8452
vn -0.9575 -0.2414 -0.1582
vn -0.9455 -0.2625 -0.1927
vn -0.1713 -0.3078 -0.9359
vn -0.8542 0.2495 -0.4562
vn -0.8376 0.2450 -0.4882
vn -0.1559 -0.3065 -0.9390
vn -0.8432 0.2043 -0.4972
vn 0.6099 -0.5083 -0.6080
vn -0.1423 -0.2974 -0.9441
vn 0.6119 -0.4773 -0.6308
vn -0.1673 -0.3017 -0.9386
vn -0.8798 0.1419 -0.4537
vn 0.6296 -0.3992 -0.6666
vn -0.2009 -0.2791 -0.9390
vn -0.9045 0.0604 -0.4223
vn 0.6189 -0.3563 -0.7000
vn 0.5805 -0.2506 -0.7748
vn -0.2259 -0.2478 -0.9421
vn -0.8961 0.0128 -0.4437
vn -0.8230 -0.0334 -0.5670
vn 0.5094 -0.1560 -0.8463
vn 0.4260 -0.1394 -0.8939
vn 0.7009 0.5513 0.4526
vn 0.8478 0.4237 0.3189
vn 0.1788 0.5850 0.7911
vn 0.9055 0.3037 0.2962
vn 0.1981 0.5994 0.7755
vn -0.5332 0.5209 0.6666
vn -0.5936 0.5526 0.5850
vn -0.5440 0.6215 0.5637
vn 0.2421 0.5605 0.7919
vn -0.4939 0.6626 0.5630
vn 0.9392 0.1437 0.3120
vn 0.3109 0.5029 0.8065
vn 0.9491 0.0243 0.3141
vn 0.2685 0.4963 0.8256
vn 0.9282 -0.0366 0.3704
vn 0.9221 -0.0907 0.3761
vn 0.3122 0.4631 0.8295
vn -0.5188 0.6695 0.5316
vn -0.4856 0.6761 0.5542
vn -0.7912 -0.1294 -0.5977
vn -0.8179 0.5601 0.1312
vn -0.8269 0.5540 0.0963
vn -0.7815 -0.1329 -0.6096
vn -0.8495 0.5185 0.0973
vn -0.0885 -0.6055 -0.7909
vn -0.7719 -0.1280 -0.6228
vn -0.0909 -0.5744 -0.8135
vn -0.7880 -0.1247 -0.6029
vn -0.8697 0.4667 0.1607
vn -0.0746 -0.5027 -0.8613
vn -0.8055 -0.0925 -0.5854
vn -0.8948 0.3943 0.2095
vn -0.0890 -0.4551 -0.8860
vn -0.1283 -0.3350 -0.9335
vn -0.8155 -0.0548 -0.5762
vn -0.9171 0.3490 0.1928
vn -0.9538 0.2951 0.0556
vn -0.1931 -0.2152 -0.9573
vn -0.2778 -0.1673 -0.9460
vn 0.9608 0.2443 -0.1309
vn 0.9460 0.0907 -0.3112
vn 0.7977 0.4038 0.4478
vn 0.9357 -0.0379 -0.3506
vn 0.8069 0.4131 0.4222
vn 0.1832 0.5861 0.7892
vn 0.1004 0.6445 0.7580
vn 0.1458 0.6958 0.7033
vn 0.8364 0.3605 0.4128
vn 0.1950 0.7184 0.6677
vn 0.9183 -0.2014 -0.3408
vn 0.8767 0.2827 0.3891
vn 0.8887 -0.3168 -0.3313
vn 0.8555 0.2879 0.4304
vn 0.8880 -0.3739 -0.2677
vn 0.8697 -0.4234 -0.2537
vn 0.8789 0.2422 0.4110
vn 0.1598 0.7365 0.6573
vn 0.1999 0.7294 0.6542
vn -0.6126 -0.2358 -0.7544
vn -0.8439 0.5192 -0.1351
vn -0.8437 0.5092 -0.1702
vn -0.5999 -0.2398 -0.7633
vn -0.8644 0.4728 -0.1708
vn 0.1325 -0.6848 -0.7166
vn -0.5873 -0.2358 -0.7742
vn 0.1347 -0.6562 -0.7425
vn -0.6082 -0.2314 -0.7593
vn -0.8980 0.4262 -0.1089
vn 0.1599 -0.5887 -0.7924
vn -0.6304 -0.1990 -0.7503
vn -0.9319 0.3578 -0.0599
vn 0.1504 -0.5447 -0.8250
vn 0.1199 -0.4326 -0.8936
vn -0.6438 -0.1610 -0.7481
vn -0.9477 0.3098 -0.0764
vn -0.9472 0.2411 -0.2113
vn 0.0590 -0.3200 -0.9456
vn -0.0267 -0.2762 -0.9607
vn 0.9548 0.2865 0.0797
vn 0.9900 0.1172 -0.0791
vn 0.6463 0.4941 0.5815
vn 0.9943 -0.0154 -0.1054
vn 0.6614 0.5012 0.5580
vn -0.0398 0.6712 0.7402
vn -0.1140 0.7210 0.6835
vn -0.0584 0.7692 0.6363
vn 0.6942 0.4498 0.5619
vn -0.0024 0.7913 0.6114
vn 0.9807 -0.1774 -0.0819
vn 0.7419 0.3727 0.5573
vn 0.9537 -0.2931 -0.0674
vn 0.7105 0.3808 0.5917
vn 0.9391 -0.3436 0.0001
vn 0.9196 -0.3925 0.0148
vn 0.7398 0.3347 0.5836
vn -0.0347 0.8060 0.5908
vn 0.0052 0.8011 0.5985
vn -0.0429 -0.2752 -0.9604
vn -0.7813 0.2744 -0.5606
vn -0.7604 0.2709 -0.5902
vn -0.0270 -0.2740 -0.9614
vn -0.7651 0.2305 -0.6013
vn 0.6842 -0.4955 -0.5351
vn -0.0127 -0.2648 -0.9642
vn 0.6895 -0.4638 -0.5562
vn -0.0383 -0.2688 -0.9624
vn -0.8076 0.1671 -0.5656
vn 0.7127 -0.3847 -0.5866
vn -0.0714 -0.2459 -0.9667
vn -0.8371 0.0850 -0.5405
vn 0.7070 -0.3406 -0.6198
vn 0.6800 -0.2321 -0.6955
vn -0.0954 -0.2142 -0.9721
vn -0.8261 0.0378 -0.5623
vn -0.7367 -0.0053 -0.6762
vn 0.6202 -0.1344 -0.7728
vn 0.5441 -0.1152 -0.8311
vn 0.6351 0.5287 0.5631
vn 0.7986 0.4031 0.4470
vn 0.0722 0.5566 0.8277
vn 0.8582 0.2830 0.4283
vn 0.0935 0.5716 0.8152
vn -0.6162 0.5051 0.6043
vn -0.6646 0.5405 0.5160
vn -0.6120 0.6093 0.5042
vn 0.1347 0.5315 0.8363
vn -0.5621 0.6497 0.5119
vn 0.8882 0.1221 0.4429
vn 0.2003 0.4727 0.8582
vn 0.8968 0.0028 0.4425
vn 0.1555 0.4659 0.8710
vn 0.8679 -0.0598 0.4932
vn 0.8609 -0.1140 0.4959
vn 0.1978 0.4321 0.8799
vn -0.5823 0.6580 0.4775
vn -0.5526 0.6633 0.5046
vn -0.9335 0.3553 0.0482
vn -0.8799 0.4143 -0.2325
vn 0.1618 0.8934 0.4191
vn 0.2332 0.9713 0.0477
vn 0.3905 0.7862 0.4790
vn -0.8629 0.3827 0.3300
vn 0.4756 0.8790 0.0328
vn 0.7170 0.4810 0.5046
vn 0.1391 0.9357 -0.3242
vn -0.6867 0.4898 0.5372
vn 0.8119 0.5838 0.0065
vn 0.7169 0.4805 0.5052
vn 0.3623 0.8362 -0.4117
vn -0.0945 0.7964 -0.5974
vn -0.4525 0.6467 0.6139
vn 0.8120 0.5837 0.0066
vn 0.8743 0.1683 0.4553
vn -0.4019 0.5882 -0.7018
vn -0.2241 0.8117 0.5394
vn 0.0821 0.6691 -0.7386
vn 0.6863 0.5353 -0.4924
vn -0.7042 0.3689 -0.6066
vn -0.0621 0.9404 0.3343
vn -0.2866 0.4188 -0.8617
vn 0.3733 0.3471 -0.8603
vn -0.9207 0.1977 -0.3364
vn -0.0098 0.9985 0.0541
vn -0.6476 0.1569 -0.7457
vn -0.9921 0.1200 0.0351
vn -0.0808 0.9707 -0.2264
vn -0.9056 -0.0470 -0.4215
vn -0.0420 0.0678 -0.9968
vn -0.8994 0.1562 0.4083
vn -0.2560 0.8646 -0.4324
vn -0.9900 -0.1393 0.0215
vn -0.6673 0.2968 0.6831
vn -0.4886 0.7084 -0.5094
vn -0.8779 -0.0951 0.4692
vn -0.3580 0.5041 0.7860
vn -0.7170 0.5436 -0.4363
vn -0.5995 0.0735 0.7970
vn -0.0546 0.7224 0.6893
vn -0.2308 0.3207 0.9186
vn 0.1320 0.5818 0.8026
vn -0.3942 -0.3168 0.8627
vn 0.4275 0.2528 0.8680
vn 0.0207 -0.0391 0.9990
vn 0.4274 0.2528 0.8680
vn 0.0207 -0.0392 0.9990
vn 0.6009 -0.0470 0.7979
vn 0.8940 -0.3692 0.2539
vn 0.2170 -0.3227 0.9213
vn 0.7194 -0.5072 0.4745
vn -0.1747 -0.5849 0.7921
vn 0.4736 -0.6841 0.5548
vn 0.7149 -0.5852 0.3826
vn 0.8599 -0.4705 0.1980
vn 0.5100 -0.7330 0.4501
vn 0.2689 0.4532 0.8499
vn 0.5476 0.6787 0.4895
vn 0.6772 0.5492 0.4896
vn -0.1173 0.1638 0.9795
vn 0.3932 0.3082 0.8663
vn 0.6998 0.4966 0.5134
vn -0.5135 -0.1130 0.8506
vn 0.4110 0.2741 0.8694
vn 0.7964 0.3539 0.4904
vn -0.0042 0.0086 1.0000
vn 0.5109 0.1223 0.8509
vn 0.0063 -0.0189 0.9998
vn -0.4127 -0.2779 0.8675
vn 0.2985 -0.8747 0.3817
vn -0.8124 -0.3027 0.4983
vn 0.2211 -0.8533 0.4722
vn 0.1405 -0.9706 0.1955
vn -0.4686 -0.7632 0.4450
vn 0.0322 -0.9677 0.2499
vn -0.7061 -0.5059 0.4955
vn -0.5866 -0.8094 -0.0268
vn -0.7062 -0.5058 0.4955
vn -0.8315 -0.5555 -0.0042
vn -0.8314 -0.5556 -0.0042
vn -0.4965 -0.7118 -0.4968
vn -0.7368 -0.4524 -0.5024
vn -0.7367 -0.4525 -0.5025
vn -0.4475 -0.2246 -0.8656
vn -0.4474 -0.2249 -0.8656
vn -0.0420 0.0675 -0.9968
vn -0.2229 -0.4965 -0.8389
vn 0.1588 -0.2201 -0.9625
vn 0.3732 0.3472 -0.8603
vn 0.5509 0.0439 -0.8334
vn 0.6862 0.5356 -0.4922
vn 0.8460 0.2216 -0.4849
vn 0.9640 0.2655 -0.0143
vn 0.6845 -0.4516 -0.5723
vn 0.9504 -0.3074 -0.0477
vn 0.8742 -0.3371 -0.3495
vn 0.9063 -0.4191 -0.0539
vn 0.8425 -0.4435 -0.3058
vn 0.6288 0.7772 0.0228
vn 0.7645 0.6444 0.0137
vn 0.5052 0.7340 -0.4539
vn 0.6833 -0.5404 -0.4910
vn 0.4325 -0.6209 -0.6538
vn 0.1875 -0.7977 -0.5732
vn 0.4719 -0.6820 -0.5587
vn 0.0129 -0.9356 -0.3529
vn 0.2683 -0.8296 -0.4898
vn 0.2021 0.5453 -0.8135
vn -0.0437 -0.9977 -0.0510
vn 0.1235 -0.9442 -0.3053
vn 0.0774 -0.9956 -0.0532
vn -0.5727 -0.0288 -0.8192
vn -0.9348 -0.3548 0.0146
vn -0.8466 -0.2542 -0.4677
vn -0.7228 -0.4738 0.5031
vn -0.8501 -0.5266 0.0041
vn -0.7601 -0.4211 -0.4948
vn -0.4098 -0.2939 0.8635
vn -0.7252 -0.4770 0.4966
vn 0.1065 -0.1666 0.9803
vn -0.3075 -0.4387 0.8444
vn -0.8548 -0.5190 -0.0027
vn -0.6200 -0.6209 0.4797
vn -0.2486 -0.5003 0.8294
vn -0.5538 -0.6859 0.4721
vn -0.7474 -0.6642 -0.0158
vn -0.3924 -0.3213 0.8619
vn 0.0218 -0.0425 0.9989
vn -0.7039 -0.5104 0.4940
vn 0.1561 -0.2280 0.9611
vn 0.4275 0.2514 0.8684
vn 0.5520 0.0583 0.8318
vn 0.7161 0.4814 0.5055
vn 0.8331 0.2818 0.4759
vn -0.6778 -0.7351 -0.0151
vn -0.8293 -0.5588 -0.0061
vn -0.5875 -0.6347 -0.5020
vn -0.7348 -0.4538 -0.5042
vn -0.3074 -0.4122 -0.8577
vn -0.4460 -0.2246 -0.8664
vn -0.6557 -0.5575 -0.5091
vn 0.0877 -0.1319 -0.9874
vn -0.0390 0.0621 -0.9973
vn -0.3703 -0.3311 -0.8679
vn -0.7639 -0.4079 -0.5001
vn -0.4786 -0.1757 -0.8603
vn -0.4788 -0.1859 -0.8580
vn -0.0770 0.1147 -0.9904
vn -0.1949 0.2655 -0.9442
vn -0.0858 0.1196 -0.9891
vn 0.3161 0.4168 -0.8523
vn 0.0328 -0.0511 -0.9982
vn 0.3383 0.3981 -0.8527
vn 0.6323 0.6089 -0.4789
vn 0.6645 0.5740 -0.4786
vn 0.4589 0.2205 -0.8607
vn 0.5068 0.1349 -0.8514
vn 0.3852 0.3363 -0.8594
vn 0.7706 0.4088 -0.4889
vn 0.8037 0.3343 -0.4923
vn 0.6873 0.5360 -0.4902
vn 0.9240 0.3821 -0.0108
vn 0.8104 0.5859 0.0080
vn 0.8892 0.4575 -0.0030
vn 0.7875 0.6161 0.0142
vn 0.1045 -0.7545 -0.6480
vn -0.0962 -0.9137 -0.3949
vn 0.8893 -0.3859 0.2453
vn 0.7188 -0.5207 0.4606
vn 0.9010 0.0787 0.4266
vn 0.3872 -0.5506 -0.7396
vn 0.6401 -0.1276 0.7576
vn 0.8086 0.3340 0.4843
vn 0.4784 -0.6937 0.5384
vn 0.6760 -0.3569 -0.6447
vn 0.5213 0.1071 0.8466
vn 0.0245 0.9283 0.3710
vn 0.2722 -0.3925 0.8786
vn 0.2338 -0.8577 0.4579
vn 0.8933 -0.2252 -0.3890
vn -0.1600 0.7826 0.6016
vn 0.3784 0.7936 0.4764
vn 0.0502 -0.9690 0.2420
vn 0.9808 -0.1909 -0.0408
vn -0.1041 -0.6450 0.7571
vn 0.1200 -0.1818 0.9760
vn -0.0241 -0.9983 -0.0533
vn 0.9148 -0.2635 0.3060
vn -0.3881 -0.8174 0.4257
vn -0.2897 -0.4563 0.8414
vn 0.0309 -0.9378 -0.3457
vn 0.7135 -0.4229 0.5586
vn -0.5037 -0.8635 -0.0267
vn 0.2011 -0.8033 -0.5606
vn 0.4309 -0.6267 0.6493
vn -0.4197 -0.7710 -0.4790
vn -0.5961 -0.6423 0.4818
vn 0.4404 -0.6310 -0.6386
vn 0.1427 -0.8200 0.5542
vn -0.1588 -0.5647 -0.8099
vn 0.6853 -0.4668 -0.5590
vn -0.0739 -0.9514 0.2990
vn 0.2090 -0.2998 -0.9308
vn 0.8700 -0.3548 -0.3424
vn -0.1615 -0.9857 -0.0483
vn 0.5853 -0.0473 -0.8094
vn 0.9444 -0.3252 -0.0488
vn 0.8693 0.1250 -0.4781
vn 0.9849 0.1713 -0.0257
vn 0.4657 0.1974 -0.8626
vn 0.9004 0.4350 -0.0084
vn 0.7749 0.3850 -0.5013
vn 0.0857 0.9949 0.0529
vn 0.0063 0.9639 -0.2661
vn 0.4631 0.8856 0.0353
vn 0.3527 0.8423 -0.4076
vn -0.1923 0.8437 -0.5013
vn 0.0769 0.6752 -0.7336
vn 0.9521 -0.3020 -0.0491
vn 0.8945 -0.3652 0.2579
vn 0.8742 -0.3331 -0.3532
vn 0.9283 -0.3684 -0.0497
vn 0.8762 -0.4255 0.2262
vn 0.9054 0.0479 0.4218
vn 0.8586 -0.3960 -0.3254
vn 0.9899 0.1402 -0.0207
vn 0.6833 -0.4489 -0.5758
vn 0.6862 -0.5005 -0.5278
vn 0.8788 0.0967 -0.4672
vn 0.8215 0.5702 0.0053
vn 0.7269 0.4669 0.5036
vn 0.6961 0.5206 -0.4945
vn 0.4555 0.8902 0.0029
vn 0.4456 0.8068 -0.3879
vn 0.4457 0.8068 -0.3879
vn -0.3158 0.9481 0.0365
vn -0.1718 0.9310 -0.3219
vn 0.4792 0.7803 0.4018
vn 0.3024 0.7661 0.5671
vn -0.1384 0.9214 0.3631
vn 0.4555 0.8903 0.0030
vn 0.4125 0.9103 0.0337
vn 0.3325 0.8223 0.4618
vn -0.1528 0.9432 0.2951
vn 0.3037 0.8671 -0.3949
vn -0.1077 0.9926 0.0568
vn -0.1218 0.9908 0.0594
vn -0.1662 0.9421 0.2912
vn -0.1679 0.9689 -0.1821
vn 0.9727 0.2313 -0.0186
vn 0.8853 0.1343 0.4452
vn -0.1794 0.9684 -0.1733
vn 0.8556 0.1853 -0.4833
vn 0.9803 -0.1934 -0.0411
vn 0.9147 -0.2651 0.3051
vn 0.8172 0.3120 0.4846
vn 0.8932 -0.2280 -0.3876
vn 0.9104 0.4137 -0.0055
vn 0.7059 0.7081 0.0161
vn 0.6129 0.6064 0.5066
vn 0.0965 0.9136 0.3951
vn 0.1622 0.9856 0.0485
vn 0.5852 0.6569 -0.4754
vn 0.0779 0.9508 -0.2997
vn 0.7885 0.3623 -0.4969
vn 0.2816 0.4654 -0.8391
vn -0.1386 0.8180 -0.5583
vn 0.6770 -0.3632 -0.6401
vn 0.4847 0.1704 -0.8579
vn -0.1308 0.1953 -0.9720
vn -0.4303 0.6239 -0.6524
vn 0.0737 -0.0978 -0.9925
vn -0.7138 0.4225 -0.5586
vn -0.5327 -0.0883 -0.8417
vn -0.9149 0.2635 -0.3058
vn -0.8171 -0.3130 -0.4841
vn -0.9806 0.1917 0.0410
vn -0.9100 -0.4145 0.0062
vn -0.3276 -0.3819 -0.8642
vn -0.6123 -0.6068 -0.5069
vn -0.8932 0.2260 0.3887
vn -0.7864 -0.3657 0.4978
vn -0.6762 0.3575 0.6442
vn -0.4794 -0.1796 0.8590
vn -0.7054 -0.7086 -0.0167
vn -0.5821 -0.6600 0.4750
vn -0.3876 0.5511 0.7390
vn -0.0713 0.0940 0.9930
vn -0.1049 0.7546 0.6478
vn 0.3286 0.3818 0.8639
vn 0.5326 0.0871 0.8419
vn 0.1326 -0.2006 0.9706
vn -0.2754 -0.4741 0.8363
vn 0.7138 -0.4241 0.5574
vn 0.4314 -0.6271 0.6485
vn 0.1433 -0.8202 0.5538
vn 0.6168 -0.0794 0.7831
vn 0.2396 -0.3522 0.9047
vn -0.3013 0.8352 0.4600
vn -0.4910 0.6987 0.5204
vn -0.1453 -0.6112 0.7780
vn -0.6843 0.5690 0.4561
vn -0.2910 0.8339 0.4689
vn -0.4853 0.6941 0.5317
vn 0.0851 0.6267 0.7746
vn -0.6836 0.5612 0.4667
vn -0.2635 0.3758 0.8884
vn 0.4374 0.2387 0.8670
vn 0.0307 -0.0535 0.9981
vn 0.4793 0.7803 0.4018
vn 0.6454 -0.1574 0.7475
vn 0.2820 -0.4185 0.8633
vn 0.7172 -0.5513 0.4264
vn 0.7205 -0.5028 0.4777
vn 0.4929 -0.7127 0.4991
vn 0.1216 0.5909 0.7975
vn 0.4731 -0.6808 0.5592
vn -0.2387 0.3320 0.9126
vn -0.4203 0.5953 0.6848
vn -0.6841 0.4186 0.5973
vn -0.6058 0.0861 0.7910
vn -0.8834 0.2979 0.3618
vn 0.2177 -0.8521 0.4760
vn -0.8815 -0.0810 0.4652
vn -0.7216 -0.6922 -0.0113
vn -0.9628 0.2668 0.0426
vn -0.6284 -0.5900 -0.5070
vn -0.9920 -0.1245 0.0225
vn -0.3426 -0.3643 -0.8660
vn -0.9021 0.3331 -0.2745
vn 0.0589 -0.0754 -0.9954
vn -0.7174 0.4789 -0.5059
vn -0.4570 0.6663 -0.5892
vn -0.9076 -0.0325 -0.4186
vn -0.6508 0.1700 -0.7399
vn -0.2905 0.4291 -0.8553
vn 0.0075 -0.9353 -0.3537
vn 0.4303 -0.6186 -0.6574
vn 0.1830 -0.7966 -0.5761
vn 0.4572 -0.6540 -0.6026
vn 0.2330 -0.8154 -0.5299
vn 0.5992 -0.0727 -0.7973
vn 0.2289 -0.3211 -0.9190
vn 0.0736 -0.9414 -0.3291
vn -0.1323 -0.5806 -0.8033
vn -0.0307 0.0535 -0.9981
vn 0.3841 0.3314 -0.8617
vn -0.4374 -0.2387 -0.8670
vn 0.0351 0.7041 -0.7092
vn -0.3212 0.4652 -0.8249
vn -0.3171 0.8784 -0.3576
vn -0.6698 0.2142 -0.7110
vn -0.5155 0.7454 -0.4226
vn -0.3226 0.8806 -0.3471
vn -0.5168 0.7516 -0.4099
vn 0.5688 -0.0018 -0.8225
vn 0.1790 -0.2516 -0.9511
vn 0.3883 -0.5530 -0.7371
vn 0.1061 -0.7553 -0.6467
vn -0.1975 -0.5233 -0.8289
vn -0.0949 -0.9140 -0.3945
vn -0.7093 0.6129 -0.3482
vn -0.4654 -0.7365 -0.4908
vn -0.1605 -0.9858 -0.0484
vn -0.7096 0.6058 -0.3599
vn -0.0734 -0.9515 0.2987
vn -0.5523 -0.8332 -0.0267
vn -0.4351 -0.7871 0.4372
vn -0.8421 0.5078 -0.1818
vn -0.8872 0.4587 0.0504
vn -0.8294 0.4811 0.2840
vn -0.8480 0.4964 -0.1859
vn -0.8930 0.4471 0.0524
vn -0.8328 0.4707 0.2913
vn -0.9161 0.0195 -0.4005
vn -0.6217 0.1357 0.7714
vn -0.7268 -0.4671 -0.5036
vn -0.9971 -0.0693 0.0301
vn -0.7268 -0.4670 -0.5036
vn -0.8215 -0.5702 -0.0053
vn -0.8882 -0.0260 0.4587
vn -0.6960 -0.5206 0.4945
vn -0.8216 -0.5700 -0.0053
vn -0.3913 -0.7852 -0.4799
vn -0.3841 -0.3314 0.8617
vn 0.0218 -0.9983 -0.0539
vn -0.3842 -0.3314 0.8617
vn -0.6961 -0.5205 0.4945
vn -0.0882 -0.6665 0.7403
vn -0.3660 -0.8348 0.4113
vn -0.4770 -0.8782 -0.0353
vn 0.2638 -0.8663 0.4243
vn 0.0914 -0.9708 0.2218
vn 0.0288 -0.9666 0.2547
vn -0.0489 -0.9976 -0.0496
vn 0.8743 -0.4723 0.1117
vn 0.9199 -0.3764 0.1103
vn 0.7977 -0.0935 -0.5958
vn 0.5790 -0.5755 -0.5776
vn 0.7698 -0.0468 -0.6366
vn 0.5103 -0.8297 0.2263
vn 0.3530 -0.6430 -0.6796
vn 0.2920 0.2635 -0.9194
vn 0.2626 -0.9378 -0.2270
vn 0.5075 -0.8381 0.2001
vn 0.0631 0.1435 -0.9876
vn -0.3292 0.5953 -0.7330
vn 0.3938 -0.8592 -0.3266
vn 0.6448 -0.7392 0.1946
vn -0.1158 -0.6603 -0.7420
vn 0.5729 -0.7245 -0.3832
vn 0.7692 -0.6112 0.1864
vn -0.0162 -0.4037 -0.9148
vn 0.6521 -0.6211 -0.4347
vn 0.6370 -0.7465 0.1923
vn 0.0705 -0.2475 -0.9663
vn 0.3053 -0.7551 -0.5802
vn 0.0917 -0.6493 0.7550
vn 0.0600 -0.3014 -0.9516
vn -0.4000 0.2493 -0.8820
vn -0.4443 0.0902 -0.8913
vn -0.3712 0.1808 -0.9108
vn -0.7877 0.2237 -0.5741
vn -0.3892 -0.0009 -0.9212
vn -0.4894 0.5414 -0.6836
vn -0.3988 0.5404 -0.7409
vn -0.4726 0.4724 -0.7440
vn -0.3431 0.5442 -0.7656
vn -0.5495 0.8078 -0.2135
vn -0.6113 0.7676 -0.1926
vn -0.7163 0.6723 -0.1867
vn -0.5552 0.6117 0.5636
vn -0.5743 0.5578 0.5992
vn 0.0072 0.0809 0.9967
vn -0.6931 0.7172 -0.0728
vn 0.1153 0.0546 0.9918
vn 0.6509 -0.2442 0.7188
vn -0.5180 0.6229 0.5863
vn -0.5264 0.5919 0.6103
vn 0.0623 0.0276 0.9977
vn 0.6198 -0.3326 0.7108
vn 0.3541 -0.5331 0.7684
vn -0.1068 -0.1095 0.9882
vn 0.3283 -0.6636 0.6722
vn -0.6285 0.5871 0.5103
vn 0.5109 -0.5294 0.6773
vn -0.1189 -0.0945 0.9884
vn 0.6328 -0.4708 0.6148
vn 0.1298 0.0404 0.9907
vn 0.4807 -0.4803 0.7337
vn -0.6192 0.5545 0.5560
vn 0.1087 0.1234 0.9864
vn -0.5249 0.3152 0.7906
vn -0.1512 -0.2462 0.9574
vn -0.9767 -0.2142 0.0111
vn -0.9457 -0.2439 -0.2147
vn -0.9312 -0.3599 -0.0587
vn -0.8388 0.0049 0.5444
vn -0.9327 -0.2898 0.2146
vn -0.9405 -0.1885 0.2828
vn -0.9022 -0.0953 0.4206
vn -0.7188 -0.2796 0.6366
vn -0.7649 -0.0103 0.6440
vn -0.9486 0.2139 0.2334
vn -0.5714 -0.2125 0.7927
vn -0.7300 0.5142 0.4502
vn -0.8876 0.4604 0.0120
vn -0.7168 0.6354 0.2870
vn -0.4942 0.1515 0.8560
vn -0.5345 0.6375 0.5549
vn -0.3878 0.7571 0.5258
vn 0.0178 0.6831 0.7301
vn 0.1967 0.6627 0.7226
vn -0.0640 0.4750 0.8776
vn 0.0757 0.3132 0.9467
vn -0.3030 0.1073 0.9469
vn 0.1600 0.1195 0.9799
vn -0.1431 0.0280 0.9893
vn 0.1182 0.1020 0.9877
vn -0.5532 -0.0572 0.8311
vn -0.2391 0.1847 0.9533
vn 0.0085 0.4133 0.9106
vn -0.6592 0.1840 0.7291
vn -0.3843 0.4648 0.7977
vn 0.0649 0.7218 0.6891
vn -0.6566 0.3748 0.6545
vn 0.1424 0.8364 0.5293
vn -0.3511 0.7254 0.5921
vn 0.1249 0.8644 0.4871
vn -0.2600 0.8466 0.4645
vn -0.2055 0.9023 0.3788
vn -0.5772 0.8053 0.1354
vn -0.5920 0.7623 0.2617
vn -0.4902 0.7502 0.4437
vn -0.6783 0.7241 -0.1246
vn -0.6435 0.7627 -0.0643
vn -0.4124 0.9096 0.0512
vn -0.1658 0.8164 0.5532
vn -0.4087 0.3194 0.8549
vn -0.0532 0.8111 0.5825
vn -0.1701 0.2360 0.9567
vn -0.1162 0.0578 0.9915
vn -0.3129 0.7034 0.6382
vn -0.0776 0.9966 0.0259
vn -0.5415 0.4355 0.7191
vn -0.5191 0.5126 0.6840
vn -0.8998 0.4301 -0.0738
vn -0.1684 0.9856 0.0139
vn -0.4899 0.8707 -0.0434
vn -0.7193 0.6894 -0.0853
vn -0.8688 0.4458 -0.2154
vn -0.7805 0.1884 -0.5960
vn -0.6435 0.4839 -0.5931
vn -0.4470 0.6822 -0.5787
vn -0.1929 0.8098 -0.5541
vn -0.3030 0.3970 -0.8664
vn -0.1276 0.8443 -0.5205
vn -0.1032 0.4939 -0.8634
vn -0.5931 0.6210 -0.5124
vn -0.3260 0.3633 -0.8728
vn -0.6918 0.5184 -0.5027
vn -0.7206 0.4961 -0.4845
vn -0.5541 -0.0330 -0.8318
vn -0.6024 -0.0332 -0.7975
vn -0.5117 -0.5405 -0.6678
vn -0.1872 -0.3004 -0.9352
vn -0.5916 -0.6161 -0.5200
vn -0.4155 -0.4313 -0.8008
vn -0.0025 0.2265 -0.9740
vn -0.0670 0.2534 -0.9650
vn -0.4492 -0.7244 -0.5229
vn -0.3920 -0.5734 -0.7194
vn -0.2434 -0.8077 -0.5370
vn -0.2192 -0.6069 -0.7640
vn -0.1672 0.0953 -0.9813
vn -0.0802 -0.2010 -0.9763
vn 0.0911 0.4607 -0.8829
vn 0.0930 0.3519 -0.9314
vn 0.0957 0.1853 -0.9780
vn 0.2265 0.2264 -0.9473
vn 0.1791 0.3113 -0.9333
vn 0.3099 0.1814 -0.9333
vn -0.0199 0.3316 -0.9432
vn 0.1010 0.1183 -0.9878
vn 0.2968 -0.1128 -0.9483
vn 0.2351 -0.5724 -0.7856
vn 0.0277 -0.2594 -0.9654
vn -0.2720 0.0443 -0.9613
vn 0.0341 -0.1840 -0.9823
vn 0.0559 -0.8008 -0.5963
vn -0.0049 -0.2826 -0.9592
vn -0.2307 -0.4017 -0.8862
vn -0.1991 -0.4984 -0.8438
vn -0.2973 -0.3336 -0.8946
vn -0.1912 -0.7391 -0.6458
vn -0.4404 -0.4945 -0.7493
vn -0.5452 -0.3800 -0.7472
vn -0.5206 -0.3309 -0.7871
vn -0.4896 -0.6549 -0.5757
vn -0.3614 -0.8673 -0.3424
vn -0.2056 -0.7686 -0.6058
vn -0.4298 -0.3448 -0.8345
vn -0.2948 -0.7398 -0.6048
vn -0.7144 -0.2928 -0.6355
vn -0.7258 -0.6591 -0.1972
vn -0.7856 -0.2500 -0.5660
vn -0.7563 -0.6205 -0.2074
vn -0.5353 -0.0932 -0.8395
vn -0.2117 0.2254 -0.9510
vn -0.6445 -0.1586 -0.7480
vn -0.6081 -0.4304 -0.6671
vn -0.2683 0.0207 -0.9631
vn 0.0172 0.3747 -0.9270
vn -0.0488 0.3304 -0.9426
vn -0.2080 0.0442 -0.9771
vn -0.4143 -0.5294 -0.7403
vn -0.5332 0.0143 -0.8459
vn -0.2663 -0.8748 -0.4047
vn -0.1928 -0.5730 -0.7966
vn -0.5447 -0.1660 -0.8221
vn -0.7966 -0.4425 -0.4119
vn -0.8097 -0.1957 -0.5533
vn -0.8143 -0.2656 -0.5161
vn -0.8572 -0.4356 -0.2746
vn -0.6260 -0.5159 -0.5848
vn -0.8973 -0.4138 -0.1536
vn -0.7287 -0.5635 -0.3893
vn -0.9234 -0.3090 -0.2278
vn -0.5108 -0.6865 -0.5174
vn -0.8913 -0.1508 -0.4277
vn -0.7707 -0.5263 -0.3591
vn -0.5737 -0.3703 -0.7306
vn -0.5468 -0.6837 -0.4832
vn -0.2932 -0.6720 -0.6801
vn -0.3803 -0.7939 -0.4745
vn -0.1053 -0.7810 -0.6155
vn -0.4435 -0.8539 -0.2724
vn 0.2547 -0.8898 -0.3788
vn -0.1053 -0.9921 0.0682
vn 0.5120 -0.7610 0.3984
vn 0.4402 -0.8978 -0.0166
vn 0.4263 -0.8983 -0.1069
vn 0.8054 -0.5772 -0.1350
vn 0.8539 -0.5151 0.0744
vn 0.9143 -0.3689 -0.1673
vn 0.4252 -0.8197 0.3837
vn 0.9644 -0.2400 0.1108
vn 0.9453 -0.2971 -0.1345
vn 0.7154 -0.4467 0.5373
vn 0.2148 -0.7903 0.5738
vn 0.7867 -0.1529 0.5981
vn 0.9252 -0.1217 0.3594
vn 0.9347 -0.3194 -0.1558
vn 0.3762 -0.3151 0.8713
vn -0.0312 -0.8295 0.5577
vn 0.8395 -0.4059 0.3612
vn 0.9368 -0.3194 -0.1427
vn 0.0078 -0.2565 0.9665
vn 0.8253 -0.3711 0.4257
vn 0.9620 -0.2328 -0.1426
vn 0.3900 -0.3049 0.8689
vn 0.4381 0.0928 0.8941
vn 0.3917 -0.0551 0.9185
vn 0.0290 0.1211 0.9922
vn 0.0639 0.2268 0.9718
vn -0.5479 -0.1685 0.8194
vn -0.3345 -0.7861 0.5197
vn -0.1654 -0.1675 0.9719
vn -0.8881 -0.1894 0.4187
vn -0.4931 -0.8305 0.2590
vn -0.5492 0.1557 0.8211
vn -0.4446 0.3429 0.8275
vn -0.9081 0.1438 0.3933
vn -0.8676 0.3131 0.3863
vn -0.9613 -0.1629 0.2224
vn -0.5239 -0.8447 0.1097
vn -0.9255 0.3405 0.1662
vn -0.9927 -0.0875 0.0826
vn -0.4321 -0.9017 0.0176
vn -0.8138 0.5774 0.0658
vn -0.9889 -0.0550 0.1378
vn -0.4045 -0.8906 0.2078
vn -0.8290 0.5591 0.0107
vn -0.8132 0.5744 0.0937
vn -0.9980 -0.0230 0.0588
vn -0.6259 -0.7793 0.0311
vn -0.6854 -0.6663 -0.2938
vn -0.6434 0.7573 -0.1120
vn -0.9582 -0.0850 -0.2730
vn -0.4679 -0.7527 -0.4631
vn -0.8505 0.5216 0.0675
vn -0.4610 0.8868 0.0334
vn -0.8254 0.5105 -0.2412
vn -0.9903 0.1254 -0.0599
vn -0.4099 0.9116 -0.0324
vn -0.8824 -0.0151 0.4703
vn -0.9939 0.0074 -0.1101
vn -0.8833 -0.0369 0.4673
vn -0.7489 0.3644 -0.5536
vn -0.4091 0.8307 -0.3777
vn -0.1581 0.9821 -0.1020
vn 0.0119 0.3545 -0.9350
vn -0.0083 0.8871 -0.4615
vn -0.7495 0.0892 -0.6560
vn -0.9913 0.0008 -0.1316
vn 0.0742 0.1415 -0.9872
vn -0.8866 0.0839 0.4548
vn 0.0840 0.0794 -0.9933
vn -0.2652 -0.1370 0.9544
vn -0.6869 -0.0140 -0.7266
vn 0.2862 -0.2598 0.9223
vn -0.2237 0.1330 0.9655
vn 0.9136 -0.1225 0.3878
vn 0.4043 0.0570 0.9128
vn 0.8083 -0.3300 0.4876
vn 0.9201 -0.3762 -0.1086
vn -0.1306 0.0017 0.9914
vn 0.5263 -0.7635 0.3743
vn 0.7220 -0.6757 -0.1488
vn 0.6332 -0.7398 -0.2275
vn 0.4042 -0.0601 0.9127
vn 0.1848 -0.5775 0.7952
vn 0.5717 -0.7264 0.3815
vn 0.7019 -0.6472 -0.2976
vn 0.1944 -0.5231 0.8298
vn 0.6618 -0.5679 0.4894
vn 0.8510 -0.4960 0.1728
vn 0.7520 -0.5588 -0.3496
vn 0.6298 -0.4534 0.6306
vn 0.2324 -0.3518 0.9068
vn -0.2579 -0.4458 0.8572
vn -0.3395 -0.3204 0.8844
vn 0.2152 -0.4774 0.8519
vn -0.3094 -0.2532 0.9166
vn 0.4649 -0.6936 0.5503
vn -0.0000 -0.8276 0.5613
vn -0.3712 -0.2950 0.8805
vn 0.3647 -0.7041 0.6093
vn 0.1045 -0.7287 0.6768
vn -0.0000 -0.4896 0.8719
vn -0.8802 0.0380 0.4730
vn 0.2444 -0.2482 0.9374
vn -0.8995 -0.1121 0.4222
vn 0.2554 0.3454 0.9031
vn -0.0000 0.4000 0.9165
vn -0.8819 -0.0975 0.4613
vn 0.3258 0.5841 0.7435
vn -0.0000 0.6660 0.7459
vn -0.1472 0.5988 0.7873
vn -0.1841 0.3003 0.9359
vn -0.6104 0.5765 0.5433
vn -0.0999 -0.1479 0.9839
vn -0.7746 0.5717 0.2704
vn -0.0076 -0.5811 0.8138
vn -0.6208 0.0035 0.7839
vn -0.5718 -0.2826 0.7702
vn -0.6088 0.3336 0.7197
vn -0.8816 0.2523 0.3989
vn -0.8704 0.1164 0.4783
vn -0.8327 0.4393 0.3371
vn -0.8697 0.4465 -0.2104
vn -0.9485 0.2642 -0.1748
vn -0.8791 0.1145 0.4626
vn -0.5136 0.2597 -0.8177
vn -0.9926 -0.0997 -0.0688
vn -0.9920 0.0537 -0.1146
vn -0.5590 0.2943 -0.7752
vn 0.1451 0.0459 -0.9883
vn -0.6665 0.0359 -0.7446
vn 0.3578 -0.3583 -0.8623
vn 0.5431 -0.3807 -0.7484
vn 0.2519 -0.0891 -0.9636
vn 0.6118 -0.3629 -0.7029
vn 0.0816 -0.2621 -0.9616
vn -0.7863 -0.2161 -0.5788
vn 0.5984 -0.4594 -0.6564
vn -0.0979 -0.4871 -0.8678
vn -0.9930 -0.0462 -0.1085
vn -0.7974 -0.1204 -0.5913
vn -0.7149 -0.2210 -0.6634
vn -0.0117 -0.5791 -0.8152
vn 0.5124 -0.6627 -0.5462
vn 0.0630 -0.2235 -0.9727
vn 0.7088 -0.3134 -0.6320
vn 0.7513 -0.1395 -0.6451
vn 0.7795 -0.0983 -0.6187
vn -0.7229 -0.0643 -0.6879
vn 0.8387 -0.0190 -0.5443
vn 0.5188 0.7560 -0.3992
vn 0.9322 0.0129 -0.3616
vn 0.9661 -0.0242 -0.2569
vn 0.5154 0.8263 -0.2272
vn 0.9300 0.3189 -0.1830
vn 0.9212 -0.3615 -0.1436
vn 0.4666 -0.8835 -0.0422
vn 0.9523 -0.2729 -0.1366
vn 0.4925 -0.8685 0.0567
vn 0.9497 0.2270 -0.2156
vn 0.9437 -0.2361 -0.2318
vn 0.5986 -0.7886 -0.1408
vn 0.4967 -0.6959 -0.5186
vn 0.7609 -0.1259 -0.6365
vn 0.2651 -0.2017 -0.9429
vn 0.1729 -0.8016 -0.5723
vn 0.6541 0.4910 -0.5754
vn 0.0412 -0.2870 -0.9570
vn 0.0646 -0.8064 -0.5878
vn 0.3203 0.6700 -0.6697
vn 0.0344 0.5602 -0.8276
vn -0.1002 -0.2232 -0.9696
vn -0.0452 -0.8172 -0.5746
vn -0.2595 -0.7782 -0.5719
vn 0.4532 0.8478 -0.2754
vn 0.0968 0.9226 -0.3734
vn 0.0856 0.9745 -0.2074
vn -0.1448 0.9646 -0.2206
vn -0.1130 0.6830 -0.7217
vn -0.4858 0.7517 -0.4461
vn -0.2678 0.6584 -0.7035
vn -0.3340 -0.1486 -0.9308
vn -0.6848 0.2478 -0.6853
vn -0.6509 -0.3640 -0.6661
vn 0.4597 -0.3944 0.7957
vn 0.5382 -0.2024 0.8181
vn 0.6243 -0.0945 0.7754
vn 0.7689 -0.3545 0.5321
vn 0.3605 -0.6266 0.6910
vn 0.8256 -0.0235 0.5637
vn 0.5548 -0.7062 0.4399
vn 0.2802 -0.5833 0.7624
vn 0.9418 -0.3355 0.0202
vn 0.6113 -0.7370 0.2884
vn 0.4429 -0.4416 0.7803
vn 0.7082 -0.6956 -0.1212
vn 0.7884 -0.5869 0.1843
vn 0.7397 -0.6008 -0.3031
vn 0.7987 -0.4435 -0.4066
vn 0.6413 -0.1986 -0.7411
vn 0.4707 -0.3950 -0.7889
vn 0.0524 0.0736 -0.9959
vn 0.4448 -0.4065 -0.7981
vn -0.0283 -0.0698 -0.9972
vn -0.4311 0.4369 -0.7895
vn -0.7676 0.5991 -0.2279
vn -0.4638 0.1643 -0.8706
vn -0.7029 0.3993 0.5887
vn -0.1114 -0.1159 -0.9870
vn -0.7973 0.3471 -0.4938
vn -0.5838 0.0701 -0.8088
vn 0.5505 -0.1337 -0.8240
vn -0.0828 -0.0727 -0.9939
vn 0.9864 0.1635 -0.0159
vn 0.0146 0.0117 -0.9998
vn 0.9888 0.0605 0.1361
vn 0.6390 -0.2234 0.7361
vn 0.4944 0.0773 -0.8658
vn 0.9611 -0.0631 0.2690
vn 0.4679 0.0761 0.8805
vn 0.6650 -0.1980 -0.7201
vn 0.9384 -0.1178 0.3249
vn 0.3256 0.2762 0.9043
vn 0.6817 -0.4361 -0.5875
vn 0.7297 -0.5214 -0.4424
vn 0.7870 -0.3417 0.5136
vn 0.3962 0.4304 0.8110
vn 0.4850 -0.8641 -0.1344
vn 0.6220 -0.4636 0.6310
vn 0.2205 0.2218 0.9498
vn -0.5591 -0.4451 0.6995
vn 0.0934 -0.9869 0.1319
vn -0.5291 -0.7404 -0.4146
vn -0.9902 0.0486 -0.1308
vn -0.9093 0.1812 -0.3747
vn -0.3662 -0.7282 -0.5794
vn -0.9406 -0.1729 -0.2923
vn -0.1826 -0.5762 -0.7966
vn -0.8180 -0.5432 -0.1893
vn -0.2522 -0.6234 -0.7401
vn -0.1060 -0.8386 -0.5344
vn -0.0357 -0.4173 -0.9081
vn 0.0497 -0.1550 -0.9867
vn 0.3391 -0.4367 -0.8332
vn 0.5173 -0.7892 -0.3310
vn 0.6168 -0.5872 -0.5241
vn 0.0759 0.0115 -0.9971
vn 0.1695 -0.0891 -0.9815
vn -0.2954 0.2149 -0.9309
vn -0.2695 0.3224 -0.9074
vn 0.1781 -0.3925 -0.9023
vn 0.7640 -0.4341 -0.4774
vn -0.4517 0.2091 -0.8673
vn 0.0962 -0.4308 -0.8973
vn -0.5713 -0.2742 -0.7735
vn 0.7930 -0.3327 -0.5103
vn -0.9085 -0.1763 -0.3789
vn -0.7954 -0.2743 -0.5405
vn 0.0363 -0.4651 -0.8845
vn 0.1970 -0.6428 -0.7403
vn 0.8903 -0.1763 -0.4199
vn -0.8053 -0.3300 -0.4925
vn 0.2415 -0.6464 -0.7238
vn 0.8833 -0.1425 -0.4466
vn -0.7053 -0.6433 -0.2979
vn -0.7239 -0.6437 -0.2484
vn 0.2186 -0.7240 -0.6542
vn 0.8792 -0.1799 -0.4411
vn -0.8686 0.1228 0.4800
vn 0.1920 -0.8836 -0.4271
vn 0.8595 -0.5054 -0.0764
vn -0.6539 -0.7507 -0.0941
vn -0.2493 -0.9502 0.1873
vn 0.5311 -0.5682 0.6286
vn -0.0777 0.0078 0.9969
vn -0.6488 -0.4845 0.5868
vn -0.7805 -0.0614 0.6221
vn -0.0765 0.5104 0.8565
vn -0.0781 0.5659 0.8208
vn -0.8328 0.0146 0.5534
vn -0.1581 0.5458 0.8229
vn -0.8394 0.0391 0.5421
vn -0.2459 0.3117 0.9178
vn -0.9382 -0.0832 0.3359
vn -0.2353 -0.1817 0.9548
vn 0.6679 -0.6985 -0.2569
vn -0.1370 -0.5589 -0.8178
vn 0.7960 -0.3198 -0.5138
vn -0.6163 -0.4203 -0.6660
vn -0.6130 0.2569 -0.7471
vn -0.5079 0.3716 -0.7771
vn -0.6756 0.2592 -0.6902
vn -0.5337 0.2977 -0.7915
vn -0.5749 0.4323 -0.6947
vn -0.6061 0.3973 -0.6890
vn -0.5269 0.2077 -0.8242
vn -0.8044 0.2135 -0.5544
vn -0.7117 0.3302 -0.6200
vn -0.9060 0.3646 -0.2153
vn -0.9087 0.4169 -0.0215
vn -0.6226 0.4000 -0.6726
vn -0.7118 0.2965 0.6367
vn -0.6368 0.4174 -0.6483
vn -0.6441 0.4307 -0.6322
vn -0.7395 0.5846 -0.3338
vn -0.6412 0.4504 -0.6213
vn -0.7061 0.3039 -0.6396
vn -0.7453 0.5225 -0.4141
vn -0.7275 0.3540 -0.5877
vn -0.7433 0.4916 -0.4537
vn -0.7558 0.6542 0.0266
vn -0.7488 0.6625 -0.0214
vn -0.8432 0.3499 -0.4082
vn -0.6525 0.6102 0.4493
vn -0.5645 0.6008 0.5660
vn -0.7745 0.3877 0.4999
vn -0.5621 0.5127 0.6490
vn 0.1638 0.2929 0.9420
vn 0.0462 0.2899 0.9559
vn -0.3146 0.4235 0.8495
vn 0.5753 -0.0859 0.8134
vn -0.2972 0.2841 0.9115
vn -0.1066 0.3071 0.9457
vn 0.5320 -0.1294 0.8368
vn -0.5670 0.5667 0.5978
vn -0.2081 0.3501 0.9133
vn -0.8495 0.5098 -0.1356
vn -0.8538 0.2614 0.4503
vn -0.7545 0.2407 0.6106
vn -0.0195 0.2808 0.9596
vn -0.1304 0.2932 0.9471
vn -0.9920 -0.0215 -0.1240
vn -0.7926 0.2331 0.5634
vn -0.8625 -0.3179 -0.3938
vn -0.9486 -0.1624 -0.2718
vn -0.9826 -0.1853 0.0086
vn -0.6925 -0.0087 0.7214
vn -0.1175 0.5581 0.8214
vn -0.9262 -0.1613 -0.3408
vn -0.7211 0.0119 0.6927
vn -0.0973 0.6185 0.7798
vn -0.7417 -0.3485 -0.5730
vn -0.7048 -0.0923 0.7034
vn -0.0736 0.4777 0.8755
vn 0.0635 0.1211 0.9906
vn -0.5354 -0.4774 0.6968
vn 0.7082 -0.3201 0.6293
vn -0.5932 -0.8047 0.0256
vn -0.0684 -0.9716 0.2264
vn 0.2401 -0.8581 -0.4540
vn 0.9654 -0.2215 -0.1374
vn 0.8263 -0.0857 -0.5567
vn 0.0888 -0.7999 -0.5935
vn 0.8199 0.0389 -0.5711
vn 0.1427 -0.6917 -0.7079
vn 0.8268 0.0244 -0.5619
vn -0.6868 -0.7258 -0.0384
vn 0.0780 -0.6946 -0.7152
vn 0.7821 -0.3415 -0.5212
vn -0.7342 -0.6788 -0.0129
vn -0.0429 -0.4726 -0.8802
vn -0.9088 -0.2035 -0.3642
vn -0.1781 -0.6061 -0.7752
vn 0.6642 -0.6685 -0.3345
vn -0.8491 0.0629 0.5244
vn -0.0625 -0.0739 0.9953
vn -0.1177 0.2941 0.9485
vn -0.9404 -0.2430 -0.2380
vn -0.8839 0.1601 0.4395
vn -0.8508 -0.0730 0.5203
vn -0.1618 0.5152 0.8417
vn -0.9361 -0.2123 -0.2803
vn -0.8257 -0.0906 0.5568
vn -0.1841 0.5186 0.8349
vn -0.7622 -0.6267 -0.1624
vn 0.0343 -0.4738 -0.8800
vn -0.7811 -0.1795 0.5981
vn -0.2321 0.3874 0.8922
vn -0.6191 -0.7309 -0.2871
vn -0.6693 -0.3608 0.6496
vn 0.0175 0.1621 0.9866
vn 0.7210 -0.3037 0.6229
vn -0.5883 -0.7793 -0.2160
vn -0.2501 -0.9614 0.1150
vn 0.1983 -0.8197 -0.5374
vn 0.9546 -0.2800 -0.1020
vn 0.9098 -0.0500 -0.4119
vn 0.2321 -0.6696 -0.7055
vn 0.9078 -0.0045 -0.4193
vn 0.2473 -0.6372 -0.7300
vn 0.8585 -0.0474 -0.5106
vn 0.1537 -0.6719 -0.7245
vn 0.7949 -0.3376 -0.5041
vn 0.6807 -0.6832 -0.2644
vn -0.1315 -0.6203 -0.7732
vn -0.1597 -0.2227 0.9617
vn -0.9370 -0.1228 0.3271
vn -0.1882 0.3281 0.9257
vn -0.9104 -0.2739 -0.3101
vn -0.7610 -0.2437 -0.6013
vn -0.8597 -0.2636 -0.4376
vn -0.8713 0.1678 0.4612
vn 0.1069 -0.4472 -0.8880
vn -0.8527 -0.2356 -0.4663
vn -0.8231 0.0170 0.5677
vn -0.0845 0.5971 0.7977
vn -0.7491 -0.6469 -0.1429
vn 0.2090 -0.6725 -0.7099
vn 0.8218 -0.1946 -0.5355
vn 0.2002 -0.6997 -0.6858
vn 0.8709 -0.1108 -0.4788
vn -0.6942 -0.7050 -0.1454
vn -0.7940 0.0577 0.6052
vn -0.0594 0.6102 0.7900
vn -0.6095 -0.7860 -0.1038
vn -0.7737 -0.1386 0.6182
vn -0.1296 0.4529 0.8821
vn -0.0342 0.1731 0.9843
vn -0.6049 -0.4032 0.6866
vn 0.7074 -0.3342 0.6228
vn -0.3243 -0.9264 0.1912
vn 0.0753 -0.7988 -0.5969
vn 0.8751 -0.1401 -0.4632
vn 0.8892 -0.3638 -0.2776
vn 0.2110 -0.9307 -0.2987
vn -0.1799 -0.0866 0.9799
vn -0.2273 -0.1622 0.9602
vn 0.1196 -0.4152 0.9018
vn -0.1495 -0.0431 0.9878
vn -0.1617 0.8935 0.4190
vn 0.8800 0.4143 -0.2324
vn 0.9335 0.3553 0.0483
vn -0.2332 0.9713 0.0477
vn 0.8629 0.3827 0.3301
vn -0.3915 0.7867 0.4773
vn -0.1391 0.9357 -0.3242
vn 0.6867 0.4898 0.5372
vn -0.4757 0.8789 0.0348
vn -0.7172 0.4807 0.5046
vn 0.0945 0.7964 -0.5973
vn 0.4525 0.6468 0.6139
vn -0.3633 0.8363 -0.4106
vn -0.8119 0.5837 0.0065
vn -0.7169 0.4807 0.5050
vn 0.4019 0.5882 -0.7018
vn 0.2241 0.8117 0.5394
vn -0.8119 0.5837 0.0066
vn -0.8743 0.1684 0.4553
vn -0.6865 0.5349 -0.4925
vn -0.0832 0.6701 -0.7376
vn -0.6865 0.5353 -0.4922
vn -0.3732 0.3473 -0.8603
vn 0.2847 0.4201 -0.8616
vn 0.7042 0.3689 -0.6066
vn 0.0621 0.9404 0.3343
vn 0.0419 0.0679 -0.9968
vn 0.9207 0.1978 -0.3364
vn 0.0098 0.9985 0.0540
vn 0.6463 0.1578 -0.7466
vn 0.9922 0.1200 0.0351
vn 0.0808 0.9707 -0.2263
vn 0.9049 -0.0466 -0.4231
vn 0.4474 -0.2247 -0.8657
vn 0.8993 0.1562 0.4084
vn 0.2560 0.8645 -0.4325
vn 0.9900 -0.1393 0.0215
vn 0.7367 -0.4526 -0.5024
vn 0.6672 0.2968 0.6832
vn 0.4887 0.7084 -0.5093
vn 0.8787 -0.0957 0.4677
vn 0.8315 -0.5555 -0.0042
vn 0.3580 0.5040 0.7860
vn 0.7170 0.5436 -0.4363
vn 0.6007 0.0727 0.7961
vn 0.7061 -0.5058 0.4955
vn 0.0546 0.7225 0.6892
vn 0.2309 0.3207 0.9186
vn -0.1333 0.5828 0.8016
vn 0.3942 -0.3168 0.8627
vn -0.0207 -0.0391 0.9990
vn -0.4275 0.2528 0.8680
vn 0.3942 -0.3169 0.8627
vn -0.4276 0.2527 0.8679
vn -0.6009 -0.0473 0.7979
vn -0.8940 -0.3693 0.2539
vn -0.2168 -0.3228 0.9213
vn -0.7194 -0.5072 0.4745
vn 0.1746 -0.5849 0.7921
vn -0.4736 -0.6841 0.5548
vn -0.7149 -0.5853 0.3827
vn -0.8600 -0.4703 0.1980
vn -0.5101 -0.7328 0.4503
vn -0.2718 0.4558 0.8476
vn -0.5475 0.6787 0.4895
vn -0.6772 0.5492 0.4896
vn 0.1174 0.1638 0.9795
vn -0.3929 0.3084 0.8663
vn -0.6999 0.4966 0.5134
vn 0.5136 -0.1130 0.8506
vn -0.4109 0.2742 0.8695
vn -0.7964 0.3539 0.4904
vn 0.0046 0.0086 1.0000
vn -0.5111 0.1223 0.8507
vn -0.0061 -0.0189 0.9998
vn 0.4129 -0.2776 0.8674
vn -0.3003 -0.8736 0.3830
vn 0.8129 -0.3030 0.4974
vn -0.2223 -0.8525 0.4731
vn -0.1420 -0.9697 0.1986
vn 0.4686 -0.7631 0.4451
vn -0.0328 -0.9673 0.2513
vn 0.7060 -0.5060 0.4955
vn 0.5866 -0.8094 -0.0268
vn 0.0437 -0.9977 -0.0510
vn 0.7366 -0.4527 -0.5024
vn 0.4963 -0.7119 -0.4969
vn 0.4474 -0.2248 -0.8656
vn 0.2230 -0.4965 -0.8389
vn 0.0421 0.0675 -0.9968
vn -0.1587 -0.2200 -0.9625
vn -0.0129 -0.9356 -0.3529
vn -0.1875 -0.7977 -0.5732
vn -0.3732 0.3472 -0.8603
vn -0.5509 0.0439 -0.8334
vn -0.8461 0.2213 -0.4849
vn -0.4325 -0.6209 -0.6538
vn -0.6845 -0.4516 -0.5723
vn -0.9640 0.2656 -0.0144
vn -0.8742 -0.3370 -0.3495
vn -0.9504 -0.3073 -0.0477
vn -0.9064 -0.4190 -0.0539
vn -0.8425 -0.4436 -0.3057
vn -0.6285 0.7775 0.0186
vn -0.7646 0.6444 0.0135
vn -0.5034 0.7329 -0.4576
vn -0.6832 -0.5402 -0.4913
vn -0.7875 0.6162 0.0144
vn -0.4722 -0.6820 -0.5585
vn -0.8892 0.4575 -0.0031
vn -0.8331 0.2818 0.4759
vn -0.8103 0.5860 0.0080
vn -0.7160 0.4815 0.5054
vn -0.9240 0.3822 -0.0108
vn -0.6872 0.5361 -0.4902
vn -0.7702 0.4091 -0.4893
vn -0.8037 0.3342 -0.4923
vn -0.3853 0.3362 -0.8594
vn -0.5068 0.1349 -0.8514
vn 0.0390 0.0621 -0.9973
vn -0.6645 0.5740 -0.4785
vn -0.4587 0.2207 -0.8607
vn -0.0877 -0.1319 -0.9874
vn 0.4460 -0.2246 -0.8664
vn -0.0324 -0.0512 -0.9982
vn -0.3384 0.3982 -0.8526
vn -0.6324 0.6090 -0.4787
vn -0.3161 0.4170 -0.8522
vn 0.0770 0.1148 -0.9904
vn 0.3705 -0.3312 -0.8678
vn 0.3074 -0.4122 -0.8577
vn 0.7347 -0.4537 -0.5042
vn 0.4785 -0.1756 -0.8603
vn 0.5875 -0.6347 -0.5020
vn 0.8293 -0.5588 -0.0061
vn 0.6559 -0.5575 -0.5090
vn 0.6778 -0.7351 -0.0151
vn 0.7040 -0.5103 0.4939
vn 0.7475 -0.6641 -0.0154
vn 0.5538 -0.6859 0.4721
vn 0.3924 -0.3213 0.8619
vn 0.6200 -0.6207 0.4799
vn 0.7639 -0.4080 -0.5000
vn 0.8548 -0.5189 -0.0027
vn 0.2486 -0.5003 0.8294
vn -0.0218 -0.0425 0.9989
vn 0.3072 -0.4388 0.8444
vn -0.1560 -0.2279 0.9611
vn -0.4275 0.2514 0.8684
vn -0.1065 -0.1666 0.9803
vn 0.7251 -0.4771 0.4966
vn 0.4097 -0.2938 0.8636
vn -0.5520 0.0583 0.8318
vn 0.7226 -0.4741 0.5031
vn 0.8500 -0.5268 0.0041
vn 0.9349 -0.3547 0.0147
vn 0.7600 -0.4213 -0.4949
vn 0.8466 -0.2543 -0.4676
vn -0.0774 -0.9956 -0.0531
vn -0.1236 -0.9442 -0.3052
vn 0.5728 -0.0288 -0.8192
vn -0.2682 -0.8295 -0.4900
vn 0.4788 -0.1858 -0.8580
vn 0.1944 0.2656 -0.9443
vn 0.0857 0.1196 -0.9891
vn -0.2020 0.5454 -0.8135
vn -0.8893 -0.3859 0.2453
vn 0.0963 -0.9137 -0.3948
vn -0.1045 -0.7545 -0.6480
vn -0.7193 -0.5204 0.4602
vn -0.3872 -0.5507 -0.7395
vn -0.9010 0.0788 0.4266
vn -0.4784 -0.6938 0.5383
vn -0.6760 -0.3569 -0.6448
vn -0.6402 -0.1276 0.7576
vn -0.8071 0.3328 0.4878
vn -0.2338 -0.8577 0.4579
vn -0.8934 -0.2251 -0.3889
vn -0.2723 -0.3925 0.8785
vn -0.5241 0.1091 0.8447
vn -0.0248 0.9287 0.3701
vn -0.0504 -0.9689 0.2425
vn -0.9807 -0.1910 -0.0408
vn 0.1606 0.7821 0.6021
vn -0.3785 0.7935 0.4765
vn -0.1230 -0.1796 0.9760
vn 0.1042 -0.6450 0.7571
vn -0.1216 0.5909 0.7975
vn -0.8945 -0.3652 0.2579
vn 0.4188 0.5964 0.6848
vn 0.2870 -0.4546 0.8432
vn -0.7205 -0.5028 0.4776
vn -0.8762 -0.4256 0.2262
vn 0.2387 0.3320 0.9126
vn 0.6835 0.4190 0.5977
vn 0.3881 -0.8174 0.4257
vn 0.5962 -0.6422 0.4818
vn 0.0241 -0.9983 -0.0522
vn -0.9148 -0.2635 0.3061
vn 0.5036 -0.8635 -0.0267
vn -0.0310 -0.9378 -0.3459
vn -0.7136 -0.4230 0.5585
vn 0.7216 -0.6922 -0.0113
vn -0.2016 -0.8028 -0.5611
vn -0.4310 -0.6267 0.6493
vn 0.4197 -0.7710 -0.4790
vn -0.4406 -0.6309 -0.6387
vn -0.1428 -0.8201 0.5541
vn 0.1589 -0.5647 -0.8099
vn 0.6298 -0.5912 -0.5039
vn -0.6863 -0.4661 -0.5582
vn 0.0741 -0.9514 0.2989
vn -0.2090 -0.2998 -0.9308
vn 0.3452 -0.3662 -0.8641
vn -0.8703 -0.3547 -0.3417
vn 0.1616 -0.9857 -0.0483
vn -0.5854 -0.0474 -0.8094
vn -0.0558 -0.0776 -0.9954
vn -0.9444 -0.3255 -0.0471
vn -0.8694 0.1251 -0.4781
vn -0.9849 0.1712 -0.0257
vn -0.4685 0.1992 -0.8607
vn -0.7766 0.3859 -0.4980
vn -0.9005 0.4348 -0.0044
vn 0.1928 0.8433 -0.5017
vn -0.0856 0.9949 0.0531
vn -0.0064 0.9639 -0.2662
vn -0.4631 0.8856 0.0353
vn -0.3528 0.8423 -0.4076
vn -0.9521 -0.3022 -0.0459
vn -0.8757 -0.3323 -0.3504
vn -0.0769 0.6751 -0.7337
vn -0.6833 -0.4489 -0.5758
vn -0.8590 -0.3958 -0.3247
vn -0.9284 -0.3685 -0.0489
vn -0.9045 0.0471 0.4239
vn -0.6862 -0.5005 -0.5278
vn -0.9899 0.1401 -0.0207
vn -0.8788 0.0967 -0.4672
vn -0.9817 -0.1870 -0.0366
vn -0.7032 0.1235 0.7001
vn -0.6503 0.1999 -0.7329
vn -0.3593 0.6104 -0.7059
vn -0.6887 -0.1384 -0.7117
vn -0.0534 0.7656 -0.6411
vn -0.1139 0.9924 0.0456
vn -0.0621 0.6930 0.7182
vn -0.3816 0.5287 0.7582
vn -0.7268 0.4670 0.5036
vn -0.4127 0.9102 0.0337
vn -0.8216 0.5700 0.0053
vn -0.3324 0.8224 0.4617
vn 0.1528 0.9432 0.2951
vn -0.3038 0.8670 -0.3950
vn -0.6962 0.5204 -0.4945
vn 0.1077 0.9926 0.0568
vn 0.1219 0.9908 0.0594
vn 0.1664 0.9421 0.2912
vn 0.1679 0.9689 -0.1821
vn -0.9727 0.2313 -0.0186
vn -0.8853 0.1343 0.4452
vn 0.1793 0.9684 -0.1733
vn -0.8556 0.1852 -0.4833
vn -0.9803 -0.1934 -0.0410
vn -0.9147 -0.2651 0.3051
vn -0.8172 0.3121 0.4846
vn -0.8932 -0.2279 -0.3876
vn -0.9104 0.4137 -0.0055
vn -0.7060 0.7080 0.0166
vn -0.6131 0.6064 0.5063
vn -0.0965 0.9136 0.3951
vn -0.1623 0.9855 0.0485
vn -0.5853 0.6568 -0.4755
vn -0.0780 0.9508 -0.2997
vn -0.7890 0.3626 -0.4961
vn -0.2815 0.4654 -0.8391
vn 0.1385 0.8179 -0.5584
vn -0.6770 -0.3632 -0.6401
vn 0.4304 0.6239 -0.6523
vn 0.1308 0.1953 -0.9720
vn -0.4850 0.1706 -0.8577
vn 0.7138 0.4224 -0.5587
vn 0.5326 -0.0884 -0.8417
vn -0.0734 -0.0980 -0.9925
vn -0.3883 -0.5530 -0.7371
vn -0.5688 -0.0018 -0.8225
vn -0.1061 -0.7553 -0.6468
vn 0.3227 0.8806 -0.3471
vn -0.1790 -0.2515 -0.9512
vn 0.3171 0.8784 -0.3576
vn 0.5168 0.7516 -0.4099
vn 0.1984 -0.5239 -0.8284
vn 0.3276 -0.3820 -0.8642
vn 0.0949 -0.9140 -0.3945
vn 0.8171 -0.3129 -0.4841
vn 0.6122 -0.6069 -0.5069
vn 0.9149 0.2636 -0.3058
vn 0.9100 -0.4146 0.0062
vn 0.9806 0.1916 0.0410
vn 0.7055 -0.7085 -0.0167
vn 0.8932 0.2261 0.3886
vn 0.7864 -0.3657 0.4978
vn 0.6761 0.3576 0.6442
vn 0.4794 -0.1796 0.8590
vn 0.5821 -0.6600 0.4749
vn 0.3875 0.5510 0.7391
vn 0.0713 0.0940 0.9930
vn 0.2754 -0.4740 0.8363
vn 0.1048 0.7545 0.6478
vn -0.3286 0.3817 0.8639
vn -0.5328 0.0874 0.8417
vn -0.1329 -0.2003 0.9707
vn -0.7138 -0.4240 0.5575
vn -0.4314 -0.6271 0.6486
vn -0.6162 -0.0798 0.7835
vn -0.2389 -0.3528 0.9047
vn -0.1433 -0.8202 0.5538
vn 0.1452 -0.6113 0.7780
vn 0.0733 -0.9515 0.2987
vn 0.4350 -0.7872 0.4372
vn 0.1606 -0.9858 -0.0484
vn 0.5523 -0.8332 -0.0278
vn 0.4655 -0.7364 -0.4908
vn 0.8870 0.4586 0.0535
vn 0.7093 0.6129 -0.3481
vn 0.8436 0.5065 -0.1784
vn 0.5152 0.7456 -0.4226
vn 0.7096 0.6058 -0.3599
vn 0.8479 0.4965 -0.1862
vn 0.8294 0.4811 0.2840
vn 0.8930 0.4470 0.0524
vn 0.6843 0.5690 0.4561
vn 0.8328 0.4707 0.2913
vn 0.4910 0.6986 0.5204
vn 0.6836 0.5612 0.4667
vn 0.3013 0.8352 0.4600
vn 0.4855 0.6940 0.5317
vn 0.2912 0.8338 0.4691
vn -0.0850 0.6268 0.7746
vn 0.2634 0.3759 0.8884
vn -0.4374 0.2388 0.8670
vn -0.0307 -0.0535 0.9981
vn 0.6217 0.1357 0.7714
vn 0.3842 -0.3314 0.8617
vn 0.8895 -0.0266 0.4562
vn 0.6960 -0.5206 0.4945
vn 0.9972 -0.0690 0.0273
vn 0.8216 -0.5701 -0.0053
vn 0.9161 0.0196 -0.4005
vn 0.7269 -0.4669 -0.5036
vn 0.6678 0.2158 -0.7124
vn 0.4374 -0.2387 -0.8670
vn 0.3189 0.4668 -0.8249
vn 0.0307 0.0535 -0.9981
vn -0.0372 0.7054 -0.7078
vn -0.3842 0.3314 -0.8618
vn -0.3842 0.3313 -0.8617
vn 0.0308 0.0535 -0.9981
vn -0.6011 -0.0716 -0.7960
vn 0.4374 -0.2386 -0.8670
vn -0.2310 -0.3195 -0.9190
vn -0.4572 -0.6540 -0.6026
vn 0.7268 -0.4670 -0.5036
vn -0.4303 -0.6186 -0.6574
vn -0.2330 -0.8154 -0.5299
vn 0.1324 -0.5806 -0.8034
vn 0.2905 0.4291 -0.8553
vn -0.1830 -0.7966 -0.5761
vn -0.0736 -0.9414 -0.3291
vn 0.4568 0.6664 -0.5892
vn 0.6509 0.1700 -0.7399
vn 0.7174 0.4790 -0.5059
vn -0.0076 -0.9353 -0.3537
vn 0.9076 -0.0326 -0.4186
vn 0.9017 0.3334 -0.2752
vn 0.0488 -0.9976 -0.0496
vn 0.9628 0.2669 0.0426
vn 0.9920 -0.1244 0.0225
vn 0.8826 0.2984 0.3634
vn 0.8815 -0.0810 0.4652
vn 0.6058 0.0861 0.7910
vn -0.0276 -0.9673 0.2522
vn -0.2177 -0.8521 0.4760
vn -0.4705 -0.6827 0.5591
vn -0.2632 -0.8666 0.4238
vn -0.7166 -0.5518 0.4267
vn -0.4922 -0.7132 0.4991
vn -0.6454 -0.1572 0.7475
vn -0.2820 -0.4186 0.8633
vn -0.4374 0.2387 0.8670
vn -0.0308 -0.0535 0.9981
vn 0.0883 -0.6665 0.7403
vn 0.3842 -0.3313 0.8618
vn 0.3660 -0.8348 0.4113
vn 0.6961 -0.5205 0.4945
vn -0.0914 -0.9708 0.2218
vn 0.4769 -0.8782 -0.0353
vn 0.8215 -0.5701 -0.0053
vn -0.0218 -0.9983 -0.0539
vn 0.3913 -0.7852 -0.4799
vn -0.6041 -0.3663 -0.7077
vn -0.1386 -0.3329 -0.9327
vn -0.2451 -0.0978 -0.9646
vn 0.7518 -0.6375 0.1681
vn 0.8363 0.4178 -0.3549
vn 0.9139 0.2592 -0.3123
vn -0.6959 0.3966 -0.5987
vn -0.9579 -0.0425 -0.2838
vn -0.7525 -0.6547 -0.0714
vn -0.6913 -0.6884 -0.2194
vn -0.6238 -0.7520 -0.2130
vn 0.6441 -0.7622 0.0650
vn -0.9617 0.0189 -0.2734
vn 0.6594 0.7502 0.0480
vn 0.9986 -0.0426 0.0321
vn 0.9996 -0.0034 0.0290
vn -0.7767 -0.6298 -0.0012
vn -0.9579 -0.0032 -0.2869
vn -0.6399 0.7502 -0.1662
vn 0.7422 0.6422 -0.1917
vn 0.9982 -0.0000 0.0600
vn 0.7578 -0.6120 0.2263
vn 0.9990 -0.0425 0.0147
vn 0.7546 -0.6376 0.1551
vn 0.9999 -0.0030 0.0120
vn 0.7384 -0.6744 -0.0012
vn 0.8300 0.4178 -0.3694
vn 0.7871 0.5333 -0.3099
vn 0.9991 0.0294 0.0308
vn 0.9084 0.2592 -0.3281
vn -0.7062 0.3966 -0.5865
vn -0.6815 0.5208 -0.5141
vn -0.9555 -0.0703 -0.2863
vn -0.9627 -0.0420 -0.2673
vn -0.8046 -0.5934 -0.0195
vn -0.7767 -0.6298 0.0123
vn -0.7537 -0.6547 -0.0584
vn -0.9628 -0.0030 -0.2700
vn -0.6950 -0.6884 -0.2074
vn 0.6731 -0.7394 -0.0156
vn -0.6653 0.6289 -0.4024
vn -0.9674 0.0294 -0.2517
vn -0.6274 -0.7520 -0.2021
vn 0.6451 -0.7622 0.0538
vn -0.6214 -0.7731 -0.1273
vn -0.9663 0.0188 -0.2567
vn -0.9674 0.0113 -0.2531
vn -0.6427 0.7502 -0.1551
vn -0.6650 0.7327 -0.1445
vn -0.6729 0.7049 -0.2243
vn 0.7388 0.6422 -0.2045
vn 0.6953 0.7182 -0.0284
vn 0.6602 0.7502 0.0365
vn 0.6321 0.7731 0.0527
vn 0.9991 -0.0000 0.0426
vn 0.9998 0.0016 0.0213
vn 0.7558 -0.6120 0.2329
vn 0.9988 -0.0424 0.0233
vn 0.7533 -0.6376 0.1616
vn 0.9998 -0.0030 0.0206
vn 0.7384 -0.6744 0.0052
vn 0.8332 0.4178 -0.3622
vn 0.7898 0.5333 -0.3031
vn 0.9988 0.0294 0.0395
vn 0.9112 0.2591 -0.3202
vn -0.7011 0.3966 -0.5926
vn -0.6770 0.5208 -0.5199
vn -0.9530 -0.0703 -0.2946
vn -0.9603 -0.0422 -0.2756
vn -0.8044 -0.5934 -0.0265
vn -0.7767 -0.6298 0.0056
vn -0.7531 -0.6547 -0.0649
vn -0.9605 -0.0030 -0.2784
vn -0.6932 -0.6884 -0.2134
vn 0.6732 -0.7394 -0.0097
vn -0.6617 0.6289 -0.4082
vn -0.9651 0.0294 -0.2600
vn -0.6257 -0.7520 -0.2075
vn 0.6446 -0.7622 0.0594
vn -0.6203 -0.7731 -0.1327
vn -0.9641 0.0190 -0.2650
vn -0.9651 0.0113 -0.2615
vn -0.6414 0.7502 -0.1607
vn -0.6638 0.7327 -0.1503
vn -0.6709 0.7049 -0.2301
vn 0.7405 0.6422 -0.1981
vn 0.6955 0.7182 -0.0224
vn 0.6599 0.7502 0.0423
vn 0.6316 0.7731 0.0582
vn 0.9987 -0.0000 0.0516
vn 0.9996 0.0016 0.0299
vn -0.7537 -0.6120 0.2395
vn -0.9986 -0.0425 0.0320
vn -0.9139 0.2592 -0.3123
vn 0.9579 -0.0425 -0.2838
vn 0.6913 -0.6884 -0.2194
vn 0.6238 -0.7520 -0.2130
vn -0.6441 -0.7622 0.0650
vn 0.9617 0.0190 -0.2734
vn 0.6624 0.7327 -0.1560
vn -0.6594 0.7502 0.0480
vn -0.9982 -0.0000 0.0599
vn -0.9986 -0.0425 0.0321
vn -0.9996 -0.0034 0.0290
vn 0.6959 0.3966 -0.5986
vn 0.9579 -0.0426 -0.2838
vn 0.9579 -0.0035 -0.2872
vn 0.9617 0.0189 -0.2734
vn 0.6399 0.7502 -0.1662
vn -0.6956 0.7182 -0.0163
vn -0.9982 -0.0000 0.0600
vn -0.7578 -0.6120 0.2263
vn -0.9990 -0.0425 0.0147
vn -0.7546 -0.6375 0.1551
vn -0.9999 -0.0030 0.0120
vn -0.7384 -0.6744 -0.0012
vn -0.8300 0.4178 -0.3694
vn -0.7871 0.5333 -0.3099
vn -0.9084 0.2592 -0.3281
vn 0.7062 0.3966 -0.5865
vn 0.6815 0.5208 -0.5141
vn 0.9556 -0.0703 -0.2863
vn 0.9627 -0.0422 -0.2673
vn 0.8047 -0.5934 -0.0195
vn 0.7767 -0.6298 0.0123
vn 0.7537 -0.6547 -0.0584
vn 0.9628 -0.0030 -0.2700
vn 0.6950 -0.6884 -0.2074
vn -0.6731 -0.7394 -0.0156
vn 0.6653 0.6289 -0.4024
vn 0.9674 0.0294 -0.2517
vn 0.6274 -0.7520 -0.2021
vn -0.6451 -0.7622 0.0538
vn 0.6214 -0.7731 -0.1273
vn 0.9663 0.0190 -0.2567
vn 0.9674 0.0113 -0.2531
vn 0.6427 0.7502 -0.1551
vn 0.6650 0.7327 -0.1445
vn 0.6729 0.7049 -0.2243
vn -0.7388 0.6422 -0.2045
vn -0.6953 0.7182 -0.0284
vn -0.9991 0.0294 0.0308
vn -0.6602 0.7502 0.0365
vn -0.6321 0.7731 0.0527
vn -0.9991 -0.0000 0.0426
vn -0.9998 0.0016 0.0213
vn -0.7558 -0.6120 0.2329
vn -0.9988 -0.0424 0.0233
vn -0.7533 -0.6376 0.1616
vn -0.9998 -0.0030 0.0206
vn -0.7384 -0.6744 0.0052
vn -0.8332 0.4178 -0.3622
vn -0.7898 0.5333 -0.3031
vn -0.9112 0.2591 -0.3202
vn 0.7011 0.3966 -0.5926
vn 0.6770 0.5208 -0.5199
vn 0.9530 -0.0703 -0.2946
vn 0.9603 -0.0417 -0.2759
vn 0.8044 -0.5934 -0.0265
vn 0.7767 -0.6298 0.0056
vn 0.7531 -0.6547 -0.0649
vn 0.9605 -0.0030 -0.2784
vn 0.6932 -0.6884 -0.2134
vn -0.6732 -0.7394 -0.0097
vn 0.6617 0.6289 -0.4082
vn 0.9651 0.0294 -0.2600
vn 0.6257 -0.7520 -0.2075
vn -0.6446 -0.7622 0.0594
vn 0.6203 -0.7731 -0.1327
vn 0.9641 0.0189 -0.2650
vn 0.9651 0.0113 -0.2615
vn 0.6414 0.7502 -0.1607
vn 0.6638 0.7327 -0.1503
vn 0.6709 0.7049 -0.2301
vn -0.7405 0.6422 -0.1981
vn -0.6955 0.7182 -0.0224
vn -0.9988 0.0294 0.0395
vn -0.6599 0.7502 0.0422
vn -0.6316 0.7731 0.0582
vn -0.9987 -0.0000 0.0512
vn -0.9996 0.0016 0.0299
vn -0.3258 0.5841 0.7435
vn 0.1472 0.5988 0.7873
vn -0.2554 0.3454 0.9031
vn 0.6104 0.5765 0.5433
vn 0.1841 0.3003 0.9359
vn -0.2444 -0.2482 0.9374
vn 0.7746 0.5717 0.2704
vn 0.6088 0.3336 0.7197
vn 0.8697 0.4465 -0.2104
vn 0.8327 0.4393 0.3371
vn 0.8816 0.2523 0.3989
vn 0.6208 0.0035 0.7839
vn 0.5136 0.2597 -0.8177
vn 0.9499 0.2622 -0.1699
vn -0.1451 0.0459 -0.9883
vn 0.5590 0.2943 -0.7752
vn -0.3578 -0.3583 -0.8623
vn -0.5431 -0.3807 -0.7484
vn -0.2519 -0.0891 -0.9636
vn 0.6664 0.0362 -0.7447
vn 0.9908 0.0509 -0.1253
vn 0.8843 0.1186 0.4516
vn 0.8701 0.1127 0.4798
vn 0.5718 -0.2826 0.7702
vn 0.3712 -0.2950 0.8805
vn 0.0076 -0.5811 0.8138
vn -0.1045 -0.7287 0.6768
vn 0.0999 -0.1479 0.9839
vn -0.3647 -0.7041 0.6093
vn -0.4649 -0.6936 0.5503
vn -0.2152 -0.4774 0.8519
vn -0.6298 -0.4534 0.6306
vn -0.8510 -0.4960 0.1728
vn -0.6618 -0.5680 0.4893
vn -0.2324 -0.3521 0.9067
vn -0.1944 -0.5231 0.8298
vn 0.3094 -0.2532 0.9166
vn 0.3395 -0.3204 0.8844
vn 0.9462 -0.3228 -0.0240
vn 0.7155 0.0347 0.6977
vn 0.6931 0.0577 0.7185
vn 0.9493 -0.3126 0.0322
vn 0.7209 0.0544 0.6909
vn 0.4287 -0.5724 -0.6990
vn 0.4180 -0.5295 -0.7382
vn -0.7149 -0.2638 -0.6475
vn 0.9346 -0.3555 0.0091
vn 0.9330 -0.3460 0.0990
vn 0.7085 0.1219 0.6951
vn 0.3932 -0.6461 -0.6542
vn 0.9251 -0.3467 0.1546
vn 0.7074 0.2146 0.6734
vn 0.4204 -0.7166 -0.5565
vn 0.4408 -0.7981 -0.4108
vn 0.9352 -0.3185 0.1546
vn 0.7778 0.2135 0.5912
vn 0.8932 -0.0446 0.4475
vn 0.8433 -0.4837 0.2343
vn 0.4904 -0.8224 -0.2883
vn 0.6388 -0.7586 -0.1283
vn -0.8721 -0.4479 -0.1969
vn -0.8282 -0.4890 -0.2738
vn -0.7894 -0.4632 -0.4028
vn -0.9650 0.0094 0.2619
vn -0.9871 0.0818 0.1375
vn -0.6302 0.4816 0.6090
vn -0.5065 0.5425 0.6702
vn -0.4761 0.5224 0.7074
vn -0.9914 0.0849 0.0995
vn -0.4799 0.4378 0.7603
vn -0.9950 0.0762 0.0642
vn -0.5042 0.3518 0.7887
vn -0.7535 -0.4017 -0.5204
vn -0.9973 0.0540 0.0505
vn -0.7355 -0.3722 -0.5661
vn -0.7252 -0.2953 -0.6219
vn -0.9963 0.0702 0.0502
vn -0.9950 0.0820 0.0562
vn -0.4832 0.3218 0.8142
vn -0.4532 0.3408 0.8237
vn 0.9424 -0.3342 -0.0108
vn 0.6676 0.1803 0.7224
vn 0.6403 0.2076 0.7395
vn 0.9474 -0.3167 0.0461
vn 0.6703 0.1990 0.7150
vn 0.3190 -0.6571 -0.6830
vn 0.3092 -0.6201 -0.7211
vn -0.6634 -0.3832 -0.6427
vn 0.9315 -0.3625 0.0307
vn 0.9324 -0.3371 0.1306
vn 0.6547 0.2620 0.7090
vn 0.2883 -0.7185 -0.6329
vn 0.9251 -0.3227 0.1999
vn 0.6512 0.3432 0.6769
vn 0.3216 -0.7806 -0.5360
vn 0.3549 -0.8507 -0.3877
vn 0.9359 -0.2926 0.1961
vn 0.7232 0.3354 0.6038
vn 0.8685 0.0543 0.4928
vn 0.8276 -0.4659 0.3130
vn 0.4107 -0.8728 -0.2637
vn 0.5760 -0.8111 -0.1014
vn -0.8358 -0.5203 -0.1754
vn -0.7895 -0.5604 -0.2501
vn -0.7445 -0.5447 -0.3861
vn -0.9502 0.0219 0.3110
vn -0.9796 0.0999 0.1746
vn -0.5158 0.5799 0.6306
vn -0.3918 0.6326 0.6680
vn -0.3577 0.6145 0.7032
vn -0.9869 0.0966 0.1296
vn -0.3608 0.5427 0.7585
vn -0.9931 0.0789 0.0867
vn -0.3802 0.4695 0.7969
vn -0.7004 -0.4989 -0.5104
vn -0.9959 0.0514 0.0745
vn -0.6799 -0.4758 -0.5580
vn -0.6719 -0.4098 -0.6169
vn -0.9947 0.0707 0.0742
vn -0.9927 0.0868 0.0834
vn -0.3619 0.4441 0.8196
vn -0.3369 0.4613 0.8208
vn 0.9801 -0.1799 -0.0835
vn 0.7684 0.1840 0.6130
vn 0.7443 0.2053 0.6355
vn 0.9854 -0.1668 -0.0346
vn 0.7708 0.2007 0.6046
vn 0.4782 -0.5410 -0.6919
vn 0.4580 -0.5074 -0.7299
vn -0.7291 -0.3880 -0.5638
vn 0.9771 -0.2063 -0.0510
vn 0.9809 -0.1925 0.0292
vn 0.7494 0.2603 0.6088
vn 0.4548 -0.6107 -0.6482
vn 0.9788 -0.1873 0.0828
vn 0.7333 0.3424 0.5874
vn 0.5030 -0.6633 -0.5541
vn 0.5527 -0.7233 -0.4139
vn 0.9835 -0.1617 0.0807
vn 0.7967 0.3384 0.5008
vn 0.9311 0.0972 0.3515
vn 0.9317 -0.3198 0.1719
vn 0.6161 -0.7289 -0.2986
vn 0.7653 -0.6252 -0.1531
vn -0.8407 -0.5296 -0.1130
vn -0.7986 -0.5715 -0.1885
vn -0.7695 -0.5547 -0.3166
vn -0.9440 -0.0874 0.3183
vn -0.9795 -0.0227 0.2002
vn -0.6722 0.4183 0.6109
vn -0.5509 0.4996 0.6685
vn -0.5125 0.4911 0.7044
vn -0.9860 -0.0236 0.1649
vn -0.5032 0.4186 0.7560
vn -0.9907 -0.0351 0.1312
vn -0.5110 0.3427 0.7883
vn -0.7468 -0.5037 -0.4341
vn -0.9910 -0.0558 0.1214
vn -0.7354 -0.4782 -0.4802
vn -0.7383 -0.4117 -0.5342
vn -0.9917 -0.0401 0.1218
vn -0.9913 -0.0281 0.1286
vn -0.4827 0.3209 0.8149
vn -0.4495 0.3442 0.8243
vn 0.9132 -0.0046 -0.4074
vn 0.8459 0.1299 0.5173
vn 0.8227 0.1403 0.5509
vn 0.9358 -0.0060 -0.3524
vn 0.8423 0.1499 0.5178
vn 0.1515 -0.2648 -0.9523
vn 0.1218 -0.2223 -0.9673
vn -0.7764 -0.3361 -0.5331
vn 0.9237 -0.0469 -0.3802
vn 0.9574 -0.0566 -0.2833
vn 0.8147 0.2034 0.5430
vn 0.1532 -0.3454 -0.9259
vn 0.9741 -0.0687 -0.2153
vn 0.7852 0.2853 0.5497
vn 0.2307 -0.4223 -0.8766
vn 0.3287 -0.5234 -0.7862
vn 0.9772 -0.0372 -0.2090
vn 0.8248 0.3244 0.4631
vn 0.9654 0.1546 0.2099
vn 0.9530 -0.2634 -0.1496
vn 0.4298 -0.5665 -0.7031
vn 0.6300 -0.5137 -0.5824
vn -0.7344 -0.6649 -0.1362
vn -0.7132 -0.6618 -0.2310
vn -0.7257 -0.5893 -0.3550
vn -0.7524 -0.3759 0.5409
vn -0.8443 -0.2698 0.4630
vn -0.3362 0.1523 0.9294
vn -0.2189 0.2253 0.9494
vn -0.1718 0.2080 0.9629
vn -0.8673 -0.2604 0.4243
vn -0.1409 0.1250 0.9821
vn -0.8857 -0.2639 0.3820
vn -0.1314 0.0410 0.9905
vn -0.7402 -0.4942 -0.4561
vn -0.8880 -0.2854 0.3606
vn -0.7434 -0.4516 -0.4935
vn -0.7698 -0.3709 -0.5195
vn -0.8904 -0.2676 0.3681
vn -0.8880 -0.2558 0.3821
vn -0.1018 0.0165 0.9947
vn -0.0816 0.0389 0.9959
vn 0.9439 0.0938 -0.3165
vn 0.7782 0.1809 0.6014
vn 0.7510 0.1877 0.6330
vn 0.9614 0.0919 -0.2595
vn 0.7727 0.2004 0.6023
vn 0.2638 -0.2082 -0.9419
vn 0.2318 -0.1678 -0.9582
vn -0.6888 -0.3792 -0.6179
vn 0.9557 0.0514 -0.2899
vn 0.9808 0.0404 -0.1906
vn 0.7381 0.2502 0.6266
vn 0.2703 -0.2895 -0.9182
vn 0.9922 0.0268 -0.1216
vn 0.7007 0.3287 0.6333
vn 0.3496 -0.3614 -0.8644
vn 0.4479 -0.4571 -0.7685
vn 0.9918 0.0582 -0.1142
vn 0.7444 0.3751 0.5524
vn 0.9230 0.2296 0.3089
vn 0.9830 -0.1720 -0.0648
vn 0.5438 -0.4950 -0.6777
vn 0.7265 -0.4303 -0.5358
vn -0.6544 -0.7204 -0.2297
vn -0.6247 -0.7110 -0.3228
vn -0.6319 -0.6348 -0.4448
vn -0.7627 -0.4628 0.4517
vn -0.8557 -0.3634 0.3684
vn -0.4348 0.0811 0.8969
vn -0.3268 0.1631 0.9309
vn -0.2796 0.1495 0.9484
vn -0.8757 -0.3541 0.3284
vn -0.2434 0.0687 0.9675
vn -0.8896 -0.3574 0.2843
vn -0.2268 -0.0145 0.9738
vn -0.6456 -0.5368 -0.5431
vn -0.8879 -0.3780 0.2620
vn -0.6493 -0.4930 -0.5792
vn -0.6805 -0.4138 -0.6048
vn -0.8927 -0.3609 0.2698
vn -0.8927 -0.3496 0.2844
vn -0.1956 -0.0364 0.9800
vn -0.1778 -0.0122 0.9840
vn -0.6931 0.0576 0.7185
vn -0.7156 0.0350 0.6976
vn -0.9462 -0.3228 -0.0240
vn -0.9493 -0.3126 0.0322
vn -0.7209 0.0544 0.6909
vn -0.4287 -0.5724 -0.6990
vn -0.4180 -0.5295 -0.7382
vn 0.7149 -0.2639 -0.6475
vn -0.9346 -0.3556 0.0091
vn -0.9330 -0.3460 0.0990
vn -0.7085 0.1219 0.6951
vn -0.3932 -0.6461 -0.6542
vn -0.9251 -0.3467 0.1546
vn -0.7075 0.2144 0.6734
vn -0.4204 -0.7166 -0.5565
vn -0.4408 -0.7981 -0.4108
vn -0.9352 -0.3186 0.1547
vn -0.7779 0.2134 0.5911
vn -0.8932 -0.0446 0.4474
vn -0.8436 -0.4840 0.2328
vn -0.4903 -0.8226 -0.2881
vn -0.6404 -0.7571 -0.1292
vn 0.8707 -0.4500 -0.1984
vn 0.8282 -0.4891 -0.2737
vn 0.7894 -0.4631 -0.4029
vn 0.9650 0.0087 0.2620
vn 0.9871 0.0818 0.1374
vn 0.6301 0.4820 0.6088
vn 0.5064 0.5424 0.6703
vn 0.4761 0.5224 0.7075
vn 0.9914 0.0849 0.0996
vn 0.4799 0.4378 0.7603
vn 0.9950 0.0762 0.0642
vn 0.5042 0.3518 0.7887
vn 0.7535 -0.4017 -0.5204
vn 0.9973 0.0539 0.0504
vn 0.7355 -0.3722 -0.5661
vn 0.7253 -0.2953 -0.6219
vn 0.9963 0.0701 0.0502
vn 0.9950 0.0821 0.0561
vn 0.4832 0.3218 0.8142
vn 0.4532 0.3408 0.8237
vn -0.6403 0.2075 0.7396
vn -0.6676 0.1803 0.7224
vn -0.9424 -0.3342 -0.0108
vn -0.9474 -0.3167 0.0461
vn -0.6702 0.1989 0.7150
vn -0.3190 -0.6571 -0.6829
vn -0.3092 -0.6200 -0.7211
vn 0.6634 -0.3832 -0.6427
vn -0.9315 -0.3625 0.0307
vn -0.9324 -0.3371 0.1306
vn -0.6548 0.2620 0.7090
vn -0.2884 -0.7185 -0.6329
vn -0.9251 -0.3228 0.1999
vn -0.6512 0.3432 0.6769
vn -0.3216 -0.7806 -0.5360
vn -0.3549 -0.8507 -0.3877
vn -0.9359 -0.2926 0.1961
vn -0.7230 0.3356 0.6038
vn -0.8683 0.0545 0.4931
vn -0.8276 -0.4660 0.3129
vn -0.4105 -0.8729 -0.2637
vn -0.5762 -0.8110 -0.1015
vn 0.8356 -0.5205 -0.1755
vn 0.7897 -0.5603 -0.2501
vn 0.7445 -0.5447 -0.3861
vn 0.9504 0.0208 0.3105
vn 0.9796 0.0999 0.1746
vn 0.5160 0.5795 0.6308
vn 0.3919 0.6326 0.6680
vn 0.3578 0.6145 0.7032
vn 0.9868 0.0966 0.1296
vn 0.3607 0.5427 0.7585
vn 0.9931 0.0790 0.0868
vn 0.3802 0.4695 0.7969
vn 0.7004 -0.4989 -0.5104
vn 0.9959 0.0515 0.0746
vn 0.6799 -0.4758 -0.5580
vn 0.6719 -0.4098 -0.6169
vn 0.9947 0.0707 0.0742
vn 0.9927 0.0868 0.0834
vn 0.3619 0.4441 0.8196
vn 0.3370 0.4613 0.8208
vn -0.7444 0.2052 0.6355
vn -0.7685 0.1849 0.6126
vn -0.9802 -0.1798 -0.0834
vn -0.9854 -0.1668 -0.0345
vn -0.7708 0.2007 0.6046
vn -0.4782 -0.5410 -0.6919
vn -0.4580 -0.5074 -0.7299
vn 0.7291 -0.3880 -0.5638
vn -0.9771 -0.2064 -0.0510
vn -0.9809 -0.1924 0.0292
vn -0.7494 0.2604 0.6088
vn -0.4548 -0.6107 -0.6483
vn -0.9788 -0.1873 0.0828
vn -0.7332 0.3425 0.5875
vn -0.5030 -0.6633 -0.5541
vn -0.5527 -0.7234 -0.4139
vn -0.9835 -0.1617 0.0807
vn -0.7967 0.3384 0.5008
vn -0.9310 0.0975 0.3519
vn -0.9317 -0.3199 0.1720
vn -0.6161 -0.7289 -0.2986
vn -0.7653 -0.6252 -0.1531
vn 0.8407 -0.5295 -0.1134
vn 0.7986 -0.5716 -0.1884
vn 0.7695 -0.5547 -0.3166
vn 0.9440 -0.0874 0.3180
vn 0.9795 -0.0228 0.2003
vn 0.6720 0.4196 0.6102
vn 0.5509 0.4995 0.6686
vn 0.5126 0.4911 0.7043
vn 0.9860 -0.0236 0.1649
vn 0.5032 0.4186 0.7560
vn 0.9907 -0.0351 0.1312
vn 0.5110 0.3427 0.7883
vn 0.7468 -0.5038 -0.4342
vn 0.9910 -0.0558 0.1214
vn 0.7354 -0.4782 -0.4801
vn 0.7383 -0.4117 -0.5342
vn 0.9917 -0.0404 0.1220
vn 0.9913 -0.0283 0.1287
vn 0.4827 0.3210 0.8149
vn 0.4495 0.3443 0.8243
vn -0.8227 0.1402 0.5509
vn -0.8460 0.1299 0.5172
vn -0.9132 -0.0046 -0.4075
vn -0.9358 -0.0060 -0.3524
vn -0.8423 0.1499 0.5178
vn -0.1515 -0.2647 -0.9523
vn -0.1218 -0.2222 -0.9674
vn 0.7764 -0.3360 -0.5332
vn -0.9237 -0.0469 -0.3802
vn -0.9573 -0.0566 -0.2834
vn -0.8147 0.2035 0.5430
vn -0.1532 -0.3455 -0.9258
vn -0.9741 -0.0687 -0.2152
vn -0.7852 0.2852 0.5496
vn -0.2306 -0.4223 -0.8766
vn -0.3288 -0.5233 -0.7861
vn -0.9772 -0.0371 -0.2090
vn -0.8247 0.3245 0.4632
vn -0.9653 0.1547 0.2103
vn -0.9530 -0.2635 -0.1496
vn -0.4296 -0.5665 -0.7032
vn -0.6299 -0.5136 -0.5826
vn 0.7344 -0.6648 -0.1366
vn 0.7134 -0.6617 -0.2309
vn 0.7257 -0.5894 -0.3550
vn 0.7528 -0.3757 0.5405
vn 0.8443 -0.2699 0.4630
vn 0.3366 0.1519 0.9293
vn 0.2189 0.2253 0.9494
vn 0.1717 0.2081 0.9629
vn 0.8673 -0.2603 0.4243
vn 0.1409 0.1250 0.9821
vn 0.8857 -0.2639 0.3820
vn 0.1313 0.0410 0.9905
vn 0.7402 -0.4941 -0.4561
vn 0.8880 -0.2854 0.3605
vn 0.7433 -0.4516 -0.4935
vn 0.7698 -0.3708 -0.5194
vn 0.8904 -0.2676 0.3681
vn 0.8880 -0.2558 0.3821
vn 0.1018 0.0165 0.9947
vn 0.0816 0.0390 0.9959
vn -0.7510 0.1876 0.6331
vn -0.7782 0.1809 0.6014
vn -0.9439 0.0938 -0.3166
vn -0.9614 0.0919 -0.2595
vn -0.7727 0.2004 0.6023
vn -0.2638 -0.2082 -0.9419
vn -0.2317 -0.1677 -0.9582
vn 0.6888 -0.3792 -0.6178
vn -0.9557 0.0514 -0.2898
vn -0.9808 0.0404 -0.1907
vn -0.7380 0.2502 0.6267
vn -0.2704 -0.2895 -0.9182
vn -0.9922 0.0268 -0.1217
vn -0.7007 0.3286 0.6333
vn -0.3496 -0.3614 -0.8644
vn -0.4479 -0.4571 -0.7684
vn -0.9918 0.0582 -0.1142
vn -0.7446 0.3750 0.5522
vn -0.9232 0.2295 0.3083
vn -0.9830 -0.1715 -0.0648
vn -0.5437 -0.4951 -0.6777
vn -0.7261 -0.4304 -0.5362
vn 0.6546 -0.7201 -0.2300
vn 0.6250 -0.7110 -0.3224
vn 0.6318 -0.6348 -0.4448
vn 0.7622 -0.4633 0.4521
vn 0.8557 -0.3632 0.3687
vn 0.4344 0.0808 0.8971
vn 0.3266 0.1631 0.9310
vn 0.2797 0.1495 0.9484
vn 0.8756 -0.3541 0.3284
vn 0.2434 0.0687 0.9675
vn 0.8896 -0.3574 0.2844
vn 0.2268 -0.0145 0.9738
vn 0.6456 -0.5368 -0.5432
vn 0.8879 -0.3780 0.2620
vn 0.6493 -0.4930 -0.5792
vn 0.6804 -0.4138 -0.6048
vn 0.8927 -0.3609 0.2699
vn 0.8927 -0.3496 0.2844
vn 0.1956 -0.0364 0.9800
vn 0.1778 -0.0123 0.9840
vn -0.9968 -0.0250 -0.0760
vn -0.9605 0.2298 -0.1571
vn -0.9332 0.2739 -0.2324
vn -0.9885 0.0183 -0.1501
vn -0.9598 -0.0419 -0.2777
vn -0.6635 -0.7246 0.1863
vn -0.6216 -0.7573 0.2003
vn -0.9561 -0.2409 -0.1669
vn -0.8638 -0.2108 -0.4575
vn 0.2746 -0.8648 0.4204
vn -0.6783 -0.7027 0.2147
vn -0.8448 -0.3982 -0.3574
vn 0.2546 -0.9227 0.2895
vn -0.1201 -0.5691 0.8134
vn -0.3880 -0.6326 -0.6702
vn -0.3993 -0.5133 -0.7597
vn -0.4990 -0.8348 0.2325
vn -0.1909 -0.9772 -0.0935
vn -0.0000 -0.6066 -0.7950
vn -0.0000 -0.4829 -0.8757
vn 0.3994 -0.5133 -0.7596
vn -0.0000 -0.9782 -0.2076
vn 0.3880 -0.6326 -0.6702
vn 0.8637 -0.2100 -0.4582
vn -0.0000 -0.5523 0.8336
vn 0.8364 -0.4137 -0.3596
vn 0.9713 -0.0524 -0.2320
vn 0.1909 -0.9772 -0.0935
vn 0.9678 -0.2007 -0.1520
vn 0.9356 0.2362 -0.2624
vn 0.4990 -0.8348 0.2325
vn -0.2803 -0.6666 0.6907
vn 0.2803 -0.6666 0.6907
vn -0.0000 -0.5605 0.8281
vn 0.2767 -0.7238 0.6322
vn 0.3461 -0.5999 0.7213
vn 0.2259 -0.7843 0.5778
vn 0.3017 -0.7866 0.5388
vn 0.4080 -0.6603 0.6304
vn 0.0732 -0.8618 0.5019
vn 0.1979 -0.8894 0.4120
vn 0.0181 -0.8946 0.4465
vn 0.2476 -0.9126 0.3252
vn -0.0270 -0.9083 0.4176
vn 0.1553 -0.7535 0.6388
vn 0.3318 -0.9044 0.2683
vn 0.1910 -0.7819 0.5934
vn 0.1251 -0.7235 0.6789
vn 0.1154 -0.8994 0.4216
vn 0.1285 -0.8456 0.5182
vn 0.1054 -0.7629 0.6379
vn 0.0931 -0.7220 0.6856
vn -0.0000 -0.8954 0.4452
vn -0.0000 -0.8266 0.5628
vn -0.0000 -0.7351 0.6780
vn -0.0000 -0.6420 0.7667
vn -0.0928 -0.7228 0.6848
vn -0.1054 -0.7629 0.6379
vn -0.1410 -0.6893 0.7107
vn -0.1286 -0.8456 0.5182
vn -0.2256 -0.7843 0.5779
vn -0.1294 -0.7769 0.6161
vn 0.1644 -0.5619 0.8107
vn -0.3318 -0.9044 0.2683
vn -0.1154 -0.8994 0.4216
vn -0.2477 -0.9127 0.3252
vn -0.2546 -0.9227 0.2895
vn 0.6346 -0.7484 0.1928
vn 0.0270 -0.9083 0.4175
vn -0.1979 -0.8894 0.4120
vn -0.2746 -0.8648 0.4203
vn -0.0000 -0.8940 0.4480
vn -0.0000 -0.9018 0.4321
vn -0.3017 -0.7866 0.5388
vn -0.0181 -0.8946 0.4465
vn -0.0732 -0.8618 0.5019
vn -0.0000 -0.9100 0.4147
vn 0.1407 -0.8321 0.5366
vn -0.0000 -0.8556 0.5176
vn -0.1407 -0.8321 0.5366
vn -0.3461 -0.5999 0.7214
vn -0.4080 -0.6603 0.6304
vn -0.2767 -0.7238 0.6322
vn -0.2259 -0.7842 0.5778
vn 0.6783 -0.7027 0.2147
vn 0.6627 -0.7250 0.1875
vn 0.9814 0.0091 -0.1918
vn 0.9974 -0.0381 -0.0614
vn 0.9559 0.2571 -0.1417
vn -0.3626 -0.3335 0.8702
vn -0.4547 -0.4270 0.7816
vn -0.4511 -0.3884 0.8035
vn -0.3611 -0.5586 0.7467
vn -0.0214 0.0774 0.9968
vn -0.4304 -0.5149 0.7414
vn -0.0347 -0.0511 0.9981
vn -0.1266 -0.2254 0.9660
vn -0.4032 -0.6517 0.6425
vn -0.5451 -0.1620 0.8226
vn -0.1657 -0.8273 0.5368
vn -0.8681 -0.2479 0.4300
vn -0.8466 -0.0206 0.5318
vn -0.7470 0.6394 0.1821
vn -0.7482 0.6510 0.1283
vn -0.8059 0.5501 0.2190
vn -0.7856 0.4035 0.4690
vn -0.2982 -0.7671 0.5680
vn -0.6803 -0.3423 0.6481
vn -0.3725 -0.6424 0.6698
vn -0.2681 -0.7959 0.5429
vn -0.7562 0.0690 0.6507
vn -0.6799 0.6338 0.3687
vn -0.7103 0.5883 0.3865
vn -0.6910 0.6121 0.3845
vn -0.7099 0.4009 0.5791
vn -0.6289 -0.4901 0.6035
vn -0.2191 -0.7657 0.6048
vn -0.8735 0.0438 0.4848
vn -0.1375 -0.8740 0.4660
vn -0.8743 0.4344 0.2164
vn -0.8504 0.5001 0.1634
vn -0.8624 0.4357 0.2578
vn -0.8602 0.2422 0.4487
vn -0.8091 -0.3008 0.5049
vn -0.2737 -0.7916 0.5463
vn -0.6200 -0.7629 0.1834
vn -0.1974 -0.6522 0.7319
vn -0.4113 -0.8745 0.2571
vn -0.2024 -0.7555 0.6231
vn -0.1648 -0.9863 -0.0120
vn -0.8704 0.0613 0.4886
vn -0.8000 0.4608 0.3843
vn -0.8297 0.4856 0.2753
vn -0.8335 0.4746 0.2829
vn -0.8481 0.1762 0.4996
vn 0.4145 -0.3135 0.8544
vn 0.7355 0.3013 0.6068
vn 0.4608 0.8200 0.3395
vn 0.5944 0.6825 0.4253
vn 0.3626 -0.3335 0.8702
vn 0.4547 -0.4270 0.7816
vn 0.4511 -0.3884 0.8035
vn 0.3611 -0.5586 0.7467
vn 0.0214 0.0773 0.9968
vn 0.4304 -0.5149 0.7414
vn 0.0347 -0.0510 0.9981
vn 0.1266 -0.2254 0.9660
vn 0.4032 -0.6517 0.6425
vn 0.5451 -0.1620 0.8226
vn 0.1657 -0.8273 0.5368
vn 0.8681 -0.2478 0.4300
vn 0.8466 -0.0206 0.5318
vn 0.7470 0.6394 0.1821
vn 0.7482 0.6510 0.1283
vn 0.8059 0.5501 0.2190
vn 0.7856 0.4035 0.4690
vn 0.2982 -0.7671 0.5680
vn 0.6803 -0.3423 0.6480
vn 0.3725 -0.6424 0.6698
vn 0.2681 -0.7959 0.5429
vn 0.7562 0.0690 0.6507
vn 0.6800 0.6338 0.3687
vn 0.7103 0.5883 0.3865
vn 0.6909 0.6122 0.3845
vn 0.7099 0.4009 0.5791
vn 0.6289 -0.4901 0.6036
vn 0.2191 -0.7657 0.6048
vn 0.8735 0.0438 0.4848
vn 0.2737 -0.7916 0.5463
vn 0.8743 0.4344 0.2164
vn 0.1375 -0.8740 0.4660
vn 0.8091 -0.3008 0.5049
vn 0.8504 0.5001 0.1634
vn 0.8624 0.4357 0.2578
vn 0.8602 0.2422 0.4487
vn 0.8704 0.0613 0.4886
vn 0.8000 0.4608 0.3843
vn 0.6200 -0.7629 0.1834
vn 0.8297 0.4856 0.2754
vn 0.8335 0.4746 0.2829
vn 0.8481 0.1762 0.4996
vn 0.4113 -0.8745 0.2571
vn 0.1648 -0.9863 -0.0120
vn 0.1974 -0.6522 0.7319
vn 0.2024 -0.7555 0.6231
vn -0.4145 -0.3135 0.8544
vn -0.7355 0.3013 0.6068
vn -0.4608 0.8200 0.3395
vn -0.5944 0.6825 0.4253
vn 0.0001 0.4226 -0.9063
vn -0.5460 0.3110 -0.7779
vn 0.5459 0.3111 -0.7780
vn -0.3141 0.6313 -0.7091
vn 0.3141 0.6313 -0.7091
vn -0.0000 0.7007 -0.7134
vn -0.5900 0.6144 -0.5239
vn -0.1988 0.7797 -0.5937
vn 0.1988 0.7797 -0.5937
vn -0.9504 -0.2667 -0.1601
vn 0.5900 0.6144 -0.5239
vn -0.6254 -0.6977 0.3494
vn 0.4362 -0.4111 0.8004
vn -0.9674 -0.2456 0.0615
vn -0.0000 -0.4245 0.9054
vn -0.4362 -0.4111 0.8004
vn 0.6254 -0.6977 0.3494
vn -0.9619 0.1498 -0.2288
vn -0.9856 -0.1645 0.0402
vn 0.9504 -0.2667 -0.1601
vn 0.9674 -0.2456 0.0615
vn 0.9619 0.1499 -0.2288
vn 0.9856 -0.1645 0.0402
vn 0.4827 0.7306 -0.4829
vn 0.9330 0.2700 -0.2378
vn 0.9993 -0.0344 -0.0164
vn 0.8692 0.4152 -0.2687
vn 0.9800 0.1786 0.0880
vn 0.2950 0.8382 -0.4586
vn 0.7778 0.6075 -0.1608
vn 0.5761 0.7792 0.2469
vn 0.7331 0.4060 0.5457
vn 0.3079 0.5030 0.8076
vn 0.1631 0.9167 -0.3648
vn 0.2353 0.8534 0.4652
vn 0.1301 0.9503 -0.2830
vn 0.0020 0.9250 -0.3799
vn -0.0000 0.8997 0.4365
vn -0.0000 0.5353 0.8447
vn -0.3079 0.5030 0.8076
vn 0.0162 0.9713 -0.2373
vn -0.2353 0.8534 0.4652
vn -0.0354 0.9396 -0.3403
vn -0.0000 0.9630 -0.2695
vn -0.0000 0.9280 -0.3725
vn -0.0162 0.9713 -0.2373
vn 0.0355 0.9396 -0.3403
vn -0.1301 0.9503 -0.2830
vn -0.5761 0.7792 0.2469
vn -0.7331 0.4059 0.5457
vn -0.9800 0.1786 0.0880
vn -0.7779 0.6075 -0.1608
vn -0.0020 0.9250 -0.3799
vn -0.1630 0.9167 -0.3648
vn -0.8692 0.4152 -0.2686
vn -0.9993 -0.0344 -0.0164
vn -0.2950 0.8382 -0.4586
vn -0.9330 0.2700 -0.2378
vn -0.4827 0.7306 -0.4828
vn -0.0122 0.8917 -0.4524
vn -0.1203 0.8460 -0.5194
vn -0.0000 0.8063 -0.5915
vn -0.0000 0.8551 -0.5184
vn 0.1203 0.8460 -0.5194
vn -0.0000 0.8976 -0.4408
vn 0.0122 0.8917 -0.4524
vn -0.0000 0.9244 -0.3813
vn -0.5521 0.7766 -0.3035
vn 0.2552 -0.9669 -0.0037
vn 0.1266 -0.9830 -0.1330
vn 0.0884 -0.9789 0.1840
vn 0.0289 -0.9940 -0.1057
vn 0.1296 -0.9914 -0.0173
vn -0.1098 -0.9704 -0.2150
vn -0.1121 -0.9873 0.1121
vn -0.2825 -0.9523 -0.1155
vn -0.1114 -0.9937 -0.0109
vn -0.1119 -0.9923 -0.0535
vn 0.1549 -0.9878 0.0135
vn 0.1448 -0.9744 0.1717
vn -0.0592 -0.9901 0.1273
vn 0.9715 -0.2371 0.0007
vn 0.9924 -0.1178 -0.0342
vn 0.9870 0.0640 -0.1473
vn 0.9914 0.0121 -0.1304
vn 0.9845 -0.1580 -0.0768
vn 0.0102 0.8466 -0.5321
vn 0.2943 0.8719 -0.3914
vn 0.0100 0.8870 -0.4617
vn 0.9771 0.0296 -0.2108
vn -0.4315 0.7568 -0.4909
vn -0.0805 0.8011 -0.5931
vn -0.0950 0.8091 -0.5799
vn 0.9783 -0.0785 -0.1916
vn 0.9693 -0.2197 -0.1105
vn 0.8254 -0.5053 -0.2519
vn 0.3495 0.7323 -0.5844
vn 0.8317 -0.3704 -0.4137
vn 0.4384 -0.7378 -0.5132
vn -0.4942 0.7440 -0.4498
vn 0.4101 -0.6365 -0.6532
vn -0.0000 -0.7919 -0.6107
vn 0.2883 0.6740 -0.6802
vn 0.1053 0.4577 -0.8828
vn -0.0000 -0.7024 -0.7118
vn -0.1016 0.8567 -0.5057
vn -0.4101 -0.6365 -0.6532
vn -0.4384 -0.7378 -0.5132
vn -0.0000 0.3700 -0.9290
vn -0.8316 -0.3704 -0.4137
vn -0.8254 -0.5053 -0.2519
vn -0.1053 0.4577 -0.8828
vn -0.1173 0.7863 -0.6066
vn 0.1173 0.7863 -0.6066
vn -0.0383 0.8717 -0.4885
vn -0.0000 0.8275 -0.5615
vn -0.0000 0.9816 -0.1911
vn -0.4626 0.8695 -0.1732
vn -0.3629 0.8837 -0.2956
vn -0.0000 0.8478 -0.5303
vn 0.4626 0.8695 -0.1732
vn -0.2625 0.8534 -0.4503
vn 0.0380 0.6928 -0.7202
vn 0.3232 0.8769 -0.3558
vn 0.0383 0.8717 -0.4885
vn -0.2883 0.6740 -0.6802
vn 0.1015 0.8567 -0.5057
vn -0.3495 0.7323 -0.5845
vn 0.0036 0.8324 -0.5542
vn 0.2410 0.8596 -0.4505
vn 0.4942 0.7440 -0.4498
vn 0.1040 0.8153 -0.5696
vn -0.1040 0.8153 -0.5696
vn -0.0000 0.8039 -0.5948
vn -0.0984 0.8041 -0.5863
vn -0.0000 0.8274 -0.5616
vn -0.0000 0.8265 -0.5630
vn 0.0805 0.8011 -0.5931
vn 0.0984 0.8041 -0.5863
vn 0.4315 0.7568 -0.4909
vn -0.0100 0.8870 -0.4617
vn 0.0950 0.8091 -0.5799
vn -0.0102 0.8466 -0.5321
vn -0.2943 0.8719 -0.3914
vn -0.9914 0.0121 -0.1305
vn -0.9771 0.0296 -0.2108
vn -0.9870 0.0640 -0.1473
vn -0.9715 -0.2371 0.0007
vn -0.9924 -0.1178 -0.0342
vn -0.9845 -0.1579 -0.0767
vn -0.9783 -0.0785 -0.1916
vn -0.9693 -0.2197 -0.1105
vn -0.9633 0.2474 -0.1038
vn -0.9887 0.1204 -0.0889
vn -0.8275 0.1090 0.5507
vn 0.2825 -0.9523 -0.1155
vn 0.1098 -0.9704 -0.2150
vn 0.1121 -0.9873 0.1121
vn -0.0289 -0.9940 -0.1057
vn 0.1114 -0.9937 -0.0109
vn -0.0884 -0.9789 0.1840
vn -0.1266 -0.9830 -0.1330
vn -0.2552 -0.9669 -0.0037
vn -0.1296 -0.9914 -0.0173
vn 0.1119 -0.9923 -0.0535
vn -0.1549 -0.9878 0.0135
vn 0.0592 -0.9901 0.1273
vn -0.1448 -0.9744 0.1717
vn -0.9035 0.4209 -0.0810
vn -0.9125 0.3220 -0.2521
vn -0.9687 0.2366 0.0746
vn -0.8296 0.2743 -0.4864
vn -0.6731 0.7164 0.1833
vn -0.6083 -0.2712 -0.7459
vn -0.1259 -0.7627 -0.6343
vn -0.2452 0.9686 0.0404
vn -0.2163 -0.8344 -0.5069
vn -0.4389 -0.5842 -0.6827
vn -0.6758 0.0813 -0.7326
vn -0.6698 -0.1917 -0.7174
vn -0.2530 -0.7968 -0.5488
vn -0.5227 -0.6798 -0.5144
vn -0.0033 0.0116 -0.9999
vn 0.3886 0.7887 -0.4764
vn 0.0269 0.9945 -0.1014
vn -0.5707 0.8187 0.0634
vn 0.5699 -0.8193 -0.0625
vn 0.5706 0.8187 0.0634
vn -0.5703 -0.8190 -0.0629
vn 0.1648 0.7505 -0.6400
vn -0.0000 0.6986 -0.7155
vn 0.1334 0.8051 -0.5780
vn -0.0000 0.7747 -0.6323
vn -0.1648 0.7505 -0.6400
vn -0.1334 0.8051 -0.5780
vn -0.0000 0.8122 -0.5834
vn -0.0587 0.8150 -0.5765
vn -0.1995 0.8410 -0.5029
vn -0.2825 0.8507 -0.4433
vn -0.0762 0.8572 -0.5093
vn -0.1549 0.8229 -0.5467
vn 0.0380 0.8962 -0.4420
vn -0.0334 0.8045 -0.5930
vn -0.0000 0.8833 -0.4688
vn -0.0000 0.8049 -0.5935
vn 0.0334 0.8045 -0.5930
vn -0.0380 0.8962 -0.4420
vn 0.1549 0.8229 -0.5467
vn 0.0587 0.8150 -0.5765
vn 0.0762 0.8572 -0.5093
vn 0.2825 0.8507 -0.4433
vn 0.1995 0.8410 -0.5029
vn 0.9915 0.0590 -0.1155
vn 0.2002 0.7859 0.5851
vn 0.1940 0.9781 -0.0757
vn 0.8467 -0.1606 0.5073
vn 0.7204 -0.1717 -0.6720
vn 0.2489 0.7689 -0.5889
vn 0.9742 -0.1511 -0.1674
vn 0.0459 0.7996 -0.5988
vn -0.5129 0.1140 0.8508
vn -0.6760 0.6532 0.3410
vn -0.4539 0.7839 -0.4237
vn -0.0164 0.3816 -0.9242
vn 0.4088 -0.1850 -0.8937
vn 0.6552 -0.6668 -0.3550
vn 0.4442 -0.7936 0.4157
vn -0.0644 -0.4630 0.8840
vn -0.3014 0.2945 0.9069
vn -0.6062 0.7163 0.3457
vn -0.5704 0.6988 -0.4316
vn -0.2232 0.2466 -0.9431
vn 0.2527 -0.3301 -0.9095
vn 0.5989 -0.7217 -0.3471
vn 0.5621 -0.7066 0.4299
vn 0.1769 -0.2887 0.9409
vn -0.1381 0.4276 0.8933
vn -0.5357 0.7735 0.3387
vn -0.6295 0.6533 -0.4206
vn -0.3663 0.1361 -0.9205
vn 0.1086 -0.4494 -0.8867
vn 0.5307 -0.7772 -0.3380
vn 0.6248 -0.6574 0.4212
vn 0.3385 -0.1600 0.9273
vn 0.0561 0.5782 0.8140
vn -0.4562 0.8353 0.3068
vn -0.7136 0.5869 -0.3826
vn -0.5626 -0.0184 -0.8266
vn -0.0868 -0.6003 -0.7951
vn 0.4513 -0.8389 -0.3043
vn 0.4513 -0.8388 -0.3046
vn 0.4513 -0.8389 -0.3044
vn 0.7081 -0.5915 0.3856
vn 0.5330 -0.0066 0.8461
vn 0.2326 0.7116 0.6630
vn -0.3847 0.8895 0.2466
vn -0.3845 0.8895 0.2471
vn -0.7836 0.5343 -0.3169
vn -0.7836 0.5343 -0.3170
vn -0.7218 -0.1372 -0.6784
vn -0.2447 -0.7204 -0.6490
vn 0.3827 -0.8910 -0.2444
vn 0.7816 -0.5359 0.3193
vn 0.7098 0.1280 0.6927
vn 0.7099 0.1279 0.6926
vn 0.7099 0.1278 0.6926
vn 0.3661 0.8108 0.4567
vn 0.3662 0.8107 0.4567
vn -0.3318 0.9288 0.1652
vn -0.8364 0.4955 -0.2344
vn -0.8372 -0.2220 -0.4998
vn -0.3591 -0.8052 -0.4719
vn 0.3327 -0.9281 -0.1673
vn 0.8378 -0.4945 0.2312
vn 0.8379 -0.4945 0.2312
vn 0.8453 0.2272 0.4835
vn 0.8453 0.2276 0.4834
vn 0.4584 0.8756 0.1524
vn 0.4589 0.8754 0.1522
vn -0.2948 0.9546 0.0433
vn -0.8799 0.4644 -0.1003
vn -0.9363 -0.2927 -0.1943
vn -0.4560 -0.8732 -0.1718
vn -0.4560 -0.8732 -0.1719
vn 0.2951 -0.9543 -0.0462
vn 0.8805 -0.4642 0.0966
vn 0.9397 0.2944 0.1738
vn -0.2649 0.9635 0.0396
vn -0.7196 -0.1928 0.6671
vn -0.9983 -0.0485 -0.0318
vn -0.5488 -0.4380 0.7120
vn -0.5487 -0.4381 0.7120
vn 0.1452 -0.8874 -0.4376
vn 0.1452 -0.8873 -0.4377
vn -0.6493 -0.3110 -0.6941
vn -0.5497 -0.4386 0.7110
vn -0.5495 -0.4385 0.7112
vn 0.6515 0.3068 0.6938
vn 0.5498 0.4387 -0.7108
vn -0.0165 0.3816 -0.9242
vn -0.0645 -0.4630 0.8840
vn -0.3014 0.2946 0.9069
vn 0.2526 -0.3301 -0.9095
vn 0.5988 -0.7217 -0.3471
vn -0.1381 0.4276 0.8934
vn 0.3385 -0.1600 0.9272
vn -0.0868 -0.6002 -0.7951
vn 0.7081 -0.5915 0.3855
vn 0.5329 -0.0066 0.8461
vn 0.2326 0.7116 0.6629
vn -0.3847 0.8895 0.2463
vn -0.3849 0.8896 0.2460
vn -0.2447 -0.7203 -0.6491
vn -0.2447 -0.7203 -0.6490
vn 0.3827 -0.8910 -0.2443
vn 0.7816 -0.5360 0.3192
vn 0.7100 0.1278 0.6926
vn -0.3315 0.9289 0.1652
vn -0.8364 0.4954 -0.2344
vn -0.8365 0.4953 -0.2344
vn -0.8372 -0.2221 -0.4998
vn 0.3327 -0.9281 -0.1672
vn 0.8379 -0.4944 0.2312
vn 0.8380 -0.4943 0.2312
vn 0.8453 0.2277 0.4834
vn 0.8453 0.2278 0.4833
vn 0.4590 0.8753 0.1522
vn 0.4593 0.8752 0.1520
vn 0.4592 0.8752 0.1521
vn -0.2947 0.9546 0.0432
vn -0.2945 0.9547 0.0432
vn -0.8800 0.4644 -0.1002
vn 0.2953 -0.9543 -0.0462
vn 0.8804 -0.4642 0.0966
vn 0.9397 0.2945 0.1737
vn 0.8285 -0.4002 0.3917
vn 0.8285 -0.4003 0.3917
vn -0.8105 0.4881 -0.3237
vn -0.8105 0.4882 -0.3236
vn 0.5487 0.4381 -0.7120
vn 0.5488 0.4380 -0.7120
vn -0.5515 -0.4397 0.7089
vn -0.5515 -0.4398 0.7088
vn 0.5515 0.4397 -0.7089
vn 0.5515 0.4398 -0.7088
vn -0.1220 0.8832 0.4529
vn -0.1220 0.8832 0.4528
vn 0.5491 -0.4377 0.7120
vn 0.5490 -0.4377 0.7120
vn -0.1452 -0.8873 -0.4377
vn -0.1451 -0.8873 -0.4378
vn 0.6493 -0.3110 -0.6941
vn 0.6493 -0.3111 -0.6940
vn 0.5498 -0.4387 0.7108
vn 0.5498 -0.4387 0.7109
vn -0.6516 0.3078 0.6933
vn -0.5498 0.4387 -0.7108
vn -0.8285 -0.4002 0.3917
vn -0.8285 -0.4003 0.3917
vn 0.8105 0.4882 -0.3236
vn -0.5487 0.4380 -0.7120
vn 0.5515 -0.4397 0.7088
vn -0.5515 0.4397 -0.7089
vn -0.5516 0.4396 -0.7089
vn 0.1220 0.8832 0.4529
vn 0.1220 0.8832 0.4528
vn -0.5489 -0.4378 0.7120
vn -0.5491 -0.4377 0.7120
vn 0.1451 -0.8873 -0.4378
vn -0.6492 -0.3109 -0.6941
vn 0.6516 0.3078 0.6933
vn 0.5495 0.4385 -0.7112
vn -0.8105 0.4882 -0.3235
vn -0.1219 0.8831 0.4530
vn 0.5487 -0.4380 0.7120
vn 0.5487 -0.4381 0.7120
vn 0.6492 -0.3109 -0.6941
vn 0.5495 -0.4385 0.7112
vn 0.5496 -0.4385 0.7111
vn -0.6515 0.3068 0.6938
vn -0.5495 0.4385 -0.7112
vn 0.8105 0.4882 -0.3235
vn -0.5488 0.4380 -0.7120
vn -0.5489 0.4379 -0.7120
vn 0.5515 -0.4398 0.7088
vn 0.1219 0.8831 0.4530
vt 0.606683 0.669823
vt 0.689740 0.714754
vt 0.011747 0.870774
vt 0.079524 0.324638
vt 0.080321 0.324674
vt 0.074277 0.352494
vt 0.074557 0.352523
vt 0.075075 0.352530
vt 0.030023 0.437280
vt 0.029731 0.436855
vt 0.008429 0.359280
vt 0.009364 0.456839
vt 0.009634 0.456860
vt 0.048846 0.295205
vt 0.008549 0.384511
vt 0.008864 0.384972
vt 0.107402 0.366736
vt 0.073554 0.386984
vt 0.073607 0.387561
vt 0.030433 0.340285
vt 0.030758 0.339830
vt 0.028017 0.476876
vt 0.028574 0.476912
vt 0.028845 0.476892
vt 0.029267 0.501762
vt 0.029534 0.501717
vt 0.030163 0.409195
vt 0.920500 0.921139
vt 0.925084 0.920984
vt 0.064046 0.928404
vt 0.066040 0.858952
vt 0.066573 0.857855
vt 0.069873 0.788296
vt 0.070386 0.787189
vt 0.070275 0.787076
vt 0.066500 0.718667
vt 0.067041 0.717573
vt 0.089675 0.945696
vt 0.089941 0.945818
vt 0.084865 0.934038
vt 0.089326 0.944613
vt 0.088443 0.944250
vt 0.079859 0.937199
vt 0.063619 0.929616
vt 0.064046 0.928404
vt 0.052931 0.933545
vt 0.064154 0.928519
vt 0.066040 0.858952
vt 0.065618 0.858930
vt 0.066466 0.857740
vt 0.066573 0.857855
vt 0.069873 0.788296
vt 0.070386 0.787189
vt 0.067041 0.717573
vt 0.066500 0.718667
vt 0.089941 0.945818
vt 0.089326 0.944613
vt 0.084865 0.934038
vt 0.922868 0.920427
vt 0.063853 0.930006
vt 0.066466 0.857740
vt 0.066935 0.717457
vt 0.063853 0.930006
vt 0.066274 0.859342
vt 0.070113 0.788681
vt 0.057537 0.787973
vt 0.074468 0.799033
vt 0.066733 0.719058
vt 0.681077 0.720738
vt 0.687466 0.718848
vt 0.687794 0.715764
vt 0.689963 0.717022
vt 0.688970 0.715698
vt 0.689337 0.715913
vt 0.081979 0.935987
vt 0.089632 0.944531
vt 0.759970 0.719425
vt 0.761308 0.721393
vt 0.760509 0.721257
vt 0.757893 0.717237
vt 0.754763 0.719199
vt 0.754597 0.716417
vt 0.753001 0.716573
vt 0.089632 0.944531
vt 0.080920 0.937360
vt 0.088428 0.943961
vt 0.083644 0.932775
vt 0.079399 0.936768
vt 0.097463 0.930754
vt 0.074199 0.948091
vt 0.077389 0.948506
vt 0.080920 0.937360
vt 0.095815 0.937723
vt 0.083697 0.934782
vt 0.084230 0.947797
vt 0.079486 0.958622
vt 0.074582 0.959127
vt 0.108669 0.936138
vt 0.092432 0.943531
vt 0.082149 0.969496
vt 0.119314 0.942855
vt 0.075859 0.970251
vt 0.104775 0.944643
vt 0.090466 0.945138
vt 0.100176 0.952217
vt 0.113383 0.952004
vt 0.088717 0.957336
vt 0.097132 0.954651
vt 0.106889 0.960203
vt 0.123694 0.960101
vt 0.131946 0.967631
vt 0.122276 0.977659
vt 0.115119 0.969640
vt 0.108630 0.974339
vt 0.113709 0.983791
vt 0.102607 0.963428
vt 0.100800 0.989637
vt 0.092862 0.967179
vt 0.096825 0.979299
vt 0.084613 0.982098
vt 0.087655 0.992738
vt 0.130996 0.949817
vt 0.077179 0.983166
vt 0.139719 0.957037
vt 0.078723 0.994344
vt 0.083697 0.934782
vt 0.089675 0.945696
vt 0.088428 0.943961
vt 0.088443 0.944250
vt 0.079859 0.937199
vt 0.083644 0.932775
vt 0.079399 0.936768
vt 0.097463 0.930754
vt 0.074199 0.948091
vt 0.077389 0.948506
vt 0.095815 0.937723
vt 0.092432 0.943531
vt 0.104775 0.944643
vt 0.075859 0.970251
vt 0.119314 0.942855
vt 0.081979 0.935987
vt 0.113383 0.952004
vt 0.100176 0.952217
vt 0.090466 0.945138
vt 0.084230 0.947797
vt 0.097132 0.954651
vt 0.079486 0.958622
vt 0.108669 0.936138
vt 0.074582 0.959127
vt 0.088717 0.957336
vt 0.082149 0.969496
vt 0.092862 0.967179
vt 0.106889 0.960203
vt 0.102607 0.963428
vt 0.115119 0.969640
vt 0.108630 0.974339
vt 0.096825 0.979299
vt 0.084613 0.982098
vt 0.077179 0.983166
vt 0.130996 0.949817
vt 0.087655 0.992738
vt 0.100800 0.989637
vt 0.113709 0.983791
vt 0.122276 0.977659
vt 0.123694 0.960101
vt 0.131946 0.967631
vt 0.078723 0.994344
vt 0.139719 0.957037
vt 0.539752 0.656771
vt 0.546806 0.619869
vt 0.895725 0.623422
vt 0.549967 0.689881
vt 0.530506 0.714331
vt 0.432242 0.473735
vt 0.562576 0.652673
vt 0.550948 0.715852
vt 0.533524 0.746197
vt 0.426796 0.489224
vt 0.576239 0.625916
vt 0.570358 0.614804
vt 0.871791 0.618657
vt 0.590137 0.608650
vt 0.851613 0.613138
vt 0.559157 0.746776
vt 0.540809 0.784187
vt 0.425443 0.507369
vt 0.571644 0.716458
vt 0.570678 0.783160
vt 0.552965 0.840152
vt 0.430821 0.536288
vt 0.587843 0.743595
vt 0.580021 0.682181
vt 0.605321 0.700516
vt 0.582371 0.643852
vt 0.612793 0.681836
vt 0.600995 0.630386
vt 0.598833 0.670121
vt 0.596097 0.620838
vt 0.608247 0.614806
vt 0.618163 0.640362
vt 0.627262 0.605371
vt 0.625340 0.590031
vt 0.815784 0.595611
vt 0.627846 0.620834
vt 0.633859 0.603633
vt 0.630415 0.589821
vt 0.810711 0.595536
vt 0.638250 0.592018
vt 0.802934 0.597924
vt 0.967564 0.914775
vt 0.638395 0.606112
vt 0.960130 0.916375
vt 0.632699 0.622892
vt 0.624254 0.642999
vt 0.617440 0.669691
vt 0.948986 0.952091
vt 0.613749 0.665094
vt 0.924826 0.862221
vt 0.615673 0.671721
vt 0.626356 0.669154
vt 0.623518 0.657355
vt 0.932742 0.866588
vt 0.627433 0.677715
vt 0.645494 0.661274
vt 0.643980 0.653801
vt 0.936865 0.880153
vt 0.664515 0.639468
vt 0.939705 0.894133
vt 0.647083 0.668737
vt 0.630787 0.692866
vt 0.649734 0.675674
vt 0.664249 0.658398
vt 0.665011 0.667879
vt 0.671395 0.642982
vt 0.682321 0.625479
vt 0.944860 0.903843
vt 0.680193 0.651145
vt 0.660555 0.686662
vt 0.674717 0.678241
vt 0.619287 0.731147
vt 0.647737 0.705752
vt 0.606782 0.766401
vt 0.642756 0.733721
vt 0.624510 0.751484
vt 0.604385 0.793048
vt 0.631789 0.778944
vt 0.642615 0.762211
vt 0.584482 0.829154
vt 0.608405 0.869458
vt 0.622596 0.822136
vt 0.634774 0.896197
vt 0.641550 0.842398
vt 0.622757 0.798354
vt 0.657733 0.913412
vt 0.672544 0.993432
vt 0.487641 0.619779
vt 0.640447 0.808436
vt 0.692205 0.926578
vt 0.643869 0.818347
vt 0.646214 0.800110
vt 0.653209 0.809386
vt 0.656936 0.826486
vt 0.658152 0.852782
vt 0.677311 0.859870
vt 0.673438 0.825529
vt 0.664087 0.809319
vt 0.702368 0.862484
vt 0.695992 0.821454
vt 0.671174 0.806869
vt 0.719557 0.862642
vt 0.688227 0.816635
vt 0.709671 0.820200
vt 0.691504 0.799391
vt 0.702022 0.791433
vt 0.676356 0.804331
vt 0.680867 0.800937
vt 0.675129 0.802472
vt 0.670048 0.804886
vt 0.677839 0.798687
vt 0.664024 0.805511
vt 0.668345 0.797317
vt 0.656240 0.802826
vt 0.685020 0.793574
vt 0.661967 0.789042
vt 0.665510 0.793192
vt 0.679471 0.790926
vt 0.685548 0.788640
vt 0.665673 0.772678
vt 0.689880 0.772121
vt 0.659187 0.747187
vt 0.673709 0.756140
vt 0.711727 0.760245
vt 0.693718 0.750495
vt 0.678498 0.737205
vt 0.666070 0.733001
vt 0.661857 0.714781
vt 0.672359 0.726618
vt 0.668633 0.697554
vt 0.669941 0.714779
vt 0.678339 0.692883
vt 0.675551 0.706629
vt 0.675113 0.716168
vt 0.682497 0.703509
vt 0.679909 0.709889
vt 0.684092 0.682578
vt 0.685804 0.708580
vt 0.691694 0.698845
vt 0.691456 0.706796
vt 0.682305 0.713718
vt 0.690760 0.710338
vt 0.686330 0.712509
vt 0.679062 0.717429
vt 0.689900 0.713141
vt 0.676257 0.723245
vt 0.693524 0.711874
vt 0.680031 0.725567
vt 0.698281 0.711878
vt 0.679789 0.730705
vt 0.678899 0.721342
vt 0.689777 0.734766
vt 0.686562 0.725103
vt 0.713147 0.736058
vt 0.688951 0.730097
vt 0.700856 0.728087
vt 0.681042 0.723364
vt 0.692622 0.723135
vt 0.685545 0.723135
vt 0.681614 0.721496
vt 0.697315 0.725968
vt 0.689868 0.721241
vt 0.703875 0.720217
vt 0.697701 0.718008
vt 0.693879 0.717126
vt 0.718392 0.724781
vt 0.704414 0.714042
vt 0.717361 0.756237
vt 0.713514 0.718746
vt 0.714006 0.793130
vt 0.710328 0.714733
vt 0.719986 0.821235
vt 0.720311 0.793110
vt 0.720682 0.754626
vt 0.726645 0.793179
vt 0.720767 0.723281
vt 0.724022 0.756187
vt 0.723227 0.724690
vt 0.720992 0.719958
vt 0.728888 0.735919
vt 0.706193 0.709833
vt 0.729714 0.760225
vt 0.691634 0.713496
vt 0.691866 0.717110
vt 0.691129 0.713783
vt 0.688486 0.720244
vt 0.690585 0.717178
vt 0.685030 0.721695
vt 0.684438 0.720102
vt 0.681834 0.720724
vt 0.680464 0.720850
vt 0.682427 0.718759
vt 0.681005 0.718222
vt 0.683717 0.715487
vt 0.684514 0.716570
vt 0.686893 0.714432
vt 0.697767 0.708274
vt 0.704211 0.702712
vt 0.721219 0.706459
vt 0.703359 0.689263
vt 0.721096 0.713620
vt 0.691739 0.685479
vt 0.721478 0.691742
vt 0.702492 0.668732
vt 0.693176 0.662078
vt 0.689659 0.659678
vt 0.704486 0.660992
vt 0.695879 0.651772
vt 0.693635 0.647167
vt 0.687385 0.640225
vt 0.701634 0.642551
vt 0.683223 0.633717
vt 0.701004 0.640005
vt 0.694498 0.625507
vt 0.696471 0.630777
vt 0.713235 0.620252
vt 0.710022 0.614663
vt 0.951455 0.908726
vt 0.716074 0.632101
vt 0.722778 0.617475
vt 0.735604 0.614986
vt 0.958585 0.908820
vt 0.715648 0.623124
vt 0.722716 0.622226
vt 0.732244 0.620491
vt 0.750221 0.620545
vt 0.963173 0.907978
vt 0.722557 0.631217
vt 0.729742 0.623301
vt 0.750838 0.626216
vt 0.763005 0.626522
vt 0.965306 0.904112
vt 0.748708 0.631417
vt 0.729017 0.632263
vt 0.761867 0.634734
vt 0.773439 0.644292
vt 0.757471 0.641115
vt 0.743869 0.640509
vt 0.722519 0.633980
vt 0.729291 0.634419
vt 0.715727 0.634246
vt 0.722207 0.652891
vt 0.706928 0.653273
vt 0.716574 0.651772
vt 0.714996 0.658126
vt 0.722105 0.658767
vt 0.721922 0.668351
vt 0.727872 0.651897
vt 0.729233 0.658287
vt 0.737477 0.653628
vt 0.743143 0.643071
vt 0.739652 0.661414
vt 0.750969 0.647871
vt 0.748566 0.652442
vt 0.764338 0.652155
vt 0.754564 0.660427
vt 0.750928 0.662770
vt 0.741368 0.669215
vt 0.759278 0.683415
vt 0.751465 0.686132
vt 0.739676 0.689646
vt 0.738320 0.702974
vt 0.751081 0.699431
vt 0.736079 0.710041
vt 0.744656 0.708667
vt 0.731712 0.714814
vt 0.728400 0.718799
vt 0.737714 0.714261
vt 0.744034 0.712215
vt 0.738108 0.720407
vt 0.741206 0.728252
vt 0.744412 0.718313
vt 0.744820 0.726260
vt 0.752316 0.735064
vt 0.748271 0.717506
vt 0.753195 0.730453
vt 0.749185 0.723799
vt 0.748257 0.750668
vt 0.762368 0.731304
vt 0.755643 0.725513
vt 0.763582 0.737787
vt 0.751449 0.772493
vt 0.768110 0.756704
vt 0.738727 0.791688
vt 0.775689 0.773609
vt 0.730352 0.820367
vt 0.755361 0.789191
vt 0.744073 0.821891
vt 0.736667 0.862857
vt 0.749105 0.799847
vt 0.744616 0.927330
vt 0.761686 0.860864
vt 0.718321 0.933079
vt 0.779476 0.915069
vt 0.808992 0.978847
vt 0.467691 0.606831
vt 0.803021 0.898399
vt 0.781030 0.854242
vt 0.830261 0.872320
vt 0.797954 0.844247
vt 0.766530 0.826515
vt 0.783031 0.827876
vt 0.817532 0.824445
vt 0.751977 0.817192
vt 0.855456 0.832619
vt 0.870579 0.786924
vt 0.836692 0.795838
vt 0.883017 0.750774
vt 0.908661 0.750805
vt 0.426796 0.489224
vt 0.834960 0.769065
vt 0.891942 0.719955
vt 0.912417 0.718791
vt 0.432242 0.473735
vt 0.854395 0.746918
vt 0.871232 0.720194
vt 0.893386 0.693918
vt 0.916372 0.692724
vt 0.436905 0.459856
vt 0.837871 0.703619
vt 0.903503 0.660594
vt 0.927250 0.658146
vt 0.442590 0.438332
vt 0.529938 0.622617
vt 0.912917 0.626260
vt 0.880662 0.656468
vt 0.863592 0.686055
vt 0.866201 0.629891
vt 0.860587 0.647803
vt 0.846014 0.625490
vt 0.841251 0.635135
vt 0.833548 0.619883
vt 0.607037 0.600129
vt 0.834360 0.605186
vt 0.823927 0.645748
vt 0.845350 0.673969
vt 0.814264 0.610995
vt 0.813973 0.626442
vt 0.807616 0.609430
vt 0.803115 0.612006
vt 0.975010 0.916322
vt 0.809035 0.628698
vt 0.803026 0.627074
vt 0.979204 0.922771
vt 0.808246 0.646992
vt 0.983703 0.932831
vt 0.817170 0.648659
vt 0.832008 0.667049
vt 0.986222 0.951927
vt 0.838835 0.673082
vt 0.828813 0.675064
vt 0.830956 0.684913
vt 0.817788 0.671935
vt 0.816430 0.680269
vt 0.812554 0.695150
vt 0.798838 0.663346
vt 0.796988 0.670695
vt 0.780087 0.659864
vt 0.794063 0.677475
vt 0.778999 0.669266
vt 0.782805 0.688057
vt 0.768884 0.679294
vt 0.764705 0.693778
vt 0.795100 0.707412
vt 0.774338 0.698668
vt 0.760209 0.704259
vt 0.767129 0.707518
vt 0.780727 0.715990
vt 0.823119 0.733607
vt 0.799473 0.735364
vt 0.817470 0.753592
vt 0.809502 0.780911
vt 0.799053 0.763807
vt 0.782761 0.748227
vt 0.818052 0.800618
vt 0.778979 0.790161
vt 0.776120 0.733984
vt 0.769911 0.727465
vt 0.772599 0.715745
vt 0.762194 0.726182
vt 0.767361 0.716993
vt 0.766053 0.724008
vt 0.762659 0.710656
vt 0.763366 0.718156
vt 0.756761 0.709241
vt 0.760160 0.714421
vt 0.751094 0.707344
vt 0.748885 0.712317
vt 0.751724 0.710882
vt 0.756134 0.713161
vt 0.752536 0.713711
vt 0.750775 0.713989
vt 0.758704 0.716161
vt 0.755520 0.715086
vt 0.751320 0.714289
vt 0.761400 0.718904
vt 0.761888 0.721527
vt 0.752650 0.715362
vt 0.753299 0.716424
vt 0.751471 0.717696
vt 0.752019 0.717587
vt 0.750267 0.717570
vt 0.753783 0.720626
vt 0.757863 0.720533
vt 0.752543 0.721467
vt 0.756692 0.723570
vt 0.757238 0.722123
vt 0.760679 0.722057
vt 0.761208 0.723956
vt 0.763442 0.722047
vt 0.028650 0.015129
vt 0.598980 0.382570
vt 0.069547 0.047938
vt 0.096630 0.065585
vt 0.116514 0.083793
vt 0.158775 0.093238
vt 0.143848 0.113997
vt 0.199543 0.128909
vt 0.127711 0.147577
vt 0.096806 0.167463
vt 0.880019 0.557771
vt 0.182158 0.148983
vt 0.132931 0.207935
vt 0.156746 0.180708
vt 0.061663 0.264657
vt 0.124981 0.893617
vt 0.100271 0.238275
vt 0.089049 0.289252
vt 0.129697 0.860209
vt 0.131376 0.269188
vt 0.175440 0.244367
vt 0.167660 0.294590
vt 0.176811 0.363189
vt 0.094046 0.766878
vt 0.214657 0.215588
vt 0.207773 0.273708
vt 0.215445 0.338333
vt 0.238448 0.193084
vt 0.248898 0.250116
vt 0.274496 0.226502
vt 0.254299 0.321079
vt 0.294655 0.303022
vt 0.324528 0.287415
vt 0.353777 0.322705
vt 0.314825 0.337219
vt 0.356263 0.327544
vt 0.274466 0.354905
vt 0.319711 0.344095
vt 0.250353 0.377073
vt 0.287087 0.364098
vt 0.265176 0.388990
vt 0.217233 0.391782
vt 0.199399 0.408441
vt 0.100015 0.741309
vt 0.230017 0.417414
vt 0.250306 0.425163
vt 0.220422 0.423933
vt 0.240104 0.435409
vt 0.279125 0.401210
vt 0.266426 0.430918
vt 0.299063 0.375575
vt 0.327032 0.354047
vt 0.317292 0.395313
vt 0.360698 0.335596
vt 0.344126 0.370848
vt 0.375135 0.352255
vt 0.390610 0.375238
vt 0.416738 0.389250
vt 0.368011 0.395082
vt 0.406493 0.400590
vt 0.422597 0.397274
vt 0.390120 0.415924
vt 0.411438 0.406903
vt 0.341846 0.416753
vt 0.420827 0.417664
vt 0.437526 0.410806
vt 0.397617 0.423355
vt 0.373229 0.436957
vt 0.431508 0.428277
vt 0.515980 0.654353
vt 0.442590 0.438332
vt 0.408787 0.434904
vt 0.422599 0.445659
vt 0.526942 0.688557
vt 0.436905 0.459856
vt 0.412547 0.460671
vt 0.396404 0.450726
vt 0.402622 0.481649
vt 0.383213 0.443037
vt 0.383103 0.476475
vt 0.397811 0.505797
vt 0.363636 0.472769
vt 0.374488 0.507174
vt 0.397068 0.542974
vt 0.565785 0.892996
vt 0.438377 0.562870
vt 0.401122 0.586632
vt 0.594650 0.947837
vt 0.453902 0.591714
vt 0.372733 0.548845
vt 0.417041 0.620669
vt 0.626340 0.976294
vt 0.467691 0.606831
vt 0.373200 0.595736
vt 0.350505 0.509198
vt 0.346396 0.556711
vt 0.436511 0.642322
vt 0.378604 0.640440
vt 0.461148 0.665020
vt 0.402503 0.672430
vt 0.434257 0.704674
vt 0.369799 0.701256
vt 0.406676 0.743099
vt 0.337193 0.659468
vt 0.369850 0.787820
vt 0.327383 0.734892
vt 0.320089 0.844185
vt 0.290387 0.803027
vt 0.290831 0.880895
vt 0.262659 0.848205
vt 0.262763 0.910758
vt 0.275090 0.943527
vt 0.237736 0.886828
vt 0.248426 0.929773
vt 0.266045 0.960799
vt 0.219102 0.908384
vt 0.200370 0.856836
vt 0.238973 0.952093
vt 0.248510 0.998721
vt 0.585173 0.578418
vt 0.228180 0.988199
vt 0.610156 0.580144
vt 0.208645 0.931290
vt 0.155810 0.942478
vt 0.718340 0.590253
vt 0.171322 0.911135
vt 0.045316 0.240811
vt 0.113997 0.918877
vt 0.777705 0.581541
vt 0.180589 0.887035
vt 0.165409 0.832942
vt 0.147070 0.824195
vt 0.124722 0.314635
vt 0.109204 0.825727
vt 0.190095 0.783304
vt 0.147871 0.768687
vt 0.229871 0.812164
vt 0.247603 0.760503
vt 0.209987 0.729967
vt 0.283095 0.706737
vt 0.160388 0.722219
vt 0.105314 0.737688
vt 0.187348 0.403052
vt 0.256961 0.685075
vt 0.153125 0.705686
vt 0.193082 0.703214
vt 0.122116 0.695354
vt 0.079069 0.718678
vt 0.143227 0.389322
vt 0.169818 0.660539
vt 0.096869 0.684321
vt 0.140488 0.649857
vt 0.113246 0.637609
vt 0.073952 0.673489
vt 0.150943 0.605163
vt 0.081682 0.628471
vt 0.058751 0.659994
vt 0.038354 0.661110
vt 0.032556 0.697994
vt 0.089842 0.402514
vt 0.062323 0.617370
vt 0.038501 0.613309
vt 0.089716 0.587615
vt 0.046387 0.574268
vt 0.017247 0.564825
vt 0.454991 0.009159
vt 0.072507 0.584695
vt 0.079269 0.546357
vt 0.065119 0.536135
vt 0.049400 0.493638
vt 0.382441 0.003653
vt 0.099796 0.544797
vt 0.081692 0.503745
vt 0.093157 0.506176
vt 0.089813 0.468694
vt 0.060427 0.462056
vt 0.348814 0.005540
vt 0.108850 0.509972
vt 0.085288 0.442181
vt 0.102941 0.475101
vt 0.107538 0.449616
vt 0.124543 0.478286
vt 0.088343 0.418845
vt 0.063688 0.417486
vt 0.305445 0.013512
vt 0.005871 0.697649
vt 0.064071 0.395866
vt 0.287193 0.016688
vt 0.044802 0.699360
vt 0.101586 0.397705
vt 0.105206 0.421405
vt 0.062331 0.709160
vt 0.122454 0.391164
vt 0.128580 0.424891
vt 0.129137 0.453531
vt 0.156015 0.423891
vt 0.095829 0.728864
vt 0.165302 0.394696
vt 0.149153 0.484048
vt 0.184794 0.425066
vt 0.160276 0.453741
vt 0.193214 0.452614
vt 0.223990 0.451812
vt 0.179473 0.487388
vt 0.211128 0.480736
vt 0.260337 0.448071
vt 0.165157 0.517041
vt 0.141966 0.514931
vt 0.131906 0.549843
vt 0.156460 0.557137
vt 0.121377 0.592425
vt 0.195556 0.521831
vt 0.184643 0.573881
vt 0.173484 0.616537
vt 0.206482 0.579766
vt 0.196018 0.666986
vt 0.197858 0.623283
vt 0.236860 0.666823
vt 0.235828 0.633907
vt 0.245481 0.594174
vt 0.226550 0.528337
vt 0.272426 0.642718
vt 0.282999 0.602669
vt 0.270582 0.543955
vt 0.306962 0.652814
vt 0.321537 0.607963
vt 0.346604 0.607341
vt 0.332655 0.553939
vt 0.299938 0.550614
vt 0.316778 0.499815
vt 0.280855 0.492025
vt 0.338438 0.481207
vt 0.289448 0.461420
vt 0.247000 0.478017
vt 0.305202 0.444652
vt 0.351366 0.461626
vt 0.293402 0.429709
vt 0.320297 0.432206
vt 0.299606 0.417295
vt 0.730699 0.251598
vt 0.990967 0.401550
vt 0.758901 0.265485
vt 0.925726 0.784644
vt 0.755556 0.271815
vt 0.764755 0.279256
vt 0.750000 0.278823
vt 0.728225 0.267443
vt 0.985902 0.409619
vt 0.760137 0.286219
vt 0.775363 0.287968
vt 0.748521 0.288623
vt 0.769830 0.296699
vt 0.745974 0.292855
vt 0.765782 0.303055
vt 0.759394 0.309020
vt 0.740350 0.302513
vt 0.713265 0.295923
vt 0.981573 0.425497
vt 0.788430 0.327120
vt 0.730179 0.315730
vt 0.754069 0.322679
vt 0.712983 0.332046
vt 0.698568 0.309925
vt 0.976863 0.442025
vt 0.743985 0.332219
vt 0.697055 0.336428
vt 0.688631 0.310989
vt 0.978814 0.449750
vt 0.675718 0.310507
vt 0.981774 0.460690
vt 0.726981 0.349571
vt 0.683662 0.343691
vt 0.718132 0.359839
vt 0.759209 0.374411
vt 0.776925 0.356512
vt 0.784218 0.342190
vt 0.806609 0.366685
vt 0.813900 0.349260
vt 0.794021 0.388525
vt 0.751173 0.384317
vt 0.832805 0.402949
vt 0.788699 0.400424
vt 0.829631 0.413916
vt 0.844605 0.378763
vt 0.868129 0.414881
vt 0.825283 0.429011
vt 0.866128 0.427760
vt 0.879115 0.391267
vt 0.780396 0.415977
vt 0.905041 0.425819
vt 0.884912 0.374343
vt 0.860247 0.439517
vt 0.910188 0.402980
vt 0.899353 0.454760
vt 0.856513 0.459784
vt 0.902684 0.439101
vt 0.816977 0.452412
vt 0.942498 0.461489
vt 0.769884 0.436942
vt 0.897938 0.474048
vt 0.943737 0.447110
vt 0.948702 0.482299
vt 0.986257 0.478085
vt 0.656172 0.311743
vt 0.942996 0.436867
vt 0.944472 0.414047
vt 0.721800 0.285811
vt 0.984417 0.418592
vt 0.948006 0.402433
vt 0.726523 0.274211
vt 0.984857 0.411574
vt 0.915942 0.385578
vt 0.954632 0.391583
vt 0.921515 0.371297
vt 0.958666 0.387043
vt 0.727138 0.258939
vt 0.986040 0.405456
vt 0.947007 0.375236
vt 0.963055 0.382997
vt 0.976659 0.376952
vt 0.923620 0.725480
vt 0.736127 0.244905
vt 0.997193 0.396301
vt 0.924791 0.754574
vt 0.969324 0.379888
vt 0.960823 0.375333
vt 0.968402 0.370582
vt 0.978128 0.367885
vt 0.925332 0.714312
vt 0.949725 0.370482
vt 0.969525 0.358759
vt 0.960768 0.361350
vt 0.965448 0.346444
vt 0.959452 0.335608
vt 0.958369 0.350000
vt 0.954355 0.326740
vt 0.962098 0.319532
vt 0.947477 0.683963
vt 0.952526 0.341663
vt 0.945566 0.334877
vt 0.945889 0.319197
vt 0.952130 0.309708
vt 0.959569 0.682891
vt 0.937965 0.301975
vt 0.973221 0.683346
vt 0.955693 0.360713
vt 0.937194 0.348002
vt 0.930691 0.357545
vt 0.938362 0.328574
vt 0.917923 0.333820
vt 0.925457 0.364870
vt 0.904522 0.345049
vt 0.896762 0.351509
vt 0.891265 0.358211
vt 0.892732 0.337837
vt 0.851432 0.360864
vt 0.881679 0.341111
vt 0.856570 0.345110
vt 0.817526 0.336325
vt 0.856468 0.340838
vt 0.802708 0.323060
vt 0.819159 0.329775
vt 0.880920 0.328329
vt 0.790062 0.317648
vt 0.793702 0.308621
vt 0.810628 0.315299
vt 0.797614 0.299777
vt 0.812373 0.305225
vt 0.823746 0.318655
vt 0.825625 0.308720
vt 0.854702 0.329036
vt 0.854998 0.319973
vt 0.855044 0.312152
vt 0.992128 0.758342
vt 0.878690 0.317795
vt 0.888586 0.325847
vt 0.887728 0.313737
vt 0.886970 0.305382
vt 0.992214 0.719344
vt 0.897543 0.309014
vt 0.896567 0.299870
vt 0.992378 0.707203
vt 0.900842 0.320143
vt 0.910101 0.305737
vt 0.923387 0.298416
vt 0.984176 0.687990
vt 0.905298 0.328631
vt 0.912136 0.315565
vt 0.920788 0.318623
vt 0.927387 0.321157
vt 0.921563 0.310540
vt 0.933744 0.312700
vt 0.921818 0.308443
vt 0.286520 0.140383
vt 0.511589 0.445885
vt 0.298251 0.124718
vt 0.297817 0.112207
vt 0.316482 0.124356
vt 0.292118 0.075991
vt 0.315978 0.110439
vt 0.286386 0.045487
vt 0.311361 0.070272
vt 0.308601 0.037338
vt 0.328696 0.036632
vt 0.070270 0.438365
vt 0.323324 0.004937
vt 0.332008 0.072266
vt 0.351758 0.035272
vt 0.336076 0.113055
vt 0.355387 0.074146
vt 0.383266 0.035426
vt 0.419732 0.034409
vt 0.031526 0.529126
vt 0.420047 0.004349
vt 0.383640 0.077177
vt 0.405189 0.078003
vt 0.359643 0.114632
vt 0.383363 0.116685
vt 0.334922 0.127479
vt 0.359576 0.131390
vt 0.314511 0.139858
vt 0.359876 0.147345
vt 0.313324 0.150452
vt 0.333117 0.144020
vt 0.307999 0.160155
vt 0.293333 0.162478
vt 0.545854 0.460827
vt 0.326553 0.155479
vt 0.301362 0.178707
vt 0.321030 0.164435
vt 0.310589 0.181816
vt 0.298120 0.186070
vt 0.307541 0.189471
vt 0.296698 0.199780
vt 0.301567 0.203282
vt 0.307974 0.205280
vt 0.309066 0.212497
vt 0.583568 0.477259
vt 0.321999 0.202222
vt 0.568418 0.482880
vt 0.315193 0.194165
vt 0.319105 0.186545
vt 0.338795 0.186014
vt 0.548379 0.487367
vt 0.333261 0.172658
vt 0.338623 0.163582
vt 0.347238 0.158534
vt 0.353152 0.171768
vt 0.345943 0.174608
vt 0.562480 0.492228
vt 0.362291 0.164378
vt 0.366318 0.178758
vt 0.374704 0.149643
vt 0.375395 0.168427
vt 0.363642 0.186771
vt 0.348645 0.189084
vt 0.560942 0.513153
vt 0.376885 0.182219
vt 0.359712 0.195425
vt 0.374724 0.190400
vt 0.347900 0.213269
vt 0.369313 0.201217
vt 0.383190 0.193141
vt 0.342021 0.220975
vt 0.355159 0.218616
vt 0.334874 0.232461
vt 0.326398 0.229681
vt 0.558939 0.562051
vt 0.348540 0.225485
vt 0.340937 0.235683
vt 0.331696 0.238926
vt 0.359757 0.223377
vt 0.329351 0.245192
vt 0.325342 0.246767
vt 0.557661 0.579900
vt 0.336983 0.241535
vt 0.332060 0.248584
vt 0.335927 0.250476
vt 0.342003 0.247286
vt 0.344999 0.255051
vt 0.542328 0.572631
vt 0.346854 0.241487
vt 0.355591 0.231103
vt 0.377948 0.207963
vt 0.378930 0.217818
vt 0.527995 0.523716
vt 0.385627 0.208421
vt 0.387611 0.194708
vt 0.389190 0.233302
vt 0.387066 0.181981
vt 0.397912 0.206628
vt 0.386787 0.168240
vt 0.398518 0.183157
vt 0.385152 0.150785
vt 0.397623 0.193813
vt 0.383440 0.132885
vt 0.396584 0.151721
vt 0.397962 0.169773
vt 0.402232 0.116548
vt 0.403034 0.132511
vt 0.420824 0.116748
vt 0.422422 0.074277
vt 0.405568 0.150807
vt 0.449885 0.038558
vt 0.408600 0.168861
vt 0.413768 0.148944
vt 0.410112 0.181947
vt 0.418295 0.168305
vt 0.421793 0.130001
vt 0.423507 0.150945
vt 0.420968 0.180207
vt 0.426950 0.167743
vt 0.437327 0.147319
vt 0.439560 0.164763
vt 0.430143 0.179727
vt 0.446626 0.124546
vt 0.456507 0.159876
vt 0.446850 0.112568
vt 0.450248 0.140563
vt 0.450090 0.076157
vt 0.468629 0.123361
vt 0.478680 0.138501
vt 0.471294 0.456757
vt 0.457715 0.170391
vt 0.468895 0.175454
vt 0.447934 0.514014
vt 0.441971 0.175637
vt 0.455511 0.178564
vt 0.465063 0.184647
vt 0.475823 0.179859
vt 0.454442 0.520082
vt 0.445525 0.184375
vt 0.454477 0.193445
vt 0.437776 0.188905
vt 0.478325 0.203188
vt 0.484500 0.208866
vt 0.490903 0.204183
vt 0.452463 0.548042
vt 0.472193 0.208320
vt 0.490068 0.216117
vt 0.497102 0.212800
vt 0.449891 0.558140
vt 0.477748 0.213495
vt 0.483961 0.220045
vt 0.493174 0.220419
vt 0.467678 0.215539
vt 0.495001 0.226551
vt 0.496708 0.234852
vt 0.455290 0.575936
vt 0.486919 0.223321
vt 0.493136 0.231063
vt 0.488607 0.233225
vt 0.483298 0.229643
vt 0.477230 0.235285
vt 0.466859 0.563129
vt 0.479689 0.227185
vt 0.472184 0.221008
vt 0.447427 0.201932
vt 0.441188 0.205353
vt 0.447286 0.228142
vt 0.477747 0.545133
vt 0.432742 0.189699
vt 0.441560 0.226344
vt 0.424738 0.190195
vt 0.428849 0.205040
vt 0.414923 0.192248
vt 0.442307 0.236076
vt 0.448924 0.235497
vt 0.479743 0.551200
vt 0.408160 0.194115
vt 0.418178 0.208131
vt 0.409721 0.208891
vt 0.433133 0.226482
vt 0.434942 0.237016
vt 0.415433 0.234448
vt 0.504687 0.543666
vt 0.427691 0.228359
vt 0.418537 0.234998
vt 0.499671 0.545037
vt 0.427209 0.238247
vt 0.418707 0.241709
vt 0.498722 0.550553
vt 0.429700 0.249800
vt 0.436418 0.248671
vt 0.431004 0.255155
vt 0.425304 0.259585
vt 0.497844 0.570994
vt 0.437025 0.252833
vt 0.442003 0.247737
vt 0.442622 0.252787
vt 0.449753 0.254472
vt 0.482839 0.571119
vt 0.442504 0.261953
vt 0.444710 0.264125
vt 0.485247 0.582447
vt 0.439587 0.268117
vt 0.490709 0.583277
vt 0.438939 0.263496
vt 0.434379 0.262348
vt 0.405138 0.233151
vt 0.405853 0.242851
vt 0.415410 0.243368
vt 0.504794 0.550932
vt 0.396858 0.231823
vt 0.396956 0.241529
vt 0.388677 0.241241
vt 0.389250 0.254598
vt 0.396923 0.253693
vt 0.405361 0.254023
vt 0.413463 0.258462
vt 0.503126 0.566957
vt 0.397225 0.259571
vt 0.390569 0.261975
vt 0.391144 0.272294
vt 0.516802 0.585114
vt 0.403743 0.261631
vt 0.411380 0.265097
vt 0.502661 0.573630
vt 0.401293 0.269463
vt 0.397386 0.270064
vt 0.394103 0.270101
vt 0.006914 0.605487
vt 0.491240 0.014747
vt 0.007458 0.659391
vt 0.256594 0.020487
vt 0.535089 0.017560
vt 0.254486 0.050247
vt 0.528194 0.046192
vt 0.488748 0.041424
vt 0.262135 0.086703
vt 0.512626 0.078900
vt 0.479539 0.078067
vt 0.487248 0.111859
vt 0.275676 0.118327
vt 0.503899 0.111430
vt 0.278159 0.128740
vt 0.501572 0.122888
vt 0.469901 0.112266
vt 0.485432 0.122990
vt 0.923340 0.851484
vt 0.948250 0.966387
vt 0.926591 0.852974
vt 0.929261 0.834315
vt 0.949641 0.982146
vt 0.933287 0.835864
vt 0.939123 0.823168
vt 0.955922 0.992129
vt 0.933375 0.851422
vt 0.941913 0.825728
vt 0.948933 0.818550
vt 0.963153 0.995850
vt 0.937669 0.838527
vt 0.950138 0.822170
vt 0.956223 0.817316
vt 0.968053 0.996222
vt 0.945281 0.831232
vt 0.956168 0.821537
vt 0.951569 0.828954
vt 0.962179 0.822328
vt 0.956077 0.828432
vt 0.970307 0.826101
vt 0.960570 0.829072
vt 0.956013 0.833330
vt 0.952555 0.834011
vt 0.959452 0.834102
vt 0.945793 0.836040
vt 0.955898 0.842053
vt 0.953079 0.841827
vt 0.938890 0.841218
vt 0.946140 0.844175
vt 0.939836 0.847726
vt 0.950478 0.861042
vt 0.941865 0.864242
vt 0.943639 0.879610
vt 0.950693 0.879388
vt 0.945274 0.890256
vt 0.951022 0.886522
vt 0.951342 0.899692
vt 0.695266 0.619847
vt 0.946891 0.907763
vt 0.722905 0.607556
vt 0.955067 0.905185
vt 0.955159 0.898228
vt 0.955310 0.886766
vt 0.958936 0.899792
vt 0.959603 0.886635
vt 0.965250 0.890519
vt 0.780437 0.640994
vt 0.970716 0.894541
vt 0.800601 0.655945
vt 0.973923 0.880640
vt 0.967166 0.879920
vt 0.820907 0.660338
vt 0.978401 0.867188
vt 0.960120 0.879512
vt 0.969344 0.864604
vt 0.955409 0.879270
vt 0.955605 0.864393
vt 0.960817 0.861178
vt 0.958722 0.841901
vt 0.965597 0.844431
vt 0.966158 0.836308
vt 0.971806 0.848147
vt 0.972923 0.841665
vt 0.966796 0.831515
vt 0.974213 0.839007
vt 0.978167 0.852011
vt 0.978664 0.836460
vt 0.982729 0.835018
vt 0.986272 0.981884
vt 0.984908 0.853740
vt 0.829803 0.668554
vt 0.986430 0.863030
vt 0.988197 0.852336
vt 0.987126 0.966094
vt 0.834362 0.669818
vt 0.990719 0.862474
vt 0.988688 0.956552
vt 0.031513 0.851423
vt 0.034508 0.854961
vt 0.004613 0.842618
vt 0.030218 0.858511
vt 0.005232 0.848193
vt 0.027664 0.855538
vt 0.026126 0.861788
vt 0.005943 0.853517
vt 0.026968 0.846994
vt 0.024103 0.859251
vt 0.023958 0.851994
vt 0.019444 0.849034
vt 0.021686 0.843841
vt 0.016758 0.842589
vt 0.020819 0.855965
vt 0.021405 0.862339
vt 0.018549 0.860065
vt 0.017491 0.854135
vt 0.018694 0.865282
vt 0.015750 0.858370
vt 0.015779 0.847929
vt 0.014426 0.853348
vt 0.010281 0.847848
vt 0.010505 0.842342
vt 0.010016 0.853187
vt 0.009781 0.857757
vt 0.022935 0.864385
vt 0.006400 0.857797
vt 0.013399 0.857841
vt 0.009575 0.861768
vt 0.019913 0.866764
vt 0.007149 0.861772
vt 0.012467 0.861846
vt 0.014230 0.862123
vt 0.011664 0.866000
vt 0.016671 0.863441
vt 0.012777 0.866293
vt 0.014302 0.867157
vt 0.011148 0.870325
vt 0.009733 0.866149
vt 0.008116 0.866435
vt 0.016052 0.869313
vt 0.009886 0.870537
vt 0.011813 0.871067
vt 0.010646 0.871033
vt 0.010862 0.870298
vt 0.011026 0.870947
vt 0.015521 0.868361
vt 0.097628 0.315105
vt 0.094188 0.317202
vt 0.091929 0.321214
vt 0.079608 0.311646
vt 0.095346 0.311182
vt 0.091023 0.319078
vt 0.092314 0.314049
vt 0.089770 0.311145
vt 0.092310 0.307997
vt 0.089154 0.306190
vt 0.089391 0.316183
vt 0.088571 0.320689
vt 0.087044 0.318573
vt 0.087448 0.314285
vt 0.086134 0.322188
vt 0.078616 0.320976
vt 0.083546 0.324438
vt 0.085438 0.316868
vt 0.087457 0.309681
vt 0.085486 0.313155
vt 0.083684 0.308572
vt 0.084894 0.304821
vt 0.095377 0.319740
vt 0.080138 0.307842
vt 0.099014 0.318116
vt 0.080781 0.303882
vt 0.082478 0.312200
vt 0.081439 0.315304
vt 0.089231 0.322392
vt 0.079101 0.314683
vt 0.083917 0.316054
vt 0.080525 0.318029
vt 0.086689 0.323443
vt 0.078852 0.317567
vt 0.082507 0.318634
vt 0.083678 0.319162
vt 0.081127 0.321330
vt 0.085099 0.320538
vt 0.081826 0.321723
vt 0.082723 0.322603
vt 0.080012 0.324257
vt 0.079780 0.321081
vt 0.079087 0.324145
vt 0.080313 0.324889
vt 0.079817 0.324175
vt 0.079805 0.324667
vt 0.083354 0.323677
vt 0.092386 0.342969
vt 0.088944 0.345065
vt 0.090106 0.339046
vt 0.085778 0.346939
vt 0.083984 0.350252
vt 0.073858 0.342537
vt 0.087072 0.341911
vt 0.084530 0.339006
vt 0.087072 0.335859
vt 0.083918 0.334050
vt 0.084148 0.344044
vt 0.083326 0.348549
vt 0.081799 0.346432
vt 0.082206 0.342144
vt 0.080888 0.350047
vt 0.080194 0.344726
vt 0.082218 0.337541
vt 0.080244 0.341014
vt 0.078446 0.336429
vt 0.079657 0.332679
vt 0.090133 0.347604
vt 0.074901 0.335697
vt 0.093770 0.345981
vt 0.075546 0.331738
vt 0.086684 0.349076
vt 0.074368 0.339501
vt 0.077237 0.340056
vt 0.076196 0.343160
vt 0.078673 0.343911
vt 0.075280 0.345884
vt 0.081443 0.351302
vt 0.073608 0.345422
vt 0.077262 0.346491
vt 0.078432 0.347019
vt 0.075882 0.349187
vt 0.079853 0.348396
vt 0.076580 0.349580
vt 0.077477 0.350461
vt 0.074764 0.352113
vt 0.074535 0.348936
vt 0.073371 0.348831
vt 0.078299 0.352295
vt 0.073840 0.352000
vt 0.075066 0.352745
vt 0.074570 0.352031
vt 0.078108 0.351534
vt 0.025960 0.414857
vt 0.030255 0.418911
vt 0.012383 0.430282
vt 0.026965 0.419323
vt 0.030635 0.423141
vt 0.016200 0.432417
vt 0.021267 0.415768
vt 0.027913 0.423377
vt 0.030939 0.426470
vt 0.019226 0.434177
vt 0.023182 0.420138
vt 0.019502 0.421799
vt 0.017063 0.417862
vt 0.013857 0.420612
vt 0.024502 0.424073
vt 0.028789 0.426576
vt 0.026176 0.427471
vt 0.021999 0.425491
vt 0.029536 0.429717
vt 0.025858 0.437094
vt 0.031002 0.433376
vt 0.024005 0.428629
vt 0.016954 0.423808
vt 0.019958 0.427235
vt 0.014424 0.427061
vt 0.010897 0.424257
vt 0.029822 0.414406
vt 0.008429 0.427973
vt 0.017829 0.429800
vt 0.020750 0.432130
vt 0.022485 0.430015
vt 0.023324 0.434122
vt 0.031149 0.429597
vt 0.022214 0.435593
vt 0.024719 0.432448
vt 0.025762 0.431355
vt 0.026316 0.435971
vt 0.027074 0.434784
vt 0.027755 0.434179
vt 0.029630 0.436969
vt 0.029769 0.436849
vt 0.029974 0.437321
vt 0.028860 0.433489
vt 0.027533 0.430252
vt 0.030113 0.433229
vt 0.029770 0.436974
vt 0.027890 0.369624
vt 0.026180 0.372450
vt 0.028486 0.349232
vt 0.023936 0.367780
vt 0.029901 0.365552
vt 0.020333 0.366109
vt 0.016377 0.366401
vt 0.017434 0.353472
vt 0.025492 0.364465
vt 0.026484 0.360749
vt 0.030861 0.361244
vt 0.030693 0.357623
vt 0.021781 0.363120
vt 0.017414 0.364896
vt 0.018230 0.362401
vt 0.022248 0.360434
vt 0.014606 0.363641
vt 0.018706 0.360096
vt 0.026484 0.358012
vt 0.022154 0.358165
vt 0.025512 0.354203
vt 0.029685 0.353274
vt 0.022504 0.370197
vt 0.024405 0.350757
vt 0.019075 0.368058
vt 0.020544 0.352303
vt 0.021463 0.355080
vt 0.018005 0.355837
vt 0.018583 0.358369
vt 0.014992 0.356517
vt 0.013888 0.364810
vt 0.014615 0.354800
vt 0.015423 0.358557
vt 0.015603 0.359823
vt 0.012227 0.358865
vt 0.015327 0.361809
vt 0.012262 0.359669
vt 0.012082 0.360933
vt 0.009014 0.359483
vt 0.011799 0.357547
vt 0.011345 0.356451
vt 0.011071 0.362672
vt 0.008665 0.358624
vt 0.008685 0.360101
vt 0.008981 0.359280
vt 0.008550 0.359523
vt 0.008867 0.359983
vt 0.011593 0.362086
vt 0.028208 0.445393
vt 0.025967 0.450343
vt 0.010234 0.438745
vt 0.024619 0.447886
vt 0.025715 0.441644
vt 0.021329 0.450121
vt 0.022535 0.444854
vt 0.019861 0.442072
vt 0.022575 0.438591
vt 0.019362 0.436866
vt 0.019504 0.447344
vt 0.018792 0.452005
vt 0.016911 0.454988
vt 0.008686 0.449231
vt 0.017067 0.450025
vt 0.017435 0.445568
vt 0.016275 0.453771
vt 0.015331 0.448434
vt 0.017525 0.440677
vt 0.015439 0.444480
vt 0.013759 0.439561
vt 0.015104 0.435501
vt 0.029778 0.448307
vt 0.011018 0.434459
vt 0.022363 0.452199
vt 0.009580 0.442856
vt 0.012437 0.443490
vt 0.011314 0.446849
vt 0.019554 0.453667
vt 0.008990 0.446127
vt 0.013784 0.447652
vt 0.010354 0.449787
vt 0.012327 0.450462
vt 0.013507 0.450957
vt 0.010953 0.453365
vt 0.015070 0.452213
vt 0.011662 0.453747
vt 0.012656 0.454550
vt 0.009838 0.456442
vt 0.009602 0.453057
vt 0.008429 0.452886
vt 0.013631 0.456309
vt 0.008922 0.456300
vt 0.010200 0.457040
vt 0.009646 0.456365
vt 0.010192 0.456824
vt 0.013395 0.455561
vt 0.067838 0.285480
vt 0.069134 0.288526
vt 0.051726 0.273013
vt 0.065153 0.290204
vt 0.050551 0.277208
vt 0.064036 0.287633
vt 0.065700 0.281517
vt 0.060555 0.289556
vt 0.058460 0.292925
vt 0.048635 0.284444
vt 0.062240 0.284422
vt 0.059831 0.281407
vt 0.062852 0.278189
vt 0.059812 0.276177
vt 0.058993 0.286624
vt 0.057854 0.291199
vt 0.056319 0.289069
vt 0.057095 0.284666
vt 0.055185 0.292727
vt 0.047453 0.291121
vt 0.052318 0.295010
vt 0.054736 0.287325
vt 0.057633 0.279803
vt 0.055207 0.283398
vt 0.053986 0.278345
vt 0.055699 0.274427
vt 0.061393 0.291721
vt 0.049523 0.281241
vt 0.052309 0.282136
vt 0.050882 0.285377
vt 0.053267 0.286404
vt 0.049656 0.288213
vt 0.055706 0.293996
vt 0.048045 0.287506
vt 0.051558 0.289068
vt 0.052688 0.289670
vt 0.049922 0.291832
vt 0.054129 0.291064
vt 0.050593 0.292278
vt 0.051508 0.293168
vt 0.048528 0.294792
vt 0.048605 0.291400
vt 0.048345 0.294698
vt 0.048287 0.295190
vt 0.047628 0.294567
vt 0.048834 0.295421
vt 0.048019 0.295144
vt 0.052152 0.294244
vt 0.027899 0.394664
vt 0.023911 0.392861
vt 0.029869 0.390582
vt 0.020293 0.391168
vt 0.025459 0.389539
vt 0.026468 0.385811
vt 0.030840 0.386307
vt 0.030688 0.382694
vt 0.021770 0.388189
vt 0.017388 0.389912
vt 0.013866 0.389815
vt 0.014632 0.379818
vt 0.018228 0.387425
vt 0.022241 0.385491
vt 0.014590 0.388648
vt 0.018705 0.385129
vt 0.026480 0.383073
vt 0.022154 0.383215
vt 0.025523 0.379259
vt 0.029698 0.378345
vt 0.022484 0.395272
vt 0.024430 0.375810
vt 0.026191 0.397505
vt 0.028515 0.374299
vt 0.019034 0.393111
vt 0.020565 0.377342
vt 0.021475 0.380124
vt 0.018020 0.380867
vt 0.016343 0.391418
vt 0.017452 0.378497
vt 0.018584 0.383404
vt 0.015006 0.381532
vt 0.015425 0.383571
vt 0.015602 0.384838
vt 0.012228 0.383867
vt 0.015319 0.386821
vt 0.012261 0.384671
vt 0.012077 0.385933
vt 0.009013 0.384473
vt 0.011806 0.382548
vt 0.011357 0.381452
vt 0.011059 0.387668
vt 0.008981 0.384269
vt 0.008668 0.383613
vt 0.008682 0.385089
vt 0.008429 0.384267
vt 0.011582 0.387084
vt 0.008214 0.917540
vt 0.010418 0.912067
vt 0.012250 0.944361
vt 0.013490 0.919141
vt 0.020279 0.916910
vt 0.021435 0.938685
vt 0.006380 0.923532
vt 0.018625 0.920647
vt 0.011750 0.924358
vt 0.023026 0.921932
vt 0.024181 0.918754
vt 0.024926 0.936530
vt 0.017319 0.924862
vt 0.026890 0.923065
vt 0.021905 0.925371
vt 0.025998 0.925815
vt 0.030984 0.924674
vt 0.035051 0.926335
vt 0.034924 0.928338
vt 0.035268 0.927232
vt 0.030193 0.926424
vt 0.034503 0.927198
vt 0.035076 0.927578
vt 0.034443 0.927488
vt 0.030089 0.927552
vt 0.030375 0.929286
vt 0.034671 0.928177
vt 0.025670 0.927567
vt 0.026099 0.930306
vt 0.031102 0.930859
vt 0.031796 0.923254
vt 0.031821 0.931686
vt 0.027161 0.932828
vt 0.027701 0.920780
vt 0.028154 0.934471
vt 0.023498 0.934411
vt 0.022297 0.930964
vt 0.019704 0.935941
vt 0.021625 0.927763
vt 0.017682 0.931757
vt 0.017051 0.928014
vt 0.012910 0.933407
vt 0.011581 0.928174
vt 0.005935 0.928623
vt 0.007216 0.934641
vt 0.015038 0.938083
vt 0.009895 0.940372
vt 0.015480 0.914486
vt 0.017007 0.941472
vt 0.109940 0.346543
vt 0.113362 0.351018
vt 0.094957 0.356931
vt 0.109782 0.350481
vt 0.112549 0.354772
vt 0.097685 0.359501
vt 0.105469 0.346359
vt 0.109664 0.354302
vt 0.105859 0.350222
vt 0.109569 0.357574
vt 0.111977 0.357798
vt 0.099809 0.361535
vt 0.106512 0.354162
vt 0.109486 0.360447
vt 0.106986 0.357424
vt 0.107420 0.360333
vt 0.109121 0.363564
vt 0.108735 0.366679
vt 0.107333 0.366942
vt 0.108160 0.366989
vt 0.107760 0.363340
vt 0.108042 0.366455
vt 0.107892 0.366910
vt 0.107832 0.366464
vt 0.106956 0.363479
vt 0.105804 0.364003
vt 0.106146 0.360427
vt 0.104329 0.361225
vt 0.104855 0.364800
vt 0.110254 0.363864
vt 0.104421 0.365446
vt 0.102778 0.362419
vt 0.111214 0.360591
vt 0.101822 0.363404
vt 0.101018 0.360166
vt 0.103185 0.358710
vt 0.099273 0.357810
vt 0.105279 0.357665
vt 0.101804 0.355658
vt 0.104281 0.354546
vt 0.099795 0.352647
vt 0.103184 0.350798
vt 0.101884 0.346967
vt 0.097937 0.348910
vt 0.096948 0.354959
vt 0.094443 0.351805
vt 0.114124 0.347079
vt 0.092103 0.354154
vt 0.060313 0.330989
vt 0.064519 0.331320
vt 0.042868 0.339461
vt 0.063950 0.335292
vt 0.045855 0.342095
vt 0.060349 0.334930
vt 0.055839 0.331022
vt 0.060418 0.338754
vt 0.056417 0.334862
vt 0.060484 0.342030
vt 0.062900 0.342137
vt 0.050927 0.346451
vt 0.057263 0.338766
vt 0.060540 0.344907
vt 0.062273 0.344970
vt 0.053029 0.348213
vt 0.057897 0.342002
vt 0.058472 0.344888
vt 0.060323 0.348045
vt 0.061465 0.348294
vt 0.055718 0.350115
vt 0.059495 0.351515
vt 0.058959 0.347879
vt 0.059355 0.350986
vt 0.059217 0.351459
vt 0.059144 0.351007
vt 0.058168 0.348050
vt 0.057047 0.348615
vt 0.058721 0.351311
vt 0.057205 0.345039
vt 0.055429 0.345918
vt 0.060061 0.351175
vt 0.058666 0.351518
vt 0.056129 0.349447
vt 0.053936 0.347183
vt 0.052067 0.345023
vt 0.054162 0.343465
vt 0.050209 0.342759
vt 0.063323 0.339083
vt 0.048706 0.344527
vt 0.056203 0.342322
vt 0.052631 0.340486
vt 0.055053 0.339256
vt 0.050477 0.337578
vt 0.053772 0.335567
vt 0.052287 0.331804
vt 0.048439 0.333937
vt 0.047747 0.340027
vt 0.045089 0.337000
vt 0.094772 0.378257
vt 0.092199 0.383887
vt 0.076800 0.369356
vt 0.090794 0.380351
vt 0.092542 0.374145
vt 0.086948 0.382397
vt 0.088909 0.376699
vt 0.083661 0.384137
vt 0.085323 0.379494
vt 0.080789 0.385628
vt 0.081652 0.387258
vt 0.073919 0.379685
vt 0.082326 0.381753
vt 0.079683 0.383747
vt 0.077545 0.386969
vt 0.074310 0.388225
vt 0.073298 0.387025
vt 0.076947 0.385657
vt 0.074105 0.387486
vt 0.073976 0.387274
vt 0.076364 0.384910
vt 0.075391 0.384005
vt 0.078852 0.382483
vt 0.077329 0.381061
vt 0.073674 0.387861
vt 0.074204 0.383444
vt 0.077925 0.388145
vt 0.073287 0.383339
vt 0.075474 0.380135
vt 0.076784 0.377188
vt 0.084796 0.386418
vt 0.074705 0.376680
vt 0.079172 0.378560
vt 0.078241 0.374204
vt 0.088067 0.385263
vt 0.075614 0.373459
vt 0.081084 0.380113
vt 0.081455 0.375538
vt 0.083640 0.377406
vt 0.083469 0.371934
vt 0.086779 0.374261
vt 0.089918 0.370875
vt 0.086230 0.368067
vt 0.079931 0.370383
vt 0.081843 0.366209
vt 0.096504 0.382358
vt 0.078121 0.365016
vt 0.009743 0.333199
vt 0.015066 0.330776
vt 0.016612 0.350273
vt 0.013898 0.334202
vt 0.008658 0.337528
vt 0.017929 0.335151
vt 0.012858 0.337995
vt 0.021372 0.335970
vt 0.017182 0.338223
vt 0.024372 0.336709
vt 0.024782 0.334999
vt 0.025322 0.345016
vt 0.020748 0.338492
vt 0.023903 0.338739
vt 0.027546 0.337796
vt 0.030659 0.338930
vt 0.030612 0.340405
vt 0.027094 0.339105
vt 0.030331 0.339579
vt 0.030295 0.339782
vt 0.027044 0.339908
vt 0.027199 0.341175
vt 0.023699 0.340000
vt 0.023938 0.341989
vt 0.030884 0.339590
vt 0.027668 0.342336
vt 0.028020 0.336709
vt 0.028178 0.342931
vt 0.024625 0.343833
vt 0.021796 0.345035
vt 0.021989 0.333616
vt 0.022806 0.346559
vt 0.021023 0.342527
vt 0.018860 0.346190
vt 0.018900 0.332391
vt 0.020082 0.348168
vt 0.020591 0.340216
vt 0.017451 0.343181
vt 0.017043 0.340490
vt 0.013739 0.344491
vt 0.012810 0.340736
vt 0.008429 0.341142
vt 0.009313 0.345444
vt 0.015234 0.347839
vt 0.011210 0.349566
vt 0.011013 0.329179
vt 0.012865 0.352438
vt 0.023101 0.455555
vt 0.024447 0.459615
vt 0.028625 0.462909
vt 0.015844 0.472254
vt 0.018843 0.456920
vt 0.025769 0.463543
vt 0.020681 0.460731
vt 0.026892 0.466902
vt 0.022767 0.464534
vt 0.027853 0.469840
vt 0.029521 0.469283
vt 0.021297 0.475042
vt 0.024423 0.467706
vt 0.025880 0.470515
vt 0.028606 0.473109
vt 0.027254 0.473418
vt 0.028562 0.476417
vt 0.028371 0.476494
vt 0.026546 0.473801
vt 0.025552 0.474603
vt 0.024700 0.471011
vt 0.023137 0.472267
vt 0.029287 0.476352
vt 0.028009 0.477093
vt 0.024813 0.475615
vt 0.029779 0.472938
vt 0.024578 0.476362
vt 0.021933 0.473825
vt 0.019415 0.472059
vt 0.029216 0.466179
vt 0.018654 0.473721
vt 0.021140 0.470079
vt 0.016877 0.470176
vt 0.022876 0.468487
vt 0.018702 0.467398
vt 0.020771 0.465622
vt 0.015671 0.464909
vt 0.018344 0.462127
vt 0.015631 0.458646
vt 0.012490 0.461700
vt 0.013587 0.467941
vt 0.009999 0.465449
vt 0.027972 0.458799
vt 0.012239 0.470399
vt 0.027187 0.454512
vt 0.008429 0.468363
vt 0.021877 0.480989
vt 0.025852 0.479579
vt 0.008429 0.495075
vt 0.027022 0.483776
vt 0.012409 0.496757
vt 0.023586 0.484909
vt 0.028047 0.487810
vt 0.016166 0.498277
vt 0.017761 0.482734
vt 0.025260 0.488702
vt 0.019937 0.486363
vt 0.026684 0.491945
vt 0.028932 0.491014
vt 0.019098 0.499483
vt 0.022360 0.489960
vt 0.027907 0.494783
vt 0.024297 0.492969
vt 0.026004 0.495636
vt 0.028953 0.497971
vt 0.030106 0.497694
vt 0.025236 0.501577
vt 0.029925 0.501139
vt 0.028719 0.501993
vt 0.027635 0.498402
vt 0.029209 0.501270
vt 0.029026 0.501364
vt 0.026964 0.498847
vt 0.026048 0.499736
vt 0.028707 0.501777
vt 0.024874 0.496236
vt 0.023431 0.497628
vt 0.025403 0.500811
vt 0.022372 0.499290
vt 0.029518 0.494078
vt 0.021849 0.500558
vt 0.019705 0.497759
vt 0.021243 0.495630
vt 0.017007 0.496113
vt 0.022828 0.493888
vt 0.018572 0.493182
vt 0.020471 0.491225
vt 0.015327 0.490978
vt 0.017737 0.487965
vt 0.014718 0.484745
vt 0.011869 0.488071
vt 0.013528 0.494187
vt 0.009728 0.492031
vt 0.011373 0.398025
vt 0.013446 0.394352
vt 0.010418 0.417464
vt 0.017083 0.396751
vt 0.014537 0.416139
vt 0.015227 0.399862
vt 0.020497 0.399125
vt 0.018384 0.414827
vt 0.009427 0.402036
vt 0.018976 0.401619
vt 0.013441 0.403365
vt 0.022176 0.403137
vt 0.017625 0.404475
vt 0.024957 0.404472
vt 0.025706 0.402878
vt 0.024197 0.412813
vt 0.021051 0.405480
vt 0.024082 0.406373
vt 0.027846 0.406169
vt 0.028531 0.405203
vt 0.027413 0.411325
vt 0.027136 0.407353
vt 0.030206 0.408484
vt 0.030574 0.408817
vt 0.030129 0.408674
vt 0.026920 0.408119
vt 0.026817 0.409393
vt 0.023620 0.407580
vt 0.023460 0.409578
vt 0.030746 0.408608
vt 0.030661 0.407916
vt 0.030313 0.409350
vt 0.027036 0.410636
vt 0.023755 0.411516
vt 0.020729 0.412115
vt 0.023260 0.400959
vt 0.021402 0.413815
vt 0.020493 0.409500
vt 0.017604 0.412641
vt 0.020544 0.407142
vt 0.016870 0.409398
vt 0.017023 0.406672
vt 0.012961 0.409878
vt 0.012831 0.406026
vt 0.008460 0.405511
vt 0.008429 0.409887
vt 0.013702 0.413465
vt 0.009408 0.414307
vt 0.953582 0.009790
vt 0.386574 0.915520
vt 0.990590 0.016057
vt 0.542794 0.022416
vt 0.953626 0.012594
vt 0.953894 0.015278
vt 0.991928 0.018879
vt 0.541759 0.025855
vt 0.916361 0.010928
vt 0.954265 0.015727
vt 0.991128 0.034508
vt 0.542508 0.041699
vt 0.916439 0.013677
vt 0.878943 0.009771
vt 0.841481 0.005921
vt 0.386577 0.986415
vt 0.953575 0.031385
vt 0.542762 0.042278
vt 0.991158 0.034962
vt 0.841454 0.008758
vt 0.803910 0.005376
vt 0.364101 0.999387
vt 0.878967 0.012454
vt 0.916606 0.014183
vt 0.803914 0.008204
vt 0.841471 0.011430
vt 0.879081 0.012857
vt 0.766363 0.008231
vt 0.728841 0.008561
vt 0.315681 0.986412
vt 0.803936 0.010868
vt 0.728983 0.011438
vt 0.766422 0.010892
vt 0.841559 0.011831
vt 0.691545 0.012988
vt 0.654047 0.012229
vt 0.302707 0.937992
vt 0.729064 0.014118
vt 0.654185 0.015048
vt 0.691616 0.015618
vt 0.616953 0.017895
vt 0.654242 0.017706
vt 0.579855 0.020859
vt 0.989890 0.013090
vt 0.543575 0.019500
vt 0.364102 0.902546
vt 0.616940 0.020571
vt 0.579622 0.023546
vt 0.991369 0.018664
vt 0.542042 0.025259
vt 0.654122 0.018102
vt 0.579351 0.023935
vt 0.616730 0.020977
vt 0.580269 0.039586
vt 0.617740 0.036596
vt 0.580403 0.040018
vt 0.543710 0.044472
vt 0.990416 0.036881
vt 0.617706 0.036966
vt 0.580901 0.042126
vt 0.655010 0.033709
vt 0.654934 0.034053
vt 0.617878 0.039026
vt 0.581523 0.047200
vt 0.545793 0.049319
vt 0.988600 0.041316
vt 0.618181 0.044001
vt 0.581131 0.048246
vt 0.542445 0.069595
vt 0.992841 0.061113
vt 0.617876 0.044804
vt 0.581121 0.066974
vt 0.543254 0.089187
vt 0.992264 0.080423
vt 0.654989 0.041760
vt 0.582105 0.084267
vt 0.548322 0.109151
vt 0.987916 0.100092
vt 0.618730 0.063208
vt 0.584954 0.102743
vt 0.619854 0.080424
vt 0.655958 0.060103
vt 0.655168 0.041047
vt 0.692206 0.039515
vt 0.654980 0.036100
vt 0.692318 0.038890
vt 0.692206 0.031974
vt 0.692204 0.034015
vt 0.692259 0.031588
vt 0.729504 0.030493
vt 0.691569 0.015966
vt 0.729656 0.030106
vt 0.728928 0.014481
vt 0.766707 0.027314
vt 0.766331 0.011367
vt 0.766827 0.026998
vt 0.804002 0.011266
vt 0.804002 0.026953
vt 0.841350 0.027499
vt 0.804057 0.027390
vt 0.841429 0.027901
vt 0.878715 0.028518
vt 0.878788 0.028911
vt 0.916125 0.029890
vt 0.916142 0.030316
vt 0.953579 0.031791
vt 0.878807 0.031000
vt 0.953239 0.033988
vt 0.916075 0.032419
vt 0.952863 0.039256
vt 0.545226 0.049990
vt 0.989517 0.041630
vt 0.916016 0.037430
vt 0.953496 0.040378
vt 0.954029 0.059037
vt 0.916414 0.038267
vt 0.878794 0.035987
vt 0.841463 0.030001
vt 0.804067 0.029529
vt 0.841448 0.034997
vt 0.766695 0.029504
vt 0.804059 0.034564
vt 0.878996 0.036755
vt 0.729475 0.032457
vt 0.766761 0.034754
vt 0.729559 0.037211
vt 0.804060 0.035360
vt 0.729370 0.037864
vt 0.766613 0.035647
vt 0.693058 0.057812
vt 0.730128 0.056314
vt 0.767123 0.054242
vt 0.657025 0.077427
vt 0.693968 0.075190
vt 0.621753 0.098924
vt 0.658430 0.096096
vt 0.730849 0.073719
vt 0.695038 0.093946
vt 0.659718 0.111403
vt 0.695906 0.109296
vt 0.731632 0.092421
vt 0.623709 0.114127
vt 0.590459 0.131638
vt 0.942909 0.241260
vt 0.588088 0.117962
vt 0.553589 0.124500
vt 0.983443 0.115568
vt 0.732166 0.107804
vt 0.732692 0.121621
vt 0.802319 0.239609
vt 0.768381 0.106439
vt 0.804568 0.105977
vt 0.804649 0.119798
vt 0.731569 0.239836
vt 0.768119 0.090895
vt 0.840805 0.106186
vt 0.840606 0.119981
vt 0.696216 0.240156
vt 0.804552 0.090504
vt 0.767620 0.071911
vt 0.804412 0.071639
vt 0.804203 0.054009
vt 0.841425 0.071999
vt 0.841530 0.035760
vt 0.841511 0.054476
vt 0.878698 0.055471
vt 0.841104 0.090771
vt 0.878292 0.072895
vt 0.916029 0.057061
vt 0.915414 0.074435
vt 0.877645 0.091505
vt 0.876981 0.106869
vt 0.914345 0.092956
vt 0.913049 0.108207
vt 0.912078 0.121940
vt 0.625848 0.241033
vt 0.948744 0.110474
vt 0.951154 0.095097
vt 0.953396 0.076369
vt 0.940555 0.146880
vt 0.439383 1.000464
vt 0.941032 0.148687
vt 0.975758 0.143760
vt 0.556403 0.147815
vt 0.906440 0.147934
vt 0.417194 0.987654
vt 0.941916 0.150494
vt 0.906674 0.149738
vt 0.871813 0.147705
vt 0.404383 0.965466
vt 0.943660 0.158954
vt 0.979182 0.154453
vt 0.553563 0.158309
vt 0.907283 0.151555
vt 0.871942 0.149495
vt 0.944482 0.160981
vt 0.553093 0.160454
vt 0.979648 0.156860
vt 0.836942 0.149039
vt 0.801734 0.147041
vt 0.417194 0.917656
vt 0.872338 0.151289
vt 0.908221 0.160009
vt 0.801770 0.148823
vt 0.837180 0.150807
vt 0.872877 0.159726
vt 0.766515 0.148803
vt 0.731276 0.147224
vt 0.465003 0.904845
vt 0.801886 0.150598
vt 0.731255 0.149006
vt 0.696121 0.147598
vt 0.487191 0.917655
vt 0.766527 0.150577
vt 0.837498 0.159214
vt 0.696063 0.149384
vt 0.661128 0.147985
vt 0.500002 0.939844
vt 0.731164 0.150782
vt 0.661018 0.149766
vt 0.695861 0.151168
vt 0.626215 0.150256
vt 0.660668 0.151535
vt 0.591762 0.149051
vt 0.973368 0.140513
vt 0.558771 0.144316
vt 0.465004 1.000464
vt 0.974377 0.142149
vt 0.557859 0.146052
vt 0.625681 0.152102
vt 0.590915 0.150808
vt 0.660221 0.159985
vt 0.589561 0.159266
vt 0.978804 0.152041
vt 0.553978 0.156211
vt 0.624886 0.160624
vt 0.588728 0.161322
vt 0.624098 0.162653
vt 0.587788 0.163387
vt 0.623178 0.164685
vt 0.659606 0.162008
vt 0.658898 0.164013
vt 0.586161 0.167240
vt 0.551500 0.163918
vt 0.981368 0.160733
vt 0.621989 0.168228
vt 0.583688 0.175403
vt 0.546364 0.171665
vt 0.986807 0.168880
vt 0.543375 0.177109
vt 0.989863 0.174623
vt 0.620632 0.175854
vt 0.581867 0.179577
vt 0.658103 0.167535
vt 0.657328 0.175132
vt 0.619550 0.179690
vt 0.581044 0.180443
vt 0.542326 0.179957
vt 0.990842 0.177718
vt 0.618951 0.180324
vt 0.581437 0.217152
vt 0.991073 0.216633
vt 0.542810 0.218768
vt 0.619346 0.216927
vt 0.582269 0.217899
vt 0.543887 0.221661
vt 0.989922 0.219400
vt 0.619913 0.217657
vt 0.584135 0.221929
vt 0.586685 0.229232
vt 0.552345 0.234566
vt 0.981696 0.232179
vt 0.621027 0.221550
vt 0.588297 0.232112
vt 0.622437 0.228594
vt 0.623571 0.231332
vt 0.589126 0.233593
vt 0.624355 0.232730
vt 0.589627 0.235042
vt 0.590303 0.239136
vt 0.555548 0.244458
vt 0.978543 0.242189
vt 0.556301 0.245818
vt 0.977785 0.243584
vt 0.946918 0.124225
vt 0.590994 0.241997
vt 0.590728 0.240568
vt 0.625406 0.238211
vt 0.625714 0.239620
vt 0.876497 0.120645
vt 0.660962 0.240545
vt 0.624910 0.234130
vt 0.660658 0.237736
vt 0.660875 0.239138
vt 0.659836 0.232262
vt 0.660287 0.233659
vt 0.696017 0.237346
vt 0.696160 0.238748
vt 0.695770 0.233275
vt 0.731536 0.238423
vt 0.768719 0.120284
vt 0.766942 0.239650
vt 0.731460 0.237019
vt 0.766936 0.238237
vt 0.766929 0.236834
vt 0.802340 0.238196
vt 0.696634 0.123075
vt 0.837655 0.239643
vt 0.802401 0.236793
vt 0.731322 0.232951
vt 0.766912 0.232768
vt 0.837705 0.238223
vt 0.660753 0.125170
vt 0.872909 0.240090
vt 0.837834 0.236803
vt 0.872989 0.238680
vt 0.625220 0.127843
vt 0.908031 0.240396
vt 0.873190 0.237280
vt 0.802504 0.232727
vt 0.838062 0.232726
vt 0.908153 0.238976
vt 0.908444 0.237555
vt 0.943150 0.239832
vt 0.556720 0.138024
vt 0.980851 0.129187
vt 0.556931 0.247167
vt 0.977193 0.244959
vt 0.943565 0.238400
vt 0.944178 0.234295
vt 0.554746 0.240362
vt 0.979251 0.238042
vt 0.554600 0.238848
vt 0.979419 0.236487
vt 0.908903 0.233464
vt 0.873537 0.233204
vt 0.944683 0.232843
vt 0.909446 0.232052
vt 0.873969 0.231807
vt 0.945517 0.231366
vt 0.554089 0.237361
vt 0.979962 0.234932
vt 0.910220 0.230636
vt 0.947121 0.228414
vt 0.911340 0.227873
vt 0.874540 0.230427
vt 0.875260 0.227714
vt 0.949575 0.221006
vt 0.547094 0.227183
vt 0.986775 0.224839
vt 0.912697 0.220794
vt 0.951440 0.216877
vt 0.876067 0.220677
vt 0.913784 0.216868
vt 0.952349 0.216021
vt 0.914361 0.216128
vt 0.952222 0.179345
vt 0.914383 0.179530
vt 0.951485 0.178612
vt 0.913795 0.178883
vt 0.949687 0.174609
vt 0.947088 0.166714
vt 0.912681 0.175035
vt 0.945412 0.163038
vt 0.911256 0.167413
vt 0.910026 0.163903
vt 0.909072 0.161956
vt 0.873546 0.161685
vt 0.874298 0.163637
vt 0.837939 0.161153
vt 0.875138 0.167115
vt 0.838437 0.163076
vt 0.802050 0.159024
vt 0.802272 0.160990
vt 0.766559 0.159002
vt 0.802523 0.162946
vt 0.731064 0.159210
vt 0.766577 0.160969
vt 0.695604 0.159605
vt 0.730880 0.161176
vt 0.695212 0.161577
vt 0.766596 0.162926
vt 0.730668 0.163132
vt 0.694758 0.163536
vt 0.766617 0.166414
vt 0.694278 0.167025
vt 0.730451 0.166618
vt 0.693850 0.174619
vt 0.730274 0.174213
vt 0.656676 0.179030
vt 0.693484 0.178532
vt 0.766650 0.174013
vt 0.730119 0.178141
vt 0.693252 0.179295
vt 0.656265 0.179752
vt 0.730019 0.178935
vt 0.656665 0.216382
vt 0.693557 0.215985
vt 0.656983 0.217147
vt 0.693738 0.216786
vt 0.657644 0.221102
vt 0.730231 0.215643
vt 0.730317 0.216449
vt 0.694115 0.220760
vt 0.658496 0.228154
vt 0.694619 0.227815
vt 0.659245 0.230871
vt 0.695081 0.230519
vt 0.695464 0.231892
vt 0.731165 0.231574
vt 0.730976 0.230209
vt 0.766903 0.231393
vt 0.730746 0.227505
vt 0.766894 0.230031
vt 0.802642 0.231354
vt 0.730498 0.220437
vt 0.838347 0.231344
vt 0.802814 0.229994
vt 0.838709 0.229960
vt 0.766871 0.227330
vt 0.803002 0.227301
vt 0.839132 0.227234
vt 0.766843 0.220264
vt 0.803190 0.220260
vt 0.839585 0.220130
vt 0.766826 0.216275
vt 0.876689 0.216725
vt 0.766807 0.215472
vt 0.803332 0.216294
vt 0.766691 0.178758
vt 0.803422 0.215489
vt 0.839922 0.216131
vt 0.840056 0.215332
vt 0.803330 0.178782
vt 0.766671 0.177950
vt 0.876944 0.215944
vt 0.803030 0.174050
vt 0.877147 0.179283
vt 0.840150 0.178666
vt 0.876675 0.178561
vt 0.839869 0.177942
vt 0.803229 0.177993
vt 0.875977 0.174693
vt 0.839454 0.174073
vt 0.838960 0.166530
vt 0.802781 0.166438
vt 0.089842 0.402514
vt 0.032556 0.697994
vt 0.064071 0.395866
vt 0.005871 0.697649
vt 0.287193 0.016688
vt 0.063688 0.417486
vt 0.305445 0.013512
vt 0.088343 0.418845
vt 0.070270 0.438365
vt 0.323324 0.004937
vt 0.101586 0.397705
vt 0.044802 0.699360
vt 0.085288 0.442181
vt 0.060427 0.462056
vt 0.348814 0.005540
vt 0.105206 0.421405
vt 0.122454 0.391164
vt 0.062331 0.709160
vt 0.089813 0.468694
vt 0.049400 0.493638
vt 0.382441 0.003653
vt 0.128580 0.424891
vt 0.143227 0.389322
vt 0.079069 0.718678
vt 0.107538 0.449616
vt 0.156015 0.423891
vt 0.165302 0.394696
vt 0.095829 0.728864
vt 0.129137 0.453531
vt 0.184794 0.425066
vt 0.187348 0.403052
vt 0.105314 0.737688
vt 0.160276 0.453741
vt 0.220422 0.423933
vt 0.193214 0.452614
vt 0.149153 0.484048
vt 0.179473 0.487388
vt 0.124543 0.478286
vt 0.165157 0.517041
vt 0.102941 0.475101
vt 0.141966 0.514931
vt 0.108850 0.509972
vt 0.093157 0.506176
vt 0.081692 0.503745
vt 0.065119 0.536135
vt 0.031526 0.529126
vt 0.420047 0.004349
vt 0.099796 0.544797
vt 0.046387 0.574268
vt 0.079269 0.546357
vt 0.038501 0.613309
vt 0.007458 0.659391
vt 0.256594 0.020487
vt 0.535089 0.017560
vt 0.072507 0.584695
vt 0.089716 0.587615
vt 0.062323 0.617370
vt 0.038354 0.661110
vt 0.058751 0.659994
vt 0.081682 0.628471
vt 0.073952 0.673489
vt 0.121377 0.592425
vt 0.096869 0.684321
vt 0.113246 0.637609
vt 0.122116 0.695354
vt 0.140488 0.649857
vt 0.153125 0.705686
vt 0.150943 0.605163
vt 0.169818 0.660539
vt 0.160388 0.722219
vt 0.100015 0.741309
vt 0.199399 0.408441
vt 0.193082 0.703214
vt 0.147871 0.768687
vt 0.094046 0.766878
vt 0.176811 0.363189
vt 0.209987 0.729967
vt 0.147070 0.824195
vt 0.190095 0.783304
vt 0.165409 0.832942
vt 0.180589 0.887035
vt 0.124981 0.893617
vt 0.061663 0.264657
vt 0.200370 0.856836
vt 0.171322 0.911135
vt 0.113997 0.918877
vt 0.045316 0.240811
vt 0.777705 0.581541
vt 0.219102 0.908384
vt 0.208645 0.931290
vt 0.195594 0.971180
vt 0.656111 0.587757
vt 0.238973 0.952093
vt 0.228180 0.988199
vt 0.610156 0.580144
vt 0.248426 0.929773
vt 0.262763 0.910758
vt 0.285419 0.928960
vt 0.311426 0.898919
vt 0.237736 0.886828
vt 0.290831 0.880895
vt 0.338474 0.868773
vt 0.262659 0.848205
vt 0.320089 0.844185
vt 0.386722 0.813099
vt 0.229871 0.812164
vt 0.290387 0.803027
vt 0.369850 0.787820
vt 0.428586 0.760204
vt 0.247603 0.760503
vt 0.327383 0.734892
vt 0.406676 0.743099
vt 0.455203 0.721268
vt 0.283095 0.706737
vt 0.434257 0.704674
vt 0.477465 0.681164
vt 0.369799 0.701256
vt 0.461148 0.665020
vt 0.717120 0.999149
vt 0.504992 0.631864
vt 0.762061 0.994810
vt 0.487641 0.619779
vt 0.402503 0.672430
vt 0.436511 0.642322
vt 0.417041 0.620669
vt 0.841593 0.951204
vt 0.453902 0.591714
vt 0.378604 0.640440
vt 0.337193 0.659468
vt 0.401122 0.586632
vt 0.872143 0.897121
vt 0.438377 0.562870
vt 0.373200 0.595736
vt 0.346604 0.607341
vt 0.306962 0.652814
vt 0.256961 0.685075
vt 0.272426 0.642718
vt 0.236860 0.666823
vt 0.196018 0.666986
vt 0.235828 0.633907
vt 0.321537 0.607963
vt 0.173484 0.616537
vt 0.197858 0.623283
vt 0.184643 0.573881
vt 0.282999 0.602669
vt 0.245481 0.594174
vt 0.206482 0.579766
vt 0.156460 0.557137
vt 0.195556 0.521831
vt 0.226550 0.528337
vt 0.270582 0.543955
vt 0.299938 0.550614
vt 0.280855 0.492025
vt 0.332655 0.553939
vt 0.316778 0.499815
vt 0.346396 0.556711
vt 0.350505 0.509198
vt 0.372733 0.548845
vt 0.397068 0.542974
vt 0.886606 0.844542
vt 0.430821 0.536288
vt 0.374488 0.507174
vt 0.397811 0.505797
vt 0.900388 0.788776
vt 0.425443 0.507369
vt 0.402622 0.481649
vt 0.383103 0.476475
vt 0.412547 0.460671
vt 0.396404 0.450726
vt 0.363636 0.472769
vt 0.383213 0.443037
vt 0.422599 0.445659
vt 0.408787 0.434904
vt 0.431508 0.428277
vt 0.508070 0.623980
vt 0.934875 0.627570
vt 0.450992 0.420226
vt 0.420827 0.417664
vt 0.429653 0.404243
vt 0.397617 0.423355
vt 0.411438 0.406903
vt 0.373229 0.436957
vt 0.390120 0.415924
vt 0.406493 0.400590
vt 0.390610 0.375238
vt 0.399344 0.361634
vt 0.368011 0.395082
vt 0.375135 0.352255
vt 0.387523 0.343444
vt 0.372937 0.326035
vt 0.341846 0.416753
vt 0.344126 0.370848
vt 0.360698 0.335596
vt 0.356263 0.327544
vt 0.368065 0.320454
vt 0.327032 0.354047
vt 0.317292 0.395313
vt 0.353777 0.322705
vt 0.339495 0.277648
vt 0.319711 0.344095
vt 0.324528 0.287415
vt 0.293177 0.215011
vt 0.314825 0.337219
vt 0.274496 0.226502
vt 0.255605 0.174988
vt 0.294655 0.303022
vt 0.238448 0.193084
vt 0.248898 0.250116
vt 0.274466 0.354905
vt 0.254299 0.321079
vt 0.214657 0.215588
vt 0.287087 0.364098
vt 0.182158 0.148983
vt 0.299063 0.375575
vt 0.143848 0.113997
vt 0.279125 0.401210
vt 0.265176 0.388990
vt 0.250353 0.377073
vt 0.250306 0.425163
vt 0.299606 0.417295
vt 0.320297 0.432206
vt 0.293402 0.429709
vt 0.266426 0.430918
vt 0.305202 0.444652
vt 0.351366 0.461626
vt 0.338438 0.481207
vt 0.289448 0.461420
vt 0.260337 0.448071
vt 0.247000 0.478017
vt 0.240104 0.435409
vt 0.223990 0.451812
vt 0.211128 0.480736
vt 0.230017 0.417414
vt 0.217233 0.391782
vt 0.215445 0.338333
vt 0.167660 0.294590
vt 0.109204 0.825727
vt 0.124722 0.314635
vt 0.207773 0.273708
vt 0.131376 0.269188
vt 0.129697 0.860209
vt 0.089049 0.289252
vt 0.175440 0.244367
vt 0.100271 0.238275
vt 0.156746 0.180708
vt 0.132931 0.207935
vt 0.096806 0.167463
vt 0.880019 0.557771
vt 0.127711 0.147577
vt 0.097568 0.120678
vt 0.927672 0.542832
vt 0.116514 0.083793
vt 0.128869 0.069592
vt 0.096630 0.065585
vt 0.103913 0.049977
vt 0.069547 0.047938
vt 0.073520 0.039005
vt 0.736127 0.244905
vt 0.997193 0.396301
vt 0.924791 0.754574
vt 0.730699 0.251598
vt 0.990967 0.401550
vt 0.755556 0.271815
vt 0.727138 0.258939
vt 0.986040 0.405456
vt 0.750000 0.278823
vt 0.764755 0.279256
vt 0.760137 0.286219
vt 0.748521 0.288623
vt 0.726523 0.274211
vt 0.984857 0.411574
vt 0.775363 0.287968
vt 0.745974 0.292855
vt 0.797614 0.299777
vt 0.740350 0.302513
vt 0.713265 0.295923
vt 0.981573 0.425497
vt 0.759394 0.309020
vt 0.765782 0.303055
vt 0.769830 0.296699
vt 0.793702 0.308621
vt 0.790062 0.317648
vt 0.812373 0.305225
vt 0.788430 0.327120
vt 0.825625 0.308720
vt 0.827676 0.301823
vt 0.986631 0.789467
vt 0.810628 0.315299
vt 0.802708 0.323060
vt 0.823746 0.318655
vt 0.819159 0.329775
vt 0.854998 0.319973
vt 0.855044 0.312152
vt 0.992128 0.758342
vt 0.854702 0.329036
vt 0.878690 0.317795
vt 0.880063 0.309268
vt 0.992439 0.729824
vt 0.856468 0.340838
vt 0.887728 0.313737
vt 0.880920 0.328329
vt 0.888586 0.325847
vt 0.897543 0.309014
vt 0.881679 0.341111
vt 0.910101 0.305737
vt 0.900842 0.320143
vt 0.892732 0.337837
vt 0.912136 0.315565
vt 0.856570 0.345110
vt 0.905298 0.328631
vt 0.817526 0.336325
vt 0.851432 0.360864
vt 0.813900 0.349260
vt 0.891265 0.358211
vt 0.896762 0.351509
vt 0.904522 0.345049
vt 0.921515 0.371297
vt 0.925457 0.364870
vt 0.884912 0.374343
vt 0.844605 0.378763
vt 0.915942 0.385578
vt 0.806609 0.366685
vt 0.910188 0.402980
vt 0.784218 0.342190
vt 0.879115 0.391267
vt 0.754069 0.322679
vt 0.776925 0.356512
vt 0.730179 0.315730
vt 0.743985 0.332219
vt 0.712983 0.332046
vt 0.698568 0.309925
vt 0.976863 0.442025
vt 0.759209 0.374411
vt 0.697055 0.336428
vt 0.726981 0.349571
vt 0.718132 0.359839
vt 0.683662 0.343691
vt 0.706680 0.370818
vt 0.665726 0.355633
vt 0.636095 0.350556
vt 0.630421 0.322396
vt 0.991854 0.504783
vt 0.056443 0.051239
vt 0.620895 0.340664
vt 0.645120 0.377640
vt 0.692093 0.387525
vt 0.751173 0.384317
vt 0.741878 0.399907
vt 0.675669 0.404001
vt 0.726314 0.415810
vt 0.625989 0.399934
vt 0.703634 0.440378
vt 0.616149 0.433994
vt 0.662890 0.425131
vt 0.769884 0.436942
vt 0.606309 0.468054
vt 0.780396 0.415977
vt 0.605133 0.495794
vt 0.586870 0.494049
vt 0.788699 0.400424
vt 0.603958 0.523534
vt 0.583454 0.525765
vt 0.640267 0.531412
vt 0.640720 0.498706
vt 0.684878 0.532103
vt 0.155810 0.942478
vt 0.718340 0.590253
vt 0.641173 0.465999
vt 0.739006 0.536354
vt 0.652031 0.445565
vt 0.690194 0.472193
vt 0.696914 0.456286
vt 0.687536 0.502148
vt 0.753265 0.493915
vt 0.757278 0.478621
vt 0.746136 0.515135
vt 0.787690 0.542320
vt 0.079717 0.219818
vt 0.824301 0.578097
vt 0.796444 0.509025
vt 0.761292 0.463327
vt 0.834775 0.550552
vt 0.816977 0.452412
vt 0.808741 0.479398
vt 0.842906 0.521803
vt 0.891254 0.527621
vt 0.853941 0.491812
vt 0.936379 0.527686
vt 0.089426 0.094577
vt 0.953811 0.530491
vt 0.950128 0.512457
vt 0.070893 0.062328
vt 0.618028 0.322162
vt 0.989662 0.517186
vt 0.897406 0.501845
vt 0.948702 0.482299
vt 0.656172 0.311743
vt 0.986257 0.478085
vt 0.675718 0.310507
vt 0.981774 0.460690
vt 0.897938 0.474048
vt 0.856513 0.459784
vt 0.942498 0.461489
vt 0.899353 0.454760
vt 0.825283 0.429011
vt 0.860247 0.439517
vt 0.866128 0.427760
vt 0.902684 0.439101
vt 0.943737 0.447110
vt 0.688631 0.310989
vt 0.978814 0.449750
vt 0.905041 0.425819
vt 0.942996 0.436867
vt 0.944472 0.414047
vt 0.721800 0.285811
vt 0.984417 0.418592
vt 0.948006 0.402433
vt 0.868129 0.414881
vt 0.954632 0.391583
vt 0.728225 0.267443
vt 0.985902 0.409619
vt 0.947007 0.375236
vt 0.958666 0.387043
vt 0.963055 0.382997
vt 0.949725 0.370482
vt 0.960823 0.375333
vt 0.969324 0.379888
vt 0.976659 0.376952
vt 0.923620 0.725480
vt 0.968402 0.370582
vt 0.960768 0.361350
vt 0.969525 0.358759
vt 0.978288 0.357359
vt 0.925487 0.703184
vt 0.965448 0.346444
vt 0.959452 0.335608
vt 0.958369 0.350000
vt 0.954355 0.326740
vt 0.952526 0.341663
vt 0.945566 0.334877
vt 0.945889 0.319197
vt 0.952130 0.309708
vt 0.959569 0.682891
vt 0.955693 0.360713
vt 0.937194 0.348002
vt 0.930691 0.357545
vt 0.917923 0.333820
vt 0.938362 0.328574
vt 0.920788 0.318623
vt 0.927387 0.321157
vt 0.933744 0.312700
vt 0.921563 0.310540
vt 0.921818 0.308443
vt 0.298251 0.124718
vt 0.299989 0.136620
vt 0.529131 0.436932
vt 0.297817 0.112207
vt 0.262135 0.086703
vt 0.512626 0.078900
vt 0.316482 0.124356
vt 0.292118 0.075991
vt 0.254486 0.050247
vt 0.528194 0.046192
vt 0.315978 0.110439
vt 0.286386 0.045487
vt 0.311361 0.070272
vt 0.308601 0.037338
vt 0.328696 0.036632
vt 0.332008 0.072266
vt 0.351758 0.035272
vt 0.336076 0.113055
vt 0.355387 0.074146
vt 0.383266 0.035426
vt 0.419732 0.034409
vt 0.017247 0.564825
vt 0.454991 0.009159
vt 0.383640 0.077177
vt 0.449885 0.038558
vt 0.359643 0.114632
vt 0.405189 0.078003
vt 0.383363 0.116685
vt 0.334922 0.127479
vt 0.359576 0.131390
vt 0.314511 0.139858
vt 0.359876 0.147345
vt 0.313324 0.150452
vt 0.291260 0.152333
vt 0.537073 0.457491
vt 0.333117 0.144020
vt 0.307999 0.160155
vt 0.326553 0.155479
vt 0.301362 0.178707
vt 0.291012 0.177970
vt 0.560089 0.460191
vt 0.321030 0.164435
vt 0.310589 0.181816
vt 0.298120 0.186070
vt 0.289810 0.185882
vt 0.564313 0.459488
vt 0.307541 0.189471
vt 0.296698 0.199780
vt 0.289728 0.203330
vt 0.581351 0.460996
vt 0.298173 0.211340
vt 0.301567 0.203282
vt 0.307974 0.205280
vt 0.309066 0.212497
vt 0.583568 0.477259
vt 0.321999 0.202222
vt 0.568418 0.482880
vt 0.315193 0.194165
vt 0.319105 0.186545
vt 0.333261 0.172658
vt 0.342909 0.173877
vt 0.560101 0.488331
vt 0.338623 0.163582
vt 0.347238 0.158534
vt 0.353152 0.171768
vt 0.362291 0.164378
vt 0.366318 0.178758
vt 0.374704 0.149643
vt 0.375395 0.168427
vt 0.363642 0.186771
vt 0.348645 0.189084
vt 0.560942 0.513153
vt 0.376885 0.182219
vt 0.359712 0.195425
vt 0.374724 0.190400
vt 0.383190 0.193141
vt 0.369313 0.201217
vt 0.347900 0.213269
vt 0.342021 0.220975
vt 0.332724 0.215406
vt 0.558919 0.545233
vt 0.355159 0.218616
vt 0.334874 0.232461
vt 0.326398 0.229681
vt 0.558939 0.562051
vt 0.348540 0.225485
vt 0.340937 0.235683
vt 0.331696 0.238926
vt 0.359757 0.223377
vt 0.329351 0.245192
vt 0.325342 0.246767
vt 0.557661 0.579900
vt 0.336983 0.241535
vt 0.332060 0.248584
vt 0.328523 0.253655
vt 0.550957 0.582283
vt 0.335761 0.255185
vt 0.544331 0.581633
vt 0.335927 0.250476
vt 0.342003 0.247286
vt 0.344999 0.255051
vt 0.542328 0.572631
vt 0.352733 0.249474
vt 0.541517 0.563139
vt 0.346854 0.241487
vt 0.355591 0.231103
vt 0.377948 0.207963
vt 0.378930 0.217818
vt 0.527995 0.523716
vt 0.385627 0.208421
vt 0.378252 0.232520
vt 0.525937 0.543510
vt 0.387611 0.194708
vt 0.387066 0.181981
vt 0.386787 0.168240
vt 0.398518 0.183157
vt 0.385152 0.150785
vt 0.397962 0.169773
vt 0.396584 0.151721
vt 0.383440 0.132885
vt 0.402232 0.116548
vt 0.403034 0.132511
vt 0.420824 0.116748
vt 0.422422 0.074277
vt 0.405568 0.150807
vt 0.450090 0.076157
vt 0.408600 0.168861
vt 0.413768 0.148944
vt 0.421793 0.130001
vt 0.418295 0.168305
vt 0.410112 0.181947
vt 0.423507 0.150945
vt 0.420968 0.180207
vt 0.426950 0.167743
vt 0.437327 0.147319
vt 0.439560 0.164763
vt 0.430143 0.179727
vt 0.446626 0.124546
vt 0.456507 0.159876
vt 0.446850 0.112568
vt 0.450248 0.140563
vt 0.468629 0.123361
vt 0.467195 0.135978
vt 0.453871 0.460599
vt 0.478680 0.138501
vt 0.471294 0.456757
vt 0.462852 0.157893
vt 0.443867 0.494743
vt 0.466459 0.169278
vt 0.446357 0.508415
vt 0.485432 0.122990
vt 0.275565 0.142229
vt 0.500062 0.137063
vt 0.498149 0.451878
vt 0.278159 0.128740
vt 0.501572 0.122888
vt 0.457715 0.170391
vt 0.468895 0.175454
vt 0.447934 0.514014
vt 0.441971 0.175637
vt 0.455511 0.178564
vt 0.465063 0.184647
vt 0.445525 0.184375
vt 0.478325 0.203188
vt 0.437776 0.188905
vt 0.454477 0.193445
vt 0.432742 0.189699
vt 0.484500 0.208866
vt 0.424738 0.190195
vt 0.490068 0.216117
vt 0.414923 0.192248
vt 0.493174 0.220419
vt 0.499366 0.226819
vt 0.448612 0.572182
vt 0.495001 0.226551
vt 0.486919 0.223321
vt 0.493136 0.231063
vt 0.488607 0.233225
vt 0.482039 0.237010
vt 0.465833 0.567658
vt 0.483298 0.229643
vt 0.479689 0.227185
vt 0.483961 0.220045
vt 0.472184 0.221008
vt 0.477748 0.213495
vt 0.467678 0.215539
vt 0.472193 0.208320
vt 0.447427 0.201932
vt 0.441188 0.205353
vt 0.446326 0.210602
vt 0.480584 0.521204
vt 0.447286 0.228142
vt 0.477747 0.545133
vt 0.428849 0.205040
vt 0.441560 0.226344
vt 0.442307 0.236076
vt 0.448924 0.235497
vt 0.479743 0.551200
vt 0.433133 0.226482
vt 0.442003 0.247737
vt 0.450772 0.249905
vt 0.482440 0.566871
vt 0.434942 0.237016
vt 0.427691 0.228359
vt 0.442622 0.252787
vt 0.436418 0.248671
vt 0.442504 0.261953
vt 0.439587 0.268117
vt 0.490709 0.583277
vt 0.437025 0.252833
vt 0.438939 0.263496
vt 0.434379 0.262348
vt 0.431004 0.255155
vt 0.422930 0.255889
vt 0.497748 0.566934
vt 0.429700 0.249800
vt 0.418707 0.241709
vt 0.498722 0.550553
vt 0.427209 0.238247
vt 0.415086 0.218109
vt 0.499112 0.522542
vt 0.418178 0.208131
vt 0.415054 0.217652
vt 0.505949 0.523045
vt 0.409721 0.208891
vt 0.408160 0.194115
vt 0.397623 0.193813
vt 0.397912 0.206628
vt 0.405138 0.233151
vt 0.389190 0.233302
vt 0.396858 0.231823
vt 0.405853 0.242851
vt 0.396956 0.241529
vt 0.388677 0.241241
vt 0.389250 0.254598
vt 0.396923 0.253693
vt 0.405361 0.254023
vt 0.397225 0.259571
vt 0.403743 0.261631
vt 0.403814 0.272452
vt 0.504246 0.584380
vt 0.401293 0.269463
vt 0.397868 0.275934
vt 0.509952 0.585772
vt 0.397386 0.270064
vt 0.390569 0.261975
vt 0.385409 0.265358
vt 0.519877 0.576630
vt 0.391144 0.272294
vt 0.516802 0.585114
vt 0.394103 0.270101
vt 0.006914 0.605487
vt 0.491240 0.014747
vt 0.488748 0.041424
vt 0.479539 0.078067
vt 0.487248 0.111859
vt 0.275676 0.118327
vt 0.503899 0.111430
vt 0.469901 0.112266
vt 0.953626 0.012594
vt 0.991369 0.018664
vt 0.542042 0.025259
vt 0.916361 0.010928
vt 0.953894 0.015278
vt 0.991928 0.018879
vt 0.541759 0.025855
vt 0.878943 0.009771
vt 0.841481 0.005921
vt 0.386577 0.986415
vt 0.916439 0.013677
vt 0.954265 0.015727
vt 0.841454 0.008758
vt 0.953575 0.031385
vt 0.542762 0.042278
vt 0.991158 0.034962
vt 0.916606 0.014183
vt 0.878967 0.012454
vt 0.916125 0.029890
vt 0.879081 0.012857
vt 0.841471 0.011430
vt 0.803914 0.008204
vt 0.841559 0.011831
vt 0.766363 0.008231
vt 0.803936 0.010868
vt 0.728983 0.011438
vt 0.691425 0.010161
vt 0.302707 0.963941
vt 0.766422 0.010892
vt 0.804002 0.011266
vt 0.691545 0.012988
vt 0.654047 0.012229
vt 0.302707 0.937992
vt 0.729064 0.014118
vt 0.766331 0.011367
vt 0.654185 0.015048
vt 0.691616 0.015618
vt 0.728928 0.014481
vt 0.616953 0.017895
vt 0.579892 0.018003
vt 0.338153 0.902546
vt 0.654242 0.017706
vt 0.691569 0.015966
vt 0.579855 0.020859
vt 0.990590 0.016057
vt 0.542794 0.022416
vt 0.616940 0.020571
vt 0.579622 0.023546
vt 0.654122 0.018102
vt 0.616730 0.020977
vt 0.579351 0.023935
vt 0.655010 0.033709
vt 0.580269 0.039586
vt 0.991128 0.034508
vt 0.542508 0.041699
vt 0.617740 0.036596
vt 0.580403 0.040018
vt 0.617706 0.036966
vt 0.580901 0.042126
vt 0.654934 0.034053
vt 0.617878 0.039026
vt 0.581523 0.047200
vt 0.618181 0.044001
vt 0.581131 0.048246
vt 0.545226 0.049990
vt 0.989517 0.041630
vt 0.542445 0.069595
vt 0.992841 0.061113
vt 0.617876 0.044804
vt 0.581121 0.066974
vt 0.543254 0.089187
vt 0.992264 0.080423
vt 0.654989 0.041760
vt 0.582105 0.084267
vt 0.618730 0.063208
vt 0.584954 0.102743
vt 0.619854 0.080424
vt 0.655958 0.060103
vt 0.655168 0.041047
vt 0.692206 0.039515
vt 0.654980 0.036100
vt 0.692318 0.038890
vt 0.692206 0.031974
vt 0.692204 0.034015
vt 0.692259 0.031588
vt 0.729504 0.030493
vt 0.729656 0.030106
vt 0.729475 0.032457
vt 0.766827 0.026998
vt 0.766707 0.027314
vt 0.804002 0.026953
vt 0.804057 0.027390
vt 0.841350 0.027499
vt 0.841429 0.027901
vt 0.766695 0.029504
vt 0.804067 0.029529
vt 0.878715 0.028518
vt 0.878788 0.028911
vt 0.916142 0.030316
vt 0.841463 0.030001
vt 0.878807 0.031000
vt 0.953579 0.031791
vt 0.916075 0.032419
vt 0.953239 0.033988
vt 0.543710 0.044472
vt 0.990416 0.036881
vt 0.545793 0.049319
vt 0.988600 0.041316
vt 0.952863 0.039256
vt 0.916016 0.037430
vt 0.953496 0.040378
vt 0.954029 0.059037
vt 0.916414 0.038267
vt 0.878794 0.035987
vt 0.953396 0.076369
vt 0.841448 0.034997
vt 0.951154 0.095097
vt 0.987916 0.100092
vt 0.548322 0.109151
vt 0.983443 0.115568
vt 0.553589 0.124500
vt 0.948744 0.110474
vt 0.912078 0.121940
vt 0.625848 0.241033
vt 0.914345 0.092956
vt 0.913049 0.108207
vt 0.876981 0.106869
vt 0.915414 0.074435
vt 0.877645 0.091505
vt 0.840805 0.106186
vt 0.841104 0.090771
vt 0.878292 0.072895
vt 0.916029 0.057061
vt 0.878698 0.055471
vt 0.841425 0.071999
vt 0.804552 0.090504
vt 0.804568 0.105977
vt 0.804412 0.071639
vt 0.768381 0.106439
vt 0.732692 0.121621
vt 0.802319 0.239609
vt 0.768119 0.090895
vt 0.732166 0.107804
vt 0.696634 0.123075
vt 0.837655 0.239643
vt 0.731632 0.092421
vt 0.695906 0.109296
vt 0.695038 0.093946
vt 0.767620 0.071911
vt 0.730849 0.073719
vt 0.659718 0.111403
vt 0.658430 0.096096
vt 0.623709 0.114127
vt 0.621753 0.098924
vt 0.693968 0.075190
vt 0.657025 0.077427
vt 0.588088 0.117962
vt 0.980851 0.129187
vt 0.556720 0.138024
vt 0.556931 0.247167
vt 0.977193 0.244959
vt 0.693058 0.057812
vt 0.730128 0.056314
vt 0.729370 0.037864
vt 0.767123 0.054242
vt 0.766613 0.035647
vt 0.729559 0.037211
vt 0.766761 0.034754
vt 0.804060 0.035360
vt 0.804059 0.034564
vt 0.804203 0.054009
vt 0.841530 0.035760
vt 0.841511 0.054476
vt 0.878996 0.036755
vt 0.973368 0.140513
vt 0.558771 0.144316
vt 0.465004 1.000464
vt 0.940555 0.146880
vt 0.439383 1.000464
vt 0.941032 0.148687
vt 0.906440 0.147934
vt 0.417194 0.987654
vt 0.906674 0.149738
vt 0.871813 0.147705
vt 0.404383 0.965466
vt 0.941916 0.150494
vt 0.871942 0.149495
vt 0.836870 0.147259
vt 0.404382 0.939844
vt 0.907283 0.151555
vt 0.943660 0.158954
vt 0.979182 0.154453
vt 0.553563 0.158309
vt 0.836942 0.149039
vt 0.801734 0.147041
vt 0.417194 0.917656
vt 0.944482 0.160981
vt 0.979648 0.156860
vt 0.553093 0.160454
vt 0.908221 0.160009
vt 0.872338 0.151289
vt 0.945412 0.163038
vt 0.981368 0.160733
vt 0.551500 0.163918
vt 0.909072 0.161956
vt 0.872877 0.159726
vt 0.947088 0.166714
vt 0.546364 0.171665
vt 0.986807 0.168880
vt 0.910026 0.163903
vt 0.873546 0.161685
vt 0.837180 0.150807
vt 0.837498 0.159214
vt 0.801770 0.148823
vt 0.801886 0.150598
vt 0.766515 0.148803
vt 0.802050 0.159024
vt 0.731255 0.149006
vt 0.696121 0.147598
vt 0.487191 0.917655
vt 0.766527 0.150577
vt 0.696063 0.149384
vt 0.661128 0.147985
vt 0.500002 0.939844
vt 0.731164 0.150782
vt 0.766559 0.159002
vt 0.661018 0.149766
vt 0.626424 0.148440
vt 0.500002 0.965464
vt 0.695861 0.151168
vt 0.731064 0.159210
vt 0.626215 0.150256
vt 0.660668 0.151535
vt 0.695604 0.159605
vt 0.591762 0.149051
vt 0.974377 0.142149
vt 0.557859 0.146052
vt 0.625681 0.152102
vt 0.590915 0.150808
vt 0.975758 0.143760
vt 0.556403 0.147815
vt 0.660221 0.159985
vt 0.624886 0.160624
vt 0.589561 0.159266
vt 0.978804 0.152041
vt 0.553978 0.156211
vt 0.659606 0.162008
vt 0.588728 0.161322
vt 0.624098 0.162653
vt 0.587788 0.163387
vt 0.623178 0.164685
vt 0.586161 0.167240
vt 0.621989 0.168228
vt 0.658898 0.164013
vt 0.658103 0.167535
vt 0.620632 0.175854
vt 0.583688 0.175403
vt 0.543375 0.177109
vt 0.989863 0.174623
vt 0.657328 0.175132
vt 0.581867 0.179577
vt 0.619550 0.179690
vt 0.581044 0.180443
vt 0.235114 0.096859
vt 0.618951 0.180324
vt 0.257177 0.126066
vt 0.121906 0.013836
vt 0.581437 0.218151
vt 0.581230 0.197952
vt 0.619346 0.216927
vt 0.619261 0.197910
vt 0.620324 0.217926
vt 0.582269 0.218899
vt 0.543887 0.222661
vt 0.989922 0.219400
vt 0.620203 0.218657
vt 0.584135 0.221929
vt 0.586685 0.229232
vt 0.621027 0.221550
vt 0.588297 0.232112
vt 0.554089 0.237361
vt 0.979962 0.234932
vt 0.622437 0.228594
vt 0.623571 0.231332
vt 0.589126 0.233593
vt 0.554600 0.238848
vt 0.979419 0.236487
vt 0.624355 0.232730
vt 0.589627 0.235042
vt 0.590303 0.239136
vt 0.555548 0.244458
vt 0.978543 0.242189
vt 0.556301 0.245818
vt 0.977785 0.243584
vt 0.946918 0.124225
vt 0.590994 0.241997
vt 0.590728 0.240568
vt 0.625406 0.238211
vt 0.625714 0.239620
vt 0.876497 0.120645
vt 0.660962 0.240545
vt 0.624910 0.234130
vt 0.660658 0.237736
vt 0.660875 0.239138
vt 0.840606 0.119981
vt 0.696216 0.240156
vt 0.659836 0.232262
vt 0.696160 0.238748
vt 0.804649 0.119798
vt 0.731569 0.239836
vt 0.696017 0.237346
vt 0.660287 0.233659
vt 0.731536 0.238423
vt 0.768719 0.120284
vt 0.766942 0.239650
vt 0.731460 0.237019
vt 0.695770 0.233275
vt 0.695464 0.231892
vt 0.659245 0.230871
vt 0.731165 0.231574
vt 0.658496 0.228154
vt 0.695081 0.230519
vt 0.657644 0.221102
vt 0.694619 0.227815
vt 0.730976 0.230209
vt 0.731322 0.232951
vt 0.766903 0.231393
vt 0.766929 0.236834
vt 0.766912 0.232768
vt 0.766936 0.238237
vt 0.802401 0.236793
vt 0.802340 0.238196
vt 0.802504 0.232727
vt 0.837705 0.238223
vt 0.660753 0.125170
vt 0.872909 0.240090
vt 0.837834 0.236803
vt 0.872989 0.238680
vt 0.625220 0.127843
vt 0.908031 0.240396
vt 0.873190 0.237280
vt 0.838062 0.232726
vt 0.908153 0.238976
vt 0.590459 0.131638
vt 0.942909 0.241260
vt 0.908444 0.237555
vt 0.873537 0.233204
vt 0.943150 0.239832
vt 0.943565 0.238400
vt 0.944178 0.234295
vt 0.554746 0.240362
vt 0.979251 0.238042
vt 0.908903 0.233464
vt 0.944683 0.232843
vt 0.909446 0.232052
vt 0.945517 0.231366
vt 0.910220 0.230636
vt 0.873969 0.231807
vt 0.874540 0.230427
vt 0.838347 0.231344
vt 0.838709 0.229960
vt 0.802642 0.231354
vt 0.802814 0.229994
vt 0.766894 0.230031
vt 0.803002 0.227301
vt 0.730746 0.227505
vt 0.766871 0.227330
vt 0.694115 0.220760
vt 0.730498 0.220437
vt 0.766843 0.220264
vt 0.839132 0.227234
vt 0.803190 0.220260
vt 0.875260 0.227714
vt 0.839585 0.220130
vt 0.911340 0.227873
vt 0.876067 0.220677
vt 0.947121 0.228414
vt 0.552345 0.234566
vt 0.981696 0.232179
vt 0.912697 0.220794
vt 0.949575 0.221006
vt 0.547094 0.227183
vt 0.986775 0.224839
vt 0.951440 0.216877
vt 0.913784 0.216868
vt 0.952349 0.216021
vt 0.542810 0.219767
vt 0.991073 0.216633
vt 0.542568 0.198328
vt 0.914361 0.216128
vt 0.876689 0.216725
vt 0.876944 0.215944
vt 0.839922 0.216131
vt 0.840056 0.215332
vt 0.803332 0.216294
vt 0.803422 0.215489
vt 0.766826 0.216275
vt 0.766807 0.215472
vt 0.730317 0.216449
vt 0.730231 0.215643
vt 0.693738 0.216786
vt 0.693557 0.215985
vt 0.656983 0.217147
vt 0.656665 0.216382
vt 0.656265 0.179752
vt 0.693252 0.179295
vt 0.656676 0.179030
vt 0.730019 0.178935
vt 0.693484 0.178532
vt 0.693850 0.174619
vt 0.766691 0.178758
vt 0.694278 0.167025
vt 0.730274 0.174213
vt 0.730119 0.178141
vt 0.694758 0.163536
vt 0.730451 0.166618
vt 0.766650 0.174013
vt 0.695212 0.161577
vt 0.730668 0.163132
vt 0.730880 0.161176
vt 0.766617 0.166414
vt 0.766596 0.162926
vt 0.766577 0.160969
vt 0.802781 0.166438
vt 0.802272 0.160990
vt 0.802523 0.162946
vt 0.837939 0.161153
vt 0.838437 0.163076
vt 0.874298 0.163637
vt 0.838960 0.166530
vt 0.875138 0.167115
vt 0.911256 0.167413
vt 0.875977 0.174693
vt 0.949687 0.174609
vt 0.912681 0.175035
vt 0.951485 0.178612
vt 0.542326 0.179957
vt 0.990842 0.177718
vt 0.209409 0.072992
vt 0.913795 0.178883
vt 0.952222 0.179345
vt 0.914383 0.179530
vt 0.876675 0.178561
vt 0.877147 0.179283
vt 0.839869 0.177942
vt 0.840150 0.178666
vt 0.839454 0.174073
vt 0.803229 0.177993
vt 0.803330 0.178782
vt 0.803030 0.174050
vt 0.766671 0.177950
vt 1.217388 0.428977
vt 1.217381 0.429043
vt 1.214915 0.428761
vt 0.052931 0.933545
vt 0.063619 0.929616
vt 0.043940 0.940326
vt 0.031334 0.940809
vt 0.067259 0.961653
vt 0.036376 0.948313
vt 0.066164 0.971999
vt 0.022285 0.948117
vt 0.055252 0.937658
vt 0.048208 0.946173
vt 0.028901 0.956191
vt 0.062828 0.929331
vt 0.064154 0.928519
vt 0.063197 0.929594
vt 0.056784 0.938800
vt 0.050827 0.948020
vt 0.061421 0.940017
vt 0.057783 0.950067
vt 0.066103 0.940655
vt 0.051291 0.929034
vt 0.067988 0.940445
vt 0.040136 0.933986
vt 0.068325 0.951735
vt 0.064947 0.951408
vt 0.062530 0.960959
vt 0.053547 0.959608
vt 0.060153 0.971358
vt 0.065442 0.984273
vt 0.011871 0.955614
vt 0.045111 0.957425
vt 0.049858 0.969336
vt 0.058316 0.983469
vt 0.064326 0.994996
vt 0.004184 0.963182
vt 0.055792 0.993727
vt 0.043260 0.991254
vt 0.046600 0.981181
vt 0.030829 0.986385
vt 0.035141 0.977036
vt 0.040315 0.966189
vt 0.041735 0.955175
vt 0.035913 0.963391
vt 0.028674 0.973036
vt 0.022410 0.981222
vt 0.012468 0.972565
vt 0.019723 0.964732
vt 0.055354 0.862888
vt 0.046367 0.869675
vt 0.033760 0.870166
vt 0.069703 0.890990
vt 0.038808 0.877667
vt 0.057678 0.866999
vt 0.050640 0.875519
vt 0.031340 0.885551
vt 0.065248 0.858668
vt 0.065618 0.858930
vt 0.059211 0.868141
vt 0.053260 0.877365
vt 0.063850 0.869355
vt 0.066274 0.859342
vt 0.060219 0.879407
vt 0.068533 0.869990
vt 0.053711 0.858378
vt 0.070418 0.869778
vt 0.042558 0.863337
vt 0.070766 0.881069
vt 0.067387 0.880744
vt 0.064974 0.890296
vt 0.068612 0.901335
vt 0.024716 0.877482
vt 0.055989 0.888950
vt 0.062601 0.900696
vt 0.067900 0.913611
vt 0.014308 0.884989
vt 0.047551 0.886773
vt 0.052307 0.898680
vt 0.060774 0.912809
vt 0.066785 0.924336
vt 0.006629 0.892564
vt 0.058253 0.923068
vt 0.045724 0.920603
vt 0.049057 0.910528
vt 0.033291 0.915743
vt 0.037597 0.906391
vt 0.042763 0.895540
vt 0.044171 0.884524
vt 0.038359 0.892745
vt 0.031128 0.902396
vt 0.024870 0.910587
vt 0.014922 0.901939
vt 0.022170 0.894099
vt 0.059271 0.792449
vt 0.057537 0.787973
vt 0.074468 0.799033
vt 0.046490 0.793158
vt 0.075061 0.810321
vt 0.050427 0.799418
vt 0.043032 0.807559
vt 0.061677 0.796512
vt 0.054817 0.805176
vt 0.035724 0.815588
vt 0.069077 0.788028
vt 0.069452 0.788283
vt 0.063231 0.797623
vt 0.057472 0.806969
vt 0.067892 0.798743
vt 0.070113 0.788681
vt 0.064472 0.808869
vt 0.072588 0.799283
vt 0.071672 0.810061
vt 0.037835 0.800159
vt 0.074188 0.820268
vt 0.069446 0.819660
vt 0.073289 0.830631
vt 0.028941 0.807651
vt 0.060435 0.818495
vt 0.067270 0.830106
vt 0.051956 0.816488
vt 0.056943 0.828296
vt 0.065688 0.842254
vt 0.071904 0.853673
vt 0.011154 0.823083
vt 0.063358 0.852558
vt 0.050790 0.850345
vt 0.053926 0.840207
vt 0.038265 0.845735
vt 0.042387 0.836298
vt 0.047341 0.825348
vt 0.048533 0.814309
vt 0.042884 0.822642
vt 0.035842 0.832434
vt 0.029744 0.840747
vt 0.019628 0.832295
vt 0.026724 0.824315
vt 0.072830 0.842923
vt 0.018684 0.815359
vt 0.055784 0.722525
vt 0.054173 0.718004
vt 0.070812 0.729522
vt 0.042980 0.722883
vt 0.071104 0.740833
vt 0.046745 0.729246
vt 0.039129 0.737190
vt 0.058080 0.726653
vt 0.050976 0.735118
vt 0.031611 0.745032
vt 0.065710 0.718377
vt 0.066079 0.718641
vt 0.059607 0.727805
vt 0.053585 0.736980
vt 0.064241 0.729051
vt 0.066733 0.719058
vt 0.060534 0.739069
vt 0.068924 0.729720
vt 0.067714 0.740459
vt 0.034131 0.729658
vt 0.069817 0.750690
vt 0.065134 0.749966
vt 0.068801 0.760996
vt 0.025038 0.736922
vt 0.056207 0.748572
vt 0.062779 0.760362
vt 0.047799 0.746345
vt 0.052488 0.758293
vt 0.060893 0.772457
vt 0.058399 0.782726
vt 0.045823 0.780197
vt 0.049191 0.770130
vt 0.033396 0.775255
vt 0.037750 0.765924
vt 0.042966 0.755095
vt 0.044443 0.744079
vt 0.038583 0.752271
vt 0.031301 0.761885
vt 0.024995 0.770040
vt 0.015097 0.761326
vt 0.022392 0.753530
vt 0.068014 0.773241
vt 0.014585 0.744370
vt 0.066980 0.783942
vt 0.006860 0.751899
vt 0.043940 0.940326
vt 0.036376 0.948313
vt 0.066164 0.971999
vt 0.022285 0.948117
vt 0.055252 0.937658
vt 0.048208 0.946173
vt 0.062828 0.929331
vt 0.063197 0.929594
vt 0.056784 0.938800
vt 0.050827 0.948020
vt 0.061421 0.940017
vt 0.057783 0.950067
vt 0.066103 0.940655
vt 0.051291 0.929034
vt 0.067988 0.940445
vt 0.040136 0.933986
vt 0.068325 0.951735
vt 0.064947 0.951408
vt 0.031334 0.940809
vt 0.067259 0.961653
vt 0.062530 0.960959
vt 0.053547 0.959608
vt 0.060153 0.971358
vt 0.065442 0.984273
vt 0.011871 0.955614
vt 0.045111 0.957425
vt 0.049858 0.969336
vt 0.058316 0.983469
vt 0.064326 0.994996
vt 0.004184 0.963182
vt 0.055792 0.993727
vt 0.043260 0.991254
vt 0.046600 0.981181
vt 0.030829 0.986385
vt 0.035141 0.977036
vt 0.040315 0.966189
vt 0.041735 0.955175
vt 0.035913 0.963391
vt 0.028901 0.956191
vt 0.028674 0.973036
vt 0.022410 0.981222
vt 0.012468 0.972565
vt 0.019723 0.964732
vt 0.053711 0.858378
vt 0.070418 0.869778
vt 0.055354 0.862888
vt 0.042558 0.863337
vt 0.070766 0.881069
vt 0.046367 0.869675
vt 0.033760 0.870166
vt 0.069703 0.890990
vt 0.038808 0.877667
vt 0.068612 0.901335
vt 0.024716 0.877482
vt 0.057678 0.866999
vt 0.050640 0.875519
vt 0.065248 0.858668
vt 0.059211 0.868141
vt 0.053260 0.877365
vt 0.063850 0.869355
vt 0.060219 0.879407
vt 0.068533 0.869990
vt 0.067387 0.880744
vt 0.064974 0.890296
vt 0.055989 0.888950
vt 0.062601 0.900696
vt 0.047551 0.886773
vt 0.052307 0.898680
vt 0.060774 0.912809
vt 0.066785 0.924336
vt 0.006629 0.892564
vt 0.058253 0.923068
vt 0.045724 0.920603
vt 0.049057 0.910528
vt 0.033291 0.915743
vt 0.037597 0.906391
vt 0.042763 0.895540
vt 0.044171 0.884524
vt 0.038359 0.892745
vt 0.031340 0.885551
vt 0.031128 0.902396
vt 0.024870 0.910587
vt 0.014922 0.901939
vt 0.022170 0.894099
vt 0.067900 0.913611
vt 0.014308 0.884989
vt 0.059271 0.792449
vt 0.046490 0.793158
vt 0.075061 0.810321
vt 0.050427 0.799418
vt 0.037835 0.800159
vt 0.074188 0.820268
vt 0.043032 0.807559
vt 0.061677 0.796512
vt 0.054817 0.805176
vt 0.069077 0.788028
vt 0.069452 0.788283
vt 0.063231 0.797623
vt 0.057472 0.806969
vt 0.067892 0.798743
vt 0.070275 0.787076
vt 0.064472 0.808869
vt 0.072588 0.799283
vt 0.071672 0.810061
vt 0.069446 0.819660
vt 0.073289 0.830631
vt 0.028941 0.807651
vt 0.060435 0.818495
vt 0.067270 0.830106
vt 0.051956 0.816488
vt 0.056943 0.828296
vt 0.065688 0.842254
vt 0.071904 0.853673
vt 0.011154 0.823083
vt 0.063358 0.852558
vt 0.050790 0.850345
vt 0.053926 0.840207
vt 0.038265 0.845735
vt 0.042387 0.836298
vt 0.047341 0.825348
vt 0.048533 0.814309
vt 0.042884 0.822642
vt 0.035724 0.815588
vt 0.035842 0.832434
vt 0.029744 0.840747
vt 0.019628 0.832295
vt 0.026724 0.824315
vt 0.072830 0.842923
vt 0.018684 0.815359
vt 0.055784 0.722525
vt 0.046745 0.729246
vt 0.039129 0.737190
vt 0.058080 0.726653
vt 0.050976 0.735118
vt 0.065710 0.718377
vt 0.066079 0.718641
vt 0.059607 0.727805
vt 0.053585 0.736980
vt 0.064241 0.729051
vt 0.066935 0.717457
vt 0.060534 0.739069
vt 0.068924 0.729720
vt 0.054173 0.718004
vt 0.070812 0.729522
vt 0.042980 0.722883
vt 0.071104 0.740833
vt 0.067714 0.740459
vt 0.034131 0.729658
vt 0.069817 0.750690
vt 0.065134 0.749966
vt 0.068801 0.760996
vt 0.025038 0.736922
vt 0.056207 0.748572
vt 0.062779 0.760362
vt 0.068014 0.773241
vt 0.014585 0.744370
vt 0.047799 0.746345
vt 0.052488 0.758293
vt 0.060893 0.772457
vt 0.066980 0.783942
vt 0.006860 0.751899
vt 0.058399 0.782726
vt 0.045823 0.780197
vt 0.049191 0.770130
vt 0.033396 0.775255
vt 0.037750 0.765924
vt 0.042966 0.755095
vt 0.044443 0.744079
vt 0.038583 0.752271
vt 0.031611 0.745032
vt 0.031301 0.761885
vt 0.024995 0.770040
vt 0.015097 0.761326
vt 0.022392 0.753530
vt 0.603958 0.523534
vt 0.640267 0.531412
vt 0.195594 0.971180
vt 0.656111 0.587757
vt 0.605133 0.495794
vt 0.590285 0.462334
vt 0.684878 0.532103
vt 0.640720 0.498706
vt 0.606309 0.468054
vt 0.739006 0.536354
vt 0.687536 0.502148
vt 0.787690 0.542320
vt 0.079717 0.219818
vt 0.824301 0.578097
vt 0.746136 0.515135
vt 0.753265 0.493915
vt 0.690194 0.472193
vt 0.834775 0.550552
vt 0.796444 0.509025
vt 0.891254 0.527621
vt 0.097568 0.120678
vt 0.927672 0.542832
vt 0.842906 0.521803
vt 0.936379 0.527686
vt 0.089426 0.094577
vt 0.953811 0.530491
vt 0.950128 0.512457
vt 0.897406 0.501845
vt 0.853941 0.491812
vt 0.808741 0.479398
vt 0.757278 0.478621
vt 0.761292 0.463327
vt 0.696914 0.456286
vt 0.703634 0.440378
vt 0.652031 0.445565
vt 0.662890 0.425131
vt 0.641173 0.465999
vt 0.616149 0.433994
vt 0.594633 0.422452
vt 0.625989 0.399934
vt 0.056443 0.051239
vt 0.620895 0.340664
vt 0.675669 0.404001
vt 0.645120 0.377640
vt 0.991854 0.504783
vt 0.630421 0.322396
vt 0.070893 0.062328
vt 0.989662 0.517186
vt 0.618028 0.322162
vt 0.636095 0.350556
vt 0.665726 0.355633
vt 0.692093 0.387525
vt 0.706680 0.370818
vt 0.726314 0.415810
vt 0.741878 0.399907
vt 0.056046 0.301891
vt 0.063130 0.304162
vt 0.049014 0.322832
vt 0.059011 0.305985
vt 0.055013 0.308559
vt 0.051650 0.305031
vt 0.049065 0.308426
vt 0.061123 0.309879
vt 0.063623 0.313193
vt 0.058414 0.311841
vt 0.065576 0.316058
vt 0.067841 0.315253
vt 0.060210 0.324269
vt 0.061158 0.314715
vt 0.063510 0.317351
vt 0.067427 0.319543
vt 0.069209 0.323117
vt 0.068075 0.324435
vt 0.068877 0.323820
vt 0.066077 0.320273
vt 0.068468 0.323287
vt 0.068287 0.323445
vt 0.065414 0.320929
vt 0.062642 0.318536
vt 0.068590 0.323939
vt 0.064727 0.322477
vt 0.068015 0.324184
vt 0.068912 0.319170
vt 0.064059 0.324695
vt 0.064263 0.323817
vt 0.060537 0.322710
vt 0.066519 0.311758
vt 0.056801 0.323898
vt 0.061470 0.320798
vt 0.057399 0.321866
vt 0.064926 0.308334
vt 0.053355 0.323460
vt 0.058560 0.319145
vt 0.054036 0.320843
vt 0.059925 0.316277
vt 0.055138 0.317405
vt 0.056780 0.313890
vt 0.052968 0.310977
vt 0.051053 0.315435
vt 0.046756 0.313482
vt 0.049691 0.319664
vt 0.045072 0.318437
vt 0.061162 0.299709
vt 0.044216 0.322177
vt 0.027442 0.281552
vt 0.032095 0.282075
vt 0.008429 0.291038
vt 0.031720 0.286701
vt 0.011816 0.294126
vt 0.027877 0.286304
vt 0.031199 0.290996
vt 0.014862 0.296943
vt 0.023841 0.286561
vt 0.022906 0.282034
vt 0.018978 0.283414
vt 0.027748 0.290497
vt 0.028045 0.294377
vt 0.030824 0.294527
vt 0.017332 0.299097
vt 0.024886 0.290897
vt 0.028124 0.297601
vt 0.030172 0.297947
vt 0.019809 0.301159
vt 0.025577 0.294582
vt 0.026047 0.297833
vt 0.027815 0.301234
vt 0.026817 0.305252
vt 0.026499 0.301312
vt 0.026802 0.304684
vt 0.026561 0.304717
vt 0.025579 0.301509
vt 0.024619 0.298350
vt 0.026540 0.305188
vt 0.027379 0.304819
vt 0.025883 0.305317
vt 0.024286 0.302144
vt 0.025980 0.305063
vt 0.029096 0.301556
vt 0.022618 0.303451
vt 0.023267 0.302806
vt 0.020962 0.300025
vt 0.022608 0.299209
vt 0.018985 0.297720
vt 0.021171 0.296441
vt 0.016929 0.295146
vt 0.023616 0.295227
vt 0.019389 0.293285
vt 0.022328 0.291727
vt 0.020745 0.287482
vt 0.017220 0.289574
vt 0.014905 0.285742
vt 0.014216 0.291882
vt 0.011304 0.288420
vt 0.031389 0.714184
vt 0.035583 0.718130
vt 0.007697 0.708999
vt 0.031757 0.722336
vt 0.008392 0.714576
vt 0.028294 0.719156
vt 0.028053 0.726144
vt 0.009014 0.719624
vt 0.024258 0.716255
vt 0.026740 0.711166
vt 0.022695 0.709893
vt 0.025010 0.723111
vt 0.022441 0.727157
vt 0.025056 0.729324
vt 0.009555 0.723596
vt 0.022021 0.721252
vt 0.020137 0.730384
vt 0.021877 0.732208
vt 0.010152 0.727486
vt 0.019969 0.725375
vt 0.018019 0.728919
vt 0.017118 0.733693
vt 0.018135 0.734957
vt 0.010810 0.731865
vt 0.013170 0.736889
vt 0.015810 0.732683
vt 0.013550 0.736286
vt 0.013348 0.736175
vt 0.014976 0.732271
vt 0.016599 0.728481
vt 0.012966 0.736668
vt 0.014044 0.736922
vt 0.012306 0.736210
vt 0.013215 0.731992
vt 0.012535 0.736089
vt 0.011715 0.731832
vt 0.011749 0.727382
vt 0.013958 0.727895
vt 0.011684 0.723652
vt 0.014765 0.724157
vt 0.011729 0.719610
vt 0.018066 0.724712
vt 0.015497 0.719797
vt 0.019515 0.720382
vt 0.021297 0.715130
vt 0.016265 0.714613
vt 0.016980 0.709198
vt 0.011641 0.714407
vt 0.011548 0.708866
vt 0.029280 0.265890
vt 0.026729 0.269923
vt 0.026505 0.275667
vt 0.009928 0.270421
vt 0.023374 0.267670
vt 0.025390 0.263510
vt 0.021438 0.262211
vt 0.024073 0.273171
vt 0.021940 0.276425
vt 0.024053 0.278236
vt 0.010567 0.273636
vt 0.021562 0.271748
vt 0.020040 0.279029
vt 0.021456 0.280550
vt 0.011274 0.276785
vt 0.019853 0.275085
vt 0.018249 0.277948
vt 0.017587 0.281723
vt 0.014353 0.284305
vt 0.016494 0.280984
vt 0.014687 0.283846
vt 0.014476 0.283724
vt 0.015643 0.280579
vt 0.016798 0.277488
vt 0.014173 0.284084
vt 0.015062 0.284304
vt 0.013573 0.283786
vt 0.014230 0.280296
vt 0.013804 0.283643
vt 0.018408 0.282758
vt 0.012112 0.280317
vt 0.013019 0.280200
vt 0.012879 0.276588
vt 0.014680 0.276942
vt 0.012716 0.273552
vt 0.015219 0.273863
vt 0.012665 0.270257
vt 0.029535 0.272579
vt 0.009232 0.266333
vt 0.017894 0.274404
vt 0.015759 0.270278
vt 0.019036 0.270854
vt 0.020360 0.266514
vt 0.016293 0.266020
vt 0.016791 0.261572
vt 0.012503 0.266018
vt 0.012304 0.261499
vt 0.032650 0.269138
vt 0.008429 0.261821
vt 0.028289 0.312213
vt 0.027220 0.318822
vt 0.008546 0.308695
vt 0.024992 0.315664
vt 0.022148 0.312791
vt 0.024945 0.309110
vt 0.021326 0.307055
vt 0.021748 0.318326
vt 0.019016 0.321103
vt 0.020725 0.323298
vt 0.008433 0.316108
vt 0.019568 0.316430
vt 0.016630 0.323283
vt 0.017707 0.325055
vt 0.008503 0.319317
vt 0.017245 0.319376
vt 0.015100 0.321871
vt 0.013666 0.325413
vt 0.014263 0.326594
vt 0.008578 0.322935
vt 0.009976 0.327291
vt 0.012736 0.324465
vt 0.010394 0.326910
vt 0.010211 0.326748
vt 0.011966 0.323896
vt 0.013785 0.321139
vt 0.009844 0.327039
vt 0.010672 0.327433
vt 0.009316 0.326626
vt 0.010643 0.323328
vt 0.009570 0.326532
vt 0.009487 0.323002
vt 0.010119 0.319450
vt 0.011825 0.320163
vt 0.010558 0.316453
vt 0.023639 0.321255
vt 0.008429 0.312839
vt 0.012957 0.317267
vt 0.011142 0.313216
vt 0.015475 0.318319
vt 0.014161 0.313850
vt 0.017263 0.315045
vt 0.019420 0.311060
vt 0.015529 0.309776
vt 0.016894 0.305513
vt 0.011815 0.309028
vt 0.012508 0.304558
vt 0.030953 0.316062
vt 0.008645 0.304112
vt 0.046608 0.362447
vt 0.063556 0.384913
vt 0.051724 0.364628
vt 0.048759 0.368722
vt 0.042844 0.371071
vt 0.054417 0.386196
vt 0.052757 0.371296
vt 0.056120 0.367768
vt 0.058705 0.371162
vt 0.046647 0.372617
vt 0.044148 0.375931
vt 0.041252 0.374497
vt 0.050971 0.386634
vt 0.049356 0.374579
vt 0.042195 0.378796
vt 0.039930 0.377992
vt 0.047563 0.387006
vt 0.046613 0.377452
vt 0.044261 0.380089
vt 0.040345 0.382281
vt 0.038859 0.381909
vt 0.043713 0.387433
vt 0.038895 0.386559
vt 0.041695 0.383011
vt 0.039305 0.386026
vt 0.039485 0.386184
vt 0.042358 0.383667
vt 0.045129 0.381274
vt 0.039182 0.386678
vt 0.038563 0.385856
vt 0.039698 0.387174
vt 0.043045 0.385215
vt 0.039758 0.386922
vt 0.043509 0.386555
vt 0.047235 0.385447
vt 0.046303 0.383536
vt 0.050374 0.384603
vt 0.049211 0.381883
vt 0.053736 0.383580
vt 0.044639 0.366899
vt 0.058758 0.385569
vt 0.047846 0.379014
vt 0.052634 0.380142
vt 0.050991 0.376627
vt 0.054803 0.373714
vt 0.056719 0.378171
vt 0.061015 0.376218
vt 0.058081 0.382400
vt 0.062700 0.381173
vt 0.119611 0.354647
vt 0.136721 0.367221
vt 0.120485 0.350100
vt 0.140828 0.365184
vt 0.125096 0.350847
vt 0.123424 0.355308
vt 0.118950 0.358903
vt 0.133018 0.369094
vt 0.127246 0.356635
vt 0.129352 0.352515
vt 0.132775 0.354934
vt 0.122407 0.359365
vt 0.121056 0.363006
vt 0.118343 0.362388
vt 0.130048 0.370487
vt 0.125051 0.360526
vt 0.120088 0.366079
vt 0.118024 0.365845
vt 0.127095 0.371788
vt 0.123371 0.363880
vt 0.122021 0.366874
vt 0.119378 0.369651
vt 0.118058 0.369606
vt 0.123759 0.373215
vt 0.118802 0.373215
vt 0.120102 0.374107
vt 0.119222 0.373785
vt 0.120622 0.370089
vt 0.119393 0.373244
vt 0.119616 0.373341
vt 0.121452 0.370532
vt 0.123250 0.367763
vt 0.119507 0.373799
vt 0.122518 0.371499
vt 0.120081 0.373835
vt 0.123314 0.372416
vt 0.126300 0.370380
vt 0.124945 0.369142
vt 0.128838 0.368708
vt 0.127091 0.366877
vt 0.131525 0.366797
vt 0.125078 0.365037
vt 0.129674 0.364330
vt 0.127280 0.362024
vt 0.129967 0.358370
vt 0.132779 0.361354
vt 0.136059 0.358305
vt 0.135032 0.364403
vt 0.138784 0.361875
vt 0.006880 0.785384
vt 0.030775 0.791308
vt 0.011546 0.778689
vt 0.011506 0.784546
vt 0.007975 0.790582
vt 0.027553 0.795243
vt 0.016467 0.784250
vt 0.017089 0.778622
vt 0.021188 0.779707
vt 0.012168 0.789644
vt 0.012177 0.794436
vt 0.008810 0.794871
vt 0.024973 0.798311
vt 0.015689 0.789670
vt 0.012402 0.798396
vt 0.015220 0.794251
vt 0.014975 0.798289
vt 0.013186 0.802805
vt 0.014059 0.807178
vt 0.015909 0.807504
vt 0.014816 0.807617
vt 0.014831 0.802651
vt 0.014817 0.806905
vt 0.015047 0.806918
vt 0.015757 0.802749
vt 0.016409 0.798677
vt 0.015107 0.807539
vt 0.017394 0.803453
vt 0.015780 0.807279
vt 0.011651 0.803331
vt 0.019495 0.804631
vt 0.018747 0.804119
vt 0.009957 0.799008
vt 0.022390 0.801281
vt 0.021096 0.800340
vt 0.018955 0.799593
vt 0.023143 0.797221
vt 0.020270 0.796002
vt 0.025265 0.793780
vt 0.017183 0.794707
vt 0.021980 0.791925
vt 0.018271 0.790273
vt 0.019572 0.784881
vt 0.024100 0.787133
vt 0.026391 0.782174
vt 0.028120 0.789430
vt 0.031159 0.784796
vt 0.005892 0.779784
vt 0.034343 0.786966
vt 0.013898 0.201367
vt 0.013128 0.206077
vt 0.009480 0.210520
vt 0.025355 0.217612
vt 0.017135 0.206619
vt 0.018389 0.202170
vt 0.022209 0.203825
vt 0.012958 0.210268
vt 0.012387 0.214117
vt 0.009605 0.214069
vt 0.022738 0.219585
vt 0.015785 0.210870
vt 0.012079 0.217328
vt 0.014834 0.214496
vt 0.014135 0.217706
vt 0.012129 0.220973
vt 0.010829 0.221203
vt 0.017157 0.223553
vt 0.012309 0.224580
vt 0.013767 0.225183
vt 0.012840 0.225052
vt 0.013437 0.221144
vt 0.012894 0.224486
vt 0.013133 0.224536
vt 0.014341 0.221406
vt 0.015523 0.218323
vt 0.013120 0.225007
vt 0.015586 0.222131
vt 0.013689 0.224923
vt 0.016555 0.222864
vt 0.010012 0.217527
vt 0.020121 0.221466
vt 0.019051 0.220253
vt 0.017467 0.219322
vt 0.021186 0.218094
vt 0.019097 0.216664
vt 0.023420 0.215673
vt 0.009266 0.206199
vt 0.028592 0.215019
vt 0.016745 0.215279
vt 0.021098 0.213642
vt 0.018278 0.211879
vt 0.020159 0.207758
vt 0.023525 0.210094
vt 0.026107 0.206437
vt 0.026358 0.212610
vt 0.029509 0.209364
vt 0.009221 0.201559
vt 0.032191 0.212179
vt 0.011162 0.246028
vt 0.032013 0.241965
vt 0.012124 0.239405
vt 0.014233 0.243685
vt 0.017807 0.241802
vt 0.016242 0.237451
vt 0.020307 0.236578
vt 0.016534 0.247192
vt 0.018304 0.250654
vt 0.016010 0.252230
vt 0.029910 0.249096
vt 0.019189 0.246042
vt 0.019913 0.253446
vt 0.020519 0.249544
vt 0.021809 0.252562
vt 0.022064 0.256386
vt 0.025005 0.259299
vt 0.023230 0.255768
vt 0.024721 0.258807
vt 0.024944 0.258709
vt 0.024119 0.255457
vt 0.023298 0.252259
vt 0.025207 0.259099
vt 0.024300 0.259222
vt 0.025835 0.258866
vt 0.025553 0.255326
vt 0.025621 0.258699
vt 0.021138 0.257328
vt 0.027657 0.255574
vt 0.026768 0.255360
vt 0.018344 0.254808
vt 0.028867 0.252152
vt 0.027292 0.251784
vt 0.025463 0.251945
vt 0.027781 0.248783
vt 0.013849 0.249417
vt 0.030894 0.245963
vt 0.025251 0.248831
vt 0.028194 0.245509
vt 0.022532 0.249071
vt 0.025131 0.245201
vt 0.021813 0.245419
vt 0.020919 0.240978
vt 0.025016 0.240903
vt 0.024995 0.236432
vt 0.028792 0.241306
vt 0.029466 0.236833
vt 0.008429 0.242278
vt 0.033286 0.237562
vt 0.884359 0.900726
vt 0.881474 0.899419
vt 0.881172 0.889116
vt 0.884994 0.889683
vt 0.884828 0.876276
vt 0.886807 0.890368
vt 0.885735 0.900800
vt 0.888030 0.877981
vt 0.889675 0.866133
vt 0.888557 0.891042
vt 0.889753 0.878771
vt 0.893073 0.868797
vt 0.887271 0.900633
vt 0.886662 0.902346
vt 0.897308 0.865350
vt 0.895199 0.861163
vt 0.893919 0.870320
vt 0.897872 0.866938
vt 0.904926 0.863681
vt 0.904926 0.857963
vt 0.914654 0.861163
vt 0.904926 0.864975
vt 0.912545 0.865350
vt 0.920178 0.866134
vt 0.904926 0.865862
vt 0.916780 0.868798
vt 0.925025 0.876276
vt 0.911981 0.866938
vt 0.921823 0.877981
vt 0.928682 0.889116
vt 0.915934 0.870320
vt 0.911541 0.868084
vt 0.898312 0.868084
vt 0.904926 0.869192
vt 0.894838 0.871480
vt 0.899857 0.871145
vt 0.891160 0.879324
vt 0.894466 0.880787
vt 0.897796 0.874039
vt 0.900689 0.876400
vt 0.893117 0.892160
vt 0.899229 0.882527
vt 0.892398 0.902470
vt 0.898656 0.893125
vt 0.887726 0.901634
vt 0.892172 0.903197
vt 0.891984 0.903709
vt 0.891601 0.904598
vt 0.898236 0.904629
vt 0.898142 0.905685
vt 0.898038 0.906424
vt 0.897852 0.907510
vt 0.904926 0.904634
vt 0.904926 0.905632
vt 0.904926 0.906384
vt 0.904926 0.907222
vt 0.912002 0.907510
vt 0.911815 0.906424
vt 0.918252 0.904598
vt 0.911712 0.905685
vt 0.917869 0.903710
vt 0.922127 0.901635
vt 0.923191 0.902346
vt 0.917681 0.903197
vt 0.911617 0.904629
vt 0.917455 0.902470
vt 0.922582 0.900633
vt 0.924118 0.900800
vt 0.911197 0.893125
vt 0.916736 0.892160
vt 0.921297 0.891042
vt 0.904926 0.893575
vt 0.904926 0.882845
vt 0.915387 0.880787
vt 0.910625 0.882527
vt 0.909164 0.876400
vt 0.904926 0.876715
vt 0.901576 0.874345
vt 0.904926 0.873704
vt 0.908278 0.874345
vt 0.909997 0.871145
vt 0.912057 0.874039
vt 0.915015 0.871480
vt 0.918693 0.879324
vt 0.920100 0.878771
vt 0.923046 0.890368
vt 0.924860 0.889683
vt 0.925495 0.900726
vt 0.928379 0.899419
vt 0.299989 0.136620
vt 0.529131 0.436932
vt 0.291260 0.152333
vt 0.537073 0.457491
vt 0.515907 0.464663
vt 0.275565 0.142229
vt 0.500062 0.137063
vt 0.498149 0.451878
vt 0.498417 0.468840
vt 0.474636 0.475008
vt 0.467195 0.135978
vt 0.453871 0.460599
vt 0.501606 0.485580
vt 0.455066 0.477163
vt 0.458798 0.142824
vt 0.442903 0.473669
vt 0.462852 0.157893
vt 0.443867 0.494743
vt 0.476074 0.489771
vt 0.457245 0.492400
vt 0.466459 0.169278
vt 0.446357 0.508415
vt 0.461778 0.508737
vt 0.479785 0.506387
vt 0.463591 0.514375
vt 0.477126 0.513577
vt 0.464044 0.520988
vt 0.460290 0.543940
vt 0.485749 0.198818
vt 0.451801 0.543192
vt 0.448338 0.209690
vt 0.476616 0.522169
vt 0.462607 0.223050
vt 0.471033 0.545945
vt 0.446326 0.210602
vt 0.480584 0.521204
vt 0.467309 0.228988
vt 0.468913 0.551315
vt 0.459393 0.549054
vt 0.457476 0.561553
vt 0.499509 0.218616
vt 0.448993 0.564086
vt 0.457001 0.564900
vt 0.482039 0.237010
vt 0.465833 0.567658
vt 0.456151 0.568691
vt 0.499366 0.226819
vt 0.448612 0.572182
vt 0.489838 0.238262
vt 0.461473 0.574024
vt 0.489012 0.513700
vt 0.489293 0.520032
vt 0.504501 0.504724
vt 0.502218 0.512281
vt 0.489700 0.544858
vt 0.415086 0.218109
vt 0.499112 0.522542
vt 0.415054 0.217652
vt 0.505949 0.523045
vt 0.489768 0.551432
vt 0.422930 0.255889
vt 0.497748 0.566934
vt 0.450772 0.249905
vt 0.482440 0.566871
vt 0.489974 0.566898
vt 0.489964 0.570329
vt 0.490089 0.575394
vt 0.432466 0.266020
vt 0.496919 0.581046
vt 0.516600 0.520493
vt 0.516273 0.512250
vt 0.516320 0.543695
vt 0.528040 0.512171
vt 0.515151 0.551768
vt 0.378252 0.232520
vt 0.525937 0.543510
vt 0.379565 0.242409
vt 0.525193 0.552180
vt 0.377604 0.217555
vt 0.532829 0.520425
vt 0.382976 0.257883
vt 0.522073 0.568850
vt 0.511768 0.569374
vt 0.385409 0.265358
vt 0.519877 0.576630
vt 0.510553 0.574715
vt 0.509976 0.580658
vt 0.403814 0.272452
vt 0.504246 0.584380
vt 0.397868 0.275934
vt 0.509952 0.585772
vt 0.545982 0.516590
vt 0.368665 0.232089
vt 0.538823 0.539928
vt 0.524619 0.502053
vt 0.545253 0.508354
vt 0.520827 0.483009
vt 0.542070 0.497626
vt 0.536883 0.475311
vt 0.350236 0.181804
vt 0.564180 0.504405
vt 0.338922 0.207756
vt 0.561600 0.536735
vt 0.546175 0.491046
vt 0.342909 0.173877
vt 0.560101 0.488331
vt 0.549151 0.537727
vt 0.332724 0.215406
vt 0.558919 0.545233
vt 0.549079 0.545517
vt 0.363989 0.238191
vt 0.539654 0.546208
vt 0.352733 0.249474
vt 0.541517 0.563139
vt 0.550425 0.563358
vt 0.323943 0.238450
vt 0.558968 0.571403
vt 0.550122 0.571222
vt 0.550436 0.577647
vt 0.335761 0.255185
vt 0.544331 0.581633
vt 0.328523 0.253655
vt 0.550957 0.582283
vt 0.545500 0.472948
vt 0.291012 0.177970
vt 0.560089 0.460191
vt 0.561183 0.471783
vt 0.326012 0.195872
vt 0.564245 0.484674
vt 0.289810 0.185882
vt 0.564313 0.459488
vt 0.565922 0.470460
vt 0.289728 0.203330
vt 0.581351 0.460996
vt 0.578953 0.469164
vt 0.298173 0.211340
vt 0.587483 0.468988
vt 0.286520 0.140383
vt 0.511589 0.445885
vt 0.515907 0.464663
vt 0.498417 0.468840
vt 0.474636 0.475008
vt 0.501606 0.485580
vt 0.455066 0.477163
vt 0.458798 0.142824
vt 0.442903 0.473669
vt 0.476074 0.489771
vt 0.457245 0.492400
vt 0.461778 0.508737
vt 0.479785 0.506387
vt 0.463591 0.514375
vt 0.475823 0.179859
vt 0.454442 0.520082
vt 0.477126 0.513577
vt 0.464044 0.520988
vt 0.460290 0.543940
vt 0.485749 0.198818
vt 0.451801 0.543192
vt 0.490903 0.204183
vt 0.452463 0.548042
vt 0.448338 0.209690
vt 0.476616 0.522169
vt 0.462607 0.223050
vt 0.471033 0.545945
vt 0.467309 0.228988
vt 0.468913 0.551315
vt 0.459393 0.549054
vt 0.497102 0.212800
vt 0.449891 0.558140
vt 0.477230 0.235285
vt 0.466859 0.563129
vt 0.457476 0.561553
vt 0.499509 0.218616
vt 0.448993 0.564086
vt 0.457001 0.564900
vt 0.456151 0.568691
vt 0.489838 0.238262
vt 0.461473 0.574024
vt 0.496708 0.234852
vt 0.455290 0.575936
vt 0.489012 0.513700
vt 0.489293 0.520032
vt 0.504501 0.504724
vt 0.502218 0.512281
vt 0.489700 0.544858
vt 0.418537 0.234998
vt 0.499671 0.545037
vt 0.489768 0.551432
vt 0.489974 0.566898
vt 0.449753 0.254472
vt 0.482839 0.571119
vt 0.489964 0.570329
vt 0.425304 0.259585
vt 0.497844 0.570994
vt 0.490089 0.575394
vt 0.444710 0.264125
vt 0.485247 0.582447
vt 0.432466 0.266020
vt 0.496919 0.581046
vt 0.516600 0.520493
vt 0.516273 0.512250
vt 0.516320 0.543695
vt 0.415433 0.234448
vt 0.504687 0.543666
vt 0.415410 0.243368
vt 0.504794 0.550932
vt 0.524619 0.502053
vt 0.515151 0.551768
vt 0.413463 0.258462
vt 0.503126 0.566957
vt 0.528040 0.512171
vt 0.379565 0.242409
vt 0.525193 0.552180
vt 0.377604 0.217555
vt 0.532829 0.520425
vt 0.382976 0.257883
vt 0.522073 0.568850
vt 0.545982 0.516590
vt 0.511768 0.569374
vt 0.411380 0.265097
vt 0.502661 0.573630
vt 0.368665 0.232089
vt 0.538823 0.539928
vt 0.510553 0.574715
vt 0.509976 0.580658
vt 0.549151 0.537727
vt 0.549079 0.545517
vt 0.363989 0.238191
vt 0.539654 0.546208
vt 0.338922 0.207756
vt 0.561600 0.536735
vt 0.545253 0.508354
vt 0.350236 0.181804
vt 0.564180 0.504405
vt 0.345943 0.174608
vt 0.562480 0.492228
vt 0.550425 0.563358
vt 0.323943 0.238450
vt 0.558968 0.571403
vt 0.550122 0.571222
vt 0.550436 0.577647
vt 0.542070 0.497626
vt 0.546175 0.491046
vt 0.338795 0.186014
vt 0.548379 0.487367
vt 0.520827 0.483009
vt 0.536883 0.475311
vt 0.545500 0.472948
vt 0.293333 0.162478
vt 0.545854 0.460827
vt 0.561183 0.471783
vt 0.326012 0.195872
vt 0.564245 0.484674
vt 0.565922 0.470460
vt 0.578953 0.469164
vt 0.925236 0.921140
vt 0.920652 0.920984
vt 0.922868 0.922104
vt 0.924376 0.922209
vt 0.929237 0.930166
vt 0.921359 0.922209
vt 0.916499 0.930166
vt 0.925949 0.931392
vt 0.919787 0.931392
vt 0.922868 0.931660
vt 0.929889 0.939729
vt 0.925999 0.940388
vt 0.919737 0.940388
vt 0.930109 0.929381
vt 0.915847 0.939729
vt 0.930677 0.928800
vt 0.926196 0.920015
vt 0.933099 0.938881
vt 0.922868 0.918003
vt 0.922868 0.920694
vt 0.919540 0.920015
vt 0.915059 0.928800
vt 0.931875 0.939217
vt 0.934161 0.950649
vt 0.915627 0.929381
vt 0.912637 0.938881
vt 0.913860 0.939217
vt 0.911574 0.950648
vt 0.915437 0.951021
vt 0.913054 0.950778
vt 0.911282 0.967170
vt 0.913002 0.967226
vt 0.912202 0.983484
vt 0.915247 0.967343
vt 0.913489 0.982957
vt 0.916499 0.987355
vt 0.915165 0.988518
vt 0.917762 0.990383
vt 0.915238 0.982594
vt 0.918561 0.988550
vt 0.917529 0.985923
vt 0.919806 0.981538
vt 0.922867 0.989427
vt 0.922867 0.991547
vt 0.927972 0.990383
vt 0.919340 0.986802
vt 0.927173 0.988550
vt 0.920021 0.984069
vt 0.922867 0.987248
vt 0.922867 0.983754
vt 0.926394 0.986802
vt 0.925713 0.984069
vt 0.928205 0.985923
vt 0.929235 0.987355
vt 0.930569 0.988518
vt 0.933532 0.983484
vt 0.932245 0.982957
vt 0.925929 0.981538
vt 0.930496 0.982594
vt 0.932732 0.967226
vt 0.934452 0.967171
vt 0.930487 0.967343
vt 0.932681 0.950778
vt 0.930299 0.951021
vt 0.926156 0.967533
vt 0.926123 0.951393
vt 0.922868 0.940521
vt 0.922868 0.951563
vt 0.919613 0.951393
vt 0.922867 0.967572
vt 0.919578 0.967533
vt 0.922867 0.981311
vt 0.131906 0.549843
vt 0.909632 0.299208
vt 0.992506 0.695135
vt 0.980521 0.703586
vt 0.970235 0.700326
vt 0.970964 0.714337
vt 0.958384 0.700097
vt 0.970440 0.727266
vt 0.880063 0.309268
vt 0.992439 0.729824
vt 0.946556 0.700070
vt 0.969092 0.331513
vt 0.935942 0.686430
vt 0.947018 0.712231
vt 0.936104 0.701566
vt 0.972279 0.343243
vt 0.926577 0.689359
vt 0.978288 0.357359
vt 0.925487 0.703184
vt 0.946815 0.725723
vt 0.947424 0.755728
vt 0.971856 0.757204
vt 0.827676 0.301823
vt 0.986631 0.789467
vt 0.968733 0.789159
vt 0.814667 0.298114
vt 0.977857 0.800751
vt 0.801206 0.292455
vt 0.964743 0.807078
vt 0.945036 0.787878
vt 0.778361 0.281481
vt 0.940099 0.804005
vt 0.769539 0.275025
vt 0.931796 0.797132
vt 0.859781 0.980765
vt 0.860030 0.971796
vt 0.864719 0.972322
vt 0.862929 0.981575
vt 0.861328 0.959135
vt 0.866351 0.972679
vt 0.864656 0.982294
vt 0.869571 0.983052
vt 0.866119 0.960111
vt 0.870139 0.973363
vt 0.871580 0.983299
vt 0.867760 0.960760
vt 0.869626 0.942008
vt 0.864751 0.940109
vt 0.867895 0.932989
vt 0.871302 0.943047
vt 0.872760 0.937216
vt 0.874114 0.926883
vt 0.871586 0.961601
vt 0.877615 0.933542
vt 0.883634 0.923507
vt 0.873595 0.938462
vt 0.877871 0.934833
vt 0.883634 0.932101
vt 0.873959 0.944846
vt 0.889653 0.933542
vt 0.893154 0.926883
vt 0.883634 0.933512
vt 0.894508 0.937216
vt 0.899374 0.932989
vt 0.889398 0.934833
vt 0.879516 0.938460
vt 0.887752 0.938460
vt 0.876547 0.941673
vt 0.883634 0.936232
vt 0.883634 0.937453
vt 0.880006 0.939322
vt 0.877306 0.942350
vt 0.883634 0.944603
vt 0.887262 0.939322
vt 0.874917 0.945600
vt 0.883634 0.946767
vt 0.889962 0.942350
vt 0.890721 0.941673
vt 0.893674 0.938462
vt 0.893309 0.944846
vt 0.895966 0.943047
vt 0.883634 0.949018
vt 0.892352 0.945600
vt 0.895683 0.961601
vt 0.894224 0.962037
vt 0.873045 0.962037
vt 0.883634 0.963136
vt 0.871933 0.973715
vt 0.883634 0.975089
vt 0.883635 0.986673
vt 0.895689 0.983299
vt 0.895336 0.973714
vt 0.897130 0.973363
vt 0.897698 0.983051
vt 0.899508 0.960760
vt 0.900918 0.972679
vt 0.902613 0.982294
vt 0.904340 0.981575
vt 0.901150 0.960111
vt 0.902550 0.972322
vt 0.907488 0.980765
vt 0.907239 0.971796
vt 0.905941 0.959135
vt 0.897642 0.942008
vt 0.902517 0.940109
vt 0.829631 0.413916
vt 0.832805 0.402949
vt 0.794021 0.388525
vt 0.972279 0.343243
vt 0.926577 0.689359
vt 0.936104 0.701566
vt 0.969092 0.331513
vt 0.935942 0.686430
vt 0.978128 0.367885
vt 0.925332 0.714312
vt 0.946556 0.700070
vt 0.962098 0.319532
vt 0.947477 0.683963
vt 0.947018 0.712231
vt 0.958384 0.700097
vt 0.946815 0.725723
vt 0.970964 0.714337
vt 0.970235 0.700326
vt 0.937965 0.301975
vt 0.973221 0.683346
vt 0.923387 0.298416
vt 0.984176 0.687990
vt 0.980521 0.703586
vt 0.909632 0.299208
vt 0.992506 0.695135
vt 0.896567 0.299870
vt 0.992378 0.707203
vt 0.886970 0.305382
vt 0.992214 0.719344
vt 0.970440 0.727266
vt 0.947424 0.755728
vt 0.971856 0.757204
vt 0.758901 0.265485
vt 0.925726 0.784644
vt 0.945036 0.787878
vt 0.769539 0.275025
vt 0.931796 0.797132
vt 0.778361 0.281481
vt 0.940099 0.804005
vt 0.801206 0.292455
vt 0.964743 0.807078
vt 0.968733 0.789159
vt 0.814667 0.298114
vt 0.977857 0.800751
vt 0.796338 0.820047
vt 0.800029 0.810194
vt 0.787217 0.810826
vt 0.794463 0.801687
vt 0.776325 0.810504
vt 0.784339 0.804165
vt 0.776478 0.806680
vt 0.769286 0.807881
vt 0.770460 0.805912
vt 0.772342 0.798374
vt 0.775315 0.794286
vt 0.761406 0.791645
vt 0.765433 0.803359
vt 0.762818 0.799483
vt 0.755758 0.794166
vt 0.759726 0.801657
vt 0.764156 0.805193
vt 0.351128 0.950967
vt 0.616832 0.015062
vt 0.315682 0.915520
vt 0.691425 0.010161
vt 0.302707 0.963941
vt 0.579892 0.018003
vt 0.338153 0.902546
vt 0.766273 0.005471
vt 0.338152 0.999387
vt 0.916394 0.008093
vt 0.399551 0.937994
vt 0.878985 0.006920
vt 0.399576 0.963950
vt 0.452193 0.952655
vt 0.836870 0.147259
vt 0.404382 0.939844
vt 0.592168 0.147268
vt 0.487192 0.987654
vt 0.766508 0.147022
vt 0.439382 0.904845
vt 0.626424 0.148440
vt 0.500002 0.965464
vt 0.351128 0.950967
vt 0.616832 0.015062
vt 0.315682 0.915520
vt 0.989890 0.013090
vt 0.543575 0.019500
vt 0.364102 0.902546
vt 0.728841 0.008561
vt 0.315681 0.986412
vt 0.953582 0.009790
vt 0.386574 0.915520
vt 0.766273 0.005471
vt 0.338152 0.999387
vt 0.916394 0.008093
vt 0.399551 0.937994
vt 0.803910 0.005376
vt 0.364101 0.999387
vt 0.878985 0.006920
vt 0.399576 0.963950
vt 0.452193 0.952655
vt 0.592168 0.147268
vt 0.487192 0.987654
vt 0.766508 0.147022
vt 0.439382 0.904845
vt 0.731276 0.147224
vt 0.465003 0.904845
vt 0.973915 0.927100
vt 0.967602 0.926508
vt 0.974907 0.941864
vt 0.967628 0.940255
vt 0.961297 0.927146
vt 0.638637 0.621186
vt 0.955987 0.922853
vt 0.632800 0.640260
vt 0.951586 0.932929
vt 0.960367 0.941936
vt 0.967623 0.954423
vt 0.958570 0.957244
vt 0.951963 0.961346
vt 0.607683 0.668902
vt 0.920553 0.861552
vt 0.946563 0.956800
vt 0.952942 0.977792
vt 0.957931 0.962900
vt 0.958843 0.985341
vt 0.963901 0.967389
vt 0.964444 0.988400
vt 0.967605 0.965629
vt 0.967795 0.965661
vt 0.968016 0.989104
vt 0.963478 0.818741
vt 0.972956 0.995809
vt 0.971577 0.988381
vt 0.973163 0.823615
vt 0.980153 0.991991
vt 0.971531 0.967363
vt 0.977124 0.985251
vt 0.976673 0.957150
vt 0.977394 0.962792
vt 0.982868 0.977613
vt 0.983299 0.961152
vt 0.511513 0.308025
vt 0.507607 0.365855
vt 0.518867 0.304353
vt 0.515865 0.370258
vt 0.566323 0.311425
vt 0.463313 0.311664
vt 0.461711 0.360887
vt 0.563299 0.364008
vt 0.559198 0.306823
vt 0.554751 0.367823
vt 0.581241 0.198004
vt 0.581241 0.198797
vt 0.542568 0.198325
vt 0.990957 0.197176
vt 0.542568 0.199362
vt 0.619149 0.198015
vt 0.619149 0.198625
vt 0.581241 0.198797
vt 0.230323 0.102893
vt 0.581437 0.217152
vt 0.162850 0.047189
vt 0.542568 0.199362
vt 0.990957 0.197176
vt 0.196589 0.088598
vt 0.991073 0.216633
vt 0.542810 0.218768
vt 0.182780 0.077865
vt 0.116898 0.019348
vt 0.619149 0.198625
vt 0.252563 0.132313
vt 0.129916 0.030849
vt 0.619346 0.216927
vt 0.581241 0.198797
vt 0.235114 0.096859
vt 0.581437 0.217152
vt 0.167690 0.041542
vt 0.542568 0.199362
vt 0.209409 0.072992
vt 0.542810 0.218768
vt 0.195957 0.062420
vt 0.619149 0.198625
vt 0.121906 0.013836
vt 0.257177 0.126066
vt 0.619346 0.216927
vt 0.134860 0.025312
vt 0.480140 0.827864
vt 0.480140 0.839170
vt 0.480140 0.850476
vt 0.480140 0.861783
vt 0.480140 0.873089
vt 0.480140 0.782639
vt 0.480140 0.793945
vt 0.480140 0.805251
vt 0.480140 0.816558
vt 0.489329 0.827864
vt 0.489329 0.839170
vt 0.489329 0.850476
vt 0.489329 0.861783
vt 0.489329 0.873089
vt 0.489329 0.782639
vt 0.489329 0.793945
vt 0.489329 0.805251
vt 0.489329 0.816558
vt 0.498518 0.827864
vt 0.498518 0.839170
vt 0.498518 0.850476
vt 0.498518 0.861783
vt 0.498518 0.873089
vt 0.498518 0.782639
vt 0.498518 0.793945
vt 0.498518 0.805251
vt 0.498518 0.816558
vt 0.443381 0.827864
vt 0.507707 0.827864
vt 0.507707 0.839170
vt 0.443381 0.839170
vt 0.507707 0.850476
vt 0.443381 0.850476
vt 0.507707 0.861783
vt 0.443381 0.861783
vt 0.507707 0.873089
vt 0.507707 0.782639
vt 0.443381 0.873089
vt 0.443381 0.782639
vt 0.507707 0.793945
vt 0.443381 0.793945
vt 0.507707 0.805251
vt 0.443381 0.805251
vt 0.507707 0.816558
vt 0.443381 0.816558
vt 0.452571 0.827864
vt 0.452571 0.839170
vt 0.452571 0.850476
vt 0.452571 0.861783
vt 0.452571 0.873089
vt 0.452571 0.782639
vt 0.452571 0.793945
vt 0.452571 0.805251
vt 0.452571 0.816558
vt 0.461760 0.827864
vt 0.461760 0.839170
vt 0.461760 0.850476
vt 0.461760 0.861783
vt 0.461760 0.873089
vt 0.461760 0.782639
vt 0.461760 0.793945
vt 0.461760 0.805251
vt 0.461760 0.816558
vt 0.470949 0.827864
vt 0.470949 0.839170
vt 0.470949 0.850476
vt 0.470949 0.861783
vt 0.470949 0.873089
vt 0.470949 0.782639
vt 0.470949 0.793945
vt 0.470949 0.805251
vt 0.470949 0.816558
vt 0.480138 0.827864
vt 0.480138 0.839170
vt 0.480138 0.850476
vt 0.480138 0.861783
vt 0.480138 0.873089
vt 0.480138 0.782639
vt 0.480138 0.793945
vt 0.480138 0.805251
vt 0.480138 0.816558
vt 0.542327 0.179955
vt 0.990957 0.197176
vt 0.195957 0.062420
vt 0.581033 0.180391
vt 0.167690 0.041542
vt 0.619063 0.180219
vt 0.620126 0.198625
vt 0.134860 0.025312
vt 0.542568 0.218972
vt 0.182780 0.077865
vt 0.542326 0.199566
vt 0.196589 0.088598
vt 0.581044 0.198898
vt 0.230323 0.102893
vt 0.618951 0.198780
vt 0.116898 0.019348
vt 0.252563 0.132313
vt 0.581241 0.217253
vt 0.162850 0.047189
vt 0.619148 0.217081
vt 0.129916 0.030849
vt 0.514479 0.282986
vt 0.566234 0.282919
vt 0.507598 0.290859
vt 0.461881 0.294751
vt 0.573448 0.293079
vt 0.562971 0.401117
vt 0.507392 0.398560
vt 0.498775 0.391088
vt 0.573448 0.392721
vt 0.457876 0.382064
vt 0.511513 0.308025
vt 0.507607 0.365855
vt 0.518867 0.304353
vt 0.515865 0.370258
vt 0.566323 0.311425
vt 0.463313 0.311664
vt 0.461711 0.360887
vt 0.563299 0.364008
vt 0.559198 0.306823
vt 0.554751 0.367823
vt 0.514479 0.282986
vt 0.566234 0.282919
vt 0.507598 0.290859
vt 0.461881 0.294751
vt 0.573448 0.293079
vt 0.562971 0.401117
vt 0.507392 0.398560
vt 0.498775 0.391088
vt 0.573448 0.392721
vt 0.457876 0.382064
s 1
# usemtl MI_BearrilaA
f 1/1/1 190/215/2 4463/5209/3
f 519/566/4 82/83/5 520/567/6
f 72/73/7 73/74/8 2/2/9
f 1181/1341/10 1183/1343/11 3/3/12
f 4/4/13 1223/1390/14 5/5/15
f 6/6/16 7/7/17 8/8/18
f 9/9/19 1299/1479/20 10/10/21
f 10/10/21 1299/1479/20 1300/1480/22
f 1299/1479/20 9/9/19 1297/1477/23
f 11/11/24 1342/1529/25 1343/1530/26
f 12/12/27 13/13/28 1383/1577/29
f 1424/1625/30 1422/1622/31 14/14/32
f 1464/1672/33 15/15/34 16/16/35
f 1488/1700/36 1484/1696/37 1481/1693/38
f 17/17/39 1526/1745/40 1523/1742/41
f 1572/1799/42 1568/1795/43 1565/1792/44
f 18/18/45 19/19/46 1612/1844/47
f 20/20/48 21/21/49 1652/1891/50
f 22/22/51 23/23/52 24/24/53
f 1732/1988/54 25/25/55 26/26/56
f 27/27/57 1768/2030/58 1774/2036/59
f 4214/4912/60 28/28/61 4219/4917/62
f 4217/4915/63 4213/4911/64 29/29/65
f 30/30/66 3182/3679/67 3173/3668/68
f 3173/3668/68 3182/3679/67 3172/3667/69
f 3182/3679/67 30/30/66 3183/3680/70
f 61/61/71 32/32/72 31/31/68
f 31/31/68 32/32/72 3212/3713/69
f 32/32/72 61/61/71 3220/3722/70
f 35/35/73 34/34/74 33/33/75
f 33/33/75 34/34/74 3251/3758/76
f 34/34/74 35/35/73 3260/3769/77
f 62/62/78 37/37/79 36/36/80
f 36/36/80 37/37/79 3290/3803/81
f 37/37/79 62/62/78 3299/3814/82
f 38/38/66 39/39/72 42/42/83
f 40/40/84 91/94/85 41/41/70
f 42/42/83 39/39/72 89/92/69
f 89/92/69 43/43/86 42/42/83
f 44/44/87 47/47/88 45/45/89
f 46/46/90 47/47/88 44/44/87
f 3335/3855/91 45/45/89 47/47/88
f 48/48/87 51/51/88 50/50/92
f 3367/3893/90 51/51/88 48/48/87
f 49/49/91 50/50/92 51/51/88
f 52/52/93 53/53/94 3415/3948/95
f 3403/3934/96 53/53/94 52/52/93
f 3411/3944/97 3415/3948/95 53/53/94
f 55/55/98 54/54/99 3451/3987/100
f 3441/3977/101 54/54/99 55/55/98
f 3447/3983/102 3451/3987/100 54/54/99
f 122/129/87 56/56/88 120/127/89
f 57/57/91 119/126/103 58/58/104
f 122/129/87 123/130/105 84/85/90
f 84/85/90 56/56/88 122/129/87
f 10/10/21 1303/1483/106 9/9/19
f 1294/1474/107 9/9/19 1303/1483/106
f 4214/4912/60 4232/4930/108 59/59/109
f 59/59/109 4232/4930/108 29/29/65
f 3173/3668/68 60/60/110 30/30/66
f 60/60/110 3173/3668/68 3189/3687/111
f 31/31/68 3224/3726/112 61/61/71
f 3224/3726/112 31/31/68 3227/3730/111
f 33/33/75 3264/3773/113 35/35/73
f 3264/3773/113 33/33/75 3252/3760/114
f 36/36/80 3303/3818/115 62/62/78
f 3303/3818/115 36/36/80 3291/3805/116
f 45/45/89 63/63/117 44/44/87
f 3341/3862/118 44/44/87 63/63/117
f 50/50/92 64/64/119 48/48/87
f 3366/3892/105 48/48/87 64/64/119
f 3415/3948/95 65/65/120 52/52/93
f 66/67/121 52/52/93 65/65/120
f 3451/3987/100 67/68/122 55/55/98
f 3454/3991/123 55/55/98 67/68/122
f 326/358/124 68/69/125 328/360/126
f 328/360/126 325/357/127 326/358/124
f 325/357/127 328/360/126 331/363/128
f 331/363/128 69/70/129 325/357/127
f 69/70/129 331/363/128 70/71/130
f 70/71/130 71/72/131 69/70/129
f 72/73/7 71/72/131 70/71/130
f 70/71/130 73/74/8 72/73/7
f 91/94/85 74/75/132 75/76/133
f 75/76/133 74/75/132 89/92/69
f 89/92/69 39/39/72 75/76/133
f 76/77/134 77/78/135 78/79/136
f 78/79/136 525/572/137 76/77/134
f 79/80/138 76/77/134 525/572/137
f 525/572/137 80/81/139 79/80/138
f 81/82/140 79/80/138 80/81/139
f 80/81/139 522/569/141 81/82/140
f 81/82/140 522/569/141 520/567/6
f 520/567/6 82/83/5 81/82/140
f 83/84/142 131/141/143 119/126/103
f 84/85/90 131/141/143 83/84/142
f 83/84/142 56/56/88 84/85/90
f 75/76/133 41/41/70 91/94/85
f 41/41/70 75/76/133 39/39/72
f 39/39/72 38/38/66 41/41/70
f 41/41/70 38/38/66 40/40/84
f 40/40/84 38/38/66 85/86/144
f 42/42/83 85/86/144 38/38/66
f 85/86/144 42/42/83 43/43/86
f 85/86/144 86/87/145 40/40/84
f 43/43/86 86/88/145 85/86/144
f 40/40/84 86/87/145 87/89/146
f 86/88/145 43/43/86 88/91/147
f 88/91/147 87/90/146 86/88/145
f 88/91/147 43/43/86 89/92/69
f 87/89/146 90/93/148 40/40/84
f 90/93/148 87/89/146 94/98/149
f 91/94/85 40/40/84 90/93/148
f 89/92/69 92/95/150 88/91/147
f 92/95/150 89/92/69 74/75/132
f 87/90/146 88/91/147 93/96/151
f 93/96/151 88/91/147 92/95/150
f 93/96/151 94/97/149 87/90/146
f 74/75/132 91/94/85 95/99/152
f 90/93/148 95/99/152 91/94/85
f 94/97/149 93/96/151 96/100/153
f 96/100/153 97/102/154 94/97/149
f 94/98/149 98/103/155 90/93/148
f 95/99/152 90/93/148 98/103/155
f 98/103/155 94/98/149 97/101/154
f 95/99/152 99/104/156 74/75/132
f 74/75/132 99/104/156 92/95/150
f 98/103/155 100/105/157 95/99/152
f 99/104/156 95/99/152 100/105/157
f 97/101/154 101/106/158 98/103/155
f 100/105/157 98/103/155 101/106/158
f 102/107/159 92/95/150 99/104/156
f 92/95/150 102/107/159 93/96/151
f 96/100/153 93/96/151 102/107/159
f 100/105/157 103/108/160 99/104/156
f 99/104/156 103/108/160 102/107/159
f 101/106/158 104/109/161 100/105/157
f 103/108/160 100/105/157 104/109/161
f 105/110/162 101/106/158 97/101/154
f 97/101/154 117/122/163 105/110/162
f 117/122/163 118/124/164 106/111/165
f 106/111/165 105/110/162 117/122/163
f 105/110/162 106/111/165 107/112/166
f 101/106/158 105/110/162 108/113/167
f 107/112/166 108/113/167 105/110/162
f 108/113/167 104/109/161 101/106/158
f 109/114/168 108/113/167 107/112/166
f 107/112/166 110/115/169 109/114/168
f 111/116/170 104/109/161 108/113/167
f 108/113/167 109/114/168 111/116/170
f 104/109/161 111/116/170 103/108/160
f 109/114/168 110/115/169 112/117/171
f 103/108/160 111/116/170 113/118/172
f 113/118/172 111/116/170 109/114/168
f 113/118/172 102/107/159 103/108/160
f 102/107/159 113/118/172 96/100/153
f 109/114/168 114/119/173 113/118/172
f 96/100/153 113/118/172 114/119/173
f 112/117/171 114/119/173 109/114/168
f 114/119/173 115/120/174 96/100/153
f 115/120/174 114/119/173 112/117/171
f 97/102/154 96/100/153 115/120/174
f 112/117/171 116/121/175 115/120/174
f 115/120/174 117/123/163 97/102/154
f 117/123/163 115/120/174 116/121/175
f 116/121/175 118/125/164 117/123/163
f 119/126/103 57/57/91 83/84/142
f 56/56/88 83/84/142 57/57/91
f 57/57/91 120/127/89 56/56/88
f 58/58/104 120/127/89 57/57/91
f 121/128/176 120/127/89 58/58/104
f 120/127/89 121/128/176 122/129/87
f 123/130/105 122/129/87 121/128/176
f 58/58/104 124/131/177 121/128/176
f 121/128/176 124/132/177 123/130/105
f 125/133/178 124/131/177 58/58/104
f 126/135/179 123/130/105 124/132/177
f 84/85/90 123/130/105 126/135/179
f 124/132/177 125/134/178 126/135/179
f 58/58/104 127/136/180 125/133/178
f 127/136/180 58/58/104 119/126/103
f 138/148/181 125/133/178 127/136/180
f 119/126/103 128/137/182 127/136/180
f 127/136/180 129/138/183 138/148/181
f 129/138/183 127/136/180 128/137/182
f 130/140/184 138/148/181 129/138/183
f 128/137/182 119/126/103 131/141/143
f 129/138/183 132/142/185 130/140/184
f 128/137/182 133/143/186 129/138/183
f 132/142/185 129/138/183 133/143/186
f 131/141/143 134/144/187 128/137/182
f 133/143/186 128/137/182 134/144/187
f 131/141/143 84/85/90 135/145/188
f 135/145/188 134/144/187 131/141/143
f 126/135/179 135/145/188 84/85/90
f 134/144/187 136/146/189 133/143/186
f 135/145/188 126/135/179 137/147/190
f 137/147/190 126/135/179 125/134/178
f 125/134/178 138/149/181 137/147/190
f 134/144/187 135/145/188 139/150/191
f 137/147/190 139/150/191 135/145/188
f 139/150/191 136/146/189 134/144/187
f 140/151/192 137/147/190 138/149/181
f 139/150/191 137/147/190 140/151/192
f 138/149/181 130/139/184 140/151/192
f 136/146/189 139/150/191 141/152/193
f 140/151/192 141/152/193 139/150/191
f 142/153/194 133/143/186 136/146/189
f 133/143/186 142/153/194 132/142/185
f 136/146/189 143/154/195 142/153/194
f 141/152/193 143/154/195 136/146/189
f 132/142/185 142/153/194 144/155/196
f 144/155/196 142/153/194 143/154/195
f 145/156/197 143/154/195 141/152/193
f 143/154/195 145/156/197 144/155/196
f 146/157/198 141/152/193 140/151/192
f 141/152/193 146/157/198 145/156/197
f 147/158/199 140/151/192 130/139/184
f 140/151/192 147/158/199 146/157/198
f 130/139/184 148/159/200 147/158/199
f 148/159/200 155/167/201 149/161/202
f 149/161/202 147/158/199 148/159/200
f 147/158/199 149/161/202 150/162/203
f 150/162/203 146/157/198 147/158/199
f 145/156/197 146/157/198 150/162/203
f 150/162/203 151/163/204 145/156/197
f 145/156/197 151/163/204 152/164/205
f 152/164/205 144/155/196 145/156/197
f 153/165/206 144/155/196 152/164/205
f 144/155/196 153/165/206 132/142/185
f 130/140/184 132/142/185 153/165/206
f 152/164/205 154/166/207 153/165/206
f 153/165/206 148/160/200 130/140/184
f 148/160/200 153/165/206 154/166/207
f 154/166/207 155/168/201 148/160/200
f 595/648/208 2323/2675/209 451/492/210
f 451/492/210 156/169/211 595/648/208
f 598/652/212 595/648/208 156/169/211
f 156/169/211 451/492/210 157/170/213
f 156/169/211 158/172/214 598/652/212
f 159/173/215 598/652/212 158/172/214
f 157/170/213 160/175/216 156/169/211
f 158/172/214 156/169/211 160/175/216
f 158/172/214 161/176/217 159/173/215
f 162/177/218 159/173/215 161/176/217
f 160/175/216 157/170/213 163/179/219
f 163/179/219 157/170/213 164/180/220
f 163/179/219 164/180/220 165/182/221
f 161/176/217 166/184/222 162/177/218
f 167/185/223 162/177/218 166/184/222
f 161/176/217 158/172/214 168/187/224
f 166/184/222 161/176/217 168/187/224
f 166/184/222 169/188/225 167/185/223
f 170/189/226 167/185/223 169/188/225
f 168/187/224 171/191/227 166/184/222
f 171/191/227 169/188/225 166/184/222
f 168/187/224 158/172/214 172/192/228
f 160/175/216 172/192/228 158/172/214
f 168/187/224 173/193/229 171/191/227
f 172/192/228 173/193/229 168/187/224
f 172/192/228 160/175/216 174/194/230
f 163/179/219 174/194/230 160/175/216
f 175/195/231 173/193/229 172/192/228
f 176/196/232 174/194/230 163/179/219
f 174/194/230 177/197/233 172/192/228
f 172/192/228 177/197/233 175/195/231
f 163/179/219 178/198/234 176/196/232
f 165/182/221 178/198/234 163/179/219
f 179/199/235 178/198/234 165/182/221
f 178/198/234 179/199/235 176/196/232
f 165/182/221 459/501/236 179/199/235
f 174/194/230 176/196/232 180/200/237
f 180/200/237 176/196/232 179/199/235
f 180/200/237 177/197/233 174/194/230
f 181/201/238 179/199/235 459/501/236
f 459/501/236 182/202/239 181/201/238
f 179/199/235 183/204/240 180/200/237
f 179/199/235 181/201/238 183/204/240
f 184/205/241 181/201/238 182/202/239
f 182/202/239 185/206/242 184/205/241
f 184/205/241 185/206/242 186/208/243
f 186/208/243 187/211/244 184/205/241
f 188/213/245 183/204/240 181/201/238
f 181/201/238 184/205/241 188/213/245
f 188/213/245 184/205/241 187/211/244
f 180/200/237 183/204/240 188/213/245
f 187/211/244 4457/5201/246 188/213/245
f 188/213/245 4457/5201/246 4458/5203/247
f 4458/5203/247 189/214/248 188/213/245
f 188/213/245 189/214/248 180/200/237
f 189/214/248 4458/5203/247 190/215/2
f 190/215/2 1/1/1 189/214/248
f 180/200/237 189/214/248 1/1/1
f 1/1/1 177/197/233 180/200/237
f 1/1/1 4463/5209/3 191/217/249
f 177/197/233 1/1/1 192/219/250
f 191/217/249 192/219/250 1/1/1
f 192/219/250 175/195/231 177/197/233
f 193/220/251 192/219/250 191/217/249
f 191/217/249 194/221/252 193/220/251
f 195/223/253 175/195/231 192/219/250
f 192/219/250 193/220/251 195/223/253
f 196/224/254 193/220/251 194/221/252
f 194/221/252 197/225/255 196/224/254
f 196/224/254 197/225/255 198/227/256
f 199/229/257 195/223/253 193/220/251
f 193/220/251 196/224/254 199/229/257
f 175/195/231 195/223/253 200/230/258
f 200/230/258 173/193/229 175/195/231
f 195/223/253 199/229/257 201/231/259
f 201/231/259 200/230/258 195/223/253
f 202/232/260 199/229/257 196/224/254
f 203/233/261 201/231/259 199/229/257
f 199/229/257 202/232/260 203/233/261
f 198/227/256 204/234/262 196/224/254
f 196/224/254 204/234/262 202/232/260
f 204/234/262 198/227/256 205/235/263
f 203/233/261 202/232/260 206/237/264
f 206/237/264 202/232/260 204/234/262
f 207/238/265 201/231/259 203/233/261
f 200/230/258 201/231/259 207/238/265
f 206/237/264 208/239/266 203/233/261
f 203/233/261 208/239/266 207/238/265
f 200/230/258 209/240/267 173/193/229
f 171/191/227 173/193/229 209/240/267
f 207/238/265 210/241/268 200/230/258
f 209/240/267 200/230/258 210/241/268
f 211/242/269 171/191/227 209/240/267
f 211/242/269 169/188/225 171/191/227
f 210/241/268 212/243/270 209/240/267
f 209/240/267 213/244/271 211/242/269
f 209/240/267 212/243/270 213/244/271
f 214/245/272 169/188/225 211/242/269
f 215/246/273 211/242/269 213/244/271
f 214/245/272 211/242/269 215/246/273
f 216/247/274 213/244/271 212/243/270
f 213/244/271 216/247/274 215/246/273
f 214/245/272 217/248/275 169/188/225
f 169/188/225 217/248/275 170/189/226
f 170/189/226 217/248/275 218/249/276
f 218/249/276 608/663/277 170/189/226
f 219/250/278 217/248/275 214/245/272
f 218/249/276 217/248/275 219/250/278
f 608/663/277 218/249/276 220/251/279
f 220/251/279 610/666/280 608/663/277
f 219/250/278 221/252/281 218/249/276
f 220/251/279 218/249/276 221/252/281
f 222/253/282 219/250/278 214/245/272
f 215/246/273 222/253/282 214/245/272
f 610/666/280 220/251/279 223/254/283
f 223/254/283 613/670/284 610/666/280
f 224/255/285 613/670/284 223/254/283
f 219/250/278 222/253/282 225/257/286
f 223/254/283 226/258/287 224/255/285
f 225/257/286 227/259/288 219/250/278
f 221/252/281 219/250/278 227/259/288
f 228/260/289 225/257/286 222/253/282
f 222/253/282 215/246/273 228/260/289
f 225/257/286 229/261/290 227/259/288
f 229/261/290 225/257/286 228/260/289
f 227/259/288 230/262/291 221/252/281
f 230/262/291 227/259/288 229/261/290
f 231/263/292 221/252/281 230/262/291
f 221/252/281 231/263/292 220/251/279
f 232/264/293 223/254/283 220/251/279
f 220/251/279 231/263/292 232/264/293
f 226/258/287 223/254/283 232/264/293
f 230/262/291 233/265/294 231/263/292
f 232/264/293 231/263/292 233/265/294
f 229/261/290 234/266/295 230/262/291
f 233/265/294 230/262/291 234/266/295
f 232/264/293 235/267/296 226/258/287
f 233/265/294 236/268/297 232/264/293
f 235/267/296 232/264/293 236/268/297
f 234/266/295 237/269/298 233/265/294
f 226/258/287 235/267/296 238/270/299
f 239/271/300 233/265/294 237/269/298
f 236/268/297 233/265/294 239/271/300
f 236/268/297 240/272/301 235/267/296
f 238/270/299 235/267/296 240/272/301
f 236/268/297 239/271/300 241/273/302
f 240/272/301 236/268/297 242/274/303
f 241/273/302 242/274/303 236/268/297
f 237/269/298 243/275/304 239/271/300
f 244/276/305 241/273/302 239/271/300
f 239/271/300 243/275/304 244/276/305
f 245/277/306 243/275/304 237/269/298
f 244/276/305 243/275/304 245/277/306
f 237/269/298 246/278/307 245/277/306
f 246/278/307 237/269/298 234/266/295
f 245/277/306 247/279/308 244/276/305
f 234/266/295 248/280/309 246/278/307
f 248/280/309 234/266/295 229/261/290
f 246/278/307 249/281/310 245/277/306
f 248/280/309 249/281/310 246/278/307
f 245/277/306 249/281/310 247/279/308
f 229/261/290 250/282/311 248/280/309
f 248/280/309 250/282/311 249/281/310
f 228/260/289 250/282/311 229/261/290
f 251/283/312 244/276/305 247/279/308
f 241/273/302 244/276/305 251/283/312
f 250/282/311 228/260/289 252/284/313
f 228/260/289 215/246/273 252/284/313
f 249/281/310 250/282/311 253/285/314
f 252/284/313 253/285/314 250/282/311
f 253/285/314 254/286/315 249/281/310
f 247/279/308 249/281/310 254/286/315
f 254/286/315 253/285/314 252/284/313
f 247/279/308 254/286/315 251/283/312
f 251/283/312 254/286/315 255/287/316
f 241/273/302 251/283/312 255/287/316
f 252/284/313 255/287/316 254/286/315
f 255/287/316 242/274/303 241/273/302
f 256/288/317 252/284/313 215/246/273
f 255/287/316 252/284/313 256/288/317
f 215/246/273 216/247/274 256/288/317
f 242/274/303 255/287/316 257/289/318
f 256/288/317 257/289/318 255/287/316
f 256/288/317 216/247/274 258/290/319
f 212/243/270 258/290/319 216/247/274
f 257/289/318 256/288/317 259/291/320
f 258/290/319 259/291/320 256/288/317
f 257/289/318 260/292/321 242/274/303
f 259/291/320 261/293/322 257/289/318
f 260/292/321 257/289/318 261/293/322
f 262/294/323 259/291/320 258/290/319
f 261/293/322 259/291/320 262/294/323
f 258/290/319 212/243/270 263/295/324
f 258/290/319 263/295/324 262/294/323
f 264/296/325 263/295/324 212/243/270
f 212/243/270 210/241/268 264/296/325
f 262/294/323 263/295/324 265/297/326
f 265/297/326 263/295/324 264/296/325
f 266/298/327 264/296/325 210/241/268
f 210/241/268 207/238/265 266/298/327
f 264/296/325 267/299/328 265/297/326
f 268/300/329 266/298/327 207/238/265
f 264/296/325 266/298/327 269/301/330
f 269/301/330 267/299/328 264/296/325
f 269/301/330 266/298/327 268/300/329
f 207/238/265 208/239/266 268/300/329
f 270/302/331 267/299/328 269/301/330
f 265/297/326 267/299/328 270/302/331
f 268/300/329 271/303/332 269/301/330
f 269/301/330 272/304/333 270/302/331
f 272/304/333 269/301/330 271/303/332
f 268/300/329 208/239/266 273/305/334
f 271/303/332 274/306/335 272/304/333
f 271/303/332 268/300/329 275/307/336
f 273/305/334 275/307/336 268/300/329
f 274/306/335 271/303/332 276/308/337
f 275/307/336 276/308/337 271/303/332
f 277/309/338 272/304/333 274/306/335
f 270/302/331 272/304/333 277/309/338
f 276/308/337 278/310/339 274/306/335
f 274/306/335 279/311/340 277/309/338
f 279/311/340 274/306/335 278/310/339
f 277/309/338 280/312/341 270/302/331
f 278/310/339 281/313/342 279/311/340
f 282/314/343 270/302/331 280/312/341
f 270/302/331 282/314/343 265/297/326
f 281/313/342 278/310/339 283/315/344
f 283/315/344 278/310/339 276/308/337
f 265/297/326 282/314/343 284/316/345
f 276/308/337 285/317/346 283/315/344
f 284/316/345 286/318/347 265/297/326
f 265/297/326 286/318/347 262/294/323
f 284/316/345 282/314/343 287/319/348
f 280/312/341 287/319/348 282/314/343
f 288/320/349 262/294/323 286/318/347
f 262/294/323 288/320/349 261/293/322
f 286/318/347 284/316/345 289/321/350
f 290/322/351 261/293/322 288/320/349
f 261/293/322 290/322/351 260/292/321
f 286/318/347 291/323/352 288/320/349
f 289/321/350 291/323/352 286/318/347
f 288/320/349 292/324/353 290/322/351
f 292/324/353 288/320/349 291/323/352
f 289/321/350 284/316/345 293/325/354
f 287/319/348 293/325/354 284/316/345
f 291/323/352 289/321/350 294/326/355
f 293/325/354 295/327/356 289/321/350
f 294/326/355 289/321/350 295/327/356
f 296/328/357 293/325/354 287/319/348
f 295/327/356 293/325/354 296/328/357
f 294/326/355 297/329/358 291/323/352
f 291/323/352 297/329/358 292/324/353
f 295/327/356 298/330/359 294/326/355
f 299/331/360 292/324/353 297/329/358
f 300/332/361 297/329/358 294/326/355
f 297/329/358 300/332/361 299/331/360
f 301/333/362 294/326/355 298/330/359
f 294/326/355 301/333/362 300/332/361
f 292/324/353 299/331/360 302/334/363
f 302/334/363 290/322/351 292/324/353
f 303/335/364 299/331/360 300/332/361
f 290/322/351 302/334/363 304/336/365
f 304/336/365 260/292/321 290/322/351
f 302/334/363 299/331/360 305/337/366
f 303/335/364 305/337/366 299/331/360
f 260/292/321 304/336/365 306/338/367
f 306/338/367 242/274/303 260/292/321
f 242/274/303 306/338/367 240/272/301
f 307/339/368 305/337/366 303/335/364
f 308/340/369 240/272/301 306/338/367
f 240/272/301 308/340/369 238/270/299
f 309/341/370 306/338/367 304/336/365
f 306/338/367 309/341/370 308/340/369
f 304/336/365 310/342/371 309/341/370
f 310/342/371 304/336/365 302/334/363
f 308/340/369 309/341/370 311/343/372
f 302/334/363 312/344/373 310/342/371
f 309/341/370 310/342/371 313/345/374
f 313/345/374 311/343/372 309/341/370
f 310/342/371 312/344/373 314/346/375
f 314/346/375 313/345/374 310/342/371
f 315/347/376 312/344/373 302/334/363
f 302/334/363 305/337/366 315/347/376
f 314/346/375 312/344/373 315/347/376
f 307/339/368 315/347/376 305/337/366
f 313/345/374 314/346/375 316/348/377
f 317/349/378 315/347/376 307/339/368
f 317/349/378 307/339/368 303/335/364
f 316/348/377 318/350/379 313/345/374
f 311/343/372 313/345/374 318/350/379
f 317/349/378 303/335/364 285/317/346
f 300/332/361 285/317/346 303/335/364
f 285/317/346 300/332/361 301/333/362
f 301/333/362 283/315/344 285/317/346
f 319/351/380 283/315/344 301/333/362
f 283/315/344 319/351/380 281/313/342
f 301/333/362 320/352/381 319/351/380
f 298/330/359 320/352/381 301/333/362
f 281/313/342 319/351/380 321/353/382
f 321/353/382 319/351/380 320/352/381
f 320/352/381 298/330/359 322/354/383
f 322/354/383 298/330/359 295/327/356
f 320/352/381 323/355/384 321/353/382
f 322/354/383 323/355/384 320/352/381
f 295/327/356 324/356/385 322/354/383
f 296/328/357 324/356/385 295/327/356
f 322/354/383 324/356/385 325/357/127
f 325/357/127 324/356/385 296/328/357
f 325/357/127 69/70/129 322/354/383
f 323/355/384 322/354/383 69/70/129
f 296/328/357 326/358/124 325/357/127
f 69/70/129 71/72/131 323/355/384
f 68/69/125 326/358/124 296/328/357
f 323/355/384 71/72/131 72/73/7
f 72/73/7 321/353/382 323/355/384
f 2/2/9 321/353/382 72/73/7
f 321/353/382 2/2/9 281/313/342
f 296/328/357 327/359/386 68/69/125
f 287/319/348 327/359/386 296/328/357
f 328/360/126 68/69/125 327/359/386
f 327/359/386 287/319/348 280/312/341
f 280/312/341 329/361/387 327/359/386
f 327/359/386 329/361/387 328/360/126
f 329/361/387 280/312/341 277/309/338
f 328/360/126 329/361/387 330/362/388
f 277/309/338 330/362/388 329/361/387
f 330/362/388 331/363/128 328/360/126
f 330/362/388 277/309/338 279/311/340
f 331/363/128 330/362/388 332/364/389
f 279/311/340 332/364/389 330/362/388
f 332/364/389 279/311/340 281/313/342
f 281/313/342 2/2/9 332/364/389
f 332/364/389 70/71/130 331/363/128
f 70/71/130 332/364/389 2/2/9
f 2/2/9 73/74/8 70/71/130
f 285/317/346 276/308/337 333/365/390
f 285/317/346 333/365/390 317/349/378
f 276/308/337 275/307/336 333/365/390
f 334/366/391 317/349/378 333/365/390
f 333/365/390 275/307/336 334/366/391
f 317/349/378 334/366/391 335/367/392
f 336/368/393 334/366/391 275/307/336
f 335/367/392 337/369/394 317/349/378
f 315/347/376 317/349/378 337/369/394
f 275/307/336 338/370/395 336/368/393
f 338/370/395 275/307/336 273/305/334
f 334/366/391 336/368/393 339/371/396
f 339/371/396 335/367/392 334/366/391
f 340/372/397 336/368/393 338/370/395
f 339/371/396 336/368/393 340/372/397
f 341/373/398 338/370/395 273/305/334
f 338/370/395 341/373/398 340/372/397
f 273/305/334 342/374/399 341/373/398
f 342/374/399 273/305/334 208/239/266
f 208/239/266 206/237/264 342/374/399
f 343/375/400 340/372/397 341/373/398
f 344/376/401 341/373/398 342/374/399
f 341/373/398 344/376/401 343/375/400
f 345/377/402 342/374/399 206/237/264
f 342/374/399 345/377/402 344/376/401
f 206/237/264 346/378/403 345/377/402
f 346/378/403 206/237/264 204/234/262
f 347/379/404 344/376/401 345/377/402
f 204/234/262 348/380/405 346/378/403
f 205/235/263 348/380/405 204/234/262
f 349/381/406 345/377/402 346/378/403
f 345/377/402 349/381/406 347/379/404
f 350/382/407 348/380/405 205/235/263
f 205/235/263 1114/1257/408 350/382/407
f 351/383/409 346/378/403 348/380/405
f 348/380/405 350/382/407 351/383/409
f 346/378/403 351/383/409 349/381/406
f 352/384/410 350/382/407 1114/1257/408
f 351/383/409 350/382/407 352/384/410
f 1114/1257/408 353/385/411 352/384/410
f 354/387/412 349/381/406 351/383/409
f 355/388/413 352/384/410 353/385/411
f 353/385/411 1115/1259/414 355/388/413
f 355/388/413 1115/1259/414 356/389/415
f 352/384/410 357/391/416 351/383/409
f 351/383/409 357/391/416 354/387/412
f 352/384/410 355/388/413 358/392/417
f 358/392/417 357/391/416 352/384/410
f 356/389/415 359/393/418 355/388/413
f 358/392/417 355/388/413 359/393/418
f 359/393/418 356/389/415 360/394/419
f 357/391/416 358/392/417 361/396/420
f 361/396/420 354/387/412 357/391/416
f 359/393/418 362/397/421 358/392/417
f 361/396/420 358/392/417 362/397/421
f 360/394/419 363/398/422 359/393/418
f 363/398/422 360/394/419 364/399/423
f 365/401/424 362/397/421 359/393/418
f 359/393/418 363/398/422 365/401/424
f 362/397/421 366/402/425 361/396/420
f 366/402/425 362/397/421 365/401/424
f 364/399/423 367/403/426 363/398/422
f 365/401/424 363/398/422 367/403/426
f 368/404/427 367/403/426 364/399/423
f 364/399/423 1121/1266/428 368/404/427
f 367/403/426 369/405/429 365/401/424
f 369/405/429 367/403/426 368/404/427
f 365/401/424 370/406/430 366/402/425
f 370/406/430 365/401/424 369/405/429
f 371/407/431 361/396/420 366/402/425
f 354/387/412 361/396/420 371/407/431
f 372/408/432 366/402/425 370/406/430
f 366/402/425 372/408/432 371/407/431
f 371/407/431 373/409/433 354/387/412
f 349/381/406 354/387/412 373/409/433
f 373/409/433 347/379/404 349/381/406
f 371/407/431 374/410/434 373/409/433
f 372/408/432 374/410/434 371/407/431
f 375/411/435 347/379/404 373/409/433
f 344/376/401 347/379/404 375/411/435
f 375/411/435 343/375/400 344/376/401
f 373/409/433 376/412/436 375/411/435
f 376/412/436 373/409/433 374/410/434
f 377/413/437 343/375/400 375/411/435
f 375/411/435 376/412/436 377/413/437
f 343/375/400 377/413/437 340/372/397
f 376/412/436 374/410/434 378/414/438
f 378/414/438 377/413/437 376/412/436
f 379/415/439 340/372/397 377/413/437
f 377/413/437 378/414/438 379/415/439
f 340/372/397 379/415/439 339/371/396
f 378/414/438 374/410/434 380/416/440
f 374/410/434 372/408/432 380/416/440
f 379/415/439 378/414/438 381/417/441
f 380/416/440 381/417/441 378/414/438
f 382/418/442 380/416/440 372/408/432
f 381/417/441 380/416/440 382/418/442
f 372/408/432 383/419/443 382/418/442
f 370/406/430 383/419/443 372/408/432
f 382/418/442 384/420/444 381/417/441
f 383/419/443 370/406/430 385/421/445
f 369/405/429 385/421/445 370/406/430
f 382/418/442 383/419/443 386/422/446
f 385/421/445 386/422/446 383/419/443
f 386/422/446 384/420/444 382/418/442
f 385/421/445 369/405/429 387/423/447
f 368/404/427 387/423/447 369/405/429
f 386/422/446 385/421/445 388/424/448
f 387/423/447 388/424/448 385/421/445
f 384/420/444 386/422/446 389/425/449
f 388/424/448 389/425/449 386/422/446
f 390/426/450 381/417/441 384/420/444
f 389/425/449 390/426/450 384/420/444
f 381/417/441 390/426/450 379/415/439
f 339/371/396 379/415/439 390/426/450
f 389/425/449 388/424/448 391/427/451
f 390/426/450 389/425/449 392/428/452
f 391/427/451 392/428/452 389/425/449
f 390/426/450 393/429/453 339/371/396
f 392/428/452 393/429/453 390/426/450
f 339/371/396 393/429/453 394/430/454
f 394/430/454 335/367/392 339/371/396
f 393/429/453 392/428/452 395/431/455
f 395/431/455 394/430/454 393/429/453
f 391/427/451 395/431/455 392/428/452
f 335/367/392 394/430/454 396/432/456
f 396/432/456 337/369/394 335/367/392
f 337/369/394 396/432/456 315/347/376
f 394/430/454 395/431/455 397/433/457
f 397/433/457 396/432/456 394/430/454
f 398/434/458 315/347/376 396/432/456
f 399/435/459 315/347/376 398/434/458
f 315/347/376 399/435/459 314/346/375
f 400/436/460 398/434/458 396/432/456
f 400/436/460 399/435/459 398/434/458
f 396/432/456 397/433/457 401/437/461
f 401/437/461 400/436/460 396/432/456
f 399/435/459 402/438/462 314/346/375
f 402/438/462 399/435/459 400/436/460
f 314/346/375 402/438/462 403/439/463
f 403/439/463 316/348/377 314/346/375
f 404/440/464 402/438/462 400/436/460
f 400/436/460 401/437/461 404/440/464
f 405/441/465 403/439/463 402/438/462
f 402/438/462 404/440/464 405/441/465
f 316/348/377 403/439/463 406/442/466
f 405/441/465 404/440/464 407/443/467
f 407/443/467 404/440/464 401/437/461
f 403/439/463 405/441/465 408/444/468
f 408/444/468 406/442/466 403/439/463
f 407/443/467 409/445/469 405/441/465
f 408/444/468 405/441/465 409/445/469
f 406/442/466 410/446/470 316/348/377
f 318/350/379 316/348/377 410/446/470
f 406/442/466 408/444/468 411/447/471
f 409/445/469 412/448/472 408/444/468
f 411/447/471 408/444/468 412/448/472
f 410/446/470 406/442/466 413/449/473
f 411/447/471 413/449/473 406/442/466
f 410/446/470 414/450/474 318/350/379
f 413/449/473 415/451/475 410/446/470
f 414/450/474 410/446/470 415/451/475
f 416/452/476 318/350/379 414/450/474
f 318/350/379 416/452/476 311/343/372
f 415/451/475 417/453/477 414/450/474
f 418/454/478 311/343/372 416/452/476
f 311/343/372 418/454/478 308/340/369
f 238/270/299 308/340/369 418/454/478
f 414/450/474 419/455/479 416/452/476
f 419/455/479 414/450/474 417/453/477
f 416/452/476 420/456/480 418/454/478
f 418/454/478 421/457/481 238/270/299
f 421/457/481 418/454/478 420/456/480
f 422/458/482 416/452/476 419/455/479
f 420/456/480 416/452/476 422/458/482
f 238/270/299 421/457/481 423/459/483
f 420/456/480 424/460/484 421/457/481
f 423/459/483 421/457/481 424/460/484
f 423/459/483 425/461/485 238/270/299
f 238/270/299 425/461/485 226/258/287
f 224/255/285 226/258/287 425/461/485
f 425/461/485 2273/2619/486 224/255/285
f 2274/2621/487 2273/2619/486 425/461/485
f 425/461/485 423/459/483 2274/2621/487
f 2274/2621/487 423/459/483 426/462/488
f 424/460/484 426/462/488 423/459/483
f 426/462/488 427/463/489 2274/2621/487
f 2278/2626/490 427/463/489 426/462/488
f 426/462/488 428/465/491 2278/2626/490
f 428/465/491 426/462/488 424/460/484
f 2282/2631/492 2278/2626/490 428/465/491
f 424/460/484 429/466/493 428/465/491
f 428/465/491 430/467/494 2282/2631/492
f 2310/2660/495 2282/2631/492 430/467/494
f 428/465/491 429/466/493 431/468/496
f 431/468/496 430/467/494 428/465/491
f 432/469/497 429/466/493 424/460/484
f 424/460/484 420/456/480 432/469/497
f 433/470/498 431/468/496 429/466/493
f 429/466/493 432/469/497 433/470/498
f 430/467/494 431/468/496 434/471/499
f 435/472/500 432/469/497 420/456/480
f 422/458/482 435/472/500 420/456/480
f 430/467/494 436/473/501 2310/2660/495
f 434/471/499 436/473/501 430/467/494
f 2310/2660/495 436/473/501 437/474/502
f 437/474/502 2313/2664/503 2310/2660/495
f 438/475/504 436/473/501 434/471/499
f 437/474/502 436/473/501 438/475/504
f 2313/2664/503 437/474/502 439/476/505
f 439/476/505 440/477/506 2313/2664/503
f 441/479/507 437/474/502 438/475/504
f 440/477/506 439/476/505 442/480/508
f 442/480/508 443/481/509 440/477/506
f 439/476/505 437/474/502 444/483/510
f 444/483/510 437/474/502 441/479/507
f 445/484/511 442/480/508 439/476/505
f 439/476/505 444/483/510 445/484/511
f 443/481/509 442/480/508 446/485/512
f 445/484/511 446/485/512 442/480/508
f 446/485/512 447/486/513 443/481/509
f 444/483/510 448/488/514 445/484/511
f 447/486/513 446/485/512 449/489/515
f 449/489/515 450/490/516 447/486/513
f 451/493/210 2323/2676/209 450/490/516
f 450/490/516 449/489/515 451/493/210
f 157/171/213 451/493/210 449/489/515
f 452/494/517 449/489/515 446/485/512
f 449/489/515 452/494/517 157/171/213
f 453/495/518 446/485/512 445/484/511
f 446/485/512 453/495/518 452/494/517
f 445/484/511 448/488/514 453/495/518
f 454/496/519 157/171/213 452/494/517
f 164/181/220 157/171/213 454/496/519
f 165/183/221 164/181/220 454/496/519
f 455/497/520 452/494/517 453/495/518
f 452/494/517 455/497/520 454/496/519
f 454/496/519 456/498/521 165/183/221
f 454/496/519 455/497/520 457/499/522
f 457/499/522 456/498/521 454/496/519
f 165/183/221 456/498/521 458/500/523
f 457/499/522 458/500/523 456/498/521
f 458/500/523 459/502/236 165/183/221
f 460/503/524 457/499/522 455/497/520
f 458/500/523 457/499/522 460/503/524
f 453/495/518 461/504/525 455/497/520
f 455/497/520 461/504/525 460/503/524
f 459/502/236 458/500/523 462/505/526
f 462/505/526 182/203/239 459/502/236
f 458/500/523 463/506/527 462/505/526
f 460/503/524 463/506/527 458/500/523
f 182/203/239 462/505/526 464/507/528
f 464/507/528 185/207/242 182/203/239
f 186/209/243 185/207/242 464/507/528
f 464/507/528 465/508/529 186/209/243
f 462/505/526 463/506/527 466/510/530
f 466/510/530 464/507/528 462/505/526
f 465/508/529 464/507/528 466/510/530
f 466/510/530 463/506/527 460/503/524
f 466/510/530 467/511/531 465/508/529
f 468/513/532 467/511/531 466/510/530
f 466/510/530 469/515/533 468/513/532
f 460/503/524 469/515/533 466/510/530
f 470/516/534 468/513/532 469/515/533
f 471/518/535 469/515/533 460/503/524
f 469/515/533 471/518/535 470/516/534
f 460/503/524 461/504/525 471/518/535
f 1143/1294/536 470/516/534 471/518/535
f 1141/1290/537 1143/1294/536 471/518/535
f 472/519/538 471/518/535 461/504/525
f 471/518/535 472/519/538 1141/1290/537
f 461/504/525 473/520/539 472/519/538
f 473/520/539 461/504/525 453/495/518
f 453/495/518 448/488/514 473/520/539
f 1141/1290/537 472/519/538 474/521/540
f 474/521/540 1124/1271/541 1141/1290/537
f 472/519/538 473/520/539 475/522/542
f 475/522/542 474/521/540 472/519/538
f 473/520/539 448/488/514 476/523/543
f 476/523/543 475/522/542 473/520/539
f 1124/1271/541 474/521/540 477/524/544
f 477/524/544 1122/1268/545 1124/1271/541
f 1121/1266/428 1122/1268/545 477/524/544
f 477/524/544 368/404/427 1121/1266/428
f 474/521/540 475/522/542 478/525/546
f 478/525/546 477/524/544 474/521/540
f 479/526/547 368/404/427 477/524/544
f 477/524/544 478/525/546 479/526/547
f 368/404/427 479/526/547 387/423/447
f 480/527/548 478/525/546 475/522/542
f 475/522/542 476/523/543 480/527/548
f 481/528/549 479/526/547 478/525/546
f 478/525/546 480/527/548 481/528/549
f 387/423/447 479/526/547 481/528/549
f 481/528/549 480/527/548 482/529/550
f 482/529/550 480/527/548 476/523/543
f 481/528/549 483/530/551 387/423/447
f 482/529/550 483/530/551 481/528/549
f 388/424/448 387/423/447 483/530/551
f 483/530/551 391/427/451 388/424/448
f 391/427/451 483/530/551 484/531/552
f 484/531/552 483/530/551 482/529/550
f 484/531/552 395/431/455 391/427/451
f 476/523/543 485/532/553 482/529/550
f 482/529/550 486/533/554 484/531/552
f 486/533/554 482/529/550 485/532/553
f 395/431/455 484/531/552 487/534/555
f 484/531/552 486/533/554 488/535/556
f 488/535/556 487/534/555 484/531/552
f 485/532/553 489/536/557 486/533/554
f 488/535/556 486/533/554 489/536/557
f 485/532/553 476/523/543 490/537/558
f 448/488/514 490/537/558 476/523/543
f 490/537/558 448/488/514 444/483/510
f 490/537/558 444/483/510 441/479/507
f 490/537/558 491/538/559 485/532/553
f 489/536/557 485/532/553 491/538/559
f 441/479/507 492/539/560 490/537/558
f 492/539/560 491/538/559 490/537/558
f 492/539/560 441/479/507 493/540/561
f 493/540/561 441/479/507 438/475/504
f 491/538/559 492/539/560 494/541/562
f 493/540/561 494/541/562 492/539/560
f 494/541/562 495/542/563 491/538/559
f 438/475/504 496/543/564 493/540/561
f 438/475/504 434/471/499 496/543/564
f 417/453/477 494/541/562 493/540/561
f 495/542/563 494/541/562 417/453/477
f 417/453/477 415/451/475 495/542/563
f 495/542/563 415/451/475 413/449/473
f 493/540/561 497/544/565 417/453/477
f 498/545/566 491/538/559 495/542/563
f 413/449/473 498/545/566 495/542/563
f 491/538/559 498/545/566 489/536/557
f 417/453/477 497/544/565 419/455/479
f 499/546/567 498/545/566 413/449/473
f 489/536/557 498/545/566 499/546/567
f 413/449/473 411/447/471 499/546/567
f 499/546/567 500/547/568 489/536/557
f 489/536/557 500/547/568 488/535/556
f 499/546/567 411/447/471 501/548/569
f 412/448/472 501/548/569 411/447/471
f 502/549/570 500/547/568 499/546/567
f 488/535/556 500/547/568 502/549/570
f 501/548/569 503/550/571 499/546/567
f 499/546/567 503/550/571 502/549/570
f 502/549/570 504/551/572 488/535/556
f 487/534/555 488/535/556 504/551/572
f 505/552/573 502/549/570 503/550/571
f 504/551/572 506/553/574 487/534/555
f 507/554/575 504/551/572 502/549/570
f 506/553/574 504/551/572 507/554/575
f 502/549/570 505/552/573 507/554/575
f 508/555/576 487/534/555 506/553/574
f 487/534/555 508/555/576 395/431/455
f 397/433/457 395/431/455 508/555/576
f 397/433/457 508/555/576 401/437/461
f 509/556/577 401/437/461 508/555/576
f 401/437/461 509/556/577 407/443/467
f 506/553/574 510/557/578 508/555/576
f 508/555/576 510/557/578 509/556/577
f 510/557/578 506/553/574 511/558/579
f 507/554/575 511/558/579 506/553/574
f 509/556/577 510/557/578 512/559/580
f 511/558/579 512/559/580 510/557/578
f 407/443/467 509/556/577 513/560/581
f 512/559/580 513/560/581 509/556/577
f 511/558/579 507/554/575 514/561/582
f 512/559/580 511/558/579 515/562/583
f 514/561/582 515/562/583 511/558/579
f 516/563/584 513/560/581 512/559/580
f 517/564/585 514/561/582 507/554/575
f 507/554/575 505/552/573 517/564/585
f 515/562/583 514/561/582 79/80/138
f 76/77/134 79/80/138 514/561/582
f 514/561/582 517/564/585 76/77/134
f 79/80/138 81/82/140 515/562/583
f 76/77/134 517/564/585 518/565/586
f 518/565/586 517/564/585 505/552/573
f 518/565/586 77/78/135 76/77/134
f 519/566/4 515/562/583 81/82/140
f 81/82/140 82/83/5 519/566/4
f 515/562/583 519/566/4 512/559/580
f 512/559/580 519/566/4 516/563/584
f 520/567/6 516/563/584 519/566/4
f 521/568/587 516/563/584 520/567/6
f 520/567/6 522/569/141 521/568/587
f 521/568/587 522/569/141 80/81/139
f 516/563/584 521/568/587 523/570/588
f 523/570/588 513/560/581 516/563/584
f 513/560/581 523/570/588 407/443/467
f 80/81/139 524/571/589 521/568/587
f 523/570/588 521/568/587 524/571/589
f 524/571/589 80/81/139 525/572/137
f 407/443/467 523/570/588 526/573/590
f 524/571/589 526/573/590 523/570/588
f 526/573/590 409/445/469 407/443/467
f 412/448/472 409/445/469 526/573/590
f 527/574/591 526/573/590 524/571/589
f 526/573/590 527/574/591 412/448/472
f 525/572/137 528/575/592 524/571/589
f 524/571/589 528/575/592 527/574/591
f 529/576/593 528/575/592 525/572/137
f 527/574/591 528/575/592 529/576/593
f 525/572/137 78/79/136 529/576/593
f 529/576/593 78/79/136 77/78/135
f 77/78/135 518/565/586 529/576/593
f 412/448/472 527/574/591 530/577/594
f 529/576/593 530/577/594 527/574/591
f 530/577/594 501/548/569 412/448/472
f 529/576/593 518/565/586 531/578/595
f 531/578/595 530/577/594 529/576/593
f 501/548/569 530/577/594 531/578/595
f 505/552/573 531/578/595 518/565/586
f 531/578/595 503/550/571 501/548/569
f 503/550/571 531/578/595 505/552/573
f 3516/4062/596 532/579/597 2399/2757/598
f 2399/2757/598 533/581/599 3516/4062/596
f 533/581/599 2399/2757/598 2397/2755/600
f 533/581/599 3520/4068/601 3516/4062/596
f 2397/2755/600 534/582/602 533/581/599
f 533/581/599 534/582/602 3520/4068/601
f 534/582/602 2397/2755/600 2395/2753/603
f 534/582/602 3501/4046/604 3520/4068/601
f 2395/2753/603 535/583/605 534/582/602
f 535/583/605 3501/4046/604 534/582/602
f 535/583/605 2395/2753/603 536/584/606
f 3501/4046/604 535/583/605 3498/4042/607
f 536/584/606 537/585/608 535/583/605
f 3498/4042/607 535/583/605 537/585/608
f 537/585/608 536/584/606 538/586/609
f 537/585/608 539/587/610 3498/4042/607
f 540/588/611 3498/4042/607 539/587/610
f 538/586/609 541/590/612 537/585/608
f 539/587/610 537/585/608 541/590/612
f 542/591/613 540/588/611 539/587/610
f 3491/4034/614 540/588/611 542/591/613
f 541/590/612 543/592/615 539/587/610
f 539/587/610 543/592/615 542/591/613
f 544/593/616 644/705/617 3491/4034/614
f 3491/4034/614 545/595/618 544/593/616
f 542/591/613 545/595/618 3491/4034/614
f 546/596/619 544/593/616 545/595/618
f 545/595/618 547/598/620 546/596/619
f 547/598/620 545/595/618 542/591/613
f 648/711/621 546/596/619 547/598/620
f 542/591/613 548/599/622 547/598/620
f 548/599/622 542/591/613 543/592/615
f 547/598/620 549/600/623 648/711/621
f 549/600/623 547/598/620 548/599/622
f 550/601/624 648/711/621 549/600/623
f 543/592/615 551/603/625 548/599/622
f 551/603/625 543/592/615 541/590/612
f 548/599/622 552/604/626 549/600/623
f 552/604/626 548/599/622 551/603/625
f 549/600/623 553/605/627 550/601/624
f 553/605/627 549/600/623 552/604/626
f 541/590/612 554/606/628 551/603/625
f 554/606/628 541/590/612 538/586/609
f 538/586/609 2351/2705/629 554/606/628
f 551/603/625 555/607/630 552/604/626
f 555/607/630 551/603/625 554/606/628
f 556/608/631 554/606/628 2351/2705/629
f 554/606/628 556/608/631 555/607/630
f 2351/2705/629 2348/2702/632 556/608/631
f 557/609/633 552/604/626 555/607/630
f 552/604/626 557/609/633 553/605/627
f 558/610/634 555/607/630 556/608/631
f 555/607/630 558/610/634 557/609/633
f 559/611/635 556/608/631 2348/2702/632
f 556/608/631 559/611/635 558/610/634
f 2348/2702/632 2345/2699/636 559/611/635
f 560/612/637 559/611/635 2345/2699/636
f 2345/2699/636 2341/2695/638 560/612/637
f 561/613/639 558/610/634 559/611/635
f 559/611/635 560/612/637 561/613/639
f 562/614/640 560/612/637 2341/2695/638
f 561/613/639 560/612/637 562/614/640
f 2341/2695/638 2336/2690/641 562/614/640
f 558/610/634 561/613/639 563/615/642
f 563/615/642 557/609/633 558/610/634
f 562/614/640 564/616/643 561/613/639
f 557/609/633 563/615/642 565/617/644
f 565/617/644 553/605/627 557/609/633
f 566/618/645 563/615/642 561/613/639
f 561/613/639 564/616/643 566/618/645
f 567/619/646 565/617/644 563/615/642
f 563/615/642 566/618/645 567/619/646
f 553/605/627 565/617/644 568/620/647
f 550/601/624 553/605/627 568/620/647
f 568/620/647 569/621/648 550/601/624
f 568/620/647 565/617/644 570/623/649
f 569/621/648 568/620/647 570/623/649
f 565/617/644 567/619/646 571/624/650
f 571/624/650 570/623/649 565/617/644
f 572/625/651 569/621/648 570/623/649
f 569/621/648 572/625/651 656/721/652
f 570/623/649 571/624/650 573/626/653
f 573/626/653 572/625/651 570/623/649
f 571/624/650 567/619/646 574/627/654
f 574/627/654 567/619/646 566/618/645
f 573/626/653 571/624/650 575/628/655
f 574/627/654 575/628/655 571/624/650
f 566/618/645 576/629/656 574/627/654
f 576/629/656 566/618/645 564/616/643
f 564/616/643 577/630/657 576/629/656
f 577/630/657 564/616/643 562/614/640
f 574/627/654 576/629/656 578/631/658
f 578/631/658 576/629/656 577/630/657
f 562/614/640 579/632/659 577/630/657
f 562/614/640 2336/2690/641 579/632/659
f 580/633/660 577/630/657 579/632/659
f 577/630/657 580/633/660 578/631/658
f 581/634/661 579/632/659 2336/2690/641
f 579/632/659 581/634/661 580/633/660
f 2336/2690/641 2335/2689/662 581/634/661
f 581/634/661 2335/2689/662 2332/2686/663
f 2332/2686/663 582/635/664 581/634/661
f 582/635/664 2332/2686/663 583/636/665
f 584/637/666 580/633/660 581/634/661
f 581/634/661 582/635/664 584/637/666
f 583/636/665 585/638/667 582/635/664
f 585/638/667 583/636/665 586/639/668
f 582/635/664 585/638/667 587/640/669
f 587/640/669 584/637/666 582/635/664
f 586/639/668 588/641/670 585/638/667
f 587/640/669 585/638/667 588/641/670
f 588/641/670 586/639/668 2325/2679/671
f 580/633/660 584/637/666 589/642/672
f 589/642/672 578/631/658 580/633/660
f 2325/2679/671 590/643/673 588/641/670
f 591/644/674 590/643/673 2325/2679/671
f 588/641/670 592/645/675 587/640/669
f 592/645/675 588/641/670 590/643/673
f 584/637/666 587/640/669 593/646/676
f 593/646/676 589/642/672 584/637/666
f 593/646/676 587/640/669 592/645/675
f 590/643/673 591/644/674 594/647/677
f 594/647/677 591/644/674 2323/2677/209
f 2323/2677/209 595/649/208 594/647/677
f 596/650/678 590/643/673 594/647/677
f 590/643/673 596/650/678 592/645/675
f 597/651/679 594/647/677 595/649/208
f 594/647/677 597/651/679 596/650/678
f 595/649/208 598/653/212 597/651/679
f 599/654/680 597/651/679 598/653/212
f 596/650/678 597/651/679 599/654/680
f 598/653/212 159/174/215 599/654/680
f 592/645/675 596/650/678 600/655/681
f 599/654/680 600/655/681 596/650/678
f 601/656/682 599/654/680 159/174/215
f 600/655/681 599/654/680 601/656/682
f 159/174/215 162/178/218 601/656/682
f 600/655/681 602/657/683 592/645/675
f 592/645/675 602/657/683 593/646/676
f 601/656/682 603/658/684 600/655/681
f 602/657/683 600/655/681 603/658/684
f 604/659/685 601/656/682 162/178/218
f 603/658/684 601/656/682 604/659/685
f 162/178/218 167/186/223 604/659/685
f 604/659/685 167/186/223 170/190/226
f 603/658/684 605/660/686 602/657/683
f 593/646/676 602/657/683 605/660/686
f 604/659/685 606/661/687 603/658/684
f 605/660/686 603/658/684 606/661/687
f 170/190/226 607/662/688 604/659/685
f 606/661/687 604/659/685 607/662/688
f 607/662/688 170/190/226 608/664/277
f 608/664/277 609/665/689 607/662/688
f 609/665/689 608/664/277 610/667/280
f 607/662/688 611/668/690 606/661/687
f 611/668/690 607/662/688 609/665/689
f 610/667/280 612/669/691 609/665/689
f 612/669/691 610/667/280 613/671/284
f 609/665/689 614/672/692 611/668/690
f 614/672/692 609/665/689 612/669/691
f 615/673/693 606/661/687 611/668/690
f 606/661/687 615/673/693 605/660/686
f 616/674/694 611/668/690 614/672/692
f 611/668/690 616/674/694 615/673/693
f 613/671/284 617/675/695 612/669/691
f 617/675/695 613/671/284 224/256/285
f 612/669/691 618/676/696 614/672/692
f 224/256/285 619/677/697 617/675/695
f 619/677/697 224/256/285 2273/2620/486
f 2273/2620/486 2270/2616/698 619/677/697
f 612/669/691 617/675/695 620/678/699
f 620/678/699 617/675/695 619/677/697
f 620/678/699 618/676/696 612/669/691
f 621/679/700 619/677/697 2270/2616/698
f 619/677/697 621/679/700 620/678/699
f 2270/2616/698 2267/2613/701 621/679/700
f 622/680/702 620/678/699 621/679/700
f 618/676/696 620/678/699 622/680/702
f 623/681/703 621/679/700 2267/2613/701
f 621/679/700 623/681/703 622/680/702
f 2267/2613/701 2263/2609/704 623/681/703
f 622/680/702 624/682/705 618/676/696
f 625/683/706 623/681/703 2263/2609/704
f 2263/2609/704 2259/2605/707 625/683/706
f 626/684/708 622/680/702 623/681/703
f 623/681/703 625/683/706 626/684/708
f 624/682/705 622/680/702 626/684/708
f 627/685/709 625/683/706 2259/2605/707
f 2259/2605/707 2256/2602/710 627/685/709
f 628/686/711 626/684/708 625/683/706
f 625/683/706 627/685/709 628/686/711
f 629/687/712 627/685/709 2256/2602/710
f 2256/2602/710 2253/2599/713 629/687/712
f 630/688/714 628/686/711 627/685/709
f 627/685/709 629/687/712 630/688/714
f 631/689/715 629/687/712 2253/2599/713
f 2253/2599/713 2252/2598/716 631/689/715
f 631/689/715 2252/2598/716 632/690/717
f 633/691/718 630/688/714 629/687/712
f 629/687/712 631/689/715 633/691/718
f 632/690/717 634/692/719 631/689/715
f 634/692/719 632/690/717 635/693/720
f 636/694/721 633/691/718 631/689/715
f 631/689/715 634/692/719 636/694/721
f 630/688/714 633/691/718 637/695/722
f 637/695/722 633/691/718 636/694/721
f 635/693/720 638/696/723 634/692/719
f 638/696/723 635/693/720 639/697/724
f 639/697/724 640/699/725 638/696/723
f 638/696/723 640/699/725 3482/4024/726
f 634/692/719 638/696/723 641/701/727
f 3482/4024/726 641/701/727 638/696/723
f 641/701/727 636/694/721 634/692/719
f 641/701/727 3482/4024/726 642/702/728
f 642/702/728 643/704/729 641/701/727
f 636/694/721 641/701/727 643/704/729
f 643/704/729 642/702/728 644/706/617
f 644/706/617 544/594/616 643/704/729
f 643/704/729 645/708/730 636/694/721
f 645/708/730 643/704/729 544/594/616
f 636/694/721 645/708/730 637/695/722
f 544/594/616 546/597/619 645/708/730
f 646/709/731 637/695/722 645/708/730
f 645/708/730 546/597/619 646/709/731
f 647/710/732 646/709/731 546/597/619
f 546/597/619 648/712/621 647/710/732
f 637/695/722 646/709/731 649/713/733
f 649/713/733 646/709/731 647/710/732
f 650/714/734 647/710/732 648/712/621
f 647/710/732 650/714/734 649/713/733
f 648/712/621 550/602/624 650/714/734
f 650/714/734 550/602/624 569/622/648
f 649/713/733 651/715/735 637/695/722
f 637/695/722 651/715/735 630/688/714
f 628/686/711 630/688/714 651/715/735
f 651/715/735 652/716/736 628/686/711
f 652/716/736 651/715/735 649/713/733
f 652/716/736 626/684/708 628/686/711
f 650/714/734 653/717/737 649/713/733
f 649/713/733 653/717/737 652/716/736
f 626/684/708 652/716/736 654/718/738
f 653/717/737 654/718/738 652/716/736
f 626/684/708 654/718/738 624/682/705
f 655/719/739 653/717/737 650/714/734
f 569/622/648 655/719/739 650/714/734
f 655/719/739 569/622/648 656/720/652
f 657/722/740 654/718/738 653/717/737
f 656/720/652 658/723/741 655/719/739
f 658/723/741 656/720/652 700/775/742
f 653/717/737 655/719/739 659/724/743
f 658/723/741 659/724/743 655/719/739
f 653/717/737 659/724/743 657/722/740
f 700/775/742 660/725/744 658/723/741
f 660/725/744 700/775/742 661/726/745
f 659/724/743 658/723/741 662/728/746
f 661/726/745 663/729/747 660/725/744
f 663/729/747 661/726/745 696/770/748
f 658/723/741 660/725/744 664/730/749
f 664/730/749 662/728/746 658/723/741
f 660/725/744 663/729/747 665/731/750
f 665/731/750 664/730/749 660/725/744
f 696/770/748 666/732/751 663/729/747
f 665/731/750 663/729/747 666/732/751
f 666/732/751 696/770/748 694/767/752
f 667/733/753 664/730/749 665/731/750
f 662/728/746 664/730/749 667/733/753
f 666/732/751 668/734/754 665/731/750
f 694/767/752 669/735/755 666/732/751
f 668/734/754 666/732/751 669/735/755
f 670/736/756 669/735/755 694/767/752
f 694/767/752 671/737/757 670/736/756
f 670/736/756 671/737/757 693/764/758
f 693/764/758 1070/1202/759 670/736/756
f 672/739/760 669/735/755 670/736/756
f 669/735/755 672/739/760 668/734/754
f 673/740/761 670/736/756 1070/1202/759
f 670/736/756 673/740/761 672/739/760
f 1070/1202/759 1069/1200/762 673/740/761
f 674/741/763 668/734/754 672/739/760
f 675/742/764 673/740/761 1069/1200/762
f 1069/1200/762 676/743/765 675/742/764
f 677/745/766 672/739/760 673/740/761
f 673/740/761 675/742/764 677/745/766
f 672/739/760 677/745/766 674/741/763
f 675/742/764 676/743/765 891/991/767
f 678/746/768 677/745/766 675/742/764
f 674/741/763 677/745/766 678/746/768
f 891/991/767 679/747/769 675/742/764
f 675/742/764 679/747/769 678/746/768
f 679/747/769 891/991/767 680/748/770
f 678/746/768 681/750/771 674/741/763
f 680/748/770 682/751/772 679/747/769
f 683/752/773 678/746/768 679/747/769
f 679/747/769 682/751/772 683/752/773
f 681/750/771 678/746/768 683/752/773
f 684/753/774 682/751/772 680/748/770
f 683/752/773 682/751/772 684/753/774
f 680/748/770 685/754/775 684/753/774
f 683/752/773 686/756/776 681/750/771
f 687/757/777 684/753/774 685/754/775
f 685/754/775 884/983/778 687/757/777
f 684/753/774 688/758/779 683/752/773
f 686/756/776 683/752/773 688/758/779
f 689/759/780 688/758/779 684/753/774
f 684/753/774 687/757/777 689/759/780
f 688/758/779 690/760/781 686/756/776
f 690/760/781 688/758/779 689/759/780
f 691/761/782 687/757/777 884/983/778
f 884/983/778 692/762/783 691/761/782
f 692/762/783 693/765/758 671/738/757
f 671/738/757 691/761/782 692/762/783
f 691/761/782 671/738/757 694/768/752
f 687/757/777 691/761/782 695/769/784
f 694/768/752 695/769/784 691/761/782
f 695/769/784 689/759/780 687/757/777
f 695/769/784 694/768/752 696/771/748
f 696/771/748 697/772/785 695/769/784
f 689/759/780 695/769/784 697/772/785
f 697/772/785 696/771/748 661/727/745
f 697/772/785 698/773/786 689/759/780
f 689/759/780 698/773/786 690/760/781
f 661/727/745 699/774/787 697/772/785
f 698/773/786 697/772/785 699/774/787
f 699/774/787 661/727/745 700/776/742
f 701/777/788 690/760/781 698/773/786
f 700/776/742 702/778/789 699/774/787
f 702/778/789 700/776/742 656/721/652
f 656/721/652 572/625/651 702/778/789
f 699/774/787 703/779/790 698/773/786
f 703/779/790 699/774/787 702/778/789
f 698/773/786 703/779/790 701/777/788
f 704/780/791 702/778/789 572/625/651
f 702/778/789 704/780/791 703/779/790
f 572/625/651 705/781/792 704/780/791
f 705/781/792 572/625/651 573/626/653
f 703/779/790 704/780/791 706/782/793
f 706/782/793 701/777/788 703/779/790
f 704/780/791 705/781/792 707/783/794
f 707/783/794 706/782/793 704/780/791
f 573/626/653 708/784/795 705/781/792
f 575/628/655 708/784/795 573/626/653
f 701/777/788 706/782/793 709/785/796
f 706/782/793 707/783/794 709/785/796
f 690/760/781 701/777/788 710/786/797
f 709/785/796 710/786/797 701/777/788
f 710/786/797 686/756/776 690/760/781
f 686/756/776 710/786/797 711/787/798
f 711/787/798 681/750/771 686/756/776
f 710/786/797 709/785/796 712/788/799
f 712/788/799 711/787/798 710/786/797
f 681/750/771 711/787/798 713/789/800
f 713/789/800 711/787/798 712/788/799
f 713/789/800 674/741/763 681/750/771
f 668/734/754 674/741/763 713/789/800
f 713/789/800 665/731/750 668/734/754
f 665/731/750 713/789/800 667/733/753
f 712/788/799 667/733/753 713/789/800
f 712/788/799 709/785/796 714/790/801
f 709/785/796 707/783/794 714/790/801
f 667/733/753 712/788/799 715/791/802
f 714/790/801 715/791/802 712/788/799
f 715/791/802 716/792/803 667/733/753
f 667/733/753 716/792/803 662/728/746
f 717/793/804 715/791/802 714/790/801
f 718/794/805 662/728/746 716/792/803
f 662/728/746 718/794/805 659/724/743
f 719/795/806 716/792/803 715/791/802
f 716/792/803 719/795/806 718/794/805
f 715/791/802 717/793/804 719/795/806
f 659/724/743 718/794/805 720/796/807
f 720/796/807 657/722/740 659/724/743
f 718/794/805 719/795/806 721/797/808
f 721/797/808 720/796/807 718/794/805
f 719/795/806 717/793/804 722/798/809
f 722/798/809 721/797/808 719/795/806
f 714/790/801 723/799/810 717/793/804
f 722/798/809 717/793/804 723/799/810
f 723/799/810 714/790/801 707/783/794
f 721/797/808 724/800/811 720/796/807
f 657/722/740 720/796/807 724/800/811
f 721/797/808 722/798/809 725/801/812
f 725/801/812 724/800/811 721/797/808
f 723/799/810 726/802/813 722/798/809
f 725/801/812 722/798/809 726/802/813
f 724/800/811 727/803/814 657/722/740
f 654/718/738 657/722/740 727/803/814
f 727/803/814 624/682/705 654/718/738
f 724/800/811 725/801/812 728/804/815
f 728/804/815 727/803/814 724/800/811
f 729/805/816 624/682/705 727/803/814
f 727/803/814 728/804/815 729/805/816
f 618/676/696 624/682/705 729/805/816
f 729/805/816 614/672/692 618/676/696
f 614/672/692 729/805/816 616/674/694
f 730/806/817 616/674/694 729/805/816
f 729/805/816 728/804/815 730/806/817
f 730/806/817 615/673/693 616/674/694
f 728/804/815 725/801/812 731/807/818
f 731/807/818 730/806/817 728/804/815
f 726/802/813 731/807/818 725/801/812
f 615/673/693 730/806/817 732/808/819
f 731/807/818 732/808/819 730/806/817
f 731/807/818 726/802/813 733/809/820
f 733/809/820 732/808/819 731/807/818
f 733/809/820 726/802/813 723/799/810
f 615/673/693 732/808/819 734/810/821
f 734/810/821 605/660/686 615/673/693
f 735/811/822 732/808/819 733/809/820
f 734/810/821 732/808/819 735/811/822
f 723/799/810 736/812/823 733/809/820
f 735/811/822 733/809/820 736/812/823
f 707/783/794 736/812/823 723/799/810
f 705/781/792 736/812/823 707/783/794
f 708/784/795 736/812/823 705/781/792
f 736/812/823 708/784/795 735/811/822
f 735/811/822 708/784/795 737/813/824
f 735/811/822 737/813/824 734/810/821
f 575/628/655 737/813/824 708/784/795
f 605/660/686 734/810/821 738/814/825
f 734/810/821 737/813/824 738/814/825
f 605/660/686 738/814/825 593/646/676
f 737/813/824 575/628/655 739/815/826
f 739/815/826 575/628/655 574/627/654
f 740/816/827 738/814/825 737/813/824
f 738/814/825 740/816/827 593/646/676
f 739/815/826 740/816/827 737/813/824
f 589/642/672 593/646/676 740/816/827
f 578/631/658 589/642/672 740/816/827
f 574/627/654 741/817/828 739/815/826
f 578/631/658 741/817/828 574/627/654
f 741/817/828 740/816/827 739/815/826
f 740/816/827 741/817/828 578/631/658
f 742/818/829 812/900/830 743/820/831
f 743/820/831 744/822/832 742/818/829
f 744/822/832 743/820/831 4308/5015/833
f 808/894/834 742/818/829 744/822/832
f 4308/5015/833 745/823/835 744/822/832
f 745/823/835 4308/5015/833 4307/5013/836
f 744/822/832 746/824/837 808/894/834
f 747/825/838 808/894/834 746/824/837
f 744/822/832 745/823/835 748/827/839
f 748/827/839 746/824/837 744/822/832
f 4307/5013/836 749/828/840 745/823/835
f 748/827/839 745/823/835 749/828/840
f 749/828/840 4307/5013/836 4305/5010/841
f 746/824/837 750/829/842 747/825/838
f 746/824/837 748/827/839 750/829/842
f 803/888/843 747/825/838 750/829/842
f 749/828/840 751/830/844 748/827/839
f 750/829/842 752/831/845 803/888/843
f 801/885/846 803/888/843 752/831/845
f 753/832/847 750/829/842 748/827/839
f 748/827/839 751/830/844 753/832/847
f 750/829/842 754/833/848 752/831/845
f 754/833/848 750/829/842 753/832/847
f 752/831/845 755/834/849 801/885/846
f 755/834/849 752/831/845 754/833/848
f 756/835/850 801/885/846 755/834/849
f 757/837/851 754/833/848 753/832/847
f 755/834/849 758/838/852 756/835/850
f 754/833/848 759/839/853 755/834/849
f 758/838/852 755/834/849 759/839/853
f 759/839/853 754/833/848 757/837/851
f 756/835/850 758/838/852 760/840/854
f 760/840/854 761/841/855 756/835/850
f 759/839/853 762/843/856 758/838/852
f 760/840/854 758/838/852 762/843/856
f 763/844/857 761/841/855 760/840/854
f 761/841/855 763/844/857 764/845/858
f 765/847/859 764/845/858 763/844/857
f 762/843/856 766/849/860 760/840/854
f 763/844/857 767/850/861 765/847/859
f 798/882/862 765/847/859 767/850/861
f 768/851/863 763/844/857 760/840/854
f 760/840/854 766/849/860 768/851/863
f 767/850/861 763/844/857 768/851/863
f 769/852/864 766/849/860 762/843/856
f 768/851/863 766/849/860 769/852/864
f 770/853/865 762/843/856 759/839/853
f 762/843/856 770/853/865 769/852/864
f 759/839/853 771/854/866 770/853/865
f 757/837/851 771/854/866 759/839/853
f 772/855/867 770/853/865 771/854/866
f 773/856/868 771/854/866 757/837/851
f 771/854/866 773/856/868 772/855/867
f 774/857/869 769/852/864 770/853/865
f 770/853/865 772/855/867 774/857/869
f 769/852/864 775/858/870 768/851/863
f 776/859/871 774/857/869 772/855/867
f 769/852/864 774/857/869 777/860/872
f 777/860/872 775/858/870 769/852/864
f 774/857/869 776/859/871 778/861/873
f 778/861/873 777/860/872 774/857/869
f 772/855/867 779/862/874 776/859/871
f 779/862/874 772/855/867 773/856/868
f 778/861/873 776/859/871 780/863/875
f 780/863/875 776/859/871 779/862/874
f 777/860/872 778/861/873 781/864/876
f 780/863/875 782/865/877 778/861/873
f 781/864/876 778/861/873 782/865/877
f 779/862/874 783/866/878 780/863/875
f 781/864/876 784/867/879 777/860/872
f 775/858/870 777/860/872 784/867/879
f 785/868/880 780/863/875 783/866/878
f 782/865/877 780/863/875 785/868/880
f 786/869/881 783/866/878 779/862/874
f 782/865/877 787/870/882 781/864/876
f 788/871/883 783/866/878 786/869/881
f 783/866/878 788/871/883 785/868/880
f 789/872/884 787/870/882 782/865/877
f 781/864/876 787/870/882 790/873/885
f 790/873/885 787/870/882 789/872/884
f 782/865/877 791/874/886 789/872/884
f 785/868/880 791/874/886 782/865/877
f 790/873/885 792/875/887 781/864/876
f 784/867/879 781/864/876 792/875/887
f 793/876/888 789/872/884 791/874/886
f 792/875/887 794/877/889 784/867/879
f 795/878/890 789/872/884 793/876/888
f 789/872/884 795/878/890 790/873/885
f 791/874/886 796/879/891 793/876/888
f 796/879/891 791/874/886 785/868/880
f 765/848/859 793/876/888 796/879/891
f 796/879/891 764/846/858 765/848/859
f 797/880/892 793/876/888 765/848/859
f 793/876/888 797/880/892 795/878/890
f 765/848/859 798/881/862 797/880/892
f 797/880/892 798/881/862 3519/4066/893
f 764/846/858 796/879/891 799/883/894
f 785/868/880 799/883/894 796/879/891
f 799/883/894 761/842/855 764/846/858
f 756/836/850 761/842/855 799/883/894
f 800/884/895 799/883/894 785/868/880
f 799/883/894 800/884/895 756/836/850
f 785/868/880 788/871/883 800/884/895
f 801/886/846 756/836/850 800/884/895
f 800/884/895 802/887/896 801/886/846
f 802/887/896 800/884/895 788/871/883
f 803/889/843 801/886/846 802/887/896
f 788/871/883 804/890/897 802/887/896
f 786/869/881 804/890/897 788/871/883
f 802/887/896 805/891/898 803/889/843
f 805/891/898 802/887/896 804/890/897
f 747/826/838 803/889/843 805/891/898
f 806/892/899 804/890/897 786/869/881
f 804/890/897 806/892/899 805/891/898
f 805/891/898 807/893/900 747/826/838
f 808/895/834 747/826/838 807/893/900
f 805/891/898 809/896/901 807/893/900
f 809/896/901 805/891/898 806/892/899
f 807/893/900 810/897/902 808/895/834
f 807/893/900 809/896/901 810/897/902
f 742/819/829 808/895/834 810/897/902
f 811/898/903 812/901/830 742/819/829
f 810/897/902 813/903/904 742/819/829
f 742/819/829 813/903/904 811/898/903
f 813/903/904 810/897/902 814/904/905
f 814/904/905 810/897/902 809/896/901
f 811/898/903 813/903/904 815/905/906
f 814/904/905 815/905/906 813/903/904
f 815/905/906 816/906/907 811/898/903
f 809/896/901 817/908/908 814/904/905
f 816/906/907 815/905/906 818/909/909
f 818/909/909 4298/5000/910 816/906/907
f 4297/4998/911 4298/5000/910 818/909/909
f 815/905/906 814/904/905 819/910/912
f 819/910/912 818/909/909 815/905/906
f 819/910/912 814/904/905 817/908/908
f 818/909/909 820/911/913 4297/4998/911
f 820/911/913 818/909/909 819/910/912
f 4297/4998/911 820/911/913 821/912/914
f 821/912/914 4294/4994/915 4297/4998/911
f 819/910/912 822/913/916 820/911/913
f 4294/4994/915 821/912/914 823/914/917
f 823/914/917 824/915/918 4294/4994/915
f 825/917/919 821/912/914 820/911/913
f 820/911/913 822/913/916 825/917/919
f 826/918/920 823/914/917 821/912/914
f 821/912/914 825/917/919 826/918/920
f 824/915/918 823/914/917 827/919/921
f 827/919/921 823/914/917 826/918/920
f 827/919/921 828/920/922 824/915/918
f 829/922/923 828/920/922 827/919/921
f 830/924/924 822/913/916 819/910/912
f 830/924/924 825/917/919 822/913/916
f 817/908/908 830/924/924 819/910/912
f 825/917/919 830/924/924 831/925/925
f 825/917/919 831/925/925 826/918/920
f 830/924/924 817/908/908 832/926/926
f 832/926/926 831/925/925 830/924/924
f 826/918/920 831/925/925 833/927/927
f 826/918/920 833/927/927 827/919/921
f 834/928/928 831/925/925 832/926/926
f 831/925/925 834/928/928 833/927/927
f 835/929/929 832/926/926 817/908/908
f 817/908/908 809/896/901 835/929/929
f 806/892/899 835/929/929 809/896/901
f 836/930/930 832/926/926 835/929/929
f 832/926/926 836/930/930 834/928/928
f 837/931/931 835/929/929 806/892/899
f 835/929/929 837/931/931 836/930/930
f 806/892/899 838/932/932 837/931/931
f 786/869/881 838/932/932 806/892/899
f 839/933/933 836/930/930 837/931/931
f 838/932/932 786/869/881 840/934/934
f 779/862/874 840/934/934 786/869/881
f 773/856/868 840/934/934 779/862/874
f 841/935/935 837/931/931 838/932/932
f 837/931/931 841/935/935 839/933/933
f 840/934/934 842/936/936 838/932/932
f 838/932/932 842/936/936 841/935/935
f 840/934/934 773/856/868 843/937/937
f 843/937/937 842/936/936 840/934/934
f 757/837/851 843/937/937 773/856/868
f 844/938/938 841/935/935 842/936/936
f 843/937/937 757/837/851 845/939/939
f 846/940/940 842/936/936 843/937/937
f 842/936/936 846/940/940 844/938/938
f 845/939/939 846/940/940 843/937/937
f 847/941/941 841/935/935 844/938/938
f 848/942/942 845/939/939 757/837/851
f 753/832/847 848/942/942 757/837/851
f 848/942/942 753/832/847 751/830/844
f 751/830/844 849/943/943 848/942/942
f 845/939/939 848/942/942 849/943/943
f 849/943/943 751/830/844 749/828/840
f 849/943/943 850/944/944 845/939/939
f 846/940/940 845/939/939 850/944/944
f 749/828/840 851/945/945 849/943/943
f 4305/5010/841 851/945/945 749/828/840
f 849/943/943 851/945/945 852/946/946
f 852/946/946 851/945/945 4305/5010/841
f 852/946/946 850/944/944 849/943/943
f 4305/5010/841 4304/5008/947 852/946/946
f 850/944/944 853/947/948 846/940/940
f 854/948/949 852/946/946 4304/5008/947
f 850/944/944 852/946/946 854/948/949
f 854/948/949 853/947/948 850/944/944
f 4304/5008/947 4302/5005/950 854/948/949
f 846/940/940 853/947/948 855/949/951
f 855/949/951 853/947/948 854/948/949
f 855/949/951 844/938/938 846/940/940
f 844/938/938 855/949/951 847/941/941
f 856/950/952 854/948/949 4302/5005/950
f 854/948/949 856/950/952 855/949/951
f 4302/5005/950 857/951/953 856/950/952
f 855/949/951 856/950/952 858/953/954
f 858/953/954 856/950/952 857/951/953
f 858/953/954 847/941/941 855/949/951
f 857/951/953 4292/4991/955 858/953/954
f 859/954/956 847/941/941 858/953/954
f 841/935/935 847/941/941 859/954/956
f 860/955/957 858/953/954 4292/4991/955
f 858/953/954 860/955/957 859/954/956
f 4292/4991/955 861/956/958 860/955/957
f 859/954/956 839/933/933 841/935/935
f 862/958/959 860/955/957 861/956/958
f 859/954/956 860/955/957 862/958/959
f 861/956/958 863/959/960 862/958/959
f 862/958/959 863/959/960 4286/4984/961
f 839/933/933 859/954/956 864/961/962
f 862/958/959 864/961/962 859/954/956
f 4286/4984/961 865/962/963 862/958/959
f 864/961/962 862/958/959 865/962/963
f 865/962/963 4286/4984/961 866/963/964
f 864/961/962 867/965/965 839/933/933
f 836/930/930 839/933/933 867/965/965
f 867/965/965 834/928/928 836/930/930
f 864/961/962 868/966/966 867/965/965
f 865/962/963 868/966/966 864/961/962
f 834/928/928 867/965/965 869/967/967
f 869/967/967 867/965/965 868/966/966
f 870/968/968 834/928/928 869/967/967
f 870/968/968 833/927/927 834/928/928
f 871/969/969 869/967/967 868/966/966
f 871/969/969 870/968/968 869/967/967
f 868/966/966 865/962/963 871/969/969
f 833/927/927 870/968/968 872/970/970
f 872/970/970 870/968/968 871/969/969
f 872/970/970 827/919/921 833/927/927
f 827/919/921 872/970/970 829/922/923
f 866/963/964 829/922/923 872/970/970
f 871/969/969 865/962/963 873/971/971
f 866/963/964 873/971/971 865/962/963
f 871/969/969 873/971/971 872/970/970
f 872/970/970 873/971/971 866/963/964
f 874/972/972 4039/4661/973 1077/1214/974
f 1077/1214/974 875/974/975 874/972/972
f 875/974/975 1077/1214/974 1076/1212/976
f 4036/4656/977 874/972/972 875/974/975
f 1076/1212/976 876/975/978 875/974/975
f 876/975/978 1076/1212/976 1073/1208/979
f 4036/4656/977 875/974/975 877/976/980
f 877/976/980 875/974/975 876/975/978
f 1073/1208/979 878/977/981 876/975/978
f 878/977/981 1073/1208/979 1071/1205/982
f 876/975/978 879/978/983 877/976/980
f 879/978/983 876/975/978 878/977/981
f 1071/1205/982 880/979/984 878/977/981
f 880/979/984 1071/1205/982 1070/1203/759
f 1070/1203/759 693/766/758 880/979/984
f 881/980/985 878/977/981 880/979/984
f 878/977/981 881/980/985 879/978/983
f 882/981/986 880/979/984 693/766/758
f 880/979/984 882/981/986 881/980/985
f 693/766/758 692/763/783 882/981/986
f 883/982/987 882/981/986 692/763/783
f 881/980/985 882/981/986 883/982/987
f 692/763/783 884/984/778 883/982/987
f 883/982/987 884/984/778 685/755/775
f 883/982/987 885/985/988 881/980/985
f 879/978/983 881/980/985 885/985/988
f 685/755/775 886/986/989 883/982/987
f 885/985/988 883/982/987 886/986/989
f 886/986/989 685/755/775 680/749/770
f 885/985/988 887/987/990 879/978/983
f 877/976/980 879/978/983 887/987/990
f 886/986/989 888/988/991 885/985/988
f 887/987/990 885/985/988 888/988/991
f 680/749/770 889/989/992 886/986/989
f 888/988/991 886/986/989 889/989/992
f 890/990/993 889/989/992 680/749/770
f 680/749/770 891/992/767 890/990/993
f 890/990/993 891/992/767 676/744/765
f 889/989/992 892/993/994 888/988/991
f 889/989/992 890/990/993 893/994/995
f 893/994/995 892/993/994 889/989/992
f 894/995/996 888/988/991 892/993/994
f 888/988/991 894/995/996 887/987/990
f 895/996/997 892/993/994 893/994/995
f 892/993/994 895/996/997 894/995/996
f 896/997/998 887/987/990 894/995/996
f 887/987/990 896/997/998 877/976/980
f 897/998/999 894/995/996 895/996/997
f 894/995/996 897/998/999 896/997/998
f 898/999/1000 877/976/980 896/997/998
f 877/976/980 898/999/1000 4036/4656/977
f 896/997/998 897/998/999 899/1000/1001
f 4036/4656/977 898/999/1000 900/1001/1002
f 900/1001/1002 4037/4658/1003 4036/4656/977
f 896/997/998 901/1002/1004 898/999/1000
f 900/1001/1002 898/999/1000 901/1002/1004
f 899/1000/1001 901/1002/1004 896/997/998
f 4037/4658/1003 900/1001/1002 902/1003/1005
f 902/1003/1005 903/1004/1006 4037/4658/1003
f 901/1002/1004 904/1006/1007 900/1001/1002
f 903/1004/1006 902/1003/1005 905/1007/1008
f 905/1007/1008 4121/4780/1009 903/1004/1006
f 906/1008/1010 902/1003/1005 900/1001/1002
f 900/1001/1002 904/1006/1007 906/1008/1010
f 907/1009/1011 905/1007/1008 902/1003/1005
f 902/1003/1005 906/1008/1010 907/1009/1011
f 4121/4780/1009 905/1007/1008 908/1010/1012
f 908/1010/1012 4124/4785/1013 4121/4780/1009
f 905/1007/1008 907/1009/1011 909/1011/1014
f 909/1011/1014 908/1010/1012 905/1007/1008
f 4124/4785/1013 908/1010/1012 910/1012/1015
f 910/1012/1015 908/1010/1012 909/1011/1014
f 910/1012/1015 4126/4788/1016 4124/4785/1013
f 4128/4791/1017 4126/4788/1016 910/1012/1015
f 910/1012/1015 911/1013/1018 4128/4791/1017
f 909/1011/1014 911/1013/1018 910/1012/1015
f 4128/4791/1017 911/1013/1018 912/1014/1019
f 912/1014/1019 911/1013/1018 909/1011/1014
f 912/1014/1019 913/1015/1020 4128/4791/1017
f 914/1017/1021 913/1015/1020 912/1014/1019
f 912/1014/1019 915/1019/1022 914/1017/1021
f 909/1011/1014 915/1019/1022 912/1014/1019
f 4123/4783/1023 914/1017/1021 915/1019/1022
f 916/1020/1024 915/1019/1022 909/1011/1014
f 915/1019/1022 916/1020/1024 4123/4783/1023
f 909/1011/1014 907/1009/1011 916/1020/1024
f 916/1020/1024 907/1009/1011 906/1008/1010
f 917/1021/1025 4123/4783/1023 916/1020/1024
f 916/1020/1024 918/1023/1026 917/1021/1025
f 906/1008/1010 918/1023/1026 916/1020/1024
f 4108/4760/1027 917/1021/1025 918/1023/1026
f 919/1024/1028 918/1023/1026 906/1008/1010
f 918/1023/1026 919/1024/1028 4108/4760/1027
f 906/1008/1010 904/1006/1007 919/1024/1028
f 919/1024/1028 904/1006/1007 901/1002/1004
f 901/1002/1004 920/1025/1029 919/1024/1028
f 920/1025/1029 4108/4760/1027 919/1024/1028
f 920/1025/1029 901/1002/1004 899/1000/1001
f 4108/4760/1027 920/1025/1029 921/1026/1030
f 921/1026/1030 922/1027/1031 4108/4760/1027
f 921/1026/1030 4105/4755/1032 922/1027/1031
f 899/1000/1001 923/1029/1033 920/1025/1029
f 921/1026/1030 920/1025/1029 923/1029/1033
f 4105/4755/1032 921/1026/1030 924/1030/1034
f 923/1029/1033 924/1030/1034 921/1026/1030
f 923/1029/1033 899/1000/1001 925/1031/1035
f 925/1031/1035 899/1000/1001 897/998/999
f 924/1030/1034 923/1029/1033 926/1032/1036
f 925/1031/1035 926/1032/1036 923/1029/1033
f 924/1030/1034 927/1033/1037 4105/4755/1032
f 928/1034/1038 4105/4755/1032 927/1033/1037
f 926/1032/1036 929/1036/1039 924/1030/1034
f 927/1033/1037 930/1037/1040 928/1034/1038
f 4106/4757/1041 928/1034/1038 930/1037/1040
f 931/1038/1042 927/1033/1037 924/1030/1034
f 930/1037/1040 927/1033/1037 931/1038/1042
f 924/1030/1034 929/1036/1039 931/1038/1042
f 930/1037/1040 932/1039/1043 4106/4757/1041
f 931/1038/1042 933/1040/1044 930/1037/1040
f 932/1039/1043 930/1037/1040 933/1040/1044
f 934/1041/1045 931/1038/1042 929/1036/1039
f 933/1040/1044 931/1038/1042 934/1041/1045
f 4106/4757/1041 932/1039/1043 935/1042/1046
f 935/1042/1046 4110/4763/1047 4106/4757/1041
f 933/1040/1044 936/1043/1048 932/1039/1043
f 4110/4763/1047 935/1042/1046 937/1044/1049
f 937/1044/1049 938/1045/1050 4110/4763/1047
f 939/1047/1051 935/1042/1046 932/1039/1043
f 932/1039/1043 936/1043/1048 939/1047/1051
f 940/1048/1052 937/1044/1049 935/1042/1046
f 935/1042/1046 939/1047/1051 940/1048/1052
f 938/1045/1050 937/1044/1049 941/1049/1053
f 941/1049/1053 4115/4771/1054 938/1045/1050
f 939/1047/1051 936/1043/1048 942/1050/1055
f 942/1050/1055 936/1043/1048 933/1040/1044
f 4115/4771/1054 941/1049/1053 943/1051/1056
f 943/1051/1056 944/1052/1057 4115/4771/1054
f 945/1054/1058 941/1049/1053 937/1044/1049
f 943/1051/1056 941/1049/1053 945/1054/1058
f 937/1044/1049 940/1048/1052 945/1054/1058
f 944/1052/1057 943/1051/1056 946/1055/1059
f 945/1054/1058 946/1055/1059 943/1051/1056
f 946/1055/1059 4119/4777/1060 944/1052/1057
f 4118/4775/1061 4119/4777/1060 946/1055/1059
f 947/1056/1062 946/1055/1059 945/1054/1058
f 946/1055/1059 947/1056/1062 4118/4775/1061
f 4118/4775/1061 947/1056/1062 948/1057/1063
f 945/1054/1058 948/1057/1063 947/1056/1062
f 948/1057/1063 949/1058/1064 4118/4775/1061
f 4113/4768/1065 949/1058/1064 948/1057/1063
f 950/1060/1066 948/1057/1063 945/1054/1058
f 948/1057/1063 950/1060/1066 4113/4768/1065
f 945/1054/1058 940/1048/1052 950/1060/1066
f 4112/4766/1067 4113/4768/1065 950/1060/1066
f 951/1061/1068 950/1060/1066 940/1048/1052
f 950/1060/1066 951/1061/1068 4112/4766/1067
f 940/1048/1052 939/1047/1051 951/1061/1068
f 942/1050/1055 951/1061/1068 939/1047/1051
f 4099/4748/1069 4112/4766/1067 951/1061/1068
f 951/1061/1068 942/1050/1055 4099/4748/1069
f 4099/4748/1069 942/1050/1055 952/1062/1070
f 933/1040/1044 952/1062/1070 942/1050/1055
f 952/1062/1070 4090/4734/1071 4099/4748/1069
f 934/1041/1045 952/1062/1070 933/1040/1044
f 953/1063/1072 4090/4734/1071 952/1062/1070
f 952/1062/1070 954/1065/1073 953/1063/1072
f 4088/4730/1074 953/1063/1072 954/1065/1073
f 952/1062/1070 934/1041/1045 955/1066/1075
f 955/1066/1075 954/1065/1073 952/1062/1070
f 954/1065/1073 956/1067/1076 4088/4730/1074
f 934/1041/1045 957/1068/1077 955/1066/1075
f 929/1036/1039 957/1068/1077 934/1041/1045
f 957/1068/1077 929/1036/1039 926/1032/1036
f 958/1069/1078 954/1065/1073 955/1066/1075
f 956/1067/1076 954/1065/1073 958/1069/1078
f 926/1032/1036 959/1070/1079 957/1068/1077
f 959/1070/1079 926/1032/1036 925/1031/1035
f 955/1066/1075 957/1068/1077 960/1071/1080
f 925/1031/1035 961/1072/1081 959/1070/1079
f 960/1071/1080 962/1073/1082 955/1066/1075
f 955/1066/1075 962/1073/1082 958/1069/1078
f 925/1031/1035 963/1074/1083 961/1072/1081
f 897/998/999 963/1074/1083 925/1031/1035
f 895/996/997 963/1074/1083 897/998/999
f 959/1070/1079 961/1072/1081 964/1075/1084
f 961/1072/1081 963/1074/1083 964/1075/1084
f 957/1068/1077 959/1070/1079 965/1076/1085
f 964/1075/1084 965/1076/1085 959/1070/1079
f 965/1076/1085 960/1071/1080 957/1068/1077
f 963/1074/1083 895/996/997 966/1077/1086
f 893/994/995 966/1077/1086 895/996/997
f 966/1077/1086 967/1078/1087 963/1074/1083
f 964/1075/1084 963/1074/1083 967/1078/1087
f 968/1079/1088 966/1077/1086 893/994/995
f 967/1078/1087 966/1077/1086 968/1079/1088
f 893/994/995 969/1080/1089 968/1079/1088
f 893/994/995 890/990/993 969/1080/1089
f 967/1078/1087 970/1081/1090 964/1075/1084
f 969/1080/1089 890/990/993 971/1082/1091
f 676/744/765 971/1082/1091 890/990/993
f 964/1075/1084 970/1081/1090 972/1083/1092
f 972/1083/1092 965/1076/1085 964/1075/1084
f 973/1084/1093 970/1081/1090 967/1078/1087
f 972/1083/1092 970/1081/1090 973/1084/1093
f 965/1076/1085 972/1083/1092 974/1085/1094
f 974/1085/1094 960/1071/1080 965/1076/1085
f 973/1084/1093 975/1086/1095 972/1083/1092
f 974/1085/1094 972/1083/1092 975/1086/1095
f 967/1078/1087 976/1087/1096 973/1084/1093
f 968/1079/1088 976/1087/1096 967/1078/1087
f 975/1086/1095 973/1084/1093 977/1088/1097
f 973/1084/1093 976/1087/1096 977/1088/1097
f 975/1086/1095 978/1089/1098 974/1085/1094
f 977/1088/1097 979/1090/1099 975/1086/1095
f 978/1089/1098 975/1086/1095 979/1090/1099
f 977/1088/1097 976/1087/1096 980/1091/1100
f 981/1092/1101 979/1090/1099 977/1088/1097
f 977/1088/1097 980/1091/1100 981/1092/1101
f 979/1090/1099 982/1093/1102 978/1089/1098
f 982/1093/1102 979/1090/1099 981/1092/1101
f 980/1091/1100 976/1087/1096 983/1094/1103
f 983/1094/1103 976/1087/1096 968/1079/1088
f 984/1095/1104 981/1092/1101 980/1091/1100
f 968/1079/1088 985/1096/1105 983/1094/1103
f 985/1096/1105 968/1079/1088 969/1080/1089
f 983/1094/1103 986/1097/1106 980/1091/1100
f 980/1091/1100 986/1097/1106 984/1095/1104
f 969/1080/1089 987/1098/1107 985/1096/1105
f 971/1082/1091 987/1098/1107 969/1080/1089
f 4042/4666/1108 986/1097/1106 983/1094/1103
f 4045/4670/1109 986/1097/1106 4042/4666/1108
f 984/1095/1104 986/1097/1106 4045/4670/1109
f 4045/4670/1109 4046/4672/1110 984/1095/1104
f 984/1095/1104 4046/4672/1110 4049/4676/1111
f 983/1094/1103 988/1099/1112 4042/4666/1108
f 988/1099/1112 983/1094/1103 985/1096/1105
f 989/1100/1113 4042/4666/1108 988/1099/1112
f 4049/4676/1111 990/1102/1114 984/1095/1104
f 981/1092/1101 984/1095/1104 990/1102/1114
f 991/1103/1115 990/1102/1114 4049/4676/1111
f 990/1102/1114 992/1105/1116 981/1092/1101
f 981/1092/1101 992/1105/1116 982/1093/1102
f 993/1106/1117 990/1102/1114 991/1103/1115
f 992/1105/1116 990/1102/1114 993/1106/1117
f 991/1103/1115 994/1107/1118 993/1106/1117
f 995/1108/1119 994/1107/1118 991/1103/1115
f 994/1107/1118 995/1108/1119 4056/4684/1120
f 993/1106/1117 996/1110/1121 992/1105/1116
f 993/1106/1117 994/1107/1118 997/1111/1122
f 997/1111/1122 996/1110/1121 993/1106/1117
f 992/1105/1116 996/1110/1121 998/1112/1123
f 998/1112/1123 996/1110/1121 997/1111/1122
f 998/1112/1123 982/1093/1102 992/1105/1116
f 4056/4684/1120 999/1113/1124 994/1107/1118
f 997/1111/1122 994/1107/1118 999/1113/1124
f 1000/1114/1125 999/1113/1124 4056/4684/1120
f 4056/4684/1120 1001/1115/1126 1000/1114/1125
f 999/1113/1124 1002/1117/1127 997/1111/1122
f 1003/1118/1128 1000/1114/1125 1001/1115/1126
f 1001/1115/1126 1004/1119/1129 1003/1118/1128
f 999/1113/1124 1000/1114/1125 1005/1121/1130
f 1005/1121/1130 1002/1117/1127 999/1113/1124
f 1000/1114/1125 1003/1118/1128 1006/1122/1131
f 1006/1122/1131 1005/1121/1130 1000/1114/1125
f 1007/1123/1132 1003/1118/1128 1004/1119/1129
f 1004/1119/1129 4063/4696/1133 1007/1123/1132
f 1007/1123/1132 4063/4696/1133 4067/4702/1134
f 1008/1124/1135 1002/1117/1127 1005/1121/1130
f 997/1111/1122 1002/1117/1127 1008/1124/1135
f 4067/4702/1134 1009/1125/1136 1007/1123/1132
f 1009/1125/1136 4067/4702/1134 1010/1126/1137
f 1003/1118/1128 1007/1123/1132 1011/1128/1138
f 1011/1128/1138 1007/1123/1132 1009/1125/1136
f 1011/1128/1138 1006/1122/1131 1003/1118/1128
f 1010/1126/1137 1012/1129/1139 1009/1125/1136
f 1009/1125/1136 1012/1129/1139 1011/1128/1138
f 1013/1130/1140 1012/1129/1139 1010/1126/1137
f 1011/1128/1138 1012/1129/1139 1013/1130/1140
f 1010/1126/1137 4068/4704/1141 1013/1130/1140
f 1013/1130/1140 4068/4704/1141 4065/4699/1142
f 4065/4699/1142 1014/1131/1143 1013/1130/1140
f 1013/1130/1140 1014/1131/1143 1011/1128/1138
f 1014/1131/1143 4065/4699/1142 1015/1132/1144
f 1011/1128/1138 1014/1131/1143 1016/1134/1145
f 1015/1132/1144 1016/1134/1145 1014/1131/1143
f 1016/1134/1145 1006/1122/1131 1011/1128/1138
f 1016/1134/1145 1015/1132/1144 4060/4692/1146
f 1006/1122/1131 1016/1134/1145 1017/1135/1147
f 4060/4692/1146 1017/1135/1147 1016/1134/1145
f 1017/1135/1147 1005/1121/1130 1006/1122/1131
f 1005/1121/1130 1017/1135/1147 1008/1124/1135
f 1017/1135/1147 4060/4692/1146 4058/4688/1148
f 4058/4688/1148 1008/1124/1135 1017/1135/1147
f 1018/1136/1149 1008/1124/1135 4058/4688/1148
f 1008/1124/1135 1018/1136/1149 997/1111/1122
f 4058/4688/1148 4057/4686/1150 1018/1136/1149
f 997/1111/1122 1018/1136/1149 998/1112/1123
f 1019/1137/1151 1018/1136/1149 4057/4686/1150
f 998/1112/1123 1018/1136/1149 1019/1137/1151
f 4057/4686/1150 4059/4690/1152 1019/1137/1151
f 1019/1137/1151 4059/4690/1152 1020/1138/1153
f 1019/1137/1151 1021/1140/1154 998/1112/1123
f 1021/1140/1154 982/1093/1102 998/1112/1123
f 1020/1138/1153 1022/1141/1155 1019/1137/1151
f 982/1093/1102 1021/1140/1154 1023/1142/1156
f 1023/1142/1156 978/1089/1098 982/1093/1102
f 1021/1140/1154 1019/1137/1151 1024/1143/1157
f 1024/1143/1157 1023/1142/1156 1021/1140/1154
f 1024/1143/1157 1019/1137/1151 1022/1141/1155
f 978/1089/1098 1023/1142/1156 1025/1144/1158
f 1025/1144/1158 1023/1142/1156 1024/1143/1157
f 1025/1144/1158 974/1085/1094 978/1089/1098
f 1026/1145/1159 1022/1141/1155 1020/1138/1153
f 1020/1138/1153 1027/1146/1160 1026/1145/1159
f 1028/1148/1161 974/1085/1094 1025/1144/1158
f 960/1071/1080 974/1085/1094 1028/1148/1161
f 1028/1148/1161 962/1073/1082 960/1071/1080
f 958/1069/1078 962/1073/1082 1028/1148/1161
f 1028/1148/1161 1025/1144/1158 1029/1149/1162
f 1024/1143/1157 1029/1149/1162 1025/1144/1158
f 1028/1148/1161 1030/1150/1163 958/1069/1078
f 1029/1149/1162 1030/1150/1163 1028/1148/1161
f 1022/1141/1155 1031/1151/1164 1024/1143/1157
f 4075/4713/1165 1030/1150/1163 1029/1149/1162
f 1032/1152/1166 1031/1151/1164 1022/1141/1155
f 1022/1141/1155 1026/1145/1159 1032/1152/1166
f 1029/1149/1162 4074/4711/1167 4075/4713/1165
f 1030/1150/1163 4075/4713/1165 1033/1153/1168
f 4074/4711/1167 1029/1149/1162 1034/1155/1169
f 1034/1155/1169 1029/1149/1162 1024/1143/1157
f 1024/1143/1157 1031/1151/1164 1034/1155/1169
f 1034/1155/1169 1031/1151/1164 1032/1152/1166
f 1034/1155/1169 1035/1156/1170 4074/4711/1167
f 1035/1156/1170 1034/1155/1169 1036/1158/1171
f 1032/1152/1166 1036/1158/1171 1034/1155/1169
f 1036/1158/1171 1037/1159/1172 1035/1156/1170
f 1037/1159/1172 1036/1158/1171 1038/1161/1173
f 1038/1161/1173 1036/1158/1171 1032/1152/1166
f 1038/1161/1173 4077/4716/1174 1037/1159/1172
f 1032/1152/1166 1039/1162/1175 1038/1161/1173
f 4077/4716/1174 1038/1161/1173 1040/1163/1176
f 1040/1163/1176 1041/1164/1177 4077/4716/1174
f 1038/1161/1173 1039/1162/1175 1042/1166/1178
f 1042/1166/1178 1040/1163/1176 1038/1161/1173
f 1043/1167/1179 1039/1162/1175 1032/1152/1166
f 1042/1166/1178 1039/1162/1175 1043/1167/1179
f 1032/1152/1166 1026/1145/1159 1043/1167/1179
f 1043/1167/1179 1026/1145/1159 1027/1146/1160
f 1027/1146/1160 4078/4718/1180 1043/1167/1179
f 1044/1168/1181 1043/1167/1179 4078/4718/1180
f 1043/1167/1179 1044/1168/1181 1042/1166/1178
f 4078/4718/1180 1045/1169/1182 1044/1168/1181
f 1046/1171/1183 1044/1168/1181 1045/1169/1182
f 1042/1166/1178 1044/1168/1181 1046/1171/1183
f 1045/1169/1182 1047/1172/1184 1046/1171/1183
f 1046/1171/1183 1047/1172/1184 1048/1174/1185
f 1046/1171/1183 1049/1176/1186 1042/1166/1178
f 1048/1174/1185 1049/1176/1186 1046/1171/1183
f 1042/1166/1178 1049/1176/1186 1050/1177/1187
f 1050/1177/1187 1049/1176/1186 1048/1174/1185
f 1050/1177/1187 1040/1163/1176 1042/1166/1178
f 1041/1164/1177 1040/1163/1176 1050/1177/1187
f 1048/1174/1185 4082/4723/1188 1050/1177/1187
f 1050/1177/1187 4082/4723/1188 1041/1164/1177
f 1033/1153/1168 1051/1178/1189 1030/1150/1163
f 958/1069/1078 1030/1150/1163 1051/1178/1189
f 1052/1179/1190 1051/1178/1189 1033/1153/1168
f 1033/1153/1168 1053/1180/1191 1052/1179/1190
f 1051/1178/1189 1054/1182/1192 958/1069/1078
f 958/1069/1078 1054/1182/1192 956/1067/1076
f 1055/1183/1193 1054/1182/1192 1051/1178/1189
f 956/1067/1076 1054/1182/1192 1055/1183/1193
f 1051/1178/1189 1052/1179/1190 1055/1183/1193
f 1055/1183/1193 1056/1184/1194 956/1067/1076
f 4088/4730/1074 956/1067/1076 1056/1184/1194
f 1056/1184/1194 4089/4732/1195 4088/4730/1074
f 4089/4732/1195 1056/1184/1194 1057/1185/1196
f 1057/1185/1196 1056/1184/1194 1055/1183/1193
f 1057/1185/1196 4091/4736/1197 4089/4732/1195
f 1058/1186/1198 1055/1183/1193 1052/1179/1190
f 1055/1183/1193 1058/1186/1198 1057/1185/1196
f 1059/1187/1199 1052/1179/1190 1053/1180/1191
f 1052/1179/1190 1059/1187/1199 1058/1186/1198
f 1053/1180/1191 1060/1188/1200 1059/1187/1199
f 1057/1185/1196 1058/1186/1198 1061/1190/1201
f 1061/1190/1201 1058/1186/1198 1059/1187/1199
f 4091/4736/1197 1057/1185/1196 1062/1191/1202
f 1061/1190/1201 1062/1191/1202 1057/1185/1196
f 1062/1191/1202 4093/4739/1203 4091/4736/1197
f 1063/1192/1204 4093/4739/1203 1062/1191/1202
f 1064/1194/1205 1059/1187/1199 1060/1188/1200
f 1059/1187/1199 1064/1194/1205 1061/1190/1201
f 1060/1188/1200 1065/1195/1206 1064/1194/1205
f 1064/1194/1205 1065/1195/1206 4096/4743/1207
f 4096/4743/1207 1066/1197/1208 1064/1194/1205
f 1061/1190/1201 1064/1194/1205 1066/1197/1208
f 1066/1197/1208 4096/4743/1207 4097/4745/1209
f 1066/1197/1208 1067/1198/1210 1061/1190/1201
f 4097/4745/1209 1067/1198/1210 1066/1197/1208
f 1062/1191/1202 1061/1190/1201 1067/1198/1210
f 1068/1199/1211 1067/1198/1210 4097/4745/1209
f 1067/1198/1210 1068/1199/1211 1062/1191/1202
f 4097/4745/1209 1063/1192/1204 1068/1199/1211
f 1062/1191/1202 1068/1199/1211 1063/1192/1204
f 1069/1201/762 1070/1204/759 1071/1206/982
f 1071/1206/982 1072/1207/1212 1069/1201/762
f 676/744/765 1069/1201/762 1072/1207/1212
f 1072/1207/1212 1071/1206/982 1073/1209/979
f 1072/1207/1212 971/1082/1091 676/744/765
f 971/1082/1091 1072/1207/1212 1074/1210/1213
f 1073/1209/979 1074/1210/1213 1072/1207/1212
f 1074/1210/1213 987/1098/1107 971/1082/1091
f 1074/1210/1213 1073/1209/979 1075/1211/1214
f 1075/1211/1214 1073/1209/979 1076/1213/976
f 1075/1211/1214 1076/1213/976 1077/1215/974
f 987/1098/1107 1074/1210/1213 1078/1216/1215
f 1075/1211/1214 1078/1216/1215 1074/1210/1213
f 1078/1216/1215 985/1096/1105 987/1098/1107
f 985/1096/1105 1078/1216/1215 988/1099/1112
f 1077/1215/974 1079/1217/1216 1075/1211/1214
f 1078/1216/1215 1075/1211/1214 1079/1217/1216
f 1079/1217/1216 988/1099/1112 1078/1216/1215
f 1079/1217/1216 1077/1215/974 4039/4662/973
f 988/1099/1112 1079/1217/1216 989/1100/1113
f 4039/4662/973 989/1100/1113 1079/1217/1216
f 191/218/249 4463/5210/3 1080/1218/1217
f 1080/1218/1217 1081/1220/1218 191/218/249
f 1081/1220/1218 1080/1218/1217 1082/1221/1219
f 194/222/252 191/218/249 1081/1220/1218
f 1082/1221/1219 1083/1223/1220 1081/1220/1218
f 1083/1223/1220 1082/1221/1219 1084/1224/1221
f 1081/1220/1218 1085/1226/1222 194/222/252
f 1085/1226/1222 1081/1220/1218 1083/1223/1220
f 1084/1224/1221 1086/1227/1223 1083/1223/1220
f 1086/1227/1223 1084/1224/1221 1087/1228/1224
f 1083/1223/1220 1088/1230/1225 1085/1226/1222
f 1088/1230/1225 1083/1223/1220 1086/1227/1223
f 1087/1228/1224 1089/1231/1226 1086/1227/1223
f 1089/1231/1226 1087/1228/1224 1090/1232/1227
f 1086/1227/1223 1091/1234/1228 1088/1230/1225
f 1090/1232/1227 1092/1235/1229 1089/1231/1226
f 1093/1236/1230 1091/1234/1228 1086/1227/1223
f 1086/1227/1223 1089/1231/1226 1093/1236/1230
f 1094/1237/1231 1092/1235/1229 1090/1232/1227
f 1090/1232/1227 4471/5220/1232 1094/1237/1231
f 1089/1231/1226 1092/1235/1229 1095/1238/1233
f 1095/1238/1233 1092/1235/1229 1094/1237/1231
f 1095/1238/1233 1093/1236/1230 1089/1231/1226
f 1096/1239/1234 1094/1237/1231 4471/5220/1232
f 4471/5220/1232 4473/5223/1235 1096/1239/1234
f 1094/1237/1231 1097/1240/1236 1095/1238/1233
f 1097/1240/1236 1094/1237/1231 1096/1239/1234
f 1093/1236/1230 1095/1238/1233 1098/1241/1237
f 1098/1241/1237 1095/1238/1233 1097/1240/1236
f 1098/1241/1237 1099/1242/1238 1093/1236/1230
f 1091/1234/1228 1093/1236/1230 1099/1242/1238
f 1097/1240/1236 1100/1243/1239 1098/1241/1237
f 1099/1242/1238 1101/1244/1240 1091/1234/1228
f 1088/1230/1225 1091/1234/1228 1101/1244/1240
f 1099/1242/1238 1098/1241/1237 1102/1245/1241
f 1102/1245/1241 1098/1241/1237 1100/1243/1239
f 1101/1244/1240 1099/1242/1238 1103/1246/1242
f 1102/1245/1241 1103/1246/1242 1099/1242/1238
f 1101/1244/1240 1104/1247/1243 1088/1230/1225
f 1104/1247/1243 1085/1226/1222 1088/1230/1225
f 1103/1246/1242 1105/1248/1244 1101/1244/1240
f 1104/1247/1243 1101/1244/1240 1105/1248/1244
f 1106/1249/1245 1085/1226/1222 1104/1247/1243
f 1105/1248/1244 1106/1249/1245 1104/1247/1243
f 1106/1249/1245 194/222/252 1085/1226/1222
f 1103/1246/1242 1107/1250/1246 1105/1248/1244
f 1107/1250/1246 1103/1246/1242 1102/1245/1241
f 1106/1249/1245 1105/1248/1244 1108/1251/1247
f 1108/1251/1247 194/222/252 1106/1249/1245
f 1108/1251/1247 1105/1248/1244 1107/1250/1246
f 194/222/252 1108/1251/1247 1109/1252/1248
f 1109/1252/1248 197/226/255 194/222/252
f 1108/1251/1247 1107/1250/1246 1110/1253/1249
f 1110/1253/1249 1109/1252/1248 1108/1251/1247
f 197/226/255 1109/1252/1248 1111/1254/1250
f 1111/1254/1250 198/228/256 197/226/255
f 1111/1254/1250 205/236/263 198/228/256
f 1112/1255/1251 1111/1254/1250 1109/1252/1248
f 1109/1252/1248 1110/1253/1249 1112/1255/1251
f 1113/1256/1252 205/236/263 1111/1254/1250
f 1111/1254/1250 1112/1255/1251 1113/1256/1252
f 353/386/411 1114/1258/408 205/236/263
f 205/236/263 1113/1256/1252 353/386/411
f 1115/1260/414 353/386/411 1113/1256/1252
f 1116/1261/1253 1113/1256/1252 1112/1255/1251
f 1113/1256/1252 1116/1261/1253 1115/1260/414
f 1112/1255/1251 1117/1262/1254 1116/1261/1253
f 1117/1262/1254 1112/1255/1251 1110/1253/1249
f 1115/1260/414 1116/1261/1253 1118/1263/1255
f 1118/1263/1255 356/390/415 1115/1260/414
f 1116/1261/1253 1117/1262/1254 1119/1264/1256
f 1119/1264/1256 1118/1263/1255 1116/1261/1253
f 364/400/423 360/395/419 356/390/415
f 356/390/415 1118/1263/1255 364/400/423
f 1120/1265/1257 364/400/423 1118/1263/1255
f 1118/1263/1255 1119/1264/1256 1120/1265/1257
f 1121/1267/428 364/400/423 1120/1265/1257
f 1122/1269/545 1121/1267/428 1120/1265/1257
f 1120/1265/1257 1123/1270/1258 1122/1269/545
f 1123/1270/1258 1120/1265/1257 1119/1264/1256
f 1124/1272/541 1122/1269/545 1123/1270/1258
f 1119/1264/1256 1125/1273/1259 1123/1270/1258
f 1125/1273/1259 1119/1264/1256 1117/1262/1254
f 1123/1270/1258 1126/1274/1260 1124/1272/541
f 1126/1274/1260 1123/1270/1258 1125/1273/1259
f 1117/1262/1254 1127/1275/1261 1125/1273/1259
f 1110/1253/1249 1127/1275/1261 1117/1262/1254
f 1128/1276/1262 1127/1275/1261 1110/1253/1249
f 1125/1273/1259 1127/1275/1261 1128/1276/1262
f 1110/1253/1249 1107/1250/1246 1128/1276/1262
f 1102/1245/1241 1128/1276/1262 1107/1250/1246
f 1128/1276/1262 1129/1277/1263 1125/1273/1259
f 1129/1277/1263 1128/1276/1262 1102/1245/1241
f 1125/1273/1259 1129/1277/1263 1126/1274/1260
f 1102/1245/1241 1130/1278/1264 1129/1277/1263
f 1100/1243/1239 1130/1278/1264 1102/1245/1241
f 1129/1277/1263 1131/1279/1265 1126/1274/1260
f 1131/1279/1265 1129/1277/1263 1130/1278/1264
f 1130/1278/1264 1100/1243/1239 1132/1280/1266
f 1132/1280/1266 1131/1279/1265 1130/1278/1264
f 1126/1274/1260 1131/1279/1265 1133/1281/1267
f 1133/1281/1267 1124/1272/541 1126/1274/1260
f 1131/1279/1265 1132/1280/1266 1134/1282/1268
f 1134/1282/1268 1133/1281/1267 1131/1279/1265
f 1135/1283/1269 1132/1280/1266 1100/1243/1239
f 1100/1243/1239 1097/1240/1236 1135/1283/1269
f 1096/1239/1234 1135/1283/1269 1097/1240/1236
f 1132/1280/1266 1135/1283/1269 1136/1284/1270
f 1136/1284/1270 1135/1283/1269 1096/1239/1234
f 1136/1284/1270 1134/1282/1268 1132/1280/1266
f 1134/1282/1268 1137/1285/1271 1133/1281/1267
f 1136/1284/1270 1137/1285/1271 1134/1282/1268
f 1137/1285/1271 1124/1272/541 1133/1281/1267
f 1096/1239/1234 1138/1286/1272 1136/1284/1270
f 1137/1285/1271 1136/1284/1270 1138/1286/1272
f 1138/1286/1272 1096/1239/1234 4473/5223/1235
f 4473/5223/1235 1139/1287/1273 1138/1286/1272
f 1124/1272/541 1137/1285/1271 1140/1289/1274
f 1138/1286/1272 1140/1289/1274 1137/1285/1271
f 1140/1289/1274 1138/1286/1272 1139/1287/1273
f 1140/1289/1274 1141/1291/537 1124/1272/541
f 1139/1287/1273 1142/1292/1275 1140/1289/1274
f 1141/1291/537 1140/1289/1274 1142/1292/1275
f 1142/1292/1275 1143/1295/536 1141/1291/537
f 1144/1297/1276 1145/1298/1277 1146/1300/1278
f 1146/1300/1278 1147/1302/1279 1144/1297/1276
f 1147/1302/1279 1146/1300/1278 1148/1303/1280
f 1149/1305/1281 1144/1297/1276 1147/1302/1279
f 1148/1303/1280 1150/1306/1282 1147/1302/1279
f 1150/1306/1282 1148/1303/1280 1167/1323/1283
f 1147/1302/1279 1151/1307/1284 1149/1305/1281
f 1151/1307/1284 1147/1302/1279 1150/1306/1282
f 1149/1305/1281 1151/1307/1284 1152/1308/1285
f 1152/1308/1285 1153/1309/1286 1149/1305/1281
f 1154/1310/1287 1153/1309/1286 1152/1308/1285
f 1150/1306/1282 1155/1311/1288 1151/1307/1284
f 1152/1308/1285 1151/1307/1284 1155/1311/1288
f 1167/1323/1283 1156/1312/1289 1150/1306/1282
f 1156/1312/1289 1167/1323/1283 1170/1327/1290
f 1157/1313/1291 1155/1311/1288 1150/1306/1282
f 1150/1306/1282 1156/1312/1289 1157/1313/1291
f 1155/1311/1288 1158/1314/1292 1152/1308/1285
f 1170/1327/1290 1159/1315/1293 1156/1312/1289
f 1159/1315/1293 1170/1327/1290 1179/1338/1294
f 1160/1316/1295 1158/1314/1292 1155/1311/1288
f 1155/1311/1288 1157/1313/1291 1160/1316/1295
f 1161/1317/1296 1152/1308/1285 1158/1314/1292
f 1152/1308/1285 1161/1317/1296 1154/1310/1287
f 1162/1318/1297 1158/1314/1292 1160/1316/1295
f 1158/1314/1292 1162/1318/1297 1161/1317/1296
f 1154/1310/1287 1161/1317/1296 1163/1319/1298
f 1163/1319/1298 1164/1320/1299 1154/1310/1287
f 1146/1301/1278 1145/1299/1277 1164/1320/1299
f 1164/1320/1299 1163/1319/1298 1146/1301/1278
f 1148/1304/1280 1146/1301/1278 1163/1319/1298
f 1165/1321/1300 1163/1319/1298 1161/1317/1296
f 1163/1319/1298 1165/1321/1300 1148/1304/1280
f 1161/1317/1296 1162/1318/1297 1165/1321/1300
f 1148/1304/1280 1165/1321/1300 1166/1322/1301
f 1166/1322/1301 1167/1324/1283 1148/1304/1280
f 1165/1321/1300 1162/1318/1297 1168/1325/1302
f 1168/1325/1302 1166/1322/1301 1165/1321/1300
f 1160/1316/1295 1168/1325/1302 1162/1318/1297
f 1167/1324/1283 1166/1322/1301 1169/1326/1303
f 1169/1326/1303 1170/1328/1290 1167/1324/1283
f 1166/1322/1301 1168/1325/1302 1171/1329/1304
f 1171/1329/1304 1169/1326/1303 1166/1322/1301
f 1168/1325/1302 1160/1316/1295 1172/1330/1305
f 1172/1330/1305 1171/1329/1304 1168/1325/1302
f 1172/1330/1305 1160/1316/1295 1157/1313/1291
f 1169/1326/1303 1171/1329/1304 1173/1331/1306
f 1157/1313/1291 1174/1332/1307 1172/1330/1305
f 1174/1332/1307 1157/1313/1291 1156/1312/1289
f 1156/1312/1289 1159/1315/1293 1174/1332/1307
f 1171/1329/1304 1172/1330/1305 1175/1333/1308
f 1175/1333/1308 1172/1330/1305 1174/1332/1307
f 1175/1333/1308 1173/1331/1306 1171/1329/1304
f 1176/1334/1309 1174/1332/1307 1159/1315/1293
f 1174/1332/1307 1176/1334/1309 1175/1333/1308
f 1173/1331/1306 1175/1333/1308 1177/1335/1310
f 1177/1335/1310 1175/1333/1308 1176/1334/1309
f 1173/1331/1306 1178/1336/1311 1169/1326/1303
f 1170/1328/1290 1169/1326/1303 1178/1336/1311
f 1178/1336/1311 1179/1337/1294 1170/1328/1290
f 1180/1339/1312 1179/1337/1294 1178/1336/1311
f 1178/1336/1311 1181/1341/10 1180/1339/1312
f 1178/1336/1311 1173/1331/1306 1182/1342/1313
f 1182/1342/1313 1181/1341/10 1178/1336/1311
f 1177/1335/1310 1182/1342/1313 1173/1331/1306
f 1183/1343/11 1181/1341/10 1182/1342/1313
f 1182/1342/1313 1177/1335/1310 1183/1343/11
f 1176/1334/1309 1183/1343/11 1177/1335/1310
f 3/3/12 1183/1343/11 1176/1334/1309
f 3/3/12 1180/1340/1312 1181/1341/10
f 1176/1334/1309 1184/1344/1314 3/3/12
f 1180/1340/1312 3/3/12 1184/1344/1314
f 1159/1315/1293 1184/1344/1314 1176/1334/1309
f 1184/1344/1314 1179/1338/1294 1180/1340/1312
f 1179/1338/1294 1184/1344/1314 1159/1315/1293
f 1185/1345/1315 1206/1369/1316 1205/1367/1317
f 1205/1367/1317 1186/1346/1318 1185/1345/1315
f 1186/1346/1318 1205/1367/1317 1187/1347/1319
f 1188/1349/1320 1185/1345/1315 1186/1346/1318
f 1187/1347/1319 1189/1350/1321 1186/1346/1318
f 1189/1350/1321 1187/1347/1319 1209/1373/1322
f 1186/1346/1318 1190/1351/1323 1188/1349/1320
f 1190/1351/1323 1186/1346/1318 1189/1350/1321
f 1188/1349/1320 1190/1351/1323 1191/1352/1324
f 1191/1352/1324 1192/1353/1325 1188/1349/1320
f 1193/1354/1326 1192/1353/1325 1191/1352/1324
f 1189/1350/1321 1194/1355/1327 1190/1351/1323
f 1191/1352/1324 1190/1351/1323 1194/1355/1327
f 1209/1373/1322 1195/1356/1328 1189/1350/1321
f 1195/1356/1328 1209/1373/1322 1212/1377/1329
f 1196/1357/1330 1194/1355/1327 1189/1350/1321
f 1189/1350/1321 1195/1356/1328 1196/1357/1330
f 1194/1355/1327 1197/1358/1331 1191/1352/1324
f 1212/1377/1329 1198/1359/1332 1195/1356/1328
f 1198/1359/1332 1212/1377/1329 1199/1361/1333
f 1200/1362/1334 1197/1358/1331 1194/1355/1327
f 1194/1355/1327 1196/1357/1330 1200/1362/1334
f 1201/1363/1335 1191/1352/1324 1197/1358/1331
f 1191/1352/1324 1201/1363/1335 1193/1354/1326
f 1202/1364/1336 1197/1358/1331 1200/1362/1334
f 1197/1358/1331 1202/1364/1336 1201/1363/1335
f 1193/1354/1326 1201/1363/1335 1203/1365/1337
f 1203/1365/1337 1204/1366/1338 1193/1354/1326
f 1205/1368/1317 1206/1370/1316 1204/1366/1338
f 1204/1366/1338 1203/1365/1337 1205/1368/1317
f 1187/1348/1319 1205/1368/1317 1203/1365/1337
f 1207/1371/1339 1203/1365/1337 1201/1363/1335
f 1203/1365/1337 1207/1371/1339 1187/1348/1319
f 1201/1363/1335 1202/1364/1336 1207/1371/1339
f 1187/1348/1319 1207/1371/1339 1208/1372/1340
f 1208/1372/1340 1209/1374/1322 1187/1348/1319
f 1207/1371/1339 1202/1364/1336 1210/1375/1341
f 1210/1375/1341 1208/1372/1340 1207/1371/1339
f 1200/1362/1334 1210/1375/1341 1202/1364/1336
f 1209/1374/1322 1208/1372/1340 1211/1376/1342
f 1211/1376/1342 1212/1378/1329 1209/1374/1322
f 1208/1372/1340 1210/1375/1341 1213/1379/1343
f 1213/1379/1343 1211/1376/1342 1208/1372/1340
f 1210/1375/1341 1200/1362/1334 1214/1380/1344
f 1214/1380/1344 1213/1379/1343 1210/1375/1341
f 1214/1380/1344 1200/1362/1334 1196/1357/1330
f 1211/1376/1342 1213/1379/1343 1215/1381/1345
f 1196/1357/1330 1216/1382/1346 1214/1380/1344
f 1216/1382/1346 1196/1357/1330 1195/1356/1328
f 1195/1356/1328 1198/1359/1332 1216/1382/1346
f 1213/1379/1343 1214/1380/1344 1217/1383/1347
f 1217/1383/1347 1214/1380/1344 1216/1382/1346
f 1217/1383/1347 1215/1381/1345 1213/1379/1343
f 1218/1384/1348 1216/1382/1346 1198/1359/1332
f 1216/1382/1346 1218/1384/1348 1217/1383/1347
f 1215/1381/1345 1217/1383/1347 1219/1385/1349
f 1219/1385/1349 1217/1383/1347 1218/1384/1348
f 1215/1381/1345 1220/1386/1350 1211/1376/1342
f 1212/1378/1329 1211/1376/1342 1220/1386/1350
f 1220/1386/1350 1199/1360/1333 1212/1378/1329
f 1221/1387/1351 1199/1360/1333 1220/1386/1350
f 1220/1386/1350 4/4/13 1221/1387/1351
f 1220/1386/1350 1215/1381/1345 1222/1389/1352
f 1222/1389/1352 4/4/13 1220/1386/1350
f 1219/1385/1349 1222/1389/1352 1215/1381/1345
f 1223/1390/14 4/4/13 1222/1389/1352
f 1222/1389/1352 1219/1385/1349 1223/1390/14
f 1218/1384/1348 1223/1390/14 1219/1385/1349
f 5/5/15 1223/1390/14 1218/1384/1348
f 5/5/15 1221/1388/1351 4/4/13
f 1218/1384/1348 1224/1391/1353 5/5/15
f 1221/1388/1351 5/5/15 1224/1391/1353
f 1198/1359/1332 1224/1391/1353 1218/1384/1348
f 1224/1391/1353 1199/1361/1333 1221/1388/1351
f 1199/1361/1333 1224/1391/1353 1198/1359/1332
f 1225/1392/1354 1245/1414/1355 1244/1412/1317
f 1244/1412/1317 1226/1393/1318 1225/1392/1354
f 1226/1393/1318 1244/1412/1317 1246/1416/1356
f 1227/1394/1320 1225/1392/1354 1226/1393/1318
f 1246/1416/1356 1228/1395/1357 1226/1393/1318
f 1228/1395/1357 1246/1416/1356 1229/1396/1358
f 1226/1393/1318 1230/1398/1323 1227/1394/1320
f 1230/1398/1323 1226/1393/1318 1228/1395/1357
f 1227/1394/1320 1230/1398/1323 1231/1399/1359
f 1231/1399/1359 1232/1400/1325 1227/1394/1320
f 1233/1401/1326 1232/1400/1325 1231/1399/1359
f 1228/1395/1357 1234/1402/1327 1230/1398/1323
f 1231/1399/1359 1230/1398/1323 1234/1402/1327
f 1229/1396/1358 1235/1403/1360 1228/1395/1357
f 1235/1403/1360 1229/1396/1358 1251/1422/1361
f 1236/1404/1362 1234/1402/1327 1228/1395/1357
f 1228/1395/1357 1235/1403/1360 1236/1404/1362
f 1234/1402/1327 1237/1405/1363 1231/1399/1359
f 1251/1422/1361 1238/1406/1364 1235/1403/1360
f 1238/1406/1364 1251/1422/1361 1260/1433/1365
f 1239/1407/1366 1237/1405/1363 1234/1402/1327
f 1234/1402/1327 1236/1404/1362 1239/1407/1366
f 1240/1408/1335 1231/1399/1359 1237/1405/1363
f 1231/1399/1359 1240/1408/1335 1233/1401/1326
f 1241/1409/1367 1237/1405/1363 1239/1407/1366
f 1237/1405/1363 1241/1409/1367 1240/1408/1335
f 1233/1401/1326 1240/1408/1335 1242/1410/1368
f 1242/1410/1368 1243/1411/1369 1233/1401/1326
f 1244/1413/1317 1245/1415/1355 1243/1411/1369
f 1243/1411/1369 1242/1410/1368 1244/1413/1317
f 1246/1417/1356 1244/1413/1317 1242/1410/1368
f 1247/1418/1370 1242/1410/1368 1240/1408/1335
f 1242/1410/1368 1247/1418/1370 1246/1417/1356
f 1240/1408/1335 1241/1409/1367 1247/1418/1370
f 1246/1417/1356 1247/1418/1370 1248/1419/1371
f 1248/1419/1371 1229/1397/1358 1246/1417/1356
f 1247/1418/1370 1241/1409/1367 1249/1420/1372
f 1249/1420/1372 1248/1419/1371 1247/1418/1370
f 1239/1407/1366 1249/1420/1372 1241/1409/1367
f 1229/1397/1358 1248/1419/1371 1250/1421/1373
f 1250/1421/1373 1251/1423/1361 1229/1397/1358
f 1248/1419/1371 1249/1420/1372 1252/1424/1374
f 1252/1424/1374 1250/1421/1373 1248/1419/1371
f 1249/1420/1372 1239/1407/1366 1253/1425/1375
f 1253/1425/1375 1252/1424/1374 1249/1420/1372
f 1253/1425/1375 1239/1407/1366 1236/1404/1362
f 1250/1421/1373 1252/1424/1374 1254/1426/1376
f 1236/1404/1362 1255/1427/1377 1253/1425/1375
f 1255/1427/1377 1236/1404/1362 1235/1403/1360
f 1235/1403/1360 1238/1406/1364 1255/1427/1377
f 1252/1424/1374 1253/1425/1375 1256/1428/1378
f 1256/1428/1378 1253/1425/1375 1255/1427/1377
f 1256/1428/1378 1254/1426/1376 1252/1424/1374
f 1257/1429/1379 1255/1427/1377 1238/1406/1364
f 1255/1427/1377 1257/1429/1379 1256/1428/1378
f 1254/1426/1376 1256/1428/1378 1258/1430/1380
f 1258/1430/1380 1256/1428/1378 1257/1429/1379
f 1254/1426/1376 1259/1431/1381 1250/1421/1373
f 1251/1423/1361 1250/1421/1373 1259/1431/1381
f 1259/1431/1381 1260/1432/1365 1251/1423/1361
f 1261/1434/1382 1260/1432/1365 1259/1431/1381
f 1259/1431/1381 6/6/16 1261/1434/1382
f 1259/1431/1381 1254/1426/1376 1262/1436/1383
f 1262/1436/1383 6/6/16 1259/1431/1381
f 1258/1430/1380 1262/1436/1383 1254/1426/1376
f 7/7/17 6/6/16 1262/1436/1383
f 1262/1436/1383 1258/1430/1380 7/7/17
f 1257/1429/1379 7/7/17 1258/1430/1380
f 8/8/18 7/7/17 1257/1429/1379
f 8/8/18 1261/1435/1382 6/6/16
f 1257/1429/1379 1263/1437/1384 8/8/18
f 1261/1435/1382 8/8/18 1263/1437/1384
f 1238/1406/1364 1263/1437/1384 1257/1429/1379
f 1263/1437/1384 1260/1433/1365 1261/1435/1382
f 1260/1433/1365 1263/1437/1384 1238/1406/1364
f 1264/1438/1385 1286/1464/1386 1265/1439/1387
f 1265/1439/1387 1266/1441/1388 1264/1438/1385
f 1266/1441/1388 1265/1439/1387 1267/1442/1389
f 1268/1444/1390 1264/1438/1385 1266/1441/1388
f 1267/1442/1389 1269/1445/1391 1266/1441/1388
f 1269/1445/1391 1267/1442/1389 1270/1446/1392
f 1266/1441/1388 1271/1448/1393 1268/1444/1390
f 1271/1448/1393 1266/1441/1388 1269/1445/1391
f 1268/1444/1390 1271/1448/1393 1272/1449/1394
f 1272/1449/1394 1273/1450/1395 1268/1444/1390
f 1274/1451/1396 1273/1450/1395 1272/1449/1394
f 1269/1445/1391 1275/1452/1397 1271/1448/1393
f 1272/1449/1394 1271/1448/1393 1275/1452/1397
f 1270/1446/1392 1276/1453/1398 1269/1445/1391
f 1276/1453/1398 1270/1446/1392 1291/1470/1399
f 1277/1454/1400 1275/1452/1397 1269/1445/1391
f 1269/1445/1391 1276/1453/1398 1277/1454/1400
f 1275/1452/1397 1278/1455/1401 1272/1449/1394
f 1291/1470/1399 1279/1456/1402 1276/1453/1398
f 1279/1456/1402 1291/1470/1399 1280/1458/1403
f 1281/1459/1404 1278/1455/1401 1275/1452/1397
f 1275/1452/1397 1277/1454/1400 1281/1459/1404
f 1282/1460/1405 1272/1449/1394 1278/1455/1401
f 1272/1449/1394 1282/1460/1405 1274/1451/1396
f 1283/1461/1406 1278/1455/1401 1281/1459/1404
f 1278/1455/1401 1283/1461/1406 1282/1460/1405
f 1274/1451/1396 1282/1460/1405 1284/1462/1407
f 1284/1462/1407 1285/1463/1408 1274/1451/1396
f 1265/1440/1387 1286/1465/1386 1285/1463/1408
f 1285/1463/1408 1284/1462/1407 1265/1440/1387
f 1267/1443/1389 1265/1440/1387 1284/1462/1407
f 1287/1466/1409 1284/1462/1407 1282/1460/1405
f 1284/1462/1407 1287/1466/1409 1267/1443/1389
f 1282/1460/1405 1283/1461/1406 1287/1466/1409
f 1267/1443/1389 1287/1466/1409 1288/1467/1410
f 1288/1467/1410 1270/1447/1392 1267/1443/1389
f 1287/1466/1409 1283/1461/1406 1289/1468/1411
f 1289/1468/1411 1288/1467/1410 1287/1466/1409
f 1281/1459/1404 1289/1468/1411 1283/1461/1406
f 1270/1447/1392 1288/1467/1410 1290/1469/1412
f 1290/1469/1412 1291/1471/1399 1270/1447/1392
f 1288/1467/1410 1289/1468/1411 1292/1472/1413
f 1292/1472/1413 1290/1469/1412 1288/1467/1410
f 1289/1468/1411 1281/1459/1404 1293/1473/1414
f 1293/1473/1414 1292/1472/1413 1289/1468/1411
f 1293/1473/1414 1281/1459/1404 1277/1454/1400
f 1291/1471/1399 1290/1469/1412 1294/1474/107
f 1294/1474/107 1280/1457/1403 1291/1471/1399
f 1303/1483/106 1280/1457/1403 1294/1474/107
f 1290/1469/1412 1292/1472/1413 1295/1475/1415
f 1295/1475/1415 1294/1474/107 1290/1469/1412
f 1292/1472/1413 1293/1473/1414 1296/1476/1416
f 1296/1476/1416 1295/1475/1415 1292/1472/1413
f 1297/1477/23 9/9/19 1294/1474/107
f 1294/1474/107 1295/1475/1415 1297/1477/23
f 1298/1478/1417 1297/1477/23 1295/1475/1415
f 1295/1475/1415 1296/1476/1416 1298/1478/1417
f 1297/1477/23 1298/1478/1417 1299/1479/20
f 1300/1480/22 1299/1479/20 1298/1478/1417
f 1298/1478/1417 1296/1476/1416 1300/1480/22
f 1296/1476/1416 1293/1473/1414 1301/1481/1418
f 1301/1481/1418 1300/1480/22 1296/1476/1416
f 1277/1454/1400 1301/1481/1418 1293/1473/1414
f 1301/1481/1418 1277/1454/1400 1276/1453/1398
f 1276/1453/1398 1279/1456/1402 1301/1481/1418
f 1300/1480/22 1301/1481/1418 1279/1456/1402
f 1279/1456/1402 1302/1482/1419 1300/1480/22
f 1280/1458/1403 1302/1482/1419 1279/1456/1402
f 1300/1480/22 1302/1482/1419 10/10/21
f 1302/1482/1419 1280/1458/1403 1303/1483/106
f 1303/1483/106 10/10/21 1302/1482/1419
f 1304/1484/1420 1305/1485/1421 1324/1506/1422
f 1324/1506/1422 1306/1487/1423 1304/1484/1420
f 1306/1487/1423 1324/1506/1422 1325/1508/1424
f 1307/1488/1425 1304/1484/1420 1306/1487/1423
f 1325/1508/1424 1308/1489/1426 1306/1487/1423
f 1308/1489/1426 1325/1508/1424 1309/1490/1427
f 1306/1487/1423 1310/1492/1428 1307/1488/1425
f 1310/1492/1428 1306/1487/1423 1308/1489/1426
f 1307/1488/1425 1310/1492/1428 1311/1493/1429
f 1311/1493/1429 1312/1494/1430 1307/1488/1425
f 1313/1495/1431 1312/1494/1430 1311/1493/1429
f 1308/1489/1426 1314/1496/1432 1310/1492/1428
f 1311/1493/1429 1310/1492/1428 1314/1496/1432
f 1309/1490/1427 1315/1497/1433 1308/1489/1426
f 1315/1497/1433 1309/1490/1427 1330/1514/1434
f 1316/1498/1435 1314/1496/1432 1308/1489/1426
f 1308/1489/1426 1315/1497/1433 1316/1498/1435
f 1314/1496/1432 1317/1499/1436 1311/1493/1429
f 1330/1514/1434 1318/1500/1437 1315/1497/1433
f 1318/1500/1437 1330/1514/1434 1339/1525/1438
f 1319/1501/1439 1317/1499/1436 1314/1496/1432
f 1314/1496/1432 1316/1498/1435 1319/1501/1439
f 1320/1502/1440 1311/1493/1429 1317/1499/1436
f 1311/1493/1429 1320/1502/1440 1313/1495/1431
f 1321/1503/1441 1317/1499/1436 1319/1501/1439
f 1317/1499/1436 1321/1503/1441 1320/1502/1440
f 1313/1495/1431 1320/1502/1440 1322/1504/1442
f 1322/1504/1442 1323/1505/1443 1313/1495/1431
f 1324/1507/1422 1305/1486/1421 1323/1505/1443
f 1323/1505/1443 1322/1504/1442 1324/1507/1422
f 1325/1509/1424 1324/1507/1422 1322/1504/1442
f 1326/1510/1444 1322/1504/1442 1320/1502/1440
f 1322/1504/1442 1326/1510/1444 1325/1509/1424
f 1320/1502/1440 1321/1503/1441 1326/1510/1444
f 1325/1509/1424 1326/1510/1444 1327/1511/1445
f 1327/1511/1445 1309/1491/1427 1325/1509/1424
f 1326/1510/1444 1321/1503/1441 1328/1512/1446
f 1328/1512/1446 1327/1511/1445 1326/1510/1444
f 1319/1501/1439 1328/1512/1446 1321/1503/1441
f 1309/1491/1427 1327/1511/1445 1329/1513/1447
f 1329/1513/1447 1330/1515/1434 1309/1491/1427
f 1327/1511/1445 1328/1512/1446 1331/1516/1448
f 1331/1516/1448 1329/1513/1447 1327/1511/1445
f 1328/1512/1446 1319/1501/1439 1332/1517/1449
f 1332/1517/1449 1331/1516/1448 1328/1512/1446
f 1332/1517/1449 1319/1501/1439 1316/1498/1435
f 1329/1513/1447 1331/1516/1448 1333/1518/1450
f 1316/1498/1435 1334/1519/1451 1332/1517/1449
f 1334/1519/1451 1316/1498/1435 1315/1497/1433
f 1315/1497/1433 1318/1500/1437 1334/1519/1451
f 1331/1516/1448 1332/1517/1449 1335/1520/1452
f 1335/1520/1452 1332/1517/1449 1334/1519/1451
f 1335/1520/1452 1333/1518/1450 1331/1516/1448
f 1336/1521/1453 1334/1519/1451 1318/1500/1437
f 1334/1519/1451 1336/1521/1453 1335/1520/1452
f 1333/1518/1450 1335/1520/1452 1337/1522/1454
f 1337/1522/1454 1335/1520/1452 1336/1521/1453
f 1333/1518/1450 1338/1523/1455 1329/1513/1447
f 1330/1515/1434 1329/1513/1447 1338/1523/1455
f 1338/1523/1455 1339/1524/1438 1330/1515/1434
f 1340/1526/1456 1339/1524/1438 1338/1523/1455
f 1338/1523/1455 11/11/24 1340/1526/1456
f 1338/1523/1455 1333/1518/1450 1341/1528/1457
f 1341/1528/1457 11/11/24 1338/1523/1455
f 1337/1522/1454 1341/1528/1457 1333/1518/1450
f 1342/1529/25 11/11/24 1341/1528/1457
f 1341/1528/1457 1337/1522/1454 1342/1529/25
f 1336/1521/1453 1342/1529/25 1337/1522/1454
f 1343/1530/26 1342/1529/25 1336/1521/1453
f 1343/1530/26 1340/1527/1456 11/11/24
f 1336/1521/1453 1344/1531/1458 1343/1530/26
f 1340/1527/1456 1343/1530/26 1344/1531/1458
f 1318/1500/1437 1344/1531/1458 1336/1521/1453
f 1344/1531/1458 1339/1525/1438 1340/1527/1456
f 1339/1525/1438 1344/1531/1458 1318/1500/1437
f 1345/1532/1459 1365/1554/1460 1346/1533/1461
f 1346/1533/1461 1347/1535/1462 1345/1532/1459
f 1347/1535/1462 1346/1533/1461 1366/1556/1463
f 1348/1536/1464 1345/1532/1459 1347/1535/1462
f 1366/1556/1463 1349/1537/1465 1347/1535/1462
f 1349/1537/1465 1366/1556/1463 1369/1560/1466
f 1347/1535/1462 1350/1538/1467 1348/1536/1464
f 1350/1538/1467 1347/1535/1462 1349/1537/1465
f 1348/1536/1464 1350/1538/1467 1351/1539/1468
f 1351/1539/1468 1352/1540/1469 1348/1536/1464
f 1353/1541/1470 1352/1540/1469 1351/1539/1468
f 1349/1537/1465 1354/1542/1471 1350/1538/1467
f 1351/1539/1468 1350/1538/1467 1354/1542/1471
f 1369/1560/1466 1355/1543/1472 1349/1537/1465
f 1355/1543/1472 1369/1560/1466 1356/1544/1473
f 1357/1546/1474 1354/1542/1471 1349/1537/1465
f 1349/1537/1465 1355/1543/1472 1357/1546/1474
f 1354/1542/1471 1358/1547/1475 1351/1539/1468
f 1356/1544/1473 1359/1548/1476 1355/1543/1472
f 1359/1548/1476 1356/1544/1473 1380/1573/1477
f 1360/1549/1478 1358/1547/1475 1354/1542/1471
f 1354/1542/1471 1357/1546/1474 1360/1549/1478
f 1361/1550/1479 1351/1539/1468 1358/1547/1475
f 1351/1539/1468 1361/1550/1479 1353/1541/1470
f 1362/1551/1480 1358/1547/1475 1360/1549/1478
f 1358/1547/1475 1362/1551/1480 1361/1550/1479
f 1353/1541/1470 1361/1550/1479 1363/1552/1481
f 1363/1552/1481 1364/1553/1482 1353/1541/1470
f 1346/1534/1461 1365/1555/1460 1364/1553/1482
f 1364/1553/1482 1363/1552/1481 1346/1534/1461
f 1366/1557/1463 1346/1534/1461 1363/1552/1481
f 1367/1558/1483 1363/1552/1481 1361/1550/1479
f 1363/1552/1481 1367/1558/1483 1366/1557/1463
f 1361/1550/1479 1362/1551/1480 1367/1558/1483
f 1366/1557/1463 1367/1558/1483 1368/1559/1484
f 1368/1559/1484 1369/1561/1466 1366/1557/1463
f 1367/1558/1483 1362/1551/1480 1370/1562/1485
f 1370/1562/1485 1368/1559/1484 1367/1558/1483
f 1360/1549/1478 1370/1562/1485 1362/1551/1480
f 1369/1561/1466 1368/1559/1484 1371/1563/1486
f 1371/1563/1486 1356/1545/1473 1369/1561/1466
f 1368/1559/1484 1370/1562/1485 1372/1564/1487
f 1372/1564/1487 1371/1563/1486 1368/1559/1484
f 1370/1562/1485 1360/1549/1478 1373/1565/1488
f 1373/1565/1488 1372/1564/1487 1370/1562/1485
f 1373/1565/1488 1360/1549/1478 1357/1546/1474
f 1371/1563/1486 1372/1564/1487 1374/1566/1489
f 1357/1546/1474 1375/1567/1490 1373/1565/1488
f 1375/1567/1490 1357/1546/1474 1355/1543/1472
f 1355/1543/1472 1359/1548/1476 1375/1567/1490
f 1372/1564/1487 1373/1565/1488 1376/1568/1491
f 1376/1568/1491 1373/1565/1488 1375/1567/1490
f 1376/1568/1491 1374/1566/1489 1372/1564/1487
f 1377/1569/1492 1375/1567/1490 1359/1548/1476
f 1375/1567/1490 1377/1569/1492 1376/1568/1491
f 1374/1566/1489 1376/1568/1491 1378/1570/1493
f 1378/1570/1493 1376/1568/1491 1377/1569/1492
f 1374/1566/1489 1379/1571/1494 1371/1563/1486
f 1356/1545/1473 1371/1563/1486 1379/1571/1494
f 1379/1571/1494 1380/1572/1477 1356/1545/1473
f 1381/1574/1495 1380/1572/1477 1379/1571/1494
f 1379/1571/1494 12/12/27 1381/1574/1495
f 1379/1571/1494 1374/1566/1489 1382/1576/1496
f 1382/1576/1496 12/12/27 1379/1571/1494
f 1378/1570/1493 1382/1576/1496 1374/1566/1489
f 13/13/28 12/12/27 1382/1576/1496
f 1382/1576/1496 1378/1570/1493 13/13/28
f 1377/1569/1492 13/13/28 1378/1570/1493
f 1383/1577/29 13/13/28 1377/1569/1492
f 1383/1577/29 1381/1575/1495 12/12/27
f 1377/1569/1492 1384/1578/1497 1383/1577/29
f 1381/1575/1495 1383/1577/29 1384/1578/1497
f 1359/1548/1476 1384/1578/1497 1377/1569/1492
f 1384/1578/1497 1380/1573/1477 1381/1575/1495
f 1380/1573/1477 1384/1578/1497 1359/1548/1476
f 1385/1579/1498 1386/1580/1499 1387/1582/1500
f 1387/1582/1500 1388/1584/1501 1385/1579/1498
f 1388/1584/1501 1387/1582/1500 1407/1605/1502
f 1389/1585/1503 1385/1579/1498 1388/1584/1501
f 1407/1605/1502 1390/1586/1504 1388/1584/1501
f 1390/1586/1504 1407/1605/1502 1391/1587/1505
f 1388/1584/1501 1392/1589/1506 1389/1585/1503
f 1392/1589/1506 1388/1584/1501 1390/1586/1504
f 1389/1585/1503 1392/1589/1506 1393/1590/1507
f 1393/1590/1507 1394/1591/1508 1389/1585/1503
f 1395/1592/1509 1394/1591/1508 1393/1590/1507
f 1390/1586/1504 1396/1593/1510 1392/1589/1506
f 1393/1590/1507 1392/1589/1506 1396/1593/1510
f 1391/1587/1505 1397/1594/1511 1390/1586/1504
f 1397/1594/1511 1391/1587/1505 1412/1611/1512
f 1398/1595/1513 1396/1593/1510 1390/1586/1504
f 1390/1586/1504 1397/1594/1511 1398/1595/1513
f 1396/1593/1510 1399/1596/1514 1393/1590/1507
f 1412/1611/1512 1400/1597/1515 1397/1594/1511
f 1400/1597/1515 1412/1611/1512 1401/1599/1516
f 1402/1600/1517 1399/1596/1514 1396/1593/1510
f 1396/1593/1510 1398/1595/1513 1402/1600/1517
f 1403/1601/1518 1393/1590/1507 1399/1596/1514
f 1393/1590/1507 1403/1601/1518 1395/1592/1509
f 1404/1602/1519 1399/1596/1514 1402/1600/1517
f 1399/1596/1514 1404/1602/1519 1403/1601/1518
f 1395/1592/1509 1403/1601/1518 1405/1603/1520
f 1405/1603/1520 1406/1604/1521 1395/1592/1509
f 1387/1583/1500 1386/1581/1499 1406/1604/1521
f 1406/1604/1521 1405/1603/1520 1387/1583/1500
f 1407/1606/1502 1387/1583/1500 1405/1603/1520
f 1408/1607/1522 1405/1603/1520 1403/1601/1518
f 1405/1603/1520 1408/1607/1522 1407/1606/1502
f 1403/1601/1518 1404/1602/1519 1408/1607/1522
f 1407/1606/1502 1408/1607/1522 1409/1608/1523
f 1409/1608/1523 1391/1588/1505 1407/1606/1502
f 1408/1607/1522 1404/1602/1519 1410/1609/1524
f 1410/1609/1524 1409/1608/1523 1408/1607/1522
f 1402/1600/1517 1410/1609/1524 1404/1602/1519
f 1391/1588/1505 1409/1608/1523 1411/1610/1525
f 1411/1610/1525 1412/1612/1512 1391/1588/1505
f 1409/1608/1523 1410/1609/1524 1413/1613/1526
f 1413/1613/1526 1411/1610/1525 1409/1608/1523
f 1410/1609/1524 1402/1600/1517 1414/1614/1527
f 1414/1614/1527 1413/1613/1526 1410/1609/1524
f 1414/1614/1527 1402/1600/1517 1398/1595/1513
f 1411/1610/1525 1413/1613/1526 1415/1615/1528
f 1398/1595/1513 1416/1616/1529 1414/1614/1527
f 1416/1616/1529 1398/1595/1513 1397/1594/1511
f 1397/1594/1511 1400/1597/1515 1416/1616/1529
f 1413/1613/1526 1414/1614/1527 1417/1617/1530
f 1417/1617/1530 1414/1614/1527 1416/1616/1529
f 1417/1617/1530 1415/1615/1528 1413/1613/1526
f 1418/1618/1531 1416/1616/1529 1400/1597/1515
f 1416/1616/1529 1418/1618/1531 1417/1617/1530
f 1415/1615/1528 1417/1617/1530 1419/1619/1532
f 1419/1619/1532 1417/1617/1530 1418/1618/1531
f 1415/1615/1528 1420/1620/1533 1411/1610/1525
f 1412/1612/1512 1411/1610/1525 1420/1620/1533
f 1420/1620/1533 1401/1598/1516 1412/1612/1512
f 1423/1623/1534 1401/1598/1516 1420/1620/1533
f 1420/1620/1533 1424/1625/30 1423/1623/1534
f 1420/1620/1533 1415/1615/1528 1421/1621/1535
f 1421/1621/1535 1424/1625/30 1420/1620/1533
f 1419/1619/1532 1421/1621/1535 1415/1615/1528
f 1422/1622/31 1424/1625/30 1421/1621/1535
f 1421/1621/1535 1419/1619/1532 1422/1622/31
f 1418/1618/1531 1422/1622/31 1419/1619/1532
f 14/14/32 1422/1622/31 1418/1618/1531
f 14/14/32 1423/1624/1534 1424/1625/30
f 1418/1618/1531 1425/1626/1536 14/14/32
f 1423/1624/1534 14/14/32 1425/1626/1536
f 1400/1597/1515 1425/1626/1536 1418/1618/1531
f 1425/1626/1536 1401/1599/1516 1423/1624/1534
f 1401/1599/1516 1425/1626/1536 1400/1597/1515
f 1426/1627/1537 1446/1649/1538 1445/1647/1539
f 1445/1647/1539 1427/1628/1540 1426/1627/1537
f 1427/1628/1540 1445/1647/1539 1447/1651/1541
f 1428/1629/1542 1426/1627/1537 1427/1628/1540
f 1447/1651/1541 1429/1630/1543 1427/1628/1540
f 1429/1630/1543 1447/1651/1541 1450/1655/1544
f 1427/1628/1540 1430/1631/1545 1428/1629/1542
f 1430/1631/1545 1427/1628/1540 1429/1630/1543
f 1428/1629/1542 1430/1631/1545 1431/1632/1546
f 1431/1632/1546 1432/1633/1547 1428/1629/1542
f 1433/1634/1548 1432/1633/1547 1431/1632/1546
f 1429/1630/1543 1434/1635/1549 1430/1631/1545
f 1431/1632/1546 1430/1631/1545 1434/1635/1549
f 1450/1655/1544 1435/1636/1550 1429/1630/1543
f 1435/1636/1550 1450/1655/1544 1436/1637/1551
f 1437/1639/1552 1434/1635/1549 1429/1630/1543
f 1429/1630/1543 1435/1636/1550 1437/1639/1552
f 1434/1635/1549 1438/1640/1553 1431/1632/1546
f 1436/1637/1551 1439/1641/1554 1435/1636/1550
f 1439/1641/1554 1436/1637/1551 1461/1668/1555
f 1440/1642/1556 1438/1640/1553 1434/1635/1549
f 1434/1635/1549 1437/1639/1552 1440/1642/1556
f 1441/1643/1557 1431/1632/1546 1438/1640/1553
f 1431/1632/1546 1441/1643/1557 1433/1634/1548
f 1442/1644/1558 1438/1640/1553 1440/1642/1556
f 1438/1640/1553 1442/1644/1558 1441/1643/1557
f 1433/1634/1548 1441/1643/1557 1443/1645/1559
f 1443/1645/1559 1444/1646/1560 1433/1634/1548
f 1445/1648/1539 1446/1650/1538 1444/1646/1560
f 1444/1646/1560 1443/1645/1559 1445/1648/1539
f 1447/1652/1541 1445/1648/1539 1443/1645/1559
f 1448/1653/1561 1443/1645/1559 1441/1643/1557
f 1443/1645/1559 1448/1653/1561 1447/1652/1541
f 1441/1643/1557 1442/1644/1558 1448/1653/1561
f 1447/1652/1541 1448/1653/1561 1449/1654/1562
f 1449/1654/1562 1450/1656/1544 1447/1652/1541
f 1448/1653/1561 1442/1644/1558 1451/1657/1563
f 1451/1657/1563 1449/1654/1562 1448/1653/1561
f 1440/1642/1556 1451/1657/1563 1442/1644/1558
f 1450/1656/1544 1449/1654/1562 1452/1658/1564
f 1452/1658/1564 1436/1638/1551 1450/1656/1544
f 1449/1654/1562 1451/1657/1563 1453/1659/1565
f 1453/1659/1565 1452/1658/1564 1449/1654/1562
f 1451/1657/1563 1440/1642/1556 1454/1660/1566
f 1454/1660/1566 1453/1659/1565 1451/1657/1563
f 1454/1660/1566 1440/1642/1556 1437/1639/1552
f 1452/1658/1564 1453/1659/1565 1455/1661/1567
f 1437/1639/1552 1456/1662/1568 1454/1660/1566
f 1456/1662/1568 1437/1639/1552 1435/1636/1550
f 1435/1636/1550 1439/1641/1554 1456/1662/1568
f 1453/1659/1565 1454/1660/1566 1457/1663/1569
f 1457/1663/1569 1454/1660/1566 1456/1662/1568
f 1457/1663/1569 1455/1661/1567 1453/1659/1565
f 1458/1664/1570 1456/1662/1568 1439/1641/1554
f 1456/1662/1568 1458/1664/1570 1457/1663/1569
f 1455/1661/1567 1457/1663/1569 1459/1665/1571
f 1459/1665/1571 1457/1663/1569 1458/1664/1570
f 1455/1661/1567 1460/1666/1572 1452/1658/1564
f 1436/1638/1551 1452/1658/1564 1460/1666/1572
f 1460/1666/1572 1461/1667/1555 1436/1638/1551
f 1463/1670/1573 1461/1667/1555 1460/1666/1572
f 1460/1666/1572 1464/1672/33 1463/1670/1573
f 1460/1666/1572 1455/1661/1567 1462/1669/1574
f 1462/1669/1574 1464/1672/33 1460/1666/1572
f 1459/1665/1571 1462/1669/1574 1455/1661/1567
f 15/15/34 1464/1672/33 1462/1669/1574
f 1462/1669/1574 1459/1665/1571 15/15/34
f 1458/1664/1570 15/15/34 1459/1665/1571
f 16/16/35 15/15/34 1458/1664/1570
f 16/16/35 1463/1671/1573 1464/1672/33
f 1458/1664/1570 1465/1673/1575 16/16/35
f 1463/1671/1573 16/16/35 1465/1673/1575
f 1439/1641/1554 1465/1673/1575 1458/1664/1570
f 1465/1673/1575 1461/1668/1555 1463/1671/1573
f 1461/1668/1555 1465/1673/1575 1439/1641/1554
f 1466/1674/1576 1467/1675/1577 1507/1721/1578
f 1507/1721/1578 1468/1677/1579 1466/1674/1576
f 1468/1677/1579 1507/1721/1578 1469/1678/1580
f 1470/1680/1581 1466/1674/1576 1468/1677/1579
f 1469/1678/1580 1471/1681/1582 1468/1677/1579
f 1468/1677/1579 1472/1682/1583 1470/1680/1581
f 1472/1682/1583 1468/1677/1579 1471/1681/1582
f 1473/1683/1584 1471/1681/1582 1469/1678/1580
f 1469/1678/1580 1474/1684/1585 1473/1683/1584
f 1471/1681/1582 1475/1686/1586 1472/1682/1583
f 1476/1687/1587 1473/1683/1584 1474/1684/1585
f 1474/1684/1585 1494/1707/1588 1476/1687/1587
f 1471/1681/1582 1473/1683/1584 1477/1688/1589
f 1477/1688/1589 1475/1686/1586 1471/1681/1582
f 1473/1683/1584 1476/1687/1587 1478/1689/1590
f 1478/1689/1590 1477/1688/1589 1473/1683/1584
f 1479/1690/1591 1476/1687/1587 1494/1707/1588
f 1494/1707/1588 1492/1704/1592 1479/1690/1591
f 1479/1690/1591 1492/1704/1592 1480/1691/1593
f 1480/1691/1593 1481/1693/38 1479/1690/1591
f 1476/1687/1587 1479/1690/1591 1482/1694/1594
f 1482/1694/1594 1478/1689/1590 1476/1687/1587
f 1479/1690/1591 1481/1693/38 1483/1695/1595
f 1483/1695/1595 1482/1694/1594 1479/1690/1591
f 1483/1695/1595 1481/1693/38 1484/1696/37
f 1482/1694/1594 1483/1695/1595 1485/1697/1596
f 1484/1696/37 1485/1697/1596 1483/1695/1595
f 1478/1689/1590 1482/1694/1594 1486/1698/1597
f 1485/1697/1596 1486/1698/1597 1482/1694/1594
f 1485/1697/1596 1484/1696/37 1487/1699/1598
f 1487/1699/1598 1486/1698/1597 1485/1697/1596
f 1487/1699/1598 1484/1696/37 1488/1700/36
f 1486/1698/1597 1489/1701/1599 1478/1689/1590
f 1477/1688/1589 1478/1689/1590 1489/1701/1599
f 1486/1698/1597 1487/1699/1598 1490/1702/1600
f 1490/1702/1600 1489/1701/1599 1486/1698/1597
f 1481/1693/38 1480/1692/1593 1488/1700/36
f 1491/1703/1601 1488/1700/36 1480/1692/1593
f 1488/1700/36 1491/1703/1601 1487/1699/1598
f 1480/1692/1593 1492/1705/1592 1491/1703/1601
f 1487/1699/1598 1491/1703/1601 1493/1706/1602
f 1493/1706/1602 1491/1703/1601 1492/1705/1592
f 1493/1706/1602 1490/1702/1600 1487/1699/1598
f 1492/1705/1592 1494/1708/1588 1493/1706/1602
f 1495/1709/1603 1493/1706/1602 1494/1708/1588
f 1490/1702/1600 1493/1706/1602 1495/1709/1603
f 1494/1708/1588 1474/1685/1585 1495/1709/1603
f 1495/1709/1603 1496/1710/1604 1490/1702/1600
f 1489/1701/1599 1490/1702/1600 1496/1710/1604
f 1497/1711/1605 1495/1709/1603 1474/1685/1585
f 1496/1710/1604 1495/1709/1603 1497/1711/1605
f 1474/1685/1585 1469/1679/1580 1497/1711/1605
f 1496/1710/1604 1498/1712/1606 1489/1701/1599
f 1489/1701/1599 1498/1712/1606 1477/1688/1589
f 1475/1686/1586 1477/1688/1589 1498/1712/1606
f 1498/1712/1606 1496/1710/1604 1499/1713/1607
f 1497/1711/1605 1499/1713/1607 1496/1710/1604
f 1498/1712/1606 1500/1714/1608 1475/1686/1586
f 1499/1713/1607 1500/1714/1608 1498/1712/1606
f 1472/1682/1583 1475/1686/1586 1500/1714/1608
f 1501/1715/1609 1499/1713/1607 1497/1711/1605
f 1500/1714/1608 1502/1716/1610 1472/1682/1583
f 1502/1716/1610 1500/1714/1608 1499/1713/1607
f 1499/1713/1607 1501/1715/1609 1502/1716/1610
f 1470/1680/1581 1472/1682/1583 1502/1716/1610
f 1502/1716/1610 1503/1717/1611 1470/1680/1581
f 1504/1718/1612 1503/1717/1611 1502/1716/1610
f 1502/1716/1610 1501/1715/1609 1504/1718/1612
f 1497/1711/1605 1505/1719/1613 1501/1715/1609
f 1504/1718/1612 1501/1715/1609 1505/1719/1613
f 1505/1719/1613 1497/1711/1605 1469/1679/1580
f 1505/1719/1613 1506/1720/1614 1504/1718/1612
f 1469/1679/1580 1507/1722/1578 1505/1719/1613
f 1506/1720/1614 1505/1719/1613 1507/1722/1578
f 1507/1722/1578 1467/1676/1577 1506/1720/1614
f 1508/1723/1615 1548/1769/1616 1509/1724/1617
f 1509/1724/1617 1510/1726/1618 1508/1723/1615
f 1510/1726/1618 1509/1724/1617 1511/1727/1619
f 1512/1729/1620 1508/1723/1615 1510/1726/1618
f 1511/1727/1619 1513/1730/1621 1510/1726/1618
f 1510/1726/1618 1514/1731/1622 1512/1729/1620
f 1514/1731/1622 1510/1726/1618 1513/1730/1621
f 1515/1732/1623 1513/1730/1621 1511/1727/1619
f 1511/1727/1619 1516/1733/1624 1515/1732/1623
f 1513/1730/1621 1517/1735/1625 1514/1731/1622
f 1518/1736/1626 1515/1732/1623 1516/1733/1624
f 1516/1733/1624 1535/1755/1627 1518/1736/1626
f 1513/1730/1621 1515/1732/1623 1519/1737/1628
f 1519/1737/1628 1517/1735/1625 1513/1730/1621
f 1515/1732/1623 1518/1736/1626 1520/1738/1629
f 1520/1738/1629 1519/1737/1628 1515/1732/1623
f 1521/1739/1630 1518/1736/1626 1535/1755/1627
f 1535/1755/1627 1533/1752/1631 1521/1739/1630
f 1521/1739/1630 1533/1752/1631 1522/1740/1632
f 1522/1740/1632 1523/1742/41 1521/1739/1630
f 1518/1736/1626 1521/1739/1630 1524/1743/1633
f 1524/1743/1633 1520/1738/1629 1518/1736/1626
f 1521/1739/1630 1523/1742/41 1525/1744/1634
f 1525/1744/1634 1524/1743/1633 1521/1739/1630
f 1525/1744/1634 1523/1742/41 1526/1745/40
f 1524/1743/1633 1525/1744/1634 1527/1746/1635
f 1526/1745/40 1527/1746/1635 1525/1744/1634
f 1520/1738/1629 1524/1743/1633 1528/1747/1636
f 1527/1746/1635 1528/1747/1636 1524/1743/1633
f 1527/1746/1635 1526/1745/40 1529/1748/1637
f 1529/1748/1637 1528/1747/1636 1527/1746/1635
f 1529/1748/1637 1526/1745/40 17/17/39
f 1528/1747/1636 1530/1749/1638 1520/1738/1629
f 1519/1737/1628 1520/1738/1629 1530/1749/1638
f 1528/1747/1636 1529/1748/1637 1531/1750/1639
f 1531/1750/1639 1530/1749/1638 1528/1747/1636
f 1523/1742/41 1522/1741/1632 17/17/39
f 1532/1751/1640 17/17/39 1522/1741/1632
f 17/17/39 1532/1751/1640 1529/1748/1637
f 1522/1741/1632 1533/1753/1631 1532/1751/1640
f 1529/1748/1637 1532/1751/1640 1534/1754/1641
f 1534/1754/1641 1532/1751/1640 1533/1753/1631
f 1534/1754/1641 1531/1750/1639 1529/1748/1637
f 1533/1753/1631 1535/1756/1627 1534/1754/1641
f 1536/1757/1642 1534/1754/1641 1535/1756/1627
f 1531/1750/1639 1534/1754/1641 1536/1757/1642
f 1535/1756/1627 1516/1734/1624 1536/1757/1642
f 1536/1757/1642 1537/1758/1643 1531/1750/1639
f 1530/1749/1638 1531/1750/1639 1537/1758/1643
f 1538/1759/1644 1536/1757/1642 1516/1734/1624
f 1537/1758/1643 1536/1757/1642 1538/1759/1644
f 1516/1734/1624 1511/1728/1619 1538/1759/1644
f 1537/1758/1643 1539/1760/1645 1530/1749/1638
f 1530/1749/1638 1539/1760/1645 1519/1737/1628
f 1517/1735/1625 1519/1737/1628 1539/1760/1645
f 1539/1760/1645 1537/1758/1643 1540/1761/1646
f 1538/1759/1644 1540/1761/1646 1537/1758/1643
f 1539/1760/1645 1541/1762/1647 1517/1735/1625
f 1540/1761/1646 1541/1762/1647 1539/1760/1645
f 1514/1731/1622 1517/1735/1625 1541/1762/1647
f 1542/1763/1648 1540/1761/1646 1538/1759/1644
f 1541/1762/1647 1543/1764/1649 1514/1731/1622
f 1543/1764/1649 1541/1762/1647 1540/1761/1646
f 1540/1761/1646 1542/1763/1648 1543/1764/1649
f 1512/1729/1620 1514/1731/1622 1543/1764/1649
f 1543/1764/1649 1544/1765/1650 1512/1729/1620
f 1545/1766/1651 1544/1765/1650 1543/1764/1649
f 1543/1764/1649 1542/1763/1648 1545/1766/1651
f 1538/1759/1644 1546/1767/1652 1542/1763/1648
f 1545/1766/1651 1542/1763/1648 1546/1767/1652
f 1546/1767/1652 1538/1759/1644 1511/1728/1619
f 1546/1767/1652 1547/1768/1653 1545/1766/1651
f 1511/1728/1619 1509/1725/1617 1546/1767/1652
f 1547/1768/1653 1546/1767/1652 1509/1725/1617
f 1509/1725/1617 1548/1770/1616 1547/1768/1653
f 1549/1771/1654 1550/1772/1655 1551/1774/1656
f 1551/1774/1656 1552/1776/1657 1549/1771/1654
f 1552/1776/1657 1551/1774/1656 1581/1809/1658
f 1553/1777/1659 1549/1771/1654 1552/1776/1657
f 1581/1809/1658 1554/1778/1660 1552/1776/1657
f 1552/1776/1657 1555/1779/1622 1553/1777/1659
f 1555/1779/1622 1552/1776/1657 1554/1778/1660
f 1556/1780/1661 1554/1778/1660 1581/1809/1658
f 1581/1809/1658 1557/1781/1624 1556/1780/1661
f 1554/1778/1660 1558/1783/1662 1555/1779/1622
f 1559/1784/1663 1556/1780/1661 1557/1781/1624
f 1557/1781/1624 1560/1785/1664 1559/1784/1663
f 1554/1778/1660 1556/1780/1661 1561/1787/1665
f 1561/1787/1665 1558/1783/1662 1554/1778/1660
f 1556/1780/1661 1559/1784/1663 1562/1788/1666
f 1562/1788/1666 1561/1787/1665 1556/1780/1661
f 1563/1789/1667 1559/1784/1663 1560/1785/1664
f 1560/1785/1664 1564/1790/1668 1563/1789/1667
f 1563/1789/1667 1564/1790/1668 1575/1802/1669
f 1575/1802/1669 1565/1792/44 1563/1789/1667
f 1559/1784/1663 1563/1789/1667 1566/1793/1670
f 1566/1793/1670 1562/1788/1666 1559/1784/1663
f 1563/1789/1667 1565/1792/44 1567/1794/1671
f 1567/1794/1671 1566/1793/1670 1563/1789/1667
f 1567/1794/1671 1565/1792/44 1568/1795/43
f 1566/1793/1670 1567/1794/1671 1569/1796/1672
f 1568/1795/43 1569/1796/1672 1567/1794/1671
f 1562/1788/1666 1566/1793/1670 1570/1797/1673
f 1569/1796/1672 1570/1797/1673 1566/1793/1670
f 1569/1796/1672 1568/1795/43 1571/1798/1674
f 1571/1798/1674 1570/1797/1673 1569/1796/1672
f 1571/1798/1674 1568/1795/43 1572/1799/42
f 1570/1797/1673 1573/1800/1675 1562/1788/1666
f 1561/1787/1665 1562/1788/1666 1573/1800/1675
f 1570/1797/1673 1571/1798/1674 1574/1801/1676
f 1574/1801/1676 1573/1800/1675 1570/1797/1673
f 1565/1792/44 1575/1803/1669 1572/1799/42
f 1576/1804/1677 1572/1799/42 1575/1803/1669
f 1572/1799/42 1576/1804/1677 1571/1798/1674
f 1575/1803/1669 1564/1791/1668 1576/1804/1677
f 1571/1798/1674 1576/1804/1677 1577/1805/1678
f 1577/1805/1678 1576/1804/1677 1564/1791/1668
f 1577/1805/1678 1574/1801/1676 1571/1798/1674
f 1564/1791/1668 1560/1786/1664 1577/1805/1678
f 1578/1806/1679 1577/1805/1678 1560/1786/1664
f 1574/1801/1676 1577/1805/1678 1578/1806/1679
f 1560/1786/1664 1557/1782/1624 1578/1806/1679
f 1578/1806/1679 1579/1807/1680 1574/1801/1676
f 1573/1800/1675 1574/1801/1676 1579/1807/1680
f 1580/1808/1681 1578/1806/1679 1557/1782/1624
f 1579/1807/1680 1578/1806/1679 1580/1808/1681
f 1557/1782/1624 1581/1810/1658 1580/1808/1681
f 1579/1807/1680 1582/1811/1682 1573/1800/1675
f 1573/1800/1675 1582/1811/1682 1561/1787/1665
f 1558/1783/1662 1561/1787/1665 1582/1811/1682
f 1582/1811/1682 1579/1807/1680 1583/1812/1646
f 1580/1808/1681 1583/1812/1646 1579/1807/1680
f 1582/1811/1682 1584/1813/1683 1558/1783/1662
f 1583/1812/1646 1584/1813/1683 1582/1811/1682
f 1555/1779/1622 1558/1783/1662 1584/1813/1683
f 1585/1814/1684 1583/1812/1646 1580/1808/1681
f 1584/1813/1683 1586/1815/1685 1555/1779/1622
f 1586/1815/1685 1584/1813/1683 1583/1812/1646
f 1583/1812/1646 1585/1814/1684 1586/1815/1685
f 1553/1777/1659 1555/1779/1622 1586/1815/1685
f 1586/1815/1685 1587/1816/1686 1553/1777/1659
f 1588/1817/1687 1587/1816/1686 1586/1815/1685
f 1586/1815/1685 1585/1814/1684 1588/1817/1687
f 1580/1808/1681 1589/1818/1688 1585/1814/1684
f 1588/1817/1687 1585/1814/1684 1589/1818/1688
f 1589/1818/1688 1580/1808/1681 1581/1810/1658
f 1589/1818/1688 1590/1819/1689 1588/1817/1687
f 1581/1810/1658 1551/1775/1656 1589/1818/1688
f 1590/1819/1689 1589/1818/1688 1551/1775/1656
f 1551/1775/1656 1550/1773/1655 1590/1819/1689
f 1591/1820/1690 1630/1865/1691 1592/1821/1692
f 1592/1821/1692 1593/1823/1693 1591/1820/1690
f 1593/1823/1693 1592/1821/1692 1620/1854/1694
f 1594/1824/1695 1591/1820/1690 1593/1823/1693
f 1620/1854/1694 1595/1825/1696 1593/1823/1693
f 1593/1823/1693 1596/1826/1697 1594/1824/1695
f 1596/1826/1697 1593/1823/1693 1595/1825/1696
f 1597/1827/1698 1595/1825/1696 1620/1854/1694
f 1620/1854/1694 1617/1850/1699 1597/1827/1698
f 1595/1825/1696 1598/1828/1700 1596/1826/1697
f 1599/1829/1701 1597/1827/1698 1617/1850/1699
f 1617/1850/1699 1600/1830/1702 1599/1829/1701
f 1595/1825/1696 1597/1827/1698 1601/1832/1703
f 1601/1832/1703 1598/1828/1700 1595/1825/1696
f 1597/1827/1698 1599/1829/1701 1602/1833/1704
f 1602/1833/1704 1601/1832/1703 1597/1827/1698
f 1603/1834/1705 1599/1829/1701 1600/1830/1702
f 1600/1830/1702 1614/1846/1706 1603/1834/1705
f 1603/1834/1705 1614/1846/1706 1604/1835/1707
f 1604/1835/1707 1612/1844/47 1603/1834/1705
f 1599/1829/1701 1603/1834/1705 1605/1837/1708
f 1605/1837/1708 1602/1833/1704 1599/1829/1701
f 1603/1834/1705 1612/1844/47 1606/1838/1709
f 1606/1838/1709 1605/1837/1708 1603/1834/1705
f 1606/1838/1709 1612/1844/47 19/19/46
f 1605/1837/1708 1606/1838/1709 1607/1839/1710
f 19/19/46 1607/1839/1710 1606/1838/1709
f 1602/1833/1704 1605/1837/1708 1608/1840/1711
f 1607/1839/1710 1608/1840/1711 1605/1837/1708
f 1607/1839/1710 19/19/46 1609/1841/1712
f 1609/1841/1712 1608/1840/1711 1607/1839/1710
f 1609/1841/1712 19/19/46 18/18/45
f 1608/1840/1711 1610/1842/1713 1602/1833/1704
f 1601/1832/1703 1602/1833/1704 1610/1842/1713
f 1608/1840/1711 1609/1841/1712 1611/1843/1714
f 1611/1843/1714 1610/1842/1713 1608/1840/1711
f 1612/1844/47 1604/1836/1707 18/18/45
f 1613/1845/1715 18/18/45 1604/1836/1707
f 18/18/45 1613/1845/1715 1609/1841/1712
f 1604/1836/1707 1614/1847/1706 1613/1845/1715
f 1609/1841/1712 1613/1845/1715 1615/1848/1716
f 1615/1848/1716 1613/1845/1715 1614/1847/1706
f 1615/1848/1716 1611/1843/1714 1609/1841/1712
f 1614/1847/1706 1600/1831/1702 1615/1848/1716
f 1616/1849/1717 1615/1848/1716 1600/1831/1702
f 1611/1843/1714 1615/1848/1716 1616/1849/1717
f 1600/1831/1702 1617/1851/1699 1616/1849/1717
f 1616/1849/1717 1618/1852/1718 1611/1843/1714
f 1610/1842/1713 1611/1843/1714 1618/1852/1718
f 1619/1853/1719 1616/1849/1717 1617/1851/1699
f 1618/1852/1718 1616/1849/1717 1619/1853/1719
f 1617/1851/1699 1620/1855/1694 1619/1853/1719
f 1618/1852/1718 1621/1856/1720 1610/1842/1713
f 1610/1842/1713 1621/1856/1720 1601/1832/1703
f 1598/1828/1700 1601/1832/1703 1621/1856/1720
f 1621/1856/1720 1618/1852/1718 1622/1857/1721
f 1619/1853/1719 1622/1857/1721 1618/1852/1718
f 1621/1856/1720 1623/1858/1722 1598/1828/1700
f 1622/1857/1721 1623/1858/1722 1621/1856/1720
f 1596/1826/1697 1598/1828/1700 1623/1858/1722
f 1624/1859/1723 1622/1857/1721 1619/1853/1719
f 1623/1858/1722 1625/1860/1724 1596/1826/1697
f 1625/1860/1724 1623/1858/1722 1622/1857/1721
f 1622/1857/1721 1624/1859/1723 1625/1860/1724
f 1594/1824/1695 1596/1826/1697 1625/1860/1724
f 1625/1860/1724 1626/1861/1725 1594/1824/1695
f 1627/1862/1726 1626/1861/1725 1625/1860/1724
f 1625/1860/1724 1624/1859/1723 1627/1862/1726
f 1619/1853/1719 1628/1863/1727 1624/1859/1723
f 1627/1862/1726 1624/1859/1723 1628/1863/1727
f 1628/1863/1727 1619/1853/1719 1620/1855/1694
f 1628/1863/1727 1629/1864/1728 1627/1862/1726
f 1620/1855/1694 1592/1822/1692 1628/1863/1727
f 1629/1864/1728 1628/1863/1727 1592/1822/1692
f 1592/1822/1692 1630/1866/1691 1629/1864/1728
f 1631/1867/1729 1670/1912/1730 1632/1868/1731
f 1632/1868/1731 1633/1870/1732 1631/1867/1729
f 1633/1870/1732 1632/1868/1731 1660/1901/1733
f 1634/1871/1734 1631/1867/1729 1633/1870/1732
f 1660/1901/1733 1635/1872/1735 1633/1870/1732
f 1633/1870/1732 1636/1873/1736 1634/1871/1734
f 1636/1873/1736 1633/1870/1732 1635/1872/1735
f 1637/1874/1737 1635/1872/1735 1660/1901/1733
f 1660/1901/1733 1657/1897/1738 1637/1874/1737
f 1635/1872/1735 1638/1875/1739 1636/1873/1736
f 1639/1876/1740 1637/1874/1737 1657/1897/1738
f 1657/1897/1738 1640/1877/1741 1639/1876/1740
f 1635/1872/1735 1637/1874/1737 1641/1879/1742
f 1641/1879/1742 1638/1875/1739 1635/1872/1735
f 1637/1874/1737 1639/1876/1740 1642/1880/1743
f 1642/1880/1743 1641/1879/1742 1637/1874/1737
f 1643/1881/1744 1639/1876/1740 1640/1877/1741
f 1640/1877/1741 1654/1893/1745 1643/1881/1744
f 1643/1881/1744 1654/1893/1745 1644/1882/1746
f 1644/1882/1746 1652/1891/50 1643/1881/1744
f 1639/1876/1740 1643/1881/1744 1645/1884/1747
f 1645/1884/1747 1642/1880/1743 1639/1876/1740
f 1643/1881/1744 1652/1891/50 1646/1885/1748
f 1646/1885/1748 1645/1884/1747 1643/1881/1744
f 1646/1885/1748 1652/1891/50 21/21/49
f 1645/1884/1747 1646/1885/1748 1647/1886/1749
f 21/21/49 1647/1886/1749 1646/1885/1748
f 1642/1880/1743 1645/1884/1747 1648/1887/1750
f 1647/1886/1749 1648/1887/1750 1645/1884/1747
f 1647/1886/1749 21/21/49 1649/1888/1751
f 1649/1888/1751 1648/1887/1750 1647/1886/1749
f 1649/1888/1751 21/21/49 20/20/48
f 1648/1887/1750 1650/1889/1752 1642/1880/1743
f 1641/1879/1742 1642/1880/1743 1650/1889/1752
f 1648/1887/1750 1649/1888/1751 1651/1890/1753
f 1651/1890/1753 1650/1889/1752 1648/1887/1750
f 1652/1891/50 1644/1883/1746 20/20/48
f 1653/1892/1754 20/20/48 1644/1883/1746
f 20/20/48 1653/1892/1754 1649/1888/1751
f 1644/1883/1746 1654/1894/1745 1653/1892/1754
f 1649/1888/1751 1653/1892/1754 1655/1895/1755
f 1655/1895/1755 1653/1892/1754 1654/1894/1745
f 1655/1895/1755 1651/1890/1753 1649/1888/1751
f 1654/1894/1745 1640/1878/1741 1655/1895/1755
f 1656/1896/1756 1655/1895/1755 1640/1878/1741
f 1651/1890/1753 1655/1895/1755 1656/1896/1756
f 1640/1878/1741 1657/1898/1738 1656/1896/1756
f 1656/1896/1756 1658/1899/1757 1651/1890/1753
f 1650/1889/1752 1651/1890/1753 1658/1899/1757
f 1659/1900/1758 1656/1896/1756 1657/1898/1738
f 1658/1899/1757 1656/1896/1756 1659/1900/1758
f 1657/1898/1738 1660/1902/1733 1659/1900/1758
f 1658/1899/1757 1661/1903/1759 1650/1889/1752
f 1650/1889/1752 1661/1903/1759 1641/1879/1742
f 1638/1875/1739 1641/1879/1742 1661/1903/1759
f 1661/1903/1759 1658/1899/1757 1662/1904/1760
f 1659/1900/1758 1662/1904/1760 1658/1899/1757
f 1661/1903/1759 1663/1905/1761 1638/1875/1739
f 1662/1904/1760 1663/1905/1761 1661/1903/1759
f 1636/1873/1736 1638/1875/1739 1663/1905/1761
f 1664/1906/1762 1662/1904/1760 1659/1900/1758
f 1663/1905/1761 1665/1907/1763 1636/1873/1736
f 1665/1907/1763 1663/1905/1761 1662/1904/1760
f 1662/1904/1760 1664/1906/1762 1665/1907/1763
f 1634/1871/1734 1636/1873/1736 1665/1907/1763
f 1665/1907/1763 1666/1908/1764 1634/1871/1734
f 1667/1909/1765 1666/1908/1764 1665/1907/1763
f 1665/1907/1763 1664/1906/1762 1667/1909/1765
f 1659/1900/1758 1668/1910/1766 1664/1906/1762
f 1667/1909/1765 1664/1906/1762 1668/1910/1766
f 1668/1910/1766 1659/1900/1758 1660/1902/1733
f 1668/1910/1766 1669/1911/1767 1667/1909/1765
f 1660/1902/1733 1632/1869/1731 1668/1910/1766
f 1669/1911/1767 1668/1910/1766 1632/1869/1731
f 1632/1869/1731 1670/1913/1730 1669/1911/1767
f 1671/1914/1768 1709/1958/1769 1708/1956/1770
f 1708/1956/1770 1672/1915/1771 1671/1914/1768
f 1672/1915/1771 1708/1956/1770 1673/1916/1772
f 1674/1918/1773 1671/1914/1768 1672/1915/1771
f 1673/1916/1772 1675/1919/1774 1672/1915/1771
f 1672/1915/1771 1676/1920/1775 1674/1918/1773
f 1676/1920/1775 1672/1915/1771 1675/1919/1774
f 1677/1921/1776 1675/1919/1774 1673/1916/1772
f 1673/1916/1772 1696/1943/1777 1677/1921/1776
f 1675/1919/1774 1678/1922/1778 1676/1920/1775
f 1679/1923/1779 1677/1921/1776 1696/1943/1777
f 1696/1943/1777 1680/1924/1780 1679/1923/1779
f 1675/1919/1774 1677/1921/1776 1681/1926/1781
f 1681/1926/1781 1678/1922/1778 1675/1919/1774
f 1677/1921/1776 1679/1923/1779 1682/1927/1782
f 1682/1927/1782 1681/1926/1781 1677/1921/1776
f 1683/1928/1783 1679/1923/1779 1680/1924/1780
f 1680/1924/1780 1693/1939/1784 1683/1928/1783
f 1683/1928/1783 1693/1939/1784 1691/1936/1785
f 1691/1936/1785 24/24/53 1683/1928/1783
f 1679/1923/1779 1683/1928/1783 1684/1929/1786
f 1684/1929/1786 1682/1927/1782 1679/1923/1779
f 1683/1928/1783 24/24/53 1685/1930/1787
f 1685/1930/1787 1684/1929/1786 1683/1928/1783
f 1685/1930/1787 24/24/53 23/23/52
f 1684/1929/1786 1685/1930/1787 1686/1931/1788
f 23/23/52 1686/1931/1788 1685/1930/1787
f 1682/1927/1782 1684/1929/1786 1687/1932/1789
f 1686/1931/1788 1687/1932/1789 1684/1929/1786
f 1686/1931/1788 23/23/52 1688/1933/1790
f 1688/1933/1790 1687/1932/1789 1686/1931/1788
f 1688/1933/1790 23/23/52 22/22/51
f 1687/1932/1789 1689/1934/1791 1682/1927/1782
f 1681/1926/1781 1682/1927/1782 1689/1934/1791
f 1687/1932/1789 1688/1933/1790 1690/1935/1792
f 1690/1935/1792 1689/1934/1791 1687/1932/1789
f 24/24/53 1691/1937/1785 22/22/51
f 1692/1938/1793 22/22/51 1691/1937/1785
f 22/22/51 1692/1938/1793 1688/1933/1790
f 1691/1937/1785 1693/1940/1784 1692/1938/1793
f 1688/1933/1790 1692/1938/1793 1694/1941/1794
f 1694/1941/1794 1692/1938/1793 1693/1940/1784
f 1694/1941/1794 1690/1935/1792 1688/1933/1790
f 1693/1940/1784 1680/1925/1780 1694/1941/1794
f 1695/1942/1795 1694/1941/1794 1680/1925/1780
f 1690/1935/1792 1694/1941/1794 1695/1942/1795
f 1680/1925/1780 1696/1944/1777 1695/1942/1795
f 1695/1942/1795 1697/1945/1796 1690/1935/1792
f 1689/1934/1791 1690/1935/1792 1697/1945/1796
f 1698/1946/1797 1695/1942/1795 1696/1944/1777
f 1697/1945/1796 1695/1942/1795 1698/1946/1797
f 1696/1944/1777 1673/1917/1772 1698/1946/1797
f 1697/1945/1796 1699/1947/1798 1689/1934/1791
f 1689/1934/1791 1699/1947/1798 1681/1926/1781
f 1678/1922/1778 1681/1926/1781 1699/1947/1798
f 1699/1947/1798 1697/1945/1796 1700/1948/1799
f 1698/1946/1797 1700/1948/1799 1697/1945/1796
f 1699/1947/1798 1701/1949/1800 1678/1922/1778
f 1700/1948/1799 1701/1949/1800 1699/1947/1798
f 1676/1920/1775 1678/1922/1778 1701/1949/1800
f 1702/1950/1801 1700/1948/1799 1698/1946/1797
f 1701/1949/1800 1703/1951/1802 1676/1920/1775
f 1703/1951/1802 1701/1949/1800 1700/1948/1799
f 1700/1948/1799 1702/1950/1801 1703/1951/1802
f 1674/1918/1773 1676/1920/1775 1703/1951/1802
f 1703/1951/1802 1704/1952/1803 1674/1918/1773
f 1705/1953/1804 1704/1952/1803 1703/1951/1802
f 1703/1951/1802 1702/1950/1801 1705/1953/1804
f 1698/1946/1797 1706/1954/1805 1702/1950/1801
f 1705/1953/1804 1702/1950/1801 1706/1954/1805
f 1706/1954/1805 1698/1946/1797 1673/1917/1772
f 1706/1954/1805 1707/1955/1806 1705/1953/1804
f 1673/1917/1772 1708/1957/1770 1706/1954/1805
f 1707/1955/1806 1706/1954/1805 1708/1957/1770
f 1708/1957/1770 1709/1959/1769 1707/1955/1806
f 1710/1960/1807 1711/1961/1808 1712/1963/1809
f 1712/1963/1809 1713/1965/1810 1710/1960/1807
f 1713/1965/1810 1712/1963/1809 1714/1966/1811
f 1715/1968/1812 1710/1960/1807 1713/1965/1810
f 1714/1966/1811 1716/1969/1813 1713/1965/1810
f 1713/1965/1810 1717/1970/1814 1715/1968/1812
f 1717/1970/1814 1713/1965/1810 1716/1969/1813
f 1718/1971/1815 1716/1969/1813 1714/1966/1811
f 1714/1966/1811 1719/1972/1816 1718/1971/1815
f 1716/1969/1813 1720/1974/1817 1717/1970/1814
f 1721/1975/1818 1718/1971/1815 1719/1972/1816
f 1719/1972/1816 1737/1993/1819 1721/1975/1818
f 1716/1969/1813 1718/1971/1815 1722/1976/1820
f 1722/1976/1820 1720/1974/1817 1716/1969/1813
f 1718/1971/1815 1721/1975/1818 1723/1977/1821
f 1723/1977/1821 1722/1976/1820 1718/1971/1815
f 1724/1978/1822 1721/1975/1818 1737/1993/1819
f 1737/1993/1819 1725/1979/1823 1724/1978/1822
f 1724/1978/1822 1725/1979/1823 1726/1981/1824
f 1726/1981/1824 26/26/56 1724/1978/1822
f 1721/1975/1818 1724/1978/1822 1727/1983/1825
f 1727/1983/1825 1723/1977/1821 1721/1975/1818
f 1724/1978/1822 26/26/56 1728/1984/1826
f 1728/1984/1826 1727/1983/1825 1724/1978/1822
f 1728/1984/1826 26/26/56 25/25/55
f 1727/1983/1825 1728/1984/1826 1729/1985/1827
f 25/25/55 1729/1985/1827 1728/1984/1826
f 1723/1977/1821 1727/1983/1825 1730/1986/1828
f 1729/1985/1827 1730/1986/1828 1727/1983/1825
f 1729/1985/1827 25/25/55 1731/1987/1829
f 1731/1987/1829 1730/1986/1828 1729/1985/1827
f 1731/1987/1829 25/25/55 1732/1988/54
f 1730/1986/1828 1733/1989/1830 1723/1977/1821
f 1722/1976/1820 1723/1977/1821 1733/1989/1830
f 1730/1986/1828 1731/1987/1829 1734/1990/1831
f 1734/1990/1831 1733/1989/1830 1730/1986/1828
f 26/26/56 1726/1982/1824 1732/1988/54
f 1735/1991/1832 1732/1988/54 1726/1982/1824
f 1732/1988/54 1735/1991/1832 1731/1987/1829
f 1726/1982/1824 1725/1980/1823 1735/1991/1832
f 1731/1987/1829 1735/1991/1832 1736/1992/1833
f 1736/1992/1833 1735/1991/1832 1725/1980/1823
f 1736/1992/1833 1734/1990/1831 1731/1987/1829
f 1725/1980/1823 1737/1994/1819 1736/1992/1833
f 1738/1995/1834 1736/1992/1833 1737/1994/1819
f 1734/1990/1831 1736/1992/1833 1738/1995/1834
f 1737/1994/1819 1719/1973/1816 1738/1995/1834
f 1738/1995/1834 1739/1996/1835 1734/1990/1831
f 1733/1989/1830 1734/1990/1831 1739/1996/1835
f 1740/1997/1836 1738/1995/1834 1719/1973/1816
f 1739/1996/1835 1738/1995/1834 1740/1997/1836
f 1719/1973/1816 1714/1967/1811 1740/1997/1836
f 1739/1996/1835 1741/1998/1837 1733/1989/1830
f 1733/1989/1830 1741/1998/1837 1722/1976/1820
f 1720/1974/1817 1722/1976/1820 1741/1998/1837
f 1741/1998/1837 1739/1996/1835 1742/1999/1838
f 1740/1997/1836 1742/1999/1838 1739/1996/1835
f 1741/1998/1837 1743/2000/1839 1720/1974/1817
f 1742/1999/1838 1743/2000/1839 1741/1998/1837
f 1717/1970/1814 1720/1974/1817 1743/2000/1839
f 1744/2001/1840 1742/1999/1838 1740/1997/1836
f 1743/2000/1839 1745/2002/1841 1717/1970/1814
f 1745/2002/1841 1743/2000/1839 1742/1999/1838
f 1742/1999/1838 1744/2001/1840 1745/2002/1841
f 1715/1968/1812 1717/1970/1814 1745/2002/1841
f 1745/2002/1841 1746/2003/1842 1715/1968/1812
f 1747/2004/1843 1746/2003/1842 1745/2002/1841
f 1745/2002/1841 1744/2001/1840 1747/2004/1843
f 1740/1997/1836 1748/2005/1844 1744/2001/1840
f 1747/2004/1843 1744/2001/1840 1748/2005/1844
f 1748/2005/1844 1740/1997/1836 1714/1967/1811
f 1748/2005/1844 1749/2006/1845 1747/2004/1843
f 1714/1967/1811 1712/1964/1809 1748/2005/1844
f 1749/2006/1845 1748/2005/1844 1712/1964/1809
f 1712/1964/1809 1711/1962/1808 1749/2006/1845
f 1750/2007/1846 1751/2008/1847 1752/2010/1848
f 1752/2010/1848 1753/2012/1849 1750/2007/1846
f 1753/2012/1849 1752/2010/1848 1754/2013/1850
f 1755/2015/1851 1750/2007/1846 1753/2012/1849
f 1754/2013/1850 1756/2016/1852 1753/2012/1849
f 1753/2012/1849 1757/2017/1853 1755/2015/1851
f 1757/2017/1853 1753/2012/1849 1756/2016/1852
f 1758/2018/1854 1756/2016/1852 1754/2013/1850
f 1754/2013/1850 1779/2042/1855 1758/2018/1854
f 1756/2016/1852 1759/2019/1856 1757/2017/1853
f 1760/2020/1857 1758/2018/1854 1779/2042/1855
f 1779/2042/1855 1761/2021/1858 1760/2020/1857
f 1756/2016/1852 1758/2018/1854 1762/2023/1859
f 1762/2023/1859 1759/2019/1856 1756/2016/1852
f 1758/2018/1854 1760/2020/1857 1763/2024/1860
f 1763/2024/1860 1762/2023/1859 1758/2018/1854
f 1764/2025/1861 1760/2020/1857 1761/2021/1858
f 1761/2021/1858 1765/2026/1862 1764/2025/1861
f 1764/2025/1861 1765/2026/1862 1775/2037/1863
f 1775/2037/1863 1774/2036/59 1764/2025/1861
f 1760/2020/1857 1764/2025/1861 1766/2028/1864
f 1766/2028/1864 1763/2024/1860 1760/2020/1857
f 1764/2025/1861 1774/2036/59 1767/2029/1865
f 1767/2029/1865 1766/2028/1864 1764/2025/1861
f 1767/2029/1865 1774/2036/59 1768/2030/58
f 1766/2028/1864 1767/2029/1865 1769/2031/1866
f 1768/2030/58 1769/2031/1866 1767/2029/1865
f 1763/2024/1860 1766/2028/1864 1770/2032/1867
f 1769/2031/1866 1770/2032/1867 1766/2028/1864
f 1769/2031/1866 1768/2030/58 1771/2033/1868
f 1771/2033/1868 1770/2032/1867 1769/2031/1866
f 1771/2033/1868 1768/2030/58 27/27/57
f 1770/2032/1867 1772/2034/1869 1763/2024/1860
f 1762/2023/1859 1763/2024/1860 1772/2034/1869
f 1770/2032/1867 1771/2033/1868 1773/2035/1870
f 1773/2035/1870 1772/2034/1869 1770/2032/1867
f 1774/2036/59 1775/2038/1863 27/27/57
f 1776/2039/1871 27/27/57 1775/2038/1863
f 27/27/57 1776/2039/1871 1771/2033/1868
f 1775/2038/1863 1765/2027/1862 1776/2039/1871
f 1771/2033/1868 1776/2039/1871 1777/2040/1872
f 1777/2040/1872 1776/2039/1871 1765/2027/1862
f 1777/2040/1872 1773/2035/1870 1771/2033/1868
f 1765/2027/1862 1761/2022/1858 1777/2040/1872
f 1778/2041/1873 1777/2040/1872 1761/2022/1858
f 1773/2035/1870 1777/2040/1872 1778/2041/1873
f 1761/2022/1858 1779/2043/1855 1778/2041/1873
f 1778/2041/1873 1780/2044/1874 1773/2035/1870
f 1772/2034/1869 1773/2035/1870 1780/2044/1874
f 1781/2045/1875 1778/2041/1873 1779/2043/1855
f 1780/2044/1874 1778/2041/1873 1781/2045/1875
f 1779/2043/1855 1754/2014/1850 1781/2045/1875
f 1780/2044/1874 1782/2046/1876 1772/2034/1869
f 1772/2034/1869 1782/2046/1876 1762/2023/1859
f 1759/2019/1856 1762/2023/1859 1782/2046/1876
f 1782/2046/1876 1780/2044/1874 1783/2047/1877
f 1781/2045/1875 1783/2047/1877 1780/2044/1874
f 1782/2046/1876 1784/2048/1878 1759/2019/1856
f 1783/2047/1877 1784/2048/1878 1782/2046/1876
f 1757/2017/1853 1759/2019/1856 1784/2048/1878
f 1785/2049/1879 1783/2047/1877 1781/2045/1875
f 1784/2048/1878 1786/2050/1880 1757/2017/1853
f 1786/2050/1880 1784/2048/1878 1783/2047/1877
f 1783/2047/1877 1785/2049/1879 1786/2050/1880
f 1755/2015/1851 1757/2017/1853 1786/2050/1880
f 1786/2050/1880 1787/2051/1881 1755/2015/1851
f 1788/2052/1882 1787/2051/1881 1786/2050/1880
f 1786/2050/1880 1785/2049/1879 1788/2052/1882
f 1781/2045/1875 1789/2053/1883 1785/2049/1879
f 1788/2052/1882 1785/2049/1879 1789/2053/1883
f 1789/2053/1883 1781/2045/1875 1754/2014/1850
f 1789/2053/1883 1790/2054/1884 1788/2052/1882
f 1754/2014/1850 1752/2011/1848 1789/2053/1883
f 1790/2054/1884 1789/2053/1883 1752/2011/1848
f 1752/2011/1848 1751/2009/1847 1790/2054/1884
f 1791/2055/1885 1825/2098/1886 1792/2057/1887
f 1792/2057/1887 1793/2059/1888 1791/2055/1885
f 1793/2059/1888 1792/2057/1887 1828/2103/1889
f 4432/5158/1890 1791/2055/1885 1793/2059/1888
f 1828/2103/1889 1794/2060/1891 1793/2059/1888
f 1794/2060/1891 1828/2103/1889 1795/2061/1892
f 1793/2059/1888 1796/2063/1893 4432/5158/1890
f 1796/2063/1893 1793/2059/1888 1794/2060/1891
f 4433/5160/1894 4432/5158/1890 1796/2063/1893
f 1795/2061/1892 1797/2064/1895 1794/2060/1891
f 1797/2064/1895 1795/2061/1892 1798/2065/1896
f 1794/2060/1891 1799/2067/1897 1796/2063/1893
f 1799/2067/1897 1794/2060/1891 1797/2064/1895
f 1796/2063/1893 1800/2068/1898 4433/5160/1894
f 1800/2068/1898 1796/2063/1893 1799/2067/1897
f 1801/2069/1899 4433/5160/1894 1800/2068/1898
f 1798/2065/1896 1802/2071/1900 1797/2064/1895
f 1802/2071/1900 1798/2065/1896 1803/2073/1901
f 1800/2068/1898 1804/2074/1902 1801/2069/1899
f 1805/2075/1903 1801/2069/1899 1804/2074/1902
f 1799/2067/1897 1806/2077/1904 1800/2068/1898
f 1804/2074/1902 1800/2068/1898 1806/2077/1904
f 1797/2064/1895 1807/2078/1905 1799/2067/1897
f 1806/2077/1904 1799/2067/1897 1807/2078/1905
f 1807/2078/1905 1797/2064/1895 1802/2071/1900
f 1804/2074/1902 1808/2079/1906 1805/2075/1903
f 4431/5156/1907 1805/2075/1903 1808/2079/1906
f 1806/2077/1904 1809/2080/1908 1804/2074/1902
f 1808/2079/1906 1804/2074/1902 1809/2080/1908
f 1807/2078/1905 1810/2081/1909 1806/2077/1904
f 1809/2080/1908 1806/2077/1904 1810/2081/1909
f 1808/2079/1906 1811/2082/1910 4431/5156/1907
f 1812/2083/1911 4431/5156/1907 1811/2082/1910
f 1809/2080/1908 1813/2085/1912 1808/2079/1906
f 1811/2082/1910 1808/2079/1906 1813/2085/1912
f 1811/2082/1910 1814/2086/1913 1812/2083/1911
f 4429/5152/1914 1812/2083/1911 1814/2086/1913
f 1813/2085/1912 1815/2087/1915 1811/2082/1910
f 1814/2086/1913 1811/2082/1910 1815/2087/1915
f 1813/2085/1912 1809/2080/1908 1816/2088/1916
f 1810/2081/1909 1816/2088/1916 1809/2080/1908
f 1814/2086/1913 1817/2089/1917 4429/5152/1914
f 1818/2090/1918 4429/5152/1914 1817/2089/1917
f 1817/2089/1917 1814/2086/1913 1819/2092/1919
f 1815/2087/1915 1819/2092/1919 1814/2086/1913
f 1817/2089/1917 1820/2093/1920 1818/2090/1918
f 4428/5150/1921 1818/2090/1918 1820/2093/1920
f 1819/2092/1919 1821/2094/1922 1817/2089/1917
f 1820/2093/1920 1817/2089/1917 1821/2094/1922
f 1820/2093/1920 1822/2095/1923 4428/5150/1921
f 4430/5154/1924 4428/5150/1921 1822/2095/1923
f 1821/2094/1922 1823/2096/1925 1820/2093/1920
f 1822/2095/1923 1820/2093/1920 1823/2096/1925
f 1822/2095/1923 1824/2097/1926 4430/5154/1924
f 1825/2099/1886 4430/5154/1924 1824/2097/1926
f 1824/2097/1926 1792/2058/1887 1825/2099/1886
f 1824/2097/1926 1822/2095/1923 1826/2101/1927
f 1823/2096/1925 1826/2101/1927 1822/2095/1923
f 1792/2058/1887 1824/2097/1926 1827/2102/1928
f 1826/2101/1927 1827/2102/1928 1824/2097/1926
f 1827/2102/1928 1828/2104/1889 1792/2058/1887
f 1826/2101/1927 1823/2096/1925 1829/2105/1929
f 1828/2104/1889 1827/2102/1928 1830/2106/1930
f 1830/2106/1930 1795/2062/1892 1828/2104/1889
f 1827/2102/1928 1826/2101/1927 1831/2107/1931
f 1831/2107/1931 1830/2106/1930 1827/2102/1928
f 1829/2105/1929 1831/2107/1931 1826/2101/1927
f 1795/2062/1892 1830/2106/1930 1832/2108/1932
f 1832/2108/1932 1798/2066/1896 1795/2062/1892
f 1830/2106/1930 1831/2107/1931 1833/2109/1933
f 1833/2109/1933 1832/2108/1932 1830/2106/1930
f 1798/2066/1896 1832/2108/1932 1834/2110/1934
f 1834/2110/1934 1803/2072/1901 1798/2066/1896
f 1835/2111/1935 1803/2072/1901 1834/2110/1934
f 1836/2113/1936 1834/2110/1934 1832/2108/1932
f 1832/2108/1932 1833/2109/1933 1836/2113/1936
f 1834/2110/1934 1837/2114/1937 1835/2111/1935
f 1837/2114/1937 1834/2110/1934 1836/2113/1936
f 1838/2115/1929 1833/2109/1933 1831/2107/1931
f 1831/2107/1931 1829/2105/1929 1838/2115/1929
f 1839/2116/1938 1836/2113/1936 1833/2109/1933
f 1833/2109/1933 1838/2115/1929 1839/2116/1938
f 1836/2113/1936 1840/2117/1939 1837/2114/1937
f 1840/2117/1939 1836/2113/1936 1839/2116/1938
f 1835/2111/1935 1837/2114/1937 1841/2118/1940
f 1841/2118/1940 1842/2119/1941 1835/2111/1935
f 1837/2114/1937 1840/2117/1939 1843/2121/1942
f 1843/2121/1942 1841/2118/1940 1837/2114/1937
f 1842/2119/1941 1841/2118/1940 1844/2122/1943
f 1844/2122/1943 1884/2165/1944 1842/2119/1941
f 1845/2123/1945 1884/2165/1944 1844/2122/1943
f 1846/2125/1946 1844/2122/1943 1841/2118/1940
f 1841/2118/1940 1843/2121/1942 1846/2125/1946
f 1844/2122/1943 1847/2126/1947 1845/2123/1945
f 1847/2126/1947 1844/2122/1943 1846/2125/1946
f 1848/2127/1948 1845/2123/1945 1847/2126/1947
f 1849/2129/1949 1846/2125/1946 1843/2121/1942
f 1847/2126/1947 1850/2130/1950 1848/2127/1948
f 1851/2131/1951 1848/2127/1948 1850/2130/1950
f 1846/2125/1946 1852/2133/1952 1847/2126/1947
f 1850/2130/1950 1847/2126/1947 1852/2133/1952
f 1852/2133/1952 1846/2125/1946 1849/2129/1949
f 1850/2130/1950 1853/2134/1953 1851/2131/1951
f 1852/2133/1952 1854/2135/1954 1850/2130/1950
f 1853/2134/1953 1850/2130/1950 1854/2135/1954
f 1849/2129/1949 1855/2136/1955 1852/2133/1952
f 1854/2135/1954 1852/2133/1952 1855/2136/1955
f 1843/2121/1942 1856/2137/1956 1849/2129/1949
f 1856/2137/1956 1843/2121/1942 1840/2117/1939
f 1855/2136/1955 1849/2129/1949 1857/2138/1957
f 1857/2138/1957 1849/2129/1949 1856/2137/1956
f 1840/2117/1939 1858/2139/1958 1856/2137/1956
f 1839/2116/1938 1858/2139/1958 1840/2117/1939
f 1856/2137/1956 1859/2140/1959 1857/2138/1957
f 1859/2140/1959 1856/2137/1956 1858/2139/1958
f 1858/2139/1958 1839/2116/1938 1860/2141/1960
f 1860/2141/1960 1839/2116/1938 1838/2115/1929
f 1858/2139/1958 1861/2142/1961 1859/2140/1959
f 1860/2141/1960 1861/2142/1961 1858/2139/1958
f 1838/2115/1929 1862/2143/1962 1860/2141/1960
f 1862/2143/1962 1838/2115/1929 1829/2105/1929
f 1861/2142/1961 1860/2141/1960 1863/2144/1963
f 1863/2144/1963 1860/2141/1960 1862/2143/1962
f 1829/2105/1929 1864/2145/1964 1862/2143/1962
f 1864/2145/1964 1829/2105/1929 1823/2096/1925
f 1823/2096/1925 1821/2094/1922 1864/2145/1964
f 1865/2146/1965 1862/2143/1962 1864/2145/1964
f 1862/2143/1962 1865/2146/1965 1863/2144/1963
f 1866/2147/1966 1864/2145/1964 1821/2094/1922
f 1864/2145/1964 1866/2147/1966 1865/2146/1965
f 1821/2094/1922 1819/2092/1919 1866/2147/1966
f 1867/2148/1967 1863/2144/1963 1865/2146/1965
f 1868/2149/1968 1866/2147/1966 1819/2092/1919
f 1819/2092/1919 1815/2087/1915 1868/2149/1968
f 1869/2150/1969 1865/2146/1965 1866/2147/1966
f 1866/2147/1966 1868/2149/1968 1869/2150/1969
f 1865/2146/1965 1869/2150/1969 1867/2148/1967
f 1870/2151/1970 1868/2149/1968 1815/2087/1915
f 1815/2087/1915 1813/2085/1912 1870/2151/1970
f 1816/2088/1916 1870/2151/1970 1813/2085/1912
f 1871/2152/1971 1869/2150/1969 1868/2149/1968
f 1868/2149/1968 1870/2151/1970 1871/2152/1971
f 1870/2151/1970 1816/2088/1916 1872/2153/1972
f 1872/2153/1972 1871/2152/1971 1870/2151/1970
f 1869/2150/1969 1871/2152/1971 1873/2154/1973
f 1873/2154/1973 1867/2148/1967 1869/2150/1969
f 1871/2152/1971 1872/2153/1972 1874/2155/1974
f 1874/2155/1974 1873/2154/1973 1871/2152/1971
f 1875/2156/1975 1872/2153/1972 1816/2088/1916
f 1816/2088/1916 1810/2081/1909 1875/2156/1975
f 1876/2157/1976 1874/2155/1974 1872/2153/1972
f 1872/2153/1972 1875/2156/1975 1876/2157/1976
f 1877/2158/1977 1875/2156/1975 1810/2081/1909
f 1810/2081/1909 1807/2078/1905 1877/2158/1977
f 1802/2071/1900 1877/2158/1977 1807/2078/1905
f 1875/2156/1975 1877/2158/1977 1878/2159/1978
f 1878/2159/1978 1876/2157/1976 1875/2156/1975
f 1877/2158/1977 1802/2071/1900 1879/2160/1979
f 1879/2160/1979 1878/2159/1978 1877/2158/1977
f 1803/2073/1901 1879/2160/1979 1802/2071/1900
f 1880/2161/1980 1876/2157/1976 1878/2159/1978
f 1881/2162/1981 1879/2160/1979 1803/2073/1901
f 1803/2073/1901 1835/2112/1935 1881/2162/1981
f 1881/2162/1981 1835/2112/1935 1842/2120/1941
f 1882/2163/1982 1878/2159/1978 1879/2160/1979
f 1879/2160/1979 1881/2162/1981 1882/2163/1982
f 1878/2159/1978 1882/2163/1982 1880/2161/1980
f 1842/2120/1941 1883/2164/1983 1881/2162/1981
f 1882/2163/1982 1881/2162/1981 1883/2164/1983
f 1883/2164/1983 1842/2120/1941 1884/2166/1944
f 1883/2164/1983 1885/2167/1984 1882/2163/1982
f 1880/2161/1980 1882/2163/1982 1885/2167/1984
f 1884/2166/1944 1886/2168/1985 1883/2164/1983
f 1885/2167/1984 1883/2164/1983 1886/2168/1985
f 1887/2169/1986 1886/2168/1985 1884/2166/1944
f 1884/2166/1944 1845/2124/1945 1887/2169/1986
f 1886/2168/1985 1888/2170/1987 1885/2167/1984
f 1888/2170/1987 1886/2168/1985 1887/2169/1986
f 1885/2167/1984 1889/2171/1988 1880/2161/1980
f 1889/2171/1988 1885/2167/1984 1888/2170/1987
f 1876/2157/1976 1880/2161/1980 1890/2172/1989
f 1890/2172/1989 1880/2161/1980 1889/2171/1988
f 1890/2172/1989 1874/2155/1974 1876/2157/1976
f 1874/2155/1974 1890/2172/1989 1891/2173/1990
f 1891/2173/1990 1873/2154/1973 1874/2155/1974
f 1889/2171/1988 1892/2174/1991 1890/2172/1989
f 1891/2173/1990 1890/2172/1989 1892/2174/1991
f 1873/2154/1973 1891/2173/1990 1893/2175/1992
f 1893/2175/1992 1867/2148/1967 1873/2154/1973
f 1892/2174/1991 1894/2176/1993 1891/2173/1990
f 1893/2175/1992 1891/2173/1990 1894/2176/1993
f 1892/2174/1991 1889/2171/1988 1895/2177/1994
f 1888/2170/1987 1895/2177/1994 1889/2171/1988
f 1867/2148/1967 1893/2175/1992 1896/2178/1995
f 1896/2178/1995 1863/2144/1963 1867/2148/1967
f 1863/2144/1963 1896/2178/1995 1861/2142/1961
f 1896/2178/1995 1893/2175/1992 1897/2179/1996
f 1894/2176/1993 1897/2179/1996 1893/2175/1992
f 1861/2142/1961 1896/2178/1995 1898/2180/1997
f 1897/2179/1996 1898/2180/1997 1896/2178/1995
f 1898/2180/1997 1859/2140/1959 1861/2142/1961
f 1897/2179/1996 1894/2176/1993 1899/2181/1998
f 1859/2140/1959 1898/2180/1997 1900/2182/1999
f 1900/2182/1999 1857/2138/1957 1859/2140/1959
f 1898/2180/1997 1897/2179/1996 1901/2183/2000
f 1901/2183/2000 1900/2182/1999 1898/2180/1997
f 1899/2181/1998 1901/2183/2000 1897/2179/1996
f 1902/2184/2001 1857/2138/1957 1900/2182/1999
f 1857/2138/1957 1902/2184/2001 1855/2136/1955
f 1903/2185/2002 1900/2182/1999 1901/2183/2000
f 1900/2182/1999 1903/2185/2002 1902/2184/2001
f 1904/2186/2003 1901/2183/2000 1899/2181/1998
f 1901/2183/2000 1904/2186/2003 1903/2185/2002
f 1905/2187/2004 1855/2136/1955 1902/2184/2001
f 1855/2136/1955 1905/2187/2004 1854/2135/1954
f 1906/2188/2005 1902/2184/2001 1903/2185/2002
f 1902/2184/2001 1906/2188/2005 1905/2187/2004
f 1907/2189/2006 1854/2135/1954 1905/2187/2004
f 1854/2135/1954 1907/2189/2006 1853/2134/1953
f 1908/2190/2007 1905/2187/2004 1906/2188/2005
f 1905/2187/2004 1908/2190/2007 1907/2189/2006
f 1903/2185/2002 1909/2191/2008 1906/2188/2005
f 1909/2191/2008 1903/2185/2002 1904/2186/2003
f 1906/2188/2005 1910/2192/2009 1908/2190/2007
f 1910/2192/2009 1906/2188/2005 1909/2191/2008
f 1907/2189/2006 1908/2190/2007 1911/2193/2010
f 1908/2190/2007 1910/2192/2009 1912/2194/2011
f 1912/2194/2011 1911/2193/2010 1908/2190/2007
f 1909/2191/2008 1913/2195/2012 1910/2192/2009
f 2052/2367/2013 1911/2193/2010 1912/2194/2011
f 1911/2193/2010 2052/2367/2013 2055/2371/2014
f 1912/2194/2011 2047/2361/2015 2052/2367/2013
f 2055/2371/2014 1914/2196/2016 1911/2193/2010
f 1911/2193/2010 1914/2196/2016 1907/2189/2006
f 1853/2134/1953 1907/2189/2006 1914/2196/2016
f 1914/2196/2016 2055/2371/2014 1915/2197/2017
f 1914/2196/2016 1916/2199/2018 1853/2134/1953
f 1915/2197/2017 1916/2199/2018 1914/2196/2016
f 1851/2131/1951 1853/2134/1953 1916/2199/2018
f 1916/2199/2018 1915/2197/2017 2062/2379/2019
f 1916/2199/2018 1917/2200/2020 1851/2131/1951
f 2062/2379/2019 1917/2200/2020 1916/2199/2018
f 2047/2361/2015 1912/2194/2011 1918/2202/2021
f 1918/2202/2021 1912/2194/2011 1910/2192/2009
f 1918/2202/2021 1919/2203/2022 2047/2361/2015
f 1910/2192/2009 1913/2195/2012 1918/2202/2021
f 1919/2203/2022 1918/2202/2021 1920/2205/2023
f 1920/2205/2023 1918/2202/2021 1913/2195/2012
f 1920/2205/2023 2042/2355/2024 1919/2203/2022
f 2042/2355/2024 1920/2205/2023 1921/2206/2025
f 1921/2206/2025 1922/2207/2026 2042/2355/2024
f 1913/2195/2012 1923/2209/2027 1920/2205/2023
f 1921/2206/2025 1920/2205/2023 1923/2209/2027
f 1922/2207/2026 1921/2206/2025 1924/2210/2028
f 1924/2210/2028 1925/2211/2029 1922/2207/2026
f 1923/2209/2027 1926/2213/2030 1921/2206/2025
f 1924/2210/2028 1921/2206/2025 1926/2213/2030
f 1927/2214/2031 1923/2209/2027 1913/2195/2012
f 1913/2195/2012 1909/2191/2008 1927/2214/2031
f 1904/2186/2003 1927/2214/2031 1909/2191/2008
f 1923/2209/2027 1927/2214/2031 1928/2215/2032
f 1928/2215/2032 1926/2213/2030 1923/2209/2027
f 1927/2214/2031 1904/2186/2003 1929/2216/2033
f 1929/2216/2033 1928/2215/2032 1927/2214/2031
f 1899/2181/1998 1929/2216/2033 1904/2186/2003
f 1926/2213/2030 1928/2215/2032 1930/2217/2034
f 1929/2216/2033 1899/2181/1998 1931/2218/2035
f 1931/2218/2035 1899/2181/1998 1894/2176/1993
f 1894/2176/1993 1892/2174/1991 1931/2218/2035
f 1895/2177/1994 1931/2218/2035 1892/2174/1991
f 1928/2215/2032 1929/2216/2033 1932/2219/2036
f 1931/2218/2035 1932/2219/2036 1929/2216/2033
f 1932/2219/2036 1931/2218/2035 1895/2177/1994
f 1932/2219/2036 1930/2217/2034 1928/2215/2032
f 1895/2177/1994 1933/2220/2037 1932/2219/2036
f 1930/2217/2034 1932/2219/2036 1933/2220/2037
f 1933/2220/2037 1895/2177/1994 1888/2170/1987
f 1930/2217/2034 1934/2221/2038 1926/2213/2030
f 1926/2213/2030 1934/2221/2038 1924/2210/2028
f 1933/2220/2037 1935/2222/2039 1930/2217/2034
f 1934/2221/2038 1930/2217/2034 1935/2222/2039
f 1888/2170/1987 1936/2223/2040 1933/2220/2037
f 1935/2222/2039 1933/2220/2037 1936/2223/2040
f 1887/2169/1986 1936/2223/2040 1888/2170/1987
f 1936/2223/2040 1937/2224/2041 1935/2222/2039
f 1937/2224/2041 1936/2223/2040 1887/2169/1986
f 1935/2222/2039 1938/2225/2042 1934/2221/2038
f 1938/2225/2042 1935/2222/2039 1937/2224/2041
f 1939/2226/2043 1924/2210/2028 1934/2221/2038
f 1934/2221/2038 1938/2225/2042 1939/2226/2043
f 1925/2211/2029 1924/2210/2028 1939/2226/2043
f 1939/2226/2043 2032/2344/2044 1925/2211/2029
f 1937/2224/2041 1940/2227/2045 1938/2225/2042
f 1939/2226/2043 1938/2225/2042 1940/2227/2045
f 2032/2344/2044 1939/2226/2043 1941/2228/2046
f 1940/2227/2045 1941/2228/2046 1939/2226/2043
f 1941/2228/2046 1942/2229/2047 2032/2344/2044
f 1942/2229/2047 1941/2228/2046 1943/2231/2048
f 1943/2231/2048 1941/2228/2046 1940/2227/2045
f 1943/2231/2048 2028/2339/2049 1942/2229/2047
f 1917/2201/2020 2062/2380/2019 2028/2339/2049
f 2028/2339/2049 1943/2231/2048 1917/2201/2020
f 1917/2201/2020 1943/2231/2048 1944/2232/2050
f 1940/2227/2045 1944/2232/2050 1943/2231/2048
f 1944/2232/2050 1851/2132/1951 1917/2201/2020
f 1848/2128/1948 1851/2132/1951 1944/2232/2050
f 1945/2233/2051 1944/2232/2050 1940/2227/2045
f 1944/2232/2050 1945/2233/2051 1848/2128/1948
f 1940/2227/2045 1937/2224/2041 1945/2233/2051
f 1887/2169/1986 1945/2233/2051 1937/2224/2041
f 1845/2124/1945 1848/2128/1948 1945/2233/2051
f 1945/2233/2051 1887/2169/1986 1845/2124/1945
f 1946/2234/2052 1981/2279/2053 1982/2282/2054
f 1982/2282/2054 1947/2236/2055 1946/2234/2052
f 1947/2236/2055 1982/2282/2054 1948/2237/2056
f 1949/2239/2057 1946/2234/2052 1947/2236/2055
f 1948/2237/2056 1950/2241/2058 1947/2236/2055
f 1950/2241/2058 1948/2237/2056 1987/2288/2059
f 1947/2236/2055 1951/2242/2060 1949/2239/2057
f 1951/2242/2060 1947/2236/2055 1950/2241/2058
f 1952/2243/2061 1949/2239/2057 1951/2242/2060
f 1987/2288/2059 1953/2245/2062 1950/2241/2058
f 1953/2245/2062 1987/2288/2059 1954/2246/2063
f 1950/2241/2058 1955/2248/2064 1951/2242/2060
f 1955/2248/2064 1950/2241/2058 1953/2245/2062
f 1951/2242/2060 1956/2249/2065 1952/2243/2061
f 1956/2249/2065 1951/2242/2060 1955/2248/2064
f 4435/5163/2066 1952/2243/2061 1956/2249/2065
f 1954/2246/2063 1957/2250/2067 1953/2245/2062
f 1957/2250/2067 1954/2246/2063 1958/2252/2068
f 1956/2249/2065 1959/2253/2069 4435/5163/2066
f 1960/2254/2070 4435/5163/2066 1959/2253/2069
f 1955/2248/2064 1961/2256/2071 1956/2249/2065
f 1959/2253/2069 1956/2249/2065 1961/2256/2071
f 1953/2245/2062 1962/2257/2072 1955/2248/2064
f 1961/2256/2071 1955/2248/2064 1962/2257/2072
f 1962/2257/2072 1953/2245/2062 1957/2250/2067
f 1959/2253/2069 1963/2258/2073 1960/2254/2070
f 4437/5167/2074 1960/2254/2070 1963/2258/2073
f 1961/2256/2071 1964/2259/2075 1959/2253/2069
f 1963/2258/2073 1959/2253/2069 1964/2259/2075
f 1962/2257/2072 1965/2260/2076 1961/2256/2071
f 1964/2259/2075 1961/2256/2071 1965/2260/2076
f 1963/2258/2073 1966/2261/2077 4437/5167/2074
f 1967/2262/2078 4437/5167/2074 1966/2261/2077
f 1964/2259/2075 1968/2264/2079 1963/2258/2073
f 1966/2261/2077 1963/2258/2073 1968/2264/2079
f 1966/2261/2077 1969/2265/2080 1967/2262/2078
f 1970/2266/2081 1967/2262/2078 1969/2265/2080
f 1968/2264/2079 1971/2268/2082 1966/2261/2077
f 1969/2265/2080 1966/2261/2077 1971/2268/2082
f 1968/2264/2079 1964/2259/2075 1972/2269/2083
f 1965/2260/2076 1972/2269/2083 1964/2259/2075
f 1969/2265/2080 1973/2270/2084 1970/2266/2081
f 1974/2271/2085 1970/2266/2081 1973/2270/2084
f 1973/2270/2084 1969/2265/2080 1975/2273/2086
f 1971/2268/2082 1975/2273/2086 1969/2265/2080
f 1973/2270/2084 1976/2274/2087 1974/2271/2085
f 4438/5169/2088 1974/2271/2085 1976/2274/2087
f 1975/2273/2086 1977/2275/2089 1973/2270/2084
f 1976/2274/2087 1973/2270/2084 1977/2275/2089
f 1976/2274/2087 1978/2276/2090 4438/5169/2088
f 4436/5165/2091 4438/5169/2088 1978/2276/2090
f 1977/2275/2089 1979/2277/2092 1976/2274/2087
f 1978/2276/2090 1976/2274/2087 1979/2277/2092
f 1978/2276/2090 1980/2278/2093 4436/5165/2091
f 1981/2280/2053 4436/5165/2091 1980/2278/2093
f 1980/2278/2093 1982/2283/2054 1981/2280/2053
f 1980/2278/2093 1978/2276/2090 1983/2284/2094
f 1979/2277/2092 1983/2284/2094 1978/2276/2090
f 1982/2283/2054 1980/2278/2093 1984/2285/2095
f 1983/2284/2094 1984/2285/2095 1980/2278/2093
f 1984/2285/2095 1948/2238/2056 1982/2283/2054
f 1983/2284/2094 1979/2277/2092 1985/2286/2096
f 1948/2238/2056 1984/2285/2095 1986/2287/2097
f 1986/2287/2097 1987/2289/2059 1948/2238/2056
f 1984/2285/2095 1983/2284/2094 1988/2290/2098
f 1988/2290/2098 1986/2287/2097 1984/2285/2095
f 1985/2286/2096 1988/2290/2098 1983/2284/2094
f 1987/2289/2059 1986/2287/2097 1989/2291/2099
f 1989/2291/2099 1954/2247/2063 1987/2289/2059
f 1986/2287/2097 1988/2290/2098 1990/2292/2100
f 1990/2292/2100 1989/2291/2099 1986/2287/2097
f 1954/2247/2063 1989/2291/2099 1991/2293/2101
f 1991/2293/2101 1958/2251/2068 1954/2247/2063
f 1989/2291/2099 1990/2292/2100 1992/2294/2102
f 1992/2294/2102 1991/2293/2101 1989/2291/2099
f 1993/2295/2103 1990/2292/2100 1988/2290/2098
f 1988/2290/2098 1985/2286/2096 1993/2295/2103
f 1994/2296/2104 1992/2294/2102 1990/2292/2100
f 1990/2292/2100 1993/2295/2103 1994/2296/2104
f 1958/2251/2068 1991/2293/2101 1995/2297/2105
f 1995/2297/2105 1996/2298/2106 1958/2251/2068
f 1991/2293/2101 1992/2294/2102 1997/2300/2107
f 1997/2300/2107 1995/2297/2105 1991/2293/2101
f 1996/2298/2106 1995/2297/2105 1998/2301/2108
f 1998/2301/2108 1999/2302/2109 1996/2298/2106
f 2000/2304/2110 1999/2302/2109 1998/2301/2108
f 2001/2306/2111 1998/2301/2108 1995/2297/2105
f 1995/2297/2105 1997/2300/2107 2001/2306/2111
f 1998/2301/2108 2002/2307/2112 2000/2304/2110
f 2002/2307/2112 1998/2301/2108 2001/2306/2111
f 2003/2308/2113 1997/2300/2107 1992/2294/2102
f 1992/2294/2102 1994/2296/2104 2003/2308/2113
f 2004/2309/2114 2001/2306/2111 1997/2300/2107
f 1997/2300/2107 2003/2308/2113 2004/2309/2114
f 2001/2306/2111 2005/2310/2115 2002/2307/2112
f 2005/2310/2115 2001/2306/2111 2004/2309/2114
f 2000/2304/2110 2002/2307/2112 2006/2311/2116
f 2006/2311/2116 2007/2312/2117 2000/2304/2110
f 2002/2307/2112 2005/2310/2115 2008/2314/2118
f 2008/2314/2118 2006/2311/2116 2002/2307/2112
f 4488/5241/2119 2008/2314/2118 4490/5246/2120
f 2011/2318/2121 4492/5250/2122 4496/5262/2123
f 2010/2316/2124 4493/5253/2125 4494/5255/2126
f 2010/2317/2124 2009/2315/2127 2012/2319/2128
f 2012/2319/2128 2013/2320/2129 2010/2317/2124
f 2080/2403/2130 2013/2320/2129 2012/2319/2128
f 2014/2322/2131 2012/2319/2128 2009/2315/2127
f 2009/2315/2127 2011/2318/2121 2014/2322/2131
f 2012/2319/2128 2015/2323/2132 2080/2403/2130
f 2015/2323/2132 2012/2319/2128 2014/2322/2131
f 2080/2403/2130 2015/2323/2132 2016/2324/2133
f 2016/2324/2133 2017/2325/2134 2080/2403/2130
f 2014/2322/2131 2018/2327/2135 2015/2323/2132
f 2017/2325/2134 2016/2324/2133 2019/2328/2136
f 2019/2328/2136 2073/2395/2137 2017/2325/2134
f 2020/2329/2138 2016/2324/2133 2015/2323/2132
f 2015/2323/2132 2018/2327/2135 2020/2329/2138
f 2021/2330/2139 2019/2328/2136 2016/2324/2133
f 2016/2324/2133 2020/2329/2138 2021/2330/2139
f 2073/2395/2137 2019/2328/2136 2022/2331/2140
f 2022/2331/2140 2066/2387/2141 2073/2395/2137
f 2065/2385/2142 2066/2387/2141 2022/2331/2140
f 2023/2332/2143 2022/2331/2140 2019/2328/2136
f 2019/2328/2136 2021/2330/2139 2023/2332/2143
f 2022/2331/2140 2024/2333/2144 2065/2385/2142
f 2024/2333/2144 2022/2331/2140 2023/2332/2143
f 2065/2385/2142 2024/2333/2144 2025/2334/2145
f 2025/2334/2145 2026/2335/2146 2065/2385/2142
f 2027/2337/2147 2026/2335/2146 2025/2334/2145
f 2028/2340/2049 2062/2381/2019 2027/2337/2147
f 2027/2337/2147 2029/2341/2148 2028/2340/2049
f 2025/2334/2145 2029/2341/2148 2027/2337/2147
f 1942/2230/2047 2028/2340/2049 2029/2341/2148
f 2030/2342/2149 2025/2334/2145 2024/2333/2144
f 2029/2341/2148 2025/2334/2145 2030/2342/2149
f 2029/2341/2148 2031/2343/2150 1942/2230/2047
f 2030/2342/2149 2031/2343/2150 2029/2341/2148
f 2032/2345/2044 1942/2230/2047 2031/2343/2150
f 2024/2333/2144 2033/2346/2151 2030/2342/2149
f 2023/2332/2143 2033/2346/2151 2024/2333/2144
f 2031/2343/2150 2030/2342/2149 2034/2347/2152
f 2034/2347/2152 2030/2342/2149 2033/2346/2151
f 2031/2343/2150 2035/2348/2153 2032/2345/2044
f 2034/2347/2152 2035/2348/2153 2031/2343/2150
f 1925/2212/2029 2032/2345/2044 2035/2348/2153
f 2033/2346/2151 2023/2332/2143 2036/2349/2154
f 2036/2349/2154 2023/2332/2143 2021/2330/2139
f 2033/2346/2151 2037/2350/2155 2034/2347/2152
f 2036/2349/2154 2037/2350/2155 2033/2346/2151
f 2035/2348/2153 2034/2347/2152 2038/2351/2156
f 2038/2351/2156 2034/2347/2152 2037/2350/2155
f 2035/2348/2153 2039/2352/2157 1925/2212/2029
f 2038/2351/2156 2039/2352/2157 2035/2348/2153
f 1922/2208/2026 1925/2212/2029 2039/2352/2157
f 2037/2350/2155 2040/2353/2158 2038/2351/2156
f 2039/2352/2157 2041/2354/2159 1922/2208/2026
f 2042/2356/2024 1922/2208/2026 2041/2354/2159
f 2039/2352/2157 2038/2351/2156 2043/2357/2160
f 2043/2357/2160 2041/2354/2159 2039/2352/2157
f 2043/2357/2160 2038/2351/2156 2040/2353/2158
f 2041/2354/2159 2044/2358/2161 2042/2356/2024
f 1919/2204/2022 2042/2356/2024 2044/2358/2161
f 2041/2354/2159 2043/2357/2160 2045/2359/2162
f 2045/2359/2162 2044/2358/2161 2041/2354/2159
f 2044/2358/2161 2046/2360/2163 1919/2204/2022
f 2047/2362/2015 1919/2204/2022 2046/2360/2163
f 2044/2358/2161 2045/2359/2162 2048/2363/2164
f 2048/2363/2164 2046/2360/2163 2044/2358/2161
f 2045/2359/2162 2043/2357/2160 2049/2364/2165
f 2040/2353/2158 2049/2364/2165 2043/2357/2160
f 2048/2363/2164 2045/2359/2162 2050/2365/2166
f 2049/2364/2165 2050/2365/2166 2045/2359/2162
f 2046/2360/2163 2051/2366/2167 2047/2362/2015
f 2052/2368/2013 2047/2362/2015 2051/2366/2167
f 2046/2360/2163 2048/2363/2164 2053/2369/2168
f 2053/2369/2168 2051/2366/2167 2046/2360/2163
f 2051/2366/2167 2054/2370/2169 2052/2368/2013
f 2055/2372/2014 2052/2368/2013 2054/2370/2169
f 2051/2366/2167 2053/2369/2168 2056/2373/2170
f 2056/2373/2170 2054/2370/2169 2051/2366/2167
f 2053/2369/2168 2048/2363/2164 2057/2374/2171
f 2050/2365/2166 2057/2374/2171 2048/2363/2164
f 2056/2373/2170 2053/2369/2168 2058/2375/2172
f 2057/2374/2171 2058/2375/2172 2053/2369/2168
f 2054/2370/2169 2059/2376/2173 2055/2372/2014
f 1915/2198/2017 2055/2372/2014 2059/2376/2173
f 2054/2370/2169 2056/2373/2170 2060/2377/2174
f 2060/2377/2174 2059/2376/2173 2054/2370/2169
f 2059/2376/2173 2061/2378/2175 1915/2198/2017
f 2062/2382/2019 1915/2198/2017 2061/2378/2175
f 2061/2378/2175 2027/2338/2147 2062/2382/2019
f 2026/2336/2146 2027/2338/2147 2061/2378/2175
f 2063/2383/2176 2061/2378/2175 2059/2376/2173
f 2061/2378/2175 2063/2383/2176 2026/2336/2146
f 2059/2376/2173 2060/2377/2174 2063/2383/2176
f 2026/2336/2146 2063/2383/2176 2064/2384/2177
f 2064/2384/2177 2065/2386/2142 2026/2336/2146
f 2066/2388/2141 2065/2386/2142 2064/2384/2177
f 2063/2383/2176 2060/2377/2174 2067/2389/2178
f 2067/2389/2178 2064/2384/2177 2063/2383/2176
f 2060/2377/2174 2056/2373/2170 2068/2390/2179
f 2068/2390/2179 2067/2389/2178 2060/2377/2174
f 2058/2375/2172 2068/2390/2179 2056/2373/2170
f 2069/2391/2180 2064/2384/2177 2067/2389/2178
f 2064/2384/2177 2069/2391/2180 2066/2388/2141
f 2070/2392/2181 2067/2389/2178 2068/2390/2179
f 2067/2389/2178 2070/2392/2181 2069/2391/2180
f 2071/2393/2182 2068/2390/2179 2058/2375/2172
f 2068/2390/2179 2071/2393/2182 2070/2392/2181
f 2066/2388/2141 2069/2391/2180 2072/2394/2183
f 2072/2394/2183 2073/2396/2137 2066/2388/2141
f 2069/2391/2180 2070/2392/2181 2074/2397/2184
f 2074/2397/2184 2072/2394/2183 2069/2391/2180
f 2073/2396/2137 2072/2394/2183 2075/2398/2185
f 2075/2398/2185 2017/2326/2134 2073/2396/2137
f 2072/2394/2183 2074/2397/2184 2076/2399/2186
f 2076/2399/2186 2075/2398/2185 2072/2394/2183
f 2077/2400/2187 2074/2397/2184 2070/2392/2181
f 2070/2392/2181 2071/2393/2182 2077/2400/2187
f 2078/2401/2188 2076/2399/2186 2074/2397/2184
f 2074/2397/2184 2077/2400/2187 2078/2401/2188
f 2017/2326/2134 2075/2398/2185 2079/2402/2189
f 2079/2402/2189 2080/2404/2130 2017/2326/2134
f 2013/2321/2129 2080/2404/2130 2079/2402/2189
f 2075/2398/2185 2076/2399/2186 2081/2405/2190
f 2081/2405/2190 2079/2402/2189 2075/2398/2185
f 2079/2402/2189 2082/2406/2191 2013/2321/2129
f 2082/2406/2191 2079/2402/2189 2081/2405/2190
f 2083/2407/2192 2081/2405/2190 2076/2399/2186
f 2076/2399/2186 2078/2401/2188 2083/2407/2192
f 2081/2405/2190 2084/2408/2193 2082/2406/2191
f 2084/2408/2193 2081/2405/2190 2083/2407/2192
f 2013/2321/2129 2082/2406/2191 2085/2409/2194
f 2085/2409/2194 2010/2316/2124 2013/2321/2129
f 2082/2406/2191 2084/2408/2193 2086/2410/2195
f 2086/2410/2195 2085/2409/2194 2082/2406/2191
f 2010/2316/2124 2085/2409/2194 2087/2411/2194
f 2087/2411/2194 4489/5244/2196 2010/2316/2124
f 2085/2409/2194 2086/2410/2195 2088/2412/2195
f 2088/2412/2195 2087/2411/2194 2085/2409/2194
f 2007/2313/2117 2087/2411/2194 2089/2413/2197
f 2089/2413/2197 2000/2305/2110 2007/2313/2117
f 1999/2303/2109 2000/2305/2110 2089/2413/2197
f 2090/2414/2198 2089/2413/2197 2087/2411/2194
f 2087/2411/2194 2088/2412/2195 2090/2414/2198
f 2089/2413/2197 2091/2415/2199 1999/2303/2109
f 2091/2415/2199 2089/2413/2197 2090/2414/2198
f 1999/2303/2109 2091/2415/2199 2092/2416/2200
f 2092/2416/2200 1996/2299/2106 1999/2303/2109
f 2090/2414/2198 2093/2417/2201 2091/2415/2199
f 1996/2299/2106 2092/2416/2200 2094/2418/2202
f 2094/2418/2202 1958/2252/2068 1996/2299/2106
f 1958/2252/2068 2094/2418/2202 1957/2250/2067
f 2095/2419/2203 2092/2416/2200 2091/2415/2199
f 2091/2415/2199 2093/2417/2201 2095/2419/2203
f 2096/2420/2204 2094/2418/2202 2092/2416/2200
f 2092/2416/2200 2095/2419/2203 2096/2420/2204
f 2097/2421/2205 1957/2250/2067 2094/2418/2202
f 2094/2418/2202 2096/2420/2204 2097/2421/2205
f 1957/2250/2067 2097/2421/2205 1962/2257/2072
f 1965/2260/2076 1962/2257/2072 2097/2421/2205
f 2097/2421/2205 2098/2422/2206 1965/2260/2076
f 2098/2422/2206 2097/2421/2205 2096/2420/2204
f 1972/2269/2083 1965/2260/2076 2098/2422/2206
f 2096/2420/2204 2099/2423/2207 2098/2422/2206
f 2099/2423/2207 2096/2420/2204 2095/2419/2203
f 2098/2422/2206 2100/2424/2208 1972/2269/2083
f 2100/2424/2208 2098/2422/2206 2099/2423/2207
f 2095/2419/2203 2101/2425/2209 2099/2423/2207
f 2101/2425/2209 2095/2419/2203 2093/2417/2201
f 2099/2423/2207 2102/2426/2210 2100/2424/2208
f 2102/2426/2210 2099/2423/2207 2101/2425/2209
f 2103/2427/2211 1972/2269/2083 2100/2424/2208
f 1972/2269/2083 2103/2427/2211 1968/2264/2079
f 1971/2268/2082 1968/2264/2079 2103/2427/2211
f 2100/2424/2208 2104/2428/2212 2103/2427/2211
f 2104/2428/2212 2100/2424/2208 2102/2426/2210
f 2103/2427/2211 2105/2429/2213 1971/2268/2082
f 2105/2429/2213 2103/2427/2211 2104/2428/2212
f 1975/2273/2086 1971/2268/2082 2105/2429/2213
f 2102/2426/2210 2106/2430/2214 2104/2428/2212
f 2105/2429/2213 2107/2431/2215 1975/2273/2086
f 1977/2275/2089 1975/2273/2086 2107/2431/2215
f 2104/2428/2212 2108/2432/2216 2105/2429/2213
f 2107/2431/2215 2105/2429/2213 2108/2432/2216
f 2108/2432/2216 2104/2428/2212 2106/2430/2214
f 2107/2431/2215 2109/2433/2217 1977/2275/2089
f 1979/2277/2092 1977/2275/2089 2109/2433/2217
f 2109/2433/2217 1985/2286/2096 1979/2277/2092
f 2108/2432/2216 2110/2434/2218 2107/2431/2215
f 2109/2433/2217 2107/2431/2215 2110/2434/2218
f 1985/2286/2096 2109/2433/2217 2111/2435/2219
f 2110/2434/2218 2111/2435/2219 2109/2433/2217
f 2111/2435/2219 1993/2295/2103 1985/2286/2096
f 2110/2434/2218 2108/2432/2216 2112/2436/2220
f 2106/2430/2214 2112/2436/2220 2108/2432/2216
f 2111/2435/2219 2110/2434/2218 2113/2437/2221
f 2112/2436/2220 2113/2437/2221 2110/2434/2218
f 1993/2295/2103 2111/2435/2219 2114/2438/2222
f 2113/2437/2221 2114/2438/2222 2111/2435/2219
f 2114/2438/2222 1994/2296/2104 1993/2295/2103
f 2113/2437/2221 2112/2436/2220 2115/2439/2223
f 1994/2296/2104 2114/2438/2222 2116/2440/2224
f 2116/2440/2224 2003/2308/2113 1994/2296/2104
f 2114/2438/2222 2113/2437/2221 2117/2441/2225
f 2117/2441/2225 2116/2440/2224 2114/2438/2222
f 2115/2439/2223 2117/2441/2225 2113/2437/2221
f 2003/2308/2113 2116/2440/2224 2118/2442/2226
f 2118/2442/2226 2004/2309/2114 2003/2308/2113
f 2116/2440/2224 2117/2441/2225 2119/2443/2227
f 2119/2443/2227 2118/2442/2226 2116/2440/2224
f 2120/2444/2228 2004/2309/2114 2118/2442/2226
f 2004/2309/2114 2120/2444/2228 2005/2310/2115
f 2121/2445/2229 2118/2442/2226 2119/2443/2227
f 2118/2442/2226 2121/2445/2229 2120/2444/2228
f 2122/2446/2230 2119/2443/2227 2117/2441/2225
f 2117/2441/2225 2115/2439/2223 2122/2446/2230
f 2119/2443/2227 2123/2447/2231 2121/2445/2229
f 2123/2447/2231 2119/2443/2227 2122/2446/2230
f 2120/2444/2228 2121/2445/2229 2124/2448/2232
f 2005/2310/2115 2120/2444/2228 2125/2449/2233
f 2124/2448/2232 2125/2449/2233 2120/2444/2228
f 2125/2449/2233 2008/2314/2118 2005/2310/2115
f 2126/2450/2234 2124/2448/2232 2121/2445/2229
f 2121/2445/2229 2123/2447/2231 2126/2450/2234
f 2008/2314/2118 2125/2449/2233 2127/2451/2233
f 2127/2451/2233 4490/5247/2120 2008/2314/2118
f 2125/2449/2233 2124/2448/2232 2128/2452/2232
f 2128/2452/2232 2127/2451/2233 2125/2449/2233
f 2011/2318/2121 2127/2451/2233 2129/2453/2235
f 2129/2453/2235 2014/2322/2131 2011/2318/2121
f 2018/2327/2135 2014/2322/2131 2129/2453/2235
f 2130/2454/2236 2129/2453/2235 2127/2451/2233
f 2127/2451/2233 2128/2452/2232 2130/2454/2236
f 2129/2453/2235 2131/2455/2237 2018/2327/2135
f 2131/2455/2237 2129/2453/2235 2130/2454/2236
f 2132/2456/2234 2128/2452/2232 2124/2448/2232
f 2124/2448/2232 2126/2450/2234 2132/2456/2234
f 2133/2457/2238 2130/2454/2236 2128/2452/2232
f 2128/2452/2232 2132/2456/2234 2133/2457/2238
f 2130/2454/2236 2134/2458/2239 2131/2455/2237
f 2134/2458/2239 2130/2454/2236 2133/2457/2238
f 2018/2327/2135 2131/2455/2237 2135/2459/2240
f 2135/2459/2240 2020/2329/2138 2018/2327/2135
f 2131/2455/2237 2134/2458/2239 2136/2460/2241
f 2136/2460/2241 2135/2459/2240 2131/2455/2237
f 2020/2329/2138 2135/2459/2240 2137/2461/2242
f 2137/2461/2242 2021/2330/2139 2020/2329/2138
f 2021/2330/2139 2137/2461/2242 2036/2349/2154
f 2138/2462/2243 2137/2461/2242 2135/2459/2240
f 2135/2459/2240 2136/2460/2241 2138/2462/2243
f 2139/2463/2244 2036/2349/2154 2137/2461/2242
f 2137/2461/2242 2138/2462/2243 2139/2463/2244
f 2037/2350/2155 2036/2349/2154 2139/2463/2244
f 2139/2463/2244 2040/2353/2158 2037/2350/2155
f 2040/2353/2158 2139/2463/2244 2140/2464/2245
f 2140/2464/2245 2139/2463/2244 2138/2462/2243
f 2140/2464/2245 2049/2364/2165 2040/2353/2158
f 2138/2462/2243 2141/2465/2246 2140/2464/2245
f 2141/2465/2246 2138/2462/2243 2136/2460/2241
f 2049/2364/2165 2140/2464/2245 2142/2466/2247
f 2142/2466/2247 2140/2464/2245 2141/2465/2246
f 2142/2466/2247 2050/2365/2166 2049/2364/2165
f 2136/2460/2241 2143/2467/2248 2141/2465/2246
f 2143/2467/2248 2136/2460/2241 2134/2458/2239
f 2141/2465/2246 2144/2468/2249 2142/2466/2247
f 2144/2468/2249 2141/2465/2246 2143/2467/2248
f 2050/2365/2166 2142/2466/2247 2145/2469/2250
f 2145/2469/2250 2142/2466/2247 2144/2468/2249
f 2145/2469/2250 2057/2374/2171 2050/2365/2166
f 2134/2458/2239 2146/2470/2251 2143/2467/2248
f 2133/2457/2238 2146/2470/2251 2134/2458/2239
f 2057/2374/2171 2145/2469/2250 2147/2471/2252
f 2147/2471/2252 2058/2375/2172 2057/2374/2171
f 2058/2375/2172 2147/2471/2252 2071/2393/2182
f 2147/2471/2252 2145/2469/2250 2148/2472/2253
f 2144/2468/2249 2148/2472/2253 2145/2469/2250
f 2071/2393/2182 2147/2471/2252 2149/2473/2254
f 2148/2472/2253 2149/2473/2254 2147/2471/2252
f 2149/2473/2254 2077/2400/2187 2071/2393/2182
f 2148/2472/2253 2144/2468/2249 2150/2474/2255
f 2143/2467/2248 2150/2474/2255 2144/2468/2249
f 2150/2474/2255 2143/2467/2248 2146/2470/2251
f 2149/2473/2254 2148/2472/2253 2151/2475/2256
f 2150/2474/2255 2151/2475/2256 2148/2472/2253
f 2077/2400/2187 2149/2473/2254 2152/2476/2257
f 2151/2475/2256 2152/2476/2257 2149/2473/2254
f 2152/2476/2257 2078/2401/2188 2077/2400/2187
f 2151/2475/2256 2150/2474/2255 2153/2477/2258
f 2146/2470/2251 2153/2477/2258 2150/2474/2255
f 2152/2476/2257 2151/2475/2256 2154/2478/2259
f 2153/2477/2258 2154/2478/2259 2151/2475/2256
f 2078/2401/2188 2152/2476/2257 2155/2479/2260
f 2154/2478/2259 2155/2479/2260 2152/2476/2257
f 2155/2479/2260 2083/2407/2192 2078/2401/2188
f 2156/2480/2261 2153/2477/2258 2146/2470/2251
f 2146/2470/2251 2133/2457/2238 2156/2480/2261
f 2156/2480/2261 2133/2457/2238 2132/2456/2234
f 2157/2481/2262 2083/2407/2192 2155/2479/2260
f 2083/2407/2192 2157/2481/2262 2084/2408/2193
f 2132/2456/2234 2158/2482/2263 2156/2480/2261
f 2158/2482/2263 2132/2456/2234 2126/2450/2234
f 2153/2477/2258 2156/2480/2261 2159/2483/2264
f 2159/2483/2264 2156/2480/2261 2158/2482/2263
f 2159/2483/2264 2154/2478/2259 2153/2477/2258
f 2126/2450/2234 2160/2484/2265 2158/2482/2263
f 2160/2484/2265 2126/2450/2234 2123/2447/2231
f 2158/2482/2263 2161/2485/2266 2159/2483/2264
f 2161/2485/2266 2158/2482/2263 2160/2484/2265
f 2154/2478/2259 2159/2483/2264 2162/2486/2267
f 2162/2486/2267 2159/2483/2264 2161/2485/2266
f 2162/2486/2267 2155/2479/2260 2154/2478/2259
f 2155/2479/2260 2162/2486/2267 2157/2481/2262
f 2161/2485/2266 2163/2487/2268 2162/2486/2267
f 2157/2481/2262 2162/2486/2267 2163/2487/2268
f 2160/2484/2265 2164/2488/2269 2161/2485/2266
f 2163/2487/2268 2161/2485/2266 2164/2488/2269
f 2123/2447/2231 2165/2489/2270 2160/2484/2265
f 2164/2488/2269 2160/2484/2265 2165/2489/2270
f 2122/2446/2230 2165/2489/2270 2123/2447/2231
f 2163/2487/2268 2166/2490/2271 2157/2481/2262
f 2084/2408/2193 2157/2481/2262 2166/2490/2271
f 2166/2490/2271 2086/2410/2195 2084/2408/2193
f 2165/2489/2270 2122/2446/2230 2167/2491/2272
f 2167/2491/2272 2122/2446/2230 2115/2439/2223
f 2086/2410/2195 2166/2490/2271 2168/2492/2273
f 2168/2492/2273 2088/2412/2195 2086/2410/2195
f 2166/2490/2271 2163/2487/2268 2169/2493/2274
f 2169/2493/2274 2168/2492/2273 2166/2490/2271
f 2164/2488/2269 2169/2493/2274 2163/2487/2268
f 2088/2412/2195 2168/2492/2273 2170/2494/2275
f 2170/2494/2275 2090/2414/2198 2088/2412/2195
f 2093/2417/2201 2090/2414/2198 2170/2494/2275
f 2168/2492/2273 2169/2493/2274 2171/2495/2276
f 2171/2495/2276 2170/2494/2275 2168/2492/2273
f 2169/2493/2274 2164/2488/2269 2172/2496/2277
f 2172/2496/2277 2171/2495/2276 2169/2493/2274
f 2165/2489/2270 2172/2496/2277 2164/2488/2269
f 2167/2491/2272 2172/2496/2277 2165/2489/2270
f 2170/2494/2275 2173/2497/2278 2093/2417/2201
f 2173/2497/2278 2170/2494/2275 2171/2495/2276
f 2093/2417/2201 2173/2497/2278 2101/2425/2209
f 2174/2498/2279 2171/2495/2276 2172/2496/2277
f 2171/2495/2276 2174/2498/2279 2173/2497/2278
f 2172/2496/2277 2167/2491/2272 2174/2498/2279
f 2175/2499/2280 2101/2425/2209 2173/2497/2278
f 2173/2497/2278 2174/2498/2279 2175/2499/2280
f 2101/2425/2209 2175/2499/2280 2102/2426/2210
f 2106/2430/2214 2102/2426/2210 2175/2499/2280
f 2174/2498/2279 2167/2491/2272 2176/2500/2281
f 2176/2500/2281 2175/2499/2280 2174/2498/2279
f 2175/2499/2280 2176/2500/2281 2106/2430/2214
f 2115/2439/2223 2176/2500/2281 2167/2491/2272
f 2112/2436/2220 2106/2430/2214 2176/2500/2281
f 2176/2500/2281 2115/2439/2223 2112/2436/2220
f 2177/2501/2282 2178/2503/2283 2179/2506/2284
f 2179/2506/2284 2180/2508/2285 2177/2501/2282
f 2180/2508/2285 2179/2506/2284 2181/2509/2286
f 2182/2511/2287 2177/2501/2282 2180/2508/2285
f 2181/2509/2286 2183/2513/2288 2180/2508/2285
f 2183/2513/2288 2181/2509/2286 2184/2514/2289
f 2180/2508/2285 2185/2516/2290 2182/2511/2287
f 2185/2516/2290 2180/2508/2285 2183/2513/2288
f 2186/2517/2291 2182/2511/2287 2185/2516/2290
f 2184/2514/2289 2187/2519/2292 2183/2513/2288
f 2187/2519/2292 2184/2514/2289 2188/2520/2293
f 2185/2516/2290 2189/2522/2294 2186/2517/2291
f 2190/2523/2295 2186/2517/2291 2189/2522/2294
f 2183/2513/2288 2191/2525/2296 2185/2516/2290
f 2189/2522/2294 2185/2516/2290 2191/2525/2296
f 2191/2525/2296 2183/2513/2288 2187/2519/2292
f 2189/2522/2294 2192/2526/2297 2190/2523/2295
f 2193/2527/2298 2190/2523/2295 2192/2526/2297
f 2191/2525/2296 2194/2529/2299 2189/2522/2294
f 2192/2526/2297 2189/2522/2294 2194/2529/2299
f 2192/2526/2297 2195/2530/2300 2193/2527/2298
f 2196/2531/2301 2193/2527/2298 2195/2530/2300
f 2194/2529/2299 2197/2533/2302 2192/2526/2297
f 2195/2530/2300 2192/2526/2297 2197/2533/2302
f 2195/2530/2300 2198/2534/2303 2196/2531/2301
f 2232/2572/2304 2196/2531/2301 2198/2534/2303
f 2197/2533/2302 2199/2535/2305 2195/2530/2300
f 2198/2534/2303 2195/2530/2300 2199/2535/2305
f 2200/2536/2306 2197/2533/2302 2194/2529/2299
f 2201/2537/2307 2199/2535/2305 2197/2533/2302
f 2197/2533/2302 2200/2536/2306 2201/2537/2307
f 2194/2529/2299 2202/2538/2308 2200/2536/2306
f 2202/2538/2308 2194/2529/2299 2191/2525/2296
f 2203/2539/2309 2201/2537/2307 2200/2536/2306
f 2191/2525/2296 2204/2540/2310 2202/2538/2308
f 2187/2519/2292 2204/2540/2310 2191/2525/2296
f 2205/2541/2311 2200/2536/2306 2202/2538/2308
f 2200/2536/2306 2205/2541/2311 2203/2539/2309
f 2206/2542/2312 2202/2538/2308 2204/2540/2310
f 2202/2538/2308 2206/2542/2312 2205/2541/2311
f 2207/2543/2313 2204/2540/2310 2187/2519/2292
f 2204/2540/2310 2207/2543/2313 2206/2542/2312
f 2187/2519/2292 2208/2544/2314 2207/2543/2313
f 2188/2520/2293 2208/2544/2314 2187/2519/2292
f 2209/2545/2315 2208/2544/2314 2188/2520/2293
f 2207/2543/2313 2208/2544/2314 2209/2545/2315
f 2188/2520/2293 2210/2546/2316 2209/2545/2315
f 2211/2548/2317 2206/2542/2312 2207/2543/2313
f 2212/2549/2318 2209/2545/2315 2210/2546/2316
f 2210/2546/2316 2589/2975/2319 2212/2549/2318
f 2212/2549/2318 2589/2975/2319 2778/3205/2320
f 2209/2545/2315 2213/2550/2321 2207/2543/2313
f 2213/2550/2321 2209/2545/2315 2212/2549/2318
f 2207/2543/2313 2213/2550/2321 2211/2548/2317
f 2778/3205/2320 2214/2551/2322 2212/2549/2318
f 2214/2551/2322 2778/3205/2320 2215/2552/2323
f 2212/2549/2318 2216/2555/2324 2213/2550/2321
f 2216/2555/2324 2212/2549/2318 2214/2551/2322
f 2213/2550/2321 2216/2555/2324 2217/2556/2325
f 2217/2556/2325 2211/2548/2317 2213/2550/2321
f 2214/2551/2322 2218/2557/2326 2216/2555/2324
f 2217/2556/2325 2216/2555/2324 2218/2557/2326
f 2215/2552/2323 2219/2558/2327 2214/2551/2322
f 2218/2557/2326 2214/2551/2322 2219/2558/2327
f 2219/2558/2327 2215/2552/2323 2178/2504/2283
f 2178/2504/2283 2177/2502/2282 2219/2558/2327
f 2219/2558/2327 2177/2502/2282 2182/2512/2287
f 2219/2558/2327 2220/2559/2328 2218/2557/2326
f 2182/2512/2287 2220/2559/2328 2219/2558/2327
f 2218/2557/2326 2221/2560/2329 2217/2556/2325
f 2221/2560/2329 2218/2557/2326 2220/2559/2328
f 2222/2561/2330 2220/2559/2328 2182/2512/2287
f 2220/2559/2328 2222/2561/2330 2221/2560/2329
f 2182/2512/2287 2186/2518/2291 2222/2561/2330
f 2223/2562/2331 2217/2556/2325 2221/2560/2329
f 2211/2548/2317 2217/2556/2325 2223/2562/2331
f 2224/2563/2332 2222/2561/2330 2186/2518/2291
f 2186/2518/2291 2190/2524/2295 2224/2563/2332
f 2225/2564/2333 2221/2560/2329 2222/2561/2330
f 2222/2561/2330 2224/2563/2332 2225/2564/2333
f 2221/2560/2329 2225/2564/2333 2223/2562/2331
f 2226/2565/2334 2224/2563/2332 2190/2524/2295
f 2225/2564/2333 2224/2563/2332 2226/2565/2334
f 2190/2524/2295 2193/2528/2298 2226/2565/2334
f 2226/2565/2334 2227/2566/2335 2225/2564/2333
f 2228/2567/2336 2226/2565/2334 2193/2528/2298
f 2227/2566/2335 2226/2565/2334 2228/2567/2336
f 2193/2528/2298 2196/2532/2301 2228/2567/2336
f 2225/2564/2333 2227/2566/2335 2229/2568/2337
f 2229/2568/2337 2223/2562/2331 2225/2564/2333
f 2228/2567/2336 2230/2569/2338 2227/2566/2335
f 2229/2568/2337 2227/2566/2335 2230/2569/2338
f 2231/2570/2339 2228/2567/2336 2196/2532/2301
f 2196/2532/2301 2232/2571/2304 2231/2570/2339
f 2230/2569/2338 2228/2567/2336 2233/2573/2340
f 2228/2567/2336 2231/2570/2339 2233/2573/2340
f 2234/2574/2341 2231/2570/2339 2232/2571/2304
f 2232/2571/2304 2235/2575/2342 2234/2574/2341
f 2234/2574/2341 2235/2575/2342 2383/2737/2343
f 2231/2570/2339 2234/2574/2341 2236/2577/2344
f 2236/2577/2344 2233/2573/2340 2231/2570/2339
f 2383/2737/2343 2237/2578/2345 2234/2574/2341
f 2237/2578/2345 2383/2737/2343 2386/2741/2346
f 2238/2579/2347 2234/2574/2341 2237/2578/2345
f 2234/2574/2341 2238/2579/2347 2236/2577/2344
f 2386/2741/2346 2239/2580/2348 2237/2578/2345
f 2237/2578/2345 2239/2580/2348 2238/2579/2347
f 2239/2580/2348 2386/2741/2346 2240/2581/2349
f 2240/2581/2349 2386/2741/2346 2241/2582/2350
f 2238/2579/2347 2239/2580/2348 2242/2584/2351
f 2240/2581/2349 2242/2584/2351 2239/2580/2348
f 2241/2582/2350 2243/2585/2352 2240/2581/2349
f 2243/2585/2352 2241/2582/2350 2244/2586/2353
f 2244/2586/2353 2496/2866/2354 2243/2585/2352
f 2245/2589/2355 2240/2581/2349 2243/2585/2352
f 2242/2584/2351 2240/2581/2349 2245/2589/2355
f 2246/2590/2356 2243/2585/2352 2496/2866/2354
f 2243/2585/2352 2246/2590/2356 2245/2589/2355
f 2496/2866/2354 2247/2591/2357 2246/2590/2356
f 2248/2593/2358 2246/2590/2356 2247/2591/2357
f 2247/2591/2357 2249/2594/2359 2248/2593/2358
f 2248/2593/2358 2249/2594/2359 639/697/724
f 639/697/724 635/693/720 2248/2593/2358
f 2246/2590/2356 2248/2593/2358 2250/2596/2360
f 2250/2596/2360 2248/2593/2358 635/693/720
f 2250/2596/2360 2245/2589/2355 2246/2590/2356
f 635/693/720 632/690/717 2250/2596/2360
f 2251/2597/2361 2250/2596/2360 632/690/717
f 2245/2589/2355 2250/2596/2360 2251/2597/2361
f 632/690/717 2252/2598/716 2251/2597/2361
f 2251/2597/2361 2252/2598/716 2253/2599/713
f 2251/2597/2361 2254/2600/2362 2245/2589/2355
f 2245/2589/2355 2254/2600/2362 2242/2584/2351
f 2253/2599/713 2255/2601/2363 2251/2597/2361
f 2254/2600/2362 2251/2597/2361 2255/2601/2363
f 2255/2601/2363 2253/2599/713 2256/2602/710
f 2242/2584/2351 2254/2600/2362 2257/2603/2364
f 2255/2601/2363 2257/2603/2364 2254/2600/2362
f 2256/2602/710 2258/2604/2365 2255/2601/2363
f 2257/2603/2364 2255/2601/2363 2258/2604/2365
f 2258/2604/2365 2256/2602/710 2259/2605/707
f 2257/2603/2364 2260/2606/2366 2242/2584/2351
f 2242/2584/2351 2260/2606/2366 2238/2579/2347
f 2258/2604/2365 2261/2607/2367 2257/2603/2364
f 2260/2606/2366 2257/2603/2364 2261/2607/2367
f 2259/2605/707 2262/2608/2368 2258/2604/2365
f 2261/2607/2367 2258/2604/2365 2262/2608/2368
f 2262/2608/2368 2259/2605/707 2263/2609/704
f 2238/2579/2347 2260/2606/2366 2264/2610/2369
f 2261/2607/2367 2264/2610/2369 2260/2606/2366
f 2264/2610/2369 2236/2577/2344 2238/2579/2347
f 2262/2608/2368 2265/2611/2370 2261/2607/2367
f 2264/2610/2369 2261/2607/2367 2265/2611/2370
f 2263/2609/704 2266/2612/2371 2262/2608/2368
f 2265/2611/2370 2262/2608/2368 2266/2612/2371
f 2266/2612/2371 2263/2609/704 2267/2613/701
f 2265/2611/2370 2268/2614/2372 2264/2610/2369
f 2236/2577/2344 2264/2610/2369 2268/2614/2372
f 2267/2613/701 2269/2615/2373 2266/2612/2371
f 2269/2615/2373 2267/2613/701 2270/2616/698
f 2266/2612/2371 2271/2617/2374 2265/2611/2370
f 2271/2617/2374 2266/2612/2371 2269/2615/2373
f 2270/2616/698 2272/2618/2375 2269/2615/2373
f 2272/2618/2375 2270/2616/698 2273/2620/486
f 2273/2620/486 2274/2622/487 2272/2618/2375
f 2275/2623/2376 2269/2615/2373 2272/2618/2375
f 2269/2615/2373 2275/2623/2376 2271/2617/2374
f 2276/2624/2377 2272/2618/2375 2274/2622/487
f 2272/2618/2375 2276/2624/2377 2275/2623/2376
f 2274/2622/487 427/464/489 2276/2624/2377
f 2277/2625/2378 2276/2624/2377 427/464/489
f 2275/2623/2376 2276/2624/2377 2277/2625/2378
f 427/464/489 2278/2627/490 2277/2625/2378
f 2271/2617/2374 2275/2623/2376 2279/2628/2379
f 2277/2625/2378 2279/2628/2379 2275/2623/2376
f 2265/2611/2370 2271/2617/2374 2280/2629/2380
f 2279/2628/2379 2280/2629/2380 2271/2617/2374
f 2280/2629/2380 2268/2614/2372 2265/2611/2370
f 2281/2630/2381 2277/2625/2378 2278/2627/490
f 2278/2627/490 2282/2632/492 2281/2630/2381
f 2283/2633/2382 2279/2628/2379 2277/2625/2378
f 2277/2625/2378 2281/2630/2381 2283/2633/2382
f 2284/2634/2383 2280/2629/2380 2279/2628/2379
f 2279/2628/2379 2283/2633/2382 2284/2634/2383
f 2268/2614/2372 2280/2629/2380 2285/2635/2384
f 2285/2635/2384 2280/2629/2380 2284/2634/2383
f 2285/2635/2384 2286/2636/2385 2268/2614/2372
f 2236/2577/2344 2268/2614/2372 2286/2636/2385
f 2286/2636/2385 2233/2573/2340 2236/2577/2344
f 2286/2636/2385 2285/2635/2384 2287/2637/2386
f 2233/2573/2340 2286/2636/2385 2288/2638/2387
f 2287/2637/2386 2288/2638/2387 2286/2636/2385
f 2288/2638/2387 2289/2639/2388 2233/2573/2340
f 2233/2573/2340 2289/2639/2388 2230/2569/2338
f 2290/2640/2389 2288/2638/2387 2287/2637/2386
f 2289/2639/2388 2288/2638/2387 2290/2640/2389
f 2287/2637/2386 2285/2635/2384 2291/2641/2390
f 2284/2634/2383 2291/2641/2390 2285/2635/2384
f 2292/2642/2391 2230/2569/2338 2289/2639/2388
f 2230/2569/2338 2292/2642/2391 2229/2568/2337
f 2289/2639/2388 2293/2643/2392 2292/2642/2391
f 2290/2640/2389 2293/2643/2392 2289/2639/2388
f 2229/2568/2337 2292/2642/2391 2294/2644/2393
f 2294/2644/2393 2292/2642/2391 2293/2643/2392
f 2290/2640/2389 2287/2637/2386 2295/2645/2394
f 2291/2641/2390 2295/2645/2394 2287/2637/2386
f 2293/2643/2392 2290/2640/2389 2296/2646/2395
f 2295/2645/2394 2296/2646/2395 2290/2640/2389
f 2293/2643/2392 2297/2647/2396 2294/2644/2393
f 2296/2646/2395 2297/2647/2396 2293/2643/2392
f 2294/2644/2393 2298/2648/2397 2229/2568/2337
f 2223/2562/2331 2229/2568/2337 2298/2648/2397
f 2299/2649/2398 2294/2644/2393 2297/2647/2396
f 2298/2648/2397 2294/2644/2393 2299/2649/2398
f 2300/2650/2399 2297/2647/2396 2296/2646/2395
f 2297/2647/2396 2300/2650/2399 2299/2649/2398
f 2301/2651/2400 2296/2646/2395 2295/2645/2394
f 2296/2646/2395 2301/2651/2400 2300/2650/2399
f 2295/2645/2394 2302/2652/2401 2301/2651/2400
f 2302/2652/2401 2295/2645/2394 2291/2641/2390
f 2300/2650/2399 2301/2651/2400 2303/2653/2402
f 2303/2653/2402 2301/2651/2400 2302/2652/2401
f 2291/2641/2390 2304/2654/2403 2302/2652/2401
f 2304/2654/2403 2291/2641/2390 2284/2634/2383
f 2302/2652/2401 2305/2655/2404 2303/2653/2402
f 2302/2652/2401 2304/2654/2403 2305/2655/2404
f 2284/2634/2383 2306/2656/2405 2304/2654/2403
f 2306/2656/2405 2284/2634/2383 2283/2633/2382
f 2304/2654/2403 2306/2656/2405 2307/2657/2406
f 2307/2657/2406 2305/2655/2404 2304/2654/2403
f 2283/2633/2382 2308/2658/2407 2306/2656/2405
f 2307/2657/2406 2306/2656/2405 2308/2658/2407
f 2308/2658/2407 2283/2633/2382 2281/2630/2381
f 2281/2630/2381 2309/2659/2408 2308/2658/2407
f 2309/2659/2408 2281/2630/2381 2282/2632/492
f 2282/2632/492 2310/2661/495 2309/2659/2408
f 2311/2662/2409 2308/2658/2407 2309/2659/2408
f 2308/2658/2407 2311/2662/2409 2307/2657/2406
f 2312/2663/2410 2309/2659/2408 2310/2661/495
f 2309/2659/2408 2312/2663/2410 2311/2662/2409
f 2310/2661/495 2313/2665/503 2312/2663/2410
f 2312/2663/2410 2313/2665/503 440/478/506
f 440/478/506 2314/2666/2411 2312/2663/2410
f 2314/2666/2411 440/478/506 443/482/509
f 2315/2667/2412 2311/2662/2409 2312/2663/2410
f 2312/2663/2410 2314/2666/2411 2315/2667/2412
f 443/482/509 2316/2668/2413 2314/2666/2411
f 2316/2668/2413 443/482/509 447/487/513
f 2317/2669/2414 2315/2667/2412 2314/2666/2411
f 2314/2666/2411 2316/2668/2413 2317/2669/2414
f 2311/2662/2409 2315/2667/2412 2318/2670/2415
f 2318/2670/2415 2307/2657/2406 2311/2662/2409
f 2315/2667/2412 2317/2669/2414 2319/2671/2416
f 2319/2671/2416 2318/2670/2415 2315/2667/2412
f 447/487/513 2320/2672/2417 2316/2668/2413
f 2320/2672/2417 447/487/513 450/491/516
f 2321/2673/2418 2317/2669/2414 2316/2668/2413
f 2316/2668/2413 2320/2672/2417 2321/2673/2418
f 450/491/516 2322/2674/2419 2320/2672/2417
f 2321/2673/2418 2320/2672/2417 2322/2674/2419
f 2322/2674/2419 450/491/516 2323/2677/209
f 2323/2677/209 591/644/674 2322/2674/2419
f 2324/2678/2420 2322/2674/2419 591/644/674
f 2322/2674/2419 2324/2678/2420 2321/2673/2418
f 591/644/674 2325/2679/671 2324/2678/2420
f 2317/2669/2414 2321/2673/2418 2326/2680/2421
f 2326/2680/2421 2321/2673/2418 2324/2678/2420
f 2326/2680/2421 2319/2671/2416 2317/2669/2414
f 2327/2681/2422 2324/2678/2420 2325/2679/671
f 2324/2678/2420 2327/2681/2422 2326/2680/2421
f 2325/2679/671 586/639/668 2327/2681/2422
f 2328/2682/2423 2319/2671/2416 2326/2680/2421
f 2318/2670/2415 2319/2671/2416 2328/2682/2423
f 2329/2683/2424 2326/2680/2421 2327/2681/2422
f 2326/2680/2421 2329/2683/2424 2328/2682/2423
f 2330/2684/2425 2327/2681/2422 586/639/668
f 2327/2681/2422 2330/2684/2425 2329/2683/2424
f 586/639/668 583/636/665 2330/2684/2425
f 2331/2685/2426 2330/2684/2425 583/636/665
f 2329/2683/2424 2330/2684/2425 2331/2685/2426
f 583/636/665 2332/2686/663 2331/2685/2426
f 2331/2685/2426 2333/2687/2427 2329/2683/2424
f 2328/2682/2423 2329/2683/2424 2333/2687/2427
f 2334/2688/2428 2331/2685/2426 2332/2686/663
f 2333/2687/2427 2331/2685/2426 2334/2688/2428
f 2332/2686/663 2335/2689/662 2334/2688/2428
f 2334/2688/2428 2335/2689/662 2336/2690/641
f 2333/2687/2427 2337/2691/2429 2328/2682/2423
f 2334/2688/2428 2338/2692/2430 2333/2687/2427
f 2337/2691/2429 2333/2687/2427 2338/2692/2430
f 2336/2690/641 2339/2693/2431 2334/2688/2428
f 2338/2692/2430 2334/2688/2428 2339/2693/2431
f 2340/2694/2432 2339/2693/2431 2336/2690/641
f 2340/2694/2432 2336/2690/641 2341/2695/638
f 2339/2693/2431 2342/2696/2433 2338/2692/2430
f 2342/2696/2433 2339/2693/2431 2340/2694/2432
f 2338/2692/2430 2343/2697/2434 2337/2691/2429
f 2343/2697/2434 2338/2692/2430 2342/2696/2433
f 2341/2695/638 2344/2698/2435 2340/2694/2432
f 2344/2698/2435 2341/2695/638 2345/2699/636
f 2340/2694/2432 2346/2700/2436 2342/2696/2433
f 2345/2699/636 2347/2701/2437 2344/2698/2435
f 2347/2701/2437 2345/2699/636 2348/2702/632
f 2340/2694/2432 2344/2698/2435 2349/2703/2438
f 2349/2703/2438 2344/2698/2435 2347/2701/2437
f 2349/2703/2438 2346/2700/2436 2340/2694/2432
f 2348/2702/632 2350/2704/2439 2347/2701/2437
f 2350/2704/2439 2348/2702/632 2351/2705/629
f 2347/2701/2437 2352/2706/2440 2349/2703/2438
f 2352/2706/2440 2347/2701/2437 2350/2704/2439
f 2351/2705/629 2353/2707/2441 2350/2704/2439
f 2353/2707/2441 2351/2705/629 538/586/609
f 2350/2704/2439 2354/2708/2442 2352/2706/2440
f 2354/2708/2442 2350/2704/2439 2353/2707/2441
f 2355/2709/2443 2349/2703/2438 2352/2706/2440
f 2356/2710/2444 2352/2706/2440 2354/2708/2442
f 2352/2706/2440 2356/2710/2444 2355/2709/2443
f 2353/2707/2441 2357/2711/2445 2354/2708/2442
f 2349/2703/2438 2355/2709/2443 2358/2712/2446
f 2358/2712/2446 2346/2700/2436 2349/2703/2438
f 2357/2711/2445 2353/2707/2441 2359/2713/2447
f 538/586/609 2359/2713/2447 2353/2707/2441
f 2346/2700/2436 2358/2712/2446 2360/2714/2448
f 2360/2714/2448 2342/2696/2433 2346/2700/2436
f 2342/2696/2433 2360/2714/2448 2343/2697/2434
f 2361/2715/2449 2359/2713/2447 538/586/609
f 538/586/609 536/584/606 2361/2715/2449
f 2362/2716/2450 2360/2714/2448 2358/2712/2446
f 2343/2697/2434 2360/2714/2448 2362/2716/2450
f 2363/2717/2451 2358/2712/2446 2355/2709/2443
f 2358/2712/2446 2363/2717/2451 2362/2716/2450
f 2355/2709/2443 2364/2718/2452 2363/2717/2451
f 2364/2718/2452 2355/2709/2443 2356/2710/2444
f 2362/2716/2450 2363/2717/2451 2365/2719/2453
f 2365/2719/2453 2363/2717/2451 2364/2718/2452
f 2362/2716/2450 2366/2720/2454 2343/2697/2434
f 2343/2697/2434 2366/2720/2454 2367/2721/2455
f 2367/2721/2455 2337/2691/2429 2343/2697/2434
f 2337/2691/2429 2367/2721/2455 2328/2682/2423
f 2368/2722/2456 2366/2720/2454 2362/2716/2450
f 2366/2720/2454 2368/2722/2456 2367/2721/2455
f 2362/2716/2450 2369/2723/2457 2368/2722/2456
f 2365/2719/2453 2369/2723/2457 2362/2716/2450
f 2368/2722/2456 2370/2724/2458 2367/2721/2455
f 2370/2724/2458 2368/2722/2456 2369/2723/2457
f 2371/2725/2459 2328/2682/2423 2367/2721/2455
f 2367/2721/2455 2370/2724/2458 2371/2725/2459
f 2328/2682/2423 2371/2725/2459 2318/2670/2415
f 2318/2670/2415 2371/2725/2459 2372/2726/2460
f 2372/2726/2460 2371/2725/2459 2370/2724/2458
f 2372/2726/2460 2307/2657/2406 2318/2670/2415
f 2307/2657/2406 2372/2726/2460 2305/2655/2404
f 2373/2727/2461 2305/2655/2404 2372/2726/2460
f 2372/2726/2460 2370/2724/2458 2373/2727/2461
f 2373/2727/2461 2303/2653/2402 2305/2655/2404
f 2373/2727/2461 2370/2724/2458 2374/2728/2462
f 2369/2723/2457 2374/2728/2462 2370/2724/2458
f 2375/2729/2463 2303/2653/2402 2373/2727/2461
f 2373/2727/2461 2374/2728/2462 2375/2729/2463
f 2303/2653/2402 2375/2729/2463 2300/2650/2399
f 2376/2730/2464 2374/2728/2462 2369/2723/2457
f 2369/2723/2457 2365/2719/2453 2376/2730/2464
f 2374/2728/2462 2377/2731/2465 2375/2729/2463
f 2376/2730/2464 2377/2731/2465 2374/2728/2462
f 2300/2650/2399 2375/2729/2463 2378/2732/2466
f 2377/2731/2465 2378/2732/2466 2375/2729/2463
f 2378/2732/2466 2299/2649/2398 2300/2650/2399
f 2377/2731/2465 2376/2730/2464 2198/2534/2303
f 2203/2539/2309 2299/2649/2398 2378/2732/2466
f 2299/2649/2398 2203/2539/2309 2298/2648/2397
f 2201/2537/2307 2203/2539/2309 2378/2732/2466
f 2199/2535/2305 2201/2537/2307 2378/2732/2466
f 2378/2732/2466 2377/2731/2465 2199/2535/2305
f 2199/2535/2305 2377/2731/2465 2198/2534/2303
f 2298/2648/2397 2203/2539/2309 2205/2541/2311
f 2379/2733/2467 2198/2534/2303 2376/2730/2464
f 2376/2730/2464 2365/2719/2453 2379/2733/2467
f 2198/2534/2303 2379/2733/2467 2232/2572/2304
f 2364/2718/2452 2379/2733/2467 2365/2719/2453
f 2232/2572/2304 2379/2733/2467 2380/2734/2468
f 2380/2734/2468 2379/2733/2467 2364/2718/2452
f 2235/2576/2342 2232/2572/2304 2380/2734/2468
f 2381/2735/2469 2380/2734/2468 2364/2718/2452
f 2380/2734/2468 2381/2735/2469 2235/2576/2342
f 2356/2710/2444 2381/2735/2469 2364/2718/2452
f 2235/2576/2342 2381/2735/2469 2382/2736/2470
f 2382/2736/2470 2383/2738/2343 2235/2576/2342
f 2381/2735/2469 2356/2710/2444 2384/2739/2471
f 2384/2739/2471 2382/2736/2470 2381/2735/2469
f 2354/2708/2442 2384/2739/2471 2356/2710/2444
f 2384/2739/2471 2354/2708/2442 2357/2711/2445
f 2383/2738/2343 2382/2736/2470 2385/2740/2472
f 2385/2740/2472 2386/2742/2346 2383/2738/2343
f 2382/2736/2470 2384/2739/2471 2387/2743/2473
f 2387/2743/2473 2385/2740/2472 2382/2736/2470
f 2357/2711/2445 2387/2743/2473 2384/2739/2471
f 2386/2742/2346 2385/2740/2472 2388/2744/2474
f 2388/2744/2474 2241/2583/2350 2386/2742/2346
f 2387/2743/2473 2357/2711/2445 2389/2745/2475
f 2359/2713/2447 2389/2745/2475 2357/2711/2445
f 2241/2583/2350 2388/2744/2474 2507/2878/2476
f 2507/2878/2476 2244/2587/2353 2241/2583/2350
f 2507/2878/2476 2388/2744/2474 2390/2746/2477
f 2390/2746/2477 2388/2744/2474 2385/2740/2472
f 2385/2740/2472 2387/2743/2473 2390/2746/2477
f 2389/2745/2475 2390/2746/2477 2387/2743/2473
f 2390/2746/2477 2391/2747/2478 2507/2878/2476
f 2390/2746/2477 2389/2745/2475 2392/2749/2479
f 2392/2749/2479 2391/2747/2478 2390/2746/2477
f 2392/2749/2479 2389/2745/2475 2359/2713/2447
f 2391/2747/2478 2392/2749/2479 2393/2750/2480
f 2359/2713/2447 2361/2715/2449 2392/2749/2479
f 2393/2750/2480 2392/2749/2479 2361/2715/2449
f 2361/2715/2449 2394/2752/2481 2393/2750/2480
f 2394/2752/2481 2361/2715/2449 536/584/606
f 2517/2889/2482 2393/2750/2480 2394/2752/2481
f 536/584/606 2395/2753/603 2394/2752/2481
f 2394/2752/2481 2396/2754/2483 2517/2889/2482
f 2396/2754/2483 2394/2752/2481 2395/2753/603
f 2396/2754/2483 2519/2892/2484 2517/2889/2482
f 2395/2753/603 2397/2755/600 2396/2754/2483
f 2398/2756/2485 2519/2892/2484 2396/2754/2483
f 2398/2756/2485 2396/2754/2483 2397/2755/600
f 2398/2756/2485 2474/2843/2486 2519/2892/2484
f 2397/2755/600 2399/2757/598 2398/2756/2485
f 2474/2843/2486 2398/2756/2485 2399/2757/598
f 2399/2757/598 532/579/597 2474/2843/2486
f 4403/5120/2487 2400/2758/2488 2401/2761/2489
f 2401/2761/2489 2402/2763/2490 4403/5120/2487
f 2402/2763/2490 2401/2761/2489 2403/2764/2491
f 4405/5123/2492 4403/5120/2487 2402/2763/2490
f 2403/2764/2491 2404/2766/2493 2402/2763/2490
f 2404/2766/2493 2403/2764/2491 2541/2920/2494
f 2402/2763/2490 2405/2767/2495 4405/5123/2492
f 4406/5125/2496 4405/5123/2492 2405/2767/2495
f 2402/2763/2490 2404/2766/2493 2406/2768/2497
f 2406/2768/2497 2405/2767/2495 2402/2763/2490
f 2541/2920/2494 2407/2769/2498 2404/2766/2493
f 2404/2766/2493 2407/2769/2498 2406/2768/2497
f 2407/2769/2498 2541/2920/2494 2408/2770/2499
f 2405/2767/2495 2409/2772/2500 4406/5125/2496
f 2409/2772/2500 2405/2767/2495 2406/2768/2497
f 4407/5127/2501 4406/5125/2496 2409/2772/2500
f 2408/2770/2499 2410/2773/2502 2407/2769/2498
f 2410/2773/2502 2408/2770/2499 2537/2915/2503
f 2409/2772/2500 2411/2774/2504 4407/5127/2501
f 2537/2915/2503 2412/2775/2505 2410/2773/2502
f 2412/2775/2505 2537/2915/2503 2413/2776/2506
f 2407/2769/2498 2410/2773/2502 2414/2778/2507
f 2414/2778/2507 2410/2773/2502 2412/2775/2505
f 2414/2778/2507 2415/2779/2508 2407/2769/2498
f 2406/2768/2497 2407/2769/2498 2415/2779/2508
f 2406/2768/2497 2416/2780/2509 2409/2772/2500
f 2415/2779/2508 2416/2780/2509 2406/2768/2497
f 2409/2772/2500 2416/2780/2509 2417/2781/2510
f 2417/2781/2510 2411/2774/2504 2409/2772/2500
f 2416/2780/2509 2415/2779/2508 2418/2782/2511
f 2418/2782/2511 2417/2781/2510 2416/2780/2509
f 4407/5127/2501 2411/2774/2504 2419/2783/2512
f 2419/2783/2512 2411/2774/2504 2417/2781/2510
f 2419/2783/2512 4409/5130/2513 4407/5127/2501
f 2420/2784/2514 2418/2782/2511 2415/2779/2508
f 2415/2779/2508 2414/2778/2507 2420/2784/2514
f 4409/5130/2513 2419/2783/2512 2421/2785/2515
f 2421/2785/2515 2422/2786/2516 4409/5130/2513
f 2417/2781/2510 2423/2788/2517 2419/2783/2512
f 2421/2785/2515 2419/2783/2512 2423/2788/2517
f 2417/2781/2510 2418/2782/2511 2424/2789/2518
f 2424/2789/2518 2423/2788/2517 2417/2781/2510
f 2418/2782/2511 2420/2784/2514 2424/2789/2518
f 2423/2788/2517 2425/2790/2519 2421/2785/2515
f 2423/2788/2517 2424/2789/2518 2426/2791/2520
f 2426/2791/2520 2425/2790/2519 2423/2788/2517
f 2422/2786/2516 2421/2785/2515 2427/2792/2521
f 2427/2792/2521 2428/2793/2522 2422/2786/2516
f 2421/2785/2515 2425/2790/2519 2429/2795/2523
f 2429/2795/2523 2427/2792/2521 2421/2785/2515
f 2429/2795/2523 2425/2790/2519 2426/2791/2520
f 2428/2793/2522 2427/2792/2521 2430/2796/2524
f 2430/2796/2524 2427/2792/2521 2429/2795/2523
f 2430/2796/2524 2431/2797/2525 2428/2793/2522
f 2426/2791/2520 2432/2799/2526 2429/2795/2523
f 2431/2797/2525 2430/2796/2524 2433/2800/2527
f 2433/2800/2527 4399/5115/2528 2431/2797/2525
f 2429/2795/2523 2434/2801/2529 2430/2796/2524
f 2434/2801/2529 2429/2795/2523 2432/2799/2526
f 2435/2802/2530 2433/2800/2527 2430/2796/2524
f 2430/2796/2524 2434/2801/2529 2435/2802/2530
f 4399/5115/2528 2433/2800/2527 2436/2803/2531
f 2436/2803/2531 2433/2800/2527 2435/2802/2530
f 2436/2803/2531 4398/5113/2532 4399/5115/2528
f 4397/5111/2533 4398/5113/2532 2436/2803/2531
f 2435/2802/2530 2434/2801/2529 2437/2804/2534
f 2432/2799/2526 2437/2804/2534 2434/2801/2529
f 2436/2803/2531 2438/2805/2535 4397/5111/2533
f 4395/5108/2536 4397/5111/2533 2438/2805/2535
f 2435/2802/2530 2439/2806/2537 2436/2803/2531
f 2438/2805/2535 2436/2803/2531 2439/2806/2537
f 2439/2806/2537 2435/2802/2530 2440/2807/2538
f 2437/2804/2534 2440/2807/2538 2435/2802/2530
f 2439/2806/2537 2441/2808/2539 2438/2805/2535
f 2432/2799/2526 2442/2809/2540 2437/2804/2534
f 2442/2809/2540 2432/2799/2526 2426/2791/2520
f 2439/2806/2537 2443/2810/2541 2441/2808/2539
f 2440/2807/2538 2443/2810/2541 2439/2806/2537
f 2426/2791/2520 2444/2811/2542 2442/2809/2540
f 2444/2811/2542 2426/2791/2520 2424/2789/2518
f 2424/2789/2518 2420/2784/2514 2444/2811/2542
f 2445/2812/2543 2442/2809/2540 2444/2811/2542
f 2446/2813/2544 2444/2811/2542 2420/2784/2514
f 2444/2811/2542 2446/2813/2544 2445/2812/2543
f 2447/2814/2545 2442/2809/2540 2445/2812/2543
f 2437/2804/2534 2442/2809/2540 2447/2814/2545
f 2440/2807/2538 2437/2804/2534 2448/2815/2546
f 2447/2814/2545 2448/2815/2546 2437/2804/2534
f 2448/2815/2546 2449/2816/2547 2440/2807/2538
f 2443/2810/2541 2440/2807/2538 2449/2816/2547
f 2448/2815/2546 2447/2814/2545 2450/2817/2548
f 2449/2816/2547 2448/2815/2546 2451/2818/2549
f 2450/2817/2548 2451/2818/2549 2448/2815/2546
f 2445/2812/2543 2452/2819/2550 2447/2814/2545
f 2450/2817/2548 2447/2814/2545 2452/2819/2550
f 2452/2819/2550 2445/2812/2543 2453/2820/2551
f 2453/2820/2551 2445/2812/2543 2446/2813/2544
f 2452/2819/2550 2454/2821/2552 2450/2817/2548
f 2446/2813/2544 2455/2822/2553 2453/2820/2551
f 2456/2823/2554 2454/2821/2552 2452/2819/2550
f 2455/2822/2553 2446/2813/2544 2457/2824/2555
f 2420/2784/2514 2457/2824/2555 2446/2813/2544
f 2452/2819/2550 2458/2825/2556 2456/2823/2554
f 2453/2820/2551 2458/2825/2556 2452/2819/2550
f 2459/2826/2557 2457/2824/2555 2420/2784/2514
f 2420/2784/2514 2414/2778/2507 2459/2826/2557
f 2412/2775/2505 2459/2826/2557 2414/2778/2507
f 2460/2827/2558 2457/2824/2555 2459/2826/2557
f 2457/2824/2555 2460/2827/2558 2455/2822/2553
f 2459/2826/2557 2412/2775/2505 2461/2828/2559
f 2413/2776/2506 2461/2828/2559 2412/2775/2505
f 2461/2828/2559 2462/2829/2560 2459/2826/2557
f 2459/2826/2557 2462/2829/2560 2460/2827/2558
f 2463/2830/2561 2461/2828/2559 2413/2776/2506
f 2462/2829/2560 2461/2828/2559 2463/2830/2561
f 2413/2776/2506 2464/2831/2562 2463/2830/2561
f 2465/2833/2563 2460/2827/2558 2462/2829/2560
f 2466/2834/2564 2463/2830/2561 2464/2831/2562
f 2464/2831/2562 2533/2910/2565 2466/2834/2564
f 2466/2834/2564 2533/2910/2565 2523/2899/2566
f 2463/2830/2561 2467/2835/2567 2462/2829/2560
f 2462/2829/2560 2467/2835/2567 2465/2833/2563
f 2468/2836/2568 2467/2835/2567 2463/2830/2561
f 2463/2830/2561 2466/2834/2564 2468/2836/2568
f 2465/2833/2563 2467/2835/2567 2468/2836/2568
f 2523/2899/2566 2469/2837/2569 2466/2834/2564
f 2468/2836/2568 2466/2834/2564 2469/2837/2569
f 2469/2837/2569 2523/2899/2566 2522/2897/2570
f 2469/2837/2569 2470/2838/2571 2468/2836/2568
f 2522/2897/2570 2471/2839/2572 2469/2837/2569
f 2470/2838/2571 2469/2837/2569 2471/2839/2572
f 2472/2840/2573 2471/2839/2572 2522/2897/2570
f 2522/2897/2570 2473/2841/2574 2472/2840/2573
f 2473/2841/2574 2519/2893/2484 2474/2844/2486
f 2474/2844/2486 2472/2840/2573 2473/2841/2574
f 2472/2840/2573 2475/2845/2575 2471/2839/2572
f 2475/2845/2575 2472/2840/2573 2474/2844/2486
f 2471/2839/2572 2476/2846/2576 2470/2838/2571
f 2476/2846/2576 2471/2839/2572 2475/2845/2575
f 2477/2847/2577 2468/2836/2568 2470/2838/2571
f 2468/2836/2568 2477/2847/2577 2465/2833/2563
f 2478/2848/2578 2470/2838/2571 2476/2846/2576
f 2470/2838/2571 2478/2848/2578 2477/2847/2577
f 2475/2845/2575 2479/2849/2579 2476/2846/2576
f 2476/2846/2576 2480/2850/2580 2478/2848/2578
f 2480/2850/2580 2476/2846/2576 2479/2849/2579
f 2474/2844/2486 2481/2851/2581 2475/2845/2575
f 2479/2849/2579 2475/2845/2575 2481/2851/2581
f 532/580/597 2481/2851/2581 2474/2844/2486
f 2481/2851/2581 532/580/597 3514/4060/2582
f 2479/2849/2579 2482/2852/2583 2480/2850/2580
f 3514/4060/2582 2483/2853/2584 2481/2851/2581
f 2481/2851/2581 2484/2854/2585 2479/2849/2579
f 2484/2854/2585 2481/2851/2581 2483/2853/2584
f 2479/2849/2579 2484/2854/2585 2482/2852/2583
f 2483/2853/2584 3514/4060/2582 3484/4027/2586
f 2480/2850/2580 2482/2852/2583 2485/2855/2587
f 2478/2848/2578 2480/2850/2580 2485/2855/2587
f 3484/4027/2586 2486/2856/2588 2483/2853/2584
f 2485/2855/2587 2487/2857/2589 2478/2848/2578
f 2477/2847/2577 2478/2848/2578 2487/2857/2589
f 2488/2858/2590 2486/2856/2588 3484/4027/2586
f 3484/4027/2586 2489/2859/2591 2488/2858/2590
f 2487/2857/2589 2490/2860/2592 2477/2847/2577
f 2465/2833/2563 2477/2847/2577 2490/2860/2592
f 2491/2861/2593 2488/2858/2590 2489/2859/2591
f 2489/2859/2591 2492/2862/2594 2491/2861/2593
f 2492/2862/2594 639/698/724 2249/2595/2359
f 2249/2595/2359 2491/2861/2593 2492/2862/2594
f 2493/2863/2595 2491/2861/2593 2249/2595/2359
f 2249/2595/2359 2247/2592/2357 2493/2863/2595
f 2494/2864/2596 2488/2858/2590 2491/2861/2593
f 2491/2861/2593 2493/2863/2595 2494/2864/2596
f 2486/2856/2588 2488/2858/2590 2494/2864/2596
f 2495/2865/2597 2493/2863/2595 2247/2592/2357
f 2494/2864/2596 2493/2863/2595 2495/2865/2597
f 2247/2592/2357 2496/2867/2354 2495/2865/2597
f 2494/2864/2596 2497/2868/2598 2486/2856/2588
f 2483/2853/2584 2486/2856/2588 2497/2868/2598
f 2496/2867/2354 2498/2869/2599 2495/2865/2597
f 2498/2869/2599 2496/2867/2354 2244/2588/2353
f 2497/2868/2598 2499/2870/2600 2483/2853/2584
f 2483/2853/2584 2499/2870/2600 2484/2854/2585
f 2499/2870/2600 2497/2868/2598 2500/2871/2601
f 2500/2871/2601 2497/2868/2598 2494/2864/2596
f 2484/2854/2585 2499/2870/2600 2501/2872/2602
f 2500/2871/2601 2501/2872/2602 2499/2870/2600
f 2501/2872/2602 2482/2852/2583 2484/2854/2585
f 2494/2864/2596 2502/2873/2603 2500/2871/2601
f 2495/2865/2597 2502/2873/2603 2494/2864/2596
f 2502/2873/2603 2495/2865/2597 2498/2869/2599
f 2501/2872/2602 2500/2871/2601 2503/2874/2604
f 2503/2874/2604 2500/2871/2601 2502/2873/2603
f 2482/2852/2583 2501/2872/2602 2504/2875/2605
f 2503/2874/2604 2504/2875/2605 2501/2872/2602
f 2498/2869/2599 2505/2876/2606 2502/2873/2603
f 2502/2873/2603 2505/2876/2606 2503/2874/2604
f 2505/2876/2606 2498/2869/2599 2506/2877/2607
f 2503/2874/2604 2505/2876/2606 2506/2877/2607
f 2244/2588/2353 2506/2877/2607 2498/2869/2599
f 2506/2877/2607 2244/2588/2353 2507/2879/2476
f 2504/2875/2605 2503/2874/2604 2508/2880/2608
f 2506/2877/2607 2508/2880/2608 2503/2874/2604
f 2504/2875/2605 2509/2881/2609 2482/2852/2583
f 2509/2881/2609 2504/2875/2605 2508/2880/2608
f 2509/2881/2609 2485/2855/2587 2482/2852/2583
f 2507/2879/2476 2510/2882/2610 2506/2877/2607
f 2508/2880/2608 2506/2877/2607 2510/2882/2610
f 2510/2882/2610 2507/2879/2476 2391/2748/2478
f 2511/2883/2611 2485/2855/2587 2509/2881/2609
f 2487/2857/2589 2485/2855/2587 2511/2883/2611
f 2508/2880/2608 2512/2884/2612 2509/2881/2609
f 2509/2881/2609 2512/2884/2612 2511/2883/2611
f 2510/2882/2610 2513/2885/2613 2508/2880/2608
f 2512/2884/2612 2508/2880/2608 2513/2885/2613
f 2510/2882/2610 2391/2748/2478 2514/2886/2614
f 2514/2886/2614 2513/2885/2613 2510/2882/2610
f 2514/2886/2614 2391/2748/2478 2393/2751/2480
f 2513/2885/2613 2515/2887/2615 2512/2884/2612
f 2515/2887/2615 2513/2885/2613 2514/2886/2614
f 2393/2751/2480 2516/2888/2616 2514/2886/2614
f 2516/2888/2616 2393/2751/2480 2517/2890/2482
f 2516/2888/2616 2517/2890/2482 2518/2891/2617
f 2516/2888/2616 2518/2891/2617 2514/2886/2614
f 2518/2891/2617 2517/2890/2482 2519/2894/2484
f 2519/2894/2484 2473/2842/2574 2518/2891/2617
f 2520/2895/2618 2514/2886/2614 2518/2891/2617
f 2514/2886/2614 2520/2895/2618 2515/2887/2615
f 2521/2896/2619 2518/2891/2617 2473/2842/2574
f 2520/2895/2618 2518/2891/2617 2521/2896/2619
f 2473/2842/2574 2522/2898/2570 2521/2896/2619
f 2521/2896/2619 2522/2898/2570 2523/2900/2566
f 2515/2887/2615 2520/2895/2618 2524/2901/2620
f 2521/2896/2619 2524/2901/2620 2520/2895/2618
f 2512/2884/2612 2515/2887/2615 2525/2902/2621
f 2524/2901/2620 2525/2902/2621 2515/2887/2615
f 2525/2902/2621 2511/2883/2611 2512/2884/2612
f 2524/2901/2620 2521/2896/2619 2526/2903/2622
f 2523/2900/2566 2526/2903/2622 2521/2896/2619
f 2525/2902/2621 2524/2901/2620 2527/2904/2623
f 2526/2903/2622 2527/2904/2623 2524/2901/2620
f 2528/2905/2624 2511/2883/2611 2525/2902/2621
f 2511/2883/2611 2528/2905/2624 2487/2857/2589
f 2490/2860/2592 2487/2857/2589 2528/2905/2624
f 2527/2904/2623 2529/2906/2625 2525/2902/2621
f 2525/2902/2621 2529/2906/2625 2528/2905/2624
f 2530/2907/2626 2529/2906/2625 2527/2904/2623
f 2528/2905/2624 2529/2906/2625 2530/2907/2626
f 2531/2908/2627 2527/2904/2623 2526/2903/2622
f 2527/2904/2623 2531/2908/2627 2530/2907/2626
f 2532/2909/2628 2526/2903/2622 2523/2900/2566
f 2526/2903/2622 2532/2909/2628 2531/2908/2627
f 2523/2900/2566 2533/2911/2565 2532/2909/2628
f 2534/2912/2629 2531/2908/2627 2532/2909/2628
f 2530/2907/2626 2531/2908/2627 2534/2912/2629
f 2535/2913/2630 2532/2909/2628 2533/2911/2565
f 2532/2909/2628 2535/2913/2630 2534/2912/2629
f 2533/2911/2565 2464/2832/2562 2535/2913/2630
f 2535/2913/2630 2464/2832/2562 2413/2777/2506
f 2413/2777/2506 2536/2914/2631 2535/2913/2630
f 2534/2912/2629 2535/2913/2630 2536/2914/2631
f 2536/2914/2631 2413/2777/2506 2537/2916/2503
f 2536/2914/2631 2456/2823/2554 2534/2912/2629
f 2537/2916/2503 2538/2917/2632 2536/2914/2631
f 2456/2823/2554 2536/2914/2631 2538/2917/2632
f 2538/2917/2632 2537/2916/2503 2408/2771/2499
f 2534/2912/2629 2456/2823/2554 2458/2825/2556
f 2538/2917/2632 2454/2821/2552 2456/2823/2554
f 2458/2825/2556 2539/2918/2633 2534/2912/2629
f 2534/2912/2629 2539/2918/2633 2530/2907/2626
f 2539/2918/2633 2458/2825/2556 2453/2820/2551
f 2454/2821/2552 2538/2917/2632 2540/2919/2634
f 2408/2771/2499 2540/2919/2634 2538/2917/2632
f 2540/2919/2634 2450/2817/2548 2454/2821/2552
f 2540/2919/2634 2408/2771/2499 2541/2921/2494
f 2450/2817/2548 2540/2919/2634 2542/2922/2635
f 2541/2921/2494 2543/2923/2636 2540/2919/2634
f 2540/2919/2634 2543/2923/2636 2542/2922/2635
f 2543/2923/2636 2541/2921/2494 2403/2765/2491
f 2542/2922/2635 2451/2818/2549 2450/2817/2548
f 2403/2765/2491 2544/2924/2637 2543/2923/2636
f 2543/2923/2636 2544/2924/2637 2542/2922/2635
f 2544/2924/2637 2403/2765/2491 2401/2762/2489
f 2451/2818/2549 2542/2922/2635 2545/2925/2638
f 2542/2922/2635 2544/2924/2637 2546/2926/2639
f 2546/2926/2639 2545/2925/2638 2542/2922/2635
f 2401/2762/2489 2547/2927/2640 2544/2924/2637
f 2546/2926/2639 2544/2924/2637 2547/2927/2640
f 2401/2762/2489 2400/2759/2488 2548/2928/2641
f 2548/2928/2641 2547/2927/2640 2401/2762/2489
f 2549/2930/2642 2547/2927/2640 2548/2928/2641
f 2547/2927/2640 2549/2930/2642 2546/2926/2639
f 2548/2928/2641 4386/5096/2643 2549/2930/2642
f 2550/2931/2644 2546/2926/2639 2549/2930/2642
f 2545/2925/2638 2546/2926/2639 2550/2931/2644
f 2551/2932/2645 2549/2930/2642 4386/5096/2643
f 2549/2930/2642 2551/2932/2645 2550/2931/2644
f 4386/5096/2643 2552/2933/2646 2551/2932/2645
f 2551/2932/2645 2552/2933/2646 4383/5091/2647
f 4383/5091/2647 2553/2935/2648 2551/2932/2645
f 2550/2931/2644 2551/2932/2645 2553/2935/2648
f 2554/2936/2649 2553/2935/2648 4383/5091/2647
f 4383/5091/2647 4385/5094/2650 2554/2936/2649
f 2553/2935/2648 2555/2937/2651 2550/2931/2644
f 2556/2938/2652 2554/2936/2649 4385/5094/2650
f 4385/5094/2650 4388/5099/2653 2556/2938/2652
f 2553/2935/2648 2554/2936/2649 2557/2939/2654
f 2557/2939/2654 2555/2937/2651 2553/2935/2648
f 2554/2936/2649 2556/2938/2652 2558/2940/2655
f 2558/2940/2655 2557/2939/2654 2554/2936/2649
f 2559/2941/2656 2556/2938/2652 4388/5099/2653
f 2558/2940/2655 2556/2938/2652 2559/2941/2656
f 4388/5099/2653 2560/2942/2657 2559/2941/2656
f 2559/2941/2656 2560/2942/2657 4394/5106/2658
f 2561/2944/2659 2550/2931/2644 2555/2937/2651
f 2561/2944/2659 2555/2937/2651 2557/2939/2654
f 2550/2931/2644 2561/2944/2659 2545/2925/2638
f 2557/2939/2654 2562/2945/2660 2561/2944/2659
f 2557/2939/2654 2558/2940/2655 2562/2945/2660
f 2563/2946/2661 2545/2925/2638 2561/2944/2659
f 2561/2944/2659 2562/2945/2660 2563/2946/2661
f 2545/2925/2638 2563/2946/2661 2451/2818/2549
f 2451/2818/2549 2563/2946/2661 2449/2816/2547
f 2564/2947/2662 2449/2816/2547 2563/2946/2661
f 2563/2946/2661 2562/2945/2660 2564/2947/2662
f 2449/2816/2547 2564/2947/2662 2443/2810/2541
f 2558/2940/2655 2565/2948/2663 2562/2945/2660
f 2562/2945/2660 2565/2948/2663 2564/2947/2662
f 2559/2941/2656 2565/2948/2663 2558/2940/2655
f 2564/2947/2662 2566/2949/2664 2443/2810/2541
f 2566/2949/2664 2441/2808/2539 2443/2810/2541
f 2567/2950/2665 2564/2947/2662 2565/2948/2663
f 2567/2950/2665 2566/2949/2664 2564/2947/2662
f 2565/2948/2663 2559/2941/2656 2568/2951/2666
f 2568/2951/2666 2567/2950/2665 2565/2948/2663
f 4394/5106/2658 2568/2951/2666 2559/2941/2656
f 2568/2951/2666 4394/5106/2658 4395/5108/2536
f 2569/2952/2667 2566/2949/2664 2567/2950/2665
f 2569/2952/2667 2567/2950/2665 2568/2951/2666
f 2441/2808/2539 2566/2949/2664 2569/2952/2667
f 2569/2952/2667 2438/2805/2535 2441/2808/2539
f 4395/5108/2536 2570/2953/2668 2568/2951/2666
f 2568/2951/2666 2570/2953/2668 2569/2952/2667
f 2438/2805/2535 2570/2953/2668 4395/5108/2536
f 2569/2952/2667 2570/2953/2668 2438/2805/2535
f 2698/3108/2669 2697/3105/2670 4129/4793/2671
f 4129/4793/2671 2571/2954/2672 2698/3108/2669
f 2782/3210/2673 2698/3108/2669 2571/2954/2672
f 2572/2955/2674 2571/2954/2672 4129/4793/2671
f 2571/2954/2672 2573/2957/2675 2782/3210/2673
f 2574/2958/2676 2782/3210/2673 2573/2957/2675
f 2575/2960/2677 2571/2954/2672 2572/2955/2674
f 2573/2957/2675 2571/2954/2672 2575/2960/2677
f 2573/2957/2675 2576/2961/2678 2574/2958/2676
f 2577/2962/2679 2574/2958/2676 2576/2961/2678
f 2575/2960/2677 2578/2964/2680 2573/2957/2675
f 2576/2961/2678 2573/2957/2675 2578/2964/2680
f 2576/2961/2678 2579/2965/2681 2577/2962/2679
f 2215/2553/2323 2577/2962/2679 2579/2965/2681
f 2579/2965/2681 2178/2505/2283 2215/2553/2323
f 2579/2965/2681 2576/2961/2678 2580/2966/2682
f 2578/2964/2680 2580/2966/2682 2576/2961/2678
f 2178/2505/2283 2579/2965/2681 2581/2967/2683
f 2580/2966/2682 2581/2967/2683 2579/2965/2681
f 2581/2967/2683 2179/2507/2284 2178/2505/2283
f 2179/2507/2284 2581/2967/2683 2582/2968/2684
f 2582/2968/2684 2581/2967/2683 2580/2966/2682
f 2582/2968/2684 2181/2510/2286 2179/2507/2284
f 2184/2515/2289 2181/2510/2286 2582/2968/2684
f 2583/2969/2685 2580/2966/2682 2578/2964/2680
f 2580/2966/2682 2583/2969/2685 2582/2968/2684
f 2582/2968/2684 2584/2970/2686 2184/2515/2289
f 2584/2970/2686 2582/2968/2684 2583/2969/2685
f 2188/2521/2293 2184/2515/2289 2584/2970/2686
f 2578/2964/2680 2585/2971/2687 2583/2969/2685
f 2585/2971/2687 2578/2964/2680 2575/2960/2677
f 2583/2969/2685 2586/2972/2688 2584/2970/2686
f 2586/2972/2688 2583/2969/2685 2585/2971/2687
f 2584/2970/2686 2587/2973/2689 2188/2521/2293
f 2587/2973/2689 2584/2970/2686 2586/2972/2688
f 2188/2521/2293 2587/2973/2689 2588/2974/2690
f 2588/2974/2690 2210/2547/2316 2188/2521/2293
f 2589/2976/2319 2210/2547/2316 2588/2974/2690
f 2586/2972/2688 2590/2977/2691 2587/2973/2689
f 2588/2974/2690 2591/2978/2692 2589/2976/2319
f 2590/2977/2691 2586/2972/2688 2592/2979/2693
f 2585/2971/2687 2592/2979/2693 2586/2972/2688
f 2587/2973/2689 2590/2977/2691 2593/2980/2694
f 2593/2980/2694 2588/2974/2690 2587/2973/2689
f 2592/2979/2693 2594/2981/2695 2590/2977/2691
f 2593/2980/2694 2590/2977/2691 2594/2981/2695
f 2592/2979/2693 2585/2971/2687 2595/2982/2696
f 2575/2960/2677 2595/2982/2696 2585/2971/2687
f 2594/2981/2695 2592/2979/2693 2596/2983/2697
f 2595/2982/2696 2596/2983/2697 2592/2979/2693
f 2595/2982/2696 2575/2960/2677 2597/2984/2698
f 2572/2955/2674 2597/2984/2698 2575/2960/2677
f 2598/2985/2699 2596/2983/2697 2595/2982/2696
f 2599/2986/2700 2597/2984/2698 2572/2955/2674
f 2572/2955/2674 2600/2987/2701 2599/2986/2700
f 2597/2984/2698 2601/2989/2702 2595/2982/2696
f 2601/2989/2702 2597/2984/2698 2599/2986/2700
f 2595/2982/2696 2601/2989/2702 2598/2985/2699
f 2602/2990/2703 2599/2986/2700 2600/2987/2701
f 2600/2987/2701 4208/4904/2704 2602/2990/2703
f 2599/2986/2700 2603/2991/2705 2601/2989/2702
f 2604/2992/2706 2602/2990/2703 4208/4904/2704
f 4208/4904/2704 2605/2993/2707 2604/2992/2706
f 2599/2986/2700 2602/2990/2703 2606/2995/2708
f 2606/2995/2708 2603/2991/2705 2599/2986/2700
f 2602/2990/2703 2604/2992/2706 2607/2996/2709
f 2607/2996/2709 2606/2995/2708 2602/2990/2703
f 2608/2997/2710 2604/2992/2706 2605/2993/2707
f 2605/2993/2707 2609/2998/2711 2608/2997/2710
f 2610/3000/2712 2607/2996/2709 2604/2992/2706
f 2604/2992/2706 2608/2997/2710 2610/3000/2712
f 2611/3001/2713 2608/2997/2710 2609/2998/2711
f 2610/3000/2712 2608/2997/2710 2611/3001/2713
f 2609/2998/2711 2612/3002/2714 2611/3001/2713
f 2611/3001/2713 2612/3002/2714 2613/3004/2715
f 2613/3004/2715 2614/3005/2716 2611/3001/2713
f 2611/3001/2713 2614/3005/2716 2610/3000/2712
f 2615/3006/2717 2614/3005/2716 2613/3004/2715
f 2610/3000/2712 2614/3005/2716 2615/3006/2717
f 2613/3004/2715 2616/3007/2718 2615/3006/2717
f 2615/3006/2717 2616/3007/2718 2617/3009/2719
f 2617/3009/2719 2618/3011/2720 2615/3006/2717
f 2615/3006/2717 2618/3011/2720 2610/3000/2712
f 2618/3011/2720 2617/3009/2719 4210/4907/2721
f 2610/3000/2712 2618/3011/2720 2619/3012/2722
f 4210/4907/2721 2619/3012/2722 2618/3011/2720
f 2619/3012/2722 2607/2996/2709 2610/3000/2712
f 2606/2995/2708 2607/2996/2709 2619/3012/2722
f 2619/3012/2722 4210/4907/2721 4204/4899/2723
f 4204/4899/2723 2620/3013/2724 2619/3012/2722
f 2619/3012/2722 2620/3013/2724 2606/2995/2708
f 2621/3014/2725 2620/3013/2724 4204/4899/2723
f 2606/2995/2708 2620/3013/2724 2622/3016/2726
f 2620/3013/2724 2621/3014/2725 2622/3016/2726
f 2622/3016/2726 2603/2991/2705 2606/2995/2708
f 2601/2989/2702 2603/2991/2705 2622/3016/2726
f 2622/3016/2726 2623/3017/2727 2601/2989/2702
f 2623/3017/2727 2622/3016/2726 2621/3014/2725
f 2598/2985/2699 2601/2989/2702 2623/3017/2727
f 2624/3018/2728 2623/3017/2727 2621/3014/2725
f 2621/3014/2725 4197/4890/2729 2624/3018/2728
f 2624/3018/2728 4197/4890/2729 4196/4888/2730
f 2623/3017/2727 2625/3019/2731 2598/2985/2699
f 2625/3019/2731 2623/3017/2727 2624/3018/2728
f 2626/3020/2732 2624/3018/2728 4196/4888/2730
f 2624/3018/2728 2626/3020/2732 2625/3019/2731
f 2627/3021/2733 2598/2985/2699 2625/3019/2731
f 2596/2983/2697 2598/2985/2699 2627/3021/2733
f 2628/3022/2734 2625/3019/2731 2626/3020/2732
f 2625/3019/2731 2628/3022/2734 2627/3021/2733
f 4196/4888/2730 2629/3023/2735 2626/3020/2732
f 2629/3023/2735 4196/4888/2730 2630/3024/2736
f 2626/3020/2732 2631/3026/2737 2628/3022/2734
f 2630/3024/2736 2632/3027/2738 2629/3023/2735
f 2626/3020/2732 2629/3023/2735 2633/3028/2739
f 2633/3028/2739 2631/3026/2737 2626/3020/2732
f 2633/3028/2739 2629/3023/2735 2632/3027/2738
f 2632/3027/2738 2630/3024/2736 4194/4885/2740
f 2631/3026/2737 2633/3028/2739 2634/3029/2741
f 2632/3027/2738 2635/3030/2742 2633/3028/2739
f 2634/3029/2741 2633/3028/2739 2635/3030/2742
f 4194/4885/2740 2636/3031/2743 2632/3027/2738
f 2635/3030/2742 2632/3027/2738 2636/3031/2743
f 2637/3032/2744 2636/3031/2743 4194/4885/2740
f 4194/4885/2740 2638/3033/2745 2637/3032/2744
f 2636/3031/2743 2639/3035/2746 2635/3030/2742
f 2640/3036/2747 2637/3032/2744 2638/3033/2745
f 2638/3033/2745 2641/3037/2748 2640/3036/2747
f 2636/3031/2743 2637/3032/2744 2642/3039/2749
f 2642/3039/2749 2639/3035/2746 2636/3031/2743
f 2637/3032/2744 2640/3036/2747 2643/3040/2750
f 2643/3040/2750 2642/3039/2749 2637/3032/2744
f 2644/3041/2751 2640/3036/2747 2641/3037/2748
f 2641/3037/2748 4199/4893/2752 2644/3041/2751
f 2645/3042/2753 2639/3035/2746 2642/3039/2749
f 2635/3030/2742 2639/3035/2746 2645/3042/2753
f 2646/3043/2754 2644/3041/2751 4199/4893/2752
f 4199/4893/2752 2647/3044/2755 2646/3043/2754
f 2640/3036/2747 2644/3041/2751 2648/3046/2756
f 2648/3046/2756 2644/3041/2751 2646/3043/2754
f 2648/3046/2756 2643/3040/2750 2640/3036/2747
f 2649/3047/2757 2646/3043/2754 2647/3044/2755
f 2646/3043/2754 2649/3047/2757 2648/3046/2756
f 2647/3044/2755 2650/3048/2758 2649/3047/2757
f 2649/3047/2757 2650/3048/2758 2651/3050/2759
f 2651/3050/2759 2652/3052/2760 2649/3047/2757
f 2648/3046/2756 2649/3047/2757 2652/3052/2760
f 2653/3053/2761 2652/3052/2760 2651/3050/2759
f 2652/3052/2760 2653/3053/2761 2648/3046/2756
f 2651/3050/2759 2654/3054/2762 2653/3053/2761
f 2653/3053/2761 2654/3054/2762 2655/3056/2763
f 2648/3046/2756 2653/3053/2761 2656/3058/2764
f 2655/3056/2763 2656/3058/2764 2653/3053/2761
f 2656/3058/2764 2643/3040/2750 2648/3046/2756
f 2656/3058/2764 2655/3056/2763 4193/4883/2765
f 2643/3040/2750 2656/3058/2764 2657/3059/2766
f 4193/4883/2765 2657/3059/2766 2656/3058/2764
f 2657/3059/2766 2642/3039/2749 2643/3040/2750
f 2642/3039/2749 2657/3059/2766 2645/3042/2753
f 2657/3059/2766 4193/4883/2765 4188/4877/2767
f 4188/4877/2767 2645/3042/2753 2657/3059/2766
f 2658/3060/2768 2645/3042/2753 4188/4877/2767
f 2645/3042/2753 2658/3060/2768 2635/3030/2742
f 4188/4877/2767 4183/4869/2769 2658/3060/2768
f 2635/3030/2742 2658/3060/2768 2634/3029/2741
f 2658/3060/2768 4183/4869/2769 2659/3061/2770
f 2659/3061/2770 2660/3063/2771 2658/3060/2768
f 2660/3063/2771 2659/3061/2770 2661/3064/2772
f 2662/3066/2773 2634/3029/2741 2658/3060/2768
f 2658/3060/2768 2660/3063/2771 2662/3066/2773
f 2634/3029/2741 2662/3066/2773 2663/3067/2774
f 2634/3029/2741 2663/3067/2774 2631/3026/2737
f 2628/3022/2734 2631/3026/2737 2663/3067/2774
f 2663/3067/2774 2664/3068/2775 2628/3022/2734
f 2627/3021/2733 2628/3022/2734 2664/3068/2775
f 2665/3069/2776 2663/3067/2774 2662/3066/2773
f 2664/3068/2775 2666/3070/2777 2627/3021/2733
f 2667/3071/2778 2664/3068/2775 2663/3067/2774
f 2663/3067/2774 2665/3069/2776 2667/3071/2778
f 2668/3072/2779 2666/3070/2777 2664/3068/2775
f 2664/3068/2775 2667/3071/2778 2668/3072/2779
f 2627/3021/2733 2666/3070/2777 2669/3073/2780
f 2666/3070/2777 2668/3072/2779 2669/3073/2780
f 2627/3021/2733 2669/3073/2780 2596/2983/2697
f 2596/2983/2697 2669/3073/2780 2594/2981/2695
f 2670/3074/2781 2594/2981/2695 2669/3073/2780
f 2594/2981/2695 2670/3074/2781 2593/2980/2694
f 2669/3073/2780 2671/3075/2782 2670/3074/2781
f 2671/3075/2782 2669/3073/2780 2668/3072/2779
f 2593/2980/2694 2670/3074/2781 2672/3076/2783
f 2672/3076/2783 2670/3074/2781 2671/3075/2782
f 2672/3076/2783 2673/3077/2784 2593/2980/2694
f 2593/2980/2694 2673/3077/2784 2588/2974/2690
f 2591/2978/2692 2588/2974/2690 2673/3077/2784
f 2668/3072/2779 2674/3078/2785 2671/3075/2782
f 2673/3077/2784 2675/3079/2786 2591/2978/2692
f 2676/3080/2787 2674/3078/2785 2668/3072/2779
f 2668/3072/2779 2667/3071/2778 2676/3080/2787
f 2671/3075/2782 2674/3078/2785 2677/3081/2788
f 2677/3081/2788 2674/3078/2785 2676/3080/2787
f 2677/3081/2788 2678/3082/2789 2671/3075/2782
f 2671/3075/2782 2678/3082/2789 2672/3076/2783
f 2676/3080/2787 2679/3083/2790 2677/3081/2788
f 2680/3084/2791 2676/3080/2787 2667/3071/2778
f 2679/3083/2790 2676/3080/2787 2680/3084/2791
f 2667/3071/2778 2665/3069/2776 2680/3084/2791
f 2681/3085/2792 2677/3081/2788 2679/3083/2790
f 2677/3081/2788 2681/3085/2792 2678/3082/2789
f 2680/3084/2791 2682/3086/2793 2679/3083/2790
f 2679/3083/2790 2683/3087/2794 2681/3085/2792
f 2683/3087/2794 2679/3083/2790 2682/3086/2793
f 2681/3085/2792 2684/3088/2795 2678/3082/2789
f 2681/3085/2792 2683/3087/2794 2685/3089/2796
f 2685/3089/2796 2684/3088/2795 2681/3085/2792
f 2682/3086/2793 2686/3090/2797 2683/3087/2794
f 2685/3089/2796 2683/3087/2794 2686/3090/2797
f 2687/3091/2798 2678/3082/2789 2684/3088/2795
f 2672/3076/2783 2678/3082/2789 2687/3091/2798
f 2684/3088/2795 2685/3089/2796 2688/3092/2799
f 2687/3091/2798 2689/3093/2800 2672/3076/2783
f 2673/3077/2784 2672/3076/2783 2689/3093/2800
f 2689/3093/2800 2675/3079/2786 2673/3077/2784
f 2684/3088/2795 2690/3094/2801 2687/3091/2798
f 2688/3092/2799 2690/3094/2801 2684/3088/2795
f 2689/3093/2800 2687/3091/2798 2691/3095/2802
f 2687/3091/2798 2690/3094/2801 2692/3096/2803
f 2692/3096/2803 2691/3095/2802 2687/3091/2798
f 4135/4800/2804 2692/3096/2803 2690/3094/2801
f 4135/4800/2804 2690/3094/2801 2688/3092/2799
f 2691/3095/2802 2692/3096/2803 2693/3098/2805
f 2688/3092/2799 2694/3100/2806 4135/4800/2804
f 2695/3102/2807 2694/3100/2806 2688/3092/2799
f 2693/3098/2805 2696/3104/2808 2691/3095/2802
f 2696/3104/2808 2693/3098/2805 2697/3106/2670
f 2697/3106/2670 2698/3109/2669 2696/3104/2808
f 2688/3092/2799 2699/3110/2809 2695/3102/2807
f 2699/3110/2809 2688/3092/2799 2685/3089/2796
f 2700/3111/2810 2695/3102/2807 2699/3110/2809
f 2685/3089/2796 2701/3113/2811 2699/3110/2809
f 2686/3090/2797 2701/3113/2811 2685/3089/2796
f 2700/3111/2810 2699/3110/2809 2702/3114/2812
f 2702/3114/2812 2699/3110/2809 2701/3113/2811
f 2702/3114/2812 2703/3115/2813 2700/3111/2810
f 4141/4807/2814 2700/3111/2810 2703/3115/2813
f 4145/4812/2815 4141/4807/2814 2703/3115/2813
f 2701/3113/2811 2704/3116/2816 2702/3114/2812
f 2703/3115/2813 2705/3117/2817 4145/4812/2815
f 2706/3118/2818 2704/3116/2816 2701/3113/2811
f 2701/3113/2811 2686/3090/2797 2706/3118/2818
f 2702/3114/2812 2704/3116/2816 2707/3119/2819
f 2707/3119/2819 2703/3115/2813 2702/3114/2812
f 2707/3119/2819 2704/3116/2816 2706/3118/2818
f 2705/3117/2817 2703/3115/2813 2707/3119/2819
f 2708/3120/2820 2706/3118/2818 2686/3090/2797
f 4145/4812/2815 2705/3117/2817 2709/3121/2821
f 2709/3121/2821 4146/4814/2822 4145/4812/2815
f 2710/3122/2823 2708/3120/2820 2686/3090/2797
f 2686/3090/2797 2682/3086/2793 2710/3122/2823
f 4146/4814/2822 2709/3121/2821 2711/3123/2824
f 2711/3123/2824 4151/4823/2825 4146/4814/2822
f 2712/3124/2826 2710/3122/2823 2682/3086/2793
f 2682/3086/2793 2680/3084/2791 2712/3124/2826
f 4151/4823/2825 2711/3123/2824 2713/3125/2827
f 2713/3125/2827 4154/4828/2828 4151/4823/2825
f 2714/3126/2829 4154/4828/2828 2713/3125/2827
f 2713/3125/2827 2715/3128/2830 2714/3126/2829
f 4158/4834/2831 2714/3126/2829 2715/3128/2830
f 2716/3129/2832 2713/3125/2827 2711/3123/2824
f 2715/3128/2830 2713/3125/2827 2716/3129/2832
f 2715/3128/2830 2717/3130/2833 4158/4834/2831
f 2716/3129/2832 2717/3130/2833 2715/3128/2830
f 4158/4834/2831 2717/3130/2833 2718/3131/2834
f 2718/3131/2834 2717/3130/2833 2716/3129/2832
f 2718/3131/2834 4157/4832/2835 4158/4834/2831
f 2719/3132/2836 4157/4832/2835 2718/3131/2834
f 2718/3131/2834 2720/3134/2837 2719/3132/2836
f 2716/3129/2832 2720/3134/2837 2718/3131/2834
f 4152/4825/2838 2719/3132/2836 2720/3134/2837
f 2720/3134/2837 2721/3135/2839 4152/4825/2838
f 2721/3135/2839 2720/3134/2837 2716/3129/2832
f 4149/4820/2840 4152/4825/2838 2721/3135/2839
f 2711/3123/2824 2722/3136/2841 2716/3129/2832
f 2716/3129/2832 2722/3136/2841 2721/3135/2839
f 2722/3136/2841 2711/3123/2824 2709/3121/2821
f 2721/3135/2839 2723/3137/2842 4149/4820/2840
f 2723/3137/2842 2721/3135/2839 2722/3136/2841
f 4148/4818/2843 4149/4820/2840 2723/3137/2842
f 2709/3121/2821 2724/3138/2844 2722/3136/2841
f 2722/3136/2841 2724/3138/2844 2723/3137/2842
f 2724/3138/2844 2709/3121/2821 2705/3117/2817
f 2723/3137/2842 2725/3139/2845 4148/4818/2843
f 2725/3139/2845 2723/3137/2842 2724/3138/2844
f 2705/3117/2817 2726/3140/2846 2724/3138/2844
f 2724/3138/2844 2726/3140/2846 2725/3139/2845
f 2707/3119/2819 2726/3140/2846 2705/3117/2817
f 2725/3139/2845 2726/3140/2846 2707/3119/2819
f 4148/4818/2843 2725/3139/2845 2727/3141/2847
f 2707/3119/2819 2727/3141/2847 2725/3139/2845
f 2727/3141/2847 4147/4816/2848 4148/4818/2843
f 2706/3118/2818 2727/3141/2847 2707/3119/2819
f 4147/4816/2848 2727/3141/2847 2728/3142/2849
f 2728/3142/2849 2727/3141/2847 2706/3118/2818
f 2728/3142/2849 2729/3143/2850 4147/4816/2848
f 2706/3118/2818 2708/3120/2820 2728/3142/2849
f 2730/3145/2851 2729/3143/2850 2728/3142/2849
f 2731/3147/2852 2728/3142/2849 2708/3120/2820
f 2708/3120/2820 2710/3122/2823 2731/3147/2852
f 2728/3142/2849 2732/3148/2853 2730/3145/2851
f 2732/3148/2853 2728/3142/2849 2731/3147/2852
f 2731/3147/2852 2710/3122/2823 2712/3124/2826
f 2730/3145/2851 2732/3148/2853 2733/3149/2854
f 2733/3149/2854 2734/3150/2855 2730/3145/2851
f 2731/3147/2852 2735/3152/2856 2732/3148/2853
f 2734/3150/2855 2733/3149/2854 2736/3153/2857
f 2736/3153/2857 2737/3154/2858 2734/3150/2855
f 2738/3156/2859 2733/3149/2854 2732/3148/2853
f 2732/3148/2853 2735/3152/2856 2738/3156/2859
f 2736/3153/2857 2733/3149/2854 2738/3156/2859
f 2739/3157/2860 2735/3152/2856 2731/3147/2852
f 2738/3156/2859 2735/3152/2856 2739/3157/2860
f 2737/3154/2858 2736/3153/2857 2740/3158/2861
f 2740/3158/2861 4167/4845/2862 2737/3154/2858
f 2738/3156/2859 2741/3159/2863 2736/3153/2857
f 4167/4845/2862 2740/3158/2861 2742/3160/2864
f 2742/3160/2864 4171/4851/2865 4167/4845/2862
f 2743/3161/2866 4171/4851/2865 2742/3160/2864
f 2744/3163/2867 2740/3158/2861 2736/3153/2857
f 2742/3160/2864 2740/3158/2861 2744/3163/2867
f 2736/3153/2857 2741/3159/2863 2744/3163/2867
f 2742/3160/2864 2745/3164/2868 2743/3161/2866
f 2744/3163/2867 2745/3164/2868 2742/3160/2864
f 2743/3161/2866 2745/3164/2868 2746/3165/2869
f 2746/3165/2869 2745/3164/2868 2744/3163/2867
f 2746/3165/2869 4172/4853/2870 2743/3161/2866
f 4169/4848/2871 4172/4853/2870 2746/3165/2869
f 2746/3165/2869 2747/3166/2872 4169/4848/2871
f 2744/3163/2867 2747/3166/2872 2746/3165/2869
f 2748/3167/2873 4169/4848/2871 2747/3166/2872
f 2749/3169/2874 2747/3166/2872 2744/3163/2867
f 2747/3166/2872 2749/3169/2874 2748/3167/2873
f 2744/3163/2867 2741/3159/2863 2749/3169/2874
f 2749/3169/2874 2741/3159/2863 2738/3156/2859
f 2750/3170/2875 2748/3167/2873 2749/3169/2874
f 2738/3156/2859 2751/3172/2876 2749/3169/2874
f 2749/3169/2874 2751/3172/2876 2750/3170/2875
f 2739/3157/2860 2751/3172/2876 2738/3156/2859
f 4164/4841/2877 2750/3170/2875 2751/3172/2876
f 2751/3172/2876 2739/3157/2860 4164/4841/2877
f 2752/3173/2878 4164/4841/2877 2739/3157/2860
f 2739/3157/2860 2753/3175/2879 2752/3173/2878
f 2731/3147/2852 2753/3175/2879 2739/3157/2860
f 2754/3176/2880 2752/3173/2878 2753/3175/2879
f 2712/3124/2826 2753/3175/2879 2731/3147/2852
f 2753/3175/2879 2755/3178/2881 2754/3176/2880
f 4176/4858/2882 2754/3176/2880 2755/3178/2881
f 2753/3175/2879 2712/3124/2826 2756/3179/2883
f 2756/3179/2883 2755/3178/2881 2753/3175/2879
f 2756/3179/2883 2712/3124/2826 2680/3084/2791
f 2756/3179/2883 2680/3084/2791 2665/3069/2776
f 2665/3069/2776 2757/3180/2884 2756/3179/2883
f 2662/3066/2773 2757/3180/2884 2665/3069/2776
f 2756/3179/2883 2757/3180/2884 2758/3181/2885
f 2758/3181/2885 2757/3180/2884 2662/3066/2773
f 2758/3181/2885 2755/3178/2881 2756/3179/2883
f 2662/3066/2773 2660/3063/2771 2758/3181/2885
f 2755/3178/2881 2759/3182/2886 4176/4858/2882
f 2759/3182/2886 2755/3178/2881 2758/3181/2885
f 2758/3181/2885 2660/3063/2771 2760/3183/2887
f 2661/3064/2772 2760/3183/2887 2660/3063/2771
f 2758/3181/2885 2761/3184/2888 2759/3182/2886
f 2760/3183/2887 2761/3184/2888 2758/3181/2885
f 4176/4858/2882 2759/3182/2886 2762/3185/2889
f 2762/3185/2889 4177/4860/2890 4176/4858/2882
f 2759/3182/2886 2761/3184/2888 2763/3186/2891
f 2763/3186/2891 2761/3184/2888 2760/3183/2887
f 2763/3186/2891 2762/3185/2889 2759/3182/2886
f 2764/3187/2892 2760/3183/2887 2661/3064/2772
f 2760/3183/2887 2764/3187/2892 2763/3186/2891
f 2661/3064/2772 4182/4867/2893 2764/3187/2892
f 2765/3188/2894 2764/3187/2892 4182/4867/2893
f 2763/3186/2891 2764/3187/2892 2765/3188/2894
f 4182/4867/2893 4184/4871/2895 2765/3188/2894
f 2762/3185/2889 2763/3186/2891 2766/3189/2896
f 2765/3188/2894 2766/3189/2896 2763/3186/2891
f 4177/4860/2890 2762/3185/2889 2767/3190/2897
f 2766/3189/2896 2767/3190/2897 2762/3185/2889
f 2767/3190/2897 4180/4864/2898 4177/4860/2890
f 2768/3191/2899 2766/3189/2896 2765/3188/2894
f 2767/3190/2897 2766/3189/2896 2768/3191/2899
f 4180/4864/2898 2767/3190/2897 2769/3192/2900
f 2768/3191/2899 2769/3192/2900 2767/3190/2897
f 2769/3192/2900 4187/4875/2901 4180/4864/2898
f 2770/3193/2902 4187/4875/2901 2769/3192/2900
f 2769/3192/2900 2771/3195/2903 2770/3193/2902
f 2771/3195/2903 2769/3192/2900 2768/3191/2899
f 2772/3196/2904 2770/3193/2902 2771/3195/2903
f 2768/3191/2899 2773/3198/2905 2771/3195/2903
f 2771/3195/2903 2773/3198/2905 2772/3196/2904
f 2765/3188/2894 2774/3199/2906 2768/3191/2899
f 2773/3198/2905 2768/3191/2899 2774/3199/2906
f 2774/3199/2906 2765/3188/2894 4184/4871/2895
f 4184/4871/2895 2775/3200/2907 2774/3199/2906
f 2774/3199/2906 2775/3200/2907 2776/3202/2908
f 2772/3196/2904 2773/3198/2905 2777/3204/2909
f 2774/3199/2906 2777/3204/2909 2773/3198/2905
f 2777/3204/2909 2776/3202/2908 2772/3196/2904
f 2776/3202/2908 2777/3204/2909 2774/3199/2906
f 2577/2963/2679 2215/2554/2323 2778/3206/2320
f 2778/3206/2320 2779/3207/2910 2577/2963/2679
f 2779/3207/2910 2778/3206/2320 2589/2976/2319
f 2574/2959/2676 2577/2963/2679 2779/3207/2910
f 2589/2976/2319 2591/2978/2692 2779/3207/2910
f 2780/3208/2911 2779/3207/2910 2591/2978/2692
f 2779/3207/2910 2780/3208/2911 2574/2959/2676
f 2591/2978/2692 2675/3079/2786 2780/3208/2911
f 2781/3209/2912 2574/2959/2676 2780/3208/2911
f 2781/3209/2912 2782/3211/2673 2574/2959/2676
f 2698/3109/2669 2782/3211/2673 2781/3209/2912
f 2781/3209/2912 2696/3104/2808 2698/3109/2669
f 2783/3212/2913 2780/3208/2911 2675/3079/2786
f 2780/3208/2911 2783/3212/2913 2781/3209/2912
f 2696/3104/2808 2781/3209/2912 2783/3212/2913
f 2675/3079/2786 2689/3093/2800 2783/3212/2913
f 2783/3212/2913 2691/3095/2802 2696/3104/2808
f 2691/3095/2802 2783/3212/2913 2689/3093/2800
f 2821/3257/2914 4441/5174/2915 4443/5179/2916
f 4443/5179/2916 2784/3213/2917 2821/3257/2914
f 2784/3213/2917 4443/5179/2916 4445/5183/2918
f 2785/3214/2919 2821/3257/2914 2784/3213/2917
f 4445/5183/2918 2786/3216/2920 2784/3213/2917
f 2786/3216/2920 4445/5183/2918 4447/5187/2921
f 2784/3213/2917 2787/3217/2922 2785/3214/2919
f 2787/3217/2922 2784/3213/2917 2786/3216/2920
f 2788/3218/2923 2785/3214/2919 2787/3217/2922
f 4447/5187/2921 2789/3220/2924 2786/3216/2920
f 2789/3220/2924 4447/5187/2921 2790/3221/2925
f 2786/3216/2920 2791/3223/2926 2787/3217/2922
f 2791/3223/2926 2786/3216/2920 2789/3220/2924
f 2787/3217/2922 2792/3224/2927 2788/3218/2923
f 2792/3224/2927 2787/3217/2922 2791/3223/2926
f 2829/3266/2928 2788/3218/2923 2792/3224/2927
f 2790/3221/2925 2793/3225/2929 2789/3220/2924
f 2793/3225/2929 2790/3221/2925 4446/5185/2930
f 2792/3224/2927 2794/3226/2931 2829/3266/2928
f 2795/3228/2932 2829/3266/2928 2794/3226/2931
f 2791/3223/2926 2796/3229/2933 2792/3224/2927
f 2794/3226/2931 2792/3224/2927 2796/3229/2933
f 2789/3220/2924 2797/3230/2934 2791/3223/2926
f 2796/3229/2933 2791/3223/2926 2797/3230/2934
f 2797/3230/2934 2789/3220/2924 2793/3225/2929
f 2796/3229/2933 2798/3231/2935 2794/3226/2931
f 2797/3230/2934 2799/3232/2936 2796/3229/2933
f 2798/3231/2935 2796/3229/2933 2799/3232/2936
f 2793/3225/2929 2800/3233/2937 2797/3230/2934
f 2799/3232/2936 2797/3230/2934 2800/3233/2937
f 4446/5185/2930 2801/3234/2938 2793/3225/2929
f 2800/3233/2937 2793/3225/2929 2801/3234/2938
f 2801/3234/2938 4446/5185/2930 4444/5181/2939
f 2800/3233/2937 2802/3235/2940 2799/3232/2936
f 4444/5181/2939 2803/3236/2941 2801/3234/2938
f 2803/3236/2941 4444/5181/2939 4442/5177/2942
f 2801/3234/2938 2804/3237/2943 2800/3233/2937
f 2804/3237/2943 2801/3234/2938 2803/3236/2941
f 2802/3235/2940 2800/3233/2937 2804/3237/2943
f 4442/5177/2942 2805/3238/2944 2803/3236/2941
f 2805/3238/2944 4442/5177/2942 2806/3239/2945
f 2803/3236/2941 2807/3241/2946 2804/3237/2943
f 2807/3241/2946 2803/3236/2941 2805/3238/2944
f 2804/3237/2943 2808/3242/2947 2802/3235/2940
f 2808/3242/2947 2804/3237/2943 2807/3241/2946
f 2806/3239/2945 2809/3243/2948 2805/3238/2944
f 2809/3243/2948 2806/3239/2945 2810/3244/2949
f 2805/3238/2944 2811/3246/2950 2807/3241/2946
f 2811/3246/2950 2805/3238/2944 2809/3243/2948
f 2807/3241/2946 2812/3247/2951 2808/3242/2947
f 2812/3247/2951 2807/3241/2946 2811/3246/2950
f 2810/3244/2949 2813/3248/2952 2809/3243/2948
f 2813/3248/2952 2810/3244/2949 4440/5172/2953
f 2809/3243/2948 2814/3249/2954 2811/3246/2950
f 2814/3249/2954 2809/3243/2948 2813/3248/2952
f 2811/3246/2950 2815/3250/2955 2812/3247/2951
f 2815/3250/2955 2811/3246/2950 2814/3249/2954
f 4440/5172/2953 2816/3251/2956 2813/3248/2952
f 2816/3251/2956 4440/5172/2953 2817/3252/2957
f 2813/3248/2952 2818/3254/2958 2814/3249/2954
f 2818/3254/2958 2813/3248/2952 2816/3251/2956
f 2814/3249/2954 2819/3255/2959 2815/3250/2955
f 2819/3255/2959 2814/3249/2954 2818/3254/2958
f 2817/3252/2957 2820/3256/2960 2816/3251/2956
f 2820/3256/2960 2817/3252/2957 4441/5175/2915
f 4441/5175/2915 2821/3258/2914 2820/3256/2960
f 2816/3251/2956 2822/3259/2961 2818/3254/2958
f 2822/3259/2961 2816/3251/2956 2820/3256/2960
f 2823/3260/2962 2820/3256/2960 2821/3258/2914
f 2820/3256/2960 2823/3260/2962 2822/3259/2961
f 2821/3258/2914 2785/3215/2919 2823/3260/2962
f 2824/3261/2963 2818/3254/2958 2822/3259/2961
f 2818/3254/2958 2824/3261/2963 2819/3255/2959
f 2825/3262/2964 2822/3259/2961 2823/3260/2962
f 2822/3259/2961 2825/3262/2964 2824/3261/2963
f 2826/3263/2965 2823/3260/2962 2785/3215/2919
f 2823/3260/2962 2826/3263/2965 2825/3262/2964
f 2785/3215/2919 2788/3219/2923 2826/3263/2965
f 2827/3264/2966 2824/3261/2963 2825/3262/2964
f 2828/3265/2967 2826/3263/2965 2788/3219/2923
f 2788/3219/2923 2829/3267/2928 2828/3265/2967
f 2830/3268/2964 2825/3262/2964 2826/3263/2965
f 2826/3263/2965 2828/3265/2967 2830/3268/2964
f 2825/3262/2964 2830/3268/2964 2827/3264/2966
f 2831/3269/2968 2828/3265/2967 2829/3267/2928
f 2829/3267/2928 2795/3227/2932 2831/3269/2968
f 2831/3269/2968 2795/3227/2932 2876/3317/2969
f 2832/3270/2970 2830/3268/2964 2828/3265/2967
f 2828/3265/2967 2831/3269/2968 2832/3270/2970
f 2876/3317/2969 2833/3271/2971 2831/3269/2968
f 2832/3270/2970 2831/3269/2968 2833/3271/2971
f 2830/3268/2964 2832/3270/2970 2834/3272/2972
f 2834/3272/2972 2827/3264/2966 2830/3268/2964
f 2833/3271/2971 2835/3273/2973 2832/3270/2970
f 2834/3272/2972 2832/3270/2970 2835/3273/2973
f 2836/3274/2974 2833/3271/2971 2876/3317/2969
f 2876/3317/2969 2877/3319/2975 2836/3274/2974
f 2837/3275/2976 2835/3273/2973 2833/3271/2971
f 2833/3271/2971 2836/3274/2974 2837/3275/2976
f 2838/3276/2977 2836/3274/2974 2877/3319/2975
f 2877/3319/2975 2839/3277/2978 2838/3276/2977
f 2838/3276/2977 2839/3277/2978 2840/3279/2979
f 2836/3274/2974 2838/3276/2977 2841/3281/2980
f 2841/3281/2980 2837/3275/2976 2836/3274/2974
f 2840/3279/2979 2842/3282/2981 2838/3276/2977
f 2841/3281/2980 2838/3276/2977 2842/3282/2981
f 2842/3282/2981 2840/3279/2979 2843/3283/2982
f 2837/3275/2976 2841/3281/2980 2844/3285/2983
f 2843/3283/2982 2845/3286/2984 2842/3282/2981
f 2845/3286/2984 2843/3283/2982 2887/3331/2985
f 2842/3282/2981 2846/3287/2986 2841/3281/2980
f 2846/3287/2986 2842/3282/2981 2845/3286/2984
f 2844/3285/2983 2841/3281/2980 2846/3287/2986
f 2887/3331/2985 2847/3288/2987 2845/3286/2984
f 2845/3286/2984 2848/3289/2988 2846/3287/2986
f 2848/3289/2988 2845/3286/2984 2847/3288/2987
f 2846/3287/2986 2849/3290/2989 2844/3285/2983
f 2849/3290/2989 2846/3287/2986 2848/3289/2988
f 2844/3285/2983 2850/3291/2990 2837/3275/2976
f 2835/3273/2973 2837/3275/2976 2850/3291/2990
f 2851/3292/2991 2844/3285/2983 2849/3290/2989
f 2850/3291/2990 2844/3285/2983 2851/3292/2991
f 2850/3291/2990 2852/3293/2992 2835/3273/2973
f 2835/3273/2973 2852/3293/2992 2834/3272/2972
f 2851/3292/2991 2853/3294/2993 2850/3291/2990
f 2852/3293/2992 2850/3291/2990 2853/3294/2993
f 2854/3295/2994 2834/3272/2972 2852/3293/2992
f 2827/3264/2966 2834/3272/2972 2854/3295/2994
f 2853/3294/2993 2855/3296/2995 2852/3293/2992
f 2852/3293/2992 2855/3296/2995 2854/3295/2994
f 2854/3295/2994 2856/3297/2996 2827/3264/2966
f 2824/3261/2963 2827/3264/2966 2856/3297/2996
f 2856/3297/2996 2819/3255/2959 2824/3261/2963
f 2856/3297/2996 2854/3295/2994 2857/3298/2997
f 2857/3298/2997 2854/3295/2994 2855/3296/2995
f 2819/3255/2959 2856/3297/2996 2858/3299/2955
f 2857/3298/2997 2858/3299/2955 2856/3297/2996
f 2858/3299/2955 2815/3250/2955 2819/3255/2959
f 2855/3296/2995 2859/3300/2998 2857/3298/2997
f 2815/3250/2955 2858/3299/2955 2860/3301/2999
f 2860/3301/2999 2812/3247/2951 2815/3250/2955
f 2858/3299/2955 2857/3298/2997 2861/3302/3000
f 2861/3302/3000 2860/3301/2999 2858/3299/2955
f 2861/3302/3000 2857/3298/2997 2859/3300/2998
f 2812/3247/2951 2860/3301/2999 2862/3303/3001
f 2862/3303/3001 2808/3242/2947 2812/3247/2951
f 2860/3301/2999 2861/3302/3000 2863/3304/3002
f 2863/3304/3002 2862/3303/3001 2860/3301/2999
f 2808/3242/2947 2862/3303/3001 2864/3305/3003
f 2864/3305/3003 2802/3235/2940 2808/3242/2947
f 2862/3303/3001 2863/3304/3002 2865/3306/3004
f 2865/3306/3004 2864/3305/3003 2862/3303/3001
f 2863/3304/3002 2861/3302/3000 2866/3307/3005
f 2859/3300/2998 2866/3307/3005 2861/3302/3000
f 2865/3306/3004 2863/3304/3002 2867/3308/3006
f 2866/3307/3005 2867/3308/3006 2863/3304/3002
f 2802/3235/2940 2864/3305/3003 2868/3309/3007
f 2868/3309/3007 2799/3232/2936 2802/3235/2940
f 2799/3232/2936 2868/3309/3007 2798/3231/2935
f 2864/3305/3003 2865/3306/3004 2869/3310/3008
f 2869/3310/3008 2868/3309/3007 2864/3305/3003
f 2870/3311/3009 2798/3231/2935 2868/3309/3007
f 2868/3309/3007 2869/3310/3008 2870/3311/3009
f 2869/3310/3008 2865/3306/3004 2871/3312/3010
f 2867/3308/3006 2871/3312/3010 2865/3306/3004
f 2870/3311/3009 2869/3310/3008 2872/3313/3011
f 2871/3312/3010 2872/3313/3011 2869/3310/3008
f 2798/3231/2935 2870/3311/3009 2873/3314/3012
f 2873/3314/3012 2794/3226/2931 2798/3231/2935
f 2794/3226/2931 2873/3314/3012 2795/3228/2932
f 2873/3314/3012 2870/3311/3009 2874/3315/3013
f 2872/3313/3011 2874/3315/3013 2870/3311/3009
f 2795/3228/2932 2873/3314/3012 2875/3316/3014
f 2874/3315/3013 2875/3316/3014 2873/3314/3012
f 2875/3316/3014 2876/3318/2969 2795/3228/2932
f 2877/3320/2975 2876/3318/2969 2875/3316/3014
f 2875/3316/3014 2878/3321/3015 2877/3320/2975
f 2878/3321/3015 2875/3316/3014 2874/3315/3013
f 2839/3278/2978 2877/3320/2975 2878/3321/3015
f 2879/3322/3016 2874/3315/3013 2872/3313/3011
f 2874/3315/3013 2879/3322/3016 2878/3321/3015
f 2878/3321/3015 2880/3323/3017 2839/3278/2978
f 2880/3323/3017 2878/3321/3015 2879/3322/3016
f 2839/3278/2978 2880/3323/3017 2881/3324/3018
f 2881/3324/3018 2840/3280/2979 2839/3278/2978
f 2879/3322/3016 2882/3325/3019 2880/3323/3017
f 2881/3324/3018 2880/3323/3017 2882/3325/3019
f 2872/3313/3011 2883/3326/3020 2879/3322/3016
f 2882/3325/3019 2879/3322/3016 2883/3326/3020
f 2883/3326/3020 2872/3313/3011 2871/3312/3010
f 2840/3280/2979 2881/3324/3018 2884/3327/3021
f 2884/3327/3021 2843/3284/2982 2840/3280/2979
f 2871/3312/3010 2885/3328/3022 2883/3326/3020
f 2885/3328/3022 2871/3312/3010 2867/3308/3006
f 2843/3284/2982 2884/3327/3021 2886/3329/3023
f 2886/3329/3023 2887/3330/2985 2843/3284/2982
f 2888/3332/3024 2887/3330/2985 2886/3329/3023
f 3027/3507/3025 2922/3370/3026 2888/3332/3024
f 2888/3332/3024 2889/3334/3027 3027/3507/3025
f 2886/3329/3023 2889/3334/3027 2888/3332/3024
f 2890/3335/3028 3027/3507/3025 2889/3334/3027
f 2891/3337/3029 2886/3329/3023 2884/3327/3021
f 2889/3334/3027 2886/3329/3023 2891/3337/3029
f 2889/3334/3027 2892/3338/3030 2890/3335/3028
f 2891/3337/3029 2892/3338/3030 2889/3334/3027
f 3031/3512/3031 2890/3335/3028 2892/3338/3030
f 2892/3338/3030 2893/3339/3032 3031/3512/3031
f 2893/3339/3032 2892/3338/3030 2891/3337/3029
f 3035/3517/3033 3031/3512/3031 2893/3339/3032
f 2884/3327/3021 2894/3340/3034 2891/3337/3029
f 2894/3340/3034 2884/3327/3021 2881/3324/3018
f 2891/3337/3029 2895/3341/3035 2893/3339/3032
f 2895/3341/3035 2891/3337/3029 2894/3340/3034
f 2893/3339/3032 2896/3342/3036 3035/3517/3033
f 3038/3521/3037 3035/3517/3033 2896/3342/3036
f 2893/3339/3032 2895/3341/3035 2897/3343/3038
f 2897/3343/3038 2896/3342/3036 2893/3339/3032
f 2894/3340/3034 2898/3344/3039 2895/3341/3035
f 2897/3343/3038 2895/3341/3035 2898/3344/3039
f 2881/3324/3018 2899/3345/3040 2894/3340/3034
f 2898/3344/3039 2894/3340/3034 2899/3345/3040
f 2882/3325/3019 2899/3345/3040 2881/3324/3018
f 2899/3345/3040 2900/3346/3041 2898/3344/3039
f 2900/3346/3041 2899/3345/3040 2882/3325/3019
f 2898/3344/3039 2901/3347/3042 2897/3343/3038
f 2901/3347/3042 2898/3344/3039 2900/3346/3041
f 2896/3342/3036 2897/3343/3038 2902/3348/3043
f 2902/3348/3043 2897/3343/3038 2901/3347/3042
f 2896/3342/3036 2903/3349/3044 3038/3521/3037
f 2902/3348/3043 2903/3349/3044 2896/3342/3036
f 3042/3526/3045 3038/3521/3037 2903/3349/3044
f 2901/3347/3042 2904/3350/3046 2902/3348/3043
f 2903/3349/3044 2905/3351/3047 3042/3526/3045
f 2906/3352/3048 3042/3526/3045 2905/3351/3047
f 2903/3349/3044 2902/3348/3043 2907/3354/3049
f 2907/3354/3049 2905/3351/3047 2903/3349/3044
f 2907/3354/3049 2902/3348/3043 2904/3350/3046
f 2905/3351/3047 2908/3355/3050 2906/3352/3048
f 2909/3356/3051 2906/3352/3048 2908/3355/3050
f 2905/3351/3047 2907/3354/3049 2910/3358/3052
f 2910/3358/3052 2908/3355/3050 2905/3351/3047
f 2908/3355/3050 2911/3359/3053 2909/3356/3051
f 3062/3547/3054 2909/3356/3051 2911/3359/3053
f 2908/3355/3050 2910/3358/3052 2912/3360/3055
f 2912/3360/3055 2911/3359/3053 2908/3355/3050
f 2910/3358/3052 2907/3354/3049 2913/3361/3056
f 2904/3350/3046 2913/3361/3056 2907/3354/3049
f 2912/3360/3055 2910/3358/3052 2914/3362/3057
f 2913/3361/3056 2914/3362/3057 2910/3358/3052
f 2911/3359/3053 2915/3363/3058 3062/3547/3054
f 3065/3551/3059 3062/3547/3054 2915/3363/3058
f 2911/3359/3053 2912/3360/3055 2916/3364/3060
f 2916/3364/3060 2915/3363/3058 2911/3359/3053
f 2915/3363/3058 2917/3365/3061 3065/3551/3059
f 3069/3556/3062 3065/3551/3059 2917/3365/3061
f 2915/3363/3058 2916/3364/3060 2918/3366/3063
f 2918/3366/3063 2917/3365/3061 2915/3363/3058
f 2916/3364/3060 2912/3360/3055 2919/3367/3064
f 2914/3362/3057 2919/3367/3064 2912/3360/3055
f 2918/3366/3063 2916/3364/3060 2920/3368/3065
f 2919/3367/3064 2920/3368/3065 2916/3364/3060
f 2917/3365/3061 2918/3366/3063 2847/3288/2987
f 2920/3368/3065 2848/3289/2988 2918/3366/3063
f 2847/3288/2987 2918/3366/3063 2848/3289/2988
f 2848/3289/2988 2920/3368/3065 2849/3290/2989
f 2847/3288/2987 2921/3369/3066 2917/3365/3061
f 2917/3365/3061 2921/3369/3066 3069/3556/3062
f 2921/3369/3066 2847/3288/2987 2887/3331/2985
f 2922/3371/3026 3069/3556/3062 2921/3369/3066
f 2887/3331/2985 2888/3333/3024 2921/3369/3066
f 2921/3369/3066 2888/3333/3024 2922/3371/3026
f 2923/3374/3067 2849/3290/2989 2920/3368/3065
f 2920/3368/3065 2919/3367/3064 2923/3374/3067
f 2849/3290/2989 2923/3374/3067 2851/3292/2991
f 2924/3375/3068 2923/3374/3067 2919/3367/3064
f 2919/3367/3064 2914/3362/3057 2924/3375/3068
f 2925/3376/3069 2851/3292/2991 2923/3374/3067
f 2923/3374/3067 2924/3375/3068 2925/3376/3069
f 2853/3294/2993 2851/3292/2991 2925/3376/3069
f 2926/3377/3070 2924/3375/3068 2914/3362/3057
f 2914/3362/3057 2913/3361/3056 2926/3377/3070
f 2927/3378/3071 2925/3376/3069 2924/3375/3068
f 2924/3375/3068 2926/3377/3070 2927/3378/3071
f 2925/3376/3069 2928/3379/3072 2853/3294/2993
f 2928/3379/3072 2925/3376/3069 2927/3378/3071
f 2855/3296/2995 2853/3294/2993 2928/3379/3072
f 2928/3379/3072 2859/3300/2998 2855/3296/2995
f 2859/3300/2998 2928/3379/3072 2929/3380/3073
f 2927/3378/3071 2929/3380/3073 2928/3379/3072
f 2929/3380/3073 2866/3307/3005 2859/3300/2998
f 2929/3380/3073 2927/3378/3071 2930/3381/3074
f 2930/3381/3074 2927/3378/3071 2926/3377/3070
f 2866/3307/3005 2929/3380/3073 2931/3382/3075
f 2930/3381/3074 2931/3382/3075 2929/3380/3073
f 2931/3382/3075 2867/3308/3006 2866/3307/3005
f 2867/3308/3006 2931/3382/3075 2885/3328/3022
f 2926/3377/3070 2932/3383/3076 2930/3381/3074
f 2932/3383/3076 2926/3377/3070 2913/3361/3056
f 2913/3361/3056 2904/3350/3046 2932/3383/3076
f 2931/3382/3075 2930/3381/3074 2933/3384/3077
f 2933/3384/3077 2930/3381/3074 2932/3383/3076
f 2933/3384/3077 2885/3328/3022 2931/3382/3075
f 2934/3385/3078 2932/3383/3076 2904/3350/3046
f 2932/3383/3076 2934/3385/3078 2933/3384/3077
f 2904/3350/3046 2901/3347/3042 2934/3385/3078
f 2900/3346/3041 2934/3385/3078 2901/3347/3042
f 2885/3328/3022 2933/3384/3077 2935/3386/3079
f 2935/3386/3079 2933/3384/3077 2934/3385/3078
f 2934/3385/3078 2900/3346/3041 2935/3386/3079
f 2935/3386/3079 2883/3326/3020 2885/3328/3022
f 2882/3325/3019 2935/3386/3079 2900/3346/3041
f 2883/3326/3020 2935/3386/3079 2882/3325/3019
f 2983/3448/3080 2936/3387/3081 2937/3390/3082
f 2937/3390/3082 2938/3392/3083 2983/3448/3080
f 2938/3392/3083 2937/3390/3082 2939/3393/3084
f 2986/3452/3085 2983/3448/3080 2938/3392/3083
f 2939/3393/3084 2940/3395/3086 2938/3392/3083
f 2940/3395/3086 2939/3393/3084 2941/3396/3087
f 2938/3392/3083 2942/3398/3088 2986/3452/3085
f 2942/3398/3088 2938/3392/3083 2940/3395/3086
f 2990/3457/3089 2986/3452/3085 2942/3398/3088
f 2941/3396/3087 2943/3399/3090 2940/3395/3086
f 2943/3399/3090 2941/3396/3087 2944/3400/3091
f 2940/3395/3086 2945/3402/3092 2942/3398/3088
f 2945/3402/3092 2940/3395/3086 2943/3399/3090
f 2942/3398/3088 2946/3403/3093 2990/3457/3089
f 2946/3403/3093 2942/3398/3088 2945/3402/3092
f 2947/3404/3094 2990/3457/3089 2946/3403/3093
f 2944/3400/3091 2948/3406/3095 2943/3399/3090
f 2948/3406/3095 2944/3400/3091 2949/3407/3096
f 2946/3403/3093 2950/3409/3097 2947/3404/3094
f 2951/3410/3098 2947/3404/3094 2950/3409/3097
f 2945/3402/3092 2952/3412/3099 2946/3403/3093
f 2950/3409/3097 2946/3403/3093 2952/3412/3099
f 2943/3399/3090 2953/3413/3100 2945/3402/3092
f 2952/3412/3099 2945/3402/3092 2953/3413/3100
f 2953/3413/3100 2943/3399/3090 2948/3406/3095
f 2950/3409/3097 2954/3414/3101 2951/3410/3098
f 2955/3415/3102 2951/3410/3098 2954/3414/3101
f 2952/3412/3099 2956/3417/3103 2950/3409/3097
f 2954/3414/3101 2950/3409/3097 2956/3417/3103
f 2953/3413/3100 2957/3418/3104 2952/3412/3099
f 2956/3417/3103 2952/3412/3099 2957/3418/3104
f 2954/3414/3101 2958/3419/3105 2955/3415/3102
f 2959/3421/3106 2955/3415/3102 2958/3419/3105
f 2956/3417/3103 2960/3422/3107 2954/3414/3101
f 2958/3419/3105 2954/3414/3101 2960/3422/3107
f 2957/3418/3104 2961/3423/3108 2956/3417/3103
f 2960/3422/3107 2956/3417/3103 2961/3423/3108
f 2957/3418/3104 2953/3413/3100 2962/3424/3109
f 2948/3406/3095 2962/3424/3109 2953/3413/3100
f 2961/3423/3108 2957/3418/3104 2963/3425/3110
f 2962/3424/3109 2963/3425/3110 2957/3418/3104
f 2962/3424/3109 2948/3406/3095 2964/3426/3111
f 2949/3407/3096 2964/3426/3111 2948/3406/3095
f 2964/3426/3111 2949/3407/3096 4450/5192/3112
f 2964/3426/3111 2965/3427/3113 2962/3424/3109
f 2963/3425/3110 2962/3424/3109 2965/3427/3113
f 4450/5192/3112 2966/3428/3114 2964/3426/3111
f 2965/3427/3113 2964/3426/3111 2966/3428/3114
f 2966/3428/3114 4450/5192/3112 4451/5194/3115
f 2965/3427/3113 2967/3429/3116 2963/3425/3110
f 4451/5194/3115 2968/3430/3117 2966/3428/3114
f 2968/3430/3117 4451/5194/3115 2969/3431/3118
f 2966/3428/3114 2970/3433/3119 2965/3427/3113
f 2970/3433/3119 2966/3428/3114 2968/3430/3117
f 2967/3429/3116 2965/3427/3113 2970/3433/3119
f 2969/3431/3118 2971/3434/3120 2968/3430/3117
f 2971/3434/3120 2969/3431/3118 2972/3435/3121
f 2968/3430/3117 2973/3437/3122 2970/3433/3119
f 2973/3437/3122 2968/3430/3117 2971/3434/3120
f 2970/3433/3119 2974/3438/3123 2967/3429/3116
f 2974/3438/3123 2970/3433/3119 2973/3437/3122
f 2972/3435/3121 2975/3439/3124 2971/3434/3120
f 2975/3439/3124 2972/3435/3121 2976/3440/3125
f 2971/3434/3120 2977/3442/3126 2973/3437/3122
f 2977/3442/3126 2971/3434/3120 2975/3439/3124
f 2973/3437/3122 2978/3443/3127 2974/3438/3123
f 2978/3443/3127 2973/3437/3122 2977/3442/3126
f 2976/3440/3125 2979/3444/3128 2975/3439/3124
f 2979/3444/3128 2976/3440/3125 4449/5190/3129
f 2975/3439/3124 2980/3445/3130 2977/3442/3126
f 2980/3445/3130 2975/3439/3124 2979/3444/3128
f 2977/3442/3126 2981/3446/3131 2978/3443/3127
f 2981/3446/3131 2977/3442/3126 2980/3445/3130
f 4449/5190/3129 2982/3447/3132 2979/3444/3128
f 2982/3447/3132 4449/5190/3129 2936/3388/3081
f 2936/3388/3081 2983/3449/3080 2982/3447/3132
f 2979/3444/3128 2984/3450/3133 2980/3445/3130
f 2984/3450/3133 2979/3444/3128 2982/3447/3132
f 2985/3451/3134 2982/3447/3132 2983/3449/3080
f 2982/3447/3132 2985/3451/3134 2984/3450/3133
f 2983/3449/3080 2986/3453/3085 2985/3451/3134
f 2987/3454/3135 2980/3445/3130 2984/3450/3133
f 2980/3445/3130 2987/3454/3135 2981/3446/3131
f 2988/3455/3136 2984/3450/3133 2985/3451/3134
f 2984/3450/3133 2988/3455/3136 2987/3454/3135
f 2989/3456/3137 2985/3451/3134 2986/3453/3085
f 2985/3451/3134 2989/3456/3137 2988/3455/3136
f 2986/3453/3085 2990/3458/3089 2989/3456/3137
f 2991/3459/3138 2987/3454/3135 2988/3455/3136
f 2992/3460/3139 2989/3456/3137 2990/3458/3089
f 2990/3458/3089 2947/3405/3094 2992/3460/3139
f 2993/3461/3140 2988/3455/3136 2989/3456/3137
f 2989/3456/3137 2992/3460/3139 2993/3461/3140
f 2988/3455/3136 2993/3461/3140 2991/3459/3138
f 2994/3462/3141 2992/3460/3139 2947/3405/3094
f 2947/3405/3094 2951/3411/3098 2994/3462/3141
f 2995/3463/3142 2993/3461/3140 2992/3460/3139
f 2992/3460/3139 2994/3462/3141 2995/3463/3142
f 2996/3464/3143 2994/3462/3141 2951/3411/3098
f 2951/3411/3098 2955/3416/3102 2996/3464/3143
f 2997/3465/3144 2995/3463/3142 2994/3462/3141
f 2994/3462/3141 2996/3464/3143 2997/3465/3144
f 2993/3461/3140 2995/3463/3142 2998/3466/3145
f 2998/3466/3145 2991/3459/3138 2993/3461/3140
f 2995/3463/3142 2997/3465/3144 2999/3467/3146
f 2999/3467/3146 2998/3466/3145 2995/3463/3142
f 3000/3468/3147 2997/3465/3144 2996/3464/3143
f 3001/3469/3148 2996/3464/3143 2955/3416/3102
f 2996/3464/3143 3001/3469/3148 3000/3468/3147
f 2955/3416/3102 2959/3420/3106 3001/3469/3148
f 3001/3469/3148 2959/3420/3106 3002/3470/3149
f 2997/3465/3144 3000/3468/3147 3003/3472/3150
f 3003/3472/3150 2999/3467/3146 2997/3465/3144
f 3000/3468/3147 3001/3469/3148 3004/3473/3151
f 3002/3470/3149 3004/3473/3151 3001/3469/3148
f 3003/3472/3150 3000/3468/3147 3005/3474/3152
f 3004/3473/3151 3005/3474/3152 3000/3468/3147
f 3006/3475/3153 3004/3473/3151 3002/3470/3149
f 3002/3470/3149 3156/3649/3154 3006/3475/3153
f 3007/3477/3155 3005/3474/3152 3004/3473/3151
f 3004/3473/3151 3006/3475/3153 3007/3477/3155
f 4569/5364/3156 4573/5372/3157 4575/5377/3158
f 4568/5361/3159 4570/5366/3160 4567/5359/3161
f 3108/3601/3162 4568/5360/3159 4567/5357/3161
f 3010/3485/3163 3008/3480/3164 3108/3599/3162
f 3108/3599/3162 3011/3486/3165 3010/3485/3163
f 3010/3485/3163 3011/3486/3165 3104/3594/3166
f 3008/3480/3164 3010/3485/3163 3012/3488/3167
f 3012/3488/3167 3009/3484/3168 3008/3480/3164
f 3104/3594/3166 3013/3489/3169 3010/3485/3163
f 3012/3488/3167 3010/3485/3163 3013/3489/3169
f 3014/3490/3170 3013/3489/3169 3104/3594/3166
f 3104/3594/3166 3101/3590/3171 3014/3490/3170
f 3013/3489/3169 3015/3491/3172 3012/3488/3167
f 3016/3492/3173 3014/3490/3170 3101/3590/3171
f 3101/3590/3171 3017/3493/3174 3016/3492/3173
f 3013/3489/3169 3014/3490/3170 3018/3495/3175
f 3018/3495/3175 3015/3491/3172 3013/3489/3169
f 3014/3490/3170 3016/3492/3173 3019/3496/3176
f 3019/3496/3176 3018/3495/3175 3014/3490/3170
f 3020/3497/3177 3016/3492/3173 3017/3493/3174
f 3017/3493/3174 3021/3498/3178 3020/3497/3177
f 3020/3497/3177 3021/3498/3178 3075/3563/3179
f 3016/3492/3173 3020/3497/3177 3022/3500/3180
f 3022/3500/3180 3019/3496/3176 3016/3492/3173
f 3075/3563/3179 3023/3501/3181 3020/3497/3177
f 3022/3500/3180 3020/3497/3177 3023/3501/3181
f 3024/3502/3182 3023/3501/3181 3075/3563/3179
f 3075/3563/3179 3025/3503/3183 3024/3502/3182
f 3024/3502/3182 3025/3503/3183 3026/3505/3184
f 3026/3505/3184 2922/3372/3026 3027/3508/3025
f 3027/3508/3025 3028/3509/3185 3026/3505/3184
f 3026/3505/3184 3028/3509/3185 3024/3502/3182
f 3028/3509/3185 3027/3508/3025 2890/3336/3028
f 3023/3501/3181 3024/3502/3182 3029/3510/3186
f 3029/3510/3186 3024/3502/3182 3028/3509/3185
f 2890/3336/3028 3030/3511/3187 3028/3509/3185
f 3028/3509/3185 3030/3511/3187 3029/3510/3186
f 3030/3511/3187 2890/3336/3028 3031/3513/3031
f 3029/3510/3186 3032/3514/3188 3023/3501/3181
f 3023/3501/3181 3032/3514/3188 3022/3500/3180
f 3033/3515/3189 3029/3510/3186 3030/3511/3187
f 3032/3514/3188 3029/3510/3186 3033/3515/3189
f 3031/3513/3031 3034/3516/3190 3030/3511/3187
f 3030/3511/3187 3034/3516/3190 3033/3515/3189
f 3034/3516/3190 3031/3513/3031 3035/3518/3033
f 3036/3519/3191 3022/3500/3180 3032/3514/3188
f 3019/3496/3176 3022/3500/3180 3036/3519/3191
f 3035/3518/3033 3037/3520/3192 3034/3516/3190
f 3037/3520/3192 3035/3518/3033 3038/3522/3037
f 3039/3523/3193 3033/3515/3189 3034/3516/3190
f 3034/3516/3190 3037/3520/3192 3039/3523/3193
f 3033/3515/3189 3040/3524/3194 3032/3514/3188
f 3040/3524/3194 3033/3515/3189 3039/3523/3193
f 3032/3514/3188 3040/3524/3194 3036/3519/3191
f 3038/3522/3037 3041/3525/3195 3037/3520/3192
f 3041/3525/3195 3038/3522/3037 3042/3527/3045
f 3043/3528/3196 3039/3523/3193 3037/3520/3192
f 3037/3520/3192 3041/3525/3195 3043/3528/3196
f 3039/3523/3193 3044/3529/3197 3040/3524/3194
f 3044/3529/3197 3039/3523/3193 3043/3528/3196
f 3045/3530/3198 3036/3519/3191 3040/3524/3194
f 3040/3524/3194 3044/3529/3197 3045/3530/3198
f 3036/3519/3191 3046/3531/3199 3019/3496/3176
f 3046/3531/3199 3036/3519/3191 3045/3530/3198
f 3018/3495/3175 3019/3496/3176 3046/3531/3199
f 3047/3532/3200 3045/3530/3198 3044/3529/3197
f 3046/3531/3199 3048/3533/3201 3018/3495/3175
f 3015/3491/3172 3018/3495/3175 3048/3533/3201
f 3045/3530/3198 3049/3534/3202 3046/3531/3199
f 3048/3533/3201 3046/3531/3199 3049/3534/3202
f 3049/3534/3202 3045/3530/3198 3047/3532/3200
f 3048/3533/3201 3050/3535/3203 3015/3491/3172
f 3049/3534/3202 3051/3536/3204 3048/3533/3201
f 3050/3535/3203 3048/3533/3201 3051/3536/3204
f 3047/3532/3200 3052/3537/3205 3049/3534/3202
f 3051/3536/3204 3049/3534/3202 3052/3537/3205
f 3044/3529/3197 3053/3538/3206 3047/3532/3200
f 3043/3528/3196 3053/3538/3206 3044/3529/3197
f 3052/3537/3205 3047/3532/3200 3054/3539/3207
f 3054/3539/3207 3047/3532/3200 3053/3538/3206
f 3053/3538/3206 3043/3528/3196 3055/3540/3208
f 3055/3540/3208 3043/3528/3196 3041/3525/3195
f 3053/3538/3206 3056/3541/3209 3054/3539/3207
f 3055/3540/3208 3056/3541/3209 3053/3538/3206
f 3041/3525/3195 3057/3542/3210 3055/3540/3208
f 3042/3527/3045 3057/3542/3210 3041/3525/3195
f 3057/3542/3210 3042/3527/3045 2906/3353/3048
f 3058/3543/3211 3055/3540/3208 3057/3542/3210
f 3056/3541/3209 3055/3540/3208 3058/3543/3211
f 2906/3353/3048 3059/3544/3212 3057/3542/3210
f 3057/3542/3210 3059/3544/3212 3058/3543/3211
f 3059/3544/3212 2906/3353/3048 2909/3357/3051
f 3058/3543/3211 3060/3545/3213 3056/3541/3209
f 2909/3357/3051 3061/3546/3214 3059/3544/3212
f 3061/3546/3214 2909/3357/3051 3062/3548/3054
f 3063/3549/3215 3058/3543/3211 3059/3544/3212
f 3059/3544/3212 3061/3546/3214 3063/3549/3215
f 3060/3545/3213 3058/3543/3211 3063/3549/3215
f 3062/3548/3054 3064/3550/3216 3061/3546/3214
f 3064/3550/3216 3062/3548/3054 3065/3552/3059
f 3066/3553/3217 3063/3549/3215 3061/3546/3214
f 3061/3546/3214 3064/3550/3216 3066/3553/3217
f 3063/3549/3215 3067/3554/3218 3060/3545/3213
f 3067/3554/3218 3063/3549/3215 3066/3553/3217
f 3065/3552/3059 3068/3555/3219 3064/3550/3216
f 3068/3555/3219 3065/3552/3059 3069/3557/3062
f 3070/3558/3220 3066/3553/3217 3064/3550/3216
f 3064/3550/3216 3068/3555/3219 3070/3558/3220
f 3066/3553/3217 3071/3559/3221 3067/3554/3218
f 3071/3559/3221 3066/3553/3217 3070/3558/3220
f 3069/3557/3062 3072/3560/3222 3068/3555/3219
f 3072/3560/3222 3069/3557/3062 2922/3373/3026
f 2922/3373/3026 3026/3506/3184 3072/3560/3222
f 3072/3560/3222 3026/3506/3184 3025/3504/3183
f 3068/3555/3219 3072/3560/3222 3073/3561/3223
f 3025/3504/3183 3073/3561/3223 3072/3560/3222
f 3073/3561/3223 3070/3558/3220 3068/3555/3219
f 3074/3562/3224 3073/3561/3223 3025/3504/3183
f 3025/3504/3183 3075/3564/3179 3074/3562/3224
f 3076/3565/3225 3070/3558/3220 3073/3561/3223
f 3073/3561/3223 3074/3562/3224 3076/3565/3225
f 3070/3558/3220 3076/3565/3225 3071/3559/3221
f 3074/3562/3224 3075/3564/3179 3021/3499/3178
f 3076/3565/3225 3074/3562/3224 3077/3566/3226
f 3021/3499/3178 3077/3566/3226 3074/3562/3224
f 3071/3559/3221 3076/3565/3225 3078/3567/3227
f 3077/3566/3226 3078/3567/3227 3076/3565/3225
f 3079/3568/3228 3077/3566/3226 3021/3499/3178
f 3021/3499/3178 3017/3494/3174 3079/3568/3228
f 3080/3569/3229 3078/3567/3227 3077/3566/3226
f 3077/3566/3226 3079/3568/3228 3080/3569/3229
f 3078/3567/3227 3081/3570/3230 3071/3559/3221
f 3067/3554/3218 3071/3559/3221 3081/3570/3230
f 3078/3567/3227 3080/3569/3229 3082/3571/3231
f 3082/3571/3231 3081/3570/3230 3078/3567/3227
f 3081/3570/3230 3083/3572/3232 3067/3554/3218
f 3060/3545/3213 3067/3554/3218 3083/3572/3232
f 3081/3570/3230 3082/3571/3231 3084/3573/3233
f 3084/3573/3233 3083/3572/3232 3081/3570/3230
f 3083/3572/3232 3085/3574/3234 3060/3545/3213
f 3056/3541/3209 3060/3545/3213 3085/3574/3234
f 3085/3574/3234 3054/3539/3207 3056/3541/3209
f 3086/3575/3235 3085/3574/3234 3083/3572/3232
f 3083/3572/3232 3084/3573/3233 3086/3575/3235
f 3087/3576/3236 3054/3539/3207 3085/3574/3234
f 3085/3574/3234 3086/3575/3235 3087/3576/3236
f 3054/3539/3207 3087/3576/3236 3052/3537/3205
f 3088/3577/3237 3086/3575/3235 3084/3573/3233
f 3089/3578/3238 3052/3537/3205 3087/3576/3236
f 3052/3537/3205 3089/3578/3238 3051/3536/3204
f 3090/3579/3239 3087/3576/3236 3086/3575/3235
f 3087/3576/3236 3090/3579/3239 3089/3578/3238
f 3086/3575/3235 3088/3577/3237 3090/3579/3239
f 3091/3580/3240 3051/3536/3204 3089/3578/3238
f 3051/3536/3204 3091/3580/3240 3050/3535/3203
f 3092/3581/3241 3089/3578/3238 3090/3579/3239
f 3089/3578/3238 3092/3581/3241 3091/3580/3240
f 3093/3582/3242 3090/3579/3239 3088/3577/3237
f 3090/3579/3239 3093/3582/3242 3092/3581/3241
f 3084/3573/3233 3094/3583/3243 3088/3577/3237
f 3094/3583/3243 3084/3573/3233 3082/3571/3231
f 3088/3577/3237 3095/3584/3244 3093/3582/3242
f 3095/3584/3244 3088/3577/3237 3094/3583/3243
f 3082/3571/3231 3096/3585/3245 3094/3583/3243
f 3096/3585/3245 3082/3571/3231 3080/3569/3229
f 3094/3583/3243 3097/3586/3246 3095/3584/3244
f 3097/3586/3246 3094/3583/3243 3096/3585/3245
f 3080/3569/3229 3098/3587/3247 3096/3585/3245
f 3098/3587/3247 3080/3569/3229 3079/3568/3228
f 3096/3585/3245 3099/3588/3248 3097/3586/3246
f 3099/3588/3248 3096/3585/3245 3098/3587/3247
f 3079/3568/3228 3100/3589/3249 3098/3587/3247
f 3100/3589/3249 3079/3568/3228 3017/3494/3174
f 3017/3494/3174 3101/3591/3171 3100/3589/3249
f 3102/3592/3250 3098/3587/3247 3100/3589/3249
f 3098/3587/3247 3102/3592/3250 3099/3588/3248
f 3103/3593/3251 3100/3589/3249 3101/3591/3171
f 3100/3589/3249 3103/3593/3251 3102/3592/3250
f 3101/3591/3171 3104/3595/3166 3103/3593/3251
f 3103/3593/3251 3104/3595/3166 3011/3487/3165
f 3102/3592/3250 3103/3593/3251 3105/3596/3252
f 3011/3487/3165 3105/3596/3252 3103/3593/3251
f 3099/3588/3248 3102/3592/3250 3106/3597/3253
f 3105/3596/3252 3106/3597/3253 3102/3592/3250
f 3107/3598/3254 3105/3596/3252 3011/3487/3165
f 3011/3487/3165 3108/3600/3162 3107/3598/3254
f 3109/3602/3255 3106/3597/3253 3105/3596/3252
f 3105/3596/3252 3107/3598/3254 3109/3602/3255
f 3106/3597/3253 3110/3603/3256 3099/3588/3248
f 3097/3586/3246 3099/3588/3248 3110/3603/3256
f 3106/3597/3253 3109/3602/3255 3111/3604/3257
f 3111/3604/3257 3110/3603/3256 3106/3597/3253
f 3110/3603/3256 3112/3605/3258 3097/3586/3246
f 3095/3584/3244 3097/3586/3246 3112/3605/3258
f 3110/3603/3256 3111/3604/3257 3113/3606/3259
f 3113/3606/3259 3112/3605/3258 3110/3603/3256
f 3112/3605/3258 3114/3607/3260 3095/3584/3244
f 3093/3582/3242 3095/3584/3244 3114/3607/3260
f 3112/3605/3258 3113/3606/3259 3115/3608/3261
f 3115/3608/3261 3114/3607/3260 3112/3605/3258
f 3114/3607/3260 3116/3609/3262 3093/3582/3242
f 3092/3581/3241 3093/3582/3242 3116/3609/3262
f 3114/3607/3260 3115/3608/3261 3117/3610/3263
f 3117/3610/3263 3116/3609/3262 3114/3607/3260
f 3116/3609/3262 3118/3611/3264 3092/3581/3241
f 3091/3580/3240 3092/3581/3241 3118/3611/3264
f 3116/3609/3262 3117/3610/3263 3119/3612/3265
f 3119/3612/3265 3118/3611/3264 3116/3609/3262
f 3118/3611/3264 3120/3613/3266 3091/3580/3240
f 3050/3535/3203 3091/3580/3240 3120/3613/3266
f 3118/3611/3264 3119/3612/3265 3121/3614/3267
f 3121/3614/3267 3120/3613/3266 3118/3611/3264
f 3120/3613/3266 3122/3615/3268 3050/3535/3203
f 3015/3491/3172 3050/3535/3203 3122/3615/3268
f 3122/3615/3268 3012/3488/3167 3015/3491/3172
f 3009/3484/3168 3012/3488/3167 3122/3615/3268
f 3123/3616/3269 3122/3615/3268 3120/3613/3266
f 3122/3615/3268 3123/3616/3269 3009/3482/3168
f 3120/3613/3266 3121/3614/3267 3123/3616/3269
f 4569/5363/3156 3123/3616/3269 3007/3477/3155
f 3123/3616/3269 3124/3617/3270 3007/3477/3155
f 3124/3617/3270 3123/3616/3269 3121/3614/3267
f 3005/3474/3152 3007/3477/3155 3124/3617/3270
f 3121/3614/3267 3125/3618/3271 3124/3617/3270
f 3125/3618/3271 3121/3614/3267 3119/3612/3265
f 3124/3617/3270 3126/3619/3272 3005/3474/3152
f 3126/3619/3272 3124/3617/3270 3125/3618/3271
f 3005/3474/3152 3126/3619/3272 3003/3472/3150
f 3119/3612/3265 3127/3620/3273 3125/3618/3271
f 3127/3620/3273 3119/3612/3265 3117/3610/3263
f 3125/3618/3271 3128/3621/3274 3126/3619/3272
f 3128/3621/3274 3125/3618/3271 3127/3620/3273
f 3129/3622/3275 3003/3472/3150 3126/3619/3272
f 3126/3619/3272 3128/3621/3274 3129/3622/3275
f 2999/3467/3146 3003/3472/3150 3129/3622/3275
f 3117/3610/3263 3130/3623/3276 3127/3620/3273
f 3130/3623/3276 3117/3610/3263 3115/3608/3261
f 3129/3622/3275 3131/3624/3277 2999/3467/3146
f 2998/3466/3145 2999/3467/3146 3131/3624/3277
f 3132/3625/3278 3129/3622/3275 3128/3621/3274
f 3131/3624/3277 3129/3622/3275 3132/3625/3278
f 3127/3620/3273 3133/3626/3279 3128/3621/3274
f 3128/3621/3274 3133/3626/3279 3132/3625/3278
f 3133/3626/3279 3127/3620/3273 3130/3623/3276
f 3131/3624/3277 3134/3627/3280 2998/3466/3145
f 2991/3459/3138 2998/3466/3145 3134/3627/3280
f 3132/3625/3278 3135/3628/3281 3131/3624/3277
f 3134/3627/3280 3131/3624/3277 3135/3628/3281
f 3136/3629/3282 3132/3625/3278 3133/3626/3279
f 3135/3628/3281 3132/3625/3278 3136/3629/3282
f 3134/3627/3280 3137/3630/3283 2991/3459/3138
f 2987/3454/3135 2991/3459/3138 3137/3630/3283
f 3137/3630/3283 2981/3446/3131 2987/3454/3135
f 3135/3628/3281 3138/3631/3284 3134/3627/3280
f 3137/3630/3283 3134/3627/3280 3138/3631/3284
f 2981/3446/3131 3137/3630/3283 3139/3632/3285
f 3138/3631/3284 3139/3632/3285 3137/3630/3283
f 3139/3632/3285 2978/3443/3127 2981/3446/3131
f 3138/3631/3284 3135/3628/3281 3140/3633/3286
f 3136/3629/3282 3140/3633/3286 3135/3628/3281
f 3139/3632/3285 3138/3631/3284 3141/3634/3287
f 3140/3633/3286 3141/3634/3287 3138/3631/3284
f 2978/3443/3127 3139/3632/3285 3142/3635/3288
f 3141/3634/3287 3142/3635/3288 3139/3632/3285
f 3142/3635/3288 2974/3438/3123 2978/3443/3127
f 3141/3634/3287 3140/3633/3286 3143/3636/3289
f 2974/3438/3123 3142/3635/3288 3144/3637/3290
f 3144/3637/3290 2967/3429/3116 2974/3438/3123
f 3142/3635/3288 3141/3634/3287 3145/3638/3291
f 3145/3638/3291 3144/3637/3290 3142/3635/3288
f 3143/3636/3289 3145/3638/3291 3141/3634/3287
f 2967/3429/3116 3144/3637/3290 3146/3639/3292
f 3146/3639/3292 2963/3425/3110 2967/3429/3116
f 2963/3425/3110 3146/3639/3292 2961/3423/3108
f 3144/3637/3290 3145/3638/3291 3147/3640/3293
f 3147/3640/3293 3146/3639/3292 3144/3637/3290
f 3148/3641/3294 2961/3423/3108 3146/3639/3292
f 3146/3639/3292 3147/3640/3293 3148/3641/3294
f 2961/3423/3108 3148/3641/3294 2960/3422/3107
f 3149/3642/3295 3147/3640/3293 3145/3638/3291
f 3145/3638/3291 3143/3636/3289 3149/3642/3295
f 3150/3643/3296 3148/3641/3294 3147/3640/3293
f 3147/3640/3293 3149/3642/3295 3150/3643/3296
f 3151/3644/3297 2960/3422/3107 3148/3641/3294
f 3148/3641/3294 3150/3643/3296 3151/3644/3297
f 2960/3422/3107 3151/3644/3297 2958/3419/3105
f 3152/3645/3298 3150/3643/3296 3149/3642/3295
f 3153/3646/3299 2958/3419/3105 3151/3644/3297
f 2958/3419/3105 3153/3646/3299 2959/3421/3106
f 3154/3647/3300 3151/3644/3297 3150/3643/3296
f 3151/3644/3297 3154/3647/3300 3153/3646/3299
f 3150/3643/3296 3152/3645/3298 3154/3647/3300
f 2959/3421/3106 3153/3646/3299 3155/3648/3301
f 3155/3648/3301 3002/3471/3149 2959/3421/3106
f 3156/3650/3154 3002/3471/3149 3155/3648/3301
f 3153/3646/3299 3154/3647/3300 3157/3652/3302
f 3157/3652/3302 3155/3648/3301 3153/3646/3299
f 3155/3648/3301 3158/3653/3303 3156/3650/3154
f 3158/3653/3303 3155/3648/3301 3157/3652/3302
f 4567/5358/3161 3158/3653/3303 3108/3600/3162
f 3158/3653/3303 3107/3598/3254 3108/3600/3162
f 3107/3598/3254 3158/3653/3303 3159/3654/3304
f 3157/3652/3302 3159/3654/3304 3158/3653/3303
f 3159/3654/3304 3109/3602/3255 3107/3598/3254
f 3160/3655/3305 3157/3652/3302 3154/3647/3300
f 3159/3654/3304 3157/3652/3302 3160/3655/3305
f 3154/3647/3300 3152/3645/3298 3160/3655/3305
f 3109/3602/3255 3159/3654/3304 3161/3656/3306
f 3160/3655/3305 3161/3656/3306 3159/3654/3304
f 3161/3656/3306 3111/3604/3257 3109/3602/3255
f 3162/3657/3307 3160/3655/3305 3152/3645/3298
f 3161/3656/3306 3160/3655/3305 3162/3657/3307
f 3111/3604/3257 3161/3656/3306 3163/3658/3308
f 3162/3657/3307 3163/3658/3308 3161/3656/3306
f 3163/3658/3308 3113/3606/3259 3111/3604/3257
f 3152/3645/3298 3164/3659/3309 3162/3657/3307
f 3149/3642/3295 3164/3659/3309 3152/3645/3298
f 3164/3659/3309 3149/3642/3295 3143/3636/3289
f 3163/3658/3308 3162/3657/3307 3165/3660/3310
f 3165/3660/3310 3162/3657/3307 3164/3659/3309
f 3113/3606/3259 3163/3658/3308 3166/3661/3311
f 3165/3660/3310 3166/3661/3311 3163/3658/3308
f 3166/3661/3311 3115/3608/3261 3113/3606/3259
f 3115/3608/3261 3166/3661/3311 3130/3623/3276
f 3143/3636/3289 3167/3662/3312 3164/3659/3309
f 3164/3659/3309 3167/3662/3312 3165/3660/3310
f 3167/3662/3312 3143/3636/3289 3140/3633/3286
f 3140/3633/3286 3136/3629/3282 3167/3662/3312
f 3166/3661/3311 3165/3660/3310 3168/3663/3313
f 3168/3663/3313 3165/3660/3310 3167/3662/3312
f 3168/3663/3313 3130/3623/3276 3166/3661/3311
f 3167/3662/3312 3136/3629/3282 3168/3663/3313
f 3130/3623/3276 3168/3663/3313 3133/3626/3279
f 3133/3626/3279 3168/3663/3313 3136/3629/3282
f 3169/3664/3314 3170/3665/3315 3171/3666/3316
f 3172/3667/69 3189/3686/111 3173/3668/68
f 3190/3688/147 3189/3686/111 3172/3667/69
f 3172/3667/69 3174/3669/150 3190/3688/147
f 3175/3670/3317 3190/3688/147 3174/3669/150
f 3174/3669/150 3176/3672/159 3175/3670/3317
f 3177/3674/153 3175/3670/3317 3176/3672/159
f 3174/3669/150 3172/3667/69 3178/3675/3318
f 3176/3672/159 3174/3669/150 3179/3676/156
f 3178/3675/3318 3179/3676/156 3174/3669/150
f 3176/3672/159 3180/3677/172 3177/3674/153
f 3181/3678/3319 3178/3675/3318 3172/3667/69
f 3172/3667/69 3182/3679/67 3181/3678/3319
f 3183/3680/70 3181/3678/3319 3182/3679/67
f 3184/3681/3320 3178/3675/3318 3181/3678/3319
f 3181/3678/3319 3183/3680/70 3184/3681/3320
f 3178/3675/3318 3184/3681/3320 3185/3682/152
f 3185/3682/152 3179/3676/156 3178/3675/3318
f 3186/3683/84 3184/3681/3320 3183/3680/70
f 3183/3680/70 30/30/66 3186/3683/84
f 3186/3683/84 30/30/66 60/60/110
f 3187/3684/3321 3185/3682/152 3184/3681/3320
f 3184/3681/3320 3186/3683/84 3187/3684/3321
f 60/60/110 3188/3685/145 3186/3683/84
f 3189/3687/111 3188/3685/145 60/60/110
f 3188/3685/145 3189/3687/111 3190/3689/147
f 3186/3683/84 3188/3685/145 3191/3690/146
f 3190/3689/147 3191/3690/146 3188/3685/145
f 3191/3690/146 3187/3684/3321 3186/3683/84
f 3191/3690/146 3190/3689/147 3175/3671/3317
f 3175/3671/3317 3192/3691/3322 3191/3690/146
f 3187/3684/3321 3191/3690/146 3192/3691/3322
f 3192/3691/3322 3175/3671/3317 3177/3673/153
f 3192/3691/3322 3193/3692/155 3187/3684/3321
f 3185/3682/152 3187/3684/3321 3193/3692/155
f 3177/3673/153 3194/3693/3323 3192/3691/3322
f 3193/3692/155 3192/3691/3322 3194/3693/3323
f 3194/3693/3323 3177/3673/153 3195/3694/174
f 3193/3692/155 3196/3696/157 3185/3682/152
f 3179/3676/156 3185/3682/152 3196/3696/157
f 3194/3693/3323 3197/3697/158 3193/3692/155
f 3196/3696/157 3193/3692/155 3197/3697/158
f 3195/3694/174 3198/3698/3324 3194/3693/3323
f 3198/3698/3324 3195/3694/174 3199/3699/3325
f 3199/3699/3325 3200/3701/164 3198/3698/3324
f 3198/3698/3324 3200/3701/164 3201/3702/3326
f 3194/3693/3323 3198/3698/3324 3202/3703/162
f 3201/3702/3326 3202/3703/162 3198/3698/3324
f 3202/3703/162 3197/3697/158 3194/3693/3323
f 3202/3703/162 3201/3702/3326 3203/3704/166
f 3197/3697/158 3202/3703/162 3204/3705/167
f 3203/3704/166 3204/3705/167 3202/3703/162
f 3197/3697/158 3205/3706/161 3196/3696/157
f 3204/3705/167 3205/3706/161 3197/3697/158
f 3196/3696/157 3206/3707/160 3179/3676/156
f 3206/3707/160 3196/3696/157 3205/3706/161
f 3179/3676/156 3206/3707/160 3176/3672/159
f 3180/3677/172 3176/3672/159 3206/3707/160
f 3205/3706/161 3207/3708/170 3206/3707/160
f 3206/3707/160 3207/3708/170 3180/3677/172
f 3207/3708/170 3205/3706/161 3204/3705/167
f 3204/3705/167 3208/3709/3327 3207/3708/170
f 3208/3709/3327 3204/3705/167 3203/3704/166
f 3180/3677/172 3207/3708/170 3208/3709/3327
f 3203/3704/166 3209/3710/169 3208/3709/3327
f 3208/3709/3327 3209/3710/169 3210/3711/171
f 3208/3709/3327 3211/3712/173 3180/3677/172
f 3210/3711/171 3211/3712/173 3208/3709/3327
f 3177/3674/153 3180/3677/172 3211/3712/173
f 3211/3712/173 3195/3695/174 3177/3674/153
f 3195/3695/174 3211/3712/173 3210/3711/171
f 3210/3711/171 3199/3700/3325 3195/3695/174
f 3212/3713/69 3227/3729/111 31/31/68
f 3228/3731/147 3227/3729/111 3212/3713/69
f 3212/3713/69 3213/3714/3328 3228/3731/147
f 3214/3715/3317 3228/3731/147 3213/3714/3328
f 3213/3714/3328 3215/3717/3329 3214/3715/3317
f 3231/3736/153 3214/3715/3317 3215/3717/3329
f 3213/3714/3328 3212/3713/69 3216/3718/132
f 3215/3717/3329 3213/3714/3328 3217/3719/156
f 3216/3718/132 3217/3719/156 3213/3714/3328
f 3215/3717/3329 3218/3720/172 3231/3736/153
f 3219/3721/133 3216/3718/132 3212/3713/69
f 3212/3713/69 32/32/72 3219/3721/133
f 3220/3722/70 3219/3721/133 32/32/72
f 3221/3723/3320 3216/3718/132 3219/3721/133
f 3219/3721/133 3220/3722/70 3221/3723/3320
f 3216/3718/132 3221/3723/3320 3222/3724/152
f 3222/3724/152 3217/3719/156 3216/3718/132
f 3223/3725/84 3221/3723/3320 3220/3722/70
f 3220/3722/70 61/61/71 3223/3725/84
f 3223/3725/84 61/61/71 3224/3726/112
f 3225/3727/3321 3222/3724/152 3221/3723/3320
f 3221/3723/3320 3223/3725/84 3225/3727/3321
f 3224/3726/112 3226/3728/145 3223/3725/84
f 3227/3730/111 3226/3728/145 3224/3726/112
f 3226/3728/145 3227/3730/111 3228/3732/147
f 3223/3725/84 3226/3728/145 3229/3733/3330
f 3228/3732/147 3229/3733/3330 3226/3728/145
f 3229/3733/3330 3225/3727/3321 3223/3725/84
f 3229/3733/3330 3228/3732/147 3214/3716/3317
f 3214/3716/3317 3230/3734/3322 3229/3733/3330
f 3225/3727/3321 3229/3733/3330 3230/3734/3322
f 3230/3734/3322 3214/3716/3317 3231/3735/153
f 3230/3734/3322 3232/3737/3331 3225/3727/3321
f 3222/3724/152 3225/3727/3321 3232/3737/3331
f 3231/3735/153 3233/3738/3323 3230/3734/3322
f 3232/3737/3331 3230/3734/3322 3233/3738/3323
f 3233/3738/3323 3231/3735/153 3234/3739/174
f 3232/3737/3331 3235/3741/157 3222/3724/152
f 3217/3719/156 3222/3724/152 3235/3741/157
f 3233/3738/3323 3236/3742/158 3232/3737/3331
f 3235/3741/157 3232/3737/3331 3236/3742/158
f 3234/3739/174 3237/3743/3324 3233/3738/3323
f 3237/3743/3324 3234/3739/174 3238/3744/3325
f 3238/3744/3325 3239/3746/164 3237/3743/3324
f 3237/3743/3324 3239/3746/164 3240/3747/3326
f 3233/3738/3323 3237/3743/3324 3241/3748/162
f 3240/3747/3326 3241/3748/162 3237/3743/3324
f 3241/3748/162 3236/3742/158 3233/3738/3323
f 3241/3748/162 3240/3747/3326 3242/3749/3332
f 3236/3742/158 3241/3748/162 3243/3750/167
f 3242/3749/3332 3243/3750/167 3241/3748/162
f 3236/3742/158 3244/3751/161 3235/3741/157
f 3243/3750/167 3244/3751/161 3236/3742/158
f 3235/3741/157 3245/3752/3333 3217/3719/156
f 3245/3752/3333 3235/3741/157 3244/3751/161
f 3217/3719/156 3245/3752/3333 3215/3717/3329
f 3218/3720/172 3215/3717/3329 3245/3752/3333
f 3244/3751/161 3246/3753/170 3245/3752/3333
f 3245/3752/3333 3246/3753/170 3218/3720/172
f 3246/3753/170 3244/3751/161 3243/3750/167
f 3243/3750/167 3247/3754/168 3246/3753/170
f 3247/3754/168 3243/3750/167 3242/3749/3332
f 3218/3720/172 3246/3753/170 3247/3754/168
f 3242/3749/3332 3248/3755/169 3247/3754/168
f 3247/3754/168 3248/3755/169 3249/3756/3334
f 3247/3754/168 3250/3757/173 3218/3720/172
f 3249/3756/3334 3250/3757/173 3247/3754/168
f 3231/3736/153 3218/3720/172 3250/3757/173
f 3250/3757/173 3234/3740/174 3231/3736/153
f 3234/3740/174 3250/3757/173 3249/3756/3334
f 3249/3756/3334 3238/3745/3325 3234/3740/174
f 3251/3758/76 3252/3759/114 33/33/75
f 3253/3761/3335 3252/3759/114 3251/3758/76
f 3251/3758/76 3254/3763/3336 3253/3761/3335
f 3268/3777/3337 3253/3761/3335 3254/3763/3336
f 3254/3763/3336 3255/3764/3338 3268/3777/3337
f 3270/3781/3339 3268/3777/3337 3255/3764/3338
f 3254/3763/3336 3251/3758/76 3256/3765/3340
f 3255/3764/3338 3254/3763/3336 3257/3766/3341
f 3256/3765/3340 3257/3766/3341 3254/3763/3336
f 3255/3764/3338 3258/3767/3342 3270/3781/3339
f 3259/3768/3343 3256/3765/3340 3251/3758/76
f 3251/3758/76 34/34/74 3259/3768/3343
f 3260/3769/77 3259/3768/3343 34/34/74
f 3261/3770/3344 3256/3765/3340 3259/3768/3343
f 3259/3768/3343 3260/3769/77 3261/3770/3344
f 3256/3765/3340 3261/3770/3344 3262/3771/3345
f 3262/3771/3345 3257/3766/3341 3256/3765/3340
f 3263/3772/3346 3261/3770/3344 3260/3769/77
f 3260/3769/77 35/35/73 3263/3772/3346
f 3263/3772/3346 35/35/73 3264/3773/113
f 3265/3774/3347 3262/3771/3345 3261/3770/3344
f 3261/3770/3344 3263/3772/3346 3265/3774/3347
f 3264/3773/113 3266/3775/3348 3263/3772/3346
f 3252/3760/114 3266/3775/3348 3264/3773/113
f 3266/3775/3348 3252/3760/114 3253/3762/3335
f 3263/3772/3346 3266/3775/3348 3267/3776/3349
f 3253/3762/3335 3267/3776/3349 3266/3775/3348
f 3267/3776/3349 3265/3774/3347 3263/3772/3346
f 3267/3776/3349 3253/3762/3335 3268/3778/3337
f 3268/3778/3337 3269/3779/3350 3267/3776/3349
f 3265/3774/3347 3267/3776/3349 3269/3779/3350
f 3269/3779/3350 3268/3778/3337 3270/3780/3339
f 3269/3779/3350 3271/3782/3351 3265/3774/3347
f 3262/3771/3345 3265/3774/3347 3271/3782/3351
f 3270/3780/3339 3272/3783/3352 3269/3779/3350
f 3271/3782/3351 3269/3779/3350 3272/3783/3352
f 3272/3783/3352 3270/3780/3339 3289/3801/3353
f 3271/3782/3351 3273/3784/3354 3262/3771/3345
f 3257/3766/3341 3262/3771/3345 3273/3784/3354
f 3272/3783/3352 3274/3785/3355 3271/3782/3351
f 3273/3784/3354 3271/3782/3351 3274/3785/3355
f 3289/3801/3353 3275/3786/3356 3272/3783/3352
f 3275/3786/3356 3289/3801/3353 3276/3787/3357
f 3276/3787/3357 3277/3789/3358 3275/3786/3356
f 3275/3786/3356 3277/3789/3358 3278/3790/3359
f 3272/3783/3352 3275/3786/3356 3279/3791/3360
f 3278/3790/3359 3279/3791/3360 3275/3786/3356
f 3279/3791/3360 3274/3785/3355 3272/3783/3352
f 3279/3791/3360 3278/3790/3359 3280/3792/3361
f 3274/3785/3355 3279/3791/3360 3281/3793/3362
f 3280/3792/3361 3281/3793/3362 3279/3791/3360
f 3274/3785/3355 3282/3794/3363 3273/3784/3354
f 3281/3793/3362 3282/3794/3363 3274/3785/3355
f 3273/3784/3354 3283/3795/3364 3257/3766/3341
f 3283/3795/3364 3273/3784/3354 3282/3794/3363
f 3257/3766/3341 3283/3795/3364 3255/3764/3338
f 3258/3767/3342 3255/3764/3338 3283/3795/3364
f 3282/3794/3363 3284/3796/3365 3283/3795/3364
f 3283/3795/3364 3284/3796/3365 3258/3767/3342
f 3284/3796/3365 3282/3794/3363 3281/3793/3362
f 3281/3793/3362 3285/3797/3366 3284/3796/3365
f 3285/3797/3366 3281/3793/3362 3280/3792/3361
f 3258/3767/3342 3284/3796/3365 3285/3797/3366
f 3280/3792/3361 3286/3798/3367 3285/3797/3366
f 3285/3797/3366 3286/3798/3367 3287/3799/3368
f 3285/3797/3366 3288/3800/3369 3258/3767/3342
f 3287/3799/3368 3288/3800/3369 3285/3797/3366
f 3270/3781/3339 3258/3767/3342 3288/3800/3369
f 3288/3800/3369 3289/3802/3353 3270/3781/3339
f 3289/3802/3353 3288/3800/3369 3287/3799/3368
f 3287/3799/3368 3276/3788/3357 3289/3802/3353
f 3290/3803/81 3291/3804/116 36/36/80
f 3292/3806/3370 3291/3804/116 3290/3803/81
f 3290/3803/81 3293/3808/3371 3292/3806/3370
f 3307/3822/3372 3292/3806/3370 3293/3808/3371
f 3293/3808/3371 3294/3809/3373 3307/3822/3372
f 3309/3826/3374 3307/3822/3372 3294/3809/3373
f 3293/3808/3371 3290/3803/81 3295/3810/3375
f 3294/3809/3373 3293/3808/3371 3296/3811/3376
f 3295/3810/3375 3296/3811/3376 3293/3808/3371
f 3294/3809/3373 3297/3812/3377 3309/3826/3374
f 3298/3813/3378 3295/3810/3375 3290/3803/81
f 3290/3803/81 37/37/79 3298/3813/3378
f 3299/3814/82 3298/3813/3378 37/37/79
f 3300/3815/3379 3295/3810/3375 3298/3813/3378
f 3298/3813/3378 3299/3814/82 3300/3815/3379
f 3295/3810/3375 3300/3815/3379 3301/3816/3380
f 3301/3816/3380 3296/3811/3376 3295/3810/3375
f 3302/3817/3381 3300/3815/3379 3299/3814/82
f 3299/3814/82 62/62/78 3302/3817/3381
f 3302/3817/3381 62/62/78 3303/3818/115
f 3304/3819/3382 3301/3816/3380 3300/3815/3379
f 3300/3815/3379 3302/3817/3381 3304/3819/3382
f 3303/3818/115 3305/3820/3383 3302/3817/3381
f 3291/3805/116 3305/3820/3383 3303/3818/115
f 3305/3820/3383 3291/3805/116 3292/3807/3370
f 3302/3817/3381 3305/3820/3383 3306/3821/3384
f 3292/3807/3370 3306/3821/3384 3305/3820/3383
f 3306/3821/3384 3304/3819/3382 3302/3817/3381
f 3306/3821/3384 3292/3807/3370 3307/3823/3372
f 3307/3823/3372 3308/3824/3385 3306/3821/3384
f 3304/3819/3382 3306/3821/3384 3308/3824/3385
f 3308/3824/3385 3307/3823/3372 3309/3825/3374
f 3308/3824/3385 3310/3827/3386 3304/3819/3382
f 3301/3816/3380 3304/3819/3382 3310/3827/3386
f 3309/3825/3374 3311/3828/3387 3308/3824/3385
f 3310/3827/3386 3308/3824/3385 3311/3828/3387
f 3311/3828/3387 3309/3825/3374 3327/3844/3388
f 3310/3827/3386 3312/3829/3389 3301/3816/3380
f 3296/3811/3376 3301/3816/3380 3312/3829/3389
f 3311/3828/3387 3313/3830/3390 3310/3827/3386
f 3312/3829/3389 3310/3827/3386 3313/3830/3390
f 3327/3844/3388 3314/3831/3391 3311/3828/3387
f 3314/3831/3391 3327/3844/3388 3328/3846/3392
f 3328/3846/3392 3315/3832/3393 3314/3831/3391
f 3314/3831/3391 3315/3832/3393 3316/3833/3394
f 3311/3828/3387 3314/3831/3391 3317/3834/3395
f 3316/3833/3394 3317/3834/3395 3314/3831/3391
f 3317/3834/3395 3313/3830/3390 3311/3828/3387
f 3317/3834/3395 3316/3833/3394 3318/3835/3396
f 3313/3830/3390 3317/3834/3395 3319/3836/3397
f 3318/3835/3396 3319/3836/3397 3317/3834/3395
f 3313/3830/3390 3320/3837/3398 3312/3829/3389
f 3319/3836/3397 3320/3837/3398 3313/3830/3390
f 3312/3829/3389 3321/3838/3399 3296/3811/3376
f 3321/3838/3399 3312/3829/3389 3320/3837/3398
f 3296/3811/3376 3321/3838/3399 3294/3809/3373
f 3297/3812/3377 3294/3809/3373 3321/3838/3399
f 3320/3837/3398 3322/3839/3400 3321/3838/3399
f 3321/3838/3399 3322/3839/3400 3297/3812/3377
f 3322/3839/3400 3320/3837/3398 3319/3836/3397
f 3319/3836/3397 3323/3840/3401 3322/3839/3400
f 3323/3840/3401 3319/3836/3397 3318/3835/3396
f 3297/3812/3377 3322/3839/3400 3323/3840/3401
f 3318/3835/3396 3324/3841/3402 3323/3840/3401
f 3323/3840/3401 3324/3841/3402 3325/3842/3403
f 3323/3840/3401 3326/3843/3404 3297/3812/3377
f 3325/3842/3403 3326/3843/3404 3323/3840/3401
f 3309/3826/3374 3297/3812/3377 3326/3843/3404
f 3326/3843/3404 3327/3845/3388 3309/3826/3374
f 3327/3845/3388 3326/3843/3404 3325/3842/3403
f 3325/3842/3403 3328/3847/3392 3327/3845/3388
f 44/44/87 3341/3861/118 46/46/90
f 46/46/90 3341/3861/118 3342/3863/3405
f 3342/3863/3405 3329/3848/3406 46/46/90
f 3329/3848/3406 3342/3863/3405 3344/3866/190
f 3344/3866/190 3330/3849/191 3329/3848/3406
f 3330/3849/191 3344/3866/190 3331/3851/192
f 3332/3852/143 46/46/90 3329/3848/3406
f 3333/3853/187 3329/3848/3406 3330/3849/191
f 3329/3848/3406 3333/3853/187 3332/3852/143
f 46/46/90 3332/3852/143 3334/3854/3407
f 3334/3854/3407 47/47/88 46/46/90
f 47/47/88 3334/3854/3407 3335/3855/91
f 3334/3854/3407 3332/3852/143 3336/3856/103
f 3336/3856/103 3335/3855/91 3334/3854/3407
f 3332/3852/143 3333/3853/187 3337/3857/182
f 3337/3857/182 3336/3856/103 3332/3852/143
f 3335/3855/91 3336/3856/103 3338/3858/104
f 3338/3858/104 45/45/89 3335/3855/91
f 63/63/117 45/45/89 3338/3858/104
f 3336/3856/103 3337/3857/182 3339/3859/3408
f 3339/3859/3408 3338/3858/104 3336/3856/103
f 3338/3858/104 3340/3860/177 63/63/117
f 63/63/117 3340/3860/177 3341/3862/118
f 3342/3864/3405 3341/3862/118 3340/3860/177
f 3343/3865/178 3340/3860/177 3338/3858/104
f 3340/3860/177 3343/3865/178 3342/3864/3405
f 3338/3858/104 3339/3859/3408 3343/3865/178
f 3344/3867/190 3342/3864/3405 3343/3865/178
f 3343/3865/178 3345/3868/181 3344/3867/190
f 3345/3868/181 3343/3865/178 3339/3859/3408
f 3331/3850/192 3344/3867/190 3345/3868/181
f 3339/3859/3408 3346/3869/183 3345/3868/181
f 3346/3869/183 3339/3859/3408 3337/3857/182
f 3345/3868/181 3347/3870/3409 3331/3850/192
f 3347/3870/3409 3345/3868/181 3346/3869/183
f 3348/3871/199 3331/3850/192 3347/3870/3409
f 3337/3857/182 3349/3873/186 3346/3869/183
f 3349/3873/186 3337/3857/182 3333/3853/187
f 3346/3869/183 3350/3874/185 3347/3870/3409
f 3350/3874/185 3346/3869/183 3349/3873/186
f 3347/3870/3409 3351/3875/3410 3348/3871/199
f 3352/3876/3411 3348/3871/199 3351/3875/3410
f 3351/3875/3410 3353/3878/201 3352/3876/3411
f 3354/3879/3412 3353/3878/201 3351/3875/3410
f 3355/3880/206 3351/3875/3410 3347/3870/3409
f 3351/3875/3410 3355/3880/206 3354/3879/3412
f 3347/3870/3409 3350/3874/185 3355/3880/206
f 3356/3881/205 3354/3879/3412 3355/3880/206
f 3357/3882/3413 3355/3880/206 3350/3874/185
f 3355/3880/206 3357/3882/3413 3356/3881/205
f 3349/3873/186 3358/3883/194 3350/3874/185
f 3350/3874/185 3358/3883/194 3357/3882/3413
f 3358/3883/194 3349/3873/186 3359/3884/189
f 3333/3853/187 3359/3884/189 3349/3873/186
f 3330/3849/191 3359/3884/189 3333/3853/187
f 3357/3882/3413 3358/3883/194 3360/3885/195
f 3359/3884/189 3360/3885/195 3358/3883/194
f 3359/3884/189 3330/3849/191 3361/3886/193
f 3361/3886/193 3360/3885/195 3359/3884/189
f 3331/3851/192 3361/3886/193 3330/3849/191
f 3360/3885/195 3362/3887/3414 3357/3882/3413
f 3362/3887/3414 3360/3885/195 3361/3886/193
f 3356/3881/205 3357/3882/3413 3362/3887/3414
f 3362/3887/3414 3363/3888/204 3356/3881/205
f 3364/3889/3415 3363/3888/204 3362/3887/3414
f 3365/3890/198 3361/3886/193 3331/3851/192
f 3361/3886/193 3365/3890/198 3362/3887/3414
f 3362/3887/3414 3365/3890/198 3364/3889/3415
f 3331/3851/192 3348/3872/199 3365/3890/198
f 3364/3889/3415 3365/3890/198 3348/3872/199
f 3348/3872/199 3352/3877/3411 3364/3889/3415
f 48/48/87 3366/3891/105 3367/3893/90
f 3367/3893/90 3366/3891/105 3368/3894/3405
f 3368/3894/3405 3369/3896/3416 3367/3893/90
f 3369/3896/3416 3368/3894/3405 3370/3897/190
f 3370/3897/190 3371/3899/3417 3369/3896/3416
f 3371/3899/3417 3370/3897/190 3372/3901/192
f 3373/3902/143 3367/3893/90 3369/3896/3416
f 3374/3903/187 3369/3896/3416 3371/3899/3417
f 3369/3896/3416 3374/3903/187 3373/3902/143
f 3367/3893/90 3373/3902/143 3375/3904/3407
f 3375/3904/3407 51/51/88 3367/3893/90
f 51/51/88 3375/3904/3407 49/49/91
f 3375/3904/3407 3373/3902/143 3376/3905/3418
f 3376/3905/3418 49/49/91 3375/3904/3407
f 3373/3902/143 3374/3903/187 3377/3906/182
f 3377/3906/182 3376/3905/3418 3373/3902/143
f 49/49/91 3376/3905/3418 3378/3907/104
f 3378/3907/104 50/50/92 49/49/91
f 64/64/119 50/50/92 3378/3907/104
f 3376/3905/3418 3377/3906/182 3379/3908/3419
f 3379/3908/3419 3378/3907/104 3376/3905/3418
f 3378/3907/104 3380/3909/177 64/64/119
f 64/64/119 3380/3909/177 3366/3892/105
f 3368/3895/3405 3366/3892/105 3380/3909/177
f 3381/3910/178 3380/3909/177 3378/3907/104
f 3380/3909/177 3381/3910/178 3368/3895/3405
f 3378/3907/104 3379/3908/3419 3381/3910/178
f 3370/3898/190 3368/3895/3405 3381/3910/178
f 3381/3910/178 3382/3911/181 3370/3898/190
f 3382/3911/181 3381/3910/178 3379/3908/3419
f 3372/3900/192 3370/3898/190 3382/3911/181
f 3379/3908/3419 3383/3912/3420 3382/3911/181
f 3383/3912/3420 3379/3908/3419 3377/3906/182
f 3382/3911/181 3384/3913/3409 3372/3900/192
f 3384/3913/3409 3382/3911/181 3383/3912/3420
f 3402/3932/199 3372/3900/192 3384/3913/3409
f 3377/3906/182 3385/3914/186 3383/3912/3420
f 3385/3914/186 3377/3906/182 3374/3903/187
f 3383/3912/3420 3386/3915/185 3384/3913/3409
f 3386/3915/185 3383/3912/3420 3385/3914/186
f 3384/3913/3409 3387/3916/3410 3402/3932/199
f 3388/3917/3411 3402/3932/199 3387/3916/3410
f 3387/3916/3410 3389/3919/201 3388/3917/3411
f 3390/3920/3421 3389/3919/201 3387/3916/3410
f 3391/3921/206 3387/3916/3410 3384/3913/3409
f 3387/3916/3410 3391/3921/206 3390/3920/3421
f 3384/3913/3409 3386/3915/185 3391/3921/206
f 3392/3922/3422 3390/3920/3421 3391/3921/206
f 3393/3923/3413 3391/3921/206 3386/3915/185
f 3391/3921/206 3393/3923/3413 3392/3922/3422
f 3385/3914/186 3394/3924/194 3386/3915/185
f 3386/3915/185 3394/3924/194 3393/3923/3413
f 3394/3924/194 3385/3914/186 3395/3925/189
f 3374/3903/187 3395/3925/189 3385/3914/186
f 3371/3899/3417 3395/3925/189 3374/3903/187
f 3393/3923/3413 3394/3924/194 3396/3926/3423
f 3395/3925/189 3396/3926/3423 3394/3924/194
f 3395/3925/189 3371/3899/3417 3397/3927/193
f 3397/3927/193 3396/3926/3423 3395/3925/189
f 3372/3901/192 3397/3927/193 3371/3899/3417
f 3396/3926/3423 3398/3928/197 3393/3923/3413
f 3398/3928/197 3396/3926/3423 3397/3927/193
f 3392/3922/3422 3393/3923/3413 3398/3928/197
f 3398/3928/197 3399/3929/204 3392/3922/3422
f 3400/3930/3424 3399/3929/204 3398/3928/197
f 3401/3931/198 3397/3927/193 3372/3901/192
f 3397/3927/193 3401/3931/198 3398/3928/197
f 3398/3928/197 3401/3931/198 3400/3930/3424
f 3372/3901/192 3402/3933/199 3401/3931/198
f 3400/3930/3424 3401/3931/198 3402/3933/199
f 3402/3933/199 3388/3918/3411 3400/3930/3424
f 52/52/93 66/66/121 3403/3934/96
f 3403/3934/96 66/66/121 3404/3935/3425
f 3404/3935/3425 3405/3937/3426 3403/3934/96
f 3405/3937/3426 3404/3935/3425 3406/3938/3427
f 3406/3938/3427 3407/3940/3428 3405/3937/3426
f 3407/3940/3428 3406/3938/3427 3420/3954/3429
f 3408/3941/3430 3403/3934/96 3405/3937/3426
f 3409/3942/3431 3405/3937/3426 3407/3940/3428
f 3405/3937/3426 3409/3942/3431 3408/3941/3430
f 3403/3934/96 3408/3941/3430 3410/3943/3432
f 3410/3943/3432 53/53/94 3403/3934/96
f 53/53/94 3410/3943/3432 3411/3944/97
f 3410/3943/3432 3408/3941/3430 3412/3945/3433
f 3412/3945/3433 3411/3944/97 3410/3943/3432
f 3408/3941/3430 3409/3942/3431 3413/3946/3434
f 3413/3946/3434 3412/3945/3433 3408/3941/3430
f 3411/3944/97 3412/3945/3433 3414/3947/3435
f 3414/3947/3435 3415/3948/95 3411/3944/97
f 65/65/120 3415/3948/95 3414/3947/3435
f 3412/3945/3433 3413/3946/3434 3416/3949/3436
f 3416/3949/3436 3414/3947/3435 3412/3945/3433
f 3414/3947/3435 3417/3950/3437 65/65/120
f 65/65/120 3417/3950/3437 66/67/121
f 3404/3936/3425 66/67/121 3417/3950/3437
f 3418/3951/3438 3417/3950/3437 3414/3947/3435
f 3417/3950/3437 3418/3951/3438 3404/3936/3425
f 3414/3947/3435 3416/3949/3436 3418/3951/3438
f 3406/3939/3427 3404/3936/3425 3418/3951/3438
f 3418/3951/3438 3419/3952/3439 3406/3939/3427
f 3419/3952/3439 3418/3951/3438 3416/3949/3436
f 3420/3953/3429 3406/3939/3427 3419/3952/3439
f 3416/3949/3436 3421/3955/3440 3419/3952/3439
f 3421/3955/3440 3416/3949/3436 3413/3946/3434
f 3419/3952/3439 3422/3956/3441 3420/3953/3429
f 3422/3956/3441 3419/3952/3439 3421/3955/3440
f 3440/3975/3442 3420/3953/3429 3422/3956/3441
f 3413/3946/3434 3423/3957/3443 3421/3955/3440
f 3423/3957/3443 3413/3946/3434 3409/3942/3431
f 3421/3955/3440 3424/3958/3444 3422/3956/3441
f 3424/3958/3444 3421/3955/3440 3423/3957/3443
f 3422/3956/3441 3425/3959/3445 3440/3975/3442
f 3426/3960/3446 3440/3975/3442 3425/3959/3445
f 3425/3959/3445 3427/3962/3447 3426/3960/3446
f 3428/3963/3448 3427/3962/3447 3425/3959/3445
f 3429/3964/3449 3425/3959/3445 3422/3956/3441
f 3425/3959/3445 3429/3964/3449 3428/3963/3448
f 3422/3956/3441 3424/3958/3444 3429/3964/3449
f 3430/3965/3450 3428/3963/3448 3429/3964/3449
f 3431/3966/3451 3429/3964/3449 3424/3958/3444
f 3429/3964/3449 3431/3966/3451 3430/3965/3450
f 3423/3957/3443 3432/3967/3452 3424/3958/3444
f 3424/3958/3444 3432/3967/3452 3431/3966/3451
f 3432/3967/3452 3423/3957/3443 3433/3968/3453
f 3409/3942/3431 3433/3968/3453 3423/3957/3443
f 3407/3940/3428 3433/3968/3453 3409/3942/3431
f 3431/3966/3451 3432/3967/3452 3434/3969/3454
f 3433/3968/3453 3434/3969/3454 3432/3967/3452
f 3433/3968/3453 3407/3940/3428 3435/3970/3455
f 3435/3970/3455 3434/3969/3454 3433/3968/3453
f 3420/3954/3429 3435/3970/3455 3407/3940/3428
f 3434/3969/3454 3436/3971/3456 3431/3966/3451
f 3436/3971/3456 3434/3969/3454 3435/3970/3455
f 3430/3965/3450 3431/3966/3451 3436/3971/3456
f 3436/3971/3456 3437/3972/3457 3430/3965/3450
f 3438/3973/3458 3437/3972/3457 3436/3971/3456
f 3439/3974/3459 3435/3970/3455 3420/3954/3429
f 3435/3970/3455 3439/3974/3459 3436/3971/3456
f 3436/3971/3456 3439/3974/3459 3438/3973/3458
f 3420/3954/3429 3440/3976/3442 3439/3974/3459
f 3438/3973/3458 3439/3974/3459 3440/3976/3442
f 3440/3976/3442 3426/3961/3446 3438/3973/3458
f 55/55/98 3454/3990/123 3441/3977/101
f 3441/3977/101 3454/3990/123 3455/3992/3460
f 3455/3992/3460 3442/3978/3461 3441/3977/101
f 3442/3978/3461 3455/3992/3460 3457/3995/3462
f 3457/3995/3462 3443/3979/3463 3442/3978/3461
f 3443/3979/3463 3457/3995/3462 3459/3999/3464
f 3444/3980/3465 3441/3977/101 3442/3978/3461
f 3445/3981/3466 3442/3978/3461 3443/3979/3463
f 3442/3978/3461 3445/3981/3466 3444/3980/3465
f 3441/3977/101 3444/3980/3465 3446/3982/3467
f 3446/3982/3467 54/54/99 3441/3977/101
f 54/54/99 3446/3982/3467 3447/3983/102
f 3446/3982/3467 3444/3980/3465 3448/3984/3468
f 3448/3984/3468 3447/3983/102 3446/3982/3467
f 3444/3980/3465 3445/3981/3466 3449/3985/3469
f 3449/3985/3469 3448/3984/3468 3444/3980/3465
f 3447/3983/102 3448/3984/3468 3450/3986/3470
f 3450/3986/3470 3451/3987/100 3447/3983/102
f 67/68/122 3451/3987/100 3450/3986/3470
f 3448/3984/3468 3449/3985/3469 3452/3988/3471
f 3452/3988/3471 3450/3986/3470 3448/3984/3468
f 3450/3986/3470 3453/3989/3472 67/68/122
f 67/68/122 3453/3989/3472 3454/3991/123
f 3455/3993/3460 3454/3991/123 3453/3989/3472
f 3456/3994/3473 3453/3989/3472 3450/3986/3470
f 3453/3989/3472 3456/3994/3473 3455/3993/3460
f 3450/3986/3470 3452/3988/3471 3456/3994/3473
f 3457/3996/3462 3455/3993/3460 3456/3994/3473
f 3456/3994/3473 3458/3997/3474 3457/3996/3462
f 3458/3997/3474 3456/3994/3473 3452/3988/3471
f 3459/3998/3464 3457/3996/3462 3458/3997/3474
f 3452/3988/3471 3460/4000/3475 3458/3997/3474
f 3460/4000/3475 3452/3988/3471 3449/3985/3469
f 3458/3997/3474 3461/4001/3476 3459/3998/3464
f 3461/4001/3476 3458/3997/3474 3460/4000/3475
f 3462/4002/3477 3459/3998/3464 3461/4001/3476
f 3449/3985/3469 3463/4004/3478 3460/4000/3475
f 3463/4004/3478 3449/3985/3469 3445/3981/3466
f 3460/4000/3475 3464/4005/3479 3461/4001/3476
f 3464/4005/3479 3460/4000/3475 3463/4004/3478
f 3461/4001/3476 3465/4006/3480 3462/4002/3477
f 3466/4007/3481 3462/4002/3477 3465/4006/3480
f 3465/4006/3480 3467/4009/3482 3466/4007/3481
f 3468/4010/3483 3467/4009/3482 3465/4006/3480
f 3469/4011/3484 3465/4006/3480 3461/4001/3476
f 3465/4006/3480 3469/4011/3484 3468/4010/3483
f 3461/4001/3476 3464/4005/3479 3469/4011/3484
f 3470/4012/3485 3468/4010/3483 3469/4011/3484
f 3471/4013/3486 3469/4011/3484 3464/4005/3479
f 3469/4011/3484 3471/4013/3486 3470/4012/3485
f 3463/4004/3478 3472/4014/3487 3464/4005/3479
f 3464/4005/3479 3472/4014/3487 3471/4013/3486
f 3472/4014/3487 3463/4004/3478 3473/4015/3488
f 3445/3981/3466 3473/4015/3488 3463/4004/3478
f 3443/3979/3463 3473/4015/3488 3445/3981/3466
f 3471/4013/3486 3472/4014/3487 3474/4016/3489
f 3473/4015/3488 3474/4016/3489 3472/4014/3487
f 3473/4015/3488 3443/3979/3463 3475/4017/3490
f 3475/4017/3490 3474/4016/3489 3473/4015/3488
f 3459/3999/3464 3475/4017/3490 3443/3979/3463
f 3474/4016/3489 3476/4018/3491 3471/4013/3486
f 3476/4018/3491 3474/4016/3489 3475/4017/3490
f 3470/4012/3485 3471/4013/3486 3476/4018/3491
f 3476/4018/3491 3477/4019/3492 3470/4012/3485
f 3478/4020/3493 3477/4019/3492 3476/4018/3491
f 3479/4021/3494 3475/4017/3490 3459/3999/3464
f 3475/4017/3490 3479/4021/3494 3476/4018/3491
f 3476/4018/3491 3479/4021/3494 3478/4020/3493
f 3459/3999/3464 3462/4003/3477 3479/4021/3494
f 3478/4020/3493 3479/4021/3494 3462/4003/3477
f 3462/4003/3477 3466/4008/3481 3478/4020/3493
f 640/700/725 639/698/724 2492/2862/2594
f 2492/2862/2594 3480/4022/3495 640/700/725
f 3480/4022/3495 2492/2862/2594 2489/2859/2591
f 640/700/725 3480/4022/3495 3481/4023/3496
f 3481/4023/3496 3482/4025/726 640/700/725
f 2489/2859/2591 3483/4026/3497 3480/4022/3495
f 3483/4026/3497 2489/2859/2591 3484/4027/2586
f 3482/4025/726 3481/4023/3496 3485/4028/3498
f 3485/4028/3498 642/703/728 3482/4025/726
f 3486/4029/3499 3481/4023/3496 3480/4022/3495
f 3480/4022/3495 3483/4026/3497 3486/4029/3499
f 3485/4028/3498 3481/4023/3496 3486/4029/3499
f 3484/4027/2586 3487/4030/3500 3483/4026/3497
f 3486/4029/3499 3483/4026/3497 3487/4030/3500
f 642/703/728 3485/4028/3498 3488/4031/3501
f 644/707/617 642/703/728 3488/4031/3501
f 3486/4029/3499 3489/4032/3502 3485/4028/3498
f 3488/4031/3501 3485/4028/3498 3489/4032/3502
f 3488/4031/3501 3490/4033/3503 644/707/617
f 3491/4035/614 644/707/617 3490/4033/3503
f 3489/4032/3502 3492/4036/3504 3488/4031/3501
f 3490/4033/3503 3488/4031/3501 3492/4036/3504
f 3493/4037/3505 3492/4036/3504 3489/4032/3502
f 3490/4033/3503 3492/4036/3504 3493/4037/3505
f 3494/4038/3506 3489/4032/3502 3486/4029/3499
f 3489/4032/3502 3494/4038/3506 3493/4037/3505
f 3490/4033/3503 3495/4039/3507 3491/4035/614
f 3495/4039/3507 540/589/611 3491/4035/614
f 3493/4037/3505 3496/4040/3508 3490/4033/3503
f 3495/4039/3507 3490/4033/3503 3496/4040/3508
f 3497/4041/3509 540/589/611 3495/4039/3507
f 3498/4043/607 540/589/611 3497/4041/3509
f 3496/4040/3508 3499/4044/3510 3495/4039/3507
f 3495/4039/3507 3499/4044/3510 3497/4041/3509
f 3497/4041/3509 3500/4045/3511 3498/4043/607
f 3500/4045/3511 3501/4047/604 3498/4043/607
f 3500/4045/3511 3502/4048/3512 3501/4047/604
f 3500/4045/3511 3497/4041/3509 3502/4048/3512
f 3520/4069/601 3501/4047/604 3502/4048/3512
f 3502/4048/3512 3519/4066/893 3520/4069/601
f 3519/4066/893 3502/4048/3512 797/880/892
f 797/880/892 3502/4048/3512 3503/4049/3513
f 3503/4049/3513 3502/4048/3512 3497/4041/3509
f 3503/4049/3513 795/878/890 797/880/892
f 3504/4050/3514 3503/4049/3513 3497/4041/3509
f 795/878/890 3503/4049/3513 3504/4050/3514
f 3497/4041/3509 3499/4044/3510 3504/4050/3514
f 3504/4050/3514 790/873/885 795/878/890
f 3505/4051/3515 3504/4050/3514 3499/4044/3510
f 790/873/885 3504/4050/3514 3505/4051/3515
f 3499/4044/3510 3496/4040/3508 3505/4051/3515
f 3505/4051/3515 792/875/887 790/873/885
f 3505/4051/3515 3496/4040/3508 3506/4052/3516
f 3496/4040/3508 3493/4037/3505 3506/4052/3516
f 792/875/887 3505/4051/3515 3507/4053/3517
f 3506/4052/3516 3507/4053/3517 3505/4051/3515
f 3507/4053/3517 794/877/889 792/875/887
f 3508/4054/3518 3506/4052/3516 3493/4037/3505
f 3493/4037/3505 3494/4038/3506 3508/4054/3518
f 3509/4055/3519 3507/4053/3517 3506/4052/3516
f 3506/4052/3516 3508/4054/3518 3509/4055/3519
f 3507/4053/3517 3509/4055/3519 794/877/889
f 3510/4056/3520 3508/4054/3518 3494/4038/3506
f 3511/4057/3521 3509/4055/3519 3508/4054/3518
f 3508/4054/3518 3510/4056/3520 3511/4057/3521
f 3494/4038/3506 3512/4058/3522 3510/4056/3520
f 3486/4029/3499 3512/4058/3522 3494/4038/3506
f 3487/4030/3500 3512/4058/3522 3486/4029/3499
f 3513/4059/3523 3510/4056/3520 3512/4058/3522
f 3512/4058/3522 3487/4030/3500 3513/4059/3523
f 3511/4057/3521 3510/4056/3520 3513/4059/3523
f 3513/4059/3523 3487/4030/3500 3484/4027/2586
f 3484/4027/2586 3514/4060/2582 3513/4059/3523
f 3515/4061/3524 3513/4059/3523 3514/4060/2582
f 3513/4059/3523 3515/4061/3524 3511/4057/3521
f 3514/4060/2582 532/580/597 3515/4061/3524
f 532/580/597 3516/4063/596 3515/4061/3524
f 3517/4064/3525 3511/4057/3521 3515/4061/3524
f 3517/4064/3525 3509/4055/3519 3511/4057/3521
f 3518/4065/3526 3515/4061/3524 3516/4063/596
f 3515/4061/3524 3518/4065/3526 3517/4064/3525
f 3519/4067/893 3516/4063/596 3520/4070/601
f 3516/4063/596 3519/4067/893 3521/4071/3527
f 3516/4063/596 3521/4071/3527 3518/4065/3526
f 3521/4071/3527 3519/4067/893 798/882/862
f 798/882/862 3522/4072/3528 3521/4071/3527
f 3521/4071/3527 3522/4072/3528 3518/4065/3526
f 767/850/861 3522/4072/3528 798/882/862
f 3518/4065/3526 3522/4072/3528 3523/4073/3529
f 3523/4073/3529 3517/4064/3525 3518/4065/3526
f 3522/4072/3528 767/850/861 3524/4074/3530
f 3524/4074/3530 3523/4073/3529 3522/4072/3528
f 768/851/863 3524/4074/3530 767/850/861
f 3524/4074/3530 768/851/863 775/858/870
f 3517/4064/3525 3523/4073/3529 3525/4075/3531
f 3525/4075/3531 3509/4055/3519 3517/4064/3525
f 3525/4075/3531 794/877/889 3509/4055/3519
f 3523/4073/3529 3524/4074/3530 3526/4076/3532
f 3526/4076/3532 3525/4075/3531 3523/4073/3529
f 775/858/870 3526/4076/3532 3524/4074/3530
f 794/877/889 3525/4075/3531 3526/4076/3532
f 784/867/879 3526/4076/3532 775/858/870
f 3526/4076/3532 784/867/879 794/877/889
f 3527/4077/3533 3568/4124/3534 3528/4078/3535
f 3528/4078/3535 3529/4080/3536 3527/4077/3533
f 3529/4080/3536 3528/4078/3535 3557/4112/3537
f 3527/4077/3533 3529/4080/3536 3530/4081/3538
f 3530/4081/3538 3531/4082/3539 3527/4077/3533
f 3532/4083/3540 3531/4082/3539 3530/4081/3538
f 3557/4112/3537 3533/4084/3541 3529/4080/3536
f 3530/4081/3538 3529/4080/3536 3533/4084/3541
f 3534/4085/3542 3533/4084/3541 3557/4112/3537
f 3557/4112/3537 3554/4108/3543 3534/4085/3542
f 3533/4084/3541 3535/4086/3544 3530/4081/3538
f 3536/4087/3545 3534/4085/3542 3554/4108/3543
f 3554/4108/3543 3537/4088/3546 3536/4087/3545
f 3533/4084/3541 3534/4085/3542 3538/4090/3547
f 3538/4090/3547 3535/4086/3544 3533/4084/3541
f 3534/4085/3542 3536/4087/3545 3539/4091/3548
f 3539/4091/3548 3538/4090/3547 3534/4085/3542
f 3540/4092/3549 3536/4087/3545 3537/4088/3546
f 3537/4088/3546 3551/4104/3550 3540/4092/3549
f 3540/4092/3549 3551/4104/3550 3541/4093/3551
f 3541/4093/3551 3542/4095/3552 3540/4092/3549
f 3536/4087/3545 3540/4092/3549 3543/4096/3553
f 3543/4096/3553 3539/4091/3548 3536/4087/3545
f 3540/4092/3549 3542/4095/3552 3544/4097/3554
f 3544/4097/3554 3543/4096/3553 3540/4092/3549
f 3545/4098/3555 3544/4097/3554 3542/4095/3552
f 3546/4099/3556 3543/4096/3553 3544/4097/3554
f 3544/4097/3554 3545/4098/3555 3546/4099/3556
f 3547/4100/3557 3539/4091/3548 3543/4096/3553
f 3543/4096/3553 3546/4099/3556 3547/4100/3557
f 3542/4095/3552 3548/4101/3558 3545/4098/3555
f 3548/4101/3558 3542/4095/3552 3541/4094/3551
f 3549/4102/3559 3546/4099/3556 3545/4098/3555
f 3545/4098/3555 3548/4101/3558 3549/4102/3559
f 3541/4094/3551 3550/4103/3560 3548/4101/3558
f 3549/4102/3559 3548/4101/3558 3550/4103/3560
f 3550/4103/3560 3541/4094/3551 3551/4105/3550
f 3551/4105/3550 3552/4106/3561 3550/4103/3560
f 3550/4103/3560 3552/4106/3561 3549/4102/3559
f 3552/4106/3561 3551/4105/3550 3537/4089/3546
f 3537/4089/3546 3553/4107/3562 3552/4106/3561
f 3549/4102/3559 3552/4106/3561 3553/4107/3562
f 3553/4107/3562 3537/4089/3546 3554/4109/3543
f 3546/4099/3556 3549/4102/3559 3555/4110/3563
f 3553/4107/3562 3555/4110/3563 3549/4102/3559
f 3555/4110/3563 3547/4100/3557 3546/4099/3556
f 3554/4109/3543 3556/4111/3564 3553/4107/3562
f 3555/4110/3563 3553/4107/3562 3556/4111/3564
f 3556/4111/3564 3554/4109/3543 3557/4113/3537
f 3547/4100/3557 3555/4110/3563 3558/4114/3565
f 3556/4111/3564 3558/4114/3565 3555/4110/3563
f 3557/4113/3537 3559/4115/3566 3556/4111/3564
f 3558/4114/3565 3556/4111/3564 3559/4115/3566
f 3559/4115/3566 3557/4113/3537 3528/4079/3535
f 3558/4114/3565 3560/4116/3567 3547/4100/3557
f 3539/4091/3548 3547/4100/3557 3560/4116/3567
f 3560/4116/3567 3538/4090/3547 3539/4091/3548
f 3560/4116/3567 3558/4114/3565 3561/4117/3568
f 3559/4115/3566 3561/4117/3568 3558/4114/3565
f 3538/4090/3547 3560/4116/3567 3562/4118/3569
f 3561/4117/3568 3562/4118/3569 3560/4116/3567
f 3562/4118/3569 3535/4086/3544 3538/4090/3547
f 3535/4086/3544 3562/4118/3569 3563/4119/3570
f 3563/4119/3570 3562/4118/3569 3561/4117/3568
f 3563/4119/3570 3530/4081/3538 3535/4086/3544
f 3530/4081/3538 3563/4119/3570 3532/4083/3540
f 3561/4117/3568 3564/4120/3571 3563/4119/3570
f 3532/4083/3540 3563/4119/3570 3564/4120/3571
f 3564/4120/3571 3561/4117/3568 3559/4115/3566
f 3564/4120/3571 3565/4121/3572 3532/4083/3540
f 3559/4115/3566 3566/4122/3573 3564/4120/3571
f 3565/4121/3572 3564/4120/3571 3566/4122/3573
f 3528/4079/3535 3566/4122/3573 3559/4115/3566
f 3566/4122/3573 3567/4123/3574 3565/4121/3572
f 3566/4122/3573 3528/4079/3535 3568/4125/3534
f 3568/4125/3534 3567/4123/3574 3566/4122/3573
f 3569/4126/3575 3570/4127/3576 3571/4129/3577
f 3571/4129/3577 3572/4131/3578 3569/4126/3575
f 3572/4131/3578 3571/4129/3577 3573/4132/3579
f 3569/4126/3575 3572/4131/3578 3574/4134/3580
f 3574/4134/3580 3575/4135/3581 3569/4126/3575
f 3576/4136/3582 3575/4135/3581 3574/4134/3580
f 3573/4132/3579 3577/4137/3583 3572/4131/3578
f 3574/4134/3580 3572/4131/3578 3577/4137/3583
f 3578/4138/3584 3577/4137/3583 3573/4132/3579
f 3573/4132/3579 3579/4139/3585 3578/4138/3584
f 3577/4137/3583 3580/4141/3586 3574/4134/3580
f 3581/4142/3587 3578/4138/3584 3579/4139/3585
f 3579/4139/3585 3582/4143/3588 3581/4142/3587
f 3577/4137/3583 3578/4138/3584 3583/4145/3589
f 3583/4145/3589 3580/4141/3586 3577/4137/3583
f 3578/4138/3584 3581/4142/3587 3584/4146/3590
f 3584/4146/3590 3583/4145/3589 3578/4138/3584
f 3585/4147/3591 3581/4142/3587 3582/4143/3588
f 3582/4143/3588 3596/4159/3592 3585/4147/3591
f 3585/4147/3591 3596/4159/3592 3593/4155/3593
f 3593/4155/3593 3586/4148/3594 3585/4147/3591
f 3581/4142/3587 3585/4147/3591 3587/4149/3595
f 3587/4149/3595 3584/4146/3590 3581/4142/3587
f 3585/4147/3591 3586/4148/3594 3588/4150/3596
f 3588/4150/3596 3587/4149/3595 3585/4147/3591
f 3589/4151/3597 3588/4150/3596 3586/4148/3594
f 3590/4152/3598 3587/4149/3595 3588/4150/3596
f 3588/4150/3596 3589/4151/3597 3590/4152/3598
f 3591/4153/3599 3584/4146/3590 3587/4149/3595
f 3587/4149/3595 3590/4152/3598 3591/4153/3599
f 3586/4148/3594 3592/4154/3600 3589/4151/3597
f 3592/4154/3600 3586/4148/3594 3593/4156/3593
f 3594/4157/3601 3590/4152/3598 3589/4151/3597
f 3589/4151/3597 3592/4154/3600 3594/4157/3601
f 3593/4156/3593 3595/4158/3602 3592/4154/3600
f 3594/4157/3601 3592/4154/3600 3595/4158/3602
f 3595/4158/3602 3593/4156/3593 3596/4160/3592
f 3596/4160/3592 3597/4161/3603 3595/4158/3602
f 3595/4158/3602 3597/4161/3603 3594/4157/3601
f 3597/4161/3603 3596/4160/3592 3582/4144/3588
f 3582/4144/3588 3598/4162/3604 3597/4161/3603
f 3594/4157/3601 3597/4161/3603 3598/4162/3604
f 3598/4162/3604 3582/4144/3588 3579/4140/3585
f 3590/4152/3598 3594/4157/3601 3599/4163/3605
f 3598/4162/3604 3599/4163/3605 3594/4157/3601
f 3599/4163/3605 3591/4153/3599 3590/4152/3598
f 3579/4140/3585 3600/4164/3606 3598/4162/3604
f 3599/4163/3605 3598/4162/3604 3600/4164/3606
f 3600/4164/3606 3579/4140/3585 3573/4133/3579
f 3591/4153/3599 3599/4163/3605 3601/4165/3607
f 3600/4164/3606 3601/4165/3607 3599/4163/3605
f 3573/4133/3579 3602/4166/3608 3600/4164/3606
f 3601/4165/3607 3600/4164/3606 3602/4166/3608
f 3602/4166/3608 3573/4133/3579 3571/4130/3577
f 3601/4165/3607 3603/4167/3609 3591/4153/3599
f 3584/4146/3590 3591/4153/3599 3603/4167/3609
f 3603/4167/3609 3583/4145/3589 3584/4146/3590
f 3603/4167/3609 3601/4165/3607 3604/4168/3610
f 3602/4166/3608 3604/4168/3610 3601/4165/3607
f 3583/4145/3589 3603/4167/3609 3605/4169/3611
f 3604/4168/3610 3605/4169/3611 3603/4167/3609
f 3605/4169/3611 3580/4141/3586 3583/4145/3589
f 3580/4141/3586 3605/4169/3611 3606/4170/3612
f 3606/4170/3612 3605/4169/3611 3604/4168/3610
f 3606/4170/3612 3574/4134/3580 3580/4141/3586
f 3574/4134/3580 3606/4170/3612 3576/4136/3582
f 3604/4168/3610 3607/4171/3613 3606/4170/3612
f 3576/4136/3582 3606/4170/3612 3607/4171/3613
f 3607/4171/3613 3604/4168/3610 3602/4166/3608
f 3607/4171/3613 3608/4172/3614 3576/4136/3582
f 3602/4166/3608 3609/4173/3615 3607/4171/3613
f 3608/4172/3614 3607/4171/3613 3609/4173/3615
f 3571/4130/3577 3609/4173/3615 3602/4166/3608
f 3609/4173/3615 3610/4174/3616 3608/4172/3614
f 3609/4173/3615 3571/4130/3577 3570/4128/3576
f 3570/4128/3576 3610/4174/3616 3609/4173/3615
f 3611/4175/3617 3612/4176/3618 3613/4178/3619
f 3613/4178/3619 3614/4180/3620 3611/4175/3617
f 3614/4180/3620 3613/4178/3619 3615/4181/3621
f 3611/4175/3617 3614/4180/3620 3616/4183/3622
f 3616/4183/3622 3617/4184/3623 3611/4175/3617
f 3618/4185/3624 3617/4184/3623 3616/4183/3622
f 3615/4181/3621 3619/4186/3625 3614/4180/3620
f 3616/4183/3622 3614/4180/3620 3619/4186/3625
f 3620/4187/3626 3619/4186/3625 3615/4181/3621
f 3615/4181/3621 3621/4188/3627 3620/4187/3626
f 3619/4186/3625 3622/4190/3628 3616/4183/3622
f 3623/4191/3629 3620/4187/3626 3621/4188/3627
f 3621/4188/3627 3624/4192/3630 3623/4191/3629
f 3619/4186/3625 3620/4187/3626 3625/4194/3631
f 3625/4194/3631 3622/4190/3628 3619/4186/3625
f 3620/4187/3626 3623/4191/3629 3626/4195/3632
f 3626/4195/3632 3625/4194/3631 3620/4187/3626
f 3627/4196/3633 3623/4191/3629 3624/4192/3630
f 3624/4192/3630 3628/4197/3634 3627/4196/3633
f 3627/4196/3633 3628/4197/3634 3636/4206/3635
f 3636/4206/3635 3629/4199/3636 3627/4196/3633
f 3623/4191/3629 3627/4196/3633 3630/4200/3637
f 3630/4200/3637 3626/4195/3632 3623/4191/3629
f 3627/4196/3633 3629/4199/3636 3631/4201/3638
f 3631/4201/3638 3630/4200/3637 3627/4196/3633
f 3632/4202/3639 3631/4201/3638 3629/4199/3636
f 3633/4203/3640 3630/4200/3637 3631/4201/3638
f 3631/4201/3638 3632/4202/3639 3633/4203/3640
f 3634/4204/3641 3626/4195/3632 3630/4200/3637
f 3630/4200/3637 3633/4203/3640 3634/4204/3641
f 3629/4199/3636 3635/4205/3642 3632/4202/3639
f 3635/4205/3642 3629/4199/3636 3636/4207/3635
f 3637/4208/3643 3633/4203/3640 3632/4202/3639
f 3632/4202/3639 3635/4205/3642 3637/4208/3643
f 3636/4207/3635 3638/4209/3644 3635/4205/3642
f 3637/4208/3643 3635/4205/3642 3638/4209/3644
f 3638/4209/3644 3636/4207/3635 3628/4198/3634
f 3628/4198/3634 3639/4210/3645 3638/4209/3644
f 3638/4209/3644 3639/4210/3645 3637/4208/3643
f 3639/4210/3645 3628/4198/3634 3624/4193/3630
f 3624/4193/3630 3640/4211/3646 3639/4210/3645
f 3637/4208/3643 3639/4210/3645 3640/4211/3646
f 3640/4211/3646 3624/4193/3630 3621/4189/3627
f 3633/4203/3640 3637/4208/3643 3641/4212/3647
f 3640/4211/3646 3641/4212/3647 3637/4208/3643
f 3641/4212/3647 3634/4204/3641 3633/4203/3640
f 3621/4189/3627 3642/4213/3648 3640/4211/3646
f 3641/4212/3647 3640/4211/3646 3642/4213/3648
f 3642/4213/3648 3621/4189/3627 3615/4182/3621
f 3634/4204/3641 3641/4212/3647 3643/4214/3649
f 3642/4213/3648 3643/4214/3649 3641/4212/3647
f 3615/4182/3621 3644/4215/3650 3642/4213/3648
f 3643/4214/3649 3642/4213/3648 3644/4215/3650
f 3644/4215/3650 3615/4182/3621 3613/4179/3619
f 3643/4214/3649 3645/4216/3651 3634/4204/3641
f 3626/4195/3632 3634/4204/3641 3645/4216/3651
f 3645/4216/3651 3625/4194/3631 3626/4195/3632
f 3645/4216/3651 3643/4214/3649 3646/4217/3652
f 3644/4215/3650 3646/4217/3652 3643/4214/3649
f 3625/4194/3631 3645/4216/3651 3647/4218/3653
f 3646/4217/3652 3647/4218/3653 3645/4216/3651
f 3647/4218/3653 3622/4190/3628 3625/4194/3631
f 3622/4190/3628 3647/4218/3653 3648/4219/3654
f 3648/4219/3654 3647/4218/3653 3646/4217/3652
f 3648/4219/3654 3616/4183/3622 3622/4190/3628
f 3616/4183/3622 3648/4219/3654 3618/4185/3624
f 3646/4217/3652 3649/4220/3655 3648/4219/3654
f 3618/4185/3624 3648/4219/3654 3649/4220/3655
f 3649/4220/3655 3646/4217/3652 3644/4215/3650
f 3649/4220/3655 3650/4221/3656 3618/4185/3624
f 3644/4215/3650 3651/4222/3657 3649/4220/3655
f 3650/4221/3656 3649/4220/3655 3651/4222/3657
f 3613/4179/3619 3651/4222/3657 3644/4215/3650
f 3651/4222/3657 3652/4223/3658 3650/4221/3656
f 3651/4222/3657 3613/4179/3619 3612/4177/3618
f 3612/4177/3618 3652/4223/3658 3651/4222/3657
f 3653/4224/3659 3694/4271/3660 3685/4261/3661
f 3685/4261/3661 3654/4225/3662 3653/4224/3659
f 3654/4225/3662 3685/4261/3661 3655/4226/3663
f 3653/4224/3659 3654/4225/3662 3656/4228/3664
f 3656/4228/3664 3657/4229/3665 3653/4224/3659
f 3658/4230/3666 3657/4229/3665 3656/4228/3664
f 3655/4226/3663 3659/4231/3667 3654/4225/3662
f 3656/4228/3664 3654/4225/3662 3659/4231/3667
f 3660/4232/3668 3659/4231/3667 3655/4226/3663
f 3655/4226/3663 3661/4233/3669 3660/4232/3668
f 3659/4231/3667 3662/4235/3670 3656/4228/3664
f 3663/4236/3671 3660/4232/3668 3661/4233/3669
f 3661/4233/3669 3664/4237/3672 3663/4236/3671
f 3659/4231/3667 3660/4232/3668 3665/4239/3673
f 3665/4239/3673 3662/4235/3670 3659/4231/3667
f 3660/4232/3668 3663/4236/3671 3666/4240/3674
f 3666/4240/3674 3665/4239/3673 3660/4232/3668
f 3667/4241/3675 3663/4236/3671 3664/4237/3672
f 3664/4237/3672 3678/4253/3676 3667/4241/3675
f 3667/4241/3675 3678/4253/3676 3675/4249/3677
f 3675/4249/3677 3668/4242/3678 3667/4241/3675
f 3663/4236/3671 3667/4241/3675 3669/4243/3679
f 3669/4243/3679 3666/4240/3674 3663/4236/3671
f 3667/4241/3675 3668/4242/3678 3670/4244/3680
f 3670/4244/3680 3669/4243/3679 3667/4241/3675
f 3671/4245/3681 3670/4244/3680 3668/4242/3678
f 3672/4246/3682 3669/4243/3679 3670/4244/3680
f 3670/4244/3680 3671/4245/3681 3672/4246/3682
f 3673/4247/3683 3666/4240/3674 3669/4243/3679
f 3669/4243/3679 3672/4246/3682 3673/4247/3683
f 3668/4242/3678 3674/4248/3684 3671/4245/3681
f 3674/4248/3684 3668/4242/3678 3675/4250/3677
f 3676/4251/3685 3672/4246/3682 3671/4245/3681
f 3671/4245/3681 3674/4248/3684 3676/4251/3685
f 3675/4250/3677 3677/4252/3686 3674/4248/3684
f 3676/4251/3685 3674/4248/3684 3677/4252/3686
f 3677/4252/3686 3675/4250/3677 3678/4254/3676
f 3678/4254/3676 3679/4255/3687 3677/4252/3686
f 3677/4252/3686 3679/4255/3687 3676/4251/3685
f 3679/4255/3687 3678/4254/3676 3664/4238/3672
f 3664/4238/3672 3680/4256/3688 3679/4255/3687
f 3676/4251/3685 3679/4255/3687 3680/4256/3688
f 3680/4256/3688 3664/4238/3672 3661/4234/3669
f 3672/4246/3682 3676/4251/3685 3681/4257/3689
f 3680/4256/3688 3681/4257/3689 3676/4251/3685
f 3681/4257/3689 3673/4247/3683 3672/4246/3682
f 3661/4234/3669 3682/4258/3690 3680/4256/3688
f 3681/4257/3689 3680/4256/3688 3682/4258/3690
f 3682/4258/3690 3661/4234/3669 3655/4227/3663
f 3673/4247/3683 3681/4257/3689 3683/4259/3691
f 3682/4258/3690 3683/4259/3691 3681/4257/3689
f 3655/4227/3663 3684/4260/3692 3682/4258/3690
f 3683/4259/3691 3682/4258/3690 3684/4260/3692
f 3684/4260/3692 3655/4227/3663 3685/4262/3661
f 3683/4259/3691 3686/4263/3693 3673/4247/3683
f 3666/4240/3674 3673/4247/3683 3686/4263/3693
f 3686/4263/3693 3665/4239/3673 3666/4240/3674
f 3686/4263/3693 3683/4259/3691 3687/4264/3694
f 3684/4260/3692 3687/4264/3694 3683/4259/3691
f 3665/4239/3673 3686/4263/3693 3688/4265/3695
f 3687/4264/3694 3688/4265/3695 3686/4263/3693
f 3688/4265/3695 3662/4235/3670 3665/4239/3673
f 3662/4235/3670 3688/4265/3695 3689/4266/3696
f 3689/4266/3696 3688/4265/3695 3687/4264/3694
f 3689/4266/3696 3656/4228/3664 3662/4235/3670
f 3656/4228/3664 3689/4266/3696 3658/4230/3666
f 3687/4264/3694 3690/4267/3697 3689/4266/3696
f 3658/4230/3666 3689/4266/3696 3690/4267/3697
f 3690/4267/3697 3687/4264/3694 3684/4260/3692
f 3690/4267/3697 3691/4268/3698 3658/4230/3666
f 3684/4260/3692 3692/4269/3699 3690/4267/3697
f 3691/4268/3698 3690/4267/3697 3692/4269/3699
f 3685/4262/3661 3692/4269/3699 3684/4260/3692
f 3692/4269/3699 3693/4270/3700 3691/4268/3698
f 3692/4269/3699 3685/4262/3661 3694/4272/3660
f 3694/4272/3660 3693/4270/3700 3692/4269/3699
f 3695/4273/3701 3736/4320/3702 3696/4274/3703
f 3696/4274/3703 3697/4276/3704 3695/4273/3701
f 3697/4276/3704 3696/4274/3703 3725/4308/3705
f 3695/4273/3701 3697/4276/3704 3698/4277/3706
f 3698/4277/3706 3699/4278/3707 3695/4273/3701
f 3700/4279/3708 3699/4278/3707 3698/4277/3706
f 3725/4308/3705 3701/4280/3709 3697/4276/3704
f 3698/4277/3706 3697/4276/3704 3701/4280/3709
f 3702/4281/3710 3701/4280/3709 3725/4308/3705
f 3725/4308/3705 3703/4282/3711 3702/4281/3710
f 3701/4280/3709 3704/4284/3712 3698/4277/3706
f 3705/4285/3713 3702/4281/3710 3703/4282/3711
f 3703/4282/3711 3706/4286/3714 3705/4285/3713
f 3701/4280/3709 3702/4281/3710 3707/4288/3715
f 3707/4288/3715 3704/4284/3712 3701/4280/3709
f 3702/4281/3710 3705/4285/3713 3708/4289/3716
f 3708/4289/3716 3707/4288/3715 3702/4281/3710
f 3709/4290/3717 3705/4285/3713 3706/4286/3714
f 3706/4286/3714 3710/4291/3718 3709/4290/3717
f 3709/4290/3717 3710/4291/3718 3718/4300/3719
f 3718/4300/3719 3711/4293/3720 3709/4290/3717
f 3705/4285/3713 3709/4290/3717 3712/4294/3721
f 3712/4294/3721 3708/4289/3716 3705/4285/3713
f 3709/4290/3717 3711/4293/3720 3713/4295/3722
f 3713/4295/3722 3712/4294/3721 3709/4290/3717
f 3714/4296/3723 3713/4295/3722 3711/4293/3720
f 3715/4297/3724 3712/4294/3721 3713/4295/3722
f 3713/4295/3722 3714/4296/3723 3715/4297/3724
f 3716/4298/3725 3708/4289/3716 3712/4294/3721
f 3712/4294/3721 3715/4297/3724 3716/4298/3725
f 3711/4293/3720 3717/4299/3726 3714/4296/3723
f 3717/4299/3726 3711/4293/3720 3718/4301/3719
f 3719/4302/3727 3715/4297/3724 3714/4296/3723
f 3714/4296/3723 3717/4299/3726 3719/4302/3727
f 3718/4301/3719 3720/4303/3728 3717/4299/3726
f 3719/4302/3727 3717/4299/3726 3720/4303/3728
f 3720/4303/3728 3718/4301/3719 3710/4292/3718
f 3710/4292/3718 3721/4304/3729 3720/4303/3728
f 3720/4303/3728 3721/4304/3729 3719/4302/3727
f 3721/4304/3729 3710/4292/3718 3706/4287/3714
f 3706/4287/3714 3722/4305/3730 3721/4304/3729
f 3719/4302/3727 3721/4304/3729 3722/4305/3730
f 3722/4305/3730 3706/4287/3714 3703/4283/3711
f 3715/4297/3724 3719/4302/3727 3723/4306/3731
f 3722/4305/3730 3723/4306/3731 3719/4302/3727
f 3723/4306/3731 3716/4298/3725 3715/4297/3724
f 3703/4283/3711 3724/4307/3732 3722/4305/3730
f 3723/4306/3731 3722/4305/3730 3724/4307/3732
f 3724/4307/3732 3703/4283/3711 3725/4309/3705
f 3716/4298/3725 3723/4306/3731 3726/4310/3733
f 3724/4307/3732 3726/4310/3733 3723/4306/3731
f 3725/4309/3705 3727/4311/3734 3724/4307/3732
f 3726/4310/3733 3724/4307/3732 3727/4311/3734
f 3727/4311/3734 3725/4309/3705 3696/4275/3703
f 3726/4310/3733 3728/4312/3735 3716/4298/3725
f 3708/4289/3716 3716/4298/3725 3728/4312/3735
f 3728/4312/3735 3707/4288/3715 3708/4289/3716
f 3728/4312/3735 3726/4310/3733 3729/4313/3736
f 3727/4311/3734 3729/4313/3736 3726/4310/3733
f 3707/4288/3715 3728/4312/3735 3730/4314/3737
f 3729/4313/3736 3730/4314/3737 3728/4312/3735
f 3730/4314/3737 3704/4284/3712 3707/4288/3715
f 3704/4284/3712 3730/4314/3737 3731/4315/3738
f 3731/4315/3738 3730/4314/3737 3729/4313/3736
f 3731/4315/3738 3698/4277/3706 3704/4284/3712
f 3698/4277/3706 3731/4315/3738 3700/4279/3708
f 3729/4313/3736 3732/4316/3739 3731/4315/3738
f 3700/4279/3708 3731/4315/3738 3732/4316/3739
f 3732/4316/3739 3729/4313/3736 3727/4311/3734
f 3732/4316/3739 3733/4317/3740 3700/4279/3708
f 3727/4311/3734 3734/4318/3741 3732/4316/3739
f 3733/4317/3740 3732/4316/3739 3734/4318/3741
f 3696/4275/3703 3734/4318/3741 3727/4311/3734
f 3734/4318/3741 3735/4319/3742 3733/4317/3740
f 3734/4318/3741 3696/4275/3703 3736/4321/3702
f 3736/4321/3702 3735/4319/3742 3734/4318/3741
f 3770/4361/3743 3737/4322/3744 3738/4324/3745
f 3738/4324/3745 3739/4325/3746 3770/4361/3743
f 3740/4326/3747 3770/4361/3743 3739/4325/3746
f 3741/4328/3748 3739/4325/3746 3738/4324/3745
f 3738/4324/3745 3742/4329/3749 3741/4328/3748
f 3741/4328/3748 3742/4329/3749 3743/4330/3750
f 3739/4325/3746 3744/4331/3751 3740/4326/3747
f 3744/4331/3751 3739/4325/3746 3741/4328/3748
f 3740/4326/3747 3744/4331/3751 3745/4332/3752
f 3745/4332/3752 3746/4333/3753 3740/4326/3747
f 3741/4328/3748 3747/4335/3754 3744/4331/3751
f 3746/4333/3753 3745/4332/3752 3748/4336/3755
f 3748/4336/3755 3749/4337/3756 3746/4333/3753
f 3750/4339/3757 3745/4332/3752 3744/4331/3751
f 3744/4331/3751 3747/4335/3754 3750/4339/3757
f 3751/4340/3758 3748/4336/3755 3745/4332/3752
f 3745/4332/3752 3750/4339/3757 3751/4340/3758
f 3749/4337/3756 3748/4336/3755 3752/4341/3759
f 3752/4341/3759 3753/4342/3760 3749/4337/3756
f 3761/4351/3761 3753/4342/3760 3752/4341/3759
f 3752/4341/3759 3754/4344/3762 3761/4351/3761
f 3755/4345/3763 3752/4341/3759 3748/4336/3755
f 3748/4336/3755 3751/4340/3758 3755/4345/3763
f 3756/4346/3764 3754/4344/3762 3752/4341/3759
f 3752/4341/3759 3755/4345/3763 3756/4346/3764
f 3754/4344/3762 3756/4346/3764 3757/4347/3765
f 3756/4346/3764 3755/4345/3763 3758/4348/3766
f 3758/4348/3766 3757/4347/3765 3756/4346/3764
f 3755/4345/3763 3751/4340/3758 3759/4349/3767
f 3759/4349/3767 3758/4348/3766 3755/4345/3763
f 3757/4347/3765 3760/4350/3768 3754/4344/3762
f 3761/4352/3761 3754/4344/3762 3760/4350/3768
f 3757/4347/3765 3758/4348/3766 3762/4353/3769
f 3762/4353/3769 3760/4350/3768 3757/4347/3765
f 3760/4350/3768 3763/4354/3770 3761/4352/3761
f 3763/4354/3770 3760/4350/3768 3762/4353/3769
f 3753/4343/3760 3761/4352/3761 3763/4354/3770
f 3763/4354/3770 3764/4355/3771 3753/4343/3760
f 3762/4353/3769 3764/4355/3771 3763/4354/3770
f 3749/4338/3756 3753/4343/3760 3764/4355/3771
f 3764/4355/3771 3765/4356/3772 3749/4338/3756
f 3765/4356/3772 3764/4355/3771 3762/4353/3769
f 3746/4334/3753 3749/4338/3756 3765/4356/3772
f 3766/4357/3773 3762/4353/3769 3758/4348/3766
f 3762/4353/3769 3766/4357/3773 3765/4356/3772
f 3758/4348/3766 3759/4349/3767 3766/4357/3773
f 3765/4356/3772 3767/4358/3774 3746/4334/3753
f 3767/4358/3774 3765/4356/3772 3766/4357/3773
f 3740/4327/3747 3746/4334/3753 3767/4358/3774
f 3768/4359/3775 3766/4357/3773 3759/4349/3767
f 3766/4357/3773 3768/4359/3775 3767/4358/3774
f 3767/4358/3774 3769/4360/3776 3740/4327/3747
f 3769/4360/3776 3767/4358/3774 3768/4359/3775
f 3770/4362/3743 3740/4327/3747 3769/4360/3776
f 3759/4349/3767 3771/4363/3777 3768/4359/3775
f 3771/4363/3777 3759/4349/3767 3751/4340/3758
f 3751/4340/3758 3750/4339/3757 3771/4363/3777
f 3772/4364/3778 3768/4359/3775 3771/4363/3777
f 3768/4359/3775 3772/4364/3778 3769/4360/3776
f 3773/4365/3779 3771/4363/3777 3750/4339/3757
f 3771/4363/3777 3773/4365/3779 3772/4364/3778
f 3750/4339/3757 3747/4335/3754 3773/4365/3779
f 3774/4366/3780 3773/4365/3779 3747/4335/3754
f 3772/4364/3778 3773/4365/3779 3774/4366/3780
f 3747/4335/3754 3741/4328/3748 3774/4366/3780
f 3743/4330/3750 3774/4366/3780 3741/4328/3748
f 3774/4366/3780 3775/4367/3781 3772/4364/3778
f 3775/4367/3781 3774/4366/3780 3743/4330/3750
f 3769/4360/3776 3772/4364/3778 3775/4367/3781
f 3743/4330/3750 3776/4368/3782 3775/4367/3781
f 3775/4367/3781 3777/4369/3783 3769/4360/3776
f 3777/4369/3783 3775/4367/3781 3776/4368/3782
f 3769/4360/3776 3777/4369/3783 3770/4362/3743
f 3776/4368/3782 3778/4370/3784 3777/4369/3783
f 3737/4323/3744 3770/4362/3743 3777/4369/3783
f 3777/4369/3783 3778/4370/3784 3737/4323/3744
f 3779/4371/3785 3780/4373/3786 3781/4375/3787
f 3781/4375/3787 3782/4376/3788 3779/4371/3785
f 3783/4377/3789 3779/4371/3785 3782/4376/3788
f 3784/4379/3790 3782/4376/3788 3781/4375/3787
f 3781/4375/3787 3785/4380/3791 3784/4379/3790
f 3784/4379/3790 3785/4380/3791 3786/4381/3792
f 3782/4376/3788 3787/4382/3793 3783/4377/3789
f 3787/4382/3793 3782/4376/3788 3784/4379/3790
f 3783/4377/3789 3787/4382/3793 3788/4383/3794
f 3788/4383/3794 3789/4384/3795 3783/4377/3789
f 3784/4379/3790 3790/4386/3796 3787/4382/3793
f 3789/4384/3795 3788/4383/3794 3791/4387/3797
f 3791/4387/3797 3792/4388/3798 3789/4384/3795
f 3793/4390/3799 3788/4383/3794 3787/4382/3793
f 3787/4382/3793 3790/4386/3796 3793/4390/3799
f 3794/4391/3800 3791/4387/3797 3788/4383/3794
f 3788/4383/3794 3793/4390/3799 3794/4391/3800
f 3792/4388/3798 3791/4387/3797 3795/4392/3801
f 3795/4392/3801 3796/4393/3802 3792/4388/3798
f 3797/4395/3803 3796/4393/3802 3795/4392/3801
f 3795/4392/3801 3798/4397/3804 3797/4395/3803
f 3799/4398/3805 3795/4392/3801 3791/4387/3797
f 3791/4387/3797 3794/4391/3800 3799/4398/3805
f 3800/4399/3806 3798/4397/3804 3795/4392/3801
f 3795/4392/3801 3799/4398/3805 3800/4399/3806
f 3798/4397/3804 3800/4399/3806 3801/4400/3807
f 3800/4399/3806 3799/4398/3805 3802/4401/3808
f 3802/4401/3808 3801/4400/3807 3800/4399/3806
f 3799/4398/3805 3794/4391/3800 3803/4402/3809
f 3803/4402/3809 3802/4401/3808 3799/4398/3805
f 3801/4400/3807 3804/4403/3810 3798/4397/3804
f 3797/4396/3803 3798/4397/3804 3804/4403/3810
f 3801/4400/3807 3802/4401/3808 3805/4404/3811
f 3805/4404/3811 3804/4403/3810 3801/4400/3807
f 3804/4403/3810 3806/4405/3812 3797/4396/3803
f 3806/4405/3812 3804/4403/3810 3805/4404/3811
f 3796/4394/3802 3797/4396/3803 3806/4405/3812
f 3806/4405/3812 3807/4406/3813 3796/4394/3802
f 3805/4404/3811 3807/4406/3813 3806/4405/3812
f 3792/4389/3798 3796/4394/3802 3807/4406/3813
f 3807/4406/3813 3808/4407/3814 3792/4389/3798
f 3808/4407/3814 3807/4406/3813 3805/4404/3811
f 3789/4385/3795 3792/4389/3798 3808/4407/3814
f 3809/4408/3815 3805/4404/3811 3802/4401/3808
f 3805/4404/3811 3809/4408/3815 3808/4407/3814
f 3802/4401/3808 3803/4402/3809 3809/4408/3815
f 3808/4407/3814 3810/4409/3816 3789/4385/3795
f 3810/4409/3816 3808/4407/3814 3809/4408/3815
f 3783/4378/3789 3789/4385/3795 3810/4409/3816
f 3811/4410/3817 3809/4408/3815 3803/4402/3809
f 3809/4408/3815 3811/4410/3817 3810/4409/3816
f 3810/4409/3816 3812/4411/3818 3783/4378/3789
f 3812/4411/3818 3810/4409/3816 3811/4410/3817
f 3779/4372/3785 3783/4378/3789 3812/4411/3818
f 3803/4402/3809 3813/4412/3819 3811/4410/3817
f 3813/4412/3819 3803/4402/3809 3794/4391/3800
f 3794/4391/3800 3793/4390/3799 3813/4412/3819
f 3814/4413/3820 3811/4410/3817 3813/4412/3819
f 3811/4410/3817 3814/4413/3820 3812/4411/3818
f 3815/4414/3821 3813/4412/3819 3793/4390/3799
f 3813/4412/3819 3815/4414/3821 3814/4413/3820
f 3793/4390/3799 3790/4386/3796 3815/4414/3821
f 3816/4415/3822 3815/4414/3821 3790/4386/3796
f 3814/4413/3820 3815/4414/3821 3816/4415/3822
f 3790/4386/3796 3784/4379/3790 3816/4415/3822
f 3786/4381/3792 3816/4415/3822 3784/4379/3790
f 3816/4415/3822 3817/4416/3823 3814/4413/3820
f 3817/4416/3823 3816/4415/3822 3786/4381/3792
f 3812/4411/3818 3814/4413/3820 3817/4416/3823
f 3786/4381/3792 3818/4417/3824 3817/4416/3823
f 3817/4416/3823 3819/4418/3825 3812/4411/3818
f 3819/4418/3825 3817/4416/3823 3818/4417/3824
f 3812/4411/3818 3819/4418/3825 3779/4372/3785
f 3818/4417/3824 3820/4419/3826 3819/4418/3825
f 3780/4374/3786 3779/4372/3785 3819/4418/3825
f 3819/4418/3825 3820/4419/3826 3780/4374/3786
f 3821/4420/3827 3862/4467/3828 3822/4422/3829
f 3822/4422/3829 3823/4423/3830 3821/4420/3827
f 3824/4424/3831 3821/4420/3827 3823/4423/3830
f 3825/4426/3832 3823/4423/3830 3822/4422/3829
f 3822/4422/3829 3826/4427/3833 3825/4426/3832
f 3825/4426/3832 3826/4427/3833 3827/4428/3834
f 3823/4423/3830 3828/4429/3835 3824/4424/3831
f 3828/4429/3835 3823/4423/3830 3825/4426/3832
f 3824/4424/3831 3828/4429/3835 3829/4430/3836
f 3829/4430/3836 3830/4431/3837 3824/4424/3831
f 3825/4426/3832 3831/4433/3838 3828/4429/3835
f 3830/4431/3837 3829/4430/3836 3832/4434/3839
f 3832/4434/3839 3848/4452/3840 3830/4431/3837
f 3833/4435/3841 3829/4430/3836 3828/4429/3835
f 3828/4429/3835 3831/4433/3838 3833/4435/3841
f 3834/4436/3842 3832/4434/3839 3829/4430/3836
f 3829/4430/3836 3833/4435/3841 3834/4436/3842
f 3848/4452/3840 3832/4434/3839 3835/4437/3843
f 3835/4437/3843 3846/4449/3844 3848/4452/3840
f 3836/4438/3845 3846/4449/3844 3835/4437/3843
f 3835/4437/3843 3837/4440/3846 3836/4438/3845
f 3838/4441/3847 3835/4437/3843 3832/4434/3839
f 3832/4434/3839 3834/4436/3842 3838/4441/3847
f 3839/4442/3848 3837/4440/3846 3835/4437/3843
f 3835/4437/3843 3838/4441/3847 3839/4442/3848
f 3837/4440/3846 3839/4442/3848 3840/4443/3849
f 3839/4442/3848 3838/4441/3847 3841/4444/3850
f 3841/4444/3850 3840/4443/3849 3839/4442/3848
f 3838/4441/3847 3834/4436/3842 3842/4445/3851
f 3842/4445/3851 3841/4444/3850 3838/4441/3847
f 3840/4443/3849 3843/4446/3852 3837/4440/3846
f 3836/4439/3845 3837/4440/3846 3843/4446/3852
f 3840/4443/3849 3841/4444/3850 3844/4447/3853
f 3844/4447/3853 3843/4446/3852 3840/4443/3849
f 3843/4446/3852 3845/4448/3854 3836/4439/3845
f 3845/4448/3854 3843/4446/3852 3844/4447/3853
f 3846/4450/3844 3836/4439/3845 3845/4448/3854
f 3845/4448/3854 3847/4451/3855 3846/4450/3844
f 3844/4447/3853 3847/4451/3855 3845/4448/3854
f 3848/4453/3840 3846/4450/3844 3847/4451/3855
f 3847/4451/3855 3849/4454/3856 3848/4453/3840
f 3849/4454/3856 3847/4451/3855 3844/4447/3853
f 3830/4432/3837 3848/4453/3840 3849/4454/3856
f 3850/4455/3857 3844/4447/3853 3841/4444/3850
f 3844/4447/3853 3850/4455/3857 3849/4454/3856
f 3841/4444/3850 3842/4445/3851 3850/4455/3857
f 3849/4454/3856 3851/4456/3858 3830/4432/3837
f 3851/4456/3858 3849/4454/3856 3850/4455/3857
f 3824/4425/3831 3830/4432/3837 3851/4456/3858
f 3852/4457/3859 3850/4455/3857 3842/4445/3851
f 3850/4455/3857 3852/4457/3859 3851/4456/3858
f 3851/4456/3858 3853/4458/3860 3824/4425/3831
f 3853/4458/3860 3851/4456/3858 3852/4457/3859
f 3821/4421/3827 3824/4425/3831 3853/4458/3860
f 3842/4445/3851 3854/4459/3861 3852/4457/3859
f 3854/4459/3861 3842/4445/3851 3834/4436/3842
f 3834/4436/3842 3833/4435/3841 3854/4459/3861
f 3855/4460/3862 3852/4457/3859 3854/4459/3861
f 3852/4457/3859 3855/4460/3862 3853/4458/3860
f 3856/4461/3863 3854/4459/3861 3833/4435/3841
f 3854/4459/3861 3856/4461/3863 3855/4460/3862
f 3833/4435/3841 3831/4433/3838 3856/4461/3863
f 3857/4462/3864 3856/4461/3863 3831/4433/3838
f 3855/4460/3862 3856/4461/3863 3857/4462/3864
f 3831/4433/3838 3825/4426/3832 3857/4462/3864
f 3827/4428/3834 3857/4462/3864 3825/4426/3832
f 3857/4462/3864 3858/4463/3865 3855/4460/3862
f 3858/4463/3865 3857/4462/3864 3827/4428/3834
f 3853/4458/3860 3855/4460/3862 3858/4463/3865
f 3827/4428/3834 3859/4464/3866 3858/4463/3865
f 3858/4463/3865 3860/4465/3867 3853/4458/3860
f 3860/4465/3867 3858/4463/3865 3859/4464/3866
f 3853/4458/3860 3860/4465/3867 3821/4421/3827
f 3859/4464/3866 3861/4466/3868 3860/4465/3867
f 3862/4468/3828 3821/4421/3827 3860/4465/3867
f 3860/4465/3867 3861/4466/3868 3862/4468/3828
f 3895/4506/3869 3904/4516/3870 3863/4469/3871
f 3863/4469/3871 3864/4470/3872 3895/4506/3869
f 3865/4471/3873 3895/4506/3869 3864/4470/3872
f 3866/4473/3874 3864/4470/3872 3863/4469/3871
f 3863/4469/3871 3867/4474/3875 3866/4473/3874
f 3866/4473/3874 3867/4474/3875 3868/4475/3876
f 3864/4470/3872 3869/4476/3877 3865/4471/3873
f 3869/4476/3877 3864/4470/3872 3866/4473/3874
f 3865/4471/3873 3869/4476/3877 3870/4477/3878
f 3870/4477/3878 3871/4478/3879 3865/4471/3873
f 3866/4473/3874 3872/4480/3880 3869/4476/3877
f 3871/4478/3879 3870/4477/3878 3873/4481/3881
f 3873/4481/3881 3889/4499/3882 3871/4478/3879
f 3874/4482/3883 3870/4477/3878 3869/4476/3877
f 3869/4476/3877 3872/4480/3880 3874/4482/3883
f 3875/4483/3884 3873/4481/3881 3870/4477/3878
f 3870/4477/3878 3874/4482/3883 3875/4483/3884
f 3889/4499/3882 3873/4481/3881 3876/4484/3885
f 3876/4484/3885 3877/4485/3886 3889/4499/3882
f 3878/4487/3887 3877/4485/3886 3876/4484/3885
f 3876/4484/3885 3879/4489/3888 3878/4487/3887
f 3880/4490/3889 3876/4484/3885 3873/4481/3881
f 3873/4481/3881 3875/4483/3884 3880/4490/3889
f 3881/4491/3890 3879/4489/3888 3876/4484/3885
f 3876/4484/3885 3880/4490/3889 3881/4491/3890
f 3879/4489/3888 3881/4491/3890 3882/4492/3891
f 3881/4491/3890 3880/4490/3889 3883/4493/3892
f 3883/4493/3892 3882/4492/3891 3881/4491/3890
f 3880/4490/3889 3875/4483/3884 3884/4494/3893
f 3884/4494/3893 3883/4493/3892 3880/4490/3889
f 3882/4492/3891 3885/4495/3894 3879/4489/3888
f 3878/4488/3887 3879/4489/3888 3885/4495/3894
f 3882/4492/3891 3883/4493/3892 3886/4496/3895
f 3886/4496/3895 3885/4495/3894 3882/4492/3891
f 3885/4495/3894 3887/4497/3896 3878/4488/3887
f 3887/4497/3896 3885/4495/3894 3886/4496/3895
f 3877/4486/3886 3878/4488/3887 3887/4497/3896
f 3887/4497/3896 3888/4498/3897 3877/4486/3886
f 3886/4496/3895 3888/4498/3897 3887/4497/3896
f 3889/4500/3882 3877/4486/3886 3888/4498/3897
f 3888/4498/3897 3890/4501/3898 3889/4500/3882
f 3890/4501/3898 3888/4498/3897 3886/4496/3895
f 3871/4479/3879 3889/4500/3882 3890/4501/3898
f 3891/4502/3899 3886/4496/3895 3883/4493/3892
f 3886/4496/3895 3891/4502/3899 3890/4501/3898
f 3883/4493/3892 3884/4494/3893 3891/4502/3899
f 3890/4501/3898 3892/4503/3900 3871/4479/3879
f 3892/4503/3900 3890/4501/3898 3891/4502/3899
f 3865/4472/3873 3871/4479/3879 3892/4503/3900
f 3893/4504/3901 3891/4502/3899 3884/4494/3893
f 3891/4502/3899 3893/4504/3901 3892/4503/3900
f 3892/4503/3900 3894/4505/3902 3865/4472/3873
f 3894/4505/3902 3892/4503/3900 3893/4504/3901
f 3895/4507/3869 3865/4472/3873 3894/4505/3902
f 3884/4494/3893 3896/4508/3903 3893/4504/3901
f 3896/4508/3903 3884/4494/3893 3875/4483/3884
f 3875/4483/3884 3874/4482/3883 3896/4508/3903
f 3897/4509/3904 3893/4504/3901 3896/4508/3903
f 3893/4504/3901 3897/4509/3904 3894/4505/3902
f 3898/4510/3905 3896/4508/3903 3874/4482/3883
f 3896/4508/3903 3898/4510/3905 3897/4509/3904
f 3874/4482/3883 3872/4480/3880 3898/4510/3905
f 3899/4511/3906 3898/4510/3905 3872/4480/3880
f 3897/4509/3904 3898/4510/3905 3899/4511/3906
f 3872/4480/3880 3866/4473/3874 3899/4511/3906
f 3868/4475/3876 3899/4511/3906 3866/4473/3874
f 3899/4511/3906 3900/4512/3907 3897/4509/3904
f 3900/4512/3907 3899/4511/3906 3868/4475/3876
f 3894/4505/3902 3897/4509/3904 3900/4512/3907
f 3868/4475/3876 3901/4513/3908 3900/4512/3907
f 3900/4512/3907 3902/4514/3909 3894/4505/3902
f 3902/4514/3909 3900/4512/3907 3901/4513/3908
f 3894/4505/3902 3902/4514/3909 3895/4507/3869
f 3901/4513/3908 3903/4515/3910 3902/4514/3909
f 3904/4517/3870 3895/4507/3869 3902/4514/3909
f 3902/4514/3909 3903/4515/3910 3904/4517/3870
f 3905/4518/3911 3946/4565/3912 3906/4520/3913
f 3906/4520/3913 3907/4521/3914 3905/4518/3911
f 3935/4553/3915 3905/4518/3911 3907/4521/3914
f 3908/4522/3916 3907/4521/3914 3906/4520/3913
f 3906/4520/3913 3909/4523/3917 3908/4522/3916
f 3908/4522/3916 3909/4523/3917 3910/4524/3918
f 3907/4521/3914 3911/4525/3919 3935/4553/3915
f 3911/4525/3919 3907/4521/3914 3908/4522/3916
f 3935/4553/3915 3911/4525/3919 3912/4526/3920
f 3912/4526/3920 3913/4527/3921 3935/4553/3915
f 3908/4522/3916 3914/4529/3922 3911/4525/3919
f 3913/4527/3921 3912/4526/3920 3915/4530/3923
f 3915/4530/3923 3931/4548/3924 3913/4527/3921
f 3916/4531/3925 3912/4526/3920 3911/4525/3919
f 3911/4525/3919 3914/4529/3922 3916/4531/3925
f 3917/4532/3926 3915/4530/3923 3912/4526/3920
f 3912/4526/3920 3916/4531/3925 3917/4532/3926
f 3931/4548/3924 3915/4530/3923 3918/4533/3927
f 3918/4533/3927 3929/4545/3928 3931/4548/3924
f 3926/4541/3929 3929/4545/3928 3918/4533/3927
f 3918/4533/3927 3919/4534/3930 3926/4541/3929
f 3920/4535/3931 3918/4533/3927 3915/4530/3923
f 3915/4530/3923 3917/4532/3926 3920/4535/3931
f 3921/4536/3932 3919/4534/3930 3918/4533/3927
f 3918/4533/3927 3920/4535/3931 3921/4536/3932
f 3919/4534/3930 3921/4536/3932 3922/4537/3933
f 3921/4536/3932 3920/4535/3931 3923/4538/3934
f 3923/4538/3934 3922/4537/3933 3921/4536/3932
f 3920/4535/3931 3917/4532/3926 3924/4539/3935
f 3924/4539/3935 3923/4538/3934 3920/4535/3931
f 3922/4537/3933 3925/4540/3936 3919/4534/3930
f 3926/4542/3929 3919/4534/3930 3925/4540/3936
f 3922/4537/3933 3923/4538/3934 3927/4543/3937
f 3927/4543/3937 3925/4540/3936 3922/4537/3933
f 3925/4540/3936 3928/4544/3938 3926/4542/3929
f 3928/4544/3938 3925/4540/3936 3927/4543/3937
f 3929/4546/3928 3926/4542/3929 3928/4544/3938
f 3928/4544/3938 3930/4547/3939 3929/4546/3928
f 3927/4543/3937 3930/4547/3939 3928/4544/3938
f 3931/4549/3924 3929/4546/3928 3930/4547/3939
f 3930/4547/3939 3932/4550/3940 3931/4549/3924
f 3932/4550/3940 3930/4547/3939 3927/4543/3937
f 3913/4528/3921 3931/4549/3924 3932/4550/3940
f 3933/4551/3941 3927/4543/3937 3923/4538/3934
f 3927/4543/3937 3933/4551/3941 3932/4550/3940
f 3923/4538/3934 3924/4539/3935 3933/4551/3941
f 3932/4550/3940 3934/4552/3942 3913/4528/3921
f 3934/4552/3942 3932/4550/3940 3933/4551/3941
f 3935/4554/3915 3913/4528/3921 3934/4552/3942
f 3936/4555/3943 3933/4551/3941 3924/4539/3935
f 3933/4551/3941 3936/4555/3943 3934/4552/3942
f 3934/4552/3942 3937/4556/3944 3935/4554/3915
f 3937/4556/3944 3934/4552/3942 3936/4555/3943
f 3905/4519/3911 3935/4554/3915 3937/4556/3944
f 3924/4539/3935 3938/4557/3945 3936/4555/3943
f 3938/4557/3945 3924/4539/3935 3917/4532/3926
f 3917/4532/3926 3916/4531/3925 3938/4557/3945
f 3939/4558/3946 3936/4555/3943 3938/4557/3945
f 3936/4555/3943 3939/4558/3946 3937/4556/3944
f 3940/4559/3947 3938/4557/3945 3916/4531/3925
f 3938/4557/3945 3940/4559/3947 3939/4558/3946
f 3916/4531/3925 3914/4529/3922 3940/4559/3947
f 3941/4560/3948 3940/4559/3947 3914/4529/3922
f 3939/4558/3946 3940/4559/3947 3941/4560/3948
f 3914/4529/3922 3908/4522/3916 3941/4560/3948
f 3910/4524/3918 3941/4560/3948 3908/4522/3916
f 3941/4560/3948 3942/4561/3949 3939/4558/3946
f 3942/4561/3949 3941/4560/3948 3910/4524/3918
f 3937/4556/3944 3939/4558/3946 3942/4561/3949
f 3910/4524/3918 3943/4562/3950 3942/4561/3949
f 3942/4561/3949 3944/4563/3951 3937/4556/3944
f 3944/4563/3951 3942/4561/3949 3943/4562/3950
f 3937/4556/3944 3944/4563/3951 3905/4519/3911
f 3943/4562/3950 3945/4564/3952 3944/4563/3951
f 3946/4566/3912 3905/4519/3911 3944/4563/3951
f 3944/4563/3951 3945/4564/3952 3946/4566/3912
f 3947/4567/3953 3948/4568/3954 3949/4569/3955
f 3949/4569/3955 3950/4570/3956 3947/4567/3953
f 3950/4570/3956 3949/4569/3955 3951/4571/3957
f 3947/4567/3953 3950/4570/3956 3952/4572/3958
f 3952/4572/3958 3953/4573/3959 3947/4567/3953
f 3951/4571/3957 3954/4574/3960 3950/4570/3956
f 3952/4572/3958 3950/4570/3956 3954/4574/3960
f 3954/4574/3960 3951/4571/3957 3955/4575/3961
f 3953/4573/3959 3952/4572/3958 3956/4576/3962
f 3954/4574/3960 3957/4577/3963 3952/4572/3958
f 3956/4576/3962 3952/4572/3958 3957/4577/3963
f 3955/4575/3961 3958/4578/3964 3954/4574/3960
f 3956/4576/3962 3959/4579/3965 3953/4573/3959
f 3960/4580/3966 3953/4573/3959 3959/4579/3965
f 3961/4581/3967 3958/4578/3964 3955/4575/3961
f 3955/4575/3961 3962/4582/3968 3961/4581/3967
f 3954/4574/3960 3958/4578/3964 3963/4583/3969
f 3963/4583/3969 3957/4577/3963 3954/4574/3960
f 3958/4578/3964 3961/4581/3967 3964/4584/3970
f 3964/4584/3970 3963/4583/3969 3958/4578/3964
f 3965/4585/3971 3961/4581/3967 3962/4582/3968
f 3962/4582/3968 3966/4586/3972 3965/4585/3971
f 3965/4585/3971 3966/4586/3972 3967/4587/3973
f 3961/4581/3967 3965/4585/3971 3968/4588/3974
f 3968/4588/3974 3964/4584/3970 3961/4581/3967
f 3967/4587/3973 3969/4589/3975 3965/4585/3971
f 3968/4588/3974 3965/4585/3971 3969/4589/3975
f 3969/4589/3975 3967/4587/3973 3970/4590/3976
f 3964/4584/3970 3968/4588/3974 3971/4591/3977
f 3970/4590/3976 3972/4592/3978 3969/4589/3975
f 3972/4592/3978 3970/4590/3976 3973/4593/3979
f 3969/4589/3975 3974/4594/3980 3968/4588/3974
f 3974/4594/3980 3969/4589/3975 3972/4592/3978
f 3971/4591/3977 3968/4588/3974 3974/4594/3980
f 3973/4593/3979 3975/4595/3981 3972/4592/3978
f 3975/4595/3981 3973/4593/3979 3976/4596/3982
f 3972/4592/3978 3977/4597/3983 3974/4594/3980
f 3977/4597/3983 3972/4592/3978 3975/4595/3981
f 3974/4594/3980 3978/4598/3984 3971/4591/3977
f 3978/4598/3984 3974/4594/3980 3977/4597/3983
f 3971/4591/3977 3979/4599/3985 3964/4584/3970
f 3963/4583/3969 3964/4584/3970 3979/4599/3985
f 3980/4600/3986 3971/4591/3977 3978/4598/3984
f 3979/4599/3985 3971/4591/3977 3980/4600/3986
f 3979/4599/3985 3981/4601/3987 3963/4583/3969
f 3980/4600/3986 3982/4602/3988 3979/4599/3985
f 3981/4601/3987 3979/4599/3985 3982/4602/3988
f 3963/4583/3969 3981/4601/3987 3983/4603/3989
f 3983/4603/3989 3957/4577/3963 3963/4583/3969
f 3957/4577/3963 3983/4603/3989 3956/4576/3962
f 3984/4604/3990 3983/4603/3989 3981/4601/3987
f 3956/4576/3962 3983/4603/3989 3984/4604/3990
f 3982/4602/3988 3985/4605/3991 3981/4601/3987
f 3981/4601/3987 3985/4605/3991 3984/4604/3990
f 3986/4606/3992 3985/4605/3991 3982/4602/3988
f 3984/4604/3990 3985/4605/3991 3986/4606/3992
f 3984/4604/3990 3987/4607/3993 3956/4576/3962
f 3959/4579/3965 3956/4576/3962 3987/4607/3993
f 3986/4606/3992 3988/4608/3994 3984/4604/3990
f 3987/4607/3993 3989/4609/3995 3959/4579/3965
f 3990/4610/3996 3987/4607/3993 3984/4604/3990
f 3984/4604/3990 3988/4608/3994 3990/4610/3996
f 3989/4609/3995 3987/4607/3993 3990/4610/3996
f 3991/4611/3997 3959/4579/3965 3989/4609/3995
f 3959/4579/3965 3991/4611/3997 3960/4580/3966
f 3989/4609/3995 3992/4612/3998 3991/4611/3997
f 3960/4580/3966 3991/4611/3997 3993/4613/3999
f 3993/4613/3999 3991/4611/3997 3992/4612/3998
f 3993/4613/3999 3994/4614/4000 3960/4580/3966
f 3992/4612/3998 3989/4609/3995 3995/4615/4001
f 3990/4610/3996 3995/4615/4001 3989/4609/3995
f 3993/4613/3999 3992/4612/3998 3996/4616/4002
f 3995/4615/4001 3996/4616/4002 3992/4612/3998
f 3994/4614/4000 3993/4613/3999 3997/4617/4003
f 3996/4616/4002 3997/4617/4003 3993/4613/3999
f 3997/4617/4003 3998/4618/4004 3994/4614/4000
f 3996/4616/4002 3995/4615/4001 3999/4619/4005
f 3999/4619/4005 3995/4615/4001 3990/4610/3996
f 3997/4617/4003 3996/4616/4002 4000/4620/4006
f 3999/4619/4005 4000/4620/4006 3996/4616/4002
f 3998/4618/4004 3997/4617/4003 4001/4621/4007
f 4000/4620/4006 4001/4621/4007 3997/4617/4003
f 4001/4621/4007 4002/4622/4008 3998/4618/4004
f 4003/4623/4009 4002/4622/4008 4001/4621/4007
f 4001/4621/4007 4004/4624/4010 4003/4623/4009
f 4004/4624/4010 4001/4621/4007 4000/4620/4006
f 4005/4625/4011 4003/4623/4009 4004/4624/4010
f 4000/4620/4006 4006/4626/4012 4004/4624/4010
f 4006/4626/4012 4000/4620/4006 3999/4619/4005
f 4004/4624/4010 4007/4627/4013 4005/4625/4011
f 4007/4627/4013 4004/4624/4010 4006/4626/4012
f 4005/4625/4011 4007/4627/4013 4008/4628/4014
f 4008/4628/4014 4009/4629/4015 4005/4625/4011
f 4006/4626/4012 4010/4630/4016 4007/4627/4013
f 4007/4627/4013 4010/4630/4016 4008/4628/4014
f 4010/4630/4016 4006/4626/4012 4011/4631/4017
f 3999/4619/4005 4011/4631/4017 4006/4626/4012
f 4008/4628/4014 4010/4630/4016 4012/4632/4018
f 4011/4631/4017 4012/4632/4018 4010/4630/4016
f 4009/4629/4015 4008/4628/4014 4013/4633/4019
f 4012/4632/4018 4013/4633/4019 4008/4628/4014
f 4013/4633/4019 4014/4634/4020 4009/4629/4015
f 4012/4632/4018 4011/4631/4017 4015/4635/4021
f 4015/4635/4021 4011/4631/4017 3999/4619/4005
f 4013/4633/4019 4012/4632/4018 4016/4636/4022
f 4015/4635/4021 4016/4636/4022 4012/4632/4018
f 4016/4636/4022 4017/4637/4023 4013/4633/4019
f 4014/4634/4020 4013/4633/4019 4017/4637/4023
f 3999/4619/4005 4018/4638/4024 4015/4635/4021
f 3990/4610/3996 4018/4638/4024 3999/4619/4005
f 4019/4639/4025 4018/4638/4024 3990/4610/3996
f 4015/4635/4021 4018/4638/4024 4019/4639/4025
f 3990/4610/3996 3988/4608/3994 4019/4639/4025
f 4019/4639/4025 3988/4608/3994 3986/4606/3992
f 4020/4640/4026 4016/4636/4022 4015/4635/4021
f 4017/4637/4023 4016/4636/4022 4020/4640/4026
f 4019/4639/4025 4021/4641/4027 4015/4635/4021
f 4015/4635/4021 4021/4641/4027 4020/4640/4026
f 4022/4642/4028 4021/4641/4027 4019/4639/4025
f 4020/4640/4026 4021/4641/4027 4022/4642/4028
f 3986/4606/3992 4023/4643/4029 4019/4639/4025
f 4019/4639/4025 4023/4643/4029 4022/4642/4028
f 4023/4643/4029 3986/4606/3992 4024/4644/4030
f 3982/4602/3988 4024/4644/4030 3986/4606/3992
f 4025/4645/4031 4024/4644/4030 3982/4602/3988
f 4024/4644/4030 4025/4645/4031 4023/4643/4029
f 3982/4602/3988 3980/4600/3986 4025/4645/4031
f 4023/4643/4029 4025/4645/4031 4026/4646/4032
f 4026/4646/4032 4022/4642/4028 4023/4643/4029
f 4025/4645/4031 3980/4600/3986 4027/4647/4033
f 4027/4647/4033 4026/4646/4032 4025/4645/4031
f 4022/4642/4028 4026/4646/4032 4027/4647/4033
f 3978/4598/3984 4027/4647/4033 3980/4600/3986
f 4027/4647/4033 4028/4648/4034 4022/4642/4028
f 4022/4642/4028 4028/4648/4034 4020/4640/4026
f 4027/4647/4033 3978/4598/3984 4029/4649/4035
f 4029/4649/4035 4028/4648/4034 4027/4647/4033
f 4020/4640/4026 4028/4648/4034 4029/4649/4035
f 3977/4597/3983 4029/4649/4035 3978/4598/3984
f 4029/4649/4035 4030/4650/4036 4020/4640/4026
f 4030/4650/4036 4029/4649/4035 3977/4597/3983
f 4020/4640/4026 4030/4650/4036 4017/4637/4023
f 3977/4597/3983 4031/4651/4037 4030/4650/4036
f 4017/4637/4023 4030/4650/4036 4031/4651/4037
f 3975/4595/3981 4031/4651/4037 3977/4597/3983
f 4031/4651/4037 4032/4652/4038 4017/4637/4023
f 4032/4652/4038 4031/4651/4037 3975/4595/3981
f 4017/4637/4023 4032/4652/4038 4014/4634/4020
f 3975/4595/3981 4033/4653/4039 4032/4652/4038
f 4014/4634/4020 4032/4652/4038 4033/4653/4039
f 3976/4596/3982 4033/4653/4039 3975/4595/3981
f 4033/4653/4039 4034/4654/4040 4014/4634/4020
f 4033/4653/4039 3976/4596/3982 4035/4655/4041
f 4035/4655/4041 4034/4654/4040 4033/4653/4039
f 874/973/972 4036/4657/977 4037/4659/1003
f 4037/4659/1003 4038/4660/4042 874/973/972
f 4039/4663/973 874/973/972 4038/4660/4042
f 4038/4660/4042 4040/4664/4043 4039/4663/973
f 989/1101/1113 4039/4663/973 4040/4664/4043
f 4040/4664/4043 4041/4665/4044 989/1101/1113
f 4042/4667/1108 989/1101/1113 4041/4665/4044
f 4043/4668/4045 4040/4664/4043 4038/4660/4042
f 4041/4665/4044 4040/4664/4043 4043/4668/4045
f 4041/4665/4044 4044/4669/4046 4042/4667/1108
f 4044/4669/4046 4045/4671/1109 4042/4667/1108
f 4046/4673/1110 4045/4671/1109 4044/4669/4046
f 4044/4669/4046 4041/4665/4044 4047/4674/4047
f 4043/4668/4045 4047/4674/4047 4041/4665/4044
f 4044/4669/4046 4048/4675/4048 4046/4673/1110
f 4047/4674/4047 4048/4675/4048 4044/4669/4046
f 4049/4677/1111 4046/4673/1110 4048/4675/4048
f 4048/4675/4048 4050/4678/4049 4049/4677/1111
f 4050/4678/4049 4048/4675/4048 4047/4674/4047
f 991/1104/1115 4049/4677/1111 4050/4678/4049
f 4051/4679/4050 4047/4674/4047 4043/4668/4045
f 4047/4674/4047 4051/4679/4050 4050/4678/4049
f 4050/4678/4049 4052/4680/4051 991/1104/1115
f 991/1104/1115 4052/4680/4051 995/1109/1119
f 4053/4681/4052 4052/4680/4051 4050/4678/4049
f 4050/4678/4049 4051/4679/4050 4053/4681/4052
f 4054/4682/4053 995/1109/1119 4052/4680/4051
f 4054/4682/4053 4052/4680/4051 4053/4681/4052
f 995/1109/1119 4054/4682/4053 4055/4683/4054
f 4055/4683/4054 4056/4685/1120 995/1109/1119
f 1001/1116/1126 4056/4685/1120 4055/4683/4054
f 4053/4681/4052 4057/4687/1150 4054/4682/4053
f 4054/4682/4053 4057/4687/1150 4058/4689/1148
f 4058/4689/1148 4055/4683/4054 4054/4682/4053
f 4057/4687/1150 4053/4681/4052 4059/4691/1152
f 4055/4683/4054 4058/4689/1148 4060/4693/1146
f 4055/4683/4054 4061/4694/4055 1001/1116/1126
f 4060/4693/1146 4061/4694/4055 4055/4683/4054
f 1004/1120/1129 1001/1116/1126 4061/4694/4055
f 4061/4694/4055 4060/4693/1146 1015/1133/1144
f 4061/4694/4055 4062/4695/4056 1004/1120/1129
f 1015/1133/1144 4062/4695/4056 4061/4694/4055
f 4063/4697/1133 1004/1120/1129 4062/4695/4056
f 4064/4698/4057 4062/4695/4056 1015/1133/1144
f 4062/4695/4056 4064/4698/4057 4063/4697/1133
f 1015/1133/1144 4065/4700/1142 4064/4698/4057
f 4063/4697/1133 4064/4698/4057 4066/4701/4058
f 4066/4701/4058 4064/4698/4057 4065/4700/1142
f 4066/4701/4058 4067/4703/1134 4063/4697/1133
f 4065/4700/1142 4068/4705/1141 4066/4701/4058
f 4067/4703/1134 4066/4701/4058 1010/1127/1137
f 1010/1127/1137 4066/4701/4058 4068/4705/1141
f 4059/4691/1152 4053/4681/4052 4069/4706/4059
f 4051/4679/4050 4069/4706/4059 4053/4681/4052
f 4069/4706/4059 4070/4707/4060 4059/4691/1152
f 4069/4706/4059 4051/4679/4050 4071/4708/4061
f 4043/4668/4045 4071/4708/4061 4051/4679/4050
f 4070/4707/4060 4069/4706/4059 4072/4709/4062
f 4071/4708/4061 4072/4709/4062 4069/4706/4059
f 4059/4691/1152 4070/4707/4060 4073/4710/4063
f 4073/4710/4063 1020/1139/1153 4059/4691/1152
f 1027/1147/1160 1020/1139/1153 4073/4710/4063
f 4072/4709/4062 4074/4712/1167 4070/4707/4060
f 4073/4710/4063 4070/4707/4060 4074/4712/1167
f 4074/4712/1167 1035/1157/1170 4073/4710/4063
f 4073/4710/4063 1035/1157/1170 1037/1160/1172
f 4074/4712/1167 4072/4709/4062 4075/4714/1165
f 1037/1160/1172 4076/4715/4064 4073/4710/4063
f 4073/4710/4063 4076/4715/4064 1027/1147/1160
f 4076/4715/4064 1037/1160/1172 4077/4717/1174
f 4078/4719/1180 1027/1147/1160 4076/4715/4064
f 4076/4715/4064 4079/4720/4065 4078/4719/1180
f 4077/4717/1174 4079/4720/4065 4076/4715/4064
f 1045/1170/1182 4078/4719/1180 4079/4720/4065
f 4080/4721/4066 4079/4720/4065 4077/4717/1174
f 4079/4720/4065 4080/4721/4066 1045/1170/1182
f 4077/4717/1174 1041/1165/1177 4080/4721/4066
f 1045/1170/1182 4080/4721/4066 4081/4722/4067
f 4081/4722/4067 4080/4721/4066 1041/1165/1177
f 4081/4722/4067 1047/1173/1184 1045/1170/1182
f 1041/1165/1177 4082/4724/1188 4081/4722/4067
f 1047/1173/1184 4081/4722/4067 1048/1175/1185
f 1048/1175/1185 4081/4722/4067 4082/4724/1188
f 4083/4725/4068 4075/4714/1165 4072/4709/4062
f 4072/4709/4062 4084/4726/4069 4083/4725/4068
f 4084/4726/4069 4072/4709/4062 4071/4708/4061
f 4075/4714/1165 4083/4725/4068 4085/4727/4070
f 4085/4727/4070 1033/1154/1168 4075/4714/1165
f 1053/1181/1191 1033/1154/1168 4085/4727/4070
f 4083/4725/4068 4084/4726/4069 4086/4728/4071
f 4085/4727/4070 4087/4729/4072 1053/1181/1191
f 1060/1189/1200 1053/1181/1191 4087/4729/4072
f 4085/4727/4070 4083/4725/4068 953/1064/1072
f 4086/4728/4071 953/1064/1072 4083/4725/4068
f 953/1064/1072 4088/4731/1074 4085/4727/4070
f 4085/4727/4070 4088/4731/1074 4089/4733/1195
f 4089/4733/1195 4087/4729/4072 4085/4727/4070
f 953/1064/1072 4086/4728/4071 4090/4735/1071
f 4087/4729/4072 4089/4733/1195 4091/4737/1197
f 4091/4737/1197 4092/4738/4073 4087/4729/4072
f 4087/4729/4072 4092/4738/4073 1060/1189/1200
f 4092/4738/4073 4091/4737/1197 4093/4740/1203
f 1065/1196/1206 1060/1189/1200 4092/4738/4073
f 4093/4740/1203 4094/4741/4074 4092/4738/4073
f 4092/4738/4073 4094/4741/4074 1065/1196/1206
f 4095/4742/4075 4094/4741/4074 4093/4740/1203
f 1065/1196/1206 4094/4741/4074 4095/4742/4075
f 4093/4740/1203 1063/1193/1204 4095/4742/4075
f 4095/4742/4075 4096/4744/1207 1065/1196/1206
f 4095/4742/4075 1063/1193/1204 4097/4746/1209
f 4097/4746/1209 4096/4744/1207 4095/4742/4075
f 4098/4747/4076 4090/4735/1071 4086/4728/4071
f 4099/4749/1069 4090/4735/1071 4098/4747/4076
f 4086/4728/4071 4084/4726/4069 4100/4750/4077
f 4071/4708/4061 4100/4750/4077 4084/4726/4069
f 4101/4751/4078 4086/4728/4071 4100/4750/4077
f 4086/4728/4071 4101/4751/4078 4098/4747/4076
f 4102/4752/4079 4100/4750/4077 4071/4708/4061
f 4071/4708/4061 4043/4668/4045 4102/4752/4079
f 4038/4660/4042 4102/4752/4079 4043/4668/4045
f 4100/4750/4077 4102/4752/4079 4103/4753/4080
f 4100/4750/4077 4103/4753/4080 4101/4751/4078
f 4104/4754/4081 4102/4752/4079 4038/4660/4042
f 4103/4753/4080 4102/4752/4079 4104/4754/4081
f 4038/4660/4042 4037/4659/1003 4104/4754/4081
f 4101/4751/4078 4103/4753/4080 922/1028/1031
f 922/1028/1031 4105/4756/1032 4101/4751/4078
f 4101/4751/4078 4105/4756/1032 928/1035/1038
f 928/1035/1038 4098/4747/4076 4101/4751/4078
f 4098/4747/4076 928/1035/1038 4106/4758/1041
f 922/1028/1031 4103/4753/4080 4107/4759/4082
f 4104/4754/4081 4107/4759/4082 4103/4753/4080
f 4107/4759/4082 4108/4761/1027 922/1028/1031
f 4108/4761/1027 4107/4759/4082 917/1022/1025
f 4106/4758/1041 4109/4762/4083 4098/4747/4076
f 4098/4747/4076 4109/4762/4083 4099/4749/1069
f 4109/4762/4083 4106/4758/1041 4110/4764/1047
f 4099/4749/1069 4109/4762/4083 4111/4765/4084
f 4110/4764/1047 4111/4765/4084 4109/4762/4083
f 4111/4765/4084 4112/4767/1067 4099/4749/1069
f 4111/4765/4084 4110/4764/1047 938/1046/1050
f 4113/4769/1065 4112/4767/1067 4111/4765/4084
f 938/1046/1050 4114/4770/4085 4111/4765/4084
f 4111/4765/4084 4114/4770/4085 4113/4769/1065
f 4114/4770/4085 938/1046/1050 4115/4772/1054
f 949/1059/1064 4113/4769/1065 4114/4770/4085
f 4115/4772/1054 4116/4773/4086 4114/4770/4085
f 4114/4770/4085 4116/4773/4086 949/1059/1064
f 4117/4774/4087 4116/4773/4086 4115/4772/1054
f 949/1059/1064 4116/4773/4086 4117/4774/4087
f 4115/4772/1054 944/1053/1057 4117/4774/4087
f 4117/4774/4087 4118/4776/1061 949/1059/1064
f 4117/4774/4087 944/1053/1057 4119/4778/1060
f 4119/4778/1060 4118/4776/1061 4117/4774/4087
f 4107/4759/4082 4104/4754/4081 4120/4779/4088
f 4120/4779/4088 4104/4754/4081 4037/4659/1003
f 4120/4779/4088 917/1022/1025 4107/4759/4082
f 4037/4659/1003 903/1005/1006 4120/4779/4088
f 4120/4779/4088 903/1005/1006 4121/4781/1009
f 917/1022/1025 4120/4779/4088 4122/4782/4089
f 4121/4781/1009 4122/4782/4089 4120/4779/4088
f 4122/4782/4089 4123/4784/1023 917/1022/1025
f 4122/4782/4089 4121/4781/1009 4124/4786/1013
f 914/1018/1021 4123/4784/1023 4122/4782/4089
f 4124/4786/1013 4125/4787/4090 4122/4782/4089
f 4122/4782/4089 4125/4787/4090 914/1018/1021
f 4125/4787/4090 4124/4786/1013 4126/4789/1016
f 913/1016/1020 914/1018/1021 4125/4787/4090
f 4126/4789/1016 4127/4790/4091 4125/4787/4090
f 4125/4787/4090 4127/4790/4091 913/1016/1020
f 4127/4790/4091 4126/4789/1016 4128/4792/1017
f 913/1016/1020 4127/4790/4091 4128/4792/1017
f 2600/2988/2701 2572/2956/2674 4129/4794/2671
f 4129/4794/2671 4130/4795/4092 2600/2988/2701
f 4130/4795/4092 4129/4794/2671 2697/3107/2670
f 2697/3107/2670 4131/4796/4093 4130/4795/4092
f 4131/4796/4093 2697/3107/2670 2693/3099/2805
f 2693/3099/2805 4132/4797/4094 4131/4796/4093
f 4132/4797/4094 2693/3099/2805 2692/3097/2803
f 4130/4795/4092 4131/4796/4093 4133/4798/4095
f 4133/4798/4095 4131/4796/4093 4132/4797/4094
f 2692/3097/2803 4134/4799/4096 4132/4797/4094
f 4134/4799/4096 2692/3097/2803 4135/4801/2804
f 4134/4799/4096 4135/4801/2804 2694/3101/2806
f 4136/4802/4097 4132/4797/4094 4134/4799/4096
f 4132/4797/4094 4136/4802/4097 4133/4798/4095
f 2694/3101/2806 4137/4803/4098 4134/4799/4096
f 4134/4799/4096 4137/4803/4098 4136/4802/4097
f 4137/4803/4098 2694/3101/2806 2695/3103/2807
f 2695/3103/2807 4138/4804/4099 4137/4803/4098
f 4136/4802/4097 4137/4803/4098 4138/4804/4099
f 4138/4804/4099 2695/3103/2807 2700/3112/2810
f 4133/4798/4095 4136/4802/4097 4139/4805/4100
f 4138/4804/4099 4139/4805/4100 4136/4802/4097
f 2700/3112/2810 4140/4806/4101 4138/4804/4099
f 2700/3112/2810 4141/4808/2814 4140/4806/4101
f 4142/4809/4102 4139/4805/4100 4138/4804/4099
f 4138/4804/4099 4140/4806/4101 4142/4809/4102
f 4143/4810/4103 4140/4806/4101 4141/4808/2814
f 4142/4809/4102 4140/4806/4101 4143/4810/4103
f 4144/4811/4104 4143/4810/4103 4141/4808/2814
f 4141/4808/2814 4145/4813/2815 4144/4811/4104
f 4144/4811/4104 4145/4813/2815 4146/4815/2822
f 4143/4810/4103 4147/4817/2848 4142/4809/4102
f 4148/4819/2843 4147/4817/2848 4143/4810/4103
f 4143/4810/4103 4144/4811/4104 4148/4819/2843
f 4147/4817/2848 2729/3144/2850 4142/4809/4102
f 4149/4821/2840 4148/4819/2843 4144/4811/4104
f 4146/4815/2822 4150/4822/4105 4144/4811/4104
f 4144/4811/4104 4150/4822/4105 4149/4821/2840
f 4150/4822/4105 4146/4815/2822 4151/4824/2825
f 4152/4826/2838 4149/4821/2840 4150/4822/4105
f 4151/4824/2825 4153/4827/4106 4150/4822/4105
f 4150/4822/4105 4153/4827/4106 4152/4826/2838
f 4153/4827/4106 4151/4824/2825 4154/4829/2828
f 4152/4826/2838 4153/4827/4106 4155/4830/4107
f 4154/4829/2828 4155/4830/4107 4153/4827/4106
f 4155/4830/4107 2719/3133/2836 4152/4826/2838
f 4156/4831/4108 4155/4830/4107 4154/4829/2828
f 2719/3133/2836 4155/4830/4107 4156/4831/4108
f 4154/4829/2828 2714/3127/2829 4156/4831/4108
f 4156/4831/4108 4157/4833/2835 2719/3133/2836
f 2714/3127/2829 4158/4835/2831 4156/4831/4108
f 4158/4835/2831 4157/4833/2835 4156/4831/4108
f 4159/4836/4109 4142/4809/4102 2729/3144/2850
f 4139/4805/4100 4142/4809/4102 4159/4836/4109
f 2729/3144/2850 4160/4837/4110 4159/4836/4109
f 4161/4838/4111 4139/4805/4100 4159/4836/4109
f 4139/4805/4100 4161/4838/4111 4133/4798/4095
f 4162/4839/4112 4159/4836/4109 4160/4837/4110
f 4159/4836/4109 4162/4839/4112 4161/4838/4111
f 4163/4840/4113 4160/4837/4110 2729/3144/2850
f 2729/3144/2850 2730/3146/2851 4163/4840/4113
f 4163/4840/4113 2730/3146/2851 2734/3151/2855
f 4160/4837/4110 2752/3174/2878 4162/4839/4112
f 2752/3174/2878 4160/4837/4110 4163/4840/4113
f 4163/4840/4113 4164/4842/2877 2752/3174/2878
f 2750/3171/2875 4164/4842/2877 4163/4840/4113
f 2752/3174/2878 2754/3177/2880 4162/4839/4112
f 4163/4840/4113 4165/4843/4114 2750/3171/2875
f 2734/3151/2855 4165/4843/4114 4163/4840/4113
f 2748/3168/2873 2750/3171/2875 4165/4843/4114
f 4165/4843/4114 2734/3151/2855 2737/3155/2858
f 2737/3155/2858 4166/4844/4115 4165/4843/4114
f 4165/4843/4114 4166/4844/4115 2748/3168/2873
f 4166/4844/4115 2737/3155/2858 4167/4846/2862
f 2748/3168/2873 4166/4844/4115 4168/4847/4116
f 4167/4846/2862 4168/4847/4116 4166/4844/4115
f 4168/4847/4116 4169/4849/2871 2748/3168/2873
f 4170/4850/4117 4168/4847/4116 4167/4846/2862
f 4169/4849/2871 4168/4847/4116 4170/4850/4117
f 4167/4846/2862 4171/4852/2865 4170/4850/4117
f 4170/4850/4117 4172/4854/2870 4169/4849/2871
f 4171/4852/2865 2743/3162/2866 4170/4850/4117
f 2743/3162/2866 4172/4854/2870 4170/4850/4117
f 4162/4839/4112 2754/3177/2880 4173/4855/4118
f 4173/4855/4118 4174/4856/4119 4162/4839/4112
f 4161/4838/4111 4162/4839/4112 4174/4856/4119
f 4175/4857/4120 4173/4855/4118 2754/3177/2880
f 2754/3177/2880 4176/4859/2882 4175/4857/4120
f 4175/4857/4120 4176/4859/2882 4177/4861/2890
f 4174/4856/4119 4178/4862/4121 4161/4838/4111
f 4177/4861/2890 4179/4863/4122 4175/4857/4120
f 4179/4863/4122 4177/4861/2890 4180/4865/2898
f 4181/4866/4123 4174/4856/4119 4173/4855/4118
f 4181/4866/4123 4178/4862/4121 4174/4856/4119
f 2659/3062/2770 4173/4855/4118 4175/4857/4120
f 4173/4855/4118 2659/3062/2770 4181/4866/4123
f 4175/4857/4120 2661/3065/2772 2659/3062/2770
f 4182/4868/2893 2661/3065/2772 4175/4857/4120
f 4175/4857/4120 4179/4863/4122 4182/4868/2893
f 2659/3062/2770 4183/4870/2769 4181/4866/4123
f 4184/4872/2895 4182/4868/2893 4179/4863/4122
f 4181/4866/4123 4183/4870/2769 4185/4873/4124
f 4179/4863/4122 4186/4874/4125 4184/4872/2895
f 4180/4865/2898 4186/4874/4125 4179/4863/4122
f 2775/3201/2907 4184/4872/2895 4186/4874/4125
f 4186/4874/4125 4180/4865/2898 4187/4876/2901
f 4185/4873/4124 4183/4870/2769 4188/4878/2767
f 4187/4876/2901 4189/4879/4126 4186/4874/4125
f 4186/4874/4125 4189/4879/4126 2775/3201/2907
f 4190/4880/4127 4189/4879/4126 4187/4876/2901
f 2775/3201/2907 4189/4879/4126 4190/4880/4127
f 4187/4876/2901 2770/3194/2902 4190/4880/4127
f 4190/4880/4127 2776/3203/2908 2775/3201/2907
f 2772/3197/2904 4190/4880/4127 2770/3194/2902
f 4190/4880/4127 2772/3197/2904 2776/3203/2908
f 4188/4878/2767 4191/4881/4128 4185/4873/4124
f 4192/4882/4129 4191/4881/4128 4188/4878/2767
f 4188/4878/2767 4193/4884/2765 4192/4882/4129
f 4192/4882/4129 4193/4884/2765 2655/3057/2763
f 4185/4873/4124 4191/4881/4128 4194/4886/2740
f 2638/3034/2745 4194/4886/2740 4191/4881/4128
f 4191/4881/4128 4192/4882/4129 2638/3034/2745
f 4194/4886/2740 2630/3025/2736 4185/4873/4124
f 2641/3038/2748 2638/3034/2745 4192/4882/4129
f 4195/4887/4130 4185/4873/4124 2630/3025/2736
f 4185/4873/4124 4195/4887/4130 4181/4866/4123
f 2630/3025/2736 4196/4889/2730 4195/4887/4130
f 4178/4862/4121 4181/4866/4123 4195/4887/4130
f 4195/4887/4130 4196/4889/2730 4197/4891/2729
f 4192/4882/4129 4198/4892/4131 2641/3038/2748
f 2655/3057/2763 4198/4892/4131 4192/4882/4129
f 4199/4894/2752 2641/3038/2748 4198/4892/4131
f 4198/4892/4131 2655/3057/2763 2654/3055/2762
f 4198/4892/4131 4200/4895/4132 4199/4894/2752
f 2654/3055/2762 4200/4895/4132 4198/4892/4131
f 4199/4894/2752 4200/4895/4132 4201/4896/4133
f 4201/4896/4133 4200/4895/4132 2654/3055/2762
f 4201/4896/4133 2647/3045/2755 4199/4894/2752
f 2654/3055/2762 2651/3051/2759 4201/4896/4133
f 4201/4896/4133 2650/3049/2758 2647/3045/2755
f 2650/3049/2758 4201/4896/4133 2651/3051/2759
f 4197/4891/2729 4202/4897/4134 4195/4887/4130
f 4195/4887/4130 4202/4897/4134 4178/4862/4121
f 4203/4898/4135 4202/4897/4134 4197/4891/2729
f 4197/4891/2729 2621/3015/2725 4203/4898/4135
f 2621/3015/2725 4204/4900/2723 4203/4898/4135
f 4178/4862/4121 4202/4897/4134 4205/4901/4136
f 4161/4838/4111 4178/4862/4121 4205/4901/4136
f 4205/4901/4136 4133/4798/4095 4161/4838/4111
f 4133/4798/4095 4205/4901/4136 4130/4795/4092
f 4206/4902/4137 4205/4901/4136 4202/4897/4134
f 4130/4795/4092 4205/4901/4136 4206/4902/4137
f 4202/4897/4134 4203/4898/4135 4206/4902/4137
f 4206/4902/4137 2600/2988/2701 4130/4795/4092
f 4207/4903/4138 4206/4902/4137 4203/4898/4135
f 2600/2988/2701 4206/4902/4137 4207/4903/4138
f 4203/4898/4135 4204/4900/2723 4207/4903/4138
f 4207/4903/4138 4208/4905/2704 2600/2988/2701
f 2605/2994/2707 4208/4905/2704 4207/4903/4138
f 4209/4906/4139 4207/4903/4138 4204/4900/2723
f 4207/4903/4138 4209/4906/4139 2605/2994/2707
f 4204/4900/2723 4210/4908/2721 4209/4906/4139
f 2609/2999/2711 2605/2994/2707 4209/4906/4139
f 4209/4906/4139 4210/4908/2721 2617/3010/2719
f 4209/4906/4139 4211/4909/4140 2609/2999/2711
f 2617/3010/2719 4211/4909/4140 4209/4906/4139
f 2612/3003/2714 2609/2999/2711 4211/4909/4140
f 4211/4909/4140 2617/3010/2719 2616/3008/2718
f 4211/4909/4140 4212/4910/4141 2612/3003/2714
f 29/29/65 4213/4911/64 59/59/109
f 59/59/109 28/28/61 4214/4912/60
f 4215/4913/4142 59/59/109 4213/4911/64
f 28/28/61 59/59/109 4215/4913/4142
f 4213/4911/64 4216/4914/4143 4215/4913/4142
f 4216/4914/4143 4213/4911/64 4217/4915/63
f 4215/4913/4142 4218/4916/4144 28/28/61
f 4219/4917/62 28/28/61 4218/4916/4144
f 4215/4913/4142 4216/4914/4143 4220/4918/4145
f 4217/4915/63 4220/4918/4145 4216/4914/4143
f 4221/4919/4146 4218/4916/4144 4215/4913/4142
f 4218/4916/4144 4221/4919/4146 4219/4917/62
f 4220/4918/4145 4222/4920/4147 4215/4913/4142
f 4215/4913/4142 4222/4920/4147 4221/4919/4146
f 4220/4918/4145 4217/4915/63 4223/4921/4148
f 4222/4920/4147 4220/4918/4145 4224/4922/4149
f 4223/4921/4148 4224/4922/4149 4220/4918/4145
f 4225/4923/4150 4221/4919/4146 4222/4920/4147
f 4223/4921/4148 4217/4915/63 4226/4924/4151
f 29/29/65 4226/4924/4151 4217/4915/63
f 4221/4919/4146 4225/4923/4150 4227/4925/4152
f 4227/4925/4152 4219/4917/62 4221/4919/4146
f 4228/4926/4153 4226/4924/4151 29/29/65
f 29/29/65 4229/4927/4154 4228/4926/4153
f 4226/4924/4151 4228/4926/4153 4230/4928/4155
f 4231/4929/4156 4229/4927/4154 29/29/65
f 29/29/65 4232/4930/108 4231/4929/4156
f 4231/4929/4156 4232/4930/108 4214/4912/60
f 4214/4912/60 4233/4931/4157 4231/4929/4156
f 4234/4932/4158 4233/4931/4157 4214/4912/60
f 4230/4928/4155 4235/4933/4159 4226/4924/4151
f 4226/4924/4151 4235/4933/4159 4223/4921/4148
f 4235/4933/4159 4230/4928/4155 4236/4934/4160
f 4214/4912/60 4237/4935/4161 4234/4932/4158
f 4219/4917/62 4237/4935/4161 4214/4912/60
f 4237/4935/4161 4219/4917/62 4227/4925/4152
f 4238/4936/4162 4234/4932/4158 4237/4935/4161
f 4237/4935/4161 4239/4937/4163 4238/4936/4162
f 4227/4925/4152 4239/4937/4163 4237/4935/4161
f 4240/4938/4164 4238/4936/4162 4239/4937/4163
f 4239/4937/4163 4227/4925/4152 4241/4939/4165
f 4241/4939/4165 4227/4925/4152 4225/4923/4150
f 4239/4937/4163 4242/4940/4166 4240/4938/4164
f 4241/4939/4165 4242/4940/4166 4239/4937/4163
f 4243/4941/4167 4240/4938/4164 4242/4940/4166
f 4242/4940/4166 4244/4942/4168 4243/4941/4167
f 4245/4943/4169 4243/4941/4167 4244/4942/4168
f 4246/4944/4170 4244/4942/4168 4242/4940/4166
f 4242/4940/4166 4241/4939/4165 4246/4944/4170
f 4244/4942/4168 4247/4945/4171 4245/4943/4169
f 4247/4945/4171 4244/4942/4168 4246/4944/4170
f 4245/4943/4169 4247/4945/4171 4248/4946/4172
f 4248/4946/4172 4249/4947/4173 4245/4943/4169
f 4250/4948/4174 4249/4947/4173 4248/4946/4172
f 4246/4944/4170 4251/4949/4175 4247/4945/4171
f 4248/4946/4172 4252/4950/4176 4250/4948/4174
f 4253/4951/4177 4248/4946/4172 4247/4945/4171
f 4247/4945/4171 4251/4949/4175 4253/4951/4177
f 4252/4950/4176 4248/4946/4172 4253/4951/4177
f 4254/4952/4178 4251/4949/4175 4246/4944/4170
f 4253/4951/4177 4251/4949/4175 4254/4952/4178
f 4250/4948/4174 4252/4950/4176 4255/4953/4179
f 4255/4953/4179 4256/4954/4180 4250/4948/4174
f 4257/4955/4181 4256/4954/4180 4255/4953/4179
f 4253/4951/4177 4258/4956/4182 4252/4950/4176
f 4255/4953/4179 4259/4957/4183 4257/4955/4181
f 4260/4958/4184 4258/4956/4182 4253/4951/4177
f 4254/4952/4178 4260/4958/4184 4253/4951/4177
f 4252/4950/4176 4258/4956/4182 4261/4959/4185
f 4261/4959/4185 4255/4953/4179 4252/4950/4176
f 4261/4959/4185 4258/4956/4182 4260/4958/4184
f 4259/4957/4183 4255/4953/4179 4261/4959/4185
f 4260/4958/4184 4262/4960/4186 4261/4959/4185
f 4262/4960/4186 4260/4958/4184 4254/4952/4178
f 4261/4959/4185 4263/4961/4187 4259/4957/4183
f 4261/4959/4185 4262/4960/4186 4264/4962/4188
f 4264/4962/4188 4263/4961/4187 4261/4959/4185
f 4259/4957/4183 4263/4961/4187 4265/4963/4189
f 4265/4963/4189 4263/4961/4187 4264/4962/4188
f 4257/4955/4181 4259/4957/4183 4266/4964/4190
f 4265/4963/4189 4266/4964/4190 4259/4957/4183
f 4266/4964/4190 4267/4965/4191 4257/4955/4181
f 4268/4966/4192 4267/4965/4191 4266/4964/4190
f 4269/4967/4193 4266/4964/4190 4265/4963/4189
f 4266/4964/4190 4269/4967/4193 4268/4966/4192
f 4265/4963/4189 4264/4962/4188 4270/4968/4194
f 4270/4968/4194 4264/4962/4188 4262/4960/4186
f 4265/4963/4189 4271/4969/4195 4269/4967/4193
f 4270/4968/4194 4271/4969/4195 4265/4963/4189
f 4268/4966/4192 4269/4967/4193 4272/4970/4196
f 4272/4970/4196 4273/4971/4197 4268/4966/4192
f 4269/4967/4193 4271/4969/4195 4274/4972/4198
f 4274/4972/4198 4272/4970/4196 4269/4967/4193
f 4274/4972/4198 4271/4969/4195 4270/4968/4194
f 4273/4971/4197 4272/4970/4196 4275/4973/4199
f 4275/4973/4199 4272/4970/4196 4274/4972/4198
f 4275/4973/4199 4236/4934/4160 4273/4971/4197
f 4236/4934/4160 4275/4973/4199 4235/4933/4159
f 4235/4933/4159 4275/4973/4199 4276/4974/4200
f 4274/4972/4198 4276/4974/4200 4275/4973/4199
f 4276/4974/4200 4223/4921/4148 4235/4933/4159
f 4224/4922/4149 4223/4921/4148 4276/4974/4200
f 4276/4974/4200 4274/4972/4198 4277/4975/4201
f 4270/4968/4194 4277/4975/4201 4274/4972/4198
f 4276/4974/4200 4278/4976/4202 4224/4922/4149
f 4277/4975/4201 4278/4976/4202 4276/4974/4200
f 4279/4977/4203 4224/4922/4149 4278/4976/4202
f 4224/4922/4149 4279/4977/4203 4222/4920/4147
f 4222/4920/4147 4279/4977/4203 4225/4923/4150
f 4280/4978/4204 4278/4976/4202 4277/4975/4201
f 4278/4976/4202 4280/4978/4204 4279/4977/4203
f 4281/4979/4205 4225/4923/4150 4279/4977/4203
f 4279/4977/4203 4280/4978/4204 4281/4979/4205
f 4225/4923/4150 4281/4979/4205 4241/4939/4165
f 4277/4975/4201 4282/4980/4206 4280/4978/4204
f 4282/4980/4206 4277/4975/4201 4270/4968/4194
f 4283/4981/4207 4281/4979/4205 4280/4978/4204
f 4241/4939/4165 4281/4979/4205 4283/4981/4207
f 4280/4978/4204 4282/4980/4206 4283/4981/4207
f 4283/4981/4207 4246/4944/4170 4241/4939/4165
f 4246/4944/4170 4283/4981/4207 4254/4952/4178
f 4254/4952/4178 4283/4981/4207 4282/4980/4206
f 4270/4968/4194 4284/4982/4208 4282/4980/4206
f 4282/4980/4206 4284/4982/4208 4254/4952/4178
f 4262/4960/4186 4284/4982/4208 4270/4968/4194
f 4254/4952/4178 4284/4982/4208 4262/4960/4186
f 2205/2541/2311 4285/4983/4209 2298/2648/2397
f 4285/4983/4209 2205/2541/2311 2206/2542/2312
f 2298/2648/2397 4285/4983/4209 2223/2562/2331
f 2206/2542/2312 2211/2548/2317 4285/4983/4209
f 2223/2562/2331 4285/4983/4209 2211/2548/2317
f 4286/4985/961 863/960/960 4287/4986/4210
f 4287/4986/4210 866/964/964 4286/4985/961
f 4287/4986/4210 863/960/960 861/957/958
f 866/964/964 4287/4986/4210 4288/4987/4211
f 4288/4987/4211 829/923/923 866/964/964
f 828/921/922 829/923/923 4288/4987/4211
f 861/957/958 4289/4988/4212 4287/4986/4210
f 4287/4986/4210 4289/4988/4212 4288/4987/4211
f 4288/4987/4211 4290/4989/4213 828/921/922
f 4288/4987/4211 4289/4988/4212 4290/4989/4213
f 824/916/918 828/921/922 4290/4989/4213
f 4291/4990/4214 4289/4988/4212 861/957/958
f 861/957/958 4292/4992/955 4291/4990/4214
f 4290/4989/4213 4293/4993/4215 824/916/918
f 4294/4995/915 824/916/918 4293/4993/4215
f 4290/4989/4213 4289/4988/4212 4295/4996/4216
f 4290/4989/4213 4295/4996/4216 4293/4993/4215
f 4293/4993/4215 4296/4997/4217 4294/4995/915
f 4293/4993/4215 4295/4996/4216 4296/4997/4217
f 4297/4999/911 4294/4995/915 4296/4997/4217
f 4296/4997/4217 4298/5001/910 4297/4999/911
f 816/907/907 4298/5001/910 4296/4997/4217
f 4296/4997/4217 4295/4996/4216 816/907/907
f 4299/5002/4218 4295/4996/4216 4289/4988/4212
f 816/907/907 4295/4996/4216 4299/5002/4218
f 4289/4988/4212 4291/4990/4214 4299/5002/4218
f 4299/5002/4218 811/899/903 816/907/907
f 812/902/830 811/899/903 4299/5002/4218
f 4299/5002/4218 4300/5003/4219 812/902/830
f 4300/5003/4219 4299/5002/4218 4291/4990/4214
f 743/821/831 812/902/830 4300/5003/4219
f 4301/5004/4220 4291/4990/4214 4292/4992/955
f 4291/4990/4214 4301/5004/4220 4300/5003/4219
f 4292/4992/955 857/952/953 4301/5004/4220
f 4301/5004/4220 857/952/953 4302/5006/950
f 4302/5006/950 4303/5007/4221 4301/5004/4220
f 4300/5003/4219 4301/5004/4220 4303/5007/4221
f 4303/5007/4221 4302/5006/950 4304/5009/947
f 4304/5009/947 4305/5011/841 4303/5007/4221
f 4303/5007/4221 4306/5012/4222 4300/5003/4219
f 4306/5012/4222 4303/5007/4221 4305/5011/841
f 4300/5003/4219 4306/5012/4222 743/821/831
f 4305/5011/841 4307/5014/836 4306/5012/4222
f 4308/5016/833 743/821/831 4306/5012/4222
f 4306/5012/4222 4307/5014/836 4308/5016/833
f 4309/5017/4223 4310/5018/4224 4311/5019/4225
f 4311/5019/4225 4312/5020/4226 4309/5017/4223
f 4311/5019/4225 4310/5018/4224 4313/5021/4227
f 4312/5020/4226 4311/5019/4225 4314/5022/4228
f 4314/5022/4228 4315/5023/4229 4312/5020/4226
f 4316/5024/4230 4315/5023/4229 4314/5022/4228
f 4313/5021/4227 4317/5025/4231 4311/5019/4225
f 4314/5022/4228 4311/5019/4225 4317/5025/4231
f 4314/5022/4228 4318/5026/4232 4316/5024/4230
f 4319/5027/4233 4316/5024/4230 4318/5026/4232
f 4317/5025/4231 4320/5028/4234 4314/5022/4228
f 4318/5026/4232 4314/5022/4228 4320/5028/4234
f 4321/5029/4235 4317/5025/4231 4313/5021/4227
f 4313/5021/4227 4322/5030/4236 4321/5029/4235
f 4321/5029/4235 4322/5030/4236 4323/5031/4237
f 4324/5032/4238 4320/5028/4234 4317/5025/4231
f 4317/5025/4231 4321/5029/4235 4324/5032/4238
f 4323/5031/4237 4325/5033/4239 4321/5029/4235
f 4324/5032/4238 4321/5029/4235 4325/5033/4239
f 4325/5033/4239 4323/5031/4237 4326/5034/4240
f 4327/5035/4241 4320/5028/4234 4324/5032/4238
f 4320/5028/4234 4327/5035/4241 4318/5026/4232
f 4326/5034/4240 4328/5036/4242 4325/5033/4239
f 4328/5036/4242 4326/5034/4240 4329/5037/4243
f 4325/5033/4239 4330/5038/4244 4324/5032/4238
f 4325/5033/4239 4328/5036/4242 4331/5039/4245
f 4331/5039/4245 4330/5038/4244 4325/5033/4239
f 4329/5037/4243 4332/5040/4246 4328/5036/4242
f 4333/5041/4247 4324/5032/4238 4330/5038/4244
f 4324/5032/4238 4333/5041/4247 4327/5035/4241
f 4334/5042/4248 4332/5040/4246 4329/5037/4243
f 4329/5037/4243 4335/5043/4249 4334/5042/4248
f 4328/5036/4242 4332/5040/4246 4336/5044/4250
f 4336/5044/4250 4332/5040/4246 4334/5042/4248
f 4336/5044/4250 4331/5039/4245 4328/5036/4242
f 4337/5045/4251 4334/5042/4248 4335/5043/4249
f 4335/5043/4249 4338/5046/4252 4337/5045/4251
f 4334/5042/4248 4339/5047/4253 4336/5044/4250
f 4339/5047/4253 4334/5042/4248 4337/5045/4251
f 4340/5048/4254 4331/5039/4245 4336/5044/4250
f 4330/5038/4244 4331/5039/4245 4340/5048/4254
f 4336/5044/4250 4339/5047/4253 4341/5049/4255
f 4340/5048/4254 4342/5050/4256 4330/5038/4244
f 4330/5038/4244 4342/5050/4256 4333/5041/4247
f 4336/5044/4250 4343/5051/4257 4340/5048/4254
f 4341/5049/4255 4343/5051/4257 4336/5044/4250
f 4340/5048/4254 4343/5051/4257 4344/5052/4258
f 4344/5052/4258 4343/5051/4257 4341/5049/4255
f 4342/5050/4256 4340/5048/4254 4345/5053/4259
f 4344/5052/4258 4345/5053/4259 4340/5048/4254
f 4333/5041/4247 4342/5050/4256 4346/5054/4260
f 4345/5053/4259 4346/5054/4260 4342/5050/4256
f 4345/5053/4259 4344/5052/4258 4347/5055/4261
f 4346/5054/4260 4345/5053/4259 4347/5055/4261
f 4341/5049/4255 4348/5056/4262 4344/5052/4258
f 4347/5055/4261 4344/5052/4258 4348/5056/4262
f 4346/5054/4260 4349/5057/4263 4333/5041/4247
f 4327/5035/4241 4333/5041/4247 4349/5057/4263
f 4347/5055/4261 4350/5058/4264 4346/5054/4260
f 4349/5057/4263 4346/5054/4260 4350/5058/4264
f 4347/5055/4261 4348/5056/4262 4351/5059/4265
f 4351/5059/4265 4350/5058/4264 4347/5055/4261
f 4348/5056/4262 4341/5049/4255 4352/5060/4266
f 4352/5060/4266 4351/5059/4265 4348/5056/4262
f 4353/5061/4267 4352/5060/4266 4341/5049/4255
f 4341/5049/4255 4339/5047/4253 4353/5061/4267
f 4337/5045/4251 4353/5061/4267 4339/5047/4253
f 4354/5062/4268 4352/5060/4266 4353/5061/4267
f 4351/5059/4265 4352/5060/4266 4354/5062/4268
f 4355/5063/4269 4353/5061/4267 4337/5045/4251
f 4353/5061/4267 4355/5063/4269 4354/5062/4268
f 4356/5064/4270 4350/5058/4264 4351/5059/4265
f 4350/5058/4264 4356/5064/4270 4349/5057/4263
f 4354/5062/4268 4357/5065/4271 4351/5059/4265
f 4351/5059/4265 4357/5065/4271 4356/5064/4270
f 4357/5065/4271 4354/5062/4268 4358/5066/4272
f 4358/5066/4272 4354/5062/4268 4355/5063/4269
f 4356/5064/4270 4357/5065/4271 4359/5067/4273
f 4358/5066/4272 4359/5067/4273 4357/5065/4271
f 4360/5068/4274 4349/5057/4263 4356/5064/4270
f 4349/5057/4263 4360/5068/4274 4327/5035/4241
f 4359/5067/4273 4361/5069/4275 4356/5064/4270
f 4356/5064/4270 4361/5069/4275 4360/5068/4274
f 4327/5035/4241 4360/5068/4274 4362/5070/4276
f 4362/5070/4276 4360/5068/4274 4361/5069/4275
f 4362/5070/4276 4318/5026/4232 4327/5035/4241
f 4318/5026/4232 4362/5070/4276 4319/5027/4233
f 4319/5027/4233 4362/5070/4276 4363/5071/4277
f 4361/5069/4275 4363/5071/4277 4362/5070/4276
f 4363/5071/4277 4364/5072/4278 4319/5027/4233
f 4365/5073/4279 4364/5072/4278 4363/5071/4277
f 4366/5074/4280 4363/5071/4277 4361/5069/4275
f 4363/5071/4277 4366/5074/4280 4365/5073/4279
f 4361/5069/4275 4359/5067/4273 4366/5074/4280
f 4366/5074/4280 4359/5067/4273 4358/5066/4272
f 4365/5073/4279 4366/5074/4280 4367/5075/4281
f 4358/5066/4272 4367/5075/4281 4366/5074/4280
f 4367/5075/4281 4368/5076/4282 4365/5073/4279
f 4367/5075/4281 4358/5066/4272 4369/5077/4283
f 4355/5063/4269 4369/5077/4283 4358/5066/4272
f 4368/5076/4282 4367/5075/4281 4370/5078/4284
f 4369/5077/4283 4370/5078/4284 4367/5075/4281
f 4370/5078/4284 4371/5079/4285 4368/5076/4282
f 4372/5080/4286 4371/5079/4285 4370/5078/4284
f 4373/5081/4287 4369/5077/4283 4355/5063/4269
f 4370/5078/4284 4369/5077/4283 4373/5081/4287
f 4370/5078/4284 4374/5082/4288 4372/5080/4286
f 4373/5081/4287 4374/5082/4288 4370/5078/4284
f 4375/5083/4289 4372/5080/4286 4374/5082/4288
f 4374/5082/4288 4376/5084/4290 4375/5083/4289
f 4377/5085/4291 4376/5084/4290 4374/5082/4288
f 4374/5082/4288 4373/5081/4287 4377/5085/4291
f 4355/5063/4269 4378/5086/4292 4373/5081/4287
f 4377/5085/4291 4373/5081/4287 4378/5086/4292
f 4337/5045/4251 4378/5086/4292 4355/5063/4269
f 4378/5086/4292 4379/5087/4293 4377/5085/4291
f 4378/5086/4292 4337/5045/4251 4338/5046/4252
f 4338/5046/4252 4379/5087/4293 4378/5086/4292
f 2530/2907/2626 4380/5088/4294 2528/2905/2624
f 4380/5088/4294 2530/2907/2626 2539/2918/2633
f 2528/2905/2624 4380/5088/4294 2490/2860/2592
f 2539/2918/2633 4381/5089/4295 4380/5088/4294
f 2453/2820/2551 4381/5089/4295 2539/2918/2633
f 4381/5089/4295 2453/2820/2551 2455/2822/2553
f 4382/5090/4296 2490/2860/2592 4380/5088/4294
f 4380/5088/4294 4381/5089/4295 4382/5090/4296
f 2455/2822/2553 4382/5090/4296 4381/5089/4295
f 2490/2860/2592 4382/5090/4296 2465/2833/2563
f 4382/5090/4296 2455/2822/2553 2460/2827/2558
f 2460/2827/2558 2465/2833/2563 4382/5090/4296
f 4383/5092/2647 2552/2934/2646 4384/5093/4297
f 4384/5093/4297 4385/5095/2650 4383/5092/2647
f 4384/5093/4297 2552/2934/2646 4386/5097/2643
f 4385/5095/2650 4384/5093/4297 4387/5098/4298
f 4387/5098/4298 4388/5100/2653 4385/5095/2650
f 4386/5097/2643 4389/5101/4299 4384/5093/4297
f 4387/5098/4298 4384/5093/4297 4389/5101/4299
f 4388/5100/2653 4387/5098/4298 4390/5102/4300
f 4390/5102/4300 4387/5098/4298 4389/5101/4299
f 4390/5102/4300 2560/2943/2657 4388/5100/2653
f 4391/5103/4301 4389/5101/4299 4386/5097/2643
f 4386/5097/2643 2548/2929/2641 4391/5103/4301
f 4391/5103/4301 2548/2929/2641 2400/2760/2488
f 4390/5102/4300 4389/5101/4299 4392/5104/4302
f 4392/5104/4302 4389/5101/4299 4391/5103/4301
f 2560/2943/2657 4390/5102/4300 4393/5105/4303
f 4393/5105/4303 4390/5102/4300 4392/5104/4302
f 4393/5105/4303 4394/5107/2658 2560/2943/2657
f 4395/5109/2536 4394/5107/2658 4393/5105/4303
f 4393/5105/4303 4396/5110/4304 4395/5109/2536
f 4396/5110/4304 4393/5105/4303 4392/5104/4302
f 4397/5112/2533 4395/5109/2536 4396/5110/4304
f 4396/5110/4304 4398/5114/2532 4397/5112/2533
f 4399/5116/2528 4398/5114/2532 4396/5110/4304
f 4396/5110/4304 4392/5104/4302 4399/5116/2528
f 4399/5116/2528 4392/5104/4302 4400/5117/4305
f 4391/5103/4301 4400/5117/4305 4392/5104/4302
f 4400/5117/4305 2431/2798/2525 4399/5116/2528
f 4400/5117/4305 4391/5103/4301 4401/5118/4306
f 2400/2760/2488 4401/5118/4306 4391/5103/4301
f 2431/2798/2525 4400/5117/4305 4402/5119/4307
f 4401/5118/4306 4402/5119/4307 4400/5117/4305
f 4402/5119/4307 2428/2794/2522 2431/2798/2525
f 4401/5118/4306 2400/2760/2488 4403/5121/2487
f 2422/2787/2516 2428/2794/2522 4402/5119/4307
f 4403/5121/2487 4404/5122/4308 4401/5118/4306
f 4404/5122/4308 4403/5121/2487 4405/5124/2492
f 4405/5124/2492 4406/5126/2496 4404/5122/4308
f 4404/5122/4308 4406/5126/2496 4407/5128/2501
f 4408/5129/4309 4402/5119/4307 4401/5118/4306
f 4401/5118/4306 4404/5122/4308 4408/5129/4309
f 4402/5119/4307 4408/5129/4309 2422/2787/2516
f 4407/5128/2501 4408/5129/4309 4404/5122/4308
f 4409/5131/2513 2422/2787/2516 4408/5129/4309
f 4408/5129/4309 4407/5128/2501 4409/5131/2513
f 4410/5132/4310 434/471/499 431/468/496
f 431/468/496 433/470/498 4410/5132/4310
f 434/471/499 4410/5132/4310 4411/5133/4311
f 4411/5133/4311 496/543/564 434/471/499
f 4412/5134/4312 4410/5132/4310 433/470/498
f 4410/5132/4310 4412/5134/4312 4411/5133/4311
f 496/543/564 4411/5133/4311 4413/5135/4313
f 4413/5135/4313 4411/5133/4311 4412/5134/4312
f 4413/5135/4313 493/540/561 496/543/564
f 497/544/565 493/540/561 4413/5135/4313
f 433/470/498 4414/5136/4314 4412/5134/4312
f 4414/5136/4314 433/470/498 432/469/497
f 4412/5134/4312 4415/5137/4315 4413/5135/4313
f 497/544/565 4413/5135/4313 4415/5137/4315
f 4412/5134/4312 4414/5136/4314 4416/5138/4316
f 4416/5138/4316 4415/5137/4315 4412/5134/4312
f 432/469/497 4417/5139/4317 4414/5136/4314
f 4417/5139/4317 432/469/497 435/472/500
f 4418/5140/4318 4416/5138/4316 4414/5136/4314
f 4414/5136/4314 4417/5139/4317 4418/5140/4318
f 4419/5141/4319 4415/5137/4315 4416/5138/4316
f 4418/5140/4318 4419/5141/4319 4416/5138/4316
f 4415/5137/4315 4420/5142/4320 497/544/565
f 4420/5142/4320 4415/5137/4315 4419/5141/4319
f 497/544/565 4420/5142/4320 4421/5143/4321
f 4419/5141/4319 4421/5143/4321 4420/5142/4320
f 4421/5143/4321 419/455/479 497/544/565
f 4422/5144/4322 4419/5141/4319 4418/5140/4318
f 4422/5144/4322 4418/5140/4318 4417/5139/4317
f 4421/5143/4321 4419/5141/4319 4423/5145/4323
f 4423/5145/4323 4419/5141/4319 4422/5144/4322
f 419/455/479 4421/5143/4321 4424/5146/4324
f 4424/5146/4324 4421/5143/4321 4423/5145/4323
f 419/455/479 4424/5146/4324 422/458/482
f 4423/5145/4323 4425/5147/4325 4424/5146/4324
f 4424/5146/4324 4425/5147/4325 422/458/482
f 4425/5147/4325 4423/5145/4323 4422/5144/4322
f 435/472/500 422/458/482 4425/5147/4325
f 4422/5144/4322 4426/5148/4326 4425/5147/4325
f 4425/5147/4325 4426/5148/4326 435/472/500
f 4417/5139/4317 4426/5148/4326 4422/5144/4322
f 435/472/500 4426/5148/4326 4417/5139/4317
f 4427/5149/4327 1818/2091/1918 4428/5151/1921
f 4427/5149/4327 4429/5153/1914 1818/2091/1918
f 4427/5149/4327 4428/5151/1921 4430/5155/1924
f 4427/5149/4327 1812/2084/1911 4429/5153/1914
f 4427/5149/4327 4430/5155/1924 1825/2100/1886
f 4427/5149/4327 4431/5157/1907 1812/2084/1911
f 4427/5149/4327 1825/2100/1886 1791/2056/1885
f 4427/5149/4327 1805/2076/1903 4431/5157/1907
f 4427/5149/4327 1791/2056/1885 4432/5159/1890
f 4427/5149/4327 1801/2070/1899 1805/2076/1903
f 4427/5149/4327 4432/5159/1890 4433/5161/1894
f 4427/5149/4327 4433/5161/1894 1801/2070/1899
f 1949/2240/2057 1952/2244/2061 4434/5162/4328
f 4434/5162/4328 1946/2235/2052 1949/2240/2057
f 1952/2244/2061 4435/5164/2066 4434/5162/4328
f 4434/5162/4328 1981/2281/2053 1946/2235/2052
f 4434/5162/4328 4435/5164/2066 1960/2255/2070
f 4434/5162/4328 4436/5166/2091 1981/2281/2053
f 4434/5162/4328 1960/2255/2070 4437/5168/2074
f 4434/5162/4328 4438/5170/2088 4436/5166/2091
f 4434/5162/4328 4437/5168/2074 1967/2263/2078
f 4434/5162/4328 1974/2272/2085 4438/5170/2088
f 4434/5162/4328 1967/2263/2078 1970/2267/2081
f 4434/5162/4328 1970/2267/2081 1974/2272/2085
f 4439/5171/4329 4440/5173/2953 2810/3245/2949
f 4439/5171/4329 2817/3253/2957 4440/5173/2953
f 4439/5171/4329 2810/3245/2949 2806/3240/2945
f 4439/5171/4329 4441/5176/2915 2817/3253/2957
f 4439/5171/4329 2806/3240/2945 4442/5178/2942
f 4439/5171/4329 4443/5180/2916 4441/5176/2915
f 4439/5171/4329 4442/5178/2942 4444/5182/2939
f 4439/5171/4329 4445/5184/2918 4443/5180/2916
f 4439/5171/4329 4444/5182/2939 4446/5186/2930
f 4439/5171/4329 4447/5188/2921 4445/5184/2918
f 4439/5171/4329 4446/5186/2930 2790/3222/2925
f 4439/5171/4329 2790/3222/2925 4447/5188/2921
f 2939/3394/3084 4448/5189/4330 2941/3397/3087
f 4448/5189/4330 2939/3394/3084 2937/3391/3082
f 2941/3397/3087 4448/5189/4330 2944/3401/3091
f 4448/5189/4330 2937/3391/3082 2936/3389/3081
f 4448/5189/4330 2949/3408/3096 2944/3401/3091
f 4448/5189/4330 2936/3389/3081 4449/5191/3129
f 4448/5189/4330 4450/5193/3112 2949/3408/3096
f 4448/5189/4330 4449/5191/3129 2976/3441/3125
f 4448/5189/4330 4451/5195/3115 4450/5193/3112
f 4448/5189/4330 2976/3441/3125 2972/3436/3121
f 4448/5189/4330 2969/3432/3118 4451/5195/3115
f 4448/5189/4330 2972/3436/3121 2969/3432/3118
f 4452/5196/4331 465/509/529 467/512/531
f 4452/5196/4331 467/512/531 468/514/532
f 465/509/529 4452/5196/4331 4453/5197/4332
f 4453/5197/4332 186/210/243 465/509/529
f 187/212/244 186/210/243 4453/5197/4332
f 468/514/532 4454/5198/4333 4452/5196/4331
f 4454/5198/4333 468/514/532 470/517/534
f 4455/5199/4334 4453/5197/4332 4452/5196/4331
f 4452/5196/4331 4454/5198/4333 4455/5199/4334
f 4453/5197/4332 4456/5200/4335 187/212/244
f 4456/5200/4335 4453/5197/4332 4455/5199/4334
f 4457/5202/246 187/212/244 4456/5200/4335
f 4458/5204/247 4457/5202/246 4456/5200/4335
f 4456/5200/4335 4459/5205/4336 4458/5204/247
f 4455/5199/4334 4459/5205/4336 4456/5200/4335
f 190/216/2 4458/5204/247 4459/5205/4336
f 4459/5205/4336 4455/5199/4334 4460/5206/4337
f 4460/5206/4337 4455/5199/4334 4454/5198/4333
f 4459/5205/4336 4461/5207/4338 190/216/2
f 4460/5206/4337 4461/5207/4338 4459/5205/4336
f 4462/5208/4339 190/216/2 4461/5207/4338
f 4463/5211/3 190/216/2 4462/5208/4339
f 4462/5208/4339 1080/1219/1217 4463/5211/3
f 4462/5208/4339 4464/5212/4340 1080/1219/1217
f 1082/1222/1219 1080/1219/1217 4464/5212/4340
f 4461/5207/4338 4465/5213/4341 4462/5208/4339
f 4464/5212/4340 4462/5208/4339 4465/5213/4341
f 1082/1222/1219 4464/5212/4340 4466/5214/4342
f 4465/5213/4341 4466/5214/4342 4464/5212/4340
f 4466/5214/4342 1084/1225/1221 1082/1222/1219
f 4467/5215/4343 4465/5213/4341 4461/5207/4338
f 4466/5214/4342 4465/5213/4341 4467/5215/4343
f 4461/5207/4338 4460/5206/4337 4467/5215/4343
f 1084/1225/1221 4466/5214/4342 4468/5216/4344
f 4467/5215/4343 4468/5216/4344 4466/5214/4342
f 4468/5216/4344 1087/1229/1224 1084/1225/1221
f 4467/5215/4343 4460/5206/4337 4469/5217/4345
f 4467/5215/4343 4469/5217/4345 4470/5219/4346
f 4470/5219/4346 4468/5216/4344 4467/5215/4343
f 1087/1229/1224 4468/5216/4344 4470/5219/4346
f 4470/5219/4346 1090/1233/1227 1087/1229/1224
f 4471/5221/1232 1090/1233/1227 4470/5219/4346
f 4470/5219/4346 4472/5222/4347 4471/5221/1232
f 4473/5224/1235 4471/5221/1232 4472/5222/4347
f 4474/5225/4348 4472/5222/4347 4470/5219/4346
f 4470/5219/4346 4469/5218/4345 4474/5225/4348
f 4469/5218/4345 4460/5206/4337 4474/5225/4348
f 4472/5222/4347 4475/5226/4349 4473/5224/1235
f 4475/5226/4349 4472/5222/4347 4474/5225/4348
f 1139/1288/1273 4473/5224/1235 4475/5226/4349
f 4474/5225/4348 4460/5206/4337 4476/5227/4350
f 4454/5198/4333 4476/5227/4350 4460/5206/4337
f 470/517/534 4476/5227/4350 4454/5198/4333
f 4474/5225/4348 4477/5228/4351 4475/5226/4349
f 4476/5227/4350 4477/5228/4351 4474/5225/4348
f 4475/5226/4349 4478/5229/4352 1139/1288/1273
f 4478/5229/4352 4475/5226/4349 4477/5228/4351
f 4478/5229/4352 1142/1293/1275 1139/1288/1273
f 4479/5230/4353 4477/5228/4351 4476/5227/4350
f 4477/5228/4351 4479/5230/4353 4478/5229/4352
f 4476/5227/4350 470/517/534 4479/5230/4353
f 1142/1293/1275 4478/5229/4352 4479/5230/4353
f 4479/5230/4353 470/517/534 1143/1296/536
f 1143/1296/536 1142/1293/1275 4479/5230/4353
f 4489/5243/2196 2006/2311/2116 4488/5241/2119
f 4488/5241/2119 2006/2311/2116 2008/2314/2118
f 4489/5245/2196 4491/5248/4354 4493/5252/2125
f 2009/2315/2127 4494/5256/2126 4492/5250/2122
f 4489/5243/2196 2007/2312/2117 2006/2311/2116
f 4493/5254/2125 4500/5270/4355 4494/5257/2126
f 4492/5251/2122 4500/5270/4355 4498/5266/4356
f 4491/5249/4354 4499/5268/4357 4493/5254/2125
f 4496/5261/2123 4501/5272/4358 4495/5258/4359
f 4490/5247/2120 4496/5262/2123 4495/5259/4359
f 4488/5242/2119 4495/5259/4359 4491/5248/4354
f 4500/5269/4355 4497/5263/4360 4498/5265/4356
f 4498/5265/4356 4501/5271/4358 4502/5274/4361
f 4500/5269/4355 4499/5267/4357 4497/5263/4360
f 4498/5265/4356 4497/5263/4360 4501/5271/4358
f 4491/5249/4354 4501/5273/4358 4497/5264/4360
f 4492/5251/2122 4502/5275/4361 4496/5261/2123
s 0
f 4511/5285/4362 4504/5277/4362 4503/5276/4362
f 4512/5286/4363 4505/5278/4363 4504/5277/4363
f 4513/5287/4364 4506/5279/4364 4505/5278/4364
f 4514/5288/4365 4507/5280/4365 4506/5279/4365
f 4507/5281/4366 4516/5291/4366 4508/5282/4366
f 4508/5282/4367 4517/5292/4367 4509/5283/4367
f 4509/5283/4368 4518/5293/4368 4510/5284/4368
f 4510/5284/4369 4511/5285/4369 4503/5276/4369
f 4519/5294/4370 4512/5286/4370 4511/5285/4370
f 4520/5295/4371 4513/5287/4371 4512/5286/4371
f 4521/5296/4372 4514/5288/4372 4513/5287/4372
f 4522/5297/4373 4515/5289/4373 4514/5288/4373
f 4515/5290/4374 4524/5300/4374 4516/5291/4374
f 4516/5291/4375 4525/5301/4375 4517/5292/4375
f 4517/5292/4376 4526/5302/4376 4518/5293/4376
f 4518/5293/4377 4519/5294/4377 4511/5285/4377
f 4527/5304/4378 4520/5295/4378 4519/5294/4378
f 4528/5305/4379 4521/5296/4379 4520/5295/4379
f 4529/5307/4380 4522/5297/4380 4521/5296/4380
f 4530/5309/4381 4523/5298/4381 4522/5297/4381
f 4523/5299/4382 4532/5315/4382 4524/5300/4382
f 4524/5300/4383 4533/5317/4383 4525/5301/4383
f 4525/5301/4384 4534/5319/4384 4526/5302/4384
f 4526/5302/4385 4527/5304/4385 4519/5294/4385
f 4535/5321/4386 4528/5306/4386 4527/5303/4386
f 4536/5322/4387 4529/5308/4387 4528/5306/4387
f 4537/5323/4388 4530/5310/4388 4529/5308/4388
f 4538/5324/4389 4531/5313/4389 4530/5310/4389
f 4531/5314/4390 4540/5327/4390 4532/5316/4390
f 4532/5316/4391 4541/5328/4392 4533/5318/4393
f 4533/5318/4394 4542/5329/4394 4534/5320/4394
f 4534/5320/4395 4535/5321/4395 4527/5303/4395
f 4543/5330/4396 4536/5322/4396 4535/5321/4396
f 4544/5331/4397 4537/5323/4397 4536/5322/4398
f 4545/5332/4399 4538/5324/4399 4537/5323/4400
f 4546/5333/4401 4539/5325/4401 4538/5324/4401
f 4539/5326/4402 4548/5336/4402 4540/5327/4402
f 4540/5327/4403 4549/5337/4403 4541/5328/4403
f 4541/5328/4404 4550/5338/4404 4542/5329/4404
f 4542/5329/4405 4543/5330/4406 4535/5321/4407
f 4543/5330/4408 4552/5340/4409 4544/5331/4409
f 4544/5331/4410 4553/5341/4410 4545/5332/4410
f 4545/5332/4411 4554/5342/4411 4546/5333/4411
f 4546/5333/4412 4555/5343/4412 4547/5334/4412
f 4555/5344/4413 4548/5336/4413 4547/5335/4413
f 4556/5345/4414 4549/5337/4414 4548/5336/4414
f 4557/5346/4415 4550/5338/4415 4549/5337/4416
f 4558/5347/4417 4543/5330/4418 4550/5338/4418
f 4551/5339/4419 4560/5349/4419 4552/5340/4420
f 4552/5340/4421 4561/5350/4421 4553/5341/4421
f 4553/5341/4422 4562/5351/4422 4554/5342/4422
f 4554/5342/4423 4563/5352/4423 4555/5343/4423
f 4563/5353/4424 4556/5345/4425 4555/5344/4424
f 4564/5354/4426 4557/5346/4426 4556/5345/4426
f 4565/5355/4427 4558/5347/4427 4557/5346/4427
f 4566/5356/4428 4551/5339/4428 4558/5347/4428
s 1
f 3008/3481/3164 4569/5362/3156 4568/5360/3159
f 4568/5361/3159 4575/5377/3158 4574/5375/4429
f 3006/3476/3153 4571/5368/4430 4572/5370/4431
f 3108/3601/3162 3008/3481/3164 4568/5360/3159
f 3008/3481/3164 3009/3483/3168 4569/5362/3156
f 4574/5374/4429 4573/5371/3157 4572/5369/4431
f 4570/5365/3160 4572/5369/4431 4571/5367/4430
f 4574/5374/4429 4575/5376/3158 4573/5371/3157
f 4570/5365/3160 4574/5374/4429 4572/5369/4431
f 4567/5359/3161 4571/5368/4430 3156/3651/3154
f 3006/3476/3153 4573/5373/3157 3007/3478/3155
f 2011/2318/2121 2009/2315/2127 4492/5250/2122
f 2010/2316/2124 4489/5244/2196 4493/5253/2125
f 2087/2411/2194 2007/2313/2117 4489/5244/2196
f 2127/2451/2233 2011/2318/2121 4490/5247/2120
f 4569/5364/3156 3007/3479/3155 4573/5372/3157
f 4568/5361/3159 4574/5375/4429 4570/5366/3160
f 4569/5363/3156 3009/3484/3168 3123/3616/3269
f 4567/5358/3161 3156/3650/3154 3158/3653/3303
s 0
f 4482/5233/4432 4578/5380/4432 4576/5378/4433
f 4483/5234/4434 4580/5383/4434 4581/5384/4435
f 4482/5233/4436 4487/5240/4436 4483/5234/4436
f 4481/5232/4437 4482/5233/4437 4483/5234/4438
f 4485/5237/4439 4480/5231/4439 4481/5232/4439
f 4486/5239/4440 4485/5238/4440 4487/5240/4440
s 1
f 4489/5245/2196 4488/5242/2119 4491/5248/4354
f 2009/2315/2127 2010/2317/2124 4494/5256/2126
f 4493/5254/2125 4499/5268/4357 4500/5270/4355
f 4492/5251/2122 4494/5257/2126 4500/5270/4355
f 4491/5249/4354 4497/5264/4360 4499/5268/4357
f 4496/5261/2123 4502/5275/4361 4501/5272/4358
f 4490/5247/2120 2011/2318/2121 4496/5262/2123
f 4488/5242/2119 4490/5247/2120 4495/5259/4359
f 4491/5249/4354 4495/5260/4359 4501/5273/4358
f 4492/5251/2122 4498/5266/4356 4502/5275/4361
s 0
f 4511/5285/4362 4512/5286/4362 4504/5277/4362
f 4512/5286/4363 4513/5287/4363 4505/5278/4363
f 4513/5287/4364 4514/5288/4364 4506/5279/4364
f 4514/5288/4441 4515/5289/4441 4507/5280/4441
f 4507/5281/4366 4515/5290/4366 4516/5291/4366
f 4508/5282/4367 4516/5291/4367 4517/5292/4367
f 4509/5283/4368 4517/5292/4368 4518/5293/4368
f 4510/5284/4442 4518/5293/4442 4511/5285/4442
f 4519/5294/4443 4520/5295/4443 4512/5286/4443
f 4520/5295/4371 4521/5296/4371 4513/5287/4371
f 4521/5296/4372 4522/5297/4372 4514/5288/4372
f 4522/5297/4373 4523/5298/4373 4515/5289/4373
f 4515/5290/4444 4523/5299/4444 4524/5300/4444
f 4516/5291/4445 4524/5300/4445 4525/5301/4445
f 4517/5292/4376 4525/5301/4376 4526/5302/4376
f 4518/5293/4377 4526/5302/4377 4519/5294/4377
f 4527/5304/4378 4528/5305/4446 4520/5295/4378
f 4528/5305/4379 4529/5307/4379 4521/5296/4379
f 4529/5307/4380 4530/5309/4380 4522/5297/4380
f 4530/5309/4381 4531/5311/4381 4523/5298/4381
f 4523/5299/4382 4531/5312/4382 4532/5315/4382
f 4524/5300/4383 4532/5315/4383 4533/5317/4383
f 4525/5301/4384 4533/5317/4384 4534/5319/4384
f 4526/5302/4447 4534/5319/4447 4527/5304/4447
f 4535/5321/4386 4536/5322/4386 4528/5306/4386
f 4536/5322/4387 4537/5323/4387 4529/5308/4387
f 4537/5323/4388 4538/5324/4388 4530/5310/4388
f 4538/5324/4389 4539/5325/4389 4531/5313/4389
f 4531/5314/4448 4539/5326/4448 4540/5327/4448
f 4532/5316/4391 4540/5327/4391 4541/5328/4391
f 4533/5318/4449 4541/5328/4449 4542/5329/4449
f 4534/5320/4450 4542/5329/4450 4535/5321/4450
f 4543/5330/4451 4544/5331/4451 4536/5322/4451
f 4544/5331/4452 4545/5332/4453 4537/5323/4453
f 4545/5332/4399 4546/5333/4399 4538/5324/4399
f 4546/5333/4401 4547/5334/4401 4539/5325/4401
f 4539/5326/4454 4547/5335/4454 4548/5336/4455
f 4540/5327/4456 4548/5336/4456 4549/5337/4456
f 4541/5328/4457 4549/5337/4457 4550/5338/4457
f 4542/5329/4458 4550/5338/4458 4543/5330/4458
f 4543/5330/4409 4551/5339/4409 4552/5340/4409
f 4544/5331/4410 4552/5340/4459 4553/5341/4459
f 4545/5332/4460 4553/5341/4460 4554/5342/4461
f 4546/5333/4462 4554/5342/4462 4555/5343/4462
f 4555/5344/4413 4556/5345/4413 4548/5336/4413
f 4556/5345/4463 4557/5346/4463 4549/5337/4463
f 4557/5346/4464 4558/5347/4464 4550/5338/4465
f 4558/5347/4466 4551/5339/4466 4543/5330/4467
f 4551/5339/4468 4559/5348/4469 4560/5349/4470
f 4552/5340/4421 4560/5349/4471 4561/5350/4472
f 4553/5341/4422 4561/5350/4473 4562/5351/4422
f 4554/5342/4423 4562/5351/4423 4563/5352/4423
f 4563/5353/4424 4564/5354/4424 4556/5345/4424
f 4564/5354/4474 4565/5355/4474 4557/5346/4474
f 4565/5355/4475 4566/5356/4475 4558/5347/4427
f 4566/5356/4476 4559/5348/4476 4551/5339/4476
s 1
f 4568/5361/3159 4569/5364/3156 4575/5377/3158
f 3006/3476/3153 3156/3651/3154 4571/5368/4430
f 4567/5359/3161 4570/5366/3160 4571/5368/4430
f 3006/3476/3153 4572/5370/4431 4573/5373/3157
s 0
f 4484/5236/4477 4578/5380/4478 4480/5231/4478
f 4482/5233/4479 4577/5379/4480 4486/5239/4480
f 4486/5239/4481 4579/5382/4482 4484/5235/4481
f 4483/5234/4483 4582/5385/4483 4481/5232/4484
f 4487/5240/4485 4583/5386/4486 4580/5383/4486
f 4481/5232/4487 4583/5387/4487 4485/5237/4488
f 4586/5390/4489 4594/5400/4490 4584/5388/4490
f 4587/5391/4491 4596/5403/4491 4591/5397/4492
f 4591/5397/4493 4586/5390/4494 4587/5391/4493
f 4585/5389/4495 4586/5390/4496 4584/5388/4496
f 4589/5394/4497 4584/5388/4497 4588/5393/4497
f 4589/5395/4498 4590/5396/4498 4591/5397/4498
f 4594/5400/4499 4588/5393/4499 4584/5388/4500
f 4593/5399/4501 4586/5390/4501 4590/5396/4501
f 4595/5402/4502 4590/5396/4502 4588/5392/4502
f 4598/5405/4503 4587/5391/4503 4585/5389/4503
f 4591/5397/4504 4599/5406/4504 4589/5395/4505
f 4599/5407/4506 4585/5389/4507 4589/5394/4506
f 4482/5233/4508 4480/5231/4508 4578/5380/4509
f 4483/5234/4510 4487/5240/4435 4580/5383/4510
f 4482/5233/4511 4486/5239/4511 4487/5240/4436
f 4481/5232/4438 4480/5231/4438 4482/5233/4438
f 4485/5237/4512 4484/5236/4512 4480/5231/4512
f 4486/5239/4513 4484/5235/4513 4485/5238/4513
f 4484/5236/4477 4579/5381/4477 4578/5380/4477
f 4482/5233/4514 4576/5378/4480 4577/5379/4480
f 4486/5239/4482 4577/5379/4482 4579/5382/4482
f 4483/5234/4484 4581/5384/4484 4582/5385/4484
f 4487/5240/4486 4485/5238/4486 4583/5386/4485
f 4481/5232/4487 4582/5385/4515 4583/5387/4515
f 4586/5390/4516 4592/5398/4516 4594/5400/4517
f 4587/5391/4491 4597/5404/4491 4596/5403/4491
f 4591/5397/4518 4590/5396/4518 4586/5390/4518
f 4585/5389/4519 4587/5391/4520 4586/5390/4520
f 4589/5394/4521 4585/5389/4521 4584/5388/4521
f 4589/5395/4522 4588/5392/4522 4590/5396/4522
f 4594/5400/4499 4595/5401/4499 4588/5393/4499
f 4593/5399/4501 4592/5398/4523 4586/5390/4523
f 4595/5402/4524 4593/5399/4525 4590/5396/4524
f 4598/5405/4526 4597/5404/4526 4587/5391/4526
f 4591/5397/4504 4596/5403/4504 4599/5406/4504
f 4599/5407/4527 4598/5405/4527 4585/5389/4527
