# Blender v3.2.2 OBJ File: ''
# www.blender.org
mtllib bearilla.mtl
o SK_BearrilaA.002
v 0.139315 3.095037 1.143005
v 0.103642 3.083820 1.160997
v 0.117327 3.103094 1.141540
v -0.092375 3.349412 1.258140
v -0.092936 3.351458 1.252598
v -0.092457 3.353783 1.252577
v 0.092457 3.353783 1.252577
v 0.092936 3.351458 1.252598
v 0.092375 3.349412 1.258140
v -0.051325 3.053525 1.350285
v -0.052961 3.053732 1.349810
v -0.052490 3.053583 1.347071
v -0.013938 3.014343 1.342651
v -0.014678 3.014440 1.342435
v -0.014449 3.014502 1.341199
v -0.030213 3.019190 1.336958
v -0.030953 3.019286 1.336743
v -0.030724 3.019353 1.335507
v -0.074007 3.093044 1.226562
v -0.073685 3.092721 1.227355
v -0.073050 3.093920 1.227759
v -0.075837 3.099724 1.233750
v -0.075012 3.093559 1.227538
v -0.080854 3.098607 1.244094
v -0.081041 3.098930 1.243412
v -0.080163 3.098198 1.242679
v -0.073614 3.071232 1.284250
v -0.074267 3.071395 1.283862
v -0.073840 3.070914 1.282672
v -0.084989 3.108224 1.223513
v -0.085519 3.108464 1.222998
v -0.084826 3.108074 1.221902
v -0.095517 3.134006 1.180156
v -0.095610 3.134300 1.179445
v -0.094635 3.133559 1.178864
v 0.052490 3.053583 1.347070
v 0.052960 3.053732 1.349810
v 0.051325 3.053525 1.350284
v 0.014449 3.014502 1.341197
v 0.014678 3.014440 1.342435
v 0.013938 3.014343 1.342651
v 0.030724 3.019353 1.335505
v 0.030953 3.019286 1.336743
v 0.030213 3.019195 1.336958
v 0.073050 3.093920 1.227758
v 0.073684 3.092721 1.227354
v 0.074007 3.093044 1.226560
v 0.080163 3.098198 1.242679
v 0.081041 3.098930 1.243412
v 0.080854 3.098607 1.244094
v 0.073840 3.070914 1.282670
v 0.074267 3.071395 1.283862
v 0.073614 3.071232 1.284248
v 0.084826 3.108079 1.221901
v 0.085519 3.108469 1.222998
v 0.084989 3.108224 1.223513
v 0.094635 3.133564 1.178864
v 0.095610 3.134300 1.179443
v 0.095517 3.134006 1.180156
v 0.011804 3.023554 1.244199
v 0.014554 3.023808 1.249479
v 0.034379 3.064595 1.216125
v -0.033548 3.063940 1.215180
v -0.014554 3.023808 1.249479
v -0.011804 3.023554 1.244199
v 0.672430 -0.030812 -0.008789
v 0.675504 -0.030812 -0.009285
v 0.674977 -0.033108 -0.015511
v 0.677050 -0.006053 -0.047525
v 0.672957 -0.024402 -0.012161
v 0.758847 -0.030812 -0.004019
v 0.761922 -0.030812 -0.004515
v 0.761394 -0.033108 -0.010741
v 0.763468 -0.006053 -0.042755
v 0.759374 -0.024402 -0.007391
v 0.834278 -0.030812 0.000336
v 0.837360 -0.030812 -0.000107
v 0.836941 -0.033108 -0.006341
v 0.839571 -0.006053 -0.038314
v 0.834864 -0.024402 -0.003027
v 0.903976 -0.030812 -0.027596
v 0.907054 -0.030812 -0.028066
v 0.906581 -0.033108 -0.034296
v 0.908933 -0.006053 -0.066290
v 0.904533 -0.024402 -0.030964
v 0.965102 -0.030812 -0.073274
v 0.968176 -0.030812 -0.073770
v 0.967649 -0.033108 -0.079997
v 0.951386 -0.006053 -0.109049
v 0.957826 0.011039 -0.103022
v 0.965629 -0.024402 -0.076647
v 0.969723 -0.006053 -0.112010
v -0.674976 -0.033108 -0.015511
v -0.675504 -0.030812 -0.009285
v -0.672430 -0.030812 -0.008789
v -0.677050 -0.006052 -0.047525
v -0.672957 -0.024402 -0.012162
v -0.761393 -0.033108 -0.010741
v -0.761922 -0.030812 -0.004515
v -0.758847 -0.030812 -0.004019
v -0.763467 -0.006052 -0.042755
v -0.759374 -0.024402 -0.007391
v -0.836940 -0.033108 -0.006341
v -0.837360 -0.030812 -0.000107
v -0.834278 -0.030812 0.000336
v -0.839571 -0.006052 -0.038314
v -0.834864 -0.024402 -0.003027
v -0.906581 -0.033108 -0.034296
v -0.907054 -0.030812 -0.028066
v -0.903976 -0.030812 -0.027596
v -0.908933 -0.006052 -0.066290
v -0.904533 -0.024402 -0.030964
v -0.967649 -0.033108 -0.079997
v -0.968176 -0.030812 -0.073770
v -0.965102 -0.030812 -0.073274
v -0.965629 -0.024402 -0.076647
v -0.957826 0.011039 -0.103022
v -0.951386 -0.006052 -0.109049
v -0.969722 -0.006052 -0.112010
v -0.073312 3.094180 1.227115
v -0.000000 3.018752 1.247391
v -0.000000 3.017298 1.253726
v 0.672481 -0.033108 -0.015108
v 0.758899 -0.033108 -0.010338
v 0.834439 -0.033108 -0.005982
v 0.904083 -0.033108 -0.033915
v -0.672481 -0.033108 -0.015108
v -0.758899 -0.033108 -0.010338
v -0.834439 -0.033108 -0.005982
v -0.904083 -0.033108 -0.033915
v 0.133356 3.365557 1.252394
v 0.134668 3.362237 1.252150
v 0.127411 3.355171 1.254864
v 0.123645 3.369470 1.254737
v 0.116234 3.348918 1.256137
v 0.110166 3.370678 1.255623
v 0.101349 3.350095 1.255100
v 0.097869 3.362894 1.254691
v 0.965506 0.011039 -0.104262
v 0.968125 -0.024402 -0.077050
v -0.127411 3.355171 1.254864
v -0.134668 3.362237 1.252150
v -0.133356 3.365557 1.252394
v -0.123645 3.369470 1.254737
v -0.116234 3.348919 1.256137
v -0.110166 3.370677 1.255623
v -0.101349 3.350095 1.255100
v -0.097869 3.362894 1.254691
v -0.968125 -0.024402 -0.077050
v -0.965506 0.011039 -0.104262
v 0.965154 -0.033108 -0.079594
v 0.942200 0.013820 -0.144510
v 0.937832 -0.003167 -0.184680
v 0.966811 0.013696 -0.148601
v 0.959101 -0.003085 -0.188036
v 0.948255 0.039989 -0.136962
v 0.953619 -0.001056 -0.225132
v 0.931074 -0.001056 -0.221492
v 0.933205 0.030343 -0.180445
v 0.962759 0.040079 -0.139431
v 0.940663 0.063053 -0.176910
v 0.960424 0.063021 -0.179844
v 0.931773 0.074369 -0.217154
v 0.921619 -0.008714 -0.265065
v 0.912862 -0.008714 -0.304317
v 0.892605 0.033203 -0.301047
v 0.912862 0.075120 -0.304317
v 0.944841 0.075120 -0.309480
v 0.954319 0.074369 -0.220795
v 0.965097 0.033203 -0.312750
v 0.962613 0.036751 -0.225128
v 0.948882 -0.008714 -0.269467
v 0.944841 -0.008714 -0.309480
v -0.965154 -0.033108 -0.079594
v -0.942200 0.013820 -0.144510
v -0.937832 -0.003167 -0.184680
v -0.948255 0.039989 -0.136962
v -0.933205 0.030343 -0.180445
v -0.931074 -0.001056 -0.221492
v -0.940663 0.063053 -0.176910
v -0.962759 0.040079 -0.139431
v -0.966812 0.013696 -0.148601
v -0.960424 0.063021 -0.179844
v -0.959101 -0.003085 -0.188036
v -0.953618 -0.001056 -0.225132
v -0.962613 0.036752 -0.225128
v -0.931773 0.074369 -0.217154
v -0.954319 0.074369 -0.220795
v -0.948882 -0.008714 -0.269467
v -0.921619 -0.008714 -0.265065
v -0.912862 -0.008714 -0.304317
v -0.944841 -0.008714 -0.309480
v -0.965097 0.033203 -0.312750
v -0.944841 0.075120 -0.309480
v -0.912862 0.075120 -0.304317
v -0.892605 0.033203 -0.301047
v 0.106430 2.902344 0.897091
v 0.000000 2.914267 0.954912
v 0.116875 2.951902 0.963359
v 0.215990 2.971352 0.907042
v 0.000000 2.921918 1.018040
v 0.209215 3.027021 0.966985
v 0.279968 3.030803 0.892490
v 0.115304 2.971530 1.039886
v 0.342028 3.107705 0.860450
v 0.041174 2.955148 1.109580
v 0.000000 2.953666 1.175938
v 0.333534 3.164376 0.931862
v 0.402940 3.202993 0.830424
v 0.365936 3.279931 0.893989
v 0.426576 3.347250 0.726762
v 0.187899 3.063867 1.061137
v 0.229151 3.152275 1.115388
v 0.100346 2.979966 1.110183
v 0.185471 3.119977 1.151422
v 0.080984 2.975505 1.184670
v 0.154033 3.072723 1.126938
v 0.047918 2.948527 1.224643
v 0.000000 2.933139 1.237293
v 0.117272 3.014040 1.227733
v 0.049605 2.923060 1.293268
v 0.000000 2.900755 1.299956
v 0.087036 2.965334 1.281431
v 0.043188 2.929401 1.317420
v -0.000000 2.902956 1.313419
v -0.000000 2.928979 1.303880
v 0.040883 2.945302 1.309399
v 0.087806 2.978860 1.293838
v 0.086934 3.023564 1.251690
v 0.113340 3.032297 1.240382
v 0.124796 3.123742 1.147230
v 0.149213 3.118314 1.155865
v 0.143577 3.135999 1.183565
v 0.107234 3.151387 1.171256
v 0.168450 3.143654 1.187697
v 0.121607 3.139443 1.242352
v 0.140192 3.152919 1.247678
v 0.195447 3.188110 1.184759
v 0.150090 3.171594 1.251091
v 0.120473 3.139556 1.306823
v 0.126005 3.168429 1.301988
v 0.101074 3.100682 1.332518
v 0.055739 3.078812 1.356804
v 0.106193 3.133307 1.363050
v 0.153054 3.215412 1.270935
v 0.121757 3.212026 1.319251
v 0.279435 3.266940 1.114887
v 0.209253 3.251641 1.224815
v 0.291073 3.340992 1.091423
v 0.293585 3.441798 1.046376
v 0.374682 3.409990 0.813065
v 0.411183 3.454617 0.603183
v 0.320065 3.545913 0.473073
v 0.192244 3.656672 0.655222
v 0.239359 3.596220 0.417398
v 0.113337 3.622637 0.394415
v 0.270570 3.542918 0.980888
v 0.080424 3.685099 0.632094
v 0.271794 3.571137 0.965784
v 0.265273 3.542476 1.013379
v 0.270279 3.594486 1.019490
v 0.237225 3.615949 0.974134
v 0.160187 3.680278 0.878693
v 0.201113 3.653784 1.007086
v 0.266347 3.632159 1.067198
v 0.064133 3.700762 0.887877
v 0.250546 3.655666 1.103280
v -0.000000 3.694162 0.892165
v 0.152494 3.651057 1.051156
v 0.047212 3.671423 1.049852
v 0.137815 3.623633 1.105699
v 0.088303 3.617126 1.139011
v 0.219160 3.657518 1.121296
v 0.187676 3.645329 1.119863
v 0.219902 3.642862 1.115700
v 0.246120 3.639128 1.098536
v 0.195416 3.634459 1.112878
v 0.257633 3.621703 1.069022
v 0.216893 3.628856 1.069161
v 0.256734 3.588200 1.033007
v 0.161278 3.611565 1.112916
v 0.217154 3.550756 1.069823
v 0.204983 3.588344 1.061259
v 0.178449 3.600285 1.105706
v 0.151984 3.595425 1.120842
v 0.052366 3.542621 1.230422
v 0.141023 3.488218 1.243214
v 0.173754 3.413785 1.249320
v 0.196136 3.376180 1.223006
v 0.192304 3.309484 1.246434
v 0.171889 3.366919 1.241475
v 0.150777 3.263555 1.277744
v 0.118702 3.263604 1.298544
v 0.137065 3.303907 1.268834
v 0.149220 3.335540 1.254066
v 0.124439 3.320771 1.265227
v 0.103097 3.238678 1.335657
v 0.103514 3.325351 1.273318
v 0.086114 3.301603 1.310679
v 0.086026 3.326946 1.286218
v 0.120836 3.338888 1.263578
v 0.089075 3.338668 1.275377
v 0.104172 3.339135 1.263928
v 0.137418 3.347159 1.257658
v 0.092673 3.346538 1.265917
v 0.153636 3.362578 1.244896
v 0.081174 3.347828 1.273252
v 0.147290 3.377359 1.252839
v 0.067710 3.353770 1.282563
v 0.159798 3.393066 1.257650
v 0.142809 3.360241 1.250985
v 0.138379 3.426463 1.275024
v 0.127366 3.386030 1.266478
v 0.061193 3.467475 1.273836
v 0.133119 3.405810 1.278457
v 0.090835 3.419283 1.293075
v 0.141521 3.370464 1.256615
v 0.105018 3.386024 1.277783
v 0.127309 3.376229 1.265926
v 0.135447 3.366194 1.254699
v 0.108356 3.377108 1.267449
v 0.067011 3.392939 1.300346
v 0.079571 3.377110 1.281249
v 0.087432 3.369623 1.268224
v 0.055074 3.369243 1.292333
v 0.029634 3.400162 1.298531
v 0.031587 3.623462 1.134979
v 0.036980 3.378906 1.298427
v -0.000000 3.665355 1.044246
v 0.000000 3.618904 1.131119
v 0.000000 3.526397 1.240315
v -0.031587 3.623462 1.134979
v 0.000000 3.400275 1.295117
v -0.061193 3.467475 1.273836
v 0.049865 3.355618 1.307334
v -0.052366 3.542621 1.230422
v 0.088743 3.351722 1.266818
v 0.094677 3.365020 1.265939
v 0.090541 3.351731 1.264487
v 0.109995 3.372539 1.262441
v 0.097487 3.363563 1.259170
v 0.125165 3.371663 1.261346
v 0.136929 3.361492 1.254001
v 0.131684 3.353866 1.259189
v 0.117558 3.347410 1.261549
v 0.103871 3.347978 1.261325
v 0.067500 3.337571 1.291189
v 0.055982 3.325180 1.327272
v 0.000000 3.334647 1.324805
v 0.062297 3.287047 1.371200
v 0.067290 3.219517 1.423826
v 0.088186 3.190069 1.400255
v 0.099723 3.175619 1.389419
v 0.070926 3.196877 1.450094
v 0.079896 3.158930 1.416568
v 0.087452 3.136801 1.409792
v 0.066190 3.131107 1.435712
v 0.086941 3.081125 1.361659
v 0.069631 3.115368 1.429758
v 0.064304 3.067498 1.383420
v 0.043830 3.067100 1.374993
v 0.069976 3.081959 1.401919
v 0.016886 3.058182 1.405898
v 0.020020 3.095808 1.450686
v -0.000032 3.066607 1.400242
v 0.000097 3.085616 1.368766
v -0.018841 3.068001 1.381526
v 0.013434 3.065366 1.423700
v 0.000000 3.068006 1.422265
v -0.016986 3.058243 1.405843
v -0.043927 3.067386 1.375162
v 0.000000 3.093774 1.451966
v -0.013434 3.065366 1.423700
v -0.064304 3.067498 1.383420
v -0.055838 3.080070 1.357591
v -0.069976 3.081959 1.401919
v -0.020020 3.095808 1.450686
v -0.086941 3.081125 1.361659
v -0.101074 3.100682 1.332518
v -0.069631 3.115368 1.429758
v 0.000000 3.108929 1.461951
v -0.019810 3.112670 1.458695
v 0.019810 3.112671 1.458695
v -0.000000 3.168502 1.512173
v 0.067400 3.168731 1.466291
v 0.035460 3.170065 1.498544
v 0.036359 3.199218 1.482206
v 0.000000 3.201078 1.490526
v 0.000000 3.229042 1.444943
v -0.035460 3.170065 1.498544
v -0.036359 3.199218 1.482206
v -0.067400 3.168731 1.466291
v -0.066190 3.131107 1.435712
v -0.070926 3.196877 1.450094
v -0.087452 3.136801 1.409792
v -0.079896 3.158930 1.416568
v -0.106193 3.133307 1.363050
v -0.099723 3.175619 1.389419
v -0.088186 3.190069 1.400255
v -0.067290 3.219517 1.423826
v -0.103097 3.238678 1.335657
v -0.062297 3.287047 1.371200
v -0.055982 3.325180 1.327272
v -0.086114 3.301603 1.310679
v -0.049865 3.355618 1.307334
v -0.067500 3.337571 1.291189
v -0.036980 3.378906 1.298427
v -0.029634 3.400162 1.298531
v -0.054479 3.369672 1.291312
v -0.068361 3.353425 1.283513
v -0.067523 3.392491 1.301333
v -0.090867 3.419278 1.293163
v -0.078813 3.377707 1.280044
v -0.098983 3.402007 1.292953
v -0.138314 3.426474 1.274901
v -0.087516 3.369498 1.268400
v -0.133243 3.405750 1.278704
v -0.141023 3.488218 1.243214
v -0.159798 3.393066 1.257650
v -0.127354 3.386110 1.266428
v -0.173754 3.413785 1.249320
v -0.088303 3.617126 1.139011
v -0.047212 3.671423 1.049852
v -0.151984 3.595425 1.120842
v -0.064133 3.700762 0.887877
v -0.137815 3.623633 1.105699
v -0.080424 3.685099 0.632094
v -0.160187 3.680279 0.878693
v 0.000000 3.675016 0.619257
v 0.000188 3.603188 0.395803
v -0.113394 3.622295 0.394937
v -0.192244 3.656672 0.655222
v -0.239359 3.596220 0.417398
v -0.320065 3.545913 0.473073
v -0.411183 3.454617 0.603183
v -0.426576 3.347250 0.726763
v -0.199295 3.650955 1.007673
v -0.236579 3.615236 0.973082
v -0.152494 3.651057 1.051156
v -0.374683 3.409990 0.813065
v -0.365936 3.279931 0.893989
v -0.402940 3.202993 0.830424
v -0.333533 3.164376 0.931862
v -0.342027 3.107705 0.860450
v -0.279968 3.030803 0.892490
v -0.209215 3.027020 0.966985
v -0.215990 2.971352 0.907042
v -0.229151 3.152275 1.115388
v -0.116875 2.951902 0.963359
v -0.106430 2.902344 0.897091
v -0.115304 2.971530 1.039886
v -0.187899 3.063867 1.061137
v -0.041174 2.955148 1.109580
v -0.100346 2.979966 1.110183
v -0.082593 2.974579 1.184370
v -0.045576 2.952008 1.225680
v -0.116214 3.015283 1.227960
v -0.154033 3.072723 1.126938
v -0.049605 2.923060 1.293268
v -0.088059 2.964155 1.281050
v -0.043188 2.929401 1.317419
v -0.040883 2.945301 1.309399
v -0.087806 2.978860 1.293838
v -0.086934 3.023564 1.251690
v -0.113340 3.032297 1.240382
v -0.103642 3.083820 1.160997
v -0.139315 3.095037 1.143005
v -0.117327 3.103094 1.141540
v -0.124796 3.123742 1.147230
v -0.149213 3.118314 1.155865
v -0.185471 3.119977 1.151422
v -0.143577 3.135999 1.183565
v -0.108122 3.151867 1.172025
v -0.168450 3.143654 1.187697
v -0.195447 3.188110 1.184759
v -0.121607 3.139443 1.242352
v -0.140192 3.152919 1.247678
v -0.120473 3.139556 1.306823
v -0.150090 3.171594 1.251091
v -0.126005 3.168429 1.301988
v -0.153054 3.215412 1.270935
v -0.121757 3.212026 1.319251
v -0.118702 3.263604 1.298544
v -0.209253 3.251641 1.224815
v -0.150777 3.263555 1.277744
v -0.137065 3.303907 1.268834
v -0.192304 3.309484 1.246434
v -0.279435 3.266940 1.114887
v -0.291073 3.340992 1.091423
v -0.293585 3.441798 1.046376
v -0.213766 3.550733 1.066208
v -0.196136 3.376180 1.223006
v -0.171889 3.366919 1.241475
v -0.147290 3.377359 1.252839
v -0.149220 3.335540 1.254066
v -0.153636 3.362578 1.244896
v -0.124439 3.320771 1.265227
v -0.137418 3.347159 1.257658
v -0.103514 3.325351 1.273318
v -0.120836 3.338888 1.263578
v -0.086026 3.326946 1.286218
v -0.081174 3.347829 1.273252
v -0.089076 3.338668 1.275377
v -0.104172 3.339135 1.263928
v -0.092673 3.346538 1.265917
v -0.088743 3.351722 1.266818
v -0.117558 3.347410 1.261549
v -0.103871 3.347978 1.261325
v -0.090542 3.351731 1.264487
v -0.131684 3.353866 1.259189
v -0.136929 3.361492 1.254001
v -0.097480 3.363572 1.259158
v -0.094692 3.365000 1.265962
v -0.110002 3.372529 1.262453
v -0.108568 3.376482 1.266761
v -0.127309 3.376228 1.265926
v -0.125165 3.371663 1.261345
v -0.135447 3.366194 1.254699
v -0.141521 3.370464 1.256615
v -0.142809 3.360241 1.250985
v 0.101861 0.731299 -0.666037
v 0.000000 0.899865 -0.828452
v 0.000000 0.723465 -0.606557
v 0.056395 0.715274 -0.605926
v -0.000039 0.695967 -0.429463
v 0.125133 0.729739 -0.567149
v 0.084266 0.727750 -0.429190
v -0.000000 0.788091 -0.283563
v 0.217242 0.819466 -0.407992
v 0.100653 0.805935 -0.302196
v -0.000000 0.919093 -0.121471
v 0.295355 0.920491 -0.327902
v 0.141739 0.936430 -0.123440
v 0.323774 1.033361 -0.137156
v 0.458305 1.107532 -0.268913
v 0.144896 1.142064 0.074666
v 0.502737 1.304702 -0.050117
v 0.625107 1.350826 -0.319326
v 0.350452 1.208188 0.031511
v 0.668431 1.596804 -0.398452
v 0.668045 1.475896 -0.497086
v 0.645840 1.442483 -0.195564
v 0.661060 1.726787 -0.243118
v 0.635774 1.604305 -0.018597
v 0.753230 1.810488 -0.039123
v 0.513334 1.486913 0.200709
v 0.680390 1.715847 0.194475
v 0.780306 2.077023 0.229832
v 0.309906 1.399445 0.352166
v 0.691594 1.972827 0.449972
v 0.139112 1.355367 0.406040
v 0.120110 1.570239 0.571128
v 0.000000 1.581728 0.588271
v 0.507472 1.946763 0.606512
v 0.281652 1.952278 0.714049
v 0.095954 1.969199 0.738834
v 0.000781 1.976980 0.728062
v 0.070161 2.217023 0.769244
v -0.000000 2.250903 0.769999
v 0.283320 2.169058 0.755687
v 0.075441 2.234947 0.789472
v -0.000000 2.282064 0.781995
v 0.480455 2.164445 0.643330
v 0.290616 2.183428 0.809488
v 0.603918 2.226329 0.549892
v 0.493449 2.177145 0.740622
v 0.634175 2.254183 0.646799
v 0.704241 2.264357 0.384995
v 0.879928 2.455963 0.296808
v 0.747602 2.396023 0.463005
v 0.752371 2.413526 0.570134
v 0.992341 2.484979 0.437922
v 1.031691 2.400087 0.246730
v 0.973251 2.537596 0.541753
v 0.639239 2.325738 0.721919
v 0.737841 2.446666 0.637373
v 0.500867 2.246500 0.825489
v 0.294784 2.240707 0.857429
v 0.471595 2.404941 0.838738
v 0.081743 2.277621 0.814282
v 0.270915 2.380315 0.862456
v -0.000526 2.503919 0.744841
v 0.079692 2.540930 0.764744
v 0.000274 2.683762 0.728352
v 0.202675 2.720323 0.744887
v 0.080150 2.744944 0.724529
v 0.000000 2.790775 0.763594
v 0.420961 2.583006 0.806974
v 0.000000 2.835337 0.805959
v 0.194672 2.762086 0.710605
v 0.340612 2.760184 0.728995
v 0.194288 2.841995 0.745928
v 0.198178 2.903298 0.820779
v 0.288983 2.878525 0.705654
v 0.382471 3.021485 0.756987
v 0.316972 2.800378 0.676843
v 0.429666 2.946603 0.693536
v 0.483874 3.106968 0.745536
v 0.497803 2.868588 0.667024
v 0.574720 3.037743 0.690049
v 0.566436 3.254425 0.632236
v 0.668700 3.189103 0.561027
v 0.633457 3.271148 0.321247
v 0.644110 2.969111 0.637795
v 0.733161 3.164819 0.509388
v 0.297405 3.499580 0.179738
v 0.546633 3.325675 0.094336
v 0.000043 3.432000 0.136844
v 0.377212 3.390886 -0.039487
v 0.133087 3.359369 -0.092060
v 0.440231 3.241154 -0.234411
v 0.141524 3.204280 -0.308876
v -0.000000 3.156685 -0.273258
v 0.627183 3.196536 -0.037802
v 0.154735 2.951840 -0.521268
v -0.000000 2.883130 -0.504402
v 0.517269 3.002193 -0.433993
v 0.153974 2.527165 -0.576152
v 0.425667 2.589277 -0.577538
v 0.140402 2.265588 -0.600918
v 0.000000 2.253178 -0.540875
v 0.380765 2.294593 -0.605722
v 0.147487 2.046046 -0.651532
v -0.000000 2.021862 -0.600001
v 0.152660 1.933588 -0.722783
v 0.000000 1.801824 -0.719769
v 0.330658 1.906255 -0.643527
v 0.573869 2.008371 -0.518398
v 0.134269 1.808290 -0.777152
v 0.124409 1.663641 -0.923354
v 0.341941 1.682773 -0.896939
v 0.317196 1.795430 -0.701838
v 0.541406 1.595702 -0.708635
v 0.503793 1.726177 -0.574717
v 0.722287 1.956500 -0.326921
v 0.788383 1.917849 -0.220554
v 0.814724 2.242233 -0.315576
v 0.841022 2.165785 -0.062060
v 0.644704 2.295403 -0.535704
v 0.713037 2.572572 -0.426950
v 0.842119 2.520978 -0.233137
v 0.727917 2.894900 -0.286184
v 0.951208 2.535296 -0.021949
v 0.825750 2.934872 -0.201408
v 1.078002 2.502471 -0.051885
v 1.116493 2.296968 0.183868
v 1.001365 2.675526 -0.109739
v 1.156304 2.370534 -0.052761
v 1.212682 2.206646 0.145720
v 1.200952 2.688145 -0.169736
v 1.255309 2.267820 -0.065968
v 1.310645 2.139697 0.132952
v 1.306696 2.562308 -0.215358
v 1.428242 2.449134 -0.211157
v 1.370913 2.190594 -0.058948
v 1.423608 2.088392 0.130150
v 1.458979 2.712049 -0.085979
v 1.554283 2.326702 -0.159275
v 1.476679 2.157531 -0.080250
v 1.536520 2.072382 -0.055043
v 1.488941 2.031271 0.136403
v 1.596259 1.915354 -0.077095
v 1.662256 2.276668 -0.171222
v 1.744794 2.176771 -0.167690
v 1.862997 2.046906 -0.199372
v 1.706008 2.462669 -0.075054
v 1.895425 2.297890 -0.072731
v 2.027706 2.191198 -0.072402
v 1.782544 2.405929 -0.100354
v 2.031291 2.241164 0.158788
v 1.808825 2.404892 0.112697
v 1.874631 2.349140 0.154895
v 1.902816 2.185132 0.367204
v 1.733695 2.479684 0.153346
v 1.722394 2.350777 0.315985
v 1.632104 2.192400 0.374100
v 1.725585 2.072425 0.433706
v 1.664333 2.413418 0.321590
v 1.598533 2.083526 0.291741
v 1.643459 2.011131 0.300557
v 1.591098 2.251194 0.371120
v 1.509332 2.134551 0.387900
v 1.519143 2.319571 0.422816
v 1.513524 2.043260 0.218098
v 1.563383 1.916438 0.238311
v 1.328341 2.122496 0.327183
v 1.420910 2.206835 0.444491
v 1.198033 2.212708 0.355195
v 1.428677 2.413055 0.423142
v 1.286090 2.313817 0.474672
v 1.162049 2.442441 0.480908
v 1.070628 2.568334 0.518956
v 1.326664 2.535343 0.437248
v 1.209030 2.628303 0.519054
v 0.961105 2.589324 0.654009
v 1.439039 2.603361 0.336015
v 1.513268 2.506345 0.310039
v 1.599665 2.599255 0.163777
v 1.486589 2.685745 0.159194
v 1.595317 2.596741 -0.074623
v 1.372908 2.759752 0.406050
v 1.428385 2.871789 0.145795
v 1.368586 2.820657 -0.074616
v 1.349421 3.005707 0.163276
v 1.116396 2.800946 -0.152338
v 1.280793 2.951709 -0.081512
v 0.972929 2.962359 -0.183193
v 1.092588 3.094871 -0.083864
v 1.141125 3.174745 0.158324
v 1.272229 2.914833 0.468174
v 0.978979 3.223713 0.172319
v 1.050936 3.093625 0.481606
v 0.801108 3.159633 -0.036920
v 0.698446 3.246874 0.223853
v 0.816021 3.149189 0.466898
v 0.943170 3.139295 0.478154
v 0.759200 2.915249 0.673949
v 0.950479 2.852121 0.666301
v 0.642245 2.844542 0.698974
v 0.862583 2.690415 0.721124
v 1.094156 2.714308 0.639999
v 0.662380 2.602854 0.758697
v 0.515540 2.810121 0.730336
v 0.655303 2.501322 0.731680
v 0.564029 2.590998 0.798313
v 0.527814 0.023979 -0.576516
v 0.543929 -0.023582 -0.742653
v 0.522022 0.007586 -0.754542
v 0.569086 -0.014594 -0.816816
v 0.509188 0.061936 -0.587813
v 0.612667 -0.008584 -0.858053
v 0.500027 0.052499 -0.757232
v 0.491823 0.091915 -0.619151
v 0.533980 0.058292 -0.822133
v 0.602750 0.026752 -0.876832
v 0.747367 -0.002071 -0.892426
v 0.501581 0.101624 -0.781343
v 0.586802 0.082927 -0.882143
v 0.493932 0.131871 -0.781606
v 0.579443 0.126225 -0.873842
v 0.559825 0.172500 -0.862294
v 0.468805 0.190516 -0.799411
v 0.426308 0.263296 -0.661006
v 0.733923 0.195103 -0.894018
v 0.441580 0.281764 -0.806365
v 0.548171 0.246860 -0.897752
v 0.429706 0.408959 -0.782085
v 0.406795 0.391771 -0.647210
v 0.517389 0.319992 -0.897089
v 0.362266 0.459717 -0.778354
v 0.361148 0.436960 -0.636037
v 0.313126 0.486918 -0.615120
v 0.496975 0.448153 -0.857745
v 0.296871 0.505891 -0.805903
v 0.241079 0.551514 -0.595558
v 0.687817 0.498353 -0.896655
v 0.739576 0.373338 -0.924045
v 0.746162 0.280647 -0.921096
v 0.869889 0.366406 -0.812871
v 0.881632 0.262660 -0.821780
v 0.854491 0.502874 -0.813977
v 0.677989 0.557627 -0.929921
v 0.900511 0.499442 -0.606268
v 0.855904 0.571625 -0.818129
v 0.881407 0.559799 -0.595415
v 0.824725 0.479266 -0.433259
v 0.866276 0.642013 -0.582312
v 0.817773 0.536721 -0.400409
v 0.827826 0.345452 -0.426087
v 0.858354 0.665564 -0.836515
v 0.640451 0.443039 -0.375698
v 0.826988 0.259972 -0.442275
v 0.818859 0.605457 -0.392911
v 0.664774 0.330382 -0.367679
v 0.614744 0.561925 -0.289563
v 0.814942 0.708297 -0.351157
v 0.882907 0.776124 -0.568051
v 0.408731 0.507264 -0.416455
v 0.859078 0.795705 -0.850639
v 0.587461 0.657645 -0.248012
v 0.349823 0.601125 -0.417381
v 0.151893 0.666189 -0.593617
v 0.464915 0.404290 -0.474985
v 0.532056 0.142466 -0.447151
v 0.700984 0.179610 -0.342296
v 0.594259 0.134764 -0.362182
v 0.549707 0.074718 -0.413928
v 0.575097 -0.000429 -0.410686
v 0.588140 -0.014817 -0.349167
v 0.573402 0.025384 -0.278085
v 0.593263 -0.021161 -0.286574
v 0.612422 -0.003124 -0.213431
v 0.573201 0.077739 -0.278598
v 0.596761 0.036447 -0.203105
v 0.664508 0.039033 -0.167375
v 0.665605 -0.010232 -0.201439
v 0.596984 0.084133 -0.209268
v 0.730834 -0.018590 -0.195805
v 0.658688 0.089560 -0.174527
v 0.729391 0.093359 -0.165694
v 0.798292 0.031920 -0.163076
v 0.798096 -0.021209 -0.196752
v 0.872617 -0.016701 -0.208612
v 0.590249 0.106218 -0.268037
v 0.717895 0.138446 -0.232352
v 0.710845 0.147719 -0.286824
v 0.799440 0.095487 -0.171369
v 0.863300 0.140447 -0.267574
v 0.706949 0.160687 -0.322782
v 0.851884 0.142804 -0.361512
v 0.848628 0.159401 -0.406824
v 0.838839 0.180432 -0.432205
v 0.904993 0.128120 -0.414961
v 0.905443 0.249947 -0.611088
v 0.905078 0.133980 -0.478423
v 0.904769 0.160650 -0.609770
v 0.866247 0.190927 -0.813910
v 0.912400 0.140762 -0.613163
v 0.802945 0.148404 -0.881884
v 0.872613 0.153072 -0.819342
v 0.953237 0.088902 -0.481664
v 0.737362 0.089022 -0.919233
v 0.837777 0.093115 -0.877887
v 0.744100 0.034039 -0.919927
v 0.834954 0.036230 -0.882048
v 0.825158 -0.000380 -0.865192
v 0.898965 0.090261 -0.819263
v 0.894964 0.033045 -0.816966
v 0.880924 -0.003543 -0.807393
v 0.949499 0.087168 -0.635404
v 0.950772 0.031393 -0.637392
v 0.931671 -0.011362 -0.636764
v 0.970719 0.036213 -0.492291
v 0.950216 -0.001382 -0.476638
v 0.957308 -0.013671 -0.418582
v 0.985821 0.026485 -0.358699
v 0.968963 -0.020981 -0.351623
v 0.969536 -0.003311 -0.286698
v 0.973734 0.091880 -0.349274
v 0.981829 0.031950 -0.279035
v 0.930126 -0.009790 -0.240253
v 0.928245 0.128391 -0.329135
v 0.973299 0.089319 -0.273324
v 0.930516 0.099348 -0.226706
v 0.887569 0.098721 -0.195098
v 0.945804 0.056739 -0.216613
v 0.881313 0.039362 -0.175102
v 0.947070 0.042368 -0.215558
v 2.148818 1.219589 0.072787
v 2.224597 1.248929 0.036072
v 2.160369 1.335648 0.048980
v 2.072686 1.297798 0.163618
v 2.092603 1.402193 0.023456
v 2.072811 1.196223 0.160871
v 2.003692 1.366087 0.157575
v 1.919283 1.575730 -0.056245
v 2.027750 1.275148 0.273593
v 1.793048 1.535898 0.137103
v 1.724669 1.747433 -0.101018
v 1.969206 1.352966 0.275632
v 1.632587 1.694927 0.107236
v 1.772538 1.567747 0.284640
v 1.626392 1.758959 0.281041
v 1.708790 1.810543 0.406445
v 1.846210 1.591483 0.426659
v 1.849582 1.901051 0.496725
v 2.024892 1.358460 0.396392
v 2.055836 2.016027 0.427498
v 2.194805 2.093527 0.189287
v 2.209024 1.746131 0.436951
v 2.298335 1.788604 0.300755
v 2.168445 1.418337 0.443142
v 2.064303 1.270278 0.385648
v 2.215752 1.307030 0.413475
v 2.030251 1.166042 0.267009
v 2.259768 1.200993 0.418349
v 2.004244 1.089052 0.271108
v 2.102998 1.067823 0.135248
v 2.071604 1.148935 0.397418
v 2.019467 1.016759 0.237890
v 2.093985 1.007107 0.162558
v 2.037451 1.051468 0.383129
v 2.037754 0.883343 0.178816
v 2.097810 0.914251 0.134517
v 2.047411 0.984784 0.326902
v 2.054346 0.843862 0.248163
v 2.110888 0.892559 0.114721
v 2.095797 0.803375 0.196834
v 2.139291 0.795544 0.084211
v 2.175306 0.839291 0.055212
v 2.214829 0.810048 0.075850
v 2.170344 0.759626 0.105843
v 2.206474 0.780122 0.145942
v 2.239078 0.821283 0.116151
v 2.155371 0.812001 0.226241
v 2.186247 0.878980 0.217434
v 2.130051 0.846583 0.276927
v 2.201499 0.974320 0.254582
v 2.151072 0.974100 0.346401
v 2.218545 1.006830 0.334296
v 2.158453 1.028673 0.397773
v 2.204934 1.089090 0.405388
v 2.293097 1.021028 0.390628
v 2.260523 0.998999 0.342315
v 2.318475 0.949127 0.361654
v 2.326704 1.097904 0.409180
v 2.399082 1.013382 0.438740
v 2.355538 1.235809 0.391960
v 2.423841 1.118886 0.412725
v 2.414730 0.949701 0.422399
v 2.350309 0.897733 0.342011
v 2.487684 1.037771 0.428331
v 2.428975 0.884744 0.385395
v 2.376566 0.758645 0.294483
v 2.504486 0.972398 0.412214
v 2.446060 0.733709 0.329702
v 2.499921 0.895312 0.359943
v 2.532874 0.997565 0.355983
v 2.517894 0.737314 0.298449
v 2.399926 0.610794 0.212686
v 2.477729 0.686526 0.252405
v 2.447914 0.612381 0.191063
v 2.334579 0.606039 0.151977
v 2.517727 0.764027 0.240179
v 2.360643 0.552993 0.133280
v 2.334387 0.570685 0.119764
v 2.417277 0.583265 0.149656
v 2.380555 0.549712 0.101606
v 2.342428 0.576855 0.081807
v 2.370854 0.593588 0.066015
v 2.399484 0.573523 0.080420
v 2.426974 0.612492 0.103538
v 2.376721 0.642556 0.082668
v 2.396371 0.680928 0.117083
v 2.457326 0.646887 0.138835
v 2.486704 0.721331 0.201192
v 2.434619 0.796291 0.196368
v 2.505445 0.918775 0.286649
v 2.427379 0.920220 0.227071
v 2.463242 0.933869 0.207658
v 2.526889 0.937215 0.266645
v 2.490577 0.815756 0.167913
v 2.551984 1.002858 0.328956
v 2.556587 0.771430 0.210136
v 2.523545 1.075202 0.360565
v 2.598114 0.960564 0.243693
v 2.595531 1.101163 0.315802
v 2.614131 1.026758 0.301502
v 2.349684 1.369514 0.363009
v 2.470100 1.282671 0.301473
v 2.422161 1.412077 0.259909
v 2.437186 1.544713 0.170192
v 2.314925 1.826879 0.177406
v 2.179687 2.036603 -0.047520
v 2.576130 1.204165 0.241826
v 2.531363 1.339802 0.211426
v 2.625790 1.132580 0.240227
v 2.620749 1.232692 0.192717
v 2.483900 1.464886 0.160800
v 2.573591 1.346115 0.150709
v 2.677872 1.167107 0.188817
v 2.644979 1.248104 0.134191
v 2.584752 1.379363 0.052358
v 2.674927 1.284949 0.049772
v 2.694101 1.180500 0.123631
v 2.479129 1.499471 -0.012492
v 2.624412 1.273478 -0.069169
v 2.424127 1.567697 -0.006489
v 2.528353 1.390032 -0.047984
v 2.297526 1.794963 -0.022466
v 2.403924 1.357063 -0.105038
v 2.499127 1.338022 -0.079360
v 2.586457 1.249175 -0.088707
v 2.636799 1.177395 -0.090805
v 2.349162 1.429437 -0.060609
v 2.321328 1.305264 -0.080426
v 2.686373 1.217454 -0.072917
v 2.654819 1.142656 -0.116499
v 2.734609 1.220335 0.042594
v 2.733035 1.172053 -0.056351
v 2.709689 1.100150 -0.099554
v 2.636024 1.087220 -0.136680
v 2.679563 0.950308 -0.169827
v 2.753230 1.145988 0.026548
v 2.734585 1.066796 -0.020364
v 2.718625 1.121608 0.075437
v 2.743726 0.940696 -0.146285
v 2.766560 0.905076 -0.086610
v 2.679995 0.849519 -0.210703
v 2.687514 0.815819 -0.169510
v 2.617906 0.856270 -0.241843
v 2.606358 0.815526 -0.256691
v 2.696695 0.888898 -0.054947
v 2.628713 0.790451 -0.252064
v 2.571099 0.796351 -0.242759
v 2.659230 0.798176 -0.191040
v 2.602654 0.759841 -0.235011
v 2.587965 0.772869 -0.193691
v 2.562130 0.801392 -0.207834
v 2.574921 0.823821 -0.173610
v 2.586037 0.840823 -0.158567
v 2.635956 0.810822 -0.137066
v 2.616508 0.889500 -0.115456
v 2.636406 0.912822 -0.089444
v 2.671757 1.042476 0.008158
v 2.600771 1.048595 -0.032915
v 2.655652 1.030220 0.030386
v 2.582232 1.034787 -0.006645
v 2.640005 0.897335 -0.041579
v 2.710533 1.113973 0.107984
v 2.684262 0.895977 -0.017546
v 2.711676 1.098423 0.161883
v 2.675460 1.012254 0.103280
v 2.666380 1.073946 0.209755
v 2.658445 0.834795 -0.042304
v 2.634904 1.052608 0.236404
v 2.619195 0.993306 0.138179
v 2.593830 0.984784 0.166403
v 2.697189 0.861097 0.052662
v 2.517391 0.969007 0.113913
v 2.660103 0.803071 0.001753
v 2.536694 0.983775 0.070411
v 2.544191 0.843024 0.082843
v 2.645567 0.846535 0.085670
v 2.572630 0.856470 0.031468
v 2.518911 0.749866 -0.073356
v 2.631059 0.764712 -0.085386
v 2.570621 0.773784 -0.127014
v 2.569470 0.699514 -0.146585
v 2.550004 0.715450 -0.150776
v 2.523574 0.704965 -0.139996
v 2.553046 0.672304 -0.128818
v 2.533924 0.683180 -0.092633
v 2.514948 0.704659 -0.106063
v 2.617751 0.820364 0.117669
v 2.531091 0.803518 0.057316
v 2.626369 0.783496 0.187090
v 2.486780 0.766675 0.139629
v 2.501638 0.669734 0.096955
v 2.459742 0.692576 0.074371
v 2.551340 0.669098 0.070010
v 2.557325 0.711023 0.024202
v 2.523047 0.647486 0.034253
v 2.478307 0.641705 0.055208
v 2.442497 0.664131 0.042075
v 2.435431 0.627422 0.006909
v 2.527269 0.670789 -0.007701
v 2.482325 0.707387 -0.024729
v 2.467168 0.650716 -0.044888
v 2.491899 0.629219 -0.040155
v 2.441752 0.638265 -0.028969
v 2.476030 0.603118 -0.020474
v 2.456781 0.604712 0.004536
v 1.968590 1.881956 -0.200430
v 2.195764 1.446249 -0.015797
v 2.299255 1.492834 -0.055607
v 2.250267 1.382943 -0.010598
v 0.108928 3.130684 1.094943
v 0.119863 3.147739 1.103023
v 0.102267 3.174453 1.016964
v 0.113331 3.200046 1.019273
v 0.066528 3.201786 0.969017
v 0.120536 3.191973 1.100356
v 0.070030 3.226112 0.970915
v 0.026181 3.213205 0.954323
v 0.113741 3.231639 1.033799
v 0.028159 3.236343 0.958684
v 0.000000 3.213648 0.952074
v 0.071386 3.260367 0.995439
v 0.000000 3.238760 0.956773
v 0.030655 3.269698 0.984973
v -0.028159 3.236343 0.958684
v -0.026181 3.213205 0.954323
v -0.000000 3.271574 0.982687
v -0.070030 3.226112 0.970915
v -0.066528 3.201786 0.969017
v -0.030655 3.269699 0.984973
v -0.000000 3.279870 1.011138
v 0.027245 3.278443 1.015138
v -0.027234 3.278382 1.015131
v 0.071379 3.267181 1.026158
v 0.022512 3.266542 1.058927
v 0.109543 3.239404 1.052022
v 0.066152 3.255272 1.072904
v 0.100535 3.230100 1.088170
v 0.026639 3.204026 1.149413
v 0.068148 3.181195 1.162441
v 0.060398 3.148052 1.240832
v 0.023924 3.153204 1.240782
v 0.022367 3.135511 1.277335
v -0.022367 3.134253 1.276548
v -0.060398 3.148052 1.240832
v -0.023924 3.153204 1.240782
v -0.067527 3.180739 1.161847
v -0.026639 3.204026 1.149413
v -0.022512 3.266620 1.058949
v -0.066153 3.255272 1.072904
v -0.071379 3.267181 1.026158
v -0.101321 3.231056 1.089012
v -0.109543 3.239404 1.052022
v -0.071385 3.260367 0.995439
v -0.113741 3.231639 1.033799
v -0.118743 3.190802 1.099320
v -0.113331 3.200046 1.019273
v -0.102267 3.174453 1.016964
v -0.119863 3.147739 1.103023
v -0.108934 3.131733 1.095411
v -0.042138 3.003807 1.258917
v -0.025346 3.002841 1.264076
v -0.056954 2.985870 1.263450
v -0.053825 2.979783 1.292897
v -0.050489 2.968276 1.274438
v -0.033764 2.968155 1.279635
v -0.059933 3.005323 1.300570
v -0.043680 3.032108 1.323664
v -0.059894 3.016542 1.315047
v -0.050746 3.032830 1.321706
v -0.057448 3.006504 1.323131
v -0.039321 2.979117 1.296834
v -0.019031 2.985150 1.275637
v -0.038458 3.015594 1.321210
v -0.048004 3.006095 1.325881
v -0.049881 3.019233 1.336164
v -0.056805 3.019315 1.333995
v -0.055916 3.039038 1.337672
v -0.053568 3.050671 1.349612
v -0.051162 3.053414 1.347456
v -0.052241 3.050503 1.349997
v -0.008636 2.996260 1.299305
v -0.001054 2.995809 1.301694
v -0.015120 2.987788 1.300434
v -0.013774 2.983744 1.313435
v -0.012015 2.979452 1.304621
v -0.004473 2.979376 1.307064
v -0.016923 2.994810 1.318014
v -0.010052 3.006022 1.329738
v -0.017132 2.999197 1.325044
v -0.013248 3.006344 1.328843
v -0.015933 2.994338 1.328245
v -0.007225 2.983451 1.315272
v 0.001983 2.987398 1.306135
v -0.007453 2.998766 1.327916
v -0.011667 2.994158 1.329520
v -0.012748 2.999574 1.334740
v -0.015870 2.999618 1.333722
v -0.015754 3.008341 1.336282
v -0.014911 3.013063 1.342203
v -0.013848 3.014425 1.341374
v -0.014310 3.012986 1.342378
v -0.024911 3.001110 1.293613
v -0.017329 3.000658 1.296002
v -0.031395 2.992637 1.294742
v -0.030049 2.988592 1.307742
v -0.028290 2.984301 1.298929
v -0.020748 2.984225 1.301372
v -0.033198 2.999658 1.312322
v -0.026326 3.010869 1.324047
v -0.033407 3.004048 1.319352
v -0.029523 3.011191 1.323151
v -0.032208 2.999187 1.322554
v -0.023500 2.988301 1.309580
v -0.014292 2.992247 1.300442
v -0.023728 3.003615 1.322222
v -0.027942 2.999009 1.323828
v -0.029023 3.004423 1.329048
v -0.032145 3.004467 1.328030
v -0.032028 3.013188 1.330589
v -0.031186 3.017910 1.336511
v -0.030123 3.019277 1.335680
v -0.030585 3.017833 1.336686
v -0.069374 3.141110 1.250489
v -0.072314 3.144031 1.242085
v -0.076308 3.139214 1.259117
v -0.086629 3.130266 1.252420
v -0.086357 3.140705 1.256837
v -0.088982 3.143412 1.248317
v -0.078528 3.120059 1.249184
v -0.075645 3.109946 1.232490
v -0.078102 3.112122 1.244168
v -0.074344 3.108570 1.235931
v -0.084230 3.111939 1.243032
v -0.088972 3.132949 1.245237
v -0.082541 3.145288 1.239769
v -0.081639 3.115953 1.233477
v -0.085783 3.113614 1.238312
v -0.083387 3.106313 1.234725
v -0.082285 3.105196 1.238253
v -0.074749 3.093299 1.228181
v -0.064919 3.058941 1.215665
v -0.062775 3.056152 1.222810
v -0.074443 3.056263 1.211511
v -0.083990 3.059500 1.221768
v -0.080812 3.050631 1.216452
v -0.078470 3.048179 1.223623
v -0.080938 3.071944 1.223278
v -0.076880 3.083417 1.237162
v -0.082232 3.079168 1.228412
v -0.077762 3.084753 1.234236
v -0.086695 3.076593 1.231408
v -0.081941 3.057047 1.227783
v -0.069373 3.050632 1.227884
v -0.079296 3.075631 1.237413
v -0.085398 3.075044 1.235383
v -0.085404 3.082508 1.238616
v -0.086360 3.083528 1.235643
v -0.082032 3.091499 1.237929
v -0.081932 3.097866 1.243023
v -0.080012 3.097939 1.243234
v -0.081780 3.097607 1.243577
v -0.066563 3.035847 1.247726
v -0.059774 3.034716 1.251732
v -0.075152 3.029807 1.249935
v -0.076906 3.030940 1.264164
v -0.074978 3.023020 1.257049
v -0.068138 3.022275 1.260994
v -0.077761 3.043793 1.264907
v -0.070062 3.057442 1.274666
v -0.077902 3.050748 1.270550
v -0.072907 3.058088 1.273051
v -0.078503 3.047230 1.275324
v -0.070982 3.029969 1.267374
v -0.059723 3.027978 1.259102
v -0.069170 3.049371 1.275447
v -0.074653 3.046638 1.277488
v -0.075087 3.054016 1.280879
v -0.077915 3.054338 1.279237
v -0.075935 3.063478 1.279310
v -0.074811 3.070072 1.283978
v -0.073311 3.070779 1.282986
v -0.074281 3.069937 1.284293
v -0.070300 3.076249 1.186129
v -0.064766 3.074321 1.191520
v -0.079373 3.070558 1.185492
v -0.084575 3.070385 1.198899
v -0.081214 3.063105 1.191640
v -0.075602 3.061556 1.197025
v -0.085140 3.083129 1.200830
v -0.079644 3.095259 1.213621
v -0.086440 3.089492 1.207000
v -0.081974 3.096229 1.211441
v -0.088334 3.085565 1.211063
v -0.079676 3.068742 1.203331
v -0.066788 3.066895 1.197888
v -0.079258 3.087110 1.213698
v -0.085167 3.084525 1.214023
v -0.086175 3.091547 1.218001
v -0.088491 3.092201 1.215764
v -0.086275 3.101153 1.217330
v -0.086120 3.107169 1.222830
v -0.084396 3.107882 1.222319
v -0.085690 3.106972 1.223247
v -0.075521 3.093623 1.155553
v -0.074362 3.091102 1.163018
v -0.084359 3.090705 1.150221
v -0.095255 3.094157 1.158951
v -0.091307 3.085155 1.154426
v -0.089962 3.082972 1.161931
v -0.092531 3.106679 1.160444
v -0.090512 3.118647 1.174356
v -0.094575 3.114052 1.165102
v -0.090993 3.119873 1.171292
v -0.099390 3.111521 1.167541
v -0.094037 3.091926 1.165269
v -0.081556 3.085670 1.167318
v -0.092883 3.110842 1.174536
v -0.098642 3.110120 1.171705
v -0.099149 3.117686 1.174652
v -0.099694 3.118595 1.171543
v -0.095781 3.126686 1.174131
v -0.096431 3.133217 1.178972
v -0.094559 3.133323 1.179442
v -0.096356 3.132977 1.179551
v 0.019031 2.985150 1.275635
v 0.025346 3.002841 1.264074
v 0.033764 2.968156 1.279633
v 0.039321 2.979117 1.296833
v 0.038458 3.015594 1.321210
v 0.043679 3.032108 1.323663
v 0.048004 3.006099 1.325879
v 0.049880 3.019238 1.336163
v 0.051162 3.053414 1.347455
v 0.052241 3.050503 1.349995
v 0.053568 3.050671 1.349612
v 0.055916 3.039038 1.337669
v 0.056805 3.019315 1.333995
v 0.050745 3.032830 1.321705
v 0.059894 3.016542 1.315047
v 0.057448 3.006504 1.323130
v 0.059933 3.005323 1.300570
v 0.053825 2.979783 1.292896
v 0.050489 2.968278 1.274437
v 0.056953 2.985870 1.263450
v 0.042138 3.003808 1.258916
v -0.001983 2.987398 1.306134
v 0.001054 2.995809 1.301693
v 0.004473 2.979376 1.307063
v 0.007225 2.983451 1.315271
v 0.007453 2.998766 1.327914
v 0.010051 3.006022 1.329738
v 0.011667 2.994160 1.329520
v 0.012748 2.999574 1.334738
v 0.013848 3.014425 1.341372
v 0.014310 3.012986 1.342376
v 0.014911 3.013063 1.342203
v 0.015753 3.008341 1.336280
v 0.015870 2.999618 1.333721
v 0.013248 3.006344 1.328842
v 0.017132 2.999197 1.325044
v 0.015933 2.994338 1.328245
v 0.016923 2.994810 1.318012
v 0.013774 2.983743 1.313435
v 0.012014 2.979452 1.304621
v 0.015120 2.987788 1.300433
v 0.008636 2.996260 1.299305
v 0.014292 2.992247 1.300442
v 0.017329 3.000658 1.296001
v 0.020748 2.984225 1.301372
v 0.023500 2.988300 1.309578
v 0.023728 3.003615 1.322222
v 0.026326 3.010868 1.324045
v 0.027941 2.999009 1.323827
v 0.029022 3.004423 1.329046
v 0.030123 3.019277 1.335680
v 0.030585 3.017833 1.336684
v 0.031185 3.017910 1.336509
v 0.032028 3.013188 1.330588
v 0.032145 3.004467 1.328029
v 0.029523 3.011191 1.323151
v 0.033406 3.004048 1.319350
v 0.032208 2.999187 1.322553
v 0.033198 2.999658 1.312320
v 0.030049 2.988592 1.307742
v 0.028289 2.984300 1.298929
v 0.031394 2.992637 1.294739
v 0.024911 3.001109 1.293613
v 0.082540 3.145293 1.239766
v 0.072314 3.144031 1.242084
v 0.088982 3.143417 1.248316
v 0.088971 3.132949 1.245237
v 0.081639 3.115953 1.233477
v 0.075644 3.109946 1.232489
v 0.085783 3.113614 1.238310
v 0.083387 3.106313 1.234722
v 0.073312 3.094184 1.227113
v 0.075011 3.093559 1.227537
v 0.074749 3.093299 1.228181
v 0.075837 3.099724 1.233749
v 0.082285 3.105196 1.238252
v 0.074344 3.108570 1.235929
v 0.078102 3.112122 1.244166
v 0.084230 3.111939 1.243031
v 0.078528 3.120059 1.249184
v 0.086630 3.130266 1.252418
v 0.086355 3.140705 1.256836
v 0.076308 3.139214 1.259115
v 0.069374 3.141110 1.250489
v 0.069373 3.050632 1.227883
v 0.062774 3.056157 1.222810
v 0.078470 3.048179 1.223623
v 0.081941 3.057047 1.227782
v 0.079296 3.075631 1.237411
v 0.076880 3.083421 1.237161
v 0.085398 3.075044 1.235381
v 0.085404 3.082508 1.238616
v 0.080012 3.097939 1.243232
v 0.081780 3.097607 1.243577
v 0.081931 3.097866 1.243021
v 0.082032 3.091499 1.237928
v 0.086360 3.083528 1.235641
v 0.077761 3.084753 1.234236
v 0.082232 3.079168 1.228412
v 0.086695 3.076593 1.231407
v 0.080937 3.071944 1.223278
v 0.083990 3.059500 1.221768
v 0.080812 3.050631 1.216451
v 0.074442 3.056263 1.211509
v 0.064920 3.058940 1.215663
v 0.059723 3.027978 1.259102
v 0.059774 3.034721 1.251731
v 0.068138 3.022275 1.260993
v 0.070981 3.029969 1.267375
v 0.069170 3.049371 1.275447
v 0.070062 3.057443 1.274665
v 0.074653 3.046638 1.277487
v 0.075087 3.054016 1.280879
v 0.073310 3.070779 1.282986
v 0.074281 3.069937 1.284291
v 0.074811 3.070072 1.283978
v 0.075934 3.063478 1.279309
v 0.077915 3.054338 1.279235
v 0.072907 3.058088 1.273050
v 0.077902 3.050748 1.270548
v 0.078503 3.047230 1.275323
v 0.077760 3.043793 1.264906
v 0.076905 3.030940 1.264163
v 0.074978 3.023020 1.257048
v 0.075152 3.029812 1.249933
v 0.066563 3.035847 1.247725
v 0.066787 3.066895 1.197888
v 0.064766 3.074321 1.191519
v 0.075602 3.061556 1.197024
v 0.079676 3.068742 1.203331
v 0.079257 3.087110 1.213696
v 0.079645 3.095258 1.213619
v 0.085167 3.084525 1.214022
v 0.086175 3.091552 1.218001
v 0.084396 3.107882 1.222318
v 0.085690 3.106977 1.223246
v 0.086120 3.107169 1.222830
v 0.086274 3.101153 1.217327
v 0.088491 3.092201 1.215762
v 0.081973 3.096230 1.211440
v 0.086440 3.089492 1.207000
v 0.088334 3.085565 1.211063
v 0.085140 3.083129 1.200829
v 0.084575 3.070385 1.198897
v 0.081214 3.063105 1.191640
v 0.079373 3.070558 1.185492
v 0.070301 3.076248 1.186127
v 0.081556 3.085670 1.167315
v 0.074361 3.091102 1.163016
v 0.089962 3.082971 1.161930
v 0.094037 3.091926 1.165268
v 0.092883 3.110842 1.174535
v 0.090512 3.118647 1.174355
v 0.098642 3.110120 1.171705
v 0.099149 3.117686 1.174652
v 0.094559 3.133323 1.179440
v 0.096356 3.132977 1.179549
v 0.096431 3.133217 1.178972
v 0.095781 3.126686 1.174131
v 0.099694 3.118595 1.171542
v 0.090992 3.119873 1.171292
v 0.094575 3.114052 1.165101
v 0.099390 3.111521 1.167539
v 0.092531 3.106679 1.160442
v 0.095254 3.094157 1.158950
v 0.091307 3.085155 1.154426
v 0.084359 3.090705 1.150220
v 0.075521 3.093623 1.155552
v 2.007021 2.426841 0.125640
v 1.970707 2.387060 -0.065923
v 1.985608 2.385556 -0.071974
v 2.023165 2.426696 0.126151
v 1.998588 2.378616 -0.075081
v 1.958745 2.407859 0.317766
v 2.036877 2.420560 0.126907
v 1.973251 2.407079 0.324898
v 1.838882 2.335263 0.459128
v 1.986005 2.400577 0.329568
v 1.849302 2.332012 0.471147
v 1.679346 2.228326 0.511381
v 2.051845 2.304222 -0.070274
v 1.684282 2.221397 0.525145
v 1.523083 2.115872 0.460971
v 1.859657 2.324056 0.478714
v 1.522650 2.105079 0.472969
v 1.411903 2.027986 0.321285
v 1.691402 2.211271 0.533723
v 1.407661 2.014182 0.328498
v 1.375591 1.988205 0.129723
v 1.526601 2.092669 0.480490
v 1.370104 1.973042 0.130375
v 1.423874 2.007192 -0.062386
v 1.409371 1.999999 0.333202
v 1.420040 1.992679 -0.068315
v 1.543817 2.079857 -0.203567
v 1.371080 1.958052 0.131215
v 1.544091 2.067832 -0.214332
v 1.703276 2.186728 -0.255990
v 1.421993 1.978071 -0.071350
v 1.709013 2.178365 -0.268551
v 1.859529 2.299174 -0.205609
v 1.548464 2.054693 -0.220216
v 1.870621 2.294659 -0.216444
v 1.716603 2.167379 -0.275491
v 1.881360 2.285946 -0.222369
v 1.934163 2.211194 -0.218134
v 2.054570 2.293244 -0.067272
v 1.768765 2.092168 -0.271462
v 1.938232 2.201279 -0.213440
v 1.599974 1.979041 -0.215972
v 1.774728 2.083616 -0.266158
v 1.932757 2.186167 -0.189827
v 2.041440 2.272082 -0.053278
v 1.780013 2.076250 -0.239077
v 1.935968 2.184023 -0.192064
v 2.045471 2.270583 -0.054485
v 1.782070 2.073276 -0.241686
v 1.625013 1.968017 -0.190053
v 2.229779 2.042499 -0.044495
v 2.114021 1.951104 -0.189875
v 1.624135 1.971776 -0.187831
v 1.506878 1.896447 -0.051000
v 1.607867 1.971786 -0.211303
v 1.506883 1.900742 -0.049818
v 1.473013 1.902123 -0.066529
v 1.482360 1.895749 -0.063569
v 1.421903 1.882027 0.136823
v 1.460340 1.924133 0.339594
v 1.578025 2.017164 0.487453
v 1.743519 2.136274 0.541014
v 1.912458 2.249528 0.485874
v 2.039263 2.326309 0.336060
v 2.090284 2.346330 0.132497
v 1.916798 2.239198 0.482563
v 2.092565 2.334871 0.133179
v 2.042141 2.315090 0.334442
v 2.076936 2.310967 0.133982
v 2.029841 2.292498 0.322029
v 2.081238 2.309760 0.134191
v 2.033737 2.291094 0.323592
v 1.912753 2.221607 0.460415
v 1.749783 2.127231 0.537050
v 1.586171 2.009471 0.484073
v 1.756723 2.117001 0.511305
v 1.469833 1.917506 0.337906
v 1.603863 2.006982 0.461784
v 1.915919 2.219841 0.463327
v 1.431835 1.875881 0.137455
v 1.495183 1.921070 0.325236
v 1.459685 1.882183 0.137976
v 1.604602 2.003487 0.464438
v 1.459325 1.877746 0.138212
v 1.495090 1.916925 0.326885
v 1.951352 1.834151 -0.242312
v 1.785365 1.722973 -0.187756
v 1.660528 1.647362 -0.040827
v 1.842646 1.666118 -0.158059
v 1.726748 1.595914 -0.021647
v 1.610295 1.627576 0.159110
v 1.888361 1.605126 -0.148854
v 2.040369 1.707003 -0.198827
v 1.774025 1.535859 -0.014272
v 1.996738 1.769357 -0.208710
v 2.189319 1.814192 -0.150801
v 2.147740 1.877968 -0.160029
v 2.295302 1.897972 -0.017644
v 2.255191 1.962850 -0.025057
v 1.680107 1.577556 0.163977
v 1.728000 1.517760 0.168858
v 1.715212 1.615963 0.349072
v 1.762614 1.555678 0.351467
v 1.822679 1.700857 0.484084
v 1.868599 1.639463 0.484608
v 1.648127 1.668919 0.358477
v 1.973929 1.809693 0.533368
v 2.017612 1.746709 0.532811
v 1.763907 1.760334 0.503982
v 1.758601 2.114315 0.514318
v 1.927032 1.877683 0.557451
v 2.093703 1.989469 0.504562
v 2.128555 1.913351 0.483933
v 2.169869 1.848781 0.483395
v 2.217705 2.064327 0.355479
v 2.243804 1.983044 0.346022
v 2.283922 1.917829 0.348207
v 2.290311 2.001267 0.160067
v 2.329916 1.935893 0.164966
v 2.267646 2.083867 0.154934
v 2.424769 1.464288 -0.113594
v 2.527053 1.545146 0.014917
v 2.532138 1.562570 0.005941
v 2.281012 1.360839 -0.159943
v 2.425123 1.477975 -0.128514
v 2.518813 1.606385 -0.004996
v 2.134310 1.262516 -0.111714
v 2.407084 1.518065 -0.145371
v 2.274719 1.369741 -0.177008
v 2.023964 1.195664 0.018172
v 2.497711 1.610122 0.002964
v 1.979543 1.178198 0.194913
v 2.121231 1.266870 -0.126547
v 2.250060 1.405064 -0.196001
v 2.012948 1.214794 0.371151
v 2.005779 1.196927 0.009347
v 2.089810 1.297665 -0.143319
v 2.115234 1.295651 0.499662
v 1.959305 1.178651 0.194262
v 2.258988 1.399100 0.546013
v 1.994256 1.216941 0.378650
v 1.969278 1.224641 -0.001440
v 2.405693 1.497423 0.497782
v 2.101274 1.301537 0.513104
v 2.516038 1.564274 0.367897
v 2.251675 1.409771 0.561600
v 2.560462 1.581743 0.191155
v 2.405163 1.512641 0.511139
v 2.520615 1.582585 0.375245
v 2.567089 1.600862 0.190329
v 2.386249 1.554259 0.522447
v 2.555304 1.646361 0.187512
v 2.506781 1.627282 0.380569
v 2.532542 1.648278 0.186703
v 2.486229 1.630067 0.370967
v 2.371187 1.560371 0.506383
v 2.518026 1.661738 0.185532
v 2.483597 1.624021 0.003909
v 2.472246 1.643738 0.367678
v 2.545224 1.696557 0.184500
v 2.506807 1.654473 -0.018157
v 2.505067 1.676013 -0.025677
v 2.494144 1.676472 0.387734
v 2.544673 1.719399 0.183251
v 2.358526 1.574841 0.501534
v 2.367255 1.599599 0.537092
v 2.492013 1.698691 0.392776
v 2.425297 1.891305 0.170357
v 2.372681 1.870534 0.379888
v 2.385795 1.847768 -0.038558
v 2.422280 1.895645 0.170033
v 2.382678 1.852260 -0.038895
v 2.361852 1.860340 -0.032730
v 2.369620 1.874940 0.379558
v 2.400091 1.902229 0.168992
v 2.362630 1.885471 0.168733
v 2.328200 1.847754 -0.012892
v 2.349250 1.882236 0.371287
v 2.355478 1.899026 0.167744
v 2.320868 1.861112 -0.014836
v 2.316843 1.867466 0.350870
v 2.309457 1.880932 0.350847
v 2.322906 1.875619 -0.021331
v 2.358606 1.914726 0.166994
v 2.345673 1.933330 0.165591
v 2.309974 1.894221 -0.022735
v 2.298245 1.914699 0.354551
v 2.311141 1.896064 0.355867
v 2.180498 1.843411 0.493749
v 2.193346 1.824737 0.494957
v 2.023575 1.738203 0.544913
v 2.036463 1.719563 0.546213
v 1.869908 1.627614 0.495259
v 1.760610 1.541211 0.357933
v 1.724907 1.502101 0.169608
v 1.882841 1.609010 0.496662
v 1.773540 1.522609 0.359337
v 1.772377 1.520768 -0.019257
v 1.890293 1.592206 -0.158053
v 1.737840 1.483499 0.171012
v 1.785309 1.502166 -0.017853
v 2.047059 1.697274 -0.209591
v 2.200675 1.807819 -0.160062
v 2.213608 1.789217 -0.158658
v 2.059991 1.678670 -0.208187
v 1.903223 1.573602 -0.156649
v 2.214900 1.777349 -0.147973
v 2.065974 1.670173 -0.195991
v 2.222790 1.764426 -0.145333
v 2.074639 1.657813 -0.193100
v 1.913990 1.568310 -0.146026
v 1.923449 1.556485 -0.143396
v 2.244778 1.767792 -0.179824
v 2.080239 1.649385 -0.232877
v 2.261421 1.756408 -0.191243
v 1.912322 1.536843 -0.177673
v 2.091001 1.633768 -0.246191
v 2.443955 1.764016 -0.032277
v 2.383811 1.580159 -0.178025
v 2.213393 1.457520 -0.232973
v 2.389189 1.561497 -0.165933
v 2.378187 1.540696 -0.128530
v 2.223888 1.442540 -0.219232
v 2.391074 1.525826 -0.131017
v 2.230038 1.434083 -0.176296
v 2.241199 1.417973 -0.179341
v 2.088250 1.315464 -0.129059
v 2.078850 1.332754 -0.126593
v 1.973207 1.245766 0.006357
v 1.920756 1.205561 0.191617
v 1.957245 1.245537 0.384125
v 1.926895 1.227556 0.190622
v 2.068974 1.333858 0.524500
v 2.225998 1.446857 0.575129
v 1.961724 1.265710 0.374361
v 2.068363 1.350008 0.508342
v 2.218235 1.457861 0.556665
v 1.953783 1.283576 0.371030
v 2.207339 1.473514 0.551237
v 2.059190 1.366902 0.503468
v 2.198559 1.486536 0.592551
v 2.033256 1.367578 0.539254
v 2.361198 1.619440 0.546756
v 2.187281 1.502876 0.603931
v 1.915638 1.274602 0.391477
v 2.016863 1.380240 0.548982
v 2.238806 1.795686 0.533537
v 2.064888 1.679125 0.590713
v 2.222944 1.805718 0.519956
v 1.894471 1.556490 0.535763
v 2.055030 1.693178 0.575158
v 2.203141 1.798580 0.484757
v 2.051937 1.697242 0.534429
v 2.195211 1.811733 0.485580
v 2.043152 1.709815 0.535385
v 1.894223 1.602640 0.487356
v 1.903791 1.590632 0.486672
v 1.788259 1.518872 0.354219
v 1.890488 1.574769 0.522108
v 1.753650 1.480956 0.171639
v 1.799671 1.499052 -0.011464
v 1.798379 1.507304 0.354233
v 1.763952 1.469588 0.172606
v 1.809730 1.487588 -0.009537
v 1.773414 1.482221 0.375013
v 1.735176 1.440331 0.173293
v 1.786019 1.460325 -0.029004
v 1.773214 1.460634 0.383415
v 1.917084 1.517206 -0.189014
v 1.733609 1.417247 0.174489
v 1.786270 1.437954 -0.035035
v 1.895607 1.284386 0.396633
v 1.877224 1.232518 0.188822
v 2.039476 1.340959 -0.175796
v 1.908662 1.261706 -0.021817
v 1.855999 1.240999 0.187707
v 2.055191 1.329477 -0.163773
v 1.928303 1.252605 -0.014415
v 1.965129 1.263860 0.007264
v 1.919353 1.245858 0.189407
v -1.489221 2.031503 0.136349
v -1.573965 1.919951 0.235783
v -1.513435 2.043324 0.218098
v -1.643370 2.011197 0.300557
v -1.423521 2.088457 0.130150
v -1.598446 2.083591 0.291741
v -1.725498 2.072489 0.433706
v -1.310557 2.139764 0.132952
v -1.632015 2.192468 0.374100
v -1.902730 2.185196 0.367204
v -1.328253 2.122563 0.327183
v -1.212595 2.206713 0.145720
v -1.509244 2.134615 0.387900
v -1.197945 2.212776 0.355195
v -1.116405 2.297036 0.183868
v -1.420821 2.206900 0.444491
v -1.031603 2.400153 0.246730
v -1.286001 2.313885 0.474672
v -0.987135 2.494270 0.433665
v -0.879837 2.456027 0.296808
v -1.161961 2.442508 0.480908
v -1.428589 2.413122 0.423142
v -1.326576 2.535411 0.437248
v -1.519056 2.319639 0.422816
v -1.438951 2.603426 0.336015
v -1.591012 2.251259 0.371120
v -1.513181 2.506412 0.310039
v -1.664246 2.413483 0.321590
v -1.722306 2.350843 0.315985
v -1.874542 2.349207 0.154896
v -2.031204 2.241231 0.158788
v -1.733606 2.479749 0.153346
v -1.895336 2.297955 -0.072731
v -2.027619 2.191265 -0.072402
v -1.862908 2.046974 -0.199372
v -1.808737 2.404960 0.112697
v -1.744707 2.176835 -0.167690
v -1.595927 1.915312 -0.077059
v -1.782458 2.405994 -0.100354
v -1.705920 2.462734 -0.075053
v -1.662169 2.276735 -0.171223
v -1.536434 2.072447 -0.055043
v -1.476591 2.157596 -0.080250
v -1.554194 2.326767 -0.159275
v -1.370825 2.190661 -0.058948
v -1.595228 2.596808 -0.074623
v -1.255221 2.267888 -0.065968
v -1.428155 2.449202 -0.211157
v -1.156216 2.370599 -0.052761
v -1.306609 2.562373 -0.215358
v -1.077914 2.502538 -0.051885
v -1.458892 2.712116 -0.085979
v -1.200865 2.688211 -0.169736
v -0.951121 2.535361 -0.021949
v -1.001274 2.675591 -0.109737
v -0.841021 2.165785 -0.062060
v -0.780306 2.077023 0.229833
v -0.753230 1.810488 -0.039123
v -0.842122 2.520978 -0.233140
v -0.788383 1.917849 -0.220554
v -0.661060 1.726787 -0.243118
v -0.814724 2.242233 -0.315575
v -0.722287 1.956500 -0.326921
v -0.668431 1.596804 -0.398452
v -0.573869 2.008371 -0.518398
v -0.503793 1.726177 -0.574717
v -0.668045 1.475895 -0.497086
v -0.541406 1.595702 -0.708635
v -0.330658 1.906255 -0.643527
v -0.317196 1.795430 -0.701838
v -0.341941 1.682773 -0.896939
v -0.134269 1.808290 -0.777152
v -0.124409 1.663641 -0.923354
v -0.152660 1.933588 -0.722783
v -0.147487 2.046046 -0.651532
v -0.140402 2.265588 -0.600918
v -0.380765 2.294593 -0.605722
v -0.153974 2.527165 -0.576152
v -0.644704 2.295403 -0.535704
v -0.425667 2.589277 -0.577538
v -0.154735 2.951840 -0.521268
v -0.713037 2.572572 -0.426950
v -0.517269 3.002193 -0.433993
v -0.141524 3.204280 -0.308876
v -0.727916 2.894900 -0.286183
v -0.133342 3.354713 -0.089393
v -0.440232 3.241154 -0.234411
v -0.377196 3.393570 -0.040913
v -0.297448 3.498547 0.179844
v -0.546633 3.325676 0.094336
v -0.627184 3.196538 -0.037802
v -0.633457 3.271145 0.321247
v -0.698445 3.246875 0.223855
v -0.801019 3.159698 -0.036919
v -0.825663 2.934940 -0.201409
v -0.972841 2.962424 -0.183193
v -1.116308 2.801011 -0.152338
v -1.092500 3.094938 -0.083864
v -1.368499 2.820724 -0.074616
v -1.280705 2.951774 -0.081512
v -1.428297 2.871857 0.145796
v -0.978892 3.223775 0.172317
v -1.141037 3.174809 0.158324
v -1.349332 3.005774 0.163276
v -1.486502 2.685810 0.159195
v -1.372820 2.759818 0.406050
v -1.272141 2.914898 0.468174
v -1.050849 3.093693 0.481606
v -0.943082 3.139361 0.478158
v -0.950391 2.852190 0.666302
v -0.815932 3.149245 0.466895
v -0.759112 2.915311 0.673945
v -0.733161 3.164820 0.509388
v -0.643684 2.968574 0.635309
v -0.668700 3.189103 0.561027
v -0.566436 3.254425 0.632236
v -0.574226 3.037184 0.689281
v -0.478943 3.110955 0.737677
v -0.387402 3.017498 0.764845
v -0.431053 2.945710 0.698086
v -0.288760 2.878487 0.707467
v -0.497962 2.869353 0.670971
v -0.316893 2.801490 0.677024
v -0.198178 2.903298 0.820779
v -0.195417 2.840176 0.748593
v -0.194076 2.761196 0.707564
v -0.080424 2.744418 0.721826
v -0.340612 2.760184 0.728995
v -0.201407 2.721463 0.749895
v -0.420961 2.583006 0.806974
v -0.271441 2.379796 0.860635
v -0.081393 2.277966 0.815497
v -0.075441 2.234947 0.789472
v -0.294784 2.240707 0.857429
v -0.471595 2.404941 0.838738
v -0.070161 2.216178 0.774065
v -0.290616 2.183428 0.809488
v -0.096404 1.969168 0.738316
v -0.283320 2.169058 0.755687
v -0.120315 1.569471 0.572936
v -0.281652 1.952278 0.714049
v -0.139112 1.355390 0.406010
v -0.480454 2.164446 0.643330
v -0.507472 1.946763 0.606512
v -0.309906 1.399445 0.352166
v -0.493449 2.177145 0.740622
v -0.144896 1.142064 0.074666
v -0.500867 2.246500 0.825489
v -0.141739 0.936430 -0.123440
v -0.639239 2.325738 0.721920
v -0.634175 2.254182 0.646799
v -0.603918 2.226330 0.549893
v -0.750997 2.415744 0.569305
v -0.564029 2.590998 0.798313
v -0.655303 2.501322 0.731680
v -0.737842 2.446666 0.637374
v -0.662379 2.602855 0.758695
v -0.515603 2.809262 0.729202
v -0.642586 2.847098 0.704251
v -0.862495 2.690480 0.721126
v -0.961014 2.589391 0.654010
v -1.094068 2.714375 0.640000
v -0.973108 2.537104 0.541524
v -1.070540 2.568399 0.518956
v -1.208942 2.628368 0.519054
v -0.752724 2.389296 0.465161
v -0.704242 2.264357 0.384995
v -0.691594 1.972827 0.449972
v -0.680390 1.715847 0.194475
v -0.635774 1.604305 -0.018597
v -0.513334 1.486913 0.200709
v -0.645840 1.442483 -0.195564
v -0.350452 1.208187 0.031511
v -0.625107 1.350826 -0.319326
v -0.502737 1.304702 -0.050116
v -0.458305 1.107532 -0.268913
v -0.323774 1.033361 -0.137156
v -0.295355 0.920491 -0.327902
v -0.100653 0.805935 -0.302196
v -0.217242 0.819466 -0.407992
v -0.084188 0.727118 -0.430253
v -0.128086 0.724731 -0.568339
v -0.052900 0.741226 -0.602945
v -0.101861 0.731299 -0.666037
v -0.543929 -0.023581 -0.742653
v -0.530911 0.024883 -0.577158
v -0.522022 0.007587 -0.754541
v -0.507340 0.061463 -0.587407
v -0.569086 -0.014593 -0.816816
v -0.500028 0.052499 -0.757232
v -0.491823 0.091915 -0.619151
v -0.612667 -0.008584 -0.858053
v -0.533980 0.058292 -0.822133
v -0.501581 0.101624 -0.781343
v -0.602750 0.026752 -0.876831
v -0.747367 -0.002071 -0.892426
v -0.493932 0.131871 -0.781605
v -0.744100 0.034039 -0.919927
v -0.468805 0.190517 -0.799411
v -0.426308 0.263296 -0.661006
v -0.559825 0.172501 -0.862294
v -0.579443 0.126225 -0.873842
v -0.586802 0.082928 -0.882143
v -0.737362 0.089022 -0.919233
v -0.834954 0.036231 -0.882048
v -0.825158 -0.000379 -0.865192
v -0.733923 0.195104 -0.894017
v -0.894963 0.033046 -0.816966
v -0.880924 -0.003543 -0.807393
v -0.837777 0.093115 -0.877887
v -0.802945 0.148404 -0.881884
v -0.898965 0.090262 -0.819263
v -0.872613 0.153072 -0.819342
v -0.950771 0.031393 -0.637392
v -0.931671 -0.011362 -0.636764
v -0.949499 0.087168 -0.635403
v -0.970718 0.036213 -0.492291
v -0.950216 -0.001381 -0.476638
v -0.912400 0.140763 -0.613163
v -0.957308 -0.013671 -0.418582
v -0.953237 0.088902 -0.481664
v -0.985821 0.026485 -0.358699
v -0.968963 -0.020981 -0.351623
v -0.969536 -0.003311 -0.286698
v -0.905078 0.133980 -0.478423
v -0.981828 0.031951 -0.279035
v -0.930126 -0.009790 -0.240253
v -0.973734 0.091880 -0.349274
v -0.904993 0.128120 -0.414961
v -0.973299 0.089319 -0.273323
v -0.904769 0.160650 -0.609770
v -0.928245 0.128391 -0.329135
v -0.866247 0.190927 -0.813911
v -0.905443 0.249948 -0.611088
v -0.881633 0.262660 -0.821780
v -0.838839 0.180432 -0.432204
v -0.848628 0.159400 -0.406824
v -0.851884 0.142806 -0.361512
v -0.700984 0.179611 -0.342296
v -0.706948 0.160687 -0.322781
v -0.826988 0.259972 -0.442275
v -0.869889 0.366406 -0.812871
v -0.664774 0.330383 -0.367679
v -0.746162 0.280648 -0.921096
v -0.827826 0.345452 -0.426087
v -0.548171 0.246860 -0.897752
v -0.739576 0.373338 -0.924045
v -0.441580 0.281764 -0.806365
v -0.517389 0.319992 -0.897088
v -0.429706 0.408959 -0.782085
v -0.406795 0.391771 -0.647210
v -0.687817 0.498353 -0.896655
v -0.362266 0.459717 -0.778354
v -0.361148 0.436960 -0.636037
v -0.313126 0.486918 -0.615120
v -0.496975 0.448153 -0.857745
v -0.296871 0.505891 -0.805903
v -0.241079 0.551514 -0.595558
v -0.440955 0.570203 -0.928451
v -0.230194 0.595639 -0.844683
v -0.151893 0.666189 -0.593617
v -0.180915 0.747510 -0.891294
v -0.407945 0.673786 -0.973565
v -0.677989 0.557627 -0.929921
v -0.678697 0.642875 -0.974568
v -0.370841 0.788109 -1.002871
v -0.646183 0.745057 -1.020723
v -0.126327 0.872189 -0.960489
v -0.589812 0.910182 -1.079236
v -0.100483 1.007779 -1.123915
v -0.347311 0.889866 -1.091516
v 0.000000 1.123633 -1.173684
v -0.859078 0.795705 -0.850639
v -0.088960 1.143293 -1.231364
v -0.858354 0.665565 -0.836515
v -0.089923 1.282816 -1.212142
v 0.000000 1.264764 -1.144310
v -0.855904 0.571625 -0.818129
v -0.088774 1.427046 -1.129699
v 0.000000 1.406941 -1.049264
v -0.298442 1.461813 -1.138215
v -0.303130 1.284450 -1.230557
v -0.539138 1.425222 -1.036327
v -0.299041 1.100818 -1.253252
v -0.721978 1.353033 -0.786962
v -0.322448 0.989263 -1.195821
v -0.587912 1.103321 -1.148221
v -0.589736 0.996034 -1.118793
v -0.571097 1.264241 -1.124225
v -0.825460 1.128484 -0.824954
v -0.835672 1.040193 -0.832058
v -0.782815 1.239980 -0.811142
v -0.796686 1.289591 -0.528678
v -0.873796 1.111996 -0.548262
v -0.846248 0.951773 -0.839961
v -0.678054 1.202826 -0.315216
v -0.882907 0.776124 -0.568051
v -0.896367 0.931805 -0.544250
v -0.749533 1.052117 -0.296871
v -0.496158 0.941214 -0.241628
v -0.796004 0.874834 -0.279481
v -0.294571 0.833392 -0.352783
v -0.281832 0.742814 -0.408434
v -0.534900 0.799904 -0.227288
v -0.349823 0.601125 -0.417381
v -0.587461 0.657645 -0.248012
v -0.814942 0.708297 -0.351156
v -0.408731 0.507264 -0.416455
v -0.614744 0.561925 -0.289563
v -0.866276 0.642014 -0.582312
v -0.818859 0.605457 -0.392910
v -0.817773 0.536721 -0.400409
v -0.640451 0.443040 -0.375698
v -0.464915 0.404290 -0.474985
v -0.824725 0.479266 -0.433259
v -0.534351 0.142997 -0.447733
v -0.590496 0.135444 -0.361607
v -0.552536 0.070670 -0.414364
v -0.575097 -0.000429 -0.410686
v -0.588140 -0.014816 -0.349167
v -0.577091 0.076301 -0.279362
v -0.570576 0.026251 -0.277491
v -0.593263 -0.021161 -0.286574
v -0.612421 -0.003124 -0.213431
v -0.596760 0.036447 -0.203105
v -0.664508 0.039033 -0.167375
v -0.665604 -0.010232 -0.201439
v -0.596984 0.084133 -0.209268
v -0.730834 -0.018590 -0.195805
v -0.658688 0.089560 -0.174527
v -0.729391 0.093359 -0.165694
v -0.798292 0.031920 -0.163076
v -0.798096 -0.021208 -0.196752
v -0.872617 -0.016701 -0.208612
v -0.590249 0.106218 -0.268037
v -0.717895 0.138446 -0.232352
v -0.710845 0.147720 -0.286824
v -0.863300 0.140447 -0.267574
v -0.799440 0.095487 -0.171369
v -0.930516 0.099348 -0.226706
v -0.887569 0.098721 -0.195098
v -0.881313 0.039362 -0.175102
v -0.945804 0.056739 -0.216614
v -0.947069 0.042368 -0.215559
v -2.160280 1.335715 0.048980
v -2.224507 1.248994 0.036072
v -2.148730 1.219655 0.072786
v -2.072600 1.297864 0.163618
v -2.092514 1.402260 0.023456
v -2.072724 1.196289 0.160871
v -2.003603 1.366154 0.157575
v -1.919194 1.575798 -0.056245
v -2.027664 1.275215 0.273593
v -1.792960 1.535964 0.137103
v -1.724581 1.747499 -0.101018
v -1.969119 1.353033 0.275631
v -1.632743 1.695103 0.107201
v -1.772450 1.567814 0.284640
v -1.621673 1.756734 0.279553
v -1.708704 1.810607 0.406446
v -1.846123 1.591549 0.426659
v -1.849493 1.901116 0.496725
v -2.024803 1.358526 0.396391
v -2.055749 2.016092 0.427498
v -2.193590 2.093172 0.189850
v -2.208936 1.746196 0.436951
v -2.181305 2.037448 -0.047483
v -2.168357 1.418404 0.443142
v -2.301241 1.789883 0.301335
v -2.064214 1.270345 0.385648
v -2.215666 1.307095 0.413475
v -2.030162 1.166109 0.267009
v -2.259679 1.201059 0.418349
v -2.004155 1.089120 0.271108
v -2.102912 1.067889 0.135249
v -2.071515 1.149002 0.397418
v -2.019378 1.016826 0.237891
v -2.093898 1.007173 0.162558
v -2.037361 1.051535 0.383128
v -2.037666 0.883410 0.178816
v -2.097724 0.914318 0.134517
v -2.047322 0.984850 0.326900
v -2.054257 0.843930 0.248163
v -2.110801 0.892626 0.114721
v -2.095708 0.803441 0.196833
v -2.139203 0.795610 0.084211
v -2.173543 0.839081 0.056750
v -2.216255 0.810656 0.074273
v -2.170257 0.759693 0.105843
v -2.206387 0.780189 0.145942
v -2.237998 0.820478 0.117545
v -2.155285 0.812067 0.226241
v -2.186362 0.879418 0.217207
v -2.129963 0.846649 0.276927
v -2.201411 0.974386 0.254582
v -2.150985 0.974168 0.346401
v -2.218455 1.006897 0.334295
v -2.158365 1.028740 0.397772
v -2.204847 1.089157 0.405388
v -2.293007 1.021095 0.390628
v -2.260434 0.999066 0.342315
v -2.318386 0.949193 0.361654
v -2.326615 1.097970 0.409180
v -2.398993 1.013450 0.438740
v -2.355450 1.235875 0.391960
v -2.423753 1.118952 0.412725
v -2.414641 0.949768 0.422399
v -2.350222 0.897798 0.342010
v -2.487596 1.037837 0.428331
v -2.428888 0.884810 0.385395
v -2.504398 0.972465 0.412213
v -2.376479 0.758711 0.294482
v -2.532787 0.997631 0.355983
v -2.499833 0.895378 0.359942
v -2.445974 0.733776 0.329702
v -2.517807 0.737380 0.298449
v -2.399838 0.610861 0.212686
v -2.477641 0.686591 0.252404
v -2.447827 0.612448 0.191063
v -2.334492 0.606105 0.151976
v -2.517640 0.764093 0.240179
v -2.360555 0.553060 0.133280
v -2.334298 0.570752 0.119764
v -2.417190 0.583332 0.149657
v -2.380467 0.549778 0.101605
v -2.342339 0.576921 0.081807
v -2.370765 0.593654 0.066015
v -2.399395 0.573590 0.080420
v -2.426885 0.612559 0.103538
v -2.376635 0.642623 0.082667
v -2.396283 0.680994 0.117083
v -2.457237 0.646954 0.138835
v -2.486617 0.721398 0.201192
v -2.434533 0.796358 0.196367
v -2.505359 0.918841 0.286649
v -2.427453 0.921526 0.227952
v -2.463155 0.933936 0.207657
v -2.526803 0.937281 0.266644
v -2.490488 0.815824 0.167913
v -2.551896 1.002923 0.328956
v -2.523458 1.075269 0.360565
v -2.595442 1.101229 0.315802
v -2.470010 1.282737 0.301474
v -2.349597 1.369581 0.363009
v -2.422075 1.412143 0.259909
v -2.425968 1.539953 0.170241
v -2.315837 1.828427 0.174585
v -2.287813 1.790455 -0.021098
v -2.576043 1.204232 0.241826
v -2.531276 1.339868 0.211426
v -2.483811 1.464952 0.160800
v -2.620662 1.232759 0.192717
v -2.626083 1.132597 0.240512
v -2.573502 1.346181 0.150709
v -2.677520 1.167280 0.188630
v -2.644892 1.248171 0.134191
v -2.584665 1.379429 0.052358
v -2.674840 1.285016 0.049772
v -2.694014 1.180568 0.123631
v -2.479040 1.499537 -0.012492
v -2.624323 1.273544 -0.069169
v -2.431460 1.570978 -0.006522
v -2.528266 1.390097 -0.047983
v -2.349076 1.429503 -0.060610
v -2.403836 1.357129 -0.105039
v -2.499037 1.338088 -0.079360
v -2.321239 1.305330 -0.080426
v -2.586368 1.249242 -0.088707
v -2.636710 1.177463 -0.090805
v -2.250179 1.383010 -0.010598
v -2.686284 1.217521 -0.072917
v -2.654732 1.142721 -0.116499
v -2.734523 1.220402 0.042594
v -2.732948 1.172119 -0.056351
v -2.709602 1.100216 -0.099554
v -2.635935 1.087286 -0.136680
v -2.679473 0.950375 -0.169827
v -2.753143 1.146054 0.026548
v -2.743639 0.940762 -0.146285
v -2.718536 1.121675 0.075437
v -2.734497 1.066862 -0.020364
v -2.710443 1.114039 0.107983
v -2.711323 1.099081 0.162166
v -2.679908 0.849585 -0.210704
v -2.666362 1.073434 0.209676
v -2.617816 0.856336 -0.241843
v -2.606267 0.815592 -0.256691
v -2.628627 0.790517 -0.252065
v -2.571012 0.796417 -0.242760
v -2.659143 0.798242 -0.191041
v -2.602567 0.759908 -0.235011
v -2.587875 0.772935 -0.193690
v -2.562042 0.801459 -0.207834
v -2.574832 0.823887 -0.173610
v -2.585950 0.840890 -0.158567
v -2.635870 0.810888 -0.137066
v -2.616419 0.889568 -0.115457
v -2.687425 0.815885 -0.169511
v -2.636319 0.912889 -0.089444
v -2.696609 0.888964 -0.054947
v -2.766473 0.905143 -0.086610
v -2.671669 1.042542 0.008158
v -2.600683 1.048662 -0.032915
v -2.655565 1.030286 0.030386
v -2.582082 1.034466 -0.007272
v -2.639917 0.897401 -0.041579
v -2.675373 1.012320 0.103279
v -2.684173 0.896043 -0.017547
v -2.658357 0.834860 -0.042305
v -2.697101 0.861164 0.052661
v -2.630973 0.764778 -0.085386
v -2.660017 0.803137 0.001753
v -2.645478 0.846601 0.085670
v -2.570535 0.773851 -0.127014
v -2.569381 0.699581 -0.146585
v -2.549918 0.715516 -0.150776
v -2.523485 0.705032 -0.139996
v -2.552958 0.672370 -0.128818
v -2.533838 0.683246 -0.092633
v -2.514862 0.704726 -0.106063
v -2.518824 0.749933 -0.073355
v -2.572542 0.856536 0.031468
v -2.536605 0.983841 0.070411
v -2.619106 0.993372 0.138179
v -2.517303 0.969073 0.113913
v -2.593743 0.984851 0.166403
v -2.544104 0.843090 0.082842
v -2.634815 1.052675 0.236404
v -2.614043 1.026825 0.301501
v -2.598025 0.960632 0.243694
v -2.617663 0.820430 0.117668
v -2.556498 0.771497 0.210137
v -2.626280 0.783563 0.187090
v -2.531002 0.803584 0.057316
v -2.486691 0.766741 0.139629
v -2.501552 0.669800 0.096955
v -2.459653 0.692643 0.074371
v -2.551251 0.669163 0.070010
v -2.557237 0.711090 0.024202
v -2.522960 0.647552 0.034253
v -2.527180 0.670855 -0.007702
v -2.482239 0.707453 -0.024729
v -2.467083 0.650782 -0.044888
v -2.491810 0.629285 -0.040155
v -2.441666 0.638330 -0.028969
v -2.475943 0.603184 -0.020474
v -2.478221 0.641771 0.055208
v -2.442408 0.664198 0.042075
v -2.435344 0.627488 0.006909
v -2.456695 0.604778 0.004536
v -1.968504 1.882021 -0.200430
v -2.195678 1.446315 -0.015797
v -2.299168 1.492901 -0.055607
v -1.985521 2.385621 -0.071973
v -1.970618 2.387125 -0.065923
v -2.006932 2.426906 0.125640
v -2.023077 2.426762 0.126151
v -1.958656 2.407927 0.317766
v -1.998502 2.378683 -0.075081
v -1.973164 2.407146 0.324898
v -1.838793 2.335328 0.459128
v -2.036789 2.420628 0.126907
v -1.849213 2.332077 0.471147
v -1.679257 2.228392 0.511381
v -1.985919 2.400642 0.329568
v -1.684195 2.221464 0.525145
v -1.522994 2.115939 0.460971
v -2.051759 2.304288 -0.070274
v -1.859568 2.324124 0.478714
v -1.691313 2.211338 0.533723
v -1.522561 2.105144 0.472969
v -1.411815 2.028051 0.321285
v -1.407573 2.014250 0.328498
v -1.375504 1.988272 0.129723
v -1.526512 2.092734 0.480490
v -1.370015 1.973106 0.130375
v -1.423787 2.007257 -0.062386
v -1.409283 2.000064 0.333202
v -1.419952 1.992746 -0.068315
v -1.543728 2.079922 -0.203567
v -1.370993 1.958119 0.131215
v -1.544002 2.067899 -0.214332
v -1.703187 2.186795 -0.255990
v -1.421904 1.978138 -0.071350
v -1.708924 2.178430 -0.268550
v -1.859443 2.299239 -0.205609
v -1.548375 2.054758 -0.220216
v -1.870534 2.294724 -0.216444
v -1.716514 2.167447 -0.275492
v -1.881271 2.286013 -0.222369
v -1.934074 2.211259 -0.218134
v -2.054481 2.293312 -0.067272
v -1.768676 2.092233 -0.271463
v -1.938143 2.201347 -0.213440
v -1.599885 1.979108 -0.215972
v -1.774639 2.083683 -0.266158
v -1.932671 2.186234 -0.189827
v -2.041351 2.272147 -0.053278
v -1.779926 2.076315 -0.239077
v -1.935881 2.184090 -0.192065
v -2.045384 2.270648 -0.054485
v -1.781981 2.073343 -0.241686
v -1.624924 1.968084 -0.190053
v -2.229692 2.042564 -0.044495
v -2.113932 1.951172 -0.189875
v -1.624046 1.971843 -0.187831
v -1.506791 1.896514 -0.051000
v -1.607780 1.971853 -0.211303
v -1.506796 1.900807 -0.049819
v -1.472925 1.902191 -0.066529
v -1.482272 1.895814 -0.063570
v -1.421815 1.882092 0.136823
v -1.431747 1.875946 0.137454
v -1.460253 1.924200 0.339594
v -1.577935 2.017229 0.487453
v -1.743432 2.136341 0.541014
v -1.469744 1.917573 0.337905
v -1.586082 2.009538 0.484073
v -1.912371 2.249593 0.485874
v -2.039173 2.326376 0.336060
v -1.749696 2.127295 0.537050
v -1.916711 2.239263 0.482563
v -2.090195 2.346395 0.132497
v -2.042054 2.315158 0.334442
v -2.092479 2.334936 0.133179
v -2.076849 2.311033 0.133982
v -2.029755 2.292566 0.322029
v -2.081149 2.309827 0.134191
v -2.033647 2.291162 0.323592
v -1.912666 2.221672 0.460415
v -1.756634 2.117068 0.511305
v -2.267556 2.083932 0.154934
v -2.255104 1.962915 -0.025058
v -2.329830 1.935959 0.164966
v -2.295213 1.898038 -0.017644
v -2.290224 2.001332 0.160067
v -2.283833 1.917896 0.348207
v -2.217616 2.064392 0.355479
v -2.243717 1.983109 0.346022
v -2.169783 1.848848 0.483395
v -2.128465 1.913417 0.483934
v -2.017526 1.746776 0.532812
v -2.093616 1.989537 0.504561
v -1.973843 1.809761 0.533368
v -1.868510 1.639528 0.484607
v -1.926943 1.877748 0.557452
v -1.763818 1.760400 0.503982
v -1.822593 1.700925 0.484084
v -1.762527 1.555746 0.351467
v -1.715123 1.616030 0.349071
v -1.727911 1.517825 0.168858
v -1.648038 1.668986 0.358477
v -1.680017 1.577623 0.163976
v -1.773939 1.535924 -0.014272
v -1.610206 1.627641 0.159110
v -1.726662 1.595979 -0.021647
v -1.888274 1.605194 -0.148854
v -1.660441 1.647427 -0.040828
v -1.842556 1.666185 -0.158059
v -2.040282 1.707071 -0.198827
v -1.785275 1.723040 -0.187757
v -1.996649 1.769425 -0.208710
v -2.189233 1.814259 -0.150801
v -1.951263 1.834216 -0.242312
v -2.147654 1.878035 -0.160029
v -1.459237 1.877813 0.138211
v -1.495002 1.916991 0.326885
v -1.459597 1.882249 0.137976
v -1.495093 1.921134 0.325236
v -1.604514 2.003552 0.464438
v -1.603776 2.007048 0.461784
v -1.758512 2.114379 0.514319
v -1.915832 2.219908 0.463327
v -2.526964 1.545211 0.014917
v -2.424680 1.464355 -0.113594
v -2.280926 1.360905 -0.159943
v -2.532049 1.562638 0.005941
v -2.134221 1.262582 -0.111714
v -2.425036 1.478042 -0.128514
v -2.518724 1.606452 -0.004996
v -2.023876 1.195731 0.018172
v -2.274633 1.369808 -0.177008
v -2.406998 1.518131 -0.145371
v -1.979457 1.178264 0.194913
v -2.497624 1.610190 0.002964
v -2.249971 1.405131 -0.196001
v -2.121142 1.266937 -0.126548
v -2.390985 1.525892 -0.131017
v -2.483511 1.624089 0.003909
v -2.089723 1.297731 -0.143319
v -2.378098 1.540761 -0.128530
v -2.506718 1.654540 -0.018157
v -2.241113 1.418039 -0.179341
v -2.005692 1.196993 0.009347
v -1.969189 1.224707 -0.001441
v -2.012861 1.214860 0.371151
v -1.959217 1.178717 0.194262
v -2.115148 1.295717 0.499662
v -1.920668 1.205627 0.191617
v -2.258902 1.399167 0.546013
v -1.994170 1.217008 0.378650
v -2.405604 1.497489 0.497782
v -2.101185 1.301605 0.513104
v -1.957159 1.245603 0.384125
v -2.515950 1.564342 0.367897
v -2.251586 1.409838 0.561600
v -2.068886 1.333924 0.524500
v -2.560373 1.581810 0.191155
v -2.405077 1.512709 0.511139
v -2.225912 1.446924 0.575129
v -2.520527 1.582653 0.375245
v -2.567002 1.600927 0.190329
v -2.386160 1.554324 0.522447
v -2.506695 1.627347 0.380569
v -2.555216 1.646428 0.187512
v -2.532453 1.648344 0.186703
v -2.486141 1.630134 0.370967
v -2.517938 1.661806 0.185532
v -2.472159 1.643803 0.367678
v -2.371098 1.560436 0.506383
v -2.358440 1.574909 0.501534
v -2.494056 1.676538 0.387734
v -2.545135 1.696624 0.184500
v -2.504981 1.676078 -0.025677
v -2.367168 1.599664 0.537092
v -2.544584 1.719464 0.183251
v -2.491923 1.698757 0.392776
v -2.541545 1.723825 0.182918
v -2.501971 1.680403 -0.026000
v -2.489039 1.702941 0.392466
v -2.430795 1.786779 0.386173
v -2.519209 1.729463 0.397332
v -2.465063 1.807475 0.391487
v -2.483449 1.807504 0.176649
v -2.477335 1.786179 -0.039410
v -2.443773 1.764225 -0.032288
v -2.422194 1.895713 0.170033
v -2.382589 1.852327 -0.038895
v -2.361766 1.860405 -0.032730
v -2.369534 1.875005 0.379558
v -2.400004 1.902297 0.168991
v -2.362543 1.885538 0.168733
v -2.328114 1.847822 -0.012893
v -2.349161 1.882304 0.371287
v -2.355389 1.899094 0.167744
v -2.320779 1.861177 -0.014836
v -2.316755 1.867532 0.350870
v -2.309370 1.880997 0.350847
v -2.322817 1.875684 -0.021331
v -2.358517 1.914794 0.166994
v -2.345587 1.933396 0.165591
v -2.309885 1.894286 -0.022735
v -2.298158 1.914765 0.354551
v -2.311052 1.896129 0.355867
v -2.180408 1.843477 0.493749
v -2.023486 1.738271 0.544913
v -2.193257 1.824805 0.494958
v -1.869821 1.627679 0.495259
v -2.036375 1.719630 0.546213
v -2.195122 1.811799 0.485581
v -2.203054 1.798647 0.484758
v -2.043066 1.709882 0.535384
v -2.222858 1.805784 0.519956
v -2.051847 1.697309 0.534429
v -1.894136 1.602706 0.487355
v -1.882754 1.609078 0.496662
v -1.760520 1.541278 0.357933
v -1.773453 1.522674 0.359337
v -1.724821 1.502169 0.169608
v -1.737753 1.483567 0.171012
v -1.772288 1.520836 -0.019257
v -1.890204 1.592271 -0.158054
v -1.785220 1.502231 -0.017853
v -2.046973 1.697339 -0.209591
v -1.903137 1.573669 -0.156649
v -2.200586 1.807884 -0.160062
v -2.213519 1.789283 -0.158658
v -2.059903 1.678737 -0.208187
v -2.214813 1.777414 -0.147973
v -2.065885 1.670240 -0.195992
v -1.913901 1.568377 -0.146026
v -1.799582 1.499120 -0.011464
v -1.753563 1.481023 0.171639
v -1.788173 1.518937 0.354219
v -1.763863 1.469654 0.172606
v -1.903705 1.590697 0.486672
v -1.798292 1.507369 0.354233
v -2.054940 1.693244 0.575158
v -1.890399 1.574836 0.522108
v -1.773325 1.482289 0.375013
v -1.809641 1.487654 -0.009538
v -1.735087 1.440399 0.173293
v -1.923363 1.556550 -0.143396
v -1.785930 1.460390 -0.029004
v -2.074553 1.657881 -0.193100
v -1.912233 1.536911 -0.177673
v -2.222702 1.764493 -0.145333
v -2.080153 1.649451 -0.232877
v -2.244692 1.767858 -0.179824
v -2.261333 1.756473 -0.191243
v -2.090915 1.633835 -0.246191
v -1.916998 1.517274 -0.189015
v -1.786180 1.438021 -0.035035
v -1.733522 1.417313 0.174489
v -1.773128 1.460701 0.383415
v -1.894384 1.556554 0.535763
v -2.064802 1.679192 0.590713
v -2.238719 1.795754 0.533537
v -2.361109 1.619505 0.546755
v -2.187192 1.502944 0.603931
v -2.198471 1.486603 0.592551
v -2.207250 1.473580 0.551238
v -2.033167 1.367645 0.539254
v -2.016774 1.380306 0.548982
v -2.218149 1.457927 0.556665
v -2.059104 1.366968 0.503468
v -1.915551 1.274669 0.391477
v -2.068274 1.350075 0.508342
v -1.953694 1.283641 0.371030
v -1.961637 1.265777 0.374361
v -1.919265 1.245925 0.189406
v -1.926809 1.227623 0.190622
v -1.973119 1.245832 0.006357
v -2.088164 1.315530 -0.129059
v -1.965042 1.263926 0.007264
v -2.078762 1.332822 -0.126593
v -2.229950 1.434149 -0.176296
v -2.055102 1.329543 -0.163773
v -2.389103 1.561562 -0.165933
v -2.223802 1.442607 -0.219232
v -2.383725 1.580225 -0.178025
v -2.213304 1.457587 -0.232973
v -2.039388 1.341025 -0.175797
v -1.908573 1.261774 -0.021818
v -1.928217 1.252670 -0.014415
v -1.855912 1.241065 0.187707
v -1.877135 1.232585 0.188822
v -1.895518 1.284452 0.396633
v 1.510495 2.003402 0.451013
v 1.510115 2.003414 0.450695
v 1.503268 2.018810 0.452820
v 0.674140 0.013696 -0.084116
v 0.666430 -0.003085 -0.123550
v 0.660947 -0.001056 -0.160646
v 0.672834 0.011039 -0.039777
v 0.670087 0.040079 -0.074945
v 0.669942 0.036751 -0.160643
v 0.675452 -0.024402 -0.012564
v 0.665154 0.011039 -0.038537
v 0.655584 0.039989 -0.072476
v 0.658714 -0.006053 -0.044564
v 0.649529 0.013819 -0.080025
v 0.645160 -0.003167 -0.120194
v 0.640533 0.030343 -0.115959
v 0.638401 -0.001056 -0.157006
v 0.656209 -0.008714 -0.204981
v 0.647992 0.063053 -0.112425
v 0.628947 -0.008714 -0.200580
v 0.652169 -0.008714 -0.244995
v 0.620189 -0.008714 -0.239832
v 0.599934 0.033203 -0.236562
v 0.620189 0.075120 -0.239832
v 0.639101 0.074369 -0.152669
v 0.667752 0.063021 -0.115359
v 0.661647 0.074369 -0.156309
v 0.652169 0.075120 -0.244995
v 0.672425 0.033203 -0.248265
v 0.760557 0.013696 -0.079345
v 0.752846 -0.003085 -0.118780
v 0.747364 -0.001056 -0.155876
v 0.759251 0.011039 -0.035007
v 0.756504 0.040079 -0.070175
v 0.756358 0.036751 -0.155873
v 0.761870 -0.024402 -0.007794
v 0.751571 0.011039 -0.033766
v 0.742001 0.039989 -0.067706
v 0.745131 -0.006053 -0.039794
v 0.735946 0.013820 -0.075255
v 0.731577 -0.003167 -0.115424
v 0.726950 0.030343 -0.111189
v 0.724818 -0.001056 -0.152236
v 0.742627 -0.008714 -0.200211
v 0.734409 0.063053 -0.107655
v 0.715363 -0.008714 -0.195810
v 0.738586 -0.008714 -0.240225
v 0.706607 -0.008714 -0.235061
v 0.686351 0.033203 -0.231791
v 0.706607 0.075120 -0.235061
v 0.725519 0.074369 -0.147899
v 0.754169 0.063021 -0.110589
v 0.748064 0.074369 -0.151539
v 0.738586 0.075120 -0.240225
v 0.758842 0.033203 -0.243495
v 0.837296 0.013696 -0.074949
v 0.830271 -0.003085 -0.114512
v 0.825434 -0.001056 -0.151698
v 0.835219 0.011039 -0.030640
v 0.833085 0.040079 -0.065852
v 0.834427 0.036751 -0.151539
v 0.837365 -0.024402 -0.003387
v 0.827520 0.011039 -0.029534
v 0.818541 0.039989 -0.063634
v 0.821185 -0.006053 -0.035673
v 0.812618 0.013820 -0.071287
v 0.808947 -0.003167 -0.111526
v 0.804247 0.030343 -0.107373
v 0.802829 -0.001056 -0.148450
v 0.821467 -0.008714 -0.196109
v 0.811644 0.063053 -0.103709
v 0.794132 -0.008714 -0.192182
v 0.818123 -0.008714 -0.236186
v 0.786058 -0.008714 -0.231580
v 0.765749 0.033203 -0.228662
v 0.786058 0.075120 -0.231580
v 0.803453 0.074369 -0.144102
v 0.831451 0.063021 -0.106299
v 0.826059 0.074369 -0.147349
v 0.818123 0.075120 -0.236186
v 0.838433 0.033203 -0.239104
v 0.906342 0.013696 -0.102905
v 0.898975 -0.003085 -0.142405
v 0.893817 -0.001056 -0.179548
v 0.904650 0.011039 -0.058580
v 0.902210 0.040079 -0.093771
v 0.902810 0.036751 -0.179466
v 0.907031 -0.024402 -0.031345
v 0.896961 0.011039 -0.057407
v 0.887686 0.039989 -0.091428
v 0.890572 -0.006053 -0.063489
v 0.881696 0.013820 -0.099029
v 0.877678 -0.003167 -0.139235
v 0.873014 0.030343 -0.135041
v 0.871240 -0.001056 -0.176104
v 0.889466 -0.008714 -0.223923
v 0.880442 0.063053 -0.131441
v 0.862165 -0.008714 -0.219759
v 0.885775 -0.008714 -0.263970
v 0.853751 -0.008714 -0.259086
v 0.833468 0.033203 -0.255992
v 0.853751 0.075120 -0.259086
v 0.871903 0.074369 -0.171762
v 0.900226 0.063021 -0.134202
v 0.894479 0.074369 -0.175205
v 0.885775 0.075120 -0.263970
v 0.906057 0.033203 -0.267063
v -0.674139 0.013696 -0.084116
v -0.666429 -0.003085 -0.123550
v -0.660947 -0.001056 -0.160646
v -0.672834 0.011039 -0.039777
v -0.670087 0.040079 -0.074946
v -0.675452 -0.024402 -0.012564
v -0.665154 0.011039 -0.038537
v -0.655584 0.039989 -0.072476
v -0.658714 -0.006052 -0.044564
v -0.649529 0.013820 -0.080025
v -0.645160 -0.003166 -0.120194
v -0.640533 0.030343 -0.115959
v -0.638401 -0.001056 -0.157006
v -0.656209 -0.008714 -0.204981
v -0.647992 0.063053 -0.112425
v -0.628946 -0.008714 -0.200580
v -0.652169 -0.008714 -0.244995
v -0.620189 -0.008714 -0.239832
v -0.599934 0.033203 -0.236562
v -0.620189 0.075120 -0.239832
v -0.639101 0.074369 -0.152669
v -0.667752 0.063021 -0.115359
v -0.661647 0.074369 -0.156309
v -0.669941 0.036752 -0.160643
v -0.652169 0.075120 -0.244995
v -0.672425 0.033203 -0.248265
v -0.760556 0.013696 -0.079345
v -0.752846 -0.003085 -0.118780
v -0.747364 -0.001056 -0.155876
v -0.759251 0.011039 -0.035007
v -0.756504 0.040079 -0.070175
v -0.761870 -0.024402 -0.007794
v -0.751571 0.011039 -0.033766
v -0.742001 0.039989 -0.067706
v -0.745131 -0.006052 -0.039794
v -0.735946 0.013820 -0.075255
v -0.731577 -0.003167 -0.115424
v -0.726950 0.030343 -0.111189
v -0.724818 -0.001056 -0.152236
v -0.742627 -0.008714 -0.200211
v -0.734409 0.063053 -0.107655
v -0.715363 -0.008714 -0.195810
v -0.738586 -0.008714 -0.240225
v -0.706607 -0.008714 -0.235062
v -0.686351 0.033203 -0.231791
v -0.706607 0.075120 -0.235062
v -0.725519 0.074369 -0.147899
v -0.754169 0.063021 -0.110589
v -0.748064 0.074369 -0.151539
v -0.756358 0.036752 -0.155873
v -0.738586 0.075120 -0.240225
v -0.758841 0.033203 -0.243495
v -0.837296 0.013696 -0.074949
v -0.830271 -0.003085 -0.114512
v -0.825434 -0.001056 -0.151698
v -0.835219 0.011039 -0.030640
v -0.833085 0.040079 -0.065852
v -0.837365 -0.024402 -0.003387
v -0.827520 0.011039 -0.029534
v -0.818540 0.039989 -0.063634
v -0.821185 -0.006052 -0.035673
v -0.812618 0.013820 -0.071287
v -0.808947 -0.003167 -0.111526
v -0.804247 0.030343 -0.107372
v -0.802829 -0.001056 -0.148450
v -0.821467 -0.008714 -0.196109
v -0.811644 0.063053 -0.103709
v -0.794132 -0.008714 -0.192182
v -0.818123 -0.008714 -0.236186
v -0.786058 -0.008714 -0.231580
v -0.765749 0.033203 -0.228662
v -0.786058 0.075120 -0.231580
v -0.803453 0.074369 -0.144102
v -0.831451 0.063021 -0.106299
v -0.826058 0.074369 -0.147349
v -0.834426 0.036752 -0.151539
v -0.818123 0.075120 -0.236186
v -0.838432 0.033203 -0.239104
v -0.906342 0.013696 -0.102905
v -0.898975 -0.003085 -0.142405
v -0.893817 -0.001056 -0.179548
v -0.904650 0.011039 -0.058580
v -0.902210 0.040079 -0.093771
v -0.907031 -0.024402 -0.031345
v -0.896961 0.011039 -0.057407
v -0.887686 0.039989 -0.091428
v -0.890572 -0.006052 -0.063489
v -0.881696 0.013820 -0.099029
v -0.877678 -0.003167 -0.139235
v -0.873014 0.030343 -0.135041
v -0.871240 -0.001056 -0.176104
v -0.889466 -0.008714 -0.223923
v -0.880442 0.063053 -0.131441
v -0.862165 -0.008714 -0.219759
v -0.885774 -0.008714 -0.263970
v -0.853751 -0.008714 -0.259086
v -0.833468 0.033203 -0.255992
v -0.853751 0.075120 -0.259086
v -0.871903 0.074369 -0.171762
v -0.900226 0.063021 -0.134202
v -0.894479 0.074369 -0.175205
v -0.902810 0.036752 -0.179466
v -0.885774 0.075120 -0.263970
v -0.906057 0.033203 -0.267063
v 0.088774 1.427046 -1.129699
v 0.298442 1.461813 -1.138215
v 0.089923 1.282816 -1.212142
v 0.539138 1.425222 -1.036327
v 0.303130 1.284451 -1.230556
v 0.088960 1.143293 -1.231364
v 0.721978 1.353033 -0.786962
v 0.571097 1.264241 -1.124225
v 0.796686 1.289591 -0.528678
v 0.782815 1.239980 -0.811142
v 0.825460 1.128484 -0.824953
v 0.587912 1.103320 -1.148221
v 0.678054 1.202826 -0.315216
v 0.873796 1.111996 -0.548261
v 0.496158 0.941214 -0.241628
v 0.749533 1.052117 -0.296871
v 0.294571 0.833392 -0.352783
v 0.281832 0.742814 -0.408434
v 0.534900 0.799904 -0.227288
v 0.796004 0.874834 -0.279481
v 0.896367 0.931805 -0.544250
v 0.835672 1.040193 -0.832058
v 0.846248 0.951773 -0.839961
v 0.589736 0.996034 -1.118793
v 0.589812 0.910182 -1.079236
v 0.322448 0.989264 -1.195821
v 0.347311 0.889866 -1.091515
v 0.299041 1.100818 -1.253252
v 0.100483 1.007779 -1.123915
v 0.126327 0.872189 -0.960489
v 0.370841 0.788110 -1.002871
v 0.180915 0.747510 -0.891295
v 0.230194 0.595638 -0.844683
v 0.407945 0.673786 -0.973565
v 0.440955 0.570203 -0.928451
v 0.646183 0.745057 -1.020723
v 0.678697 0.642875 -0.974568
v 0.001267 3.076194 1.362967
v -0.003075 3.081363 1.351584
v -0.008181 3.063110 1.366707
v -0.005674 3.073351 1.372426
v -0.014606 3.075138 1.371131
v -0.008724 3.049271 1.347255
v -0.013509 3.047682 1.337527
v -0.012593 3.046455 1.352805
v -0.014845 3.040829 1.345847
v -0.014888 3.038407 1.334867
v -0.017907 3.034120 1.326671
v -0.018393 3.032676 1.326687
v -0.018270 3.032748 1.328441
v -0.018982 3.032911 1.328426
v -0.018548 3.041560 1.345327
v -0.019270 3.032872 1.326671
v -0.018619 3.034283 1.326656
v -0.017262 3.048583 1.337347
v -0.020090 3.051836 1.346029
v -0.017607 3.047576 1.352250
v -0.015811 3.064964 1.365889
v -0.019110 3.080073 1.360290
v -0.012081 3.083226 1.350751
v -0.018088 3.074110 1.358674
v -0.022432 3.079731 1.349978
v -0.027412 3.062094 1.359103
v -0.025171 3.071066 1.365670
v -0.034204 3.073045 1.364510
v -0.024602 3.057034 1.346987
v -0.027423 3.050656 1.340688
v -0.032094 3.049967 1.332184
v -0.031347 3.047807 1.344607
v -0.033415 3.043153 1.337811
v -0.033264 3.041651 1.328349
v -0.036117 3.038326 1.320727
v -0.036579 3.037012 1.320474
v -0.036479 3.036963 1.321936
v -0.037202 3.037132 1.321921
v -0.037163 3.043966 1.337343
v -0.037469 3.037219 1.320454
v -0.036839 3.038494 1.320711
v -0.035904 3.050909 1.332021
v -0.038941 3.053409 1.339602
v -0.036427 3.049015 1.344115
v -0.035151 3.064059 1.358397
v -0.038716 3.078417 1.356212
v -0.031551 3.081743 1.349204
v -0.043101 3.107757 1.351619
v -0.049617 3.116640 1.332754
v -0.055653 3.081681 1.354174
v -0.054548 3.100183 1.365997
v -0.068791 3.101119 1.362826
v -0.048788 3.071905 1.330657
v -0.051253 3.058256 1.318882
v -0.057255 3.054861 1.301524
v -0.057410 3.051828 1.327135
v -0.058928 3.041695 1.314093
v -0.057159 3.038157 1.295181
v -0.060007 3.030298 1.280174
v -0.060471 3.027598 1.279873
v -0.060506 3.027641 1.282853
v -0.061657 3.027742 1.282753
v -0.064831 3.042066 1.312803
v -0.061888 3.027723 1.279750
v -0.061158 3.030404 1.280074
v -0.063314 3.055491 1.300828
v -0.069486 3.059921 1.315600
v -0.065452 3.052531 1.325676
v -0.067918 3.083022 1.351996
v -0.075579 3.109494 1.344802
v -0.064047 3.117649 1.330356
v -0.066958 3.118851 1.292215
v -0.068657 3.119686 1.281146
v -0.073482 3.105391 1.294986
v -0.075483 3.116242 1.297591
v -0.083624 3.114847 1.293276
v -0.065500 3.097765 1.287341
v -0.064585 3.089136 1.283735
v -0.065538 3.084295 1.275353
v -0.069120 3.086667 1.287230
v -0.067639 3.079645 1.282690
v -0.063698 3.075250 1.275143
v -0.062859 3.068902 1.269117
v -0.062952 3.067502 1.269314
v -0.063399 3.067968 1.270630
v -0.064081 3.067891 1.270347
v -0.071019 3.079062 1.280913
v -0.063792 3.067406 1.268965
v -0.063540 3.068825 1.268834
v -0.069112 3.083908 1.273771
v -0.075153 3.087692 1.278476
v -0.073774 3.086016 1.284904
v -0.080612 3.104525 1.291426
v -0.085581 3.115535 1.282610
v -0.077028 3.118421 1.277128
v -0.083168 3.153710 1.226516
v -0.085966 3.153900 1.215645
v -0.088140 3.139862 1.230385
v -0.090876 3.150600 1.232787
v -0.099223 3.148306 1.229337
v -0.080243 3.132639 1.222275
v -0.078882 3.123971 1.218906
v -0.080168 3.118698 1.210833
v -0.082823 3.121271 1.222913
v -0.081136 3.114216 1.218500
v -0.077534 3.109850 1.210765
v -0.076683 3.103343 1.204916
v -0.076629 3.101953 1.205171
v -0.076992 3.102434 1.206508
v -0.077688 3.102284 1.206295
v -0.084600 3.113258 1.217083
v -0.077486 3.101769 1.204908
v -0.077379 3.103194 1.204704
v -0.083825 3.117930 1.209621
v -0.089719 3.121372 1.214756
v -0.087596 3.120111 1.221073
v -0.095462 3.138220 1.227570
v -0.102226 3.148344 1.218894
v -0.094526 3.151726 1.212507
v 0.003075 3.081363 1.351583
v -0.001267 3.076194 1.362967
v 0.008181 3.063110 1.366706
v 0.005674 3.073351 1.372425
v 0.014606 3.075139 1.371130
v 0.008724 3.049271 1.347255
v 0.013509 3.047682 1.337526
v 0.012593 3.046455 1.352805
v 0.014845 3.040829 1.345845
v 0.014888 3.038407 1.334867
v 0.017906 3.034120 1.326669
v 0.018393 3.032676 1.326687
v 0.018270 3.032752 1.328439
v 0.018982 3.032911 1.328426
v 0.018547 3.041560 1.345325
v 0.019270 3.032872 1.326669
v 0.018619 3.034283 1.326655
v 0.017262 3.048582 1.337347
v 0.020090 3.051836 1.346027
v 0.017606 3.047576 1.352249
v 0.015811 3.064964 1.365887
v 0.019110 3.080073 1.360290
v 0.012081 3.083226 1.350750
v 0.022432 3.079731 1.349975
v 0.018088 3.074110 1.358672
v 0.027412 3.062094 1.359101
v 0.025172 3.071066 1.365668
v 0.034204 3.073045 1.364510
v 0.024602 3.057034 1.346987
v 0.027423 3.050656 1.340687
v 0.032094 3.049967 1.332184
v 0.031347 3.047807 1.344607
v 0.033415 3.043153 1.337811
v 0.033264 3.041651 1.328349
v 0.036117 3.038326 1.320727
v 0.036579 3.037012 1.320472
v 0.036479 3.036963 1.321936
v 0.037202 3.037132 1.321920
v 0.037163 3.043966 1.337342
v 0.037469 3.037219 1.320453
v 0.036839 3.038494 1.320711
v 0.035904 3.050909 1.332021
v 0.038941 3.053409 1.339602
v 0.036427 3.049015 1.344113
v 0.035151 3.064059 1.358396
v 0.038716 3.078417 1.356210
v 0.031551 3.081743 1.349203
v 0.049617 3.116640 1.332752
v 0.043100 3.107757 1.351619
v 0.055653 3.081681 1.354173
v 0.054548 3.100183 1.365996
v 0.068791 3.101119 1.362825
v 0.048788 3.071905 1.330657
v 0.051253 3.058256 1.318882
v 0.057255 3.054866 1.301523
v 0.057410 3.051829 1.327133
v 0.058928 3.041695 1.314092
v 0.057159 3.038157 1.295181
v 0.060007 3.030298 1.280172
v 0.060471 3.027598 1.279871
v 0.060506 3.027641 1.282852
v 0.061657 3.027742 1.282753
v 0.064831 3.042066 1.312801
v 0.061888 3.027723 1.279749
v 0.061158 3.030404 1.280074
v 0.063313 3.055491 1.300827
v 0.069486 3.059921 1.315598
v 0.065452 3.052531 1.325675
v 0.067918 3.083022 1.351995
v 0.075579 3.109494 1.344802
v 0.064047 3.117648 1.330356
v 0.068657 3.119686 1.281145
v 0.066958 3.118851 1.292215
v 0.073482 3.105391 1.294985
v 0.075483 3.116247 1.297590
v 0.083624 3.114847 1.293275
v 0.065500 3.097765 1.287341
v 0.064585 3.089136 1.283735
v 0.065538 3.084295 1.275353
v 0.069119 3.086667 1.287230
v 0.067638 3.079645 1.282688
v 0.063698 3.075250 1.275141
v 0.062858 3.068902 1.269117
v 0.062951 3.067502 1.269314
v 0.063399 3.067968 1.270630
v 0.064081 3.067891 1.270346
v 0.071019 3.079062 1.280912
v 0.063792 3.067406 1.268965
v 0.063540 3.068825 1.268834
v 0.069112 3.083908 1.273770
v 0.075153 3.087692 1.278476
v 0.073774 3.086016 1.284903
v 0.080612 3.104525 1.291425
v 0.085581 3.115535 1.282608
v 0.077028 3.118421 1.277125
v 0.085966 3.153900 1.215643
v 0.083168 3.153710 1.226516
v 0.088139 3.139862 1.230385
v 0.090875 3.150600 1.232786
v 0.099223 3.148306 1.229336
v 0.080243 3.132639 1.222275
v 0.078882 3.123971 1.218904
v 0.080168 3.118698 1.210833
v 0.082823 3.121271 1.222911
v 0.081136 3.114216 1.218498
v 0.077534 3.109850 1.210765
v 0.076683 3.103343 1.204916
v 0.076629 3.101953 1.205170
v 0.076992 3.102434 1.206506
v 0.077687 3.102284 1.206293
v 0.084600 3.113258 1.217082
v 0.077486 3.101769 1.204908
v 0.077379 3.103194 1.204702
v 0.083825 3.117930 1.209620
v 0.089719 3.121372 1.214756
v 0.087596 3.120111 1.221073
v 0.095462 3.138220 1.227570
v 0.102226 3.148344 1.218893
v 0.094526 3.151726 1.212505
v -0.108799 3.155632 1.184528
v -0.103312 3.169322 1.193979
v -0.097152 3.159391 1.250221
v -0.103889 3.139415 1.244337
v -0.086010 3.124491 1.313066
v -0.104134 3.149795 1.183751
v -0.069689 3.096724 1.359585
v -0.089500 3.128928 1.235041
v -0.082558 3.100444 1.296455
v -0.069475 3.072981 1.346618
v -0.096302 3.146104 1.183844
v -0.099711 3.152486 1.176711
v -0.043663 3.066200 1.364856
v -0.045872 3.090064 1.378747
v -0.064234 3.069150 1.336445
v -0.040595 3.062677 1.354778
v -0.000000 3.062804 1.374469
v 0.000000 3.091978 1.391697
v 0.045872 3.090064 1.378747
v -0.000000 3.059118 1.366153
v 0.043663 3.066200 1.364856
v 0.069258 3.097004 1.359114
v 0.000000 3.060505 1.360343
v 0.069654 3.072804 1.346887
v 0.085214 3.124405 1.312835
v 0.040595 3.062677 1.354778
v 0.088366 3.107705 1.302082
v 0.097777 3.159436 1.250422
v 0.064311 3.069071 1.336398
v 0.036937 3.064256 1.347589
v -0.036937 3.064256 1.347589
v -0.000000 3.079830 1.354422
v -0.056373 3.071132 1.328962
v -0.030222 3.082886 1.342481
v -0.075282 3.099017 1.293441
v -0.059275 3.111081 1.292939
v -0.024653 3.100556 1.317562
v -0.067475 3.143053 1.236342
v -0.069438 3.161811 1.180695
v -0.035646 3.144223 1.231895
v -0.093660 3.148481 1.178495
v -0.070159 3.159938 1.175621
v -0.071061 3.161047 1.172917
v -0.037067 3.169952 1.172273
v -0.037722 3.173289 1.167234
v -0.038355 3.175566 1.163591
v -0.039643 3.179861 1.159211
v 0.000000 3.178253 1.164162
v 0.000000 3.181639 1.160890
v 0.039638 3.179800 1.159148
v 0.038357 3.175587 1.163613
v 0.073362 3.164272 1.169269
v 0.037722 3.173289 1.167234
v 0.071170 3.161106 1.172814
v 0.093705 3.148597 1.178721
v 0.099666 3.152371 1.176484
v 0.070159 3.159938 1.175621
v 0.037067 3.169952 1.172273
v 0.069438 3.161811 1.180695
v 0.095972 3.145627 1.183700
v 0.104134 3.149795 1.183751
v 0.035666 3.144109 1.231816
v 0.067272 3.142749 1.236243
v 0.089849 3.129539 1.235276
v 0.059329 3.111370 1.293097
v 0.024644 3.100248 1.317411
v -0.019564 3.094971 1.328436
v 0.000004 3.095338 1.332801
v 0.019564 3.094971 1.328435
v 0.030222 3.082886 1.342481
v 0.056373 3.071132 1.328962
v 0.075282 3.099017 1.293441
v 0.082319 3.100788 1.296618
v 0.103264 3.139370 1.244136
v 0.108799 3.155632 1.184528
v 0.103312 3.169322 1.193979
v 2.203446 1.119222 0.058783
v 2.289394 1.174592 0.023531
v 2.377553 1.211650 -0.087544
v 2.467973 1.282034 -0.121468
v 2.438273 1.146896 -0.074785
v 2.521831 1.207469 -0.119583
v 2.568330 1.120916 -0.113767
v 2.500453 1.070264 -0.049644
v 2.580488 1.093172 -0.105403
v 2.545746 1.054312 -0.047307
v 2.595153 1.058912 -0.110828
v 2.632977 0.940463 -0.147638
v 2.626119 0.922324 -0.162428
v 2.587144 0.875599 -0.204236
v 2.571273 0.838956 -0.229648
v 2.510207 1.026455 0.004128
v 2.536464 1.011671 0.013563
v 2.431221 1.022086 0.068866
v 2.473122 0.999350 0.066287
v 2.575928 0.882347 -0.019528
v 2.522052 0.752753 -0.128762
v 2.457618 0.954407 0.140496
v 2.424174 0.968858 0.123602
v 2.483101 0.831626 0.112910
v 2.396070 0.942779 0.180393
v 2.477958 0.796769 0.088455
v 2.440367 0.700346 -0.002925
v 2.437495 0.667145 -0.020617
v 2.354120 0.898769 0.255345
v 2.352967 0.978951 0.146407
v 2.323551 0.925855 0.248484
v 2.274645 1.035486 0.090182
v 2.279276 0.963199 0.222223
v 2.194463 1.015404 0.147727
v 2.234510 0.981438 0.242098
v 2.378885 0.786175 0.225188
v 2.352129 0.670382 0.142421
v 2.336539 0.638986 0.109484
v 2.335668 0.603510 0.089511
v 2.162905 0.996699 0.173931
v 2.162666 0.916718 0.154226
v 2.173145 0.905798 0.134887
v 2.212269 0.862134 0.084597
v -2.203356 1.119287 0.058784
v -2.289305 1.174658 0.023531
v -2.377259 1.211504 -0.088434
v -2.468540 1.282557 -0.118748
v -2.437263 1.145829 -0.076768
v -2.521792 1.207974 -0.116295
v -2.567284 1.119497 -0.117045
v -2.502454 1.073533 -0.044568
v -2.580400 1.093237 -0.105403
v -2.546530 1.056980 -0.044809
v -2.595063 1.058979 -0.110828
v -2.632887 0.940530 -0.147638
v -2.626032 0.922390 -0.162428
v -2.587054 0.875667 -0.204237
v -2.571183 0.839022 -0.229648
v -2.509979 1.025449 0.003258
v -2.536503 1.012276 0.014460
v -2.431132 1.022152 0.068865
v -2.473033 0.999416 0.066286
v -2.575843 0.882414 -0.019528
v -2.521964 0.752820 -0.128762
v -2.457530 0.954474 0.140496
v -2.424086 0.968924 0.123602
v -2.483015 0.831692 0.112910
v -2.353218 0.978381 0.146523
v -2.477873 0.796836 0.088455
v -2.395132 0.939430 0.178029
v -2.354113 0.898059 0.254802
v -2.440281 0.700413 -0.002925
v -2.437407 0.667211 -0.020617
v -2.378797 0.786242 0.225188
v -2.323386 0.926200 0.248510
v -2.352043 0.670449 0.142421
v -2.336452 0.639053 0.109484
v -2.335579 0.603577 0.089511
v -2.280047 0.967356 0.224283
v -2.234066 0.979178 0.241117
v -2.274733 1.035210 0.090386
v -2.194286 1.015643 0.147625
v -2.162817 0.996766 0.173930
v -2.162579 0.916785 0.154226
v -2.172573 0.905278 0.135029
v -2.214295 0.862479 0.083333
v 0.000021 3.031890 1.256917
v -0.009996 3.032410 1.253181
v 0.009779 3.032111 1.252664
v -0.018516 3.075752 1.221616
v 0.018286 3.075899 1.221832
v -0.038082 3.101457 1.177574
v -0.017689 3.109744 1.181380
v 0.017889 3.109942 1.181582
v -0.036743 3.058891 1.212430
v 0.037500 3.100680 1.176856
v -0.032583 3.055729 1.208899
v -0.007295 3.036574 1.239735
v -0.042351 3.087239 1.167762
v 0.000000 3.036597 1.236158
v 0.007295 3.036574 1.239735
v 0.032583 3.055729 1.208899
v 0.036743 3.058891 1.212430
v 0.042351 3.087239 1.167762
v 0.040042 3.138963 1.126937
v 0.048218 3.129954 1.121430
v 0.051739 3.171826 1.042215
v 0.053565 3.211244 0.963963
v 0.042128 3.187695 1.050097
v 0.052642 3.218407 0.968340
v 0.036010 3.228586 0.945613
v 0.037778 3.219517 0.941073
v 0.025341 3.221356 0.933668
v 0.042700 3.220553 0.971649
v 0.024247 3.231225 0.939381
v 0.030234 3.228092 0.954155
v 0.000000 3.232990 0.934528
v 0.000000 3.222645 0.928065
v -0.025341 3.221356 0.933668
v -0.024247 3.231225 0.939381
v 0.000000 3.230386 0.947021
v -0.030234 3.228093 0.954155
v -0.036010 3.228586 0.945613
v -0.037778 3.219517 0.941073
v -0.053565 3.211244 0.963963
v -0.052642 3.218408 0.968340
v -0.042700 3.220554 0.971649
v -0.051739 3.171826 1.042215
v -0.042128 3.187695 1.050097
v -0.048218 3.129954 1.121430
v -0.040042 3.138963 1.126937
v -0.018140 3.189873 1.050398
v 0.000000 3.108775 1.180480
v 0.000000 3.188439 1.049763
v 0.018140 3.189873 1.050398
v -1.599576 2.599322 0.163777
v 0.906246 -0.043899 -0.322766
v 0.849685 -0.054246 -0.296538
v 0.831042 -0.030932 -0.448123
v 0.712135 -0.055739 -0.279466
v 0.653039 -0.037814 -0.282887
v 0.699706 -0.036964 -0.425030
v 0.684508 -0.056292 -0.595444
v 0.822530 -0.047567 -0.618995
v 0.783854 -0.036857 -0.799288
v 0.648713 -0.047353 -0.776991
v 0.102413 3.120761 1.075919
v 0.101280 3.115722 1.131848
v 0.107457 3.136220 1.082964
v 0.095053 3.120636 1.134731
v 0.101738 3.144153 1.084578
v 0.075687 3.144270 1.082390
v 0.093508 3.077306 1.189053
v 0.074143 3.118766 1.130987
v 0.065906 3.146669 1.083127
v 0.074976 3.013201 1.269464
v 0.070930 2.991960 1.248337
v 0.062171 2.969703 1.266747
v 0.068370 3.021091 1.272660
v 0.067232 2.994722 1.297709
v 0.037572 2.951163 1.277390
v 0.066262 3.077027 1.184234
v 0.037773 2.978427 1.315245
v 0.000000 2.939331 1.278087
v 0.060778 3.004702 1.298207
v 0.035307 2.989642 1.316699
v 0.000000 2.970899 1.317701
v 0.052668 3.026013 1.265895
v -0.037773 2.978427 1.315245
v -0.037572 2.951163 1.277390
v -0.000000 2.980063 1.318269
v -0.067232 2.994722 1.297709
v -0.062171 2.969703 1.266747
v -0.035307 2.989641 1.316699
v 0.022928 3.004705 1.300485
v -0.022928 3.004705 1.300485
v 0.039916 3.015610 1.284092
v 0.000000 2.991423 1.307562
v 0.000000 2.990726 1.300290
v 0.035628 3.013289 1.277960
v 0.000000 3.001333 1.260957
v 0.048422 3.024931 1.261385
v -0.000583 3.015611 1.252630
v -0.035360 3.014110 1.278491
v -0.039916 3.015610 1.284092
v -0.060778 3.004702 1.298207
v -0.052668 3.026013 1.265895
v -0.068370 3.021091 1.272660
v 0.000584 3.024154 1.239541
v -0.048626 3.024352 1.261021
v -0.066262 3.077027 1.184234
v -0.060032 3.072459 1.179875
v 0.060032 3.072459 1.179875
v 0.066204 3.111785 1.125427
v 0.000000 3.151044 1.064180
v -0.065906 3.146669 1.083127
v -0.066204 3.111785 1.125427
v -0.074143 3.118766 1.130987
v -0.075687 3.144270 1.082390
v -0.095053 3.120636 1.134731
v -0.101738 3.144153 1.084577
v -0.107457 3.136220 1.082964
v -0.093508 3.077306 1.189053
v -0.101280 3.115722 1.131848
v -0.102413 3.120761 1.075919
v -0.074976 3.013200 1.269464
v -0.070930 2.991960 1.248337
v -0.881407 0.559799 -0.595415
v -0.900512 0.499442 -0.606268
v -0.854491 0.502874 -0.813977
v -0.653039 -0.037814 -0.282887
v -0.712135 -0.055739 -0.279466
v -0.699706 -0.036964 -0.425030
v -0.849685 -0.054246 -0.296538
v -0.906246 -0.043899 -0.322766
v -0.831042 -0.030931 -0.448123
v -0.684508 -0.056291 -0.595444
v -0.822530 -0.047567 -0.618995
v -0.648713 -0.047353 -0.776991
v -0.783854 -0.036858 -0.799288
v -0.271794 3.571137 0.965784
v -0.270570 3.542918 0.980888
v -0.267856 3.592710 1.020070
v -0.265714 3.542467 1.014503
v -0.268070 3.633947 1.066525
v -0.254884 3.588311 1.031087
v -0.257633 3.621703 1.069022
v -0.250546 3.655666 1.103280
v -0.246120 3.639128 1.098536
v -0.216893 3.628856 1.069161
v -0.208626 3.587538 1.064319
v -0.178449 3.600285 1.105706
v -0.219902 3.642862 1.115700
v -0.195416 3.634459 1.112878
v -0.161278 3.611565 1.112916
v -0.187676 3.645329 1.119863
v -0.219160 3.657518 1.121296
v 1.855068 1.973657 0.146424
v 2.064140 1.675166 0.170140
v -1.854979 1.973722 0.146424
v -2.064054 1.675233 0.170140
v -0.034942 2.991112 1.268391
v -0.000000 2.982411 1.263767
v -0.000000 3.034528 1.207141
v 0.034942 2.991112 1.268391
v 0.051156 3.092846 1.130222
v 0.088116 3.111559 1.115850
v 0.087047 3.152410 1.031662
v 0.054348 3.166484 0.989075
v 0.021217 3.125704 1.082718
v 0.021449 3.175101 0.973646
v 0.000000 3.120679 1.090540
v 0.000002 3.177295 0.970020
v -0.021487 3.175118 0.973556
v -0.021033 3.126888 1.083398
v -0.054348 3.166484 0.989075
v -0.051156 3.092845 1.130222
v -0.087590 3.150344 1.030446
v -0.088321 3.110063 1.115017
v 2.483471 1.807533 0.176640
v 2.484154 1.913751 -0.035610
v 2.461951 1.916548 0.170134
v 2.542329 1.829978 -0.029327
v 2.467421 1.812135 0.385936
v 2.430855 1.786760 0.386171
v 2.520125 1.832776 0.176416
v 2.409247 1.895908 0.379653
v 2.364370 1.763401 -0.161700
v 2.311793 1.747107 -0.132266
v 2.319426 1.727719 -0.139380
v 2.353810 1.780318 -0.152875
v 2.318773 1.761957 -0.118034
v 2.353677 1.790019 -0.133201
v 2.335835 1.764245 -0.104876
v 2.364262 1.786512 -0.114296
v 2.353546 1.752090 -0.099992
v 2.389612 1.755237 -0.116139
v 2.361168 1.732697 -0.107284
v 2.389735 1.745541 -0.135794
v 2.354177 1.717867 -0.121490
v 2.379190 1.749002 -0.154708
v 2.337128 1.715571 -0.134680
v 2.392706 1.786730 -0.163723
v 2.380489 1.802318 -0.154477
v 2.382886 1.801937 -0.114138
v 2.379051 1.772137 -0.107376
v 2.408289 1.770609 -0.115961
v 2.412372 1.764282 -0.136482
v 2.405913 1.770975 -0.156284
v 2.424000 1.811703 -0.156700
v 2.410104 1.825915 -0.147640
v 2.401937 1.828938 -0.127611
v 2.404290 1.818980 -0.108281
v 2.396081 1.786178 -0.106723
v 2.429714 1.787623 -0.110095
v 2.435507 1.794591 -0.149453
v 2.453971 1.835054 -0.138128
v 2.438102 1.847764 -0.130112
v 2.425251 1.847189 -0.112417
v 2.423024 1.833582 -0.095431
v 2.415799 1.801844 -0.101037
v 2.448498 1.802302 -0.097106
v 2.461354 1.802886 -0.114832
v 2.463575 1.816493 -0.131798
v 2.480642 1.855234 -0.107143
v 2.462947 1.866581 -0.101179
v 2.439206 1.845913 -0.075790
v 2.432630 1.815022 -0.089113
v 2.464831 1.814694 -0.077265
v 2.488565 1.835371 -0.102654
v 2.479287 1.878424 -0.067101
v 2.459344 1.872559 -0.060312
v 2.450078 1.853775 -0.054047
v 2.456870 1.833114 -0.051963
v 2.447149 1.826059 -0.071318
v 2.475770 1.822651 -0.055293
v 2.495713 1.828512 -0.062082
v 2.504985 1.847292 -0.068350
v 2.498187 1.867961 -0.070429
v 2.485285 1.881995 -0.028619
v 2.464424 1.875536 -0.029095
v 2.454206 1.856255 -0.029976
v 2.460635 1.835353 -0.030741
v 2.479993 1.825172 -0.030959
v 2.500855 1.831632 -0.030485
v 2.511075 1.850916 -0.029604
v -2.514149 1.826738 0.176635
v -2.531499 1.708195 -0.033563
v -2.568431 1.748586 0.182502
v 1.497888 1.845379 0.389621
v 1.535403 1.882929 0.337608
v 1.516058 1.911850 0.334683
v 1.627522 1.637289 0.417797
v 1.813068 1.695388 0.474093
v 1.720644 1.621522 0.355189
v 1.719760 1.710990 0.536948
v 1.630752 1.666977 0.396937
v 1.722967 1.740672 0.516111
v 1.528266 1.832704 0.373965
v 1.589999 1.919009 0.508914
v 2.504632 1.871805 -0.028836
v 1.620367 1.906343 0.493262
v 1.608000 1.985229 0.454262
v 1.627370 1.956310 0.457166
v 1.705310 1.652091 0.348102
v 1.797733 1.725950 0.467011
v -1.497888 1.845379 0.389621
v -1.535403 1.882929 0.337608
v -1.528266 1.832704 0.373965
v -1.627522 1.637289 0.417797
v -1.813068 1.695388 0.474093
v -1.719760 1.710990 0.536948
v -1.630752 1.666977 0.396937
v -1.722967 1.740671 0.516111
v -1.620367 1.906343 0.493262
v -1.589999 1.919009 0.508914
v -1.608000 1.985229 0.454262
v -1.627370 1.956310 0.457166
v -1.705310 1.652091 0.348102
v -1.797733 1.725950 0.467011
v -1.516058 1.911850 0.334683
v -1.720644 1.621522 0.355189
vt 0.606683 0.669823
vt 0.607683 0.668902
vt 0.617440 0.669691
vt 0.464044 0.520988
vt 0.463591 0.514375
vt 0.460290 0.543940
vt 0.081979 0.935987
vt 0.092432 0.943531
vt 0.083697 0.934782
vt 0.029731 0.436855
vt 0.028860 0.433489
vt 0.029974 0.437321
vt 0.058666 0.351518
vt 0.059217 0.351459
vt 0.058721 0.351311
vt 0.498775 0.391088
vt 0.461711 0.360887
vt 0.507607 0.365855
vt 0.916016 0.037430
vt 0.953496 0.040378
vt 0.916414 0.038267
vt 0.015603 0.359823
vt 0.018583 0.358369
vt 0.015423 0.358557
vt 0.759394 0.309020
vt 0.740350 0.302513
vt 0.754069 0.322679
vt 0.932245 0.982957
vt 0.934452 0.967171
vt 0.932681 0.950778
vt 0.015750 0.858370
vt 0.014230 0.862123
vt 0.018549 0.860065
vt 0.682321 0.625479
vt 0.645494 0.661274
vt 0.671395 0.642982
vt 0.920652 0.920984
vt 0.916499 0.930166
vt 0.920500 0.921139
vt 0.929237 0.930166
vt 0.925084 0.920984
vt 0.925236 0.921140
vt 0.065618 0.858930
vt 0.059211 0.868141
vt 0.057678 0.866999
vt 0.065248 0.858668
vt 0.063619 0.929616
vt 0.052931 0.933545
vt 0.064154 0.928519
vt 0.066040 0.858952
vt 0.055354 0.862888
vt 0.066573 0.857855
vt 0.876689 0.216725
vt 0.913784 0.216868
vt 0.912697 0.220794
vt 0.876067 0.220677
vt 0.039698 0.387174
vt 0.039182 0.386678
vt 0.038895 0.386559
vt 0.069873 0.788296
vt 0.059271 0.792449
vt 0.070386 0.787189
vt 0.803002 0.227301
vt 0.766871 0.227330
vt 0.766894 0.230031
vt 0.802814 0.229994
vt 0.657644 0.221102
vt 0.658496 0.228154
vt 0.622437 0.228594
vt 0.621027 0.221550
vt 0.066500 0.718667
vt 0.055784 0.722525
vt 0.067041 0.717573
vt 0.581131 0.048246
vt 0.621753 0.098924
vt 0.584954 0.102743
vt 0.063850 0.869355
vt 0.065618 0.858930
vt 0.059211 0.868141
vt 0.088443 0.944250
vt 0.080920 0.937360
vt 0.089941 0.945818
vt 0.035724 0.815588
vt 0.011154 0.823083
vt 0.019628 0.832295
vt 0.052931 0.933545
vt 0.063619 0.929616
vt 0.064154 0.928519
vt 0.693850 0.174619
vt 0.730451 0.166618
vt 0.694278 0.167025
vt 0.055354 0.862888
vt 0.066040 0.858952
vt 0.066573 0.857855
vt 0.978543 0.242189
vt 0.944178 0.234295
vt 0.943565 0.238400
vt 0.059271 0.792449
vt 0.069873 0.788296
vt 0.070386 0.787189
vt 0.055784 0.722525
vt 0.066500 0.718667
vt 0.067041 0.717573
vt 0.063850 0.869355
vt 0.080920 0.937360
vt 0.088443 0.944250
vt 0.089941 0.945818
vt 0.922868 0.920427
vt 0.922868 0.920694
vt 0.727872 0.651897
vt 0.722105 0.658767
vt 0.729233 0.658287
vt 0.107333 0.366942
vt 0.107892 0.366910
vt 0.107402 0.366736
vt 0.838960 0.166530
vt 0.803030 0.174050
vt 0.839454 0.174073
vt 0.656983 0.217147
vt 0.619913 0.217657
vt 0.621027 0.221550
vt 0.657644 0.221102
vt 0.803030 0.174050
vt 0.839869 0.177942
vt 0.803229 0.177993
vt 0.802781 0.166438
vt 0.838960 0.166530
vt 0.839454 0.174073
vt 0.760509 0.721257
vt 0.761308 0.721393
vt 0.759970 0.719425
vt 0.012124 0.239405
vt 0.020519 0.249544
vt 0.016242 0.237451
vt 0.089632 0.944531
vt 0.744034 0.712215
vt 0.736079 0.710041
vt 0.737714 0.714261
vt 0.687794 0.715764
vt 0.689963 0.717022
vt 0.688970 0.715698
vt 0.968053 0.996222
vt 0.964444 0.988400
vt 0.963153 0.995850
vt 0.089632 0.944531
vt 0.033396 0.775255
vt 0.038583 0.752271
vt 0.042966 0.755095
vt 0.089326 0.944613
vt 0.084865 0.934038
vt 0.089675 0.945696
vt 0.897872 0.866938
vt 0.893073 0.868797
vt 0.893919 0.870320
vt 0.736667 0.862857
vt 0.719986 0.821235
vt 0.719557 0.862642
vt 0.355159 0.218616
vt 0.347900 0.213269
vt 0.348540 0.225485
vt 0.378930 0.217818
vt 0.389190 0.233302
vt 0.385627 0.208421
vt 0.057678 0.866999
vt 0.088909 0.376699
vt 0.094772 0.378257
vt 0.092542 0.374145
vt 0.963055 0.382997
vt 0.990967 0.401550
vt 0.960768 0.361350
vt 0.066079 0.718641
vt 0.066935 0.717457
vt 0.065710 0.718377
vt 0.047341 0.825348
vt 0.038265 0.845735
vt 0.057472 0.806969
vt 0.066733 0.719058
vt 0.066935 0.717457
vt 0.434942 0.237016
vt 0.438939 0.263496
vt 0.442003 0.247737
vt 0.825283 0.429011
vt 0.788699 0.400424
vt 0.780396 0.415977
vt 0.693718 0.750495
vt 0.661967 0.789042
vt 0.685548 0.788640
vt 0.623709 0.114127
vt 0.659718 0.111403
vt 0.660753 0.125170
vt 0.625220 0.127843
vt 0.011813 0.871067
vt 0.011026 0.870947
vt 0.010646 0.871033
vt 0.015107 0.807539
vt 0.016409 0.798677
vt 0.015047 0.806918
vt 0.048208 0.946173
vt 0.055252 0.937658
vt 0.060435 0.818495
vt 0.069446 0.819660
vt 0.067270 0.830106
vt 0.021297 0.715130
vt 0.019969 0.725375
vt 0.024258 0.716255
vt 0.466459 0.169278
vt 0.461778 0.508737
vt 0.447934 0.514014
vt 0.482839 0.571119
vt 0.477747 0.545133
vt 0.490089 0.575394
vt 0.084865 0.934038
vt 0.089326 0.944613
vt 0.089675 0.945696
vt 0.050790 0.850345
vt 0.065688 0.842254
vt 0.728841 0.008561
vt 0.766363 0.008231
vt 0.766273 0.005471
vt 0.377948 0.207963
vt 0.069817 0.750690
vt 0.066733 0.719058
vt 0.065134 0.749966
vt 0.769830 0.296699
vt 0.797614 0.299777
vt 0.775363 0.287968
vt 0.011018 0.434459
vt 0.008686 0.449231
vt 0.015104 0.435501
vt 0.461760 0.873089
vt 0.452571 0.861783
vt 0.452571 0.873089
vt 0.121377 0.592425
vt 0.081682 0.628471
vt 0.113246 0.637609
vt 0.042966 0.755095
vt 0.044443 0.744079
vt 0.038583 0.752271
vt 0.034671 0.928177
vt 0.035268 0.927232
vt 0.035076 0.927578
vt 0.801886 0.150598
vt 0.837498 0.159214
vt 0.802050 0.159024
vt 0.553589 0.124500
vt 0.588088 0.117962
vt 0.590459 0.131638
vt 0.556720 0.138024
vt 0.043260 0.991254
vt 0.050827 0.948020
vt 0.053547 0.959608
vt 0.048533 0.814309
vt 0.037835 0.800159
vt 0.489329 0.850476
vt 0.489329 0.861783
vt 0.498518 0.861783
vt 0.515865 0.370258
vt 0.507392 0.398560
vt 0.529938 0.622617
vt 0.442590 0.438332
vt 0.539752 0.656771
vt 0.044171 0.884524
vt 0.024870 0.910587
vt 0.038359 0.892745
vt 0.022410 0.981222
vt 0.035913 0.963391
vt 0.040315 0.966189
vt 0.030829 0.986385
vt 0.600995 0.630386
vt 0.627846 0.620834
vt 0.608247 0.614806
vt 0.985902 0.409619
vt 0.942996 0.436867
vt 0.981573 0.425497
vt 0.420968 0.180207
vt 0.426950 0.167743
vt 0.430143 0.179727
vt 0.960120 0.879512
vt 0.969344 0.864604
vt 0.960817 0.861178
vt 0.880920 0.328329
vt 0.856468 0.340838
vt 0.881679 0.341111
vt 0.026107 0.206437
vt 0.019097 0.216664
vt 0.029509 0.209364
vt 0.420824 0.116748
vt 0.422422 0.074277
vt 0.446850 0.112568
vt 0.766617 0.166414
vt 0.802781 0.166438
vt 0.442307 0.236076
vt 0.449753 0.254472
vt 0.465063 0.184647
vt 0.475823 0.179859
vt 0.455511 0.178564
vt 0.262659 0.848205
vt 0.320089 0.844185
vt 0.290831 0.880895
vt 0.924118 0.900800
vt 0.921297 0.891042
vt 0.922582 0.900633
vt 0.488607 0.233225
vt 0.486919 0.223321
vt 0.493136 0.231063
vt 0.718321 0.933079
vt 0.762061 0.994810
vt 0.744616 0.927330
vt 0.355591 0.231103
vt 0.355159 0.218616
vt 0.359757 0.223377
vt 0.391144 0.272294
vt 0.390569 0.261975
vt 0.394103 0.270101
vt 0.598833 0.670121
vt 0.562576 0.652673
vt 0.580021 0.682181
vt 0.009014 0.359483
vt 0.012082 0.360933
vt 0.432242 0.473735
vt 0.605321 0.700516
vt 0.612793 0.681836
vt 0.179473 0.487388
vt 0.223990 0.451812
vt 0.193214 0.452614
vt 0.478325 0.203188
vt 0.475823 0.179859
vt 0.485749 0.198818
vt 0.977124 0.985251
vt 0.986272 0.981884
vt 0.982868 0.977613
vt 0.025207 0.259099
vt 0.025251 0.248831
vt 0.024944 0.258709
vt 0.877645 0.091505
vt 0.841530 0.035760
vt 0.878996 0.036755
vt 0.965448 0.346444
vt 0.952526 0.341663
vt 0.958369 0.350000
vt 0.452571 0.816558
vt 0.461760 0.827864
vt 0.461760 0.816558
vt 0.841251 0.635135
vt 0.833548 0.619883
vt 0.823927 0.645748
vt 0.382976 0.257883
vt 0.390569 0.261975
vt 0.389250 0.254598
vt 0.625340 0.590031
vt 0.607037 0.600129
vt 0.217233 0.391782
vt 0.199399 0.408441
vt 0.230017 0.417414
vt 0.054736 0.287325
vt 0.052688 0.289670
vt 0.056319 0.289069
vt 0.638250 0.592018
vt 0.633859 0.603633
vt 0.638395 0.606112
vt 0.632699 0.622892
vt 0.627262 0.605371
vt 0.366318 0.178758
vt 0.375395 0.168427
vt 0.376885 0.182219
vt 0.209987 0.729967
vt 0.147070 0.824195
vt 0.190095 0.783304
vt 0.632800 0.640260
vt 0.624254 0.642999
vt 0.374488 0.507174
vt 0.346396 0.556711
vt 0.350505 0.509198
vt 0.613749 0.665094
vt 0.615673 0.671721
vt 0.339495 0.277648
vt 0.353777 0.322705
vt 0.324528 0.287415
vt 0.626356 0.669154
vt 0.943639 0.879610
vt 0.932742 0.866588
vt 0.897406 0.501845
vt 0.856513 0.459784
vt 0.853941 0.491812
vt 0.923387 0.298416
vt 0.910101 0.305737
vt 0.921818 0.308443
vt 0.740350 0.302513
vt 0.728225 0.267443
vt 0.745974 0.292855
vt 0.664249 0.658398
vt 0.647083 0.668737
vt 0.665011 0.667879
vt 0.649734 0.675674
vt 0.680193 0.651145
vt 0.798838 0.663346
vt 0.763005 0.626522
vt 0.773439 0.644292
vt 0.033760 0.870166
vt 0.026004 0.495636
vt 0.029534 0.501717
vt 0.026684 0.491945
vt 0.689740 0.714754
vt 0.691129 0.713783
vt 0.689900 0.713141
vt 0.761208 0.723956
vt 0.755643 0.725513
vt 0.762194 0.726182
vt 0.378604 0.640440
vt 0.594650 0.947837
vt 0.346604 0.607341
vt 0.812554 0.695150
vt 0.782805 0.688057
vt 0.795100 0.707412
vt 0.970440 0.727266
vt 0.980521 0.703586
vt 0.992214 0.719344
vt 0.823119 0.733607
vt 0.769911 0.727465
vt 0.767361 0.716993
vt 0.766053 0.724008
vt 0.016275 0.453771
vt 0.019504 0.447344
vt 0.017067 0.450025
vt 0.463591 0.514375
vt 0.479785 0.506387
vt 0.477126 0.513577
vt 0.967166 0.879920
vt 0.959603 0.886635
vt 0.029770 0.436974
vt 0.030023 0.437280
vt 0.749105 0.799847
vt 0.738727 0.791688
vt 0.730352 0.820367
vt 0.334874 0.232461
vt 0.340937 0.235683
vt 0.329351 0.245192
vt 0.467691 0.606831
vt 0.657733 0.913412
vt 0.809502 0.780911
vt 0.870579 0.786924
vt 0.817470 0.753592
vt 0.694278 0.167025
vt 0.693850 0.174619
vt 0.657328 0.175132
vt 0.658103 0.167535
vt 0.020270 0.796002
vt 0.019572 0.784881
vt 0.017183 0.794707
vt 0.762368 0.731304
vt 0.753195 0.730453
vt 0.049211 0.381883
vt 0.054803 0.373714
vt 0.047846 0.379014
vt 0.751471 0.717696
vt 0.754763 0.719199
vt 0.752019 0.717587
vt 0.910188 0.402980
vt 0.891265 0.358211
vt 0.884912 0.374343
vt 0.283095 0.706737
vt 0.306962 0.652814
vt 0.337193 0.659468
vt 0.776325 0.810504
vt 0.796338 0.820047
vt 0.787217 0.810826
vt 0.757238 0.722123
vt 0.760679 0.722057
vt 0.714006 0.793130
vt 0.720682 0.754626
vt 0.711727 0.760245
vt 0.453902 0.591714
vt 0.346604 0.607341
vt 0.373200 0.595736
vt 0.083917 0.316054
vt 0.087457 0.309681
vt 0.081439 0.315304
vt 0.026484 0.360749
vt 0.018706 0.360096
vt 0.829631 0.413916
vt 0.860247 0.439517
vt 0.825283 0.429011
vt 0.256961 0.685075
vt 0.209987 0.729967
vt 0.193082 0.703214
vt 0.676356 0.804331
vt 0.673438 0.825529
vt 0.688227 0.816635
vt 0.108850 0.509972
vt 0.156460 0.557137
vt 0.131906 0.549843
vt 0.408160 0.194115
vt 0.420968 0.180207
vt 0.410112 0.181947
vt 0.097628 0.315105
vt 0.086689 0.323443
vt 0.099014 0.318116
vt 0.419732 0.034409
vt 0.759726 0.801657
vt 0.751977 0.817192
vt 0.946563 0.956800
vt 0.948250 0.966387
vt 0.951963 0.961346
vt 0.686893 0.714432
vt 0.677839 0.798687
vt 0.680867 0.800937
vt 0.017707 0.325055
vt 0.021748 0.318326
vt 0.019016 0.321103
vt 0.081455 0.375538
vt 0.086230 0.368067
vt 0.081843 0.366209
vt 0.670048 0.804886
vt 0.675129 0.802472
vt 0.668345 0.797317
vt 0.664024 0.805511
vt 0.021023 0.342527
vt 0.023699 0.340000
vt 0.020591 0.340216
vt 0.656240 0.802826
vt 0.794463 0.801687
vt 0.784339 0.804165
vt 0.409721 0.208891
vt 0.415086 0.218109
vt 0.415054 0.217652
vt 0.691504 0.799391
vt 0.685020 0.793574
vt 0.946140 0.844175
vt 0.941865 0.864242
vt 0.950478 0.861042
vt 0.021781 0.363120
vt 0.665510 0.793192
vt 0.921563 0.310540
vt 0.679471 0.790926
vt 0.359876 0.147345
vt 0.362291 0.164378
vt 0.366318 0.178758
vt 0.226550 0.528337
vt 0.211128 0.480736
vt 0.195556 0.521831
vt 0.293402 0.429709
vt 0.317292 0.395313
vt 0.320297 0.432206
vt 0.096869 0.684321
vt 0.081682 0.628471
vt 0.113246 0.637609
vt 0.768884 0.679294
vt 0.764705 0.693778
vt 0.334922 0.127479
vt 0.351758 0.035272
vt 0.336076 0.113055
vt 0.661857 0.714781
vt 0.624510 0.751484
vt 0.666070 0.733001
vt 0.876675 0.178561
vt 0.912681 0.175035
vt 0.913795 0.178883
vt 0.542070 0.497626
vt 0.536883 0.475311
vt 0.546175 0.491046
vt 0.672359 0.726618
vt 0.095815 0.937723
vt 0.780727 0.715990
vt 0.767129 0.707518
vt 0.678339 0.692883
vt 0.660555 0.686662
vt 0.668633 0.697554
vt 0.911197 0.893125
vt 0.916736 0.892160
vt 0.915387 0.880787
vt 0.903503 0.660594
vt 0.895725 0.623422
vt 0.880662 0.656468
vt 0.756761 0.709241
vt 0.751094 0.707344
vt 0.971806 0.848147
vt 0.966158 0.836308
vt 0.965597 0.844431
vt 0.624910 0.234130
vt 0.659245 0.230871
vt 0.660287 0.233659
vt 0.866128 0.427760
vt 0.899353 0.454760
vt 0.922868 0.940521
vt 0.926156 0.967533
vt 0.925999 0.940388
vt 0.951154 0.095097
vt 0.677311 0.859870
vt 0.921359 0.922209
vt 0.685804 0.708580
vt 0.682305 0.713718
vt 0.686330 0.712509
vt 0.817788 0.671935
vt 0.820907 0.660338
vt 0.675113 0.716168
vt 0.679909 0.709889
vt 0.064241 0.729051
vt 0.065134 0.749966
vt 0.060534 0.739069
vt 0.896762 0.351509
vt 0.881679 0.341111
vt 0.892732 0.337837
vt 0.748885 0.712317
vt 0.751724 0.710882
vt 0.959452 0.335608
vt 0.969092 0.331513
vt 0.962098 0.319532
vt 0.896567 0.299870
vt 0.897543 0.309014
vt 0.680031 0.725567
vt 0.676257 0.723245
vt 0.014173 0.284084
vt 0.014476 0.283724
vt 0.015219 0.273863
vt 0.678498 0.737205
vt 0.689777 0.734766
vt 0.378604 0.640440
vt 0.713147 0.736058
vt 0.732244 0.620491
vt 0.748708 0.631417
vt 0.750838 0.626216
vt 0.308601 0.037338
vt 0.256594 0.020487
vt 0.032556 0.697994
vt 0.678899 0.721342
vt 0.681042 0.723364
vt 0.453871 0.460599
vt 0.474636 0.475008
vt 0.455066 0.477163
vt 0.050427 0.799418
vt 0.061677 0.796512
vt 0.681614 0.721496
vt 0.981774 0.460690
vt 0.948702 0.482299
vt 0.986257 0.478085
vt 0.299063 0.375575
vt 0.279125 0.401210
vt 0.769884 0.436942
vt 0.741878 0.399907
vt 0.780396 0.415977
vt 0.057472 0.806969
vt 0.061677 0.796512
vt 0.063231 0.797623
vt 0.744820 0.726260
vt 0.738108 0.720407
vt 0.741206 0.728252
vt 0.851432 0.360864
vt 0.817526 0.336325
vt 0.856570 0.345110
vt 0.891160 0.879324
vt 0.885735 0.900800
vt 0.888557 0.891042
vt 0.156746 0.180708
vt 0.238448 0.193084
vt 0.214657 0.215588
vt 0.200370 0.856836
vt 0.229871 0.812164
vt 0.704414 0.714042
vt 0.703875 0.720217
vt 0.713514 0.718746
vt 0.031159 0.784796
vt 0.022390 0.801281
vt 0.034343 0.786966
vt 0.702022 0.791433
vt 0.841471 0.011430
vt 0.878943 0.009771
vt 0.878967 0.012454
vt 0.710328 0.714733
vt 0.070113 0.788681
vt 0.070275 0.787076
vt 0.729714 0.760225
vt 0.728888 0.735919
vt 0.310589 0.181816
vt 0.315193 0.194165
vt 0.307541 0.189471
vt 0.891984 0.903709
vt 0.886662 0.902346
vt 0.897852 0.907510
vt 0.720311 0.793110
vt 0.726645 0.793179
vt 0.007458 0.659391
vt 0.488748 0.041424
vt 0.491240 0.014747
vt 0.488748 0.041424
vt 0.454991 0.009159
vt 0.449885 0.038558
vt 0.720992 0.719958
vt 0.078432 0.347019
vt 0.074764 0.352113
vt 0.077477 0.350461
vt 0.706193 0.709833
vt 0.578953 0.469164
vt 0.587483 0.468988
vt 0.581351 0.460996
vt 0.401293 0.269463
vt 0.397868 0.275934
vt 0.403814 0.272452
vt 0.729742 0.623301
vt 0.722778 0.617475
vt 0.722716 0.622226
vt 0.229871 0.812164
vt 0.219102 0.908384
vt 0.262659 0.848205
vt 0.034131 0.729658
vt 0.129697 0.860209
vt 0.165409 0.832942
vt 0.219102 0.908384
vt 0.049400 0.493638
vt 0.089813 0.468694
vt 0.060427 0.462056
vt 0.693879 0.717126
vt 0.691634 0.713496
vt 0.691866 0.717110
vt 0.347238 0.158534
vt 0.342909 0.173877
vt 0.353152 0.171768
vt 0.220422 0.423933
vt 0.250306 0.425163
vt 0.240104 0.435409
vt 0.167660 0.294590
vt 0.176811 0.363189
vt 0.109204 0.825727
vt 0.854998 0.319973
vt 0.880063 0.309268
vt 0.855044 0.312152
vt 0.018572 0.493182
vt 0.011869 0.488071
vt 0.009728 0.492031
vt 0.951440 0.216877
vt 0.990957 0.197176
vt 0.989863 0.174623
vt 0.951485 0.178612
vt 0.883634 0.946767
vt 0.889962 0.942350
vt 0.883634 0.944603
vt 0.681077 0.720738
vt 0.680464 0.720850
vt 0.184643 0.573881
vt 0.150943 0.605163
vt 0.751173 0.384317
vt 0.741878 0.399907
vt 0.017807 0.241802
vt 0.022532 0.249071
vt 0.020919 0.240978
vt 0.468629 0.123361
vt 0.487248 0.111859
vt 0.485432 0.122990
vt 0.062601 0.900696
vt 0.064974 0.890296
vt 0.055989 0.888950
vt 0.755520 0.715086
vt 0.752650 0.715362
vt 0.754597 0.716417
vt 0.214657 0.215588
vt 0.294655 0.303022
vt 0.238448 0.193084
vt 0.744656 0.708667
vt 0.751081 0.699431
vt 0.738320 0.702974
vt 0.704211 0.702712
vt 0.697767 0.708274
vt 0.314511 0.139858
vt 0.334922 0.127479
vt 0.333117 0.144020
vt 0.623709 0.114127
vt 0.625220 0.127843
vt 0.660753 0.125170
vt 0.659718 0.111403
vt 0.064974 0.890296
vt 0.053260 0.877365
vt 0.060219 0.879407
vt 0.057783 0.950067
vt 0.062530 0.960959
vt 0.129137 0.453531
vt 0.149153 0.484048
vt 0.160276 0.453741
vt 0.018694 0.865282
vt 0.020819 0.855965
vt 0.630787 0.692866
vt 0.627433 0.677715
vt 0.247603 0.760503
vt 0.283095 0.706737
vt 0.866201 0.629891
vt 0.860587 0.647803
vt 0.391144 0.272294
vt 0.397386 0.270064
vt 0.394103 0.270101
vt 0.750969 0.647871
vt 0.754564 0.660427
vt 0.053267 0.286404
vt 0.057633 0.279803
vt 0.050882 0.285377
vt 0.017894 0.274404
vt 0.020360 0.266514
vt 0.387611 0.194708
vt 0.398518 0.183157
vt 0.397623 0.193813
vt 0.701004 0.640005
vt 0.693635 0.647167
vt 0.689659 0.659678
vt 0.046608 0.362447
vt 0.039930 0.377992
vt 0.044148 0.375931
vt 0.683223 0.633717
vt 0.696471 0.630777
vt 0.694498 0.625507
vt 0.713235 0.620252
vt 0.695266 0.619847
vt 0.945889 0.319197
vt 0.959452 0.335608
vt 0.933744 0.312700
vt 0.326553 0.155479
vt 0.313324 0.150452
vt 0.307999 0.160155
vt 0.359643 0.114632
vt 0.383266 0.035426
vt 0.383640 0.077177
vt 0.321030 0.164435
vt 0.301362 0.178707
vt 0.326553 0.155479
vt 0.776120 0.733984
vt 0.250306 0.425163
vt 0.250353 0.377073
vt 0.715648 0.623124
vt 0.141966 0.514931
vt 0.124543 0.478286
vt 0.108850 0.509972
vt 0.083661 0.384137
vt 0.081652 0.387258
vt 0.716074 0.632101
vt 0.726314 0.415810
vt 0.675669 0.404001
vt 0.703634 0.440378
vt 0.750221 0.620545
vt 0.769286 0.807881
vt 0.765433 0.803359
vt 0.764156 0.805193
vt 0.084230 0.947797
vt 0.090466 0.945138
vt 0.348814 0.005540
vt 0.382441 0.003653
vt 0.761867 0.634734
vt 0.887271 0.900633
vt 0.764338 0.652155
vt 0.017245 0.319376
vt 0.028289 0.312213
vt 0.024945 0.309110
vt 0.030375 0.929286
vt 0.034443 0.927488
vt 0.025670 0.927567
vt 0.010897 0.424257
vt 0.016954 0.423808
vt 0.013857 0.420612
vt 0.516320 0.543695
vt 0.527995 0.523716
vt 0.525937 0.543510
vt 0.743869 0.640509
vt 0.729291 0.634419
vt 0.743143 0.643071
vt 0.359712 0.195425
vt 0.374724 0.190400
vt 0.369313 0.201217
vt 0.279125 0.401210
vt 0.317292 0.395313
vt 0.299063 0.375575
vt 0.618181 0.044001
vt 0.581523 0.047200
vt 0.706928 0.653273
vt 0.695879 0.651772
vt 0.704486 0.660992
vt 0.583688 0.175403
vt 0.586161 0.167240
vt 0.621989 0.168228
vt 0.620632 0.175854
vt 0.714996 0.658126
vt 0.716574 0.651772
vt 0.721922 0.668351
vt 0.501572 0.122888
vt 0.487248 0.111859
vt 0.485432 0.122990
vt 0.828813 0.675064
vt 0.845350 0.673969
vt 0.838835 0.673082
vt 0.739676 0.689646
vt 0.741368 0.669215
vt 0.369850 0.787820
vt 0.320089 0.844185
vt 0.386722 0.813099
vt 0.679062 0.717429
vt 0.683717 0.715487
vt 0.748566 0.652442
vt 0.750928 0.662770
vt 0.060219 0.879407
vt 0.942498 0.461489
vt 0.897938 0.474048
vt 0.290387 0.803027
vt 0.327383 0.734892
vt 0.029744 0.840747
vt 0.576239 0.625916
vt 0.582371 0.643852
vt 0.079069 0.718678
vt 0.122116 0.695354
vt 0.095829 0.728864
vt 0.685545 0.723135
vt 0.274496 0.226502
vt 0.674717 0.678241
vt 0.684092 0.682578
vt 0.344126 0.370848
vt 0.373229 0.436957
vt 0.341846 0.416753
vt 0.079172 0.378560
vt 0.078852 0.382483
vt 0.081084 0.380113
vt 0.042763 0.895540
vt 0.047551 0.886773
vt 0.800029 0.810194
vt 0.499671 0.545037
vt 0.489293 0.520032
vt 0.489700 0.544858
vt 0.489329 0.839170
vt 0.480140 0.827864
vt 0.480140 0.839170
vt 0.731712 0.714814
vt 0.728400 0.718799
vt 0.691456 0.706796
vt 0.070270 0.438365
vt 0.088343 0.418845
vt 0.063688 0.417486
vt 0.079524 0.324638
vt 0.080321 0.324674
vt 0.079805 0.324667
vt 0.744412 0.718313
vt 0.247000 0.478017
vt 0.289448 0.461420
vt 0.280855 0.492025
vt 0.377948 0.207963
vt 0.383190 0.193141
vt 0.014834 0.214496
vt 0.017135 0.206619
vt 0.018389 0.202170
vt 0.215445 0.338333
vt 0.175440 0.244367
vt 0.783031 0.827876
vt 0.927250 0.658146
vt 0.912917 0.626260
vt 0.421793 0.130001
vt 0.413768 0.148944
vt 0.403034 0.132511
vt 0.971577 0.988381
vt 0.972956 0.995809
vt 0.694619 0.227815
vt 0.659245 0.230871
vt 0.695081 0.230519
vt 0.748257 0.750668
vt 0.763582 0.737787
vt 0.752316 0.735064
vt 0.914345 0.092956
vt 0.876981 0.106869
vt 0.803914 0.008204
vt 0.841471 0.011430
vt 0.841454 0.008758
vt 0.917869 0.903710
vt 0.922127 0.901635
vt 0.116514 0.083793
vt 0.096630 0.065585
vt 0.097568 0.120678
vt 0.129967 0.358370
vt 0.123371 0.363880
vt 0.125078 0.365037
vt 0.193082 0.703214
vt 0.256961 0.685075
vt 0.729017 0.632263
vt 0.122407 0.359365
vt 0.129352 0.352515
vt 0.324528 0.287415
vt 0.293177 0.215011
vt 0.274496 0.226502
vt 0.418295 0.168305
vt 0.912078 0.121940
vt 0.876497 0.120645
vt 0.817170 0.648659
vt 0.524619 0.502053
vt 0.516273 0.512250
vt 0.520827 0.483009
vt 0.104775 0.944643
vt 0.131946 0.967631
vt 0.122276 0.977659
vt 0.709671 0.820200
vt 0.451801 0.543192
vt 0.454442 0.520082
vt 0.055989 0.888950
vt 0.062601 0.900696
vt 0.717120 0.999149
vt 0.692205 0.926578
vt 0.672544 0.993432
vt 0.502218 0.512281
vt 0.489012 0.513700
vt 0.505949 0.523045
vt 0.165302 0.394696
vt 0.220422 0.423933
vt 0.187348 0.403052
vt 0.757863 0.720533
vt 0.753783 0.720626
vt 0.497844 0.570994
vt 0.490089 0.575394
vt 0.837871 0.703619
vt 0.908661 0.750805
vt 0.912417 0.718791
vt 0.311361 0.070272
vt 0.328696 0.036632
vt 0.332008 0.072266
vt 0.197858 0.623283
vt 0.173484 0.616537
vt 0.235828 0.633907
vt 0.876547 0.941673
vt 0.874917 0.945600
vt 0.877306 0.942350
vt 0.989517 0.041630
vt 0.988600 0.041316
vt 0.952863 0.039256
vt 0.953496 0.040378
vt 0.323324 0.004937
vt 0.308601 0.037338
vt 0.328696 0.036632
vt 0.254299 0.321079
vt 0.215445 0.338333
vt 0.085288 0.442181
vt 0.063688 0.417486
vt 0.088343 0.418845
vt 0.028719 0.501993
vt 0.029267 0.501762
vt 0.028707 0.501777
vt 0.759278 0.683415
vt 0.664087 0.809319
vt 0.656936 0.826486
vt 0.374724 0.190400
vt 0.359712 0.195425
vt 0.369313 0.201217
vt 0.035724 0.815588
vt 0.048533 0.814309
vt 0.029744 0.840747
vt 0.211128 0.480736
vt 0.193214 0.452614
vt 0.223990 0.451812
vt 0.590137 0.608650
vt 0.546806 0.619869
vt 0.619287 0.731147
vt 0.570678 0.783160
vt 0.487641 0.619779
vt 0.436511 0.642322
vt 0.434257 0.704674
vt 0.468629 0.123361
vt 0.478680 0.138501
vt 0.915238 0.982594
vt 0.916499 0.987355
vt 0.917529 0.985923
vt 0.971856 0.757204
vt 0.986631 0.789467
vt 0.968733 0.789159
vt 0.236860 0.666823
vt 0.196018 0.666986
vt 0.763442 0.722047
vt 0.803115 0.612006
vt 0.809035 0.628698
vt 0.807616 0.609430
vt 0.804057 0.027390
vt 0.766695 0.029504
vt 0.766707 0.027314
vt 0.808246 0.646992
vt 0.832008 0.667049
vt 0.909164 0.876400
vt 0.898656 0.893125
vt 0.834362 0.669818
vt 0.829803 0.668554
vt 0.893386 0.693918
vt 0.436905 0.459856
vt 0.468895 0.175454
vt 0.457715 0.170391
vt 0.128869 0.069592
vt 0.096630 0.065585
vt 0.103913 0.049977
vt 0.816430 0.680269
vt 0.423507 0.150945
vt 0.883634 0.949018
vt 0.780087 0.659864
vt 0.796988 0.670695
vt 0.029536 0.429717
vt 0.024502 0.424073
vt 0.026176 0.427471
vt 0.794063 0.677475
vt 0.778999 0.669266
vt 0.688951 0.730097
vt 0.686562 0.725103
vt 0.945566 0.334877
vt 0.938362 0.328574
vt 0.014606 0.363641
vt 0.008867 0.359983
vt 0.311361 0.070272
vt 0.297817 0.112207
vt 0.315978 0.110439
vt 0.042763 0.895540
vt 0.021372 0.335970
vt 0.024782 0.334999
vt 0.009743 0.333199
vt 0.774338 0.698668
vt 0.958570 0.957244
vt 0.961297 0.927146
vt 0.948986 0.952091
vt 0.009895 0.940372
vt 0.028154 0.934471
vt 0.027161 0.932828
vt 0.021770 0.388189
vt 0.029869 0.390582
vt 0.030840 0.386307
vt 0.971856 0.757204
vt 0.992439 0.729824
vt 0.970440 0.727266
vt 0.450090 0.076157
vt 0.446850 0.112568
vt 0.469901 0.112266
vt 0.868129 0.414881
vt 0.910188 0.402980
vt 0.905041 0.425819
vt 0.900842 0.320143
vt 0.878690 0.317795
vt 0.984176 0.687990
vt 0.970235 0.700326
vt 0.980521 0.703586
vt 0.086134 0.322188
vt 0.080313 0.324889
vt 0.757278 0.478621
vt 0.696914 0.456286
vt 0.314825 0.337219
vt 0.287087 0.364098
vt 0.319711 0.344095
vt 0.020307 0.236578
vt 0.024995 0.236432
vt 0.305202 0.444652
vt 0.293402 0.429709
vt 0.266426 0.430918
vt 0.675551 0.706629
vt 0.892732 0.337837
vt 0.896762 0.351509
vt 0.027890 0.369624
vt 0.029901 0.365552
vt 0.830956 0.684913
vt 0.950128 0.512457
vt 0.891254 0.527621
vt 0.897406 0.501845
vt 0.245481 0.594174
vt 0.206482 0.579766
vt 0.333117 0.144020
vt 0.763366 0.718156
vt 0.901576 0.874345
vt 0.900689 0.876400
vt 0.904926 0.873704
vt 0.348540 0.225485
vt 0.347900 0.213269
vt 0.397868 0.275934
vt 0.175440 0.244367
vt 0.100271 0.238275
vt 0.131376 0.269188
vt 0.715727 0.634246
vt 0.701634 0.642551
vt 0.690760 0.710338
vt 0.760160 0.714421
vt 0.756134 0.713161
vt 0.190095 0.783304
vt 0.147070 0.824195
vt 0.060893 0.772457
vt 0.062779 0.760362
vt 0.045823 0.780197
vt 0.752536 0.713711
vt 0.338922 0.207756
vt 0.758704 0.716161
vt 0.761400 0.718904
vt 0.933099 0.938881
vt 0.761888 0.721527
vt 0.396923 0.253693
vt 0.403743 0.261631
vt 0.397225 0.259571
vt 0.753299 0.716424
vt 0.656676 0.179030
vt 0.618951 0.180324
vt 0.619550 0.179690
vt 0.375395 0.168427
vt 0.376885 0.182219
vt 0.750775 0.713989
vt 0.748271 0.717506
vt 0.750267 0.717570
vt 0.877871 0.934833
vt 0.872760 0.937216
vt 0.873595 0.938462
vt 0.064472 0.808869
vt 0.069446 0.819660
vt 0.067892 0.798743
vt 0.270582 0.543955
vt 0.226550 0.528337
vt 0.752543 0.721467
vt 0.925949 0.931392
vt 0.924376 0.922209
vt 0.073976 0.387274
vt 0.073674 0.387861
vt 0.074105 0.387486
vt 0.756692 0.723570
vt 0.512626 0.078900
vt 0.528194 0.046192
vt 0.478680 0.138501
vt 0.942498 0.461489
vt 0.986257 0.478085
vt 0.948702 0.482299
vt 0.730498 0.220437
vt 0.694115 0.220760
vt 0.056443 0.051239
vt 0.073520 0.039005
vt 0.028650 0.015129
vt 0.165157 0.517041
vt 0.901150 0.960111
vt 0.902550 0.972322
vt 0.907488 0.980765
vt 0.823746 0.318655
vt 0.854702 0.329036
vt 0.832805 0.402949
vt 0.496919 0.581046
vt 0.497844 0.570994
vt 0.739652 0.661414
vt 0.474636 0.475008
vt 0.453871 0.460599
vt 0.455066 0.477163
vt 0.564313 0.459488
vt 0.561183 0.471783
vt 0.565922 0.470460
vt 0.038265 0.845735
vt 0.542810 0.218768
vt 0.581241 0.198797
vt 0.542568 0.199362
vt 0.948933 0.818550
vt 0.941913 0.825728
vt 0.950138 0.822170
vt 0.096806 0.167463
vt 0.127711 0.147577
vt 0.048019 0.295144
vt 0.051558 0.289068
vt 0.182158 0.148983
vt 0.156746 0.180708
vt 0.933375 0.851422
vt 0.939836 0.847726
vt 0.750000 0.278823
vt 0.727138 0.258939
vt 0.755556 0.271815
vt 0.479785 0.506387
vt 0.457245 0.492400
vt 0.461778 0.508737
vt 0.912637 0.938881
vt 0.915627 0.929381
vt 0.915059 0.928800
vt 0.160388 0.722219
vt 0.105314 0.737688
vt 0.153125 0.705686
vt 0.109204 0.825727
vt 0.089049 0.289252
vt 0.107538 0.449616
vt 0.085288 0.442181
vt 0.131376 0.269188
vt 0.647737 0.705752
vt 0.293333 0.162478
vt 0.307999 0.160155
vt 0.026540 0.305188
vt 0.026802 0.304684
vt 0.026561 0.304717
vt 0.008981 0.384269
vt 0.008429 0.384267
vt 0.008549 0.384511
vt 0.009013 0.384473
vt 0.082218 0.337541
vt 0.080194 0.344726
vt 0.084530 0.339006
vt 0.053585 0.736980
vt 0.045823 0.780197
vt 0.920178 0.866134
vt 0.912545 0.865350
vt 0.916780 0.868798
vt 0.823746 0.318655
vt 0.812373 0.305225
vt 0.825625 0.308720
vt 0.353777 0.322705
vt 0.640447 0.808436
vt 0.584482 0.829154
vt 0.643869 0.818347
vt 0.625989 0.399934
vt 0.645120 0.377640
vt 0.356263 0.327544
vt 0.368065 0.320454
vt 0.195594 0.971180
vt 0.739006 0.536354
vt 0.718340 0.590253
vt 0.385409 0.265358
vt 0.879516 0.938460
vt 0.817526 0.336325
vt 0.784218 0.342190
vt 0.813900 0.349260
vt 0.074570 0.352031
vt 0.077262 0.346491
vt 0.074277 0.352494
vt 0.060435 0.818495
vt 0.050790 0.850345
vt 0.684878 0.532103
vt 0.746136 0.515135
vt 0.687536 0.502148
vt 0.437327 0.147319
vt 0.446626 0.124546
vt 0.176811 0.363189
vt 0.489329 0.793945
vt 0.480140 0.805251
vt 0.489329 0.805251
vt 0.489329 0.816558
vt 0.240104 0.435409
vt 0.883634 0.932101
vt 0.893154 0.926883
vt 0.883634 0.923507
vt 0.902517 0.940109
vt 0.894508 0.937216
vt 0.897642 0.942008
vt 0.062323 0.617370
vt 0.089716 0.587615
vt 0.023616 0.295227
vt 0.026047 0.297833
vt 0.025577 0.294582
vt 0.706680 0.370818
vt 0.692093 0.387525
vt 0.665726 0.355633
vt 0.344126 0.370848
vt 0.360698 0.335596
vt 0.327032 0.354047
vt 0.700856 0.728087
vt 0.390610 0.375238
vt 0.416738 0.389250
vt 0.399344 0.361634
vt 0.031334 0.940809
vt 0.537073 0.457491
vt 0.278159 0.128740
vt 0.286520 0.140383
vt 0.363636 0.472769
vt 0.351366 0.461626
vt 0.405138 0.233151
vt 0.415433 0.234448
vt 0.415410 0.243368
vt 0.550425 0.563358
vt 0.538823 0.539928
vt 0.549151 0.537727
vt 0.730976 0.230209
vt 0.695770 0.233275
vt 0.731322 0.232951
vt 0.437526 0.410806
vt 0.408787 0.434904
vt 0.429653 0.404243
vt 0.390120 0.415924
vt 0.411438 0.406903
vt 0.397617 0.423355
vt 0.421793 0.130001
vt 0.446626 0.124546
vt 0.963901 0.967389
vt 0.971531 0.967363
vt 0.967795 0.965661
vt 0.069547 0.047938
vt 0.291260 0.152333
vt 0.278159 0.128740
vt 0.442590 0.438332
vt 0.916372 0.692724
vt 0.422599 0.445659
vt 0.460290 0.543940
vt 0.476616 0.522169
vt 0.471033 0.545945
vt 0.775363 0.287968
vt 0.801206 0.292455
vt 0.797614 0.299777
vt 0.092386 0.342969
vt 0.090106 0.339046
vt 0.084148 0.344044
vt 0.402622 0.481649
vt 0.426796 0.489224
vt 0.383103 0.476475
vt 0.383213 0.443037
vt 0.050976 0.735118
vt 0.046745 0.729246
vt 0.374704 0.149643
vt 0.359576 0.131390
vt 0.383440 0.132885
vt 0.397811 0.505797
vt 0.430821 0.536288
vt 0.425443 0.507369
vt 0.374488 0.507174
vt 0.397068 0.542974
vt 0.438377 0.562870
vt 0.373200 0.595736
vt 0.453902 0.591714
vt 0.457245 0.492400
vt 0.448338 0.209690
vt 0.467678 0.215539
vt 0.462607 0.223050
vt 0.930299 0.951021
vt 0.930487 0.967343
vt 0.929889 0.939729
vt 0.936104 0.701566
vt 0.926577 0.689359
vt 0.925487 0.703184
vt 0.346396 0.556711
vt 0.372733 0.548845
vt 0.449885 0.038558
vt 0.467691 0.606831
vt 0.436511 0.642322
vt 0.793702 0.308621
vt 0.402503 0.672430
vt 0.904926 0.869192
vt 0.898038 0.906424
vt 0.911712 0.905685
vt 0.898142 0.905685
vt 0.625406 0.238211
vt 0.337193 0.659468
vt 0.327383 0.734892
vt 0.369799 0.701256
vt 0.093157 0.506176
vt 0.099796 0.544797
vt 0.311426 0.898919
vt 0.290387 0.803027
vt 0.515907 0.464663
vt 0.120102 0.374107
vt 0.119507 0.373799
vt 0.119222 0.373785
vt 0.443381 0.861783
vt 0.443381 0.873089
vt 0.147871 0.768687
vt 0.124722 0.314635
vt 0.967564 0.914775
vt 0.973915 0.927100
vt 0.975010 0.916322
vt 0.262763 0.910758
vt 0.248426 0.929773
vt 0.044261 0.380089
vt 0.052757 0.371296
vt 0.056120 0.367768
vt 0.068590 0.323939
vt 0.062642 0.318536
vt 0.058560 0.319145
vt 0.015100 0.321871
vt 0.010394 0.326910
vt 0.013666 0.325413
vt 0.656111 0.587757
vt 0.603958 0.523534
vt 0.640267 0.531412
vt 0.675718 0.310507
vt 0.683662 0.343691
vt 0.656172 0.311743
vt 0.778979 0.790161
vt 0.775315 0.794286
vt 0.788699 0.400424
vt 0.759209 0.374411
vt 0.794021 0.388525
vt 0.171322 0.911135
vt 0.208645 0.931290
vt 0.441560 0.226344
vt 0.433133 0.226482
vt 0.024625 0.343833
vt 0.030433 0.340285
vt 0.027199 0.341175
vt 0.021096 0.800340
vt 0.010672 0.327433
vt 0.083678 0.319162
vt 0.079817 0.324175
vt 0.080012 0.324257
vt 0.129697 0.860209
vt 0.165409 0.832942
vt 0.856570 0.345110
vt 0.147871 0.768687
vt 0.247603 0.760503
vt 0.024073 0.273171
vt 0.029280 0.265890
vt 0.025390 0.263510
vt 0.350505 0.509198
vt 0.160388 0.722219
vt 0.338623 0.163582
vt 0.347238 0.158534
vt 0.130996 0.949817
vt 0.119314 0.942855
vt 0.131946 0.967631
vt 0.557661 0.579900
vt 0.550122 0.571222
vt 0.550436 0.577647
vt 0.247000 0.478017
vt 0.270582 0.543955
vt 0.280855 0.492025
vt 0.092862 0.967179
vt 0.100800 0.989637
vt 0.113709 0.983791
vt 0.296698 0.199780
vt 0.301567 0.203282
vt 0.946556 0.700070
vt 0.973221 0.683346
vt 0.970235 0.700326
vt 0.274466 0.354905
vt 0.104775 0.944643
vt 0.815784 0.595611
vt 0.810711 0.595536
vt 0.396404 0.450726
vt 0.397617 0.423355
vt 0.383213 0.443037
vt 0.641173 0.465999
vt 0.616149 0.433994
vt 0.652031 0.445565
vt 0.467678 0.215539
vt 0.483961 0.220045
vt 0.472193 0.208320
vt 0.012656 0.454550
vt 0.010192 0.456824
vt 0.751320 0.714289
vt 0.625681 0.152102
vt 0.660668 0.151535
vt 0.661128 0.147985
vt 0.626424 0.148440
vt 0.038501 0.613309
vt 0.856513 0.459784
vt 0.285419 0.928960
vt 0.266045 0.960799
vt 0.894466 0.880787
vt 0.006914 0.605487
vt 0.046387 0.574268
vt 0.385409 0.265358
vt 0.389250 0.254598
vt 0.921515 0.371297
vt 0.925457 0.364870
vt 0.028941 0.807651
vt 0.965448 0.346444
vt 0.969092 0.331513
vt 0.972279 0.343243
vt 0.405361 0.254023
vt 0.528040 0.512171
vt 0.516600 0.520493
vt 0.072507 0.584695
vt 0.089716 0.587615
vt 0.450090 0.076157
vt 0.065119 0.536135
vt 0.079269 0.546357
vt 0.681005 0.718222
vt 0.958722 0.841901
vt 0.691694 0.698845
vt 0.748521 0.288623
vt 0.765782 0.303055
vt 0.099796 0.544797
vt 0.533524 0.746197
vt 0.559157 0.746776
vt 0.089813 0.468694
vt 0.107538 0.449616
vt 0.102941 0.475101
vt 0.102941 0.475101
vt 0.466859 0.563129
vt 0.457476 0.561553
vt 0.465833 0.567658
vt 0.089842 0.402514
vt 0.101586 0.397705
vt 0.128580 0.424891
vt 0.128580 0.424891
vt 0.122454 0.391164
vt 0.305202 0.444652
vt 0.266426 0.430918
vt 0.377604 0.217555
vt 0.359757 0.223377
vt 0.368665 0.232089
vt 0.030953 0.316062
vt 0.195957 0.062420
vt 0.162850 0.047189
vt 0.167690 0.041542
vt 0.024005 0.428629
vt 0.017063 0.417862
vt 0.019502 0.421799
vt 0.964743 0.807078
vt 0.977857 0.800751
vt 0.762659 0.710656
vt 0.056443 0.051239
vt 0.070893 0.062328
vt 0.952942 0.977792
vt 0.467309 0.228988
vt 0.462607 0.223050
vt 0.299938 0.550614
vt 0.332655 0.553939
vt 0.688631 0.310989
vt 0.712983 0.332046
vt 0.698568 0.309925
vt 0.385627 0.208421
vt 0.377604 0.217555
vt 0.156460 0.557137
vt 0.165157 0.517041
vt 0.293333 0.162478
vt 0.722557 0.631217
vt 0.387066 0.181981
vt 0.184643 0.573881
vt 0.869626 0.942008
vt 0.864751 0.940109
vt 0.866119 0.960111
vt 0.737477 0.653628
vt 0.015425 0.383571
vt 0.018705 0.385129
vt 0.018584 0.383404
vt 0.169818 0.660539
vt 0.196018 0.666986
vt 0.895683 0.961601
vt 0.895689 0.983299
vt 0.897130 0.973363
vt 0.396858 0.231823
vt 0.958369 0.350000
vt 0.937194 0.348002
vt 0.952526 0.341663
vt 0.958843 0.985341
vt 0.968016 0.989104
vt 0.282999 0.602669
vt 0.306962 0.652814
vt 0.058993 0.286624
vt 0.065700 0.281517
vt 0.062852 0.278189
vt 0.480138 0.850476
vt 0.470949 0.861783
vt 0.480138 0.861783
vt 0.235828 0.633907
vt 0.260337 0.448071
vt 0.923620 0.725480
vt 0.946815 0.725723
vt 0.925332 0.714312
vt 0.860247 0.439517
vt 0.829631 0.413916
vt 0.035583 0.718130
vt 0.031389 0.714184
vt 0.025010 0.723111
vt 0.766613 0.035647
vt 0.804059 0.034564
vt 0.766761 0.034754
vt 0.061663 0.264657
vt 0.048045 0.287506
vt 0.332655 0.553939
vt 0.018066 0.724712
vt 0.014765 0.724157
vt 0.060153 0.971358
vt 0.156015 0.423891
vt 0.105859 0.350222
vt 0.109569 0.357574
vt 0.109940 0.346543
vt 0.947477 0.683963
vt 0.936104 0.701566
vt 0.935942 0.686430
vt 0.925487 0.703184
vt 0.926577 0.689359
vt 0.420047 0.004349
vt 0.092310 0.307997
vt 0.089154 0.306190
vt 0.079269 0.546357
vt 0.072507 0.584695
vt 0.397912 0.206628
vt 0.363636 0.472769
vt 0.351366 0.461626
vt 0.338438 0.481207
vt 0.080888 0.350047
vt 0.081799 0.346432
vt 0.452571 0.805251
vt 0.470949 0.816558
vt 0.470949 0.805251
vt 0.021267 0.415768
vt 0.923191 0.902346
vt 0.688486 0.720244
vt 0.689868 0.721241
vt 0.320297 0.432206
vt 0.265176 0.388990
vt 0.418178 0.208131
vt 0.433133 0.226482
vt 0.427691 0.228359
vt 0.755556 0.271815
vt 0.769539 0.275025
vt 0.758901 0.265485
vt 0.015602 0.384838
vt 0.012077 0.385933
vt 0.761686 0.860864
vt 0.766530 0.826515
vt 0.018020 0.380867
vt 0.028515 0.374299
vt 0.014632 0.379818
vt 0.442307 0.236076
vt 0.442003 0.247737
vt 0.434942 0.237016
vt 0.883017 0.750774
vt 0.750000 0.278823
vt 0.728225 0.267443
vt 0.760137 0.286219
vt 0.760137 0.286219
vt 0.769539 0.275025
vt 0.713265 0.295923
vt 0.730179 0.315730
vt 0.802934 0.597924
vt 0.169818 0.660539
vt 0.140488 0.649857
vt 0.062323 0.617370
vt 0.012858 0.337995
vt 0.008658 0.337528
vt 0.432466 0.266020
vt 0.434379 0.262348
vt 0.950693 0.879388
vt 0.390120 0.415924
vt 0.411438 0.406903
vt 0.027899 0.394664
vt 0.683662 0.343691
vt 0.697055 0.336428
vt 0.496708 0.234852
vt 0.495001 0.226551
vt 0.493136 0.231063
vt 0.682427 0.718759
vt 0.681834 0.720724
vt 0.917923 0.333820
vt 0.912136 0.315565
vt 0.905298 0.328631
vt 0.794021 0.388525
vt 0.776925 0.356512
vt 0.759209 0.374411
vt 0.806609 0.366685
vt 0.776925 0.356512
vt 0.784218 0.342190
vt 0.904522 0.345049
vt 0.930691 0.357545
vt 0.687466 0.718848
vt 0.684514 0.716570
vt 0.067838 0.285480
vt 0.620895 0.340664
vt 0.598980 0.382570
vt 0.442504 0.261953
vt 0.439587 0.268117
vt 0.438939 0.263496
vt 0.422599 0.445659
vt 0.722207 0.652891
vt 0.816977 0.452412
vt 0.916016 0.037430
vt 0.953239 0.033988
vt 0.916075 0.032419
vt 0.333261 0.172658
vt 0.321030 0.164435
vt 0.021456 0.280550
vt 0.021940 0.276425
vt 0.047235 0.385447
vt 0.039758 0.386922
vt 0.879115 0.391267
vt 0.447427 0.201932
vt 0.445525 0.184375
vt 0.437776 0.188905
vt 0.954632 0.391583
vt 0.921515 0.371297
vt 0.904926 0.864975
vt 0.898312 0.868084
vt 0.904926 0.865862
vt 0.808741 0.479398
vt 0.816977 0.452412
vt 0.020962 0.300025
vt 0.008429 0.291038
vt 0.019809 0.301159
vt 0.914654 0.861163
vt 0.904926 0.863681
vt 0.013399 0.857841
vt 0.012467 0.861846
vt 0.031513 0.851423
vt 0.026968 0.846994
vt 0.950128 0.512457
vt 0.743985 0.332219
vt 0.560942 0.513153
vt 0.545253 0.508354
vt 0.545982 0.516590
vt 0.382441 0.003653
vt 0.383266 0.035426
vt 0.983299 0.961152
vt 0.986775 0.224839
vt 0.949575 0.221006
vt 0.947121 0.228414
vt 0.981696 0.232179
vt 0.942996 0.436867
vt 0.804060 0.035360
vt 0.768119 0.090895
vt 0.804552 0.090504
vt 0.671174 0.806869
vt 0.748521 0.288623
vt 0.236860 0.666823
vt 0.675669 0.404001
vt 0.726314 0.415810
vt 0.703634 0.440378
vt 0.947007 0.375236
vt 0.947477 0.683963
vt 0.935942 0.686430
vt 0.986040 0.405456
vt 0.033291 0.915743
vt 0.053260 0.877365
vt 0.834775 0.550552
vt 0.880019 0.557771
vt 0.824301 0.578097
vt 0.969525 0.358759
vt 0.978128 0.367885
vt 0.976659 0.376952
vt 0.969525 0.358759
vt 0.954632 0.391583
vt 0.947007 0.375236
vt 0.963055 0.382997
vt 0.446326 0.210602
vt 0.441188 0.205353
vt 0.063623 0.313193
vt 0.056046 0.301891
vt 0.063510 0.317351
vt 0.009364 0.456839
vt 0.011314 0.446849
vt 0.230017 0.417414
vt 0.199399 0.408441
vt 0.217233 0.391782
vt 0.022148 0.312791
vt 0.021326 0.307055
vt 0.019420 0.311060
vt 0.946556 0.700070
vt 0.955693 0.360713
vt 0.990967 0.401550
vt 0.937194 0.348002
vt 0.675718 0.310507
vt 0.884828 0.876276
vt 0.881172 0.889116
vt 0.884994 0.889683
vt 0.909997 0.871145
vt 0.908278 0.874345
vt 0.925457 0.364870
vt 0.043940 0.940326
vt 0.031334 0.940809
vt 0.904522 0.345049
vt 0.898236 0.904629
vt 0.014135 0.217706
vt 0.012958 0.210268
vt 0.012387 0.214117
vt 0.063231 0.797623
vt 0.590285 0.462334
vt 0.616149 0.433994
vt 0.802708 0.323060
vt 0.788430 0.327120
vt 0.819159 0.329775
vt 0.778361 0.281481
vt 0.769830 0.296699
vt 0.788430 0.327120
vt 0.765782 0.303055
vt 0.793702 0.308621
vt 0.441560 0.226344
vt 0.446326 0.210602
vt 0.447286 0.228142
vt 0.965306 0.904112
vt 0.958585 0.908820
vt 0.428849 0.205040
vt 0.427691 0.228359
vt 0.721219 0.706459
vt 0.854998 0.319973
vt 0.880063 0.309268
vt 0.878690 0.317795
vt 0.761292 0.463327
vt 0.769884 0.436942
vt 0.730699 0.251598
vt 0.504992 0.631864
vt 0.022176 0.403137
vt 0.025706 0.402878
vt 0.011373 0.398025
vt 0.925025 0.876276
vt 0.863592 0.686055
vt 0.813900 0.349260
vt 0.156015 0.423891
vt 0.086779 0.374261
vt 0.422422 0.074277
vt 0.420824 0.116748
vt 0.917923 0.333820
vt 0.864656 0.982294
vt 0.870139 0.973363
vt 0.866351 0.972679
vt 0.900842 0.320143
vt 0.912136 0.315565
vt 0.905298 0.328631
vt 0.108042 0.366455
vt 0.108160 0.366989
vt 0.107420 0.360333
vt 0.927387 0.321157
vt 0.920788 0.318623
vt 0.921563 0.310540
vt 0.921818 0.308443
vt 0.927387 0.321157
vt 0.919787 0.931392
vt 0.933744 0.312700
vt 0.024716 0.877482
vt 0.031340 0.885551
vt 0.938362 0.328574
vt 0.532829 0.520425
vt 0.516600 0.520493
vt 0.527995 0.523716
vt 0.890721 0.941673
vt 0.895966 0.943047
vt 0.893674 0.938462
vt 0.489293 0.520032
vt 0.489700 0.544858
vt 0.480584 0.521204
vt 0.477747 0.545133
vt 0.013804 0.283643
vt 0.014353 0.284305
vt 0.871933 0.973715
vt 0.871586 0.961601
vt 0.871580 0.983299
vt 0.335927 0.250476
vt 0.328523 0.253655
vt 0.332060 0.248584
vt 0.297817 0.112207
vt 0.292118 0.075991
vt 0.018684 0.815359
vt 0.286386 0.045487
vt 0.256594 0.020487
vt 0.254486 0.050247
vt 0.814264 0.610995
vt 0.834360 0.605186
vt 0.690585 0.717178
vt 0.089842 0.402514
vt 0.922868 0.922104
vt 0.348814 0.005540
vt 0.351758 0.035272
vt 0.606309 0.468054
vt 0.652031 0.445565
vt 0.332008 0.072266
vt 0.022209 0.203825
vt 0.020159 0.207758
vt 0.046613 0.377452
vt 0.025835 0.258866
vt 0.027292 0.251784
vt 0.025621 0.258699
vt 0.477230 0.235285
vt 0.488607 0.233225
vt 0.759394 0.309020
vt 0.106146 0.360427
vt 0.012810 0.340736
vt 0.008429 0.341142
vt 0.548379 0.487367
vt 0.536883 0.475311
vt 0.546175 0.491046
vt 0.510553 0.574715
vt 0.504794 0.550932
vt 0.515151 0.551768
vt 0.299989 0.136620
vt 0.314511 0.139858
vt 0.334874 0.232461
vt 0.329351 0.245192
vt 0.336983 0.241535
vt 0.478325 0.203188
vt 0.298251 0.124718
vt 0.030313 0.409350
vt 0.030574 0.408817
vt 0.030163 0.409195
vt 0.074310 0.388225
vt 0.010012 0.217527
vt 0.012129 0.220973
vt 0.062700 0.381173
vt 0.129137 0.453531
vt 0.030206 0.408484
vt 0.030129 0.408674
vt 0.296698 0.199780
vt 0.298173 0.211340
vt 0.301567 0.203282
vt 0.045129 0.381274
vt 0.039305 0.386026
vt 0.039485 0.386184
vt 0.323943 0.238450
vt 0.325342 0.246767
vt 0.456507 0.159876
vt 0.458798 0.142824
vt 0.450248 0.140563
vt 0.871302 0.943047
vt 0.359876 0.147345
vt 0.698281 0.711878
vt 0.754069 0.322679
vt 0.338795 0.186014
vt 0.338623 0.163582
vt 0.030172 0.297947
vt 0.027748 0.290497
vt 0.028045 0.294377
vt 0.892352 0.945600
vt 0.893309 0.944846
vt 0.408160 0.194115
vt 0.345943 0.174608
vt 0.350236 0.181804
vt 0.745974 0.292855
vt 0.068877 0.323820
vt 0.068287 0.323445
vt 0.031611 0.745032
vt 0.025038 0.736922
vt 0.034131 0.729658
vt 0.414923 0.192248
vt 0.916142 0.030316
vt 0.878807 0.031000
vt 0.563299 0.364008
vt 0.566323 0.311425
vt 0.559198 0.306823
vt 0.899374 0.932989
vt 0.889653 0.933542
vt 0.158775 0.093238
vt 0.116514 0.083793
vt 0.042884 0.822642
vt 0.443381 0.816558
vt 0.452571 0.827864
vt 0.978288 0.357359
vt 0.976659 0.376952
vt 0.978128 0.367885
vt 0.549151 0.537727
vt 0.328523 0.253655
vt 0.332060 0.248584
vt 0.336983 0.241535
vt 0.905041 0.425819
vt 0.866128 0.427760
vt 0.899353 0.454760
vt 0.021686 0.843841
vt 0.019444 0.849034
vt 0.518867 0.304353
vt 0.914345 0.092956
vt 0.878996 0.036755
vt 0.877645 0.091505
vt 0.423507 0.150945
vt 0.418295 0.168305
vt 0.426950 0.167743
vt 0.900918 0.972679
vt 0.970307 0.826101
vt 0.974213 0.839007
vt 0.978664 0.836460
vt 0.951022 0.886522
vt 0.944860 0.903843
vt 0.946891 0.907763
vt 0.017737 0.487965
vt 0.017761 0.482734
vt 0.014718 0.484745
vt 0.918561 0.988550
vt 0.565785 0.892996
vt 0.387066 0.181981
vt 0.897543 0.309014
vt 0.909632 0.299208
vt 0.910101 0.305737
vt 0.396584 0.151721
vt 0.031526 0.529126
vt 0.020681 0.460731
vt 0.026892 0.466902
vt 0.023101 0.455555
vt 0.946815 0.725723
vt 0.402622 0.481649
vt 0.397811 0.505797
vt 0.396404 0.450726
vt 0.336076 0.113055
vt 0.107832 0.366464
vt 0.238973 0.952093
vt 0.208645 0.931290
vt 0.408600 0.168861
vt 0.730179 0.315730
vt 0.743985 0.332219
vt 0.515907 0.464663
vt 0.500062 0.137063
vt 0.498417 0.468840
vt 0.064046 0.928404
vt 0.063197 0.929594
vt 0.062828 0.929331
vt 0.482039 0.237010
vt 0.014308 0.884989
vt 0.024716 0.877482
vt 0.031340 0.885551
vt 0.073952 0.673489
vt 0.044802 0.699360
vt 0.058751 0.659994
vt 0.437327 0.147319
vt 0.499112 0.522542
vt 0.489012 0.513700
vt 0.443867 0.494743
vt 0.630421 0.322396
vt 0.877615 0.933542
vt 0.874114 0.926883
vt 0.916361 0.010928
vt 0.878985 0.006920
vt 0.878943 0.009771
vt 0.694619 0.227815
vt 0.730976 0.230209
vt 0.695081 0.230519
vt 0.498149 0.451878
vt 0.286520 0.140383
vt 0.013446 0.394352
vt 0.441971 0.175637
vt 0.011546 0.778689
vt 0.015220 0.794251
vt 0.017089 0.778622
vt 0.153125 0.705686
vt 0.031611 0.745032
vt 0.015097 0.761326
vt 0.024995 0.770040
vt 0.008429 0.427973
vt 0.020750 0.432130
vt 0.945889 0.319197
vt 0.084230 0.947797
vt 0.079486 0.958622
vt 0.092862 0.967179
vt 0.097132 0.954651
vt 0.113709 0.983791
vt 0.015780 0.807279
vt 0.015909 0.807504
vt 0.018019 0.728919
vt 0.022441 0.727157
vt 0.495001 0.226551
vt 0.490068 0.216117
vt 0.046756 0.313482
vt 0.060537 0.322710
vt 0.486919 0.223321
vt 0.490068 0.216117
vt 0.498518 0.805251
vt 0.498518 0.793945
vt 0.697055 0.336428
vt 0.712983 0.332046
vt 0.131906 0.549843
vt 0.489838 0.238262
vt 0.918693 0.879324
vt 0.915015 0.871480
vt 0.061421 0.940017
vt 0.063197 0.929594
vt 0.056784 0.938800
vt 0.028208 0.445393
vt 0.025715 0.441644
vt 0.803936 0.010868
vt 0.841454 0.008758
vt 0.623518 0.657355
vt 0.299938 0.550614
vt 0.020745 0.287482
vt 0.022906 0.282034
vt 0.018978 0.283414
vt 0.432742 0.189699
vt 0.430143 0.179727
vt 0.915847 0.939729
vt 0.919737 0.940388
vt 0.960768 0.361350
vt 0.900388 0.788776
vt 0.855456 0.832619
vt 0.886606 0.844542
vt 0.447286 0.228142
vt 0.449753 0.254472
vt 0.069547 0.047938
vt 0.432742 0.189699
vt 0.428849 0.205040
vt 0.424738 0.190195
vt 0.564245 0.484674
vt 0.023755 0.411516
vt 0.026817 0.409393
vt 0.013550 0.736286
vt 0.017118 0.733693
vt 0.011749 0.727382
vt 0.011548 0.708866
vt 0.048528 0.294792
vt 0.051508 0.293168
vt 0.033291 0.915743
vt 0.045724 0.920603
vt 0.118024 0.365845
vt 0.118802 0.373215
vt 0.119378 0.369651
vt 0.753001 0.716573
vt 0.442504 0.261953
vt 0.444710 0.264125
vt 0.542328 0.572631
vt 0.550436 0.577647
vt 0.544331 0.581633
vt 0.029685 0.353274
vt 0.014615 0.354800
vt 0.018005 0.355837
vt 0.418178 0.208131
vt 0.415054 0.217652
vt 0.415086 0.218109
vt 0.379565 0.242409
vt 0.378252 0.232520
vt 0.389190 0.233302
vt 0.024719 0.432448
vt 0.022485 0.430015
vt 0.986222 0.951927
vt 0.052287 0.331804
vt 0.056417 0.334862
vt 0.055839 0.331022
vt 0.020121 0.221466
vt 0.032191 0.212179
vt 0.307974 0.205280
vt 0.298173 0.211340
vt 0.342003 0.247286
vt 0.352733 0.249474
vt 0.287087 0.364098
vt 0.368665 0.232089
vt 0.512626 0.078900
vt 0.528194 0.046192
vt 0.171322 0.911135
vt 0.029026 0.501364
vt 0.029209 0.501270
vt 0.403034 0.132511
vt 0.653209 0.809386
vt 0.911981 0.866938
vt 0.911541 0.868084
vt 0.487641 0.619779
vt 0.060774 0.912809
vt 0.067900 0.913611
vt 0.066785 0.924336
vt 0.058253 0.923068
vt 0.469901 0.112266
vt 0.011871 0.955614
vt 0.022285 0.948117
vt 0.028901 0.956191
vt 0.695038 0.093946
vt 0.692206 0.039515
vt 0.654989 0.041760
vt 0.658430 0.096096
vt 0.503899 0.111430
vt 0.397912 0.206628
vt 0.409721 0.208891
vt 0.124543 0.478286
vt 0.141966 0.514931
vt 0.470949 0.850476
vt 0.461760 0.861783
vt 0.757278 0.478621
vt 0.690194 0.472193
vt 0.696914 0.456286
vt 0.335927 0.250476
vt 0.342003 0.247286
vt 0.022575 0.438591
vt 0.299989 0.136620
vt 0.956168 0.821537
vt 0.073952 0.673489
vt 0.044802 0.699360
vt 0.062331 0.709160
vt 0.983703 0.932831
vt 0.150943 0.605163
vt 0.963478 0.818741
vt 0.962179 0.822328
vt 0.443381 0.782639
vt 0.452571 0.793945
vt 0.452571 0.782639
vt 0.952555 0.834011
vt 0.945281 0.831232
vt 0.945793 0.836040
vt 0.937669 0.838527
vt 0.938890 0.841218
vt 0.953079 0.841827
vt 0.776478 0.806680
vt 0.057205 0.345039
vt 0.059355 0.350986
vt 0.058472 0.344888
vt 0.113997 0.918877
vt 0.124981 0.893617
vt 0.897308 0.865350
vt 0.883634 0.937453
vt 0.923620 0.725480
vt 0.925332 0.714312
vt 0.880920 0.328329
vt 0.856468 0.340838
vt 0.854702 0.329036
vt 0.840805 0.106186
vt 0.840606 0.119981
vt 0.842906 0.521803
vt 0.808741 0.479398
vt 0.853941 0.491812
vt 0.019051 0.220253
vt 0.501572 0.122888
vt 0.316778 0.499815
vt 0.978401 0.867188
vt 0.476074 0.489771
vt 0.968733 0.789159
vt 0.964743 0.807078
vt 0.977857 0.800751
vt 0.726981 0.349571
vt 0.379565 0.242409
vt 0.834775 0.550552
vt 0.891254 0.527621
vt 0.015475 0.318319
vt 0.012957 0.317267
vt 0.105469 0.346359
vt 0.972923 0.841665
vt 0.978167 0.852011
vt 0.739006 0.536354
vt 0.787690 0.542320
vt 0.089391 0.316183
vt 0.087044 0.318573
vt 0.029698 0.378345
vt 0.524619 0.502053
vt 0.542070 0.497626
vt 0.369799 0.701256
vt 0.105804 0.364003
vt 0.545854 0.460827
vt 0.047563 0.387006
vt 0.063556 0.384913
vt 0.454477 0.193445
vt 0.455511 0.178564
vt 0.465063 0.184647
vt 0.812373 0.305225
vt 0.810628 0.315299
vt 0.014302 0.867157
vt 0.011747 0.870774
vt 0.022297 0.930964
vt 0.021625 0.927763
vt 0.014590 0.388648
vt 0.018228 0.387425
vt 0.625989 0.399934
vt 0.662890 0.425131
vt 0.250353 0.377073
vt 0.703359 0.689263
vt 0.046367 0.869675
vt 0.050640 0.875519
vt 0.757893 0.717237
vt 0.706680 0.370818
vt 0.692093 0.387525
vt 0.945517 0.231366
vt 0.910220 0.230636
vt 0.908903 0.233464
vt 0.498518 0.816558
vt 0.507707 0.827864
vt 0.507707 0.816558
vt 0.160276 0.453741
vt 0.262135 0.086703
vt 0.275676 0.118327
vt 0.054162 0.343465
vt 0.052631 0.340486
vt 0.026740 0.711166
vt 0.011148 0.870325
vt 0.173484 0.616537
vt 0.206482 0.579766
vt 0.197858 0.623283
vt 0.690194 0.472193
vt 0.640720 0.498706
vt 0.499671 0.545037
vt 0.702492 0.668732
vt 0.590303 0.239136
vt 0.589627 0.235042
vt 0.056203 0.342322
vt 0.053772 0.335567
vt 0.016758 0.842589
vt 0.015779 0.847929
vt 0.082723 0.322603
vt 0.289448 0.461420
vt 0.102778 0.362419
vt 0.520827 0.483009
vt 0.645120 0.377640
vt 0.620895 0.340664
vt 0.082507 0.318634
vt 0.033760 0.870166
vt 0.014922 0.901939
vt 0.029769 0.436849
vt 0.899857 0.871145
vt 0.947424 0.755728
vt 0.945036 0.787878
vt 0.991073 0.216633
vt 0.989922 0.219400
vt 0.348645 0.189084
vt 0.363642 0.186771
vt 0.403743 0.261631
vt 0.045072 0.318437
vt 0.045089 0.337000
vt 0.053029 0.348213
vt 0.053936 0.347183
vt 0.129916 0.030849
vt 0.167690 0.041542
vt 0.162850 0.047189
vt 0.011581 0.928174
vt 0.005935 0.928623
vt 0.075075 0.352530
vt 0.021171 0.296441
vt 0.011304 0.288420
vt 0.578953 0.469164
vt 0.564313 0.459488
vt 0.581351 0.460996
vt 0.121056 0.363006
vt 0.443381 0.850476
vt 0.507707 0.861783
vt 0.038501 0.613309
vt 0.046387 0.574268
vt 0.051724 0.364628
vt 0.084894 0.304821
vt 0.245481 0.594174
vt 0.055699 0.274427
vt 0.051726 0.273013
vt 0.030758 0.339830
vt 0.030331 0.339579
vt 0.030295 0.339782
vt 0.018344 0.254808
vt 0.024300 0.259222
vt 0.022064 0.256386
vt 0.886970 0.305382
vt 0.718340 0.590253
vt 0.074557 0.352523
vt 0.022695 0.709893
vt 0.029822 0.414406
vt 0.031149 0.429597
vt 0.878794 0.035987
vt 0.510553 0.574715
vt 0.516802 0.585114
vt 0.519877 0.576630
vt 0.018702 0.467398
vt 0.022876 0.468487
vt 0.015631 0.458646
vt 0.480140 0.850476
vt 0.441971 0.175637
vt 0.439560 0.164763
vt 0.986430 0.863030
vt 0.988197 0.852336
vt 0.984908 0.853740
vt 0.096504 0.382358
vt 0.089426 0.094577
vt 0.301362 0.178707
vt 0.310589 0.181816
vt 0.466459 0.169278
vt 0.009221 0.201559
vt 0.013767 0.225183
vt 0.013689 0.224923
vt 0.009408 0.414307
vt 0.024197 0.412813
vt 0.583454 0.525765
vt 0.610156 0.580144
vt 0.341846 0.416753
vt 0.020544 0.407142
vt 0.012831 0.406026
vt 0.008460 0.405511
vt 0.726981 0.349571
vt 0.641173 0.465999
vt 0.013898 0.201367
vt 0.045111 0.957425
vt 0.915934 0.870320
vt 0.522073 0.568850
vt 0.951569 0.828954
vt 0.959452 0.834102
vt 0.956077 0.828432
vt 0.956013 0.833330
vt 0.034503 0.927198
vt 0.893117 0.892160
vt 0.623571 0.231332
vt 0.274466 0.354905
vt 0.024082 0.406373
vt 0.021051 0.405480
vt 0.916439 0.013677
vt 0.953626 0.012594
vt 0.953894 0.015278
vt 0.025998 0.925815
vt 0.021877 0.480989
vt 0.029518 0.494078
vt 0.025852 0.479579
vt 0.883634 0.933512
vt 0.889398 0.934833
vt 0.028845 0.476892
vt 0.029287 0.476352
vt 0.029521 0.469283
vt 0.470949 0.793945
vt 0.461760 0.782639
vt 0.461760 0.793945
vt 0.008550 0.359523
vt 0.626340 0.976294
vt 0.022372 0.499290
vt 0.895336 0.973714
vt 0.841530 0.035760
vt 0.841104 0.090771
vt 0.505949 0.523045
vt 0.504687 0.543666
vt 0.030861 0.361244
vt 0.209409 0.072992
vt 0.196589 0.088598
vt 0.182780 0.077865
vt 0.951154 0.095097
vt 0.987916 0.100092
vt 0.187348 0.403052
vt 0.165302 0.394696
vt 0.016467 0.784250
vt 0.876689 0.216725
vt 0.839585 0.220130
vt 0.876067 0.220677
vt 0.373229 0.436957
vt 0.108669 0.936138
vt 0.119314 0.942855
vt 0.630421 0.322396
vt 0.656172 0.311743
vt 0.693524 0.711874
vt 0.692622 0.723135
vt 0.054817 0.805176
vt 0.009838 0.456442
vt 0.009634 0.456860
vt 0.026048 0.499736
vt 0.459393 0.549054
vt 0.065688 0.842254
vt 0.067270 0.830106
vt 0.949575 0.221006
vt 0.947121 0.228414
vt 0.911340 0.227873
vt 0.021809 0.252562
vt 0.018304 0.250654
vt 0.155810 0.942478
vt 0.656111 0.587757
vt 0.019861 0.442072
vt 0.015331 0.448434
vt 0.937965 0.301975
vt 0.100800 0.989637
vt 0.087655 0.992738
vt 0.018684 0.815359
vt 0.028941 0.807651
vt 0.114124 0.347079
vt 0.543710 0.044472
vt 0.580403 0.040018
vt 0.580901 0.042126
vt 0.021905 0.925371
vt 0.646214 0.800110
vt 0.079486 0.958622
vt 0.766707 0.027314
vt 0.766695 0.029504
vt 0.804067 0.029529
vt 0.804057 0.027390
vt 0.397386 0.270064
vt 0.401293 0.269463
vt 0.093157 0.506176
vt 0.048287 0.295190
vt 0.048846 0.295205
vt 0.948744 0.110474
vt 0.983443 0.115568
vt 0.055706 0.293996
vt 0.069134 0.288526
vt 0.502218 0.512281
vt 0.498417 0.468840
vt 0.504501 0.504724
vt 0.804552 0.090504
vt 0.804060 0.035360
vt 0.008864 0.384972
vt 0.019853 0.275085
vt 0.018249 0.277948
vt 0.452571 0.839170
vt 0.452571 0.850476
vt 0.012879 0.276588
vt 0.545500 0.472948
vt 0.560089 0.460191
vt 0.561183 0.471783
vt 0.079683 0.383747
vt 0.545500 0.472948
vt 0.498518 0.827864
vt 0.498518 0.839170
vt 0.023841 0.286561
vt 0.057897 0.342002
vt 0.923387 0.298416
vt 0.924860 0.889683
vt 0.920100 0.878771
vt 0.468895 0.175454
vt 0.761406 0.791645
vt 0.755758 0.794166
vt 0.012327 0.450462
vt 0.009646 0.456365
vt 0.047341 0.825348
vt 0.051956 0.816488
vt 0.059812 0.276177
vt 0.396923 0.253693
vt 0.396858 0.231823
vt 0.729370 0.037864
vt 0.731632 0.092421
vt 0.078852 0.317567
vt 0.917681 0.903197
vt 0.448993 0.564086
vt 0.456151 0.568691
vt 0.010862 0.870298
vt 0.009781 0.857757
vt 0.426796 0.489224
vt 0.019913 0.866764
vt 0.813973 0.626442
vt 0.079717 0.219818
vt 0.061663 0.264657
vt 0.045316 0.240811
vt 0.252563 0.132313
vt 0.235114 0.096859
vt 0.257177 0.126066
vt 0.895199 0.861163
vt 0.911815 0.906424
vt 0.904926 0.906384
vt 0.470949 0.839170
vt 0.470949 0.827864
vt 0.058705 0.371162
vt 0.894224 0.962037
vt 0.886970 0.305382
vt 0.034508 0.854961
vt 0.967628 0.940255
vt 0.976673 0.957150
vt 0.025980 0.305063
vt 0.026817 0.305252
vt 0.127091 0.366877
vt 0.009957 0.799008
vt 0.014059 0.807178
vt 0.013186 0.802805
vt 0.025005 0.259299
vt 0.819159 0.329775
vt 0.631789 0.778944
vt 0.034924 0.928338
vt 0.046745 0.729246
vt 0.013507 0.450957
vt 0.915437 0.951021
vt 0.919578 0.967533
vt 0.012894 0.224486
vt 0.006380 0.923532
vt 0.565922 0.470460
vt 0.583568 0.477259
vt 0.564245 0.484674
vt 0.081443 0.351302
vt 0.093770 0.345981
vt 0.016894 0.305513
vt 0.019937 0.486363
vt 0.082149 0.969496
vt 0.016870 0.409398
vt 0.559198 0.306823
vt 0.059144 0.351007
vt 0.057047 0.348615
vt 0.122021 0.366874
vt 0.075066 0.352745
vt 0.026468 0.385811
vt 0.030688 0.382694
vt 0.026480 0.383073
vt 0.499509 0.218616
vt 0.063853 0.930006
vt 0.067259 0.961653
vt 0.457715 0.170391
vt 0.051650 0.305031
vt 0.025552 0.474603
vt 0.028371 0.476494
vt 0.024700 0.471011
vt 0.101884 0.346967
vt 0.105279 0.357665
vt 0.103184 0.350798
vt 0.094443 0.351805
vt 0.101822 0.363404
vt 0.881474 0.899419
vt 0.884359 0.900726
vt 0.987916 0.100092
vt 0.989517 0.041630
vt 0.016791 0.261572
vt 0.021438 0.262211
vt 0.021877 0.732208
vt 0.761292 0.463327
vt 0.516273 0.512250
vt 0.504501 0.504724
vt 0.410112 0.181947
vt 0.106986 0.357424
vt 0.075391 0.384005
vt 0.073607 0.387561
vt 0.073554 0.386984
vt 0.542568 0.198325
vt 0.581241 0.198004
vt 0.581867 0.179577
vt 0.543375 0.177109
vt 0.841448 0.034997
vt 0.878794 0.035987
vt 0.008503 0.319317
vt 0.009570 0.326532
vt 0.010119 0.319450
vt 0.040345 0.382281
vt 0.902613 0.982294
vt 0.897698 0.983051
vt 0.316482 0.124356
vt 0.697701 0.718008
vt 0.471033 0.545945
vt 0.468913 0.551315
vt 0.089918 0.370875
vt 0.913049 0.108207
vt 0.876497 0.120645
vt 0.912078 0.121940
vt 0.841429 0.027901
vt 0.803936 0.010868
vt 0.078121 0.365016
vt 0.075474 0.380135
vt 0.012508 0.304558
vt 0.069817 0.750690
vt 0.940099 0.804005
vt 0.928379 0.899419
vt 0.925495 0.900726
vt 0.023620 0.407580
vt 0.013785 0.321139
vt 0.025960 0.414857
vt 0.055185 0.292727
vt 0.456507 0.159876
vt 0.010200 0.457040
vt 0.016911 0.454988
vt 0.068468 0.323287
vt 0.067427 0.319543
vt 0.291012 0.177970
vt 0.658430 0.096096
vt 0.654989 0.041760
vt 0.692206 0.039515
vt 0.695038 0.093946
vt 0.897938 0.474048
vt 0.953582 0.009790
vt 0.989890 0.013090
vt 0.990590 0.016057
vt 0.911340 0.227873
vt 0.059831 0.281407
vt 0.516320 0.543695
vt 0.504794 0.550932
vt 0.515151 0.551768
vt 0.447427 0.201932
vt 0.418537 0.234998
vt 0.028574 0.476912
vt 0.028017 0.476876
vt 0.953239 0.033988
vt 0.991158 0.034962
vt 0.990416 0.036881
vt 0.121377 0.592425
vt 0.640720 0.498706
vt 0.606309 0.468054
vt 0.013866 0.389815
vt 0.008682 0.385089
vt 0.087072 0.335859
vt 0.489329 0.873089
vt 0.498518 0.873089
vt 0.021933 0.473825
vt 0.018230 0.362401
vt 0.290831 0.880895
vt 0.026180 0.372450
vt 0.405189 0.078003
vt 0.522073 0.568850
vt 0.026484 0.358012
vt 0.030693 0.357623
vt 0.766912 0.232768
vt 0.841104 0.090771
vt 0.779476 0.915069
vt 0.477126 0.513577
vt 0.476616 0.522169
vt 0.030612 0.340405
vt 0.053585 0.736980
vt 0.056207 0.748572
vt 0.111214 0.360591
vt 0.951485 0.178612
vt 0.990957 0.197176
vt 0.989922 0.219400
vt 0.951440 0.216877
vt 0.008429 0.409887
vt 0.933287 0.835864
vt 0.923340 0.851484
vt 0.926591 0.852974
vt 0.445525 0.184375
vt 0.021849 0.500558
vt 0.456151 0.568691
vt 0.459393 0.549054
vt 0.457476 0.561553
vt 0.873045 0.962037
vt 0.552965 0.840152
vt 0.753265 0.493915
vt 0.011013 0.329179
vt 0.014308 0.884989
vt 0.006629 0.892564
vt 0.933532 0.983484
vt 0.013888 0.364810
vt 0.008685 0.360101
vt 0.012490 0.461700
vt 0.009999 0.465449
vt 0.122116 0.695354
vt 0.140488 0.649857
vt 0.461760 0.839170
vt 0.013120 0.225007
vt 0.013133 0.224536
vt 0.397225 0.259571
vt 0.808992 0.978847
vt 0.022828 0.493888
vt 0.454477 0.193445
vt 0.008429 0.468363
vt 0.063853 0.930006
vt 0.067259 0.961653
vt 0.695861 0.151168
vt 0.731164 0.150782
vt 0.731064 0.159210
vt 0.695604 0.159605
vt 0.916394 0.008093
vt 0.916361 0.010928
vt 0.948744 0.110474
vt 0.983443 0.115568
vt 0.378252 0.232520
vt 0.515865 0.370258
vt 0.554751 0.367823
vt 0.078673 0.343911
vt 0.579855 0.020859
vt 0.616832 0.015062
vt 0.616953 0.017895
vt 0.654047 0.012229
vt 0.691425 0.010161
vt 0.691545 0.012988
vt 0.654185 0.015048
vt 0.265176 0.388990
vt 0.942909 0.241260
vt 0.908444 0.237555
vt 0.908031 0.240396
vt 0.074188 0.820268
vt 0.073289 0.830631
vt 0.803190 0.220260
vt 0.839922 0.216131
vt 0.839585 0.220130
vt 0.729504 0.030493
vt 0.692206 0.031974
vt 0.691616 0.015618
vt 0.729064 0.014118
vt 0.952863 0.039256
vt 0.988600 0.041316
vt 0.066274 0.859342
vt 0.066466 0.857740
vt 0.623571 0.231332
vt 0.589627 0.235042
vt 0.624910 0.234130
vt 0.058316 0.983469
vt 0.065442 0.984273
vt 0.064326 0.994996
vt 0.055792 0.993727
vt 0.542042 0.025259
vt 0.579622 0.023546
vt 0.654980 0.036100
vt 0.617878 0.039026
vt 0.618181 0.044001
vt 0.655168 0.041047
vt 0.617706 0.036966
vt 0.616940 0.020571
vt 0.694758 0.163536
vt 0.658898 0.164013
vt 0.658103 0.167535
vt 0.878788 0.028911
vt 0.841429 0.027901
vt 0.624886 0.160624
vt 0.660221 0.159985
vt 0.702368 0.862484
vt 0.056784 0.938800
vt 0.055252 0.937658
vt 0.044443 0.744079
vt 0.802523 0.162946
vt 0.766596 0.162926
vt 0.619550 0.179690
vt 0.619149 0.198625
vt 0.048208 0.946173
vt 0.623178 0.164685
vt 0.991369 0.018664
vt 0.953579 0.031791
vt 0.654242 0.017706
vt 0.616953 0.017895
vt 0.616940 0.020571
vt 0.766422 0.010892
vt 0.803914 0.008204
vt 0.543575 0.019500
vt 0.579892 0.018003
vt 0.542794 0.022416
vt 0.841463 0.030001
vt 0.545793 0.049319
vt 0.695906 0.109296
vt 0.058080 0.726653
vt 0.362291 0.164378
vt 0.841463 0.030001
vt 0.014817 0.806905
vt 0.014816 0.807617
vt 0.262135 0.086703
vt 0.731322 0.232951
vt 0.695770 0.233275
vt 0.729504 0.030493
vt 0.729475 0.032457
vt 0.586685 0.229232
vt 0.584135 0.221929
vt 0.560101 0.488331
vt 0.489329 0.827864
vt 0.766422 0.010892
vt 0.728983 0.011438
vt 0.729064 0.014118
vt 0.684878 0.532103
vt 0.687536 0.502148
vt 0.693484 0.178532
vt 0.730119 0.178141
vt 0.730317 0.216449
vt 0.693738 0.216786
vt 0.966796 0.831515
vt 0.960570 0.829072
vt 0.910220 0.230636
vt 0.874540 0.230427
vt 0.875260 0.227714
vt 0.446357 0.508415
vt 0.617878 0.039026
vt 0.654934 0.034053
vt 0.654980 0.036100
vt 0.766761 0.034754
vt 0.729475 0.032457
vt 0.837498 0.159214
vt 0.837180 0.150807
vt 0.801886 0.150598
vt 0.802050 0.159024
vt 0.875977 0.174693
vt 0.587788 0.163387
vt 0.623178 0.164685
vt 0.066079 0.718641
vt 0.059607 0.727805
vt 0.058080 0.726653
vt 0.065710 0.718377
vt 0.953894 0.015278
vt 0.991369 0.018664
vt 0.990590 0.016057
vt 0.953626 0.012594
vt 0.732692 0.121621
vt 0.696634 0.123075
vt 0.908444 0.237555
vt 0.873190 0.237280
vt 0.873537 0.233204
vt 0.908903 0.233464
vt 0.696121 0.147598
vt 0.731276 0.147224
vt 0.766843 0.220264
vt 0.803190 0.220260
vt 0.013441 0.403365
vt 0.009427 0.402036
vt 0.024619 0.298350
vt 0.052968 0.310977
vt 0.049065 0.308426
vt 0.066274 0.859342
vt 0.066466 0.857740
vt 0.069452 0.788283
vt 0.069077 0.788028
vt 0.929235 0.987355
vt 0.928205 0.985923
vt 0.927173 0.988550
vt 0.655168 0.041047
vt 0.498518 0.782639
vt 0.027187 0.454512
vt 0.814667 0.298114
vt 0.825625 0.308720
vt 0.827676 0.301823
vt 0.619346 0.216927
vt 0.059495 0.351515
vt 0.327032 0.354047
vt 0.356263 0.327544
vt 0.360698 0.335596
vt 0.656983 0.217147
vt 0.620203 0.218657
vt 0.041735 0.955175
vt 0.660668 0.151535
vt 0.661128 0.147985
vt 0.730274 0.174213
vt 0.730451 0.166618
vt 0.592168 0.147268
vt 0.590915 0.150808
vt 0.907283 0.151555
vt 0.906440 0.147934
vt 0.871813 0.147705
vt 0.872338 0.151289
vt 0.913784 0.216868
vt 0.913795 0.178883
vt 0.876675 0.178561
vt 0.766617 0.166414
vt 0.730668 0.163132
vt 0.766596 0.162926
vt 0.908221 0.160009
vt 0.943660 0.158954
vt 0.941916 0.150494
vt 0.658898 0.164013
vt 0.660221 0.159985
vt 0.073289 0.830631
vt 0.074188 0.820268
vt 0.728983 0.011438
vt 0.766363 0.008231
vt 0.949687 0.174609
vt 0.986807 0.168880
vt 0.989863 0.174623
vt 0.766650 0.174013
vt 0.766671 0.177950
vt 0.069703 0.890990
vt 0.590915 0.150808
vt 0.592168 0.147268
vt 0.626424 0.148440
vt 0.625681 0.152102
vt 0.953579 0.031791
vt 0.092432 0.943531
vt 0.100176 0.952217
vt 0.695906 0.109296
vt 0.545793 0.049319
vt 0.581523 0.047200
vt 0.580901 0.042126
vt 0.543710 0.044472
vt 0.766527 0.150577
vt 0.766559 0.159002
vt 0.873537 0.233204
vt 0.873190 0.237280
vt 0.802319 0.239609
vt 0.837834 0.236803
vt 0.802401 0.236793
vt 0.694758 0.163536
vt 0.838437 0.163076
vt 0.872877 0.159726
vt 0.874298 0.163637
vt 0.910026 0.163903
vt 0.692204 0.034015
vt 0.624886 0.160624
vt 0.088428 0.943961
vt 0.656676 0.179030
vt 0.693484 0.178532
vt 0.064326 0.994996
vt 0.065442 0.984273
vt 0.058316 0.983469
vt 0.055792 0.993727
vt 0.875138 0.167115
vt 0.911256 0.167413
vt 0.945412 0.163038
vt 0.947088 0.166714
vt 0.691616 0.015618
vt 0.691545 0.012988
vt 0.654185 0.015048
vt 0.013784 0.447652
vt 0.728841 0.008561
vt 0.766273 0.005471
vt 0.940555 0.146880
vt 0.960130 0.916375
vt 0.951586 0.932929
vt 0.546364 0.171665
vt 0.583688 0.175403
vt 0.586161 0.167240
vt 0.551500 0.163918
vt 0.878807 0.031000
vt 0.841448 0.034997
vt 0.907283 0.151555
vt 0.872338 0.151289
vt 0.871813 0.147705
vt 0.906440 0.147934
vt 0.978804 0.152041
vt 0.975758 0.143760
vt 0.060893 0.772457
vt 0.062779 0.760362
vt 0.068801 0.760996
vt 0.068014 0.773241
vt 0.732166 0.107804
vt 0.731632 0.092421
vt 0.768119 0.090895
vt 0.768381 0.106439
vt 0.730498 0.220437
vt 0.694115 0.220760
vt 0.943565 0.238400
vt 0.908031 0.240396
vt 0.428586 0.760204
vt 0.581131 0.048246
vt 0.617876 0.044804
vt 0.696216 0.240156
vt 0.660658 0.237736
vt 0.660962 0.240545
vt 0.054817 0.805176
vt 0.589561 0.159266
vt 0.660658 0.237736
vt 0.696216 0.240156
vt 0.660962 0.240545
vt 0.014687 0.283846
vt 0.017587 0.281723
vt 0.802319 0.239609
vt 0.837834 0.236803
vt 0.837655 0.239643
vt 0.872909 0.240090
vt 0.402503 0.672430
vt 0.074582 0.959127
vt 0.766929 0.236834
vt 0.766942 0.239650
vt 0.837655 0.239643
vt 0.543375 0.177109
vt 0.546364 0.171665
vt 0.581867 0.179577
vt 0.562971 0.401117
vt 0.766671 0.177950
vt 0.766650 0.174013
vt 0.730274 0.174213
vt 0.730119 0.178141
vt 0.766942 0.239650
vt 0.766929 0.236834
vt 0.802401 0.236793
vt 0.989890 0.013090
vt 0.953582 0.009790
vt 0.803332 0.216294
vt 0.766826 0.216275
vt 0.904340 0.981575
vt 0.981368 0.160733
vt 0.947088 0.166714
vt 0.949687 0.174609
vt 0.986807 0.168880
vt 0.067892 0.798743
vt 0.064472 0.808869
vt 0.838709 0.229960
vt 0.838062 0.232726
vt 0.069703 0.890990
vt 0.588088 0.117962
vt 0.548322 0.109151
vt 0.553589 0.124500
vt 0.804059 0.034564
vt 0.804067 0.029529
vt 0.048834 0.295421
vt 0.017682 0.931757
vt 0.558771 0.144316
vt 0.556403 0.147815
vt 0.804649 0.119798
vt 0.768381 0.106439
vt 0.768719 0.120284
vt 0.911617 0.904629
vt 0.766508 0.147022
vt 0.731276 0.147224
vt 0.731164 0.150782
vt 0.838437 0.163076
vt 0.874298 0.163637
vt 0.065248 0.858668
vt 0.943660 0.158954
vt 0.910026 0.163903
vt 0.908221 0.160009
vt 0.059607 0.727805
vt 0.587788 0.163387
vt 0.553093 0.160454
vt 0.621989 0.168228
vt 0.838062 0.232726
vt 0.732166 0.107804
vt 0.179473 0.487388
vt 0.581033 0.180391
vt 0.543887 0.222661
vt 0.542327 0.179955
vt 0.087655 0.992738
vt 0.077179 0.983166
vt 0.078723 0.994344
vt 0.804568 0.105977
vt 0.616832 0.015062
vt 0.122276 0.977659
vt 0.106889 0.960203
vt 0.102607 0.963428
vt 0.979648 0.156860
vt 0.981368 0.160733
vt 0.803229 0.177993
vt 0.839869 0.177942
vt 0.581241 0.217253
vt 0.542568 0.218972
vt 0.542326 0.199566
vt 0.581044 0.198898
vt 0.072830 0.842923
vt 0.071904 0.853673
vt 0.063358 0.852558
vt 0.730317 0.216449
vt 0.693738 0.216786
vt 0.620632 0.175854
vt 0.061015 0.376218
vt 0.944178 0.234295
vt 0.945517 0.231366
vt 0.979962 0.234932
vt 0.979251 0.238042
vt 0.731460 0.237019
vt 0.625848 0.241033
vt 0.625406 0.238211
vt 0.024423 0.467706
vt 0.554089 0.237361
vt 0.586685 0.229232
vt 0.552345 0.234566
vt 0.878985 0.006920
vt 0.766894 0.230031
vt 0.766912 0.232768
vt 0.839132 0.227234
vt 0.838709 0.229960
vt 0.874540 0.230427
vt 0.875260 0.227714
vt 0.802504 0.232727
vt 0.802814 0.229994
vt 0.884912 0.374343
vt 0.064046 0.928404
vt 0.511513 0.308025
vt 0.978543 0.242189
vt 0.977193 0.244959
vt 0.942909 0.241260
vt 0.542326 0.179957
vt 0.581044 0.180443
vt 0.580403 0.040018
vt 0.542762 0.042278
vt 0.044171 0.884524
vt 0.038359 0.892745
vt 0.542794 0.022416
vt 0.579622 0.023546
vt 0.579855 0.020859
vt 0.657328 0.175132
vt 0.839922 0.216131
vt 0.766613 0.035647
vt 0.729370 0.037864
vt 0.729559 0.037211
vt 0.507707 0.839170
vt 0.550425 0.563358
vt 0.542328 0.572631
vt 0.101586 0.397705
vt 0.378930 0.217818
vt 0.436905 0.459856
vt 0.515980 0.654353
vt 0.060484 0.342030
vt 0.060313 0.330989
vt 0.143227 0.389322
vt 0.477230 0.235285
vt 0.482039 0.237010
vt 0.059925 0.316277
vt 0.061158 0.314715
vt 0.058751 0.659994
vt 0.143848 0.113997
vt 0.143848 0.113997
vt 0.010152 0.727486
vt 0.007697 0.708999
vt 0.978814 0.449750
vt 0.976863 0.442025
vt 0.480138 0.782639
vt 0.480138 0.793945
vt 0.315978 0.110439
vt 0.872143 0.897121
vt 0.467309 0.228988
vt 0.016534 0.247192
vt 0.065119 0.536135
vt 0.454442 0.520082
vt 0.451801 0.543192
vt 0.841481 0.005921
vt 0.526942 0.688557
vt 0.751173 0.384317
vt 0.047799 0.746345
vt 0.313324 0.150452
vt 0.549967 0.689881
vt 0.014585 0.744370
vt 0.012535 0.736089
vt 0.013170 0.736889
vt 0.012966 0.736668
vt 0.383190 0.193141
vt 0.254299 0.321079
vt 0.314825 0.337219
vt 0.992506 0.695135
vt 0.605133 0.495794
vt 0.079657 0.332679
vt 0.083918 0.334050
vt 0.519877 0.576630
vt 0.053547 0.959608
vt 0.050827 0.948020
vt 0.043260 0.991254
vt 0.124722 0.314635
vt 0.008429 0.359280
vt 0.982729 0.835018
vt 0.340937 0.235683
vt 0.665726 0.355633
vt 0.891265 0.358211
vt 0.016745 0.215279
vt 0.124981 0.893617
vt 0.155810 0.942478
vt 0.113997 0.918877
vt 0.450248 0.140563
vt 0.238973 0.952093
vt 0.228180 0.988199
vt 0.309066 0.212497
vt 0.262763 0.910758
vt 0.248426 0.929773
vt 0.029630 0.436969
vt 0.419732 0.034409
vt 0.507707 0.850476
vt 0.369850 0.787820
vt 0.406676 0.743099
vt 0.406676 0.743099
vt 0.038354 0.661110
vt 0.021140 0.470079
vt 0.477465 0.681164
vt 0.731460 0.237019
vt 0.696017 0.237346
vt 0.397068 0.542974
vt 0.438377 0.562870
vt 0.892398 0.902470
vt 0.930109 0.929381
vt 0.095346 0.311182
vt 0.260337 0.448071
vt 0.041735 0.955175
vt 0.043940 0.940326
vt 0.282999 0.602669
vt 0.889753 0.878771
vt 0.918252 0.904598
vt 0.195556 0.521831
vt 0.864719 0.972322
vt 0.545253 0.508354
vt 0.573448 0.293079
vt 0.566323 0.311425
vt 0.319711 0.344095
vt 0.319105 0.186545
vt 0.316778 0.499815
vt 0.032650 0.269138
vt 0.372733 0.548845
vt 0.408600 0.168861
vt 0.413768 0.148944
vt 0.396584 0.151721
vt 0.430821 0.536288
vt 0.425443 0.507369
vt 0.359576 0.131390
vt 0.374704 0.149643
vt 0.383440 0.132885
vt 0.432242 0.473735
vt 0.383103 0.476475
vt 0.408787 0.434904
vt 0.195957 0.062420
vt 0.182780 0.077865
vt 0.507707 0.793945
vt 0.507707 0.782639
vt 0.006914 0.605487
vt 0.017247 0.564825
vt 0.021243 0.495630
vt 0.024874 0.496236
vt 0.326012 0.195872
vt 0.315193 0.194165
vt 0.307974 0.205280
vt 0.020493 0.409500
vt 0.984176 0.687990
vt 0.411380 0.265097
vt 0.372937 0.326035
vt 0.550122 0.571222
vt 0.981573 0.425497
vt 0.985902 0.409619
vt 0.294655 0.303022
vt 0.018344 0.462127
vt 0.887752 0.938460
vt 0.873959 0.944846
vt 0.978804 0.152041
vt 0.335761 0.255185
vt 0.286386 0.045487
vt 0.679789 0.730705
vt 0.335761 0.255185
vt 0.684438 0.720102
vt 0.688631 0.310989
vt 0.195594 0.971180
vt 0.610156 0.580144
vt 0.945036 0.787878
vt 0.940099 0.804005
vt 0.904926 0.857963
vt 0.640267 0.531412
vt 0.992439 0.729824
vt 0.917455 0.902470
vt 0.298251 0.124718
vt 0.105314 0.737688
vt 0.014922 0.901939
vt 0.006629 0.892564
vt 0.552345 0.234566
vt 0.986775 0.224839
vt 0.439560 0.164763
vt 0.095815 0.937723
vt 0.096806 0.167463
vt 0.097568 0.120678
vt 0.127711 0.147577
vt 0.070893 0.062328
vt 0.017525 0.440677
vt 0.625848 0.241033
vt 0.014905 0.285742
vt 0.443381 0.793945
vt 0.490709 0.583277
vt 0.496919 0.581046
vt 0.012304 0.261499
vt 0.937965 0.301975
vt 0.758901 0.265485
vt 0.778361 0.281481
vt 0.403814 0.272452
vt 0.949641 0.982146
vt 0.713265 0.295923
vt 0.056207 0.748572
vt 0.504246 0.584380
vt 0.502661 0.573630
vt 0.029778 0.448307
vt 0.842906 0.521803
vt 0.030746 0.408608
vt 0.030661 0.407916
vt 0.802708 0.323060
vt 0.801206 0.292455
vt 0.129916 0.030849
vt 0.504687 0.543666
vt 0.149153 0.484048
vt 0.722905 0.607556
vt 0.363642 0.186771
vt 0.348645 0.189084
vt 0.307541 0.189471
vt 0.921823 0.877981
vt 0.806609 0.366685
vt 0.879115 0.391267
vt 0.319105 0.186545
vt 0.338795 0.186014
vt 0.326012 0.195872
vt 0.100015 0.741309
vt 0.698568 0.309925
vt 0.496708 0.234852
vt 0.070270 0.438365
vt 0.557661 0.579900
vt 0.558968 0.571403
vt 0.618028 0.322162
vt 0.889675 0.866133
vt 0.955693 0.360713
vt 0.316482 0.124356
vt 0.618163 0.640362
vt 0.824301 0.578097
vt 0.777705 0.581541
vt 0.916075 0.032419
vt 0.586870 0.494049
vt 0.079069 0.718678
vt 0.096869 0.684321
vt 0.532829 0.520425
vt 0.685030 0.721695
vt 0.461473 0.574024
vt 0.945566 0.334877
vt 0.992506 0.695135
vt 0.992378 0.707203
vt 0.930691 0.357545
vt 0.443867 0.494743
vt 0.467195 0.135978
vt 0.383640 0.077177
vt 0.927672 0.542832
vt 0.936379 0.527686
vt 0.953811 0.530491
vt 0.100271 0.238275
vt 0.073298 0.387025
vt 0.922867 0.987248
vt 0.922867 0.989427
vt 0.045316 0.240811
vt 0.973163 0.823615
vt 0.930677 0.928800
vt 0.837180 0.150807
vt 0.836870 0.147259
vt 0.397623 0.193813
vt 0.387611 0.194708
vt 0.887726 0.901634
vt 0.803002 0.227301
vt 0.766871 0.227330
vt 0.766843 0.220264
vt 0.562480 0.492228
vt 0.560101 0.488331
vt 0.049400 0.493638
vt 0.962098 0.319532
vt 0.022214 0.435593
vt 0.127246 0.356635
vt 0.289728 0.203330
vt 0.289810 0.185882
vt 0.464044 0.520988
vt 0.590303 0.239136
vt 0.840606 0.119981
vt 0.920788 0.318623
vt 0.753265 0.493915
vt 0.525193 0.552180
vt 0.025762 0.431355
vt 0.084613 0.982098
vt 0.959569 0.682891
vt 0.132931 0.207935
vt 0.254486 0.050247
vt 0.292118 0.075991
vt 0.007458 0.659391
vt 0.305445 0.013512
vt 0.200370 0.856836
vt 0.323324 0.004937
vt 0.080781 0.303882
vt 0.730699 0.251598
vt 0.123250 0.367763
vt 0.528040 0.512171
vt 0.359643 0.114632
vt 0.483961 0.220045
vt 0.472193 0.208320
vt 0.511589 0.445885
vt 0.289810 0.185882
vt 0.143227 0.389322
vt 0.016798 0.277488
vt 0.103185 0.358710
vt 0.101804 0.355658
vt 0.947424 0.755728
vt 0.015097 0.761326
vt 0.006860 0.751899
vt 0.434379 0.262348
vt 0.432466 0.266020
vt 0.342909 0.173877
vt 0.333261 0.172658
vt 0.032095 0.282075
vt 0.027442 0.281552
vt 0.023903 0.338739
vt 0.030884 0.339590
vt 0.120485 0.350100
vt 0.353152 0.171768
vt 0.345943 0.174608
vt 0.350236 0.181804
vt 0.912002 0.907510
vt 0.061162 0.299709
vt 0.485749 0.198818
vt 0.437776 0.188905
vt 0.425304 0.259585
vt 0.563299 0.364008
vt 0.554751 0.367823
vt 0.660287 0.233659
vt 0.097132 0.954651
vt 0.405189 0.078003
vt 0.762818 0.799483
vt 0.695861 0.151168
vt 0.696121 0.147598
vt 0.466859 0.563129
vt 0.346854 0.241487
vt 0.028901 0.956191
vt 0.012468 0.972565
vt 0.022410 0.981222
vt 0.603958 0.523534
vt 0.398518 0.183157
vt 0.470949 0.873089
vt 0.355591 0.231103
vt 0.730746 0.227505
vt 0.031526 0.529126
vt 0.011871 0.955614
vt 0.004184 0.963182
vt 0.019362 0.436866
vt 0.883634 0.936232
vt 0.338438 0.481207
vt 0.032556 0.697994
vt 0.980153 0.991991
vt 0.068015 0.324184
vt 0.832805 0.402949
vt 0.851432 0.360864
vt 0.489838 0.238262
vt 0.622437 0.228594
vt 0.658496 0.228154
vt 0.777705 0.581541
vt 0.787690 0.542320
vt 0.545854 0.460827
vt 0.537073 0.457491
vt 0.008981 0.359280
vt 0.027815 0.301234
vt 0.027379 0.304819
vt 0.444710 0.264125
vt 0.544331 0.581633
vt 0.352733 0.249474
vt 0.796444 0.509025
vt 0.972279 0.343243
vt 0.480140 0.861783
vt 0.978814 0.449750
vt 0.019628 0.832295
vt 0.011154 0.823083
vt 0.498775 0.391088
vt 0.507607 0.365855
vt 0.344999 0.255051
vt 0.023026 0.921932
vt 0.027701 0.920780
vt 0.008214 0.917540
vt 0.535089 0.017560
vt 0.990842 0.177718
vt 0.134860 0.025312
vt 0.116898 0.019348
vt 0.121906 0.013836
vt 0.090466 0.945138
vt 0.083697 0.934782
vt 0.062828 0.929331
vt 0.545226 0.049990
vt 0.548322 0.109151
vt 0.012840 0.225052
vt 0.839132 0.227234
vt 0.554746 0.240362
vt 0.588297 0.232112
vt 0.654242 0.017706
vt 0.078723 0.994344
vt 0.077179 0.983166
vt 0.017451 0.343181
vt 0.691425 0.010161
vt 0.025880 0.470515
vt 0.424738 0.190195
vt 0.480138 0.805251
vt 0.480138 0.816558
vt 0.654934 0.034053
vt 0.692206 0.031974
vt 0.088428 0.943961
vt 0.102607 0.963428
vt 0.106889 0.960203
vt 0.803332 0.216294
vt 0.551500 0.163918
vt 0.553093 0.160454
vt 0.617706 0.036966
vt 0.100176 0.952217
vt 0.802523 0.162946
vt 0.730746 0.227505
vt 0.081979 0.935987
vt 0.729559 0.037211
vt 0.875977 0.174693
vt 0.621753 0.098924
vt 0.579892 0.018003
vt 0.731569 0.239836
vt 0.766826 0.216275
vt 0.542042 0.025259
vt 0.461711 0.360887
vt 0.511513 0.308025
vt 0.463313 0.311664
vt 0.878967 0.012454
vt 0.916439 0.013677
vt 0.878788 0.028911
vt 0.841481 0.005921
vt 0.020748 0.338492
vt 0.082149 0.969496
vt 0.075859 0.970251
vt 0.916142 0.030316
vt 0.489329 0.782639
vt 0.480140 0.793945
vt 0.804568 0.105977
vt 0.731064 0.159210
vt 0.695604 0.159605
vt 0.991158 0.034962
vt 0.050640 0.875519
vt 0.912681 0.175035
vt 0.050976 0.735118
vt 0.545226 0.049990
vt 0.066980 0.783942
vt 0.588297 0.232112
vt 0.554089 0.237361
vt 0.541517 0.563139
vt 0.538823 0.539928
vt 0.912697 0.220794
vt 0.042884 0.822642
vt 0.915247 0.967343
vt 0.981696 0.232179
vt 0.766508 0.147022
vt 0.801734 0.147041
vt 0.766527 0.150577
vt 0.182158 0.148983
vt 0.836870 0.147259
vt 0.990416 0.036881
vt 0.074582 0.959127
vt 0.692204 0.034015
vt 0.692318 0.038890
vt 0.801734 0.147041
vt 0.945412 0.163038
vt 0.051956 0.816488
vt 0.911256 0.167413
vt 0.553978 0.156211
vt 0.028562 0.476417
vt 0.066164 0.971999
vt 0.980851 0.129187
vt 0.946918 0.124225
vt 0.868129 0.414881
vt 0.556403 0.147815
vt 0.558771 0.144316
vt 0.730668 0.163132
vt 0.979648 0.156860
vt 0.766559 0.159002
vt 0.021188 0.779707
vt 0.026391 0.782174
vt 0.196589 0.088598
vt 0.209409 0.072992
vt 0.696634 0.123075
vt 0.732692 0.121621
vt 0.922867 0.967572
vt 0.872877 0.159726
vt 0.590994 0.241997
vt 0.058253 0.923068
vt 0.066785 0.924336
vt 0.067900 0.913611
vt 0.060774 0.912809
vt 0.619148 0.217081
vt 0.618951 0.198780
vt 0.582269 0.217899
vt 0.543887 0.221661
vt 0.547094 0.227183
vt 0.584135 0.221929
vt 0.696017 0.237346
vt 0.590994 0.241997
vt 0.553978 0.156211
vt 0.589561 0.159266
vt 0.443381 0.827864
vt 0.443381 0.839170
vt 0.555548 0.244458
vt 0.556931 0.247167
vt 0.028009 0.477093
vt 0.547094 0.227183
vt 0.582269 0.218899
vt 0.072830 0.842923
vt 0.731569 0.239836
vt 0.875138 0.167115
vt 0.012168 0.789644
vt 0.012177 0.794436
vt 0.977193 0.244959
vt 0.692318 0.038890
vt 0.979962 0.234932
vt 0.581437 0.217152
vt 0.975758 0.143760
vt 0.940555 0.146880
vt 0.973368 0.140513
vt 0.024870 0.910587
vt 0.068014 0.773241
vt 0.068801 0.760996
vt 0.047799 0.746345
vt 0.802504 0.232727
vt 0.068612 0.901335
vt 0.556931 0.247167
vt 0.555548 0.244458
vt 0.126300 0.370380
vt 0.654047 0.012229
vt 0.069452 0.788283
vt 0.069077 0.788028
vt 0.060153 0.971358
vt 0.062530 0.960959
vt 0.448338 0.209690
vt 0.620126 0.198625
vt 0.803910 0.005376
vt 0.619063 0.180219
vt 0.804649 0.119798
vt 0.768719 0.120284
vt 0.755361 0.789191
vt 0.941916 0.150494
vt 0.441188 0.205353
vt 0.973368 0.140513
vt 0.584954 0.102743
vt 0.617876 0.044804
vt 0.047551 0.886773
vt 0.554746 0.240362
vt 0.803910 0.005376
vt 1.217388 0.428977
vt 1.214915 0.428761
vt 1.217381 0.429043
vt 0.071904 0.853673
vt 0.063358 0.852558
vt 0.946918 0.124225
vt 0.980851 0.129187
vt 0.518867 0.304353
vt 0.590459 0.131638
vt 0.986040 0.405456
vt 0.562971 0.401117
vt 0.420047 0.004349
vt 0.108669 0.936138
vt 0.045724 0.920603
vt 0.405138 0.233151
vt 0.405361 0.254023
vt 0.415410 0.243368
vt 0.619149 0.198015
vt 0.511589 0.445885
vt 0.892172 0.903197
vt 0.024995 0.770040
vt 0.061421 0.940017
vt 0.064241 0.729051
vt 0.411380 0.265097
vt 0.060061 0.351175
vt 0.062273 0.344970
vt 0.040315 0.966189
vt 0.030829 0.986385
vt 0.057783 0.950067
vt 0.920553 0.861552
vt 0.924826 0.862221
vt 0.138784 0.361875
vt 0.136059 0.358305
vt 0.415433 0.234448
vt 0.058399 0.782726
vt 0.066980 0.783942
vt 0.070113 0.788681
vt 0.573448 0.293079
vt 0.566234 0.282919
vt 0.448993 0.564086
vt 0.060534 0.739069
vt 0.543575 0.019500
vt 0.955067 0.905185
vt 0.037835 0.800159
vt 0.050427 0.799418
vt 0.035913 0.963391
vt 0.507598 0.290859
vt 0.070275 0.787076
vt 0.084613 0.982098
vt 0.912202 0.983484
vt 0.915165 0.988518
vt 0.033396 0.775255
vt 0.840805 0.106186
vt 0.046367 0.869675
vt 0.556720 0.138024
vt 0.045111 0.957425
vt 0.055013 0.308559
vt 0.605133 0.495794
vt 0.560942 0.513153
vt 0.564180 0.504405
vt 0.746136 0.515135
vt 0.876981 0.106869
vt 0.927672 0.542832
vt 0.880019 0.557771
vt 0.936379 0.527686
vt 0.953811 0.530491
vt 0.009844 0.327039
vt 0.955922 0.992129
vt 0.480584 0.521204
vt 0.662890 0.425131
vt 0.814667 0.298114
vt 0.827676 0.301823
vt 0.618028 0.322162
vt 0.048439 0.333937
vt 0.476074 0.489771
vt 0.018843 0.456920
vt 0.067841 0.315253
vt 0.069209 0.323117
vt 0.796444 0.509025
vt 0.119393 0.373244
vt 0.023374 0.267670
vt 0.851613 0.613138
vt 0.904926 0.907222
vt 0.480138 0.873089
vt 0.015062 0.284304
vt 0.862929 0.981575
vt 0.119616 0.373341
vt 0.346854 0.241487
vt 0.548379 0.487367
vt 0.014044 0.736922
vt 0.048345 0.294698
vt 0.010505 0.842342
vt 0.016980 0.709198
vt 0.009976 0.327291
vt 0.930496 0.982594
vt 0.540809 0.784187
vt 0.542810 0.218768
vt 0.025883 0.305317
vt 0.015523 0.218323
vt 0.503899 0.111430
vt 0.008645 0.304112
vt 0.434257 0.704674
vt 0.014975 0.798289
vt 0.722519 0.633980
vt 0.023298 0.252259
vt 0.930569 0.988518
vt 0.927972 0.990383
vt 0.038354 0.661110
vt 0.038563 0.385856
vt 0.024297 0.492969
vt 0.323943 0.238450
vt 0.338922 0.207756
vt 0.480138 0.839170
vt 0.167660 0.294590
vt 0.013573 0.283786
vt 0.007149 0.861772
vt 0.016599 0.728481
vt 0.414923 0.192248
vt 0.127095 0.371788
vt 0.140828 0.365184
vt 0.010418 0.912067
vt 0.581437 0.217152
vt 0.619346 0.216927
vt 0.619149 0.198625
vt 0.013348 0.736175
vt 0.012306 0.736210
vt 0.009313 0.345444
vt 0.011210 0.349566
vt 0.130996 0.949817
vt 0.693176 0.662078
vt 0.085438 0.316868
vt 0.089770 0.311145
vt 0.275676 0.118327
vt 0.064519 0.331320
vt 0.012309 0.224580
vt 0.120081 0.373835
vt 0.082326 0.381753
vt 0.068075 0.324435
vt 0.076196 0.343160
vt 0.073608 0.345422
vt 0.024721 0.258807
vt 0.735604 0.614986
vt 0.291012 0.177970
vt 0.502661 0.573630
vt 0.509976 0.580658
vt 0.516802 0.585114
vt 0.480138 0.827864
vt 0.011750 0.924358
vt 0.008429 0.261821
vt 0.986631 0.789467
vt 0.025322 0.345016
vt 0.079717 0.219818
vt 0.004613 0.842618
vt 0.894838 0.871480
vt 0.029925 0.501139
vt 0.468913 0.551315
vt 0.770460 0.805912
vt 0.913054 0.950778
vt 0.462852 0.157893
vt 0.442903 0.473669
vt 0.883635 0.986673
vt 0.030659 0.338930
vt 0.471294 0.456757
vt 0.132931 0.207935
vt 0.916414 0.038267
vt 0.075546 0.331738
vt 0.425304 0.259585
vt 0.446357 0.508415
vt 0.447934 0.514014
vt 0.465833 0.567658
vt 0.455290 0.575936
vt 0.810628 0.315299
vt 0.562480 0.492228
vt 0.060210 0.324269
vt 0.044216 0.322177
vt 0.482839 0.571119
vt 0.485247 0.582447
vt 0.455290 0.575936
vt 0.558968 0.571403
vt 0.561600 0.536735
vt 0.509976 0.580658
vt 0.509952 0.585772
vt 0.504246 0.584380
vt 0.235114 0.096859
vt 0.252563 0.132313
vt 0.230323 0.102893
vt 0.989662 0.517186
vt 0.991854 0.504783
vt 0.550957 0.582283
vt 0.095829 0.728864
vt 0.561600 0.536735
vt 0.089049 0.289252
vt 0.094046 0.766878
vt 0.012468 0.972565
vt 0.004184 0.963182
vt 0.461473 0.574024
vt 0.499112 0.522542
vt 0.485247 0.582447
vt 0.448612 0.572182
vt 0.490709 0.583277
vt 0.014585 0.744370
vt 0.006860 0.751899
vt 0.525193 0.552180
vt 0.010211 0.326748
vt 0.509952 0.585772
vt 0.992378 0.707203
vt 0.028486 0.349232
vt 0.989662 0.517186
vt 0.991854 0.504783
vt 0.550957 0.582283
vt 0.926196 0.920015
vt 0.922868 0.918003
vt 0.919540 0.920015
vt 0.913489 0.982957
vt 0.911282 0.967170
vt 0.917762 0.990383
vt 0.017247 0.564825
vt 0.992214 0.719344
vt 0.545982 0.516590
vt 0.973221 0.683346
vt 0.959569 0.682891
vt 0.564180 0.504405
vt 0.992128 0.758342
vt 0.931796 0.797132
vt 0.925726 0.784644
vt 0.859781 0.980765
vt 0.869571 0.983052
vt 0.499509 0.218616
vt 0.499366 0.226819
vt 0.097937 0.348910
vt 0.507598 0.290859
vt 0.514479 0.282986
vt 0.867895 0.932989
vt 0.325342 0.246767
vt 0.100015 0.741309
vt 0.033286 0.237562
vt 0.028867 0.252152
vt 0.022285 0.948117
vt 0.583568 0.477259
vt 0.929261 0.834315
vt 0.132775 0.354934
vt 0.931796 0.797132
vt 0.925726 0.784644
vt 0.025038 0.736922
vt 0.928682 0.889116
vt 0.530506 0.714331
vt 0.029466 0.236833
vt 0.008429 0.242278
vt 0.772342 0.798374
vt 0.525937 0.543510
vt 0.967602 0.926508
vt 0.351128 0.950967
vt 0.315682 0.915520
vt 0.302707 0.937992
vt 0.302707 0.963941
vt 0.338153 0.902546
vt 0.315681 0.986412
vt 0.364102 0.902546
vt 0.338152 0.999387
vt 0.386574 0.915520
vt 0.364101 0.999387
vt 0.399551 0.937994
vt 0.386577 0.986415
vt 0.399576 0.963950
vt 0.417194 0.987654
vt 0.452193 0.952655
vt 0.404383 0.965466
vt 0.439383 1.000464
vt 0.404382 0.939844
vt 0.465004 1.000464
vt 0.417194 0.917656
vt 0.487192 0.987654
vt 0.439382 0.904845
vt 0.500002 0.965464
vt 0.465003 0.904845
vt 0.500002 0.939844
vt 0.487191 0.917655
vt 0.351128 0.950967
vt 0.302707 0.937992
vt 0.315682 0.915520
vt 0.338153 0.902546
vt 0.302707 0.963941
vt 0.364102 0.902546
vt 0.315681 0.986412
vt 0.386574 0.915520
vt 0.338152 0.999387
vt 0.399551 0.937994
vt 0.364101 0.999387
vt 0.399576 0.963950
vt 0.386577 0.986415
vt 0.417194 0.987654
vt 0.404383 0.965466
vt 0.452193 0.952655
vt 0.439383 1.000464
vt 0.404382 0.939844
vt 0.465004 1.000464
vt 0.417194 0.917656
vt 0.487192 0.987654
vt 0.439382 0.904845
vt 0.500002 0.965464
vt 0.465003 0.904845
vt 0.500002 0.939844
vt 0.487191 0.917655
vt 0.630415 0.589821
vt 0.480140 0.873089
vt 0.967605 0.965629
vt 0.007216 0.934641
vt 0.987126 0.966094
vt 0.005892 0.779784
vt 0.507707 0.873089
vt 0.461881 0.294751
vt 0.855044 0.312152
vt 0.066164 0.971999
vt 0.479689 0.227185
vt 0.089426 0.094577
vt 0.514479 0.282986
vt 0.457876 0.382064
vt 0.916394 0.008093
vt 0.463313 0.311664
vt 0.461881 0.294751
vt 0.913049 0.108207
vt 0.922867 0.991547
vt 0.689337 0.715913
vt 0.988688 0.956552
vt 0.125096 0.350847
vt 0.139719 0.957037
vt 0.047628 0.294567
vt 0.978288 0.357359
vt 0.008922 0.456300
vt 0.305445 0.013512
vt 0.382976 0.257883
vt 0.344999 0.255051
vt 0.008668 0.383613
vt 0.079087 0.324145
vt 0.896567 0.299870
vt 0.952130 0.309708
vt 0.122454 0.391164
vt 0.566234 0.282919
vt 0.479689 0.227185
vt 0.499366 0.226819
vt 0.976863 0.442025
vt 0.952130 0.309708
vt 0.289728 0.203330
vt 0.008665 0.358624
vt 0.058399 0.782726
vt 0.035051 0.926335
vt 0.108735 0.366679
vt 0.009886 0.870537
vt 0.139719 0.957037
vt 0.073840 0.352000
vt 0.418537 0.234998
vt 0.134860 0.025312
vt 0.116898 0.019348
vt 0.121906 0.013836
vt 0.939123 0.823168
vt 0.471294 0.456757
vt 0.257177 0.126066
vt 0.439587 0.268117
vt 0.448612 0.572182
vt 0.498149 0.451878
vt 0.012865 0.352438
vt 0.011274 0.276785
vt 0.480140 0.816558
vt 0.075859 0.970251
vt 0.009316 0.326626
vt 0.073919 0.379685
vt 0.062331 0.709160
vt 0.026191 0.397505
vt 0.573448 0.392721
vt 0.068612 0.901335
vt 0.979251 0.238042
vt 0.021297 0.475042
vt 0.872909 0.240090
vt 0.480140 0.782639
vt 0.507392 0.398560
vt 0.981774 0.460690
vt 0.573448 0.392721
vt 0.060427 0.462056
vt 0.309066 0.212497
vt 0.992128 0.758342
vt 0.541517 0.563139
vt 0.470949 0.782639
vt 0.230323 0.102893
vt 0.542762 0.042278
vt 0.008429 0.495075
vt 0.092103 0.354154
vt 0.560089 0.460191
vt 0.010418 0.417464
vt 0.990719 0.862474
vt 0.042868 0.339461
vt 0.956223 0.817316
vt 0.228180 0.988199
vt 0.454991 0.009159
vt 0.012250 0.944361
vt 0.467195 0.135978
vt 0.491240 0.014747
vt 0.909632 0.299208
vt 0.457876 0.382064
vn 0.4984 -0.4292 0.7533
vn -0.3622 0.5972 0.7156
vn -0.0678 0.7514 0.6564
vn -0.8958 -0.4444 0.0049
vn -0.4263 -0.1169 -0.8970
vn -0.8474 0.4806 -0.2257
vn 0.7194 0.3102 0.6215
vn -0.5520 0.7366 0.3908
vn -0.4031 0.2899 0.8680
vn 0.7642 -0.5597 0.3205
vn 0.3016 -0.5462 0.7815
vn 0.7676 -0.5537 0.3229
vn -0.7917 0.5373 -0.2906
vn 0.3394 0.1678 0.9256
vn 0.2906 0.6941 -0.6587
vn 0.1213 0.8833 -0.4529
vn 0.1224 0.8832 -0.4528
vn 0.1204 0.8833 -0.4531
vn -0.8944 0.2819 -0.3472
vn -0.5643 0.8179 -0.1124
vn -0.4219 0.7481 0.5122
vn -0.8946 0.3514 -0.2760
vn -0.7016 -0.4369 0.5630
vn -0.6884 -0.0467 0.7239
vn -0.4034 -0.3334 -0.8521
vn -0.8286 -0.3762 -0.4147
vn -0.3658 -0.2264 -0.9028
vn -0.7948 0.5900 0.1422
vn -0.9954 0.0747 0.0596
vn -0.8892 0.3097 0.3366
vn -0.6938 -0.4701 0.5456
vn -0.6723 -0.4530 0.5855
vn -0.9471 0.2641 -0.1827
vn 0.1231 -0.8975 -0.4234
vn 0.2797 -0.9569 -0.0779
vn 0.7262 -0.6844 -0.0651
vn 0.2017 -0.8650 -0.4595
vn 0.8670 0.1781 0.4653
vn 0.6429 -0.7147 0.2756
vn -0.8442 0.1995 0.4975
vn -0.1987 -0.8708 -0.4498
vn -0.6291 -0.7298 0.2677
vn 0.2254 0.1438 0.9636
vn 0.1799 0.5172 0.8367
vn -0.8368 0.4592 0.2983
vn -0.8816 0.3840 0.2744
vn 0.8922 -0.3976 0.2140
vn 0.9998 0.0101 -0.0189
vn 0.8524 -0.5207 0.0471
vn 0.8923 -0.3976 0.2138
vn 0.9995 0.0195 -0.0229
vn 0.8525 -0.5206 0.0476
vn 0.3781 0.0639 -0.9236
vn 0.3338 0.0934 -0.9380
vn 0.3822 0.7009 -0.6022
vn 0.6197 0.5354 -0.5739
vn -0.2949 0.3601 -0.8851
vn 0.4693 -0.8744 -0.1232
vn 0.1115 -0.9761 -0.1867
vn 0.8884 -0.3977 0.2294
vn 0.9998 0.0197 -0.0055
vn 0.8513 -0.5192 0.0749
vn -0.9329 0.1700 0.3173
vn -0.9904 0.0921 -0.1035
vn -0.3378 -0.7469 0.5727
vn -0.4618 -0.8827 -0.0872
vn 0.2236 0.9003 0.3736
vn 0.2863 0.5268 0.8003
vn -0.4121 0.9099 -0.0467
vn 0.1449 0.9453 0.2922
vn 0.8904 -0.3975 0.2217
vn 0.9997 0.0195 -0.0142
vn 0.8519 -0.5193 0.0674
vn -0.2105 0.4353 -0.8753
vn -0.1057 -0.1665 -0.9804
vn -0.5128 0.1369 -0.8475
vn -0.9431 -0.0550 0.3278
vn -0.0135 0.7183 0.6956
vn -0.2929 0.3611 0.8853
vn 0.8923 -0.3975 0.2138
vn 0.8525 -0.5192 0.0601
vn 0.9996 0.0177 -0.0210
vn 0.5164 -0.8559 0.0293
vn 0.9979 -0.0013 0.0653
vn -0.9995 0.0196 -0.0229
vn -0.8936 -0.3965 0.2103
vn -0.8532 -0.5195 0.0471
vn 0.3574 -0.6720 0.6486
vn -0.3053 -0.7648 0.5673
vn 0.5102 -0.1772 0.8416
vn -0.9995 0.0195 -0.0229
vn -0.8930 -0.3984 0.2095
vn -0.8531 -0.5182 0.0600
vn 0.3077 0.8425 -0.4423
vn 0.7472 0.0049 -0.6646
vn 0.3147 0.6280 -0.7118
vn -0.9999 0.0102 -0.0016
vn -0.8898 -0.3965 0.2257
vn -0.8520 -0.5181 0.0748
vn -0.9999 0.0101 -0.0102
vn -0.8917 -0.3965 0.2182
vn -0.8526 -0.5182 0.0673
vn 0.9543 -0.0668 0.2914
vn -0.9998 0.0102 -0.0189
vn -0.8929 -0.3985 0.2097
vn -0.8532 -0.5181 0.0600
vn -0.4407 -0.7467 0.4983
vn -0.2155 -0.8932 -0.3947
vn -0.5230 -0.2705 0.8083
vn 0.0475 0.8876 0.4582
vn -0.4624 0.6191 0.6347
vn -0.7973 0.5340 -0.2813
vn 0.3366 0.1577 0.9284
vn 0.2888 0.6939 -0.6596
vn -0.0828 -0.7559 -0.6495
vn -0.0566 -0.9973 -0.0475
vn -0.0262 -0.9853 -0.1686
vn 0.3265 0.6729 0.6638
vn 0.3593 0.6957 0.6220
vn -0.0168 0.9851 0.1710
vn -0.3073 0.8279 0.4692
vn 0.0946 -0.9839 0.1517
vn 0.5740 -0.7687 -0.2821
vn 0.6076 -0.7770 -0.1647
vn 0.3990 -0.8415 0.3641
vn 0.1413 -0.7393 -0.6584
vn 0.1033 -0.9575 -0.2694
vn 0.4293 -0.1219 0.8949
vn 0.1789 0.0056 0.9838
vn 0.3242 0.5492 0.7702
vn -0.9469 0.0757 0.3124
vn -0.3675 -0.3925 0.8431
vn -0.2161 -0.1799 0.9596
vn 0.8897 0.1111 0.4429
vn -0.6472 0.1299 0.7511
vn -0.4501 0.4540 0.7690
vn -0.5990 -0.0287 0.8002
vn 0.1813 0.5847 0.7907
vn 0.8155 -0.2934 0.4990
vn 0.5063 0.0323 0.8618
vn 0.0590 0.1688 0.9839
vn 0.0014 0.7527 0.6583
vn -0.2682 0.1756 0.9472
vn -0.8898 0.1101 0.4430
vn 0.4636 0.8751 0.1391
vn -0.6315 0.7403 0.2305
vn 0.5663 0.7078 0.4223
vn -0.6563 0.2685 0.7051
vn -0.9589 -0.0253 0.2827
vn -0.3205 0.3905 0.8630
vn -0.1394 -0.9892 -0.0450
vn -0.8756 -0.4454 0.1871
vn -0.3773 -0.8781 -0.2944
vn -0.0958 0.9941 0.0512
vn -0.0469 0.9447 0.3246
vn 0.0318 0.9975 0.0637
vn 0.8526 -0.4283 0.2994
vn -0.1042 -0.5382 0.8363
vn 0.6864 -0.6833 0.2490
vn -0.3489 -0.8474 -0.4002
vn -0.2007 -0.5135 0.8343
vn 0.6801 -0.5279 0.5088
vn 0.5679 0.7572 0.3228
vn 0.9848 0.0251 -0.1722
vn 0.3369 0.2114 -0.9175
vn 0.9894 0.0623 -0.1316
vn -0.9681 0.0340 0.2483
vn -0.8407 -0.5272 0.1240
vn -0.9511 0.2159 0.2207
vn -0.2880 0.7991 0.5278
vn -0.1686 -0.8659 0.4709
vn 0.6370 0.6715 0.3786
vn -0.7783 0.5822 0.2350
vn -0.4631 0.8760 0.1345
vn -0.4896 0.7733 0.4028
vn 0.4456 -0.7901 -0.4209
vn 0.5044 -0.8020 0.3199
vn 0.7565 -0.6415 0.1269
vn 0.0325 -0.9985 -0.0437
vn 0.8763 -0.3626 -0.3171
vn 0.9958 0.0649 0.0650
vn 0.8501 -0.0347 -0.5254
vn 0.8885 -0.0636 -0.4545
vn 0.4870 0.4881 0.7243
vn 0.6566 0.4051 0.6362
vn 0.6009 0.3036 0.7394
vn -0.1381 -0.2256 -0.9644
vn 0.2478 -0.4931 -0.8339
vn 0.7852 -0.2001 -0.5860
vn -0.1688 0.4386 -0.8827
vn 0.3313 0.8466 -0.4165
vn -0.3215 0.2688 0.9080
vn 0.0065 0.1762 0.9843
vn 0.4306 -0.8944 -0.1207
vn 0.7083 -0.6747 0.2076
vn 0.8081 -0.5805 0.1000
vn 0.6240 0.5279 0.5761
vn 0.7017 0.6648 0.2563
vn 0.9723 -0.0581 0.2263
vn 0.8624 -0.4839 0.1489
vn 0.3773 -0.8814 0.2842
vn -0.7348 -0.4630 0.4957
vn 0.3826 -0.7620 0.5225
vn 0.5929 -0.3972 0.7005
vn 0.0390 0.3348 -0.9415
vn 0.1272 -0.2636 -0.9562
vn -0.2895 0.2465 -0.9249
vn -0.0373 0.4664 -0.8838
vn -0.2339 0.2873 -0.9288
vn 0.7419 0.3974 -0.5400
vn 0.9589 -0.0254 0.2827
vn 0.6563 0.2684 0.7051
vn 0.3307 0.4055 0.8522
vn 0.9555 -0.0115 0.2947
vn 0.5819 -0.7691 0.2644
vn -0.9369 0.2646 0.2285
vn -0.9232 0.1914 0.3333
vn -0.3640 0.7173 0.5941
vn 0.7871 -0.3583 -0.5021
vn 0.8960 -0.4383 -0.0707
vn -0.1825 -0.8365 0.5167
vn -0.7512 -0.6228 -0.2186
vn -0.4613 -0.1753 -0.8698
vn 0.0153 -0.2470 -0.9689
vn -0.3717 -0.4330 -0.8212
vn 0.7785 0.5990 -0.1876
vn 0.8530 0.4102 -0.3226
vn 0.8138 -0.1059 0.5714
vn -0.7214 -0.1386 0.6785
vn -0.7214 -0.1396 0.6783
vn -0.7216 -0.1429 0.6774
vn 0.6292 0.5817 -0.5155
vn -0.0886 -0.0919 -0.9918
vn 0.1464 -0.0611 -0.9873
vn -0.7043 0.7088 0.0387
vn 0.7263 0.6871 -0.0172
vn 0.5756 0.8019 -0.1603
vn -0.0238 0.8679 -0.4962
vn -0.8923 0.3585 0.2744
vn 0.3280 0.2794 0.9024
vn 0.3443 -0.9280 -0.1424
vn 0.9267 -0.3556 -0.1215
vn 0.8559 -0.3317 -0.3968
vn -0.8227 0.2888 -0.4896
vn -0.5535 0.0666 -0.8302
vn 0.0613 0.2734 -0.9600
vn -0.5933 0.7949 -0.1270
vn 0.9503 -0.0114 0.3112
vn 0.4173 0.7711 0.4809
vn 0.9581 -0.0960 0.2698
vn 0.5480 0.8226 0.1515
vn 0.6332 -0.6351 -0.4424
vn -0.5318 0.6591 0.5318
vn -0.6259 0.6737 0.3930
vn -0.6653 0.6028 0.4403
vn 0.5514 -0.4424 -0.7073
vn 0.5519 -0.4401 -0.7083
vn 0.5509 -0.4387 -0.7100
vn -0.0016 -0.9404 0.3401
vn 0.2078 -0.8844 0.4179
vn 0.3390 -0.8421 0.4194
vn 0.5975 0.7723 0.2157
vn 0.4948 0.8689 -0.0148
vn 0.7694 0.6385 -0.0178
vn -0.4948 0.8689 -0.0148
vn -0.6327 0.7411 0.2246
vn 0.5678 0.7029 0.4284
vn 0.4607 0.8760 0.1426
vn 0.4137 -0.9098 0.0327
vn 0.9086 -0.4139 -0.0570
vn 0.3765 -0.8720 -0.3129
vn -0.9324 -0.3340 0.1381
vn -0.7455 -0.3817 0.5464
vn -0.9649 -0.2116 0.1558
vn -0.7655 0.2996 0.5695
vn -0.7448 0.5099 0.4304
vn -0.8571 0.3561 0.3723
vn 0.1133 -0.8907 -0.4402
vn 0.3182 -0.7906 -0.5231
vn 0.1181 -0.8048 -0.5817
vn 0.3740 0.9257 -0.0569
vn 0.8180 0.5681 -0.0903
vn 0.6110 0.7851 0.1009
vn 0.8651 -0.2506 -0.4345
vn 0.8939 -0.2638 -0.3624
vn 0.0775 0.0266 -0.9966
vn -0.9002 0.3933 0.1868
vn -0.8888 0.4417 0.1219
vn -0.7614 0.4409 -0.4753
vn -0.5766 -0.6732 0.4629
vn -0.0292 -0.9980 0.0564
vn 0.8265 0.0453 -0.5611
vn 0.1222 0.5734 -0.8101
vn 0.6884 0.3276 -0.6472
vn 0.0200 0.2490 -0.9683
vn 0.8551 0.2250 -0.4671
vn -0.1538 0.0730 -0.9854
vn 0.1774 0.1552 -0.9718
vn 0.1750 0.1702 -0.9697
vn 0.4509 -0.8279 -0.3336
vn -0.4350 -0.7919 -0.4285
vn 0.2820 -0.9358 -0.2115
vn 0.3438 -0.9017 0.2620
vn -0.5900 -0.8072 -0.0189
vn -0.0766 -0.9702 -0.2297
vn 0.0220 0.9788 -0.2039
vn -0.0376 0.9213 -0.3870
vn -0.0774 0.9941 -0.0754
vn -0.8810 -0.0968 -0.4631
vn -0.8575 -0.3168 0.4054
vn -0.8290 0.0087 -0.5592
vn 0.8505 -0.5197 0.0815
vn 0.2081 -0.8273 0.5218
vn 0.3931 -0.9046 0.1650
vn 0.8392 -0.3417 0.4231
vn 0.5508 -0.7962 0.2504
vn 0.5942 -0.7073 0.3829
vn -0.9541 0.2995 0.0012
vn -0.1633 0.5542 -0.8162
vn 0.6571 -0.5912 0.4676
vn 0.7605 -0.3817 0.5253
vn 0.6224 -0.6271 0.4684
vn 0.4546 0.0026 0.8907
vn 0.1907 -0.6367 0.7472
vn -0.0825 -0.2677 0.9600
vn -0.7014 0.1256 -0.7016
vn 0.1074 0.4052 -0.9079
vn -0.1536 0.5495 -0.8213
vn 0.1462 0.8223 0.5499
vn 0.6919 0.4256 0.5832
vn 0.4669 0.7825 0.4120
vn -0.3409 -0.8148 -0.4690
vn 0.8889 -0.3928 -0.2358
vn 0.4530 -0.6556 0.6041
vn -0.4605 0.2218 0.8595
vn 0.1644 0.4117 0.8964
vn -0.0661 0.5769 0.8141
vn -0.6862 -0.1392 0.7139
vn -0.1645 0.4985 0.8512
vn -0.7083 0.4117 0.5735
vn 0.7089 0.1290 -0.6934
vn 0.7100 0.1279 -0.6925
vn 0.7108 0.1272 -0.6919
vn -0.5415 -0.8322 0.1192
vn -0.4077 -0.8737 -0.2655
vn -0.8132 -0.5202 0.2612
vn -0.8488 -0.0885 0.5213
vn -0.2133 -0.8175 0.5350
vn -0.1781 -0.7375 0.6514
vn 0.2669 -0.9536 -0.1392
vn -0.0436 -0.9157 -0.3995
vn 0.8474 -0.1996 0.4920
vn 0.6682 0.0466 0.7426
vn 0.4499 -0.8608 0.2379
vn -0.9593 -0.1960 0.2034
vn -0.9489 -0.1922 0.2503
vn -0.6688 0.4543 -0.5885
vn -0.0102 0.4799 0.8773
vn 0.5255 -0.2816 0.8028
vn -0.1544 0.4800 0.8636
vn 0.5136 0.1897 0.8368
vn 0.7527 -0.6554 0.0626
vn 0.1031 -0.1514 0.9831
vn -0.2872 0.3501 0.8916
vn -0.4438 0.1636 0.8811
vn 0.8536 0.0204 -0.5205
vn 0.9123 -0.2733 -0.3050
vn 0.9186 -0.0874 -0.3854
vn -0.4004 0.7722 0.4933
vn 0.6221 0.4902 0.6104
vn -0.5532 -0.1201 0.8243
vn -0.5785 0.6239 0.5255
vn -0.1731 0.3049 0.9365
vn -0.6919 -0.2721 0.6688
vn -0.0945 -0.6253 0.7746
vn 0.0267 -0.2551 0.9665
vn 0.0119 -0.5216 0.8531
vn -0.0183 -0.2918 0.9563
vn -0.1364 -0.8976 0.4192
vn -0.1148 -0.8649 -0.4886
vn -0.6573 -0.7067 -0.2618
vn -0.2568 -0.1107 0.9601
vn 0.7847 -0.2084 0.5838
vn 0.6346 0.0413 0.7717
vn 0.4468 -0.7409 0.5014
vn 0.9546 -0.1363 0.2648
vn 0.8387 -0.1510 0.5232
vn 0.7955 -0.3829 -0.4696
vn 0.9437 -0.3024 0.1338
vn 0.8458 -0.2751 -0.4571
vn 0.8342 -0.5429 0.0969
vn 0.7001 -0.6420 0.3126
vn 0.9048 -0.1903 0.3810
vn 0.8489 -0.4010 0.3444
vn 0.9346 -0.1961 0.2969
vn -0.2839 -0.9571 -0.0580
vn -0.0809 -0.9151 -0.3951
vn -0.7153 -0.6950 -0.0734
vn 0.6603 -0.5608 -0.4995
vn 0.1746 -0.2944 0.9396
vn 0.0746 -0.0075 0.9972
vn -0.5807 -0.2419 0.7773
vn 0.7082 0.6724 0.2152
vn 0.9339 0.1962 0.2990
vn 0.5595 0.5267 0.6399
vn -0.3599 -0.2357 0.9027
vn -0.1886 -0.4997 0.8454
vn -0.3431 -0.2982 0.8907
vn 0.5692 0.7876 -0.2362
vn 0.6487 0.7581 -0.0673
vn 0.4151 0.9097 0.0148
vn -0.7665 -0.4040 0.4992
vn -0.7555 -0.2577 0.6023
vn -0.7601 -0.2035 0.6171
vn -0.1746 -0.9836 -0.0457
vn -0.2341 -0.9706 0.0557
vn -0.5446 -0.8344 -0.0850
vn -0.8812 -0.0710 0.4674
vn -0.4670 0.0904 0.8796
vn -0.1243 0.3527 0.9275
vn -0.2666 0.0093 0.9638
vn -0.0556 0.5997 -0.7983
vn -0.8960 0.2372 -0.3754
vn -0.8230 0.3842 -0.4184
vn 0.4208 -0.4168 -0.8057
vn 0.3004 -0.6821 -0.6667
vn 0.2198 -0.8513 -0.4765
vn 0.0985 -0.8915 -0.4422
vn 0.0412 -0.8738 -0.4846
vn 0.6676 0.4381 -0.6020
vn -0.4075 -0.7848 -0.4669
vn 0.0820 0.7295 0.6791
vn -0.2111 0.7899 0.5758
vn 0.0245 0.9495 0.3128
vn 0.4237 -0.6088 0.6707
vn -0.6932 -0.6542 0.3026
vn 0.3335 -0.8992 0.2831
vn 0.3769 0.9128 -0.1574
vn 0.4701 0.8824 -0.0187
vn -0.8831 0.2842 0.3733
vn -0.9111 0.0122 0.4119
vn -0.8983 0.0710 0.4335
vn 0.0207 -0.5458 0.8377
vn -0.5083 -0.5509 0.6620
vn -0.6089 -0.4841 0.6284
vn -0.8259 0.0273 0.5632
vn 0.9910 -0.0571 -0.1207
vn 0.5676 -0.5229 0.6359
vn 0.6599 -0.4528 0.5995
vn -0.5215 -0.3555 0.7757
vn -0.5038 -0.2044 0.8393
vn 0.9971 0.0548 -0.0530
vn 0.6161 -0.4537 0.6439
vn 0.6606 -0.3565 0.6607
vn -0.7142 -0.6455 0.2708
vn -0.0475 -0.3625 0.9308
vn -0.3569 -0.1985 0.9128
vn -0.1212 0.0424 0.9917
vn 0.7613 0.5348 0.3667
vn 0.7533 0.0665 0.6544
vn -0.5840 0.4188 -0.6954
vn -0.1206 0.8379 -0.5323
vn -0.4376 0.7785 -0.4500
vn -0.7814 -0.2936 0.5507
vn -0.9218 0.3473 0.1720
vn -0.9524 0.0344 0.3030
vn 0.0175 -0.8251 0.5647
vn 0.2633 -0.6003 0.7552
vn -0.0815 0.8111 0.5792
vn 0.0174 0.6137 0.7893
vn 0.1035 0.5864 0.8034
vn -0.6529 0.7574 -0.0049
vn -0.4067 0.9107 -0.0731
vn -0.5827 0.7610 0.2853
vn 0.3659 -0.6418 0.6739
vn 0.2172 -0.7916 0.5712
vn 0.8928 -0.0928 0.4407
vn -0.8843 0.0177 -0.4667
vn -0.9353 0.1644 -0.3133
vn -0.9486 0.1657 0.2698
vn -0.8001 -0.1143 0.5888
vn -0.9978 -0.0468 0.0471
vn -0.2668 0.4290 -0.8630
vn -0.8327 0.0056 -0.5538
vn -0.1666 -0.3144 -0.9346
vn -0.5731 0.7397 0.3527
vn 0.4506 0.8918 0.0414
vn 0.0344 0.9537 0.2987
vn -0.5050 0.5484 0.6666
vn -0.8443 0.4515 0.2887
vn -0.6650 0.6928 0.2788
vn 0.9071 -0.1994 0.3708
vn 0.7574 0.2999 0.5800
vn 0.7269 0.2568 0.6369
vn -0.3234 0.9010 -0.2891
vn 0.6138 0.7822 -0.1069
vn 0.5836 0.8108 -0.0449
vn -0.7423 0.6447 0.1829
vn 0.5182 -0.1142 0.8476
vn 0.0249 0.9664 0.2558
vn -0.5317 0.6612 0.5292
vn -0.1568 0.8534 0.4971
vn 0.1602 0.7623 0.6271
vn 0.1349 -0.7289 0.6712
vn -0.6125 -0.0261 0.7901
vn 0.6955 0.3535 -0.6256
vn 0.9325 0.0739 0.3535
vn 0.9735 0.0142 0.2283
vn -0.2344 -0.4705 0.8507
vn -0.3117 -0.4592 0.8319
vn -0.9668 -0.2435 0.0776
vn 0.2153 -0.6684 0.7119
vn 0.0595 -0.7322 0.6785
vn 0.3914 -0.6022 0.6958
vn 0.3368 -0.6106 0.7168
vn 0.2107 0.5677 -0.7958
vn 0.8974 0.3251 -0.2985
vn 0.9718 0.1366 -0.1923
vn 0.6428 -0.2153 0.7351
vn -0.9231 0.2686 0.2751
vn -0.6467 -0.2465 0.7218
vn -0.9831 -0.0710 -0.1686
vn 0.5021 -0.7026 -0.5043
vn -0.2958 -0.7460 -0.5967
vn -0.0031 0.6745 0.7383
vn 0.2008 0.0937 0.9751
vn -0.2458 -0.8285 -0.5031
vn -0.4178 -0.7682 -0.4850
vn -0.1519 -0.8570 -0.4923
vn -0.3663 0.4754 -0.7999
vn 0.7326 -0.0035 0.6807
vn 0.6585 0.1889 0.7285
vn 0.5938 -0.2914 0.7500
vn 0.0556 0.0835 0.9950
vn -0.5015 -0.3403 0.7954
vn -0.1667 -0.0641 0.9839
vn 0.6098 0.4693 0.6387
vn 0.5147 -0.3388 0.7876
vn 0.7677 0.1779 0.6157
vn -0.6139 -0.1362 0.7775
vn -0.2650 0.0391 0.9634
vn -0.2733 0.2363 0.9324
vn 0.4269 -0.6403 -0.6386
vn -0.1277 -0.1007 -0.9867
vn -0.0461 -0.1229 -0.9914
vn -0.8926 0.0786 0.4439
vn -0.6550 0.3073 0.6903
vn -0.5472 -0.0429 0.8359
vn -0.2734 0.0091 0.9618
vn -0.5452 -0.4044 0.7344
vn 0.6050 0.2052 0.7694
vn 0.8778 0.1351 0.4596
vn 0.7198 0.0907 0.6882
vn 0.2936 -0.3859 -0.8746
vn -0.5326 -0.5975 -0.5995
vn -0.0348 -0.3907 -0.9199
vn 0.4981 -0.8566 -0.1344
vn 0.1325 -0.7763 -0.6163
vn 0.0451 -0.9896 0.1368
vn 0.4491 -0.0821 0.8897
vn -0.9368 -0.0214 0.3492
vn -0.6834 0.0500 0.7283
vn -0.3330 0.3545 0.8737
vn 0.6803 0.3477 0.6452
vn 0.7938 -0.1666 0.5849
vn 0.4926 0.1183 0.8622
vn 0.0486 -0.8952 -0.4429
vn -0.3040 -0.8391 -0.4511
vn -0.3171 -0.7661 -0.5591
vn -0.4821 -0.7891 0.3806
vn -0.0125 -0.9844 0.1753
vn -0.5441 -0.7991 0.2557
vn -0.4401 0.4704 0.7649
vn -0.5327 0.5244 0.6643
vn 0.6393 -0.5802 -0.5047
vn 0.4574 -0.8886 -0.0343
vn 0.3245 -0.8516 -0.4117
vn -0.9151 0.0104 0.4032
vn -0.6923 -0.0600 0.7191
vn -0.4150 -0.0719 0.9070
vn -0.6964 -0.2642 0.6672
vn -0.1104 -0.4193 0.9011
vn 0.0085 0.9937 -0.1120
vn -0.0359 0.8909 0.4528
vn -0.2236 0.7544 0.6171
vn -0.8887 0.4586 -0.0019
vn 0.5051 0.8625 0.0324
vn 0.3366 0.1310 0.9325
vn 0.4213 0.4912 0.7624
vn 0.2322 0.3368 0.9125
vn 0.2123 0.4178 0.8834
vn 0.0480 -0.8998 0.4336
vn 0.6472 -0.7066 -0.2862
vn 0.1037 0.3245 0.9402
vn 0.3508 0.2484 0.9029
vn 0.9623 -0.0391 0.2691
vn 0.4718 -0.8778 0.0823
vn 0.9700 0.1511 0.1903
vn -0.4059 0.8528 0.3285
vn -0.6480 0.7564 0.0892
vn -0.0061 0.9986 0.0523
vn -0.5947 0.3459 0.7257
vn -0.4980 0.5511 0.6695
vn -0.2349 -0.2496 0.9394
vn -0.2001 -0.7589 0.6197
vn -0.0172 -0.7428 0.6693
vn 0.6545 -0.7534 -0.0631
vn 0.9859 -0.0975 -0.1362
vn 0.3518 -0.2919 0.8894
vn 0.3542 0.0016 0.9352
vn -0.7644 -0.3846 -0.5175
vn -0.4001 -0.7268 0.5583
vn -0.8913 -0.2774 -0.3587
vn 0.6230 0.0688 0.7792
vn 0.5643 0.1134 0.8177
vn -0.5594 0.7937 -0.2388
vn 0.0900 0.3833 0.9192
vn 0.0170 -0.9488 0.3154
vn -0.6964 -0.5291 0.4849
vn -0.3267 -0.9375 0.1197
vn 0.7927 -0.3946 0.4646
vn 0.6431 -0.2712 -0.7162
vn 0.7727 -0.6186 0.1424
vn 0.4981 0.0893 0.8625
vn 0.5429 -0.4393 0.7157
vn 0.0843 0.3022 -0.9495
vn 0.3618 -0.4010 -0.8416
vn 0.0193 0.1939 -0.9808
vn 0.9995 0.0161 -0.0286
vn 0.6964 0.6712 0.2541
vn 0.0750 -0.5875 0.8057
vn -0.7021 -0.7050 0.1002
vn -0.6057 -0.3490 0.7150
vn -0.6906 -0.6576 0.3011
vn -0.4957 -0.3647 0.7882
vn -0.7001 -0.3108 0.6429
vn -0.8662 0.0495 -0.4973
vn -0.2758 -0.3872 -0.8798
vn -0.8974 -0.0828 -0.4333
vn 0.5825 0.4125 0.7004
vn -0.6448 0.3341 0.6875
vn 0.4128 0.2925 0.8626
vn -0.3410 -0.2221 0.9134
vn -0.2360 -0.2971 0.9252
vn -0.2366 0.3601 0.9024
vn -0.9956 -0.0017 0.0932
vn -0.8285 0.1795 -0.5305
vn -0.9391 0.2823 -0.1957
vn -0.0339 -0.8364 -0.5471
vn -0.4341 -0.8330 -0.3430
vn 0.7316 -0.5504 -0.4023
vn -0.5501 -0.6710 0.4972
vn -0.2492 -0.6952 0.6743
vn -0.4359 -0.6518 0.6206
vn -0.5324 -0.3208 -0.7833
vn -0.5093 -0.0561 -0.8588
vn 0.6238 -0.0061 0.7816
vn 0.2306 -0.2511 0.9401
vn -0.0901 0.1426 0.9857
vn 0.3370 0.3601 -0.8699
vn -0.7380 0.2793 -0.6143
vn -0.5766 0.2498 -0.7779
vn 0.1697 0.7873 0.5928
vn 0.0371 0.1355 0.9901
vn 0.0914 0.7968 0.5973
vn -0.0570 0.4449 0.8938
vn 0.2700 0.2388 0.9328
vn -0.4342 -0.7944 -0.4248
vn -0.9250 -0.0217 0.3793
vn -0.0817 0.7210 0.6881
vn -0.0867 0.4585 0.8844
vn 0.6133 -0.5561 0.5609
vn -0.4006 -0.6980 0.5936
vn 0.6689 -0.7285 -0.1475
vn 0.1101 -0.8560 -0.5050
vn -0.3925 -0.6866 -0.6119
vn 0.0992 -0.7120 -0.6951
vn -0.0045 0.8149 0.5795
vn 0.1007 0.8194 0.5643
vn -0.1835 -0.0632 -0.9810
vn -0.0160 0.0559 -0.9983
vn 0.0736 -0.0158 -0.9972
vn 0.5591 0.5598 -0.6116
vn 0.6990 0.4355 -0.5671
vn -0.0143 0.2516 0.9677
vn -0.8077 -0.3341 0.4858
vn -0.6753 -0.4107 0.6126
vn -0.9759 0.2157 -0.0336
vn 0.4702 0.5743 0.6701
vn 0.5763 0.6905 -0.4371
vn 0.5410 -0.4488 -0.7113
vn -0.2267 0.0604 -0.9721
vn 0.5940 -0.2878 -0.7512
vn -0.7042 -0.2825 -0.6514
vn -0.2411 0.2328 -0.9422
vn -0.2146 -0.7122 0.6684
vn 0.1174 -0.9520 -0.2826
vn -0.0238 -0.8840 0.4668
vn 0.5312 0.0015 -0.8473
vn 0.4590 0.2175 -0.8614
vn 0.1464 0.0952 -0.9846
vn -0.9350 -0.1996 -0.2931
vn -0.7319 -0.3650 -0.5754
vn -0.4901 0.2105 -0.8458
vn 0.3451 0.5832 0.7353
vn -0.0751 -0.1233 0.9895
vn -0.4537 0.2880 0.8434
vn 0.4465 -0.5167 0.7306
vn 0.8325 0.0853 0.5474
vn 0.3986 -0.4520 0.7980
vn -0.0701 -0.2031 0.9766
vn 0.1391 -0.8385 0.5268
vn -0.3330 -0.3989 0.8544
vn 0.1179 -0.7384 0.6640
vn -0.7076 -0.6845 0.1753
vn -0.3316 -0.8891 0.3156
vn -0.8329 -0.4558 0.3141
vn -0.8912 -0.2129 0.4005
vn -0.9077 -0.4117 0.0813
vn 0.9629 -0.1988 -0.1824
vn 0.5711 -0.8178 0.0714
vn 0.6432 -0.7058 -0.2969
vn 0.7808 0.3190 -0.5373
vn 0.7369 0.3540 -0.5759
vn -0.1544 0.8437 -0.5142
vn 0.0376 0.4235 -0.9051
vn 0.8368 0.5362 -0.1105
vn 0.9072 0.2945 -0.3004
vn 0.4307 -0.0817 -0.8988
vn 0.0495 0.7142 0.6982
vn 0.4269 0.8356 0.3457
vn -0.0435 0.7639 0.6439
vn -0.2053 0.2902 0.9347
vn -0.0057 0.0431 0.9991
vn -0.8793 0.4763 0.0061
vn -0.5618 0.5678 -0.6016
vn 0.1784 -0.4348 -0.8827
vn 0.3733 -0.3978 -0.8381
vn -0.5234 -0.0607 0.8499
vn 0.5623 -0.6078 0.5607
vn 0.6754 -0.3896 0.6262
vn 0.1461 0.1208 -0.9819
vn 0.1572 -0.3338 -0.9294
vn 0.4631 -0.2734 -0.8431
vn -0.7579 -0.6255 0.1854
vn -0.7144 -0.6574 -0.2397
vn -0.9598 -0.1030 0.2612
vn -0.1162 0.6781 0.7257
vn -0.5610 0.8049 0.1935
vn -0.0194 0.4039 0.9146
vn 0.4372 -0.6516 0.6199
vn 0.2877 -0.3138 0.9048
vn 0.1574 -0.7071 0.6894
vn -0.6942 0.4163 0.5872
vn -0.7810 0.4701 0.4111
vn -0.8798 0.3186 0.3527
vn 0.9248 0.3157 0.2124
vn 0.6805 0.4834 0.5507
vn 0.9830 0.1836 -0.0001
vn 0.5753 -0.0845 0.8136
vn 0.6414 0.0098 0.7672
vn 0.1381 -0.2256 -0.9644
vn 0.1463 0.4283 -0.8917
vn -0.7918 -0.2083 -0.5742
vn -0.2478 -0.4931 -0.8339
vn 0.8311 -0.5205 0.1957
vn 0.7025 0.4353 0.5630
vn 0.9833 0.0068 0.1821
vn 0.9849 0.0155 0.1722
vn 0.8503 -0.5187 -0.0894
vn 0.0973 -0.3816 0.9192
vn 0.3486 0.2762 0.8956
vn -0.0746 -0.2611 0.9624
vn -0.2733 0.8538 -0.4432
vn -0.9862 0.1259 -0.1078
vn 0.7677 -0.4142 0.4890
vn 0.4736 -0.6579 0.5856
vn 0.6720 0.1841 -0.7173
vn 0.5701 0.3887 -0.7238
vn -0.3227 -0.9229 0.2099
vn -0.6956 -0.7177 0.0304
vn -0.9311 -0.3489 0.1059
vn 0.3136 -0.9273 -0.2043
vn -0.2766 -0.9184 0.2828
vn -0.8051 0.0085 0.5931
vn -0.8753 0.1119 0.4704
vn -0.1439 -0.5427 0.8275
vn -0.1325 -0.6294 0.7657
vn 0.5917 -0.2221 0.7749
vn -0.6727 -0.5602 0.4833
vn -0.7606 -0.3432 0.5512
vn -0.5940 -0.4270 0.6818
vn -0.7422 0.2046 0.6382
vn -0.7468 -0.2553 0.6140
vn 0.6485 -0.4125 0.6398
vn 0.8375 -0.0687 0.5421
vn 0.9319 0.1025 0.3480
vn -0.5443 0.1064 -0.8321
vn -0.6178 0.3623 -0.6979
vn -0.8946 -0.4391 0.0834
vn 0.5688 -0.8177 -0.0881
vn 0.6398 -0.5284 0.5581
vn 0.4562 -0.8880 -0.0576
vn -0.1685 -0.9807 -0.0995
vn -0.0420 -0.9128 -0.4062
vn -0.1022 0.1880 0.9768
vn 0.2100 -0.2219 0.9522
vn -0.3326 -0.1414 0.9324
vn -0.6392 -0.1994 0.7427
vn -0.9936 0.1124 0.0121
vn -0.9745 -0.0916 -0.2048
vn -0.1131 -0.1398 0.9837
vn -0.4181 0.4535 0.7871
vn -0.3774 0.1900 0.9064
vn 0.6173 -0.5031 0.6048
vn 0.9501 -0.1316 -0.2829
vn 0.6969 -0.2176 0.6834
vn -0.8058 0.0776 0.5871
vn 0.6280 -0.6955 0.3490
vn 0.9152 -0.2013 0.3490
vn 0.1382 -0.6395 0.7563
vn 0.4626 0.5271 0.7128
vn 0.3280 0.1511 0.9325
vn 0.4054 0.4128 0.8156
vn 0.3999 0.1669 -0.9012
vn -0.6488 0.3316 -0.6849
vn 0.1746 -0.6082 0.7744
vn 0.3144 -0.2047 -0.9270
vn -0.2338 -0.5133 -0.8258
vn 0.3839 -0.3077 -0.8706
vn -0.0422 -0.8768 -0.4790
vn -0.7705 -0.2793 0.5729
vn -0.0539 -0.5847 0.8095
vn 0.6355 0.1799 0.7508
vn 0.9975 0.0467 -0.0527
vn 0.4876 0.7195 0.4945
vn 0.3119 0.0334 0.9495
vn -0.3260 0.5430 0.7739
vn -0.5713 -0.7966 -0.1975
vn -0.1710 -0.8063 -0.5662
vn -0.9230 -0.1945 0.3319
vn 0.3233 -0.3969 0.8590
vn 0.9469 0.0757 0.3125
vn 0.2161 -0.1801 0.9596
vn 0.9320 0.2900 -0.2176
vn 0.6249 -0.2880 0.7256
vn 0.6374 -0.3530 0.6849
vn -0.3280 0.1966 -0.9240
vn -0.9670 -0.0403 -0.2516
vn -0.9890 0.0658 -0.1327
vn 0.8433 0.1604 -0.5130
vn 0.4264 -0.8256 -0.3695
vn 0.9064 -0.2983 0.2990
vn -0.7361 -0.2630 0.6237
vn -0.4463 -0.5113 0.7344
vn -0.6571 -0.3320 0.6768
vn 0.0696 -0.4884 0.8699
vn -0.6534 -0.2860 0.7009
vn -0.8046 -0.2858 0.5205
vn 0.7116 -0.3360 0.6170
vn 0.2578 0.0300 0.9657
vn 0.4898 -0.3614 0.7934
vn 0.1565 0.4321 -0.8881
vn 0.0895 -0.4321 -0.8974
vn 0.7546 -0.0577 0.6537
vn 0.9027 0.0874 0.4214
vn 0.8012 0.3975 0.4474
vn -0.9475 -0.2846 0.1454
vn -0.9569 0.0443 -0.2870
vn -0.6935 -0.0549 0.7183
vn -0.9171 -0.2966 0.2664
vn 0.3046 0.6786 0.6684
vn 0.3443 0.0537 0.9373
vn 0.0027 0.7850 0.6196
vn -0.4748 -0.2325 -0.8488
vn -0.1907 -0.3378 -0.9217
vn -0.5519 -0.0663 -0.8313
vn 0.1683 -0.6744 0.7190
vn -0.6521 -0.5645 0.5061
vn -0.6928 -0.1894 0.6958
vn -0.3123 0.6686 0.6748
vn -0.6183 0.6354 0.4625
vn -0.1271 0.4871 -0.8640
vn -0.1940 0.1464 -0.9700
vn 0.0097 0.3435 -0.9391
vn 0.4350 0.1972 0.8786
vn 0.0988 0.7200 0.6869
vn -0.8470 -0.0577 0.5285
vn -0.8156 0.2613 0.5163
vn -0.9789 -0.0149 0.2037
vn -0.6453 -0.4102 0.6445
vn -0.0514 -0.2391 0.9696
vn -0.2300 0.1604 -0.9599
vn -0.3871 0.5313 -0.7536
vn 0.4950 0.8689 -0.0062
vn 0.2730 -0.9464 0.1725
vn 0.5526 -0.7932 0.2560
vn 0.6309 -0.7523 -0.1898
vn 0.6823 -0.4739 -0.5567
vn 0.7946 -0.5795 -0.1811
vn 0.2586 -0.4550 0.8521
vn 0.2499 -0.5245 0.8139
vn 0.8834 0.1613 0.4399
vn 0.8345 0.3875 0.3918
vn 0.0877 0.1251 0.9883
vn 0.2106 0.5141 0.8315
vn 0.0260 0.2440 0.9694
vn -0.4171 -0.4575 0.7853
vn 0.6128 -0.5878 0.5282
vn 0.6220 -0.5310 0.5755
vn 0.4658 0.8479 0.2533
vn 0.3720 0.7841 0.4968
vn -0.9317 0.3047 0.1975
vn -0.8198 -0.4699 0.3272
vn -0.3017 -0.3284 -0.8951
vn -0.8046 0.0587 -0.5909
vn -0.5146 0.1185 -0.8492
vn -0.5102 0.1148 -0.8524
vn -0.5082 0.1132 -0.8537
vn -0.2941 0.2523 0.9219
vn 0.0174 0.1659 0.9860
vn 0.5888 0.5041 0.6319
vn -0.7005 -0.2522 0.6676
vn -0.5647 -0.7047 0.4295
vn -0.9257 -0.0521 0.3747
vn 0.3663 0.8873 0.2803
vn -0.2865 0.6914 -0.6632
vn -0.3405 0.1663 0.9254
vn -0.4651 -0.4142 0.7824
vn -0.4875 -0.2261 0.8433
vn -0.2032 -0.1299 0.9705
vn -0.2827 0.4348 0.8550
vn -0.9802 -0.1967 0.0234
vn -0.8603 -0.2424 0.4485
vn -0.1813 -0.4270 0.8859
vn -0.4744 -0.1924 0.8590
vn -0.1050 -0.2330 0.9668
vn -0.8006 -0.2525 0.5434
vn -0.6716 -0.6191 0.4070
vn -0.6932 0.6935 -0.1964
vn -0.3030 -0.8552 0.4205
vn -0.7701 0.4960 0.4012
vn -0.6369 0.4128 0.6511
vn -0.7151 0.3758 0.5894
vn -0.0375 0.6871 0.7256
vn 0.1520 0.1201 0.9811
vn 0.0021 0.8359 0.5489
vn 0.6843 -0.0332 0.7285
vn 0.1307 -0.3940 0.9098
vn -0.5325 0.5060 0.6786
vn -0.6207 0.0694 0.7809
vn -0.5624 0.1408 0.8148
vn -0.7680 0.4068 0.4947
vn -0.4848 0.1410 0.8632
vn -0.7030 0.3652 0.6103
vn -0.3506 0.1611 0.9226
vn -0.4003 0.5880 0.7028
vn -0.2042 -0.8101 -0.5495
vn -0.1114 -0.7173 -0.6878
vn 0.3816 -0.8045 0.4552
vn 0.4230 -0.8435 0.3309
vn 0.0191 -0.4046 0.9143
vn 0.6079 -0.4398 0.6611
vn -0.3309 -0.7589 0.5609
vn 0.6504 -0.5920 0.4759
vn 0.1568 -0.2298 -0.9605
vn 0.1859 0.4037 -0.8958
vn -0.3970 -0.4522 0.7987
vn -0.9156 -0.4020 -0.0001
vn -0.2965 -0.6211 0.7255
vn 0.0139 -0.3183 0.9479
vn 0.0222 -0.4862 0.8736
vn -0.2906 -0.5068 0.8116
vn -0.6594 0.4453 0.6057
vn -0.5901 0.8038 0.0753
vn 0.1231 0.3650 0.9228
vn -0.6268 0.4620 0.6275
vn 0.2996 -0.8114 -0.5019
vn 0.1816 -0.8134 -0.5526
vn 0.2666 -0.6679 -0.6948
vn 0.9566 0.1190 0.2660
vn 0.9434 -0.0195 0.3310
vn 0.4728 0.8665 0.1600
vn 0.0089 0.9368 0.3498
vn 0.2648 0.4106 -0.8725
vn 0.9323 -0.1233 0.3399
vn 0.4812 -0.8766 -0.0106
vn -0.0294 0.9144 -0.4039
vn 0.0718 0.9940 -0.0824
vn 0.0661 0.9355 -0.3472
vn -0.2916 -0.7432 -0.6022
vn -0.2878 -0.7901 -0.5412
vn 0.2969 -0.3270 -0.8972
vn -0.7524 -0.6525 -0.0900
vn -0.1915 -0.7109 0.6767
vn -0.7055 -0.7050 -0.0724
vn 0.2891 -0.4689 0.8346
vn -0.2379 -0.8021 0.5477
vn -0.9427 0.0008 0.3335
vn -0.7428 0.4011 -0.5360
vn -0.7543 -0.4592 0.4692
vn -0.7521 -0.2753 0.5988
vn -0.6765 -0.5784 0.4558
vn 0.7248 -0.6157 0.3091
vn 0.6375 -0.1620 0.7532
vn 0.4781 -0.4281 0.7669
vn 0.4518 0.3660 -0.8136
vn 0.5378 0.5695 -0.6217
vn 0.3339 0.6817 -0.6510
vn -0.3661 0.7754 0.5145
vn -0.2428 0.9198 0.3084
vn -0.4734 0.8406 0.2631
vn 0.4349 0.7002 -0.5662
vn 0.9063 0.3348 0.2582
vn 0.7293 0.1427 -0.6692
vn 0.5640 0.8238 0.0569
vn -0.8425 -0.4185 0.3393
vn -0.5861 -0.1636 0.7935
vn 0.5227 -0.2490 0.8154
vn 0.7959 -0.2417 0.5551
vn 0.4119 -0.5787 0.7039
vn 0.7447 0.0192 0.6671
vn 0.5553 -0.7259 0.4059
vn -0.6233 0.7257 0.2914
vn 0.5400 0.4782 0.6927
vn -0.2331 0.5475 -0.8037
vn -0.8029 0.4192 0.4238
vn 0.8836 -0.0734 -0.4625
vn 0.7268 0.6821 -0.0805
vn 0.7169 -0.2776 0.6395
vn -0.0526 -0.4707 0.8807
vn 0.8046 -0.2779 0.5248
vn -0.9977 0.0195 -0.0649
vn -0.6154 0.7748 0.1451
vn -0.4950 0.8689 -0.0062
vn -0.4869 -0.1278 0.8640
vn 0.0883 -0.3337 0.9386
vn -0.0954 -0.6113 0.7856
vn 0.0196 -0.9991 -0.0374
vn 0.8248 -0.2002 0.5288
vn 0.9367 0.0198 0.3495
vn 0.3447 0.8585 -0.3796
vn -0.2484 0.8299 -0.4996
vn -0.0216 0.1957 -0.9804
vn -0.4982 -0.0918 -0.8622
vn 0.2154 0.9160 0.3385
vn 0.4655 0.8518 -0.2404
vn 0.1086 0.9606 0.2559
vn -0.2311 -0.9728 -0.0148
vn -0.5830 -0.7823 -0.2192
vn -0.2075 -0.9466 -0.2468
vn -0.1272 0.1843 -0.9746
vn -0.0855 0.0389 -0.9956
vn -0.5400 0.0240 0.8413
vn 0.2645 0.5548 0.7889
vn -0.5139 0.2693 0.8145
vn -0.0660 -0.2320 0.9705
vn 0.4305 -0.2845 0.8566
vn 0.2256 -0.9348 0.2742
vn 0.5373 -0.5619 0.6289
vn 0.4047 0.7680 0.4963
vn 0.0091 0.8245 0.5658
vn -0.1281 -0.8634 -0.4879
vn 0.0540 -0.9135 -0.4033
vn 0.3677 0.5885 0.7200
vn 0.8742 -0.3973 0.2791
vn -0.5147 -0.7071 0.4849
vn -0.5621 -0.6651 0.4916
vn 0.0925 0.3626 -0.9274
vn 0.5879 0.7199 -0.3689
vn 0.0191 -0.7984 0.6019
vn -0.3555 -0.9222 0.1519
vn -0.0753 -0.9754 0.2074
vn -0.5707 -0.5967 0.5641
vn -0.6973 0.5650 0.4412
vn 0.0218 0.8581 0.5130
vn -0.8622 -0.4893 0.1313
vn -0.6982 -0.6523 0.2950
vn 0.9716 -0.1649 0.1700
vn 0.2388 -0.4999 0.8325
vn 0.4379 -0.4727 0.7647
vn -0.8137 -0.4441 0.3751
vn -0.9610 -0.0694 0.2679
vn 0.3736 -0.1666 0.9125
vn 0.2797 -0.3380 0.8986
vn 0.0331 0.3764 0.9258
vn 0.0285 0.6498 0.7595
vn 0.7205 0.5109 -0.4690
vn 0.8112 0.3750 -0.4488
vn -0.7721 -0.5923 0.2303
vn -0.5360 -0.7103 -0.4562
vn -0.7297 -0.6772 0.0951
vn -0.7061 0.7066 0.0459
vn -0.1414 -0.2903 0.9464
vn -0.8992 0.2333 0.3702
vn -0.2112 -0.2960 0.9315
vn -0.5320 0.1542 0.8326
vn -0.1519 0.7768 0.6111
vn -0.1115 0.6960 0.7093
vn 0.3013 0.8764 -0.3757
vn -0.6320 0.7514 -0.1897
vn 0.2773 0.8526 -0.4430
vn -0.2447 0.4308 -0.8686
vn -0.1932 0.4507 -0.8715
vn -0.8914 -0.1539 -0.4264
vn 0.1610 -0.9861 -0.0407
vn 0.0616 -0.9964 -0.0576
vn 0.7836 0.3509 -0.5127
vn 0.7686 0.3291 -0.5486
vn -0.0494 -0.1115 -0.9925
vn -0.7454 -0.1073 0.6579
vn 0.0517 0.0081 0.9986
vn 0.1542 -0.2968 0.9424
vn 0.8674 0.4957 -0.0432
vn 0.9799 -0.1849 -0.0748
vn 0.0796 -0.9905 0.1123
vn 0.3204 -0.9448 0.0692
vn -0.3931 0.8427 -0.3679
vn 0.7970 0.5915 0.1221
vn 0.9037 0.0244 -0.4274
vn 0.5160 -0.3656 -0.7746
vn 0.1105 -0.9263 0.3602
vn 0.3303 -0.8678 0.3711
vn -0.1021 -0.8157 0.5694
vn 0.6533 -0.3369 0.6780
vn 0.8842 -0.3325 -0.3281
vn 0.2849 -0.1590 0.9453
vn 0.5879 -0.2176 0.7792
vn 0.6798 -0.4693 0.5636
vn 0.3330 0.3546 0.8737
vn 0.0494 0.9861 0.1589
vn 0.3682 0.8146 0.4482
vn 0.6076 0.6793 -0.4116
vn -0.3061 0.4814 -0.8213
vn -0.3841 -0.6575 0.6482
vn 0.5346 -0.4014 0.7437
vn 0.1620 0.0835 0.9833
vn 0.2610 -0.0127 0.9653
vn 0.4572 0.8894 0.0001
vn 0.7608 0.6455 -0.0676
vn -0.5225 0.0874 0.8482
vn -0.4236 0.1934 0.8850
vn 0.1711 -0.8402 -0.5146
vn 0.2179 -0.7789 -0.5881
vn -0.0021 -0.8497 -0.5273
vn -0.7366 -0.6202 0.2698
vn 0.0027 -0.5849 0.8111
vn 0.7170 -0.3368 -0.6103
vn 0.6911 -0.6198 0.3717
vn 0.9338 -0.2750 0.2290
vn 0.9197 -0.3833 0.0848
vn 0.4067 -0.4144 0.8142
vn 0.6386 -0.2099 0.7403
vn 0.4815 0.5406 0.6899
vn -0.2313 0.1638 0.9590
vn -0.2385 0.4353 0.8681
vn -0.9137 -0.0986 -0.3942
vn -0.9324 -0.2924 -0.2123
vn -0.5773 -0.8135 0.0700
vn -0.7229 -0.6210 0.3031
vn -0.9530 -0.0114 0.3029
vn -0.6113 0.5504 0.5687
vn -0.8657 -0.3079 0.3947
vn 0.2469 0.4070 0.8794
vn -0.0647 0.5774 0.8139
vn -0.9943 -0.1001 0.0359
vn 0.0001 0.3851 0.9229
vn -0.7016 -0.7031 0.1158
vn -0.7691 -0.2412 -0.5919
vn -0.8294 -0.4190 -0.3695
vn -0.4349 -0.3815 0.8157
vn -0.6766 0.0858 0.7314
vn -0.6573 0.1872 0.7300
vn -0.7348 0.4360 0.5197
vn 0.3284 0.3530 0.8761
vn 0.4437 0.1641 0.8810
vn -0.8413 0.0634 0.5368
vn -0.5326 -0.4492 0.7173
vn -0.4134 -0.4392 0.7976
vn -0.0086 0.3055 0.9522
vn 0.6693 0.1115 0.7345
vn 0.4650 0.6802 0.5667
vn -0.9939 0.0635 0.0903
vn -0.4728 -0.8772 0.0831
vn -0.9475 -0.0452 0.3165
vn -0.3775 0.6731 0.6360
vn -0.6369 0.4871 0.5976
vn -0.2537 -0.6366 0.7283
vn -0.3560 0.6150 0.7036
vn -0.6838 0.1397 0.7162
vn 0.3900 -0.6673 0.6345
vn -0.5877 -0.3672 -0.7210
vn 0.9253 -0.3352 -0.1775
vn -0.2763 -0.3084 0.9103
vn -0.3901 -0.5831 -0.7126
vn -0.4576 -0.4899 -0.7420
vn 0.5325 -0.0958 -0.8410
vn 0.6368 -0.5081 0.5798
vn 0.7161 -0.6407 0.2769
vn 0.5891 -0.3205 0.7418
vn -0.6942 0.5173 0.5005
vn -0.4970 0.6513 0.5734
vn -0.4485 -0.8643 -0.2275
vn -0.0296 -0.9603 0.2775
vn 0.0172 -0.8695 -0.4936
vn -0.7435 0.2811 0.6068
vn -0.9520 -0.0001 0.3060
vn -0.9072 0.3504 0.2327
vn -0.9467 -0.3220 0.0118
vn 0.8940 0.0451 -0.4458
vn 0.9371 0.3301 -0.1134
vn -0.9557 0.1994 0.2163
vn 0.9555 -0.2810 0.0899
vn 0.9072 -0.0117 0.4206
vn -0.8298 0.3624 0.4244
vn -0.4144 -0.3350 -0.8462
vn -0.0489 0.3363 -0.9405
vn -0.0267 0.2252 -0.9740
vn -0.4710 0.4337 -0.7681
vn 0.8529 0.4180 -0.3127
vn 0.3560 0.8620 -0.3610
vn 0.4631 0.8760 0.1345
vn 0.2023 0.7865 -0.5834
vn 0.9744 -0.1490 0.1681
vn 0.8467 -0.1623 -0.5067
vn -0.5745 -0.2934 0.7641
vn -0.1127 -0.3882 0.9147
vn 0.4669 -0.1176 0.8765
vn 0.5549 -0.6864 0.4700
vn 0.3097 -0.1276 0.9422
vn -0.3607 -0.3914 0.8466
vn 0.2183 -0.7549 0.6184
vn 0.4777 -0.6979 0.5336
vn -0.9773 -0.1734 -0.1214
vn -0.5332 -0.6367 -0.5570
vn 0.9096 -0.3449 -0.2316
vn 0.9288 -0.3018 0.2150
vn 0.8879 -0.4259 -0.1741
vn -0.4346 -0.6867 -0.5827
vn 0.1029 -0.0964 -0.9900
vn -0.2028 -0.1743 -0.9636
vn 0.9943 -0.1001 0.0359
vn 0.9307 -0.3156 0.1848
vn 0.6324 -0.6987 -0.3344
vn 0.3630 -0.9268 0.0964
vn 0.7195 -0.6943 -0.0147
vn 0.4681 -0.5219 -0.7131
vn 0.8987 -0.4350 0.0554
vn 0.9327 -0.2047 -0.2969
vn 0.2106 -0.6228 0.7535
vn -0.4563 -0.5285 0.7159
vn -0.9061 -0.3915 0.1605
vn 0.7427 -0.2481 0.6220
vn 0.3083 0.1003 -0.9460
vn 0.9691 -0.0440 -0.2427
vn -0.1033 -0.6591 -0.7449
vn 0.3523 -0.8637 0.3604
vn -0.3887 -0.9161 0.0984
vn -0.8729 -0.1922 0.4485
vn 0.5179 0.6801 0.5189
vn 0.4116 0.8815 0.2313
vn -0.8573 0.2506 -0.4497
vn 0.3518 -0.7844 0.5109
vn -0.7238 -0.5069 0.4682
vn -0.8265 -0.5577 0.0763
vn 0.6949 0.6402 0.3276
vn 0.9530 -0.0113 0.3028
vn 0.7806 -0.2743 0.5616
vn 0.4965 -0.7205 0.4841
vn 0.6217 -0.7005 0.3503
vn -0.8042 0.1854 -0.5647
vn -0.5824 -0.2513 -0.7731
vn -0.7965 -0.3337 -0.5042
vn 0.0099 -0.1602 0.9870
vn 0.9707 0.0362 0.2375
vn 0.9023 0.2613 0.3430
vn 0.8654 0.4748 0.1602
vn -0.5126 -0.6854 -0.5172
vn -0.5615 -0.5385 -0.6283
vn -0.1619 -0.5873 0.7930
vn -0.0682 -0.3612 0.9300
vn -0.3350 0.7640 -0.5514
vn -0.7719 0.5624 -0.2965
vn -0.7183 0.6192 -0.3174
vn -0.8609 -0.2472 0.4447
vn -0.3463 0.9236 0.1644
vn 0.8030 0.0402 -0.5946
vn 0.2498 -0.1722 -0.9529
vn 0.9996 0.0153 0.0258
vn -0.1468 -0.4595 0.8760
vn 0.3662 -0.4865 0.7932
vn 0.0697 0.0054 0.9976
vn -0.9405 -0.0928 0.3270
vn -0.9555 -0.0112 0.2947
vn 0.5626 0.5564 -0.6115
vn 0.8551 0.4134 -0.3129
vn 0.6043 0.3183 -0.7304
vn -0.7364 0.6765 0.0051
vn -0.6902 0.4850 -0.5371
vn 0.8926 -0.3328 0.3042
vn 0.6617 -0.6720 0.3325
vn 0.6678 -0.6452 0.3712
vn 0.6088 -0.7076 0.3586
vn 0.4382 -0.7965 -0.4166
vn 0.4511 -0.7950 -0.4055
vn 0.4572 -0.7943 -0.4002
vn 0.2209 -0.8978 0.3809
vn 0.1740 -0.3274 0.9287
vn -0.4126 -0.7603 0.5017
vn -0.0107 -0.7966 0.6045
vn -0.9739 -0.2032 0.1007
vn -0.6153 -0.3721 0.6949
vn -0.9011 -0.0314 0.4325
vn -0.0765 0.1379 -0.9875
vn -0.5910 0.5747 -0.5661
vn -0.6438 -0.4741 0.6006
vn 0.2518 -0.9117 0.3247
vn 0.2776 -0.7555 0.5934
vn -0.2095 -0.4051 -0.8899
vn 0.2052 -0.3543 -0.9123
vn 0.6956 -0.5064 -0.5096
vn -0.0862 0.1214 0.9889
vn -0.2569 -0.2304 0.9386
vn -0.1562 -0.3710 0.9154
vn 0.1444 0.3193 0.9366
vn -0.2985 0.1450 0.9433
vn -0.1438 0.0908 0.9854
vn -0.0238 0.1876 0.9820
vn 0.6604 -0.5608 -0.4995
vn -0.5710 -0.1420 -0.8086
vn -0.5973 -0.0970 -0.7961
vn -0.1019 0.3751 0.9214
vn -0.1080 0.5238 0.8450
vn -0.8666 0.0290 -0.4982
vn -0.2924 0.4321 -0.8531
vn -0.0444 0.6505 -0.7582
vn 0.8023 0.5063 -0.3161
vn 0.1756 0.3233 -0.9299
vn 0.7577 0.3255 -0.5656
vn -0.0314 -0.5345 0.8446
vn 0.3269 -0.1248 0.9368
vn -0.3416 -0.6035 0.7205
vn 0.0618 -0.7997 0.5972
vn -0.4051 -0.5865 0.7014
vn -0.1071 -0.6163 0.7802
vn 0.0838 0.4030 0.9114
vn -0.0491 -0.0814 0.9955
vn -0.0401 0.2433 0.9691
vn 0.7716 0.5584 0.3047
vn 0.5750 0.6542 -0.4913
vn 0.1060 0.9169 0.3847
vn 0.0662 0.8803 0.4697
vn 0.0611 0.7879 0.6127
vn -0.0936 -0.9898 0.1075
vn 0.6386 -0.2591 -0.7246
vn 0.6074 -0.2984 -0.7363
vn -0.4289 -0.7310 0.5307
vn 0.7388 0.0977 -0.6668
vn 0.4210 -0.8080 0.4122
vn 0.7145 -0.4180 0.5610
vn 0.3796 -0.4431 -0.8121
vn -0.1332 -0.8301 -0.5415
vn -0.0006 -0.3345 -0.9424
vn -0.3233 0.9010 -0.2891
vn -0.9809 0.1181 -0.1548
vn -0.9914 0.0702 -0.1106
vn 0.5560 -0.4690 0.6862
vn 0.8008 -0.3500 0.4860
vn -0.2400 -0.3325 0.9121
vn -0.1725 0.2344 0.9567
vn 0.7017 0.6920 0.1697
vn 0.9940 0.0175 -0.1075
vn -0.3358 0.2957 0.8943
vn -0.1041 0.0119 0.9945
vn -0.5628 0.2210 0.7965
vn 0.4936 -0.0412 0.8687
vn 0.8603 0.3479 0.3726
vn 0.7930 -0.1744 0.5838
vn 0.4828 -0.0979 0.8703
vn 0.7206 0.4995 0.4809
vn 0.7841 0.6164 0.0725
vn 0.6249 0.7653 0.1544
vn -0.1825 0.1281 -0.9748
vn 0.0947 -0.5821 0.8076
vn -0.7216 0.5834 0.3726
vn -0.6945 0.6368 0.3349
vn -0.8600 0.3782 0.3426
vn -0.2589 -0.9519 0.1642
vn -0.4746 -0.6560 0.5869
vn -0.6445 -0.7499 0.1494
vn 0.5501 0.5804 0.6004
vn 0.6701 0.5457 0.5032
vn -0.6995 0.4526 -0.5531
vn -0.4250 0.8935 -0.1451
vn -0.2495 0.8918 -0.3773
vn -0.1185 0.0463 -0.9919
vn -0.2459 0.8349 -0.4923
vn 0.0039 -0.5599 -0.8285
vn 0.0737 -0.7293 -0.6802
vn -0.1440 -0.8127 -0.5646
vn 0.1451 -0.8145 -0.5617
vn -0.3310 0.7342 0.5928
vn 0.4338 0.7832 -0.4456
vn 0.3789 0.4753 -0.7940
vn 0.3607 0.7384 -0.5697
vn 0.4564 0.5303 0.7145
vn 0.6651 0.7095 0.2329
vn 0.0005 0.1715 -0.9852
vn 0.1790 0.1367 -0.9743
vn 0.3476 -0.3486 -0.8704
vn -0.4117 0.4555 -0.7893
vn 0.4624 -0.8430 -0.2748
vn 0.1262 -0.9206 -0.3697
vn -0.5618 -0.0173 0.8271
vn -0.5620 -0.0194 0.8269
vn -0.5628 -0.0287 0.8261
vn 0.9809 -0.1898 -0.0428
vn -0.0227 0.7779 0.6279
vn -0.1263 0.2871 -0.9495
vn 0.0448 0.5068 -0.8609
vn -0.2516 -0.7807 0.5720
vn -0.6580 -0.5607 0.5027
vn -0.3272 -0.5369 0.7776
vn -0.9366 -0.3504 0.0013
vn -0.7501 -0.5953 0.2880
vn -0.9982 0.0466 -0.0374
vn 0.3107 -0.5452 0.7786
vn 0.3431 -0.6264 0.6999
vn 0.9668 -0.0334 0.2535
vn 0.3738 0.5980 -0.7090
vn -0.1008 0.5996 -0.7939
vn 0.5957 -0.7971 0.0988
vn 0.5948 -0.7241 -0.3491
vn -0.6657 0.3762 0.6445
vn -0.6497 0.0250 0.7598
vn -0.8047 -0.1517 -0.5739
vn -0.1786 0.0206 -0.9837
vn -0.7815 0.0556 -0.6214
vn 0.7210 0.6049 -0.3380
vn 0.6357 0.5879 -0.5002
vn 0.7674 0.0832 -0.6357
vn 0.8648 -0.3970 0.3076
vn -0.5621 0.6201 -0.5473
vn -0.8140 0.3692 -0.4484
vn 0.3167 0.5273 -0.7884
vn 0.3817 0.6159 -0.6892
vn 0.5466 0.4265 -0.7207
vn -0.6322 -0.4690 0.6167
vn 0.0583 -0.0621 0.9964
vn -0.6882 0.1389 0.7121
vn 0.7065 -0.2686 -0.6548
vn 0.9303 0.3578 -0.0808
vn -0.9739 -0.2238 -0.0369
vn -0.6970 0.2202 -0.6824
vn 0.9048 -0.0759 0.4190
vn 0.9211 -0.0187 0.3889
vn 0.1074 -0.2288 0.9675
vn 0.1611 0.2605 0.9519
vn 0.8574 -0.3008 0.4176
vn -0.1859 -0.3949 0.8997
vn 0.0501 -0.2048 0.9775
vn -0.5774 -0.8131 0.0737
vn -0.7202 -0.6210 0.3093
vn -0.9503 -0.0111 0.3112
vn -0.8704 -0.4884 0.0631
vn -0.8013 0.4597 -0.3830
vn -0.8675 0.1153 -0.4839
vn 0.5226 -0.0037 0.8526
vn 0.3759 0.6905 0.6180
vn 0.3690 0.2565 0.8933
vn 0.9992 0.0097 -0.0388
vn 0.9988 -0.0013 0.0480
vn 0.4947 0.8689 -0.0148
vn 0.4886 -0.4960 -0.7178
vn 0.1844 -0.9576 -0.2215
vn 0.0729 -0.9828 0.1697
vn -0.2116 -0.7613 0.6129
vn -0.1480 -0.9840 0.0994
vn 0.3361 -0.5715 0.7486
vn -0.9508 -0.0622 0.3035
vn -0.3203 -0.5124 0.7968
vn 0.3139 -0.4445 0.8390
vn 0.0554 0.1902 0.9802
vn -0.0257 0.3041 0.9523
vn -0.0660 -0.1457 -0.9871
vn 0.4111 -0.6669 -0.6215
vn 0.0038 -0.5893 -0.8079
vn -0.0896 -0.5497 0.8306
vn 0.6365 -0.7699 -0.0459
vn 0.9632 -0.2556 0.0831
vn -0.7830 0.4404 -0.4392
vn 0.1973 0.5625 -0.8029
vn -0.9248 0.1977 0.3252
vn 0.9598 0.0154 0.2801
vn 0.4941 -0.2582 0.8302
vn -0.0280 -0.8238 0.5661
vn 0.8394 -0.2983 -0.4543
vn 0.0346 0.1735 -0.9842
vn -0.7932 -0.2486 0.5559
vn 0.0497 0.3283 -0.9433
vn 0.0459 0.5960 -0.8017
vn 0.3491 -0.7470 -0.5658
vn -0.5445 0.6152 -0.5702
vn 0.8641 -0.1237 0.4879
vn 0.1914 -0.7137 0.6737
vn -0.1652 0.5693 0.8053
vn 0.0474 0.8732 0.4851
vn 0.6248 -0.7406 0.2473
vn 0.7621 -0.1095 0.6382
vn 0.1304 -0.7792 0.6131
vn 0.4884 -0.6177 0.6164
vn -0.8586 0.0434 -0.5109
vn 0.1715 -0.8418 -0.5119
vn 0.5560 -0.5023 -0.6622
vn 0.4528 0.6483 -0.6121
vn 0.5049 0.6230 -0.5974
vn -0.6825 0.3070 -0.6633
vn 0.5308 0.8003 0.2788
vn 0.6509 0.7561 0.0676
vn -0.0641 0.4339 0.8987
vn -0.0194 -0.9120 -0.4096
vn 0.7653 0.4255 0.4830
vn -0.9234 -0.1681 -0.3450
vn -0.5160 0.1363 -0.8457
vn -0.7314 0.6516 0.2012
vn 0.8845 -0.2814 0.3721
vn 0.1407 0.0490 0.9888
vn -0.0756 -0.6210 0.7802
vn -0.3200 0.0226 0.9472
vn 0.3181 0.0087 0.9480
vn -0.8015 0.0251 0.5974
vn -0.4122 0.7086 -0.5727
vn -0.8408 -0.0178 0.5410
vn -0.7488 -0.6449 0.1531
vn -0.4198 -0.8932 -0.1610
vn 0.3725 -0.8472 0.3789
vn -0.3529 -0.8613 0.3657
vn -0.5008 -0.8442 -0.1910
vn -0.3223 0.0327 0.9461
vn -0.5839 -0.4471 0.6776
vn 0.1218 -0.8860 -0.4475
vn 0.8262 -0.0123 -0.5633
vn 0.0218 0.5918 -0.8058
vn 0.7063 0.1543 -0.6909
vn -0.3854 0.5225 -0.7606
vn -0.2627 0.9641 -0.0396
vn -0.1409 0.9856 0.0940
vn -0.6641 -0.4905 0.5643
vn -0.6798 -0.2825 0.6769
vn -0.3580 -0.4189 0.8345
vn -0.4850 -0.6978 -0.5271
vn -0.3770 0.3210 0.8688
vn 0.4974 -0.7884 -0.3618
vn 0.3639 -0.8996 0.2414
vn -0.4116 0.7904 0.4538
vn -0.8590 0.0369 0.5107
vn -0.8172 -0.4048 0.4103
vn -0.1847 0.8063 0.5620
vn -0.2658 0.7621 0.5903
vn -0.7272 -0.6817 0.0801
vn -0.7963 -0.4534 -0.4004
vn -0.8830 -0.4677 -0.0404
vn -0.2426 -0.9272 0.2854
vn -0.3206 -0.8335 -0.4499
vn 0.7678 0.5549 0.3203
vn 0.7797 0.2182 0.5869
vn -0.3181 -0.1130 -0.9413
vn -0.0156 -0.6717 0.7407
vn -0.6654 0.1073 0.7387
vn 0.8868 0.4584 0.0590
vn 0.9161 0.0050 0.4009
vn 0.9739 -0.2032 0.1007
vn 0.6801 0.5151 0.5217
vn -0.7900 -0.2195 0.5725
vn -0.8367 -0.1169 0.5350
vn -0.9264 0.1304 -0.3532
vn -0.7694 -0.4269 0.4752
vn -0.1633 0.0495 -0.9853
vn 0.0739 0.0827 -0.9938
vn 0.5454 0.7169 0.4342
vn -0.0741 0.8321 0.5496
vn 0.3568 0.8254 0.4376
vn -0.8240 -0.2547 0.5062
vn 0.6525 0.4979 0.5713
vn 0.1282 0.9303 0.3436
vn 0.4162 0.5815 0.6990
vn -0.1747 0.7161 0.6758
vn 0.0581 0.7882 0.6126
vn 0.1717 0.9846 -0.0329
vn 0.1238 0.7658 -0.6310
vn -0.7773 0.3402 -0.5293
vn -0.7369 0.3541 -0.5759
vn -0.8964 -0.4404 0.0498
vn -0.8800 0.4641 0.1012
vn -0.8797 0.4648 0.1004
vn -0.8808 0.4620 0.1035
vn -0.3451 0.6554 -0.6718
vn 0.3978 -0.5139 0.7600
vn -0.6192 -0.7801 -0.0900
vn -0.0893 -0.9959 0.0169
vn -0.6025 -0.7964 -0.0521
vn 0.7841 -0.1370 0.6053
vn 0.9322 0.3342 0.1388
vn 0.5767 0.2488 -0.7781
vn 0.9799 -0.1879 0.0670
vn 0.9735 -0.2068 0.0972
vn -0.9138 -0.2008 0.3530
vn -0.6541 -0.7381 0.1655
vn -0.0896 -0.3052 0.9480
vn 0.9228 0.2376 -0.3035
vn 0.8937 0.4094 0.1834
vn 0.2334 0.7690 0.5951
vn -0.7372 -0.5149 0.4375
vn -0.9896 -0.0533 -0.1333
vn 0.4818 -0.8762 -0.0101
vn 0.5678 -0.7224 0.3946
vn -0.3180 -0.8085 0.4952
vn -0.8990 -0.0959 0.4273
vn -0.9128 -0.0360 0.4067
vn 0.1218 -0.7669 0.6301
vn 0.2849 -0.9505 0.1240
vn 0.6376 -0.7544 0.1558
vn 0.6025 0.7865 0.1359
vn -0.6272 -0.7371 0.2516
vn 0.2675 -0.8404 0.4714
vn -0.6406 0.7626 0.0894
vn -0.4014 0.6870 -0.6058
vn -0.8212 -0.3582 0.4442
vn 0.0890 0.2902 0.9528
vn -0.1790 0.4437 0.8781
vn -0.0249 0.3241 0.9457
vn -0.2781 0.7946 -0.5396
vn -0.9781 0.1538 -0.1406
vn 0.8300 -0.5082 -0.2298
vn 0.8424 -0.4827 -0.2398
vn 0.7771 -0.5515 -0.3032
vn 0.3117 -0.4592 0.8318
vn 0.4461 -0.6210 -0.6445
vn 0.2770 -0.8102 0.5165
vn 0.0928 -0.6643 0.7416
vn 0.2037 0.0886 0.9750
vn -0.7097 -0.6602 0.2458
vn -0.5313 -0.8156 0.2291
vn -0.8648 -0.3973 0.3070
vn -0.1554 -0.6135 0.7742
vn -0.8679 -0.4318 -0.2455
vn -0.4508 -0.8207 -0.3510
vn -0.5892 -0.7996 0.1161
vn -0.9111 0.3468 -0.2228
vn -0.2192 0.5665 -0.7943
vn -0.4697 0.8770 0.1015
vn -0.4053 0.9122 -0.0607
vn 0.0219 -0.2611 0.9651
vn 0.7979 0.3216 0.5099
vn 0.8705 0.2160 0.4422
vn -0.8659 -0.0208 -0.4997
vn -0.8189 -0.0912 -0.5666
vn -0.7658 -0.6202 0.1702
vn -0.8922 -0.2710 0.3614
vn -0.9537 -0.2009 -0.2237
vn -0.8049 -0.1487 -0.5744
vn 0.8099 -0.2512 -0.5300
vn 0.5592 -0.7824 -0.2743
vn -0.8553 -0.1915 -0.4815
vn 0.1240 0.0714 -0.9897
vn 0.0870 0.0653 -0.9941
vn 0.0369 0.0555 -0.9978
vn 0.6727 -0.5145 0.5317
vn 0.6901 -0.5299 0.4929
vn -0.9773 -0.2086 0.0375
vn -0.3313 -0.7587 0.5609
vn -0.0589 -0.9280 -0.3678
vn -0.0614 0.5232 0.8500
vn 0.0435 -0.1770 0.9832
vn 0.6523 0.6729 -0.3487
vn -0.5551 -0.7366 -0.3863
vn -0.5958 -0.8017 -0.0480
vn -0.6992 -0.2610 -0.6656
vn 0.2702 -0.3894 -0.8805
vn -0.1166 -0.9754 -0.1868
vn -0.3333 0.5204 0.7862
vn -0.4097 -0.6632 0.6264
vn 0.2120 0.9545 0.2096
vn 0.8066 0.5411 0.2382
vn 0.4361 0.8975 0.0652
vn 0.8499 0.0368 -0.5256
vn 0.1724 0.0931 -0.9806
vn 0.0948 -0.0929 -0.9911
vn -0.8740 0.0157 -0.4856
vn -0.2673 0.1323 -0.9545
vn -0.2977 -0.1420 -0.9440
vn -0.1974 0.9766 0.0850
vn 0.1016 0.9466 0.3060
vn 0.3575 -0.4000 0.8439
vn 0.2543 0.6658 0.7014
vn 0.1537 0.8444 -0.5131
vn -0.5679 -0.2003 -0.7983
vn 0.7008 -0.3060 -0.6445
vn 0.0685 -0.9925 -0.1016
vn 0.4770 -0.7354 0.4813
vn -0.0589 0.0779 0.9952
vn -0.9819 -0.1569 0.1064
vn 0.1805 -0.0405 0.9827
vn 0.9657 -0.1655 0.2003
vn 0.9540 -0.1675 0.2485
vn 0.3062 -0.6491 0.6964
vn -0.6156 -0.4861 0.6203
vn 0.7820 0.3111 -0.5401
vn 0.9410 -0.0613 0.3329
vn 0.3060 0.4842 -0.8197
vn 0.6850 0.2400 -0.6878
vn 0.8317 -0.0574 0.5523
vn 0.7182 -0.6164 0.3229
vn 0.9802 0.0098 0.1976
vn 0.9001 -0.3055 0.3106
vn -0.8662 -0.0122 0.4995
vn 0.0762 0.3797 0.9220
vn 0.1008 -0.9766 0.1899
vn 0.2290 -0.7175 -0.6578
vn 0.0338 -0.6911 -0.7219
vn 0.9901 0.0105 0.1398
vn 0.9949 -0.1003 -0.0099
vn -0.3146 0.5285 -0.7885
vn 0.5766 0.2169 -0.7877
vn 0.5512 0.3447 -0.7598
vn 0.4381 -0.5284 0.7272
vn -0.1965 -0.7118 0.6743
vn 0.2417 -0.7118 0.6594
vn 0.1974 -0.3715 0.9072
vn -0.3014 0.8767 -0.3749
vn -0.9762 0.1446 -0.1615
vn -0.5516 -0.4232 0.7188
vn -0.4002 0.0424 -0.9154
vn -0.7728 -0.4331 0.4639
vn -0.4969 -0.8019 -0.3319
vn -0.7533 -0.5010 -0.4261
vn 0.3904 0.4368 0.8104
vn 0.1413 0.8406 0.5228
vn -0.1072 0.9187 -0.3801
vn -0.2012 0.8623 -0.4647
vn -0.4407 0.7496 -0.4938
vn 0.3568 0.9255 -0.1269
vn 0.6066 -0.4180 0.6762
vn -0.6400 0.1687 0.7496
vn -0.6399 -0.5640 0.5220
vn -0.3711 -0.3485 0.8607
vn 0.7759 -0.2933 0.5585
vn 0.9181 -0.1809 -0.3528
vn 0.2228 0.2344 -0.9463
vn 0.2038 -0.5138 -0.8334
vn -0.2654 -0.3191 -0.9098
vn -0.3945 -0.3620 -0.8446
vn -0.6644 0.7019 0.2568
vn -0.9173 -0.3851 0.1010
vn -0.4607 0.8761 0.1425
vn -0.7548 0.4252 0.4995
vn -0.4969 0.2755 0.8229
vn -0.3039 -0.3006 0.9040
vn -0.9137 -0.0822 0.3979
vn -0.9577 -0.2227 0.1821
vn 0.5242 -0.8501 0.0509
vn 0.7030 -0.7086 0.0601
vn 0.9718 -0.1902 0.1396
vn 0.8554 -0.0361 0.5167
vn 0.5960 0.6331 0.4939
vn 0.9568 0.0726 0.2815
vn -0.0877 -0.8573 -0.5072
vn 0.5708 -0.4957 -0.6546
vn 0.9305 -0.3661 0.0061
vn 0.9359 -0.3514 0.0239
vn 0.2493 -0.7803 0.5736
vn 0.8448 0.1340 0.5181
vn 0.7607 -0.1394 0.6340
vn -0.5727 -0.6332 0.5207
vn 0.6376 -0.7510 -0.1716
vn -0.8544 -0.2278 0.4670
vn 0.5477 -0.1604 0.8212
vn -0.6534 -0.3369 0.6780
vn -0.6082 -0.4695 0.6400
vn -0.1384 -0.9862 0.0909
vn -0.5982 0.7985 0.0684
vn 0.8646 -0.4815 0.1437
vn -0.1118 0.9200 0.3757
vn -0.9637 -0.0751 0.2561
vn -0.9397 0.2698 0.2102
vn -0.9245 -0.3756 0.0645
vn -0.3873 -0.5745 -0.7211
vn -0.1426 -0.8293 -0.5403
vn -0.0126 0.8646 0.5023
vn -0.9966 -0.0030 -0.0826
vn -0.8660 -0.4268 -0.2606
vn 0.2866 0.9500 0.1241
vn 0.0713 -0.9054 -0.4186
vn -0.2259 -0.5092 0.8305
vn -0.8954 -0.0244 0.4446
vn -0.9519 -0.0740 0.2973
vn -0.2851 0.3906 0.8753
vn 0.0221 -0.3681 -0.9295
vn -0.3950 -0.6827 -0.6147
vn 0.4695 0.3508 -0.8102
vn 0.1494 0.0826 -0.9853
vn 0.8606 0.3419 -0.3774
vn -0.2668 -0.8097 -0.5228
vn 0.5586 0.0772 -0.8258
vn -0.0586 -0.0884 -0.9944
vn 0.4372 -0.0096 -0.8993
vn 0.1067 0.1516 -0.9827
vn -0.8982 0.0566 -0.4360
vn 0.4534 -0.6062 -0.6534
vn 0.2156 -0.8408 -0.4965
vn 0.9404 -0.2190 0.2601
vn 0.1609 -0.6152 0.7718
vn 0.0006 0.6904 0.7235
vn -0.9452 -0.2380 -0.2236
vn -0.6302 -0.7724 0.0791
vn -0.9702 -0.2119 -0.1174
vn 0.9076 0.0814 -0.4119
vn 0.9141 0.0568 -0.4014
vn 0.0049 -0.2523 0.9676
vn -0.7654 0.2023 0.6110
vn -0.0830 -0.2631 0.9612
vn 0.9601 -0.0929 0.2636
vn -0.5701 -0.7092 0.4148
vn -0.9897 -0.0918 0.1095
vn -0.5577 -0.7183 0.4159
vn 0.4023 -0.3493 0.8463
vn 0.9421 0.3107 0.1259
vn 0.8799 0.2928 0.3742
vn -0.1630 0.9659 0.2009
vn 0.4978 0.7872 0.3642
vn -0.3104 0.7842 0.5373
vn 0.0437 0.8438 0.5348
vn -0.8732 0.4871 -0.0112
vn -0.8048 0.5308 0.2656
vn -0.4396 0.8969 0.0474
vn -0.4366 -0.3292 0.8373
vn -0.3232 -0.1362 0.9365
vn -0.1423 -0.5825 0.8003
vn 0.4002 0.5866 0.7041
vn 0.3752 0.7536 0.5398
vn -0.6831 0.1824 0.7072
vn -0.7993 -0.2753 0.5341
vn -0.2729 0.6630 0.6971
vn 0.3025 0.6100 0.7324
vn 0.3507 -0.1379 0.9263
vn 0.4043 -0.9141 0.0301
vn 0.9991 0.0210 -0.0374
vn -0.1850 0.6534 0.7341
vn -0.1960 -0.8138 -0.5471
vn 0.4385 0.8140 0.3810
vn -0.3283 0.7562 0.5660
vn -0.4780 0.6736 0.5638
vn 0.6949 -0.5761 -0.4303
vn 0.9373 0.1891 -0.2929
vn 0.2135 0.4151 -0.8844
vn 0.2125 0.2631 -0.9411
vn 0.1629 -0.9860 0.0350
vn -0.5544 0.6670 0.4977
vn -0.4674 0.7691 0.4359
vn 0.0740 0.8321 0.5496
vn -0.4925 -0.3873 -0.7794
vn 0.5321 -0.4171 -0.7368
vn -0.1047 -0.9829 -0.1518
vn 0.5344 -0.7157 -0.4497
vn 0.6685 -0.7286 -0.1494
vn 0.6803 -0.7246 -0.1102
vn -0.8137 -0.5566 -0.1675
vn -0.7830 -0.2470 -0.5709
vn -0.6141 -0.7647 0.1953
vn 0.6918 -0.6726 0.2628
vn 0.3284 0.1285 0.9358
vn 0.1920 0.1184 0.9742
vn -0.3587 -0.2961 -0.8852
vn 0.0361 -0.6044 -0.7959
vn -0.5150 -0.4124 0.7515
vn 0.7433 -0.2992 0.5983
vn 0.6978 -0.4089 0.5880
vn -0.7628 -0.5265 0.3754
vn -0.7378 -0.2223 -0.6374
vn 0.1992 0.0413 -0.9791
vn -0.1015 -0.1456 -0.9841
vn -0.5130 -0.7847 0.3479
vn 0.5318 -0.2959 -0.7935
vn 0.7033 -0.5232 0.4812
vn 0.8956 0.0522 -0.4417
vn 0.9433 -0.1329 -0.3041
vn 0.5409 -0.8282 -0.1468
vn -0.1912 -0.8414 -0.5055
vn -0.1768 -0.9836 -0.0357
vn 0.8055 0.4778 -0.3506
vn 0.8667 0.4448 -0.2258
vn -0.8271 0.0859 -0.5554
vn -0.9815 0.1903 -0.0222
vn -0.1365 -0.6360 0.7595
vn -0.1996 -0.8908 0.4083
vn 0.6515 -0.7515 0.1041
vn 0.7315 0.2657 -0.6280
vn -0.7617 -0.3463 -0.5476
vn -0.9128 0.3801 0.1495
vn 0.6229 0.7161 0.3148
vn -0.7621 0.3266 -0.5590
vn -0.4360 0.1229 -0.8915
vn -0.7980 0.2036 -0.5672
vn -0.9790 -0.0485 0.1978
vn 0.3594 0.3327 -0.8718
vn 0.0105 -0.3677 0.9299
vn 0.8742 -0.1948 0.4448
vn 0.9004 0.2307 -0.3687
vn -0.6045 -0.4694 -0.6436
vn -0.2007 -0.9592 -0.1991
vn 0.5899 -0.6418 0.4900
vn -0.2721 -0.9521 -0.1396
vn 0.5459 -0.8361 -0.0533
vn -0.9003 -0.1445 0.4107
vn 0.3980 0.4378 -0.8062
vn 0.3409 0.2959 -0.8923
vn 0.4770 0.5087 -0.7167
vn 0.4652 0.7597 0.4543
vn 0.0099 0.0968 0.9953
vn 0.7192 0.0617 0.6921
vn 0.3593 -0.3417 -0.8684
vn 0.2041 -0.3770 0.9034
vn 0.9312 -0.3638 0.0221
vn 0.9460 -0.2890 -0.1470
vn 0.4905 0.8411 0.2278
vn 0.3837 0.8855 0.2619
vn -0.8932 -0.2517 0.3727
vn -0.3363 -0.8197 0.4636
vn -0.6183 -0.5913 0.5178
vn -0.8214 -0.3142 -0.4761
vn 0.3108 -0.1574 -0.9374
vn -0.5432 -0.6401 0.5433
vn -0.9979 0.0139 -0.0625
vn -0.8052 -0.5862 -0.0890
vn -0.5061 -0.8025 -0.3159
vn -0.7122 -0.2741 0.6463
vn 0.7240 0.3043 0.6190
vn 0.5399 -0.3661 0.7579
vn 0.5507 0.4388 0.7101
vn 0.5482 0.4381 0.7124
vn 0.5476 0.4389 0.7124
vn -0.7871 -0.5586 0.2615
vn -0.2439 -0.6409 0.7279
vn 0.0297 -0.4384 0.8983
vn -0.3590 -0.7517 0.5531
vn -0.7708 0.6370 0.0069
vn 0.5315 -0.0054 -0.8470
vn 0.5348 -0.0076 -0.8449
vn 0.5376 -0.0093 -0.8431
vn -0.8285 0.0942 -0.5520
vn -0.7149 -0.4072 -0.5684
vn 0.0490 -0.9457 -0.3214
vn -0.5780 -0.8078 0.1155
vn 0.0525 -0.2737 0.9604
vn 0.7352 -0.2174 0.6421
vn -0.0149 -0.4436 0.8961
vn -0.6432 -0.6882 0.3357
vn -0.8986 -0.4015 0.1772
vn 0.5476 -0.4389 -0.7124
vn 0.5511 -0.4387 -0.7098
vn 0.7672 0.4219 0.4831
vn 0.1890 0.6732 0.7149
vn 0.4440 0.2255 0.8672
vn 0.7763 0.5104 0.3700
vn 0.6686 0.4423 0.5978
vn 0.7173 0.5203 0.4635
vn -0.2594 0.9329 0.2498
vn 0.5960 -0.1691 0.7850
vn 0.8677 -0.4574 0.1946
vn 0.9058 0.1235 0.4053
vn -0.0915 -0.8757 -0.4742
vn 0.9655 -0.2508 -0.0699
vn 0.2409 -0.7316 0.6378
vn 0.8967 -0.4394 0.0534
vn 0.1822 0.9074 -0.3786
vn 0.6168 0.0939 0.7815
vn -0.9945 -0.0234 -0.1023
vn -0.7276 -0.5892 0.3513
vn -0.9351 -0.1469 0.3226
vn -0.5594 0.3761 0.7386
vn -0.0281 -0.6441 0.7644
vn -0.7736 -0.1314 0.6200
vn -0.8133 -0.0897 0.5749
vn 0.1238 -0.9915 -0.0402
vn -0.7219 -0.5197 0.4569
vn -0.5358 -0.0366 0.8436
vn -0.3806 -0.3668 0.8489
vn 0.6733 -0.4757 0.5660
vn 0.9225 0.0104 0.3858
vn 0.0037 0.5796 -0.8149
vn -0.6402 0.5798 -0.5039
vn -0.6236 0.3664 0.6905
vn 0.8986 -0.2138 -0.3831
vn 0.4905 0.0952 -0.8662
vn -0.3514 -0.3220 -0.8791
vn -0.5237 -0.1871 -0.8311
vn -0.4274 -0.4000 -0.8108
vn 0.1475 -0.8639 0.4816
vn 0.2831 0.7990 0.5304
vn -0.6411 0.6711 0.3722
vn -0.5555 -0.8223 0.1236
vn -0.5758 -0.7610 -0.2989
vn -0.9971 0.0128 -0.0752
vn 0.4066 -0.6347 -0.6571
vn 0.5072 -0.8249 -0.2495
vn 0.4552 -0.5909 -0.6660
vn 0.7651 0.6428 -0.0371
vn 0.3199 -0.7302 -0.6037
vn 0.2697 0.2087 -0.9400
vn 0.8201 -0.5446 0.1755
vn 0.5754 -0.4788 0.6630
vn 0.4273 -0.7634 0.4844
vn 0.1447 0.9334 0.3283
vn -0.7857 0.4288 0.4460
vn -0.0931 0.7969 0.5968
vn 0.7821 0.2773 0.5581
vn 0.2109 -0.6447 0.7347
vn -0.3285 -0.2576 0.9087
vn 0.5003 -0.2272 -0.8355
vn 0.5911 -0.1257 -0.7967
vn -0.8076 0.3159 0.4980
vn 0.8322 0.5385 0.1320
vn -0.9776 -0.1948 0.0793
vn -0.3101 -0.6752 0.6693
vn -0.3145 -0.5427 0.7788
vn -0.5239 -0.4710 -0.7097
vn 0.9988 0.0214 -0.0436
vn 0.9984 -0.0013 0.0567
vn 0.4949 0.8689 -0.0105
vn 0.6577 0.0930 -0.7475
vn -0.3844 0.1957 -0.9022
vn 0.0305 0.0805 0.9963
vn -0.9957 -0.0058 -0.0925
vn -0.8696 -0.4185 -0.2620
vn -0.9961 0.0290 -0.0829
vn -0.8037 0.5816 0.1255
vn -0.4947 0.8689 -0.0148
vn 0.1502 0.0869 -0.9848
vn -0.4571 -0.1689 -0.8732
vn 0.2934 -0.7586 0.5818
vn 0.9860 -0.1612 -0.0425
vn -0.5156 -0.2124 -0.8301
vn -0.6303 -0.0770 -0.7725
vn -0.9905 0.1028 -0.0908
vn -0.3861 0.6045 -0.6967
vn 0.5890 -0.8074 -0.0341
vn 0.6687 -0.0401 -0.7424
vn 0.4279 -0.8139 0.3930
vn 0.4565 -0.7908 0.4078
vn 0.5248 -0.7907 0.3153
vn 0.6039 -0.7969 0.0179
vn 0.7147 -0.4538 -0.5322
vn 0.5570 0.7691 0.3135
vn -0.9660 -0.2303 0.1178
vn 0.0211 -0.7398 -0.6725
vn -0.2244 -0.7946 -0.5641
vn -0.0116 0.7204 0.6934
vn -0.2971 0.3614 0.8838
vn -0.0276 0.7873 -0.6160
vn -0.8755 0.2621 -0.4061
vn 0.4460 -0.1559 0.8813
vn 0.4060 0.5852 0.7019
vn 0.1955 0.8044 0.5609
vn -0.6012 -0.4723 0.6446
vn 0.2965 -0.6211 0.7255
vn -0.6054 -0.3798 0.6994
vn 0.9793 -0.1103 0.1695
vn 0.8588 0.2852 0.4257
vn 0.8210 0.3409 0.4580
vn 0.1474 0.7991 0.5828
vn 0.9506 0.2710 0.1517
vn -0.8442 0.0677 0.5318
vn -0.9346 0.2429 0.2599
vn -0.8125 0.2944 0.5032
vn 0.0362 -0.9735 -0.2258
vn -0.9897 -0.0426 0.1363
vn -0.9200 -0.2988 0.2535
vn -0.9470 -0.1187 0.2984
vn 0.9112 0.1502 0.3836
vn -0.6262 0.6092 -0.4865
vn 0.0584 0.5877 -0.8069
vn 0.2056 -0.8900 0.4070
vn 0.9896 -0.1286 -0.0637
vn -0.3819 0.6130 -0.6916
vn -0.3368 0.3601 -0.8700
vn -0.8538 0.5102 0.1038
vn -0.6332 0.4705 -0.6146
vn 0.4607 0.8761 0.1425
vn 0.9503 -0.0113 0.3112
vn -0.6338 0.2737 -0.7235
vn -0.9116 -0.3344 -0.2389
vn -0.2677 0.2520 0.9300
vn 0.3152 -0.4542 -0.8333
vn 0.0591 -0.0776 -0.9952
vn 0.0776 0.5820 -0.8095
vn 0.8237 0.1266 -0.5527
vn -0.0597 0.0146 -0.9981
vn 0.2113 -0.2960 0.9315
vn 0.8559 0.2205 0.4678
vn 0.1256 -0.2884 0.9492
vn 0.1783 -0.6156 0.7676
vn -0.5292 -0.7027 -0.4755
vn 0.8643 -0.0957 0.4937
vn -0.0225 -0.5476 0.8364
vn -0.8601 -0.2940 -0.4169
vn -0.9668 -0.1837 -0.1776
vn 0.6273 -0.7371 0.2515
vn -0.3157 -0.7025 0.6378
vn -0.2675 -0.8403 0.4715
vn -0.7804 0.1132 -0.6149
vn -0.5819 -0.6928 0.4258
vn -0.5227 -0.4631 -0.7158
vn -0.7336 -0.1835 -0.6543
vn -0.0065 0.6038 -0.7971
vn -0.3698 -0.8539 0.3662
vn 0.3785 -0.5982 -0.7063
vn 0.4612 -0.4330 -0.7745
vn -0.6912 0.5694 -0.4450
vn 0.8017 0.4947 0.3356
vn 0.3314 0.1648 0.9290
vn 0.6776 0.3672 0.6373
vn 0.9841 -0.1234 0.1276
vn 0.1063 -0.9912 0.0784
vn -0.0118 -0.8283 -0.5602
vn 0.4954 -0.8081 0.3187
vn -0.5167 -0.8559 0.0202
vn 0.4493 -0.8827 0.1375
vn -0.0996 -0.1782 -0.9789
vn -0.5557 -0.8222 0.1232
vn -0.5763 -0.7610 -0.2979
vn -0.9969 0.0329 -0.0716
vn -0.6063 -0.6274 -0.4886
vn -0.8002 -0.1697 -0.5752
vn -0.6335 -0.0614 -0.7713
vn -0.3074 -0.4384 -0.8446
vn 0.5941 -0.7025 0.3917
vn 0.3732 -0.5671 -0.7342
vn 0.8861 -0.3173 0.3379
vn 0.9855 -0.1575 -0.0638
vn -0.3947 0.0779 0.9155
vn -0.4123 0.5457 0.7296
vn -0.8245 0.5363 0.1806
vn -0.8311 0.4340 0.3477
vn -0.8431 0.4104 0.3474
vn -0.8784 0.0575 -0.4744
vn -0.5728 -0.0695 -0.8168
vn -0.4981 -0.2287 -0.8365
vn 0.6345 -0.5169 -0.5747
vn 0.8367 -0.0040 -0.5477
vn -0.8280 -0.4618 0.3182
vn 0.8452 0.0862 -0.5275
vn 0.0431 -0.3783 0.9247
vn -0.3668 -0.6441 -0.6712
vn 0.6392 0.5356 -0.5519
vn 0.3159 -0.3970 0.8618
vn -0.0873 -0.5993 0.7957
vn -0.0871 -0.6005 0.7949
vn -0.0866 -0.6053 0.7913
vn -0.1499 -0.9874 0.0514
vn -0.5582 -0.6593 0.5037
vn -0.4575 -0.8889 -0.0245
vn -0.9241 -0.3186 0.2111
vn -0.7726 -0.6212 -0.1313
vn -0.0794 -0.9304 -0.3579
vn -0.3778 -0.6118 0.6949
vn 0.6513 -0.5220 0.5508
vn -0.0597 -0.0657 0.9960
vn -0.3122 -0.6220 0.7181
vn 0.8931 0.4497 0.0086
vn -0.2189 -0.7611 0.6105
vn 0.0133 0.9973 -0.0724
vn -0.3479 0.9375 -0.0090
vn -0.8416 0.5078 -0.1840
vn -0.9447 0.3036 -0.1238
vn -0.0941 -0.1177 0.9886
vn 0.5302 0.0798 0.8441
vn -0.3831 0.2171 0.8978
vn -0.9930 0.0251 0.1158
vn -0.6428 0.0853 0.7612
vn 0.0803 0.2115 -0.9741
vn 0.0936 0.4823 0.8710
vn 0.6044 -0.6082 -0.5146
vn 0.1359 -0.9706 -0.1986
vn 0.1482 -0.8201 -0.5528
vn 0.4664 -0.7244 -0.5076
vn -0.2874 -0.3619 -0.8868
vn -0.7985 -0.2140 0.5627
vn 0.5065 0.2204 0.8336
vn -0.1909 0.0641 0.9795
vn -0.6219 -0.4620 0.6322
vn -0.8897 -0.3706 -0.2665
vn -0.2676 -0.8403 0.4714
vn 0.7805 -0.6116 -0.1295
vn 0.9132 -0.3002 -0.2757
vn 0.7687 0.5951 -0.2343
vn 0.8642 0.4443 0.2362
vn -0.9863 0.0945 -0.1354
vn -0.9543 0.2669 -0.1346
vn 0.0847 -0.2469 0.9653
vn -0.2823 -0.8022 -0.5261
vn -0.3418 -0.9053 -0.2523
vn -0.3398 0.7255 -0.5985
vn 0.9760 0.2150 -0.0337
vn -0.9364 -0.2237 0.2704
vn -0.8301 0.2154 -0.5143
vn -0.6988 0.2480 -0.6710
vn 0.5032 -0.2639 -0.8229
vn 0.5668 0.1312 -0.8133
vn -0.9783 0.1855 -0.0920
vn -0.2866 0.9578 0.0231
vn 0.9660 0.2244 -0.1282
vn 0.6948 -0.4697 0.5447
vn 0.7604 0.4614 -0.4571
vn -0.1410 0.4973 -0.8560
vn 0.5143 -0.6637 -0.5432
vn 0.0723 -0.6754 -0.7339
vn -0.8986 -0.4060 0.1662
vn 0.4152 0.6128 0.6724
vn -0.9963 0.0055 -0.0857
vn -0.7095 0.6868 0.1579
vn 0.3418 0.3544 0.8704
vn 0.2095 -0.4051 -0.8899
vn -0.2721 -0.4181 -0.8667
vn 0.5729 -0.2478 -0.7813
vn 0.3931 -0.3768 -0.8387
vn 0.0640 -0.4428 -0.8944
vn 0.3371 -0.1592 -0.9279
vn 0.3400 -0.1604 -0.9267
vn 0.3426 -0.1616 -0.9255
vn 0.0771 -0.2590 0.9628
vn 0.9722 0.1722 -0.1590
vn 0.9862 0.0906 -0.1388
vn 0.3172 -0.5394 0.7800
vn -0.9158 0.0742 0.3948
vn -0.6066 0.3807 -0.6979
vn -0.7714 0.6351 -0.0403
vn -0.4350 0.3768 -0.8178
vn 0.5471 -0.0678 -0.8343
vn 0.1575 0.3382 -0.9278
vn 0.7397 -0.4806 0.4710
vn 0.6774 0.6243 0.3890
vn -0.5211 0.8376 0.1643
vn -0.9531 0.2149 0.2131
vn 0.6899 -0.6031 0.4004
vn 0.7886 -0.5884 0.1784
vn 0.2473 -0.7952 0.5537
vn 0.2368 -0.6707 0.7030
vn -0.9317 0.3359 -0.1381
vn 0.1884 0.0153 0.9820
vn 0.2378 0.8246 -0.5133
vn -0.1889 -0.6625 -0.7248
vn 0.5696 -0.4869 -0.6622
vn 0.1963 -0.4578 0.8671
vn -0.8703 -0.4164 -0.2629
vn -0.5576 -0.7653 0.3214
vn 0.3739 -0.5677 -0.7334
vn 0.1076 -0.9924 0.0596
vn 0.0103 -0.9864 -0.1638
vn -0.3123 0.7335 -0.6036
vn 0.5956 0.7446 -0.3014
vn 0.7003 -0.5610 0.4414
vn 0.1117 -0.3578 0.9271
vn 0.7855 -0.1908 -0.5888
vn -0.3481 0.3468 -0.8709
vn 0.3232 0.9008 -0.2900
vn -0.6134 0.7823 -0.1084
vn 0.4202 0.7823 -0.4598
vn 0.8537 0.3882 0.3470
vn 0.1921 0.9785 0.0751
vn 0.6670 0.7448 0.0193
vn 0.8991 -0.3996 0.1786
vn 0.6432 -0.6882 0.3355
vn -0.1169 0.7981 -0.5911
vn -0.9944 0.0661 -0.0828
vn -0.3370 0.4477 -0.8282
vn -0.5434 0.4029 -0.7365
vn 0.3631 0.5694 -0.7376
vn 0.2073 0.0621 -0.9763
vn -0.9138 -0.4026 -0.0534
vn -0.5894 0.6913 0.4179
vn -0.6904 0.6157 0.3799
vn 0.0245 -0.0282 -0.9993
vn 0.5684 0.6035 -0.5593
vn -0.9410 -0.3378 0.0227
vn 0.9127 -0.0359 0.4070
vn -0.5260 0.8486 -0.0562
vn 0.6407 -0.1956 0.7424
vn 0.8175 0.5686 0.0913
vn 0.4139 0.7446 0.5237
vn 0.4557 -0.0857 0.8860
vn 0.6941 0.7172 0.0620
vn -0.7089 0.2360 -0.6647
vn -0.9960 -0.0018 0.0898
vn 0.6515 -0.6640 -0.3668
vn 0.7213 0.6143 -0.3200
vn -0.7832 -0.0008 0.6218
vn -0.5849 -0.4102 0.6997
vn 0.6868 0.1843 -0.7031
vn -0.9161 0.3709 0.1525
vn -0.8694 0.3617 -0.3365
vn 0.8953 0.2585 -0.3628
vn 0.8779 -0.1989 0.4355
vn 0.8285 -0.4631 0.3148
vn -0.6262 0.7118 -0.3180
vn -0.6389 0.6880 -0.3442
vn -0.7323 0.5783 -0.3597
vn -0.8355 0.5110 0.2020
vn -0.7313 0.6820 0.0123
vn 0.7055 0.5622 0.4315
vn 0.9831 0.1502 0.1048
vn -0.6663 0.1048 -0.7383
vn 0.1461 -0.7841 0.6032
vn -0.9186 -0.2697 -0.2889
vn -0.7889 -0.5266 0.3167
vn -0.0517 0.3111 -0.9490
vn -0.8460 -0.2634 -0.4635
vn -0.1833 -0.1098 -0.9769
vn -0.6532 0.6719 -0.3492
vn -0.0125 0.6667 -0.7452
vn 0.1848 0.5760 -0.7963
vn -0.0242 0.3320 0.9430
vn 0.9417 0.0231 -0.3355
vn 0.7159 0.1184 -0.6881
vn 0.8897 -0.1555 -0.4294
vn 0.4504 -0.0545 -0.8912
vn 0.0505 -0.1344 -0.9896
vn -0.9149 -0.0228 0.4031
vn 0.7524 0.5676 0.3343
vn 0.4804 -0.8750 -0.0600
vn -0.2578 -0.8233 0.5057
vn 0.0869 -0.9962 -0.0109
vn 0.0545 -0.8252 0.5622
vn -0.0555 -0.9977 0.0379
vn -0.3090 -0.0046 0.9511
vn 0.2815 -0.9039 -0.3221
vn -0.8969 -0.0445 0.4401
vn -0.6124 -0.7009 0.3657
vn 0.7810 -0.0332 0.6236
vn 0.7693 -0.4282 0.4742
vn -0.6715 0.5883 0.4504
vn -0.2348 0.9708 -0.0486
vn -0.6110 0.7715 0.1774
vn -0.1389 -0.5022 0.8535
vn -0.6418 -0.2115 0.7372
vn -0.8891 0.4193 0.1837
vn -0.8208 0.5662 0.0753
vn 0.1359 0.2325 0.9630
vn -0.1181 0.4654 0.8772
vn -0.7361 0.6706 0.0924
vn -0.6765 0.4889 -0.5508
vn -0.8842 0.4597 -0.0825
vn -0.3603 -0.8044 0.4724
vn -0.3602 -0.8045 0.4722
vn -0.3595 -0.8057 0.4707
vn -0.7357 0.6513 -0.1857
vn -0.2747 0.7021 -0.6569
vn 0.7083 0.6656 0.2351
vn -0.2319 0.2463 0.9410
vn 0.0326 -0.0510 0.9982
vn -0.9421 -0.1344 -0.3073
vn -0.7002 0.1258 -0.7028
vn -0.7165 -0.1827 -0.6732
vn -0.0449 0.6946 -0.7180
vn 0.8852 0.4651 0.0102
vn 0.7909 0.3574 -0.4967
vn -0.5770 -0.6109 0.5421
vn -0.7024 -0.1187 -0.7019
vn -0.9014 0.3504 -0.2544
vn -0.6344 0.5117 -0.5794
vn -0.0236 0.5958 0.8028
vn 0.6063 -0.7119 0.3543
vn 0.4817 -0.8763 -0.0102
vn -0.6928 -0.6764 0.2501
vn 0.6206 0.3531 0.7002
vn 0.3004 -0.6098 0.7334
vn 0.7017 0.6907 0.1747
vn -0.9050 0.3936 0.1615
vn -0.8520 0.3652 0.3751
vn 0.6330 0.5284 -0.5658
vn -0.7299 0.6089 -0.3106
vn -0.4107 -0.9064 0.0986
vn -0.4717 -0.7821 0.4072
vn 0.1738 0.8473 -0.5019
vn -0.2427 0.8255 -0.5095
vn -0.0084 0.7450 -0.6670
vn -0.4516 -0.5085 0.7331
vn -0.9552 0.0205 0.2954
vn 0.3488 0.7942 -0.4976
vn -0.9813 -0.1868 0.0466
vn -0.8472 -0.2964 0.4409
vn -0.9989 -0.0014 0.0476
vn -0.5166 -0.8560 0.0202
vn -0.6769 -0.7251 -0.1268
vn -0.6458 -0.7255 0.2378
vn -0.5837 0.8108 -0.0448
vn -0.9018 -0.0920 -0.4222
vn -0.6380 0.1513 -0.7550
vn -0.5832 -0.4445 -0.6799
vn -0.2415 -0.7130 0.6582
vn 0.8810 0.0399 0.4715
vn 0.9191 -0.3436 -0.1926
vn -0.5371 -0.5635 0.6277
vn -0.2250 -0.9355 0.2724
vn 0.1613 -0.6279 0.7614
vn -0.4181 -0.4685 0.7783
vn -0.3574 -0.8596 -0.3652
vn -0.2571 -0.5332 -0.8060
vn -0.4697 0.3938 0.7901
vn -0.9053 0.3788 0.1923
vn -0.3509 0.8282 -0.4370
vn 0.9212 0.3888 0.0172
vn 0.8225 0.2899 -0.4894
vn 0.3183 -0.7888 -0.5259
vn 0.4029 -0.4205 -0.8129
vn 0.2733 -0.5702 -0.7747
vn 0.3519 -0.3351 0.8740
vn 0.5385 0.1405 0.8308
vn 0.8608 0.3702 -0.3493
vn 0.1758 -0.4681 0.8660
vn 0.2036 -0.5268 0.8252
vn -0.4561 0.8353 -0.3069
vn -0.4558 0.8346 -0.3093
vn -0.4563 0.8362 -0.3042
vn -0.0941 0.2328 -0.9680
vn -0.4677 -0.4242 -0.7754
vn 0.4478 0.3889 -0.8051
vn -0.8293 0.4108 -0.3788
vn 0.8659 -0.2590 -0.4280
vn 0.2820 -0.4858 -0.8273
vn -0.3015 0.2953 -0.9066
vn -0.3012 0.2912 -0.9080
vn -0.3018 0.3002 -0.9049
vn 0.6129 -0.6051 0.5082
vn -0.3673 -0.6561 0.6593
vn -0.4758 -0.6880 0.5479
vn 0.9448 -0.1993 0.2602
vn 0.6915 -0.6800 -0.2437
vn -0.4647 -0.3396 0.8177
vn 0.0383 0.0912 0.9951
vn -0.1212 -0.3161 0.9410
vn 0.2291 -0.1316 0.9645
vn 0.4904 0.8571 0.1579
vn 0.5563 0.5740 0.6009
vn -0.2377 -0.7337 0.6366
vn 0.6610 -0.7329 0.1614
vn 0.7468 -0.4649 0.4755
vn 0.7843 -0.5252 -0.3302
vn 0.6668 -0.7452 -0.0053
vn -0.9605 -0.2458 -0.1307
vn -0.7353 -0.6777 0.0004
vn 0.0673 -0.9801 -0.1869
vn 0.0237 0.4250 -0.9049
vn -0.8056 0.4076 -0.4300
vn -0.1022 -0.4431 0.8906
vn 0.8907 -0.0862 0.4464
vn 0.7899 0.5580 -0.2543
vn -0.9275 -0.3736 0.0153
vn -0.9751 0.2149 -0.0551
vn -0.9644 0.2630 0.0274
vn -0.7063 -0.1244 0.6969
vn -0.9472 -0.3184 0.0389
vn -0.4179 -0.5199 0.7451
vn -0.0759 -0.7356 -0.6731
vn 0.0990 -0.2946 -0.9505
vn 0.3665 0.8105 -0.4570
vn 0.3673 0.8102 -0.4568
vn 0.3680 0.8100 -0.4566
vn 0.5778 -0.2916 0.7623
vn 0.1113 0.8278 0.5499
vn 0.6026 0.7837 -0.1508
vn 0.0157 0.8018 0.5974
vn 0.1460 0.7962 0.5872
vn 0.0142 0.5868 -0.8096
vn 0.8337 -0.4663 -0.2959
vn 0.9976 0.0291 -0.0625
vn -0.9785 -0.1714 -0.1145
vn -0.2553 -0.9654 0.0531
vn -0.8409 0.1797 -0.5105
vn 0.8624 0.2920 0.4136
vn -0.7923 0.6041 0.0855
vn -0.9962 0.0375 -0.0781
vn -0.8759 -0.2049 0.4369
vn 0.7517 0.5467 0.3689
vn -0.0071 0.8912 0.4536
vn -0.2141 -0.6799 0.7013
vn -0.2473 -0.7952 0.5536
vn -0.3533 0.8393 -0.4133
vn -0.9224 -0.2827 -0.2631
vn -0.8590 -0.2750 0.4317
vn 0.6126 0.7839 -0.1012
vn 0.5805 0.8118 -0.0623
vn -0.8754 -0.3448 -0.3388
vn 0.2958 -0.6292 0.7188
vn -0.8042 -0.5865 -0.0959
vn 0.2378 0.4587 -0.8562
vn 0.6494 -0.3109 0.6940
vn 0.6491 -0.3110 0.6942
vn 0.6498 -0.3109 0.6936
vn 0.6234 -0.3791 0.6838
vn 0.9425 0.2694 -0.1975
vn -0.3311 -0.8807 0.3387
vn 0.3128 0.9462 0.0832
vn -0.7697 0.1487 -0.6209
vn -0.7477 -0.5219 0.4106
vn -0.7801 -0.4585 0.4257
vn 0.0616 -0.9798 -0.1902
vn -0.4669 0.6478 -0.6019
vn 0.3310 -0.5447 0.7705
vn 0.8711 0.3730 -0.3194
vn 0.7893 -0.0248 0.6135
vn 0.8120 -0.0816 0.5779
vn 0.6272 -0.7371 0.2515
vn 0.6538 -0.6159 0.4395
vn 0.8877 -0.4439 0.1226
vn 0.3233 0.9008 -0.2901
vn -0.7426 0.6686 -0.0388
vn -0.9325 0.2866 0.2196
vn -0.9110 -0.4007 -0.0975
vn -0.7909 0.3574 -0.4967
vn -0.5114 0.7519 -0.4161
vn -0.8651 -0.2506 -0.4344
vn -0.7434 -0.2994 0.5981
vn 0.6575 0.4655 -0.5925
vn -0.9273 0.0767 -0.3663
vn -0.2089 -0.7685 -0.6048
vn -0.2892 -0.5821 -0.7599
vn -0.7099 0.2462 0.6599
vn -0.2562 -0.7675 0.5876
vn -0.3034 -0.5285 0.7929
vn 0.2455 -0.9670 -0.0686
vn -0.7638 -0.5598 0.3212
vn 0.3440 -0.7586 -0.5534
vn 0.9193 0.3403 0.1975
vn -0.2346 0.5569 0.7968
vn -0.0945 -0.2783 0.9558
vn 0.1061 -0.1381 -0.9847
vn -0.3650 0.1172 -0.9236
vn -0.9241 -0.3809 -0.0309
vn -0.4902 0.7965 0.3540
vn -0.0403 0.9096 0.4136
vn 0.9419 -0.3357 0.0130
vn 0.4255 -0.4554 0.7820
vn 0.6812 -0.2845 0.6746
vn 0.7999 0.3364 0.4970
vn -0.1267 0.3623 0.9234
vn 0.5893 0.8043 0.0756
vn 0.0344 0.0421 0.9985
vn -0.4749 -0.1835 0.8607
vn -0.9714 -0.1659 0.1696
vn -0.1715 -0.0263 -0.9848
vn 0.4177 -0.6687 -0.6151
vn 0.9505 0.2552 0.1773
vn 0.9211 -0.3852 -0.0575
vn 0.8548 0.2805 -0.4367
vn -0.6185 -0.6095 0.4960
vn 0.9668 -0.2435 0.0775
vn 0.2387 0.6754 -0.6977
vn -0.5916 0.3838 -0.7090
vn 0.5537 0.8233 -0.1246
vn 0.5975 -0.8014 -0.0277
vn 0.9378 -0.3070 -0.1621
vn -0.4739 0.3657 -0.8011
vn 0.3071 -0.4384 -0.8447
vn 0.6334 -0.0615 -0.7713
vn 0.8005 -0.1688 -0.5751
vn 0.6063 -0.6272 -0.4889
vn 0.0145 -0.2750 0.9613
vn 0.2634 0.7846 0.5613
vn 0.4993 0.5259 -0.6886
vn -0.1685 0.8939 -0.4153
vn 0.0121 0.1907 -0.9816
vn -0.9387 -0.2689 -0.2157
vn -0.8685 0.0550 -0.4927
vn 0.1088 0.6115 -0.7838
vn -0.8692 0.4142 -0.2699
vn -0.5258 -0.8353 0.1606
vn 0.8518 0.3643 0.3764
vn 0.4942 0.7629 -0.4168
vn -0.9998 0.0060 -0.0197
vn -0.8747 0.1681 -0.4545
vn -0.6355 0.5951 -0.4919
vn -0.0898 0.3052 -0.9480
vn 0.2216 -0.1934 -0.9558
vn 0.6859 0.6024 0.4083
vn -0.6261 -0.7366 0.2558
vn -0.2229 0.2429 0.9441
vn -0.2218 0.2428 0.9444
vn -0.2371 0.2439 0.9404
vn -0.0743 0.6604 -0.7472
vn -0.2711 0.5565 -0.7854
vn -0.2311 0.1448 -0.9621
vn 0.8731 0.2889 0.3927
vn -0.8302 0.3823 0.4057
vn 0.8298 -0.2209 0.5125
vn -0.6745 -0.3775 0.6345
vn -0.6877 -0.5331 0.4929
vn -0.5456 -0.7760 0.3165
vn -0.0337 -0.0558 0.9979
vn -0.4347 0.8998 -0.0375
vn -0.1577 -0.8171 -0.5545
vn -0.6501 -0.7108 0.2686
vn -0.7475 0.5762 0.3304
vn -0.3113 0.7567 0.5749
vn -0.9497 -0.0558 0.3081
vn -0.4777 -0.1477 -0.8660
vn -0.5938 0.7467 -0.2996
vn -0.0930 0.3447 -0.9341
vn 0.1934 0.4505 -0.8716
vn -0.9178 0.0692 0.3910
vn -0.9900 0.0890 0.1090
vn -0.9520 -0.1116 0.2850
vn 0.7983 0.3723 -0.4734
vn 0.7320 0.6079 -0.3076
vn 0.5373 0.6694 -0.5131
vn -0.3462 0.6169 0.7068
vn 0.9268 0.2173 -0.3062
vn -0.8721 0.2928 0.3920
vn 0.5160 -0.8504 0.1028
vn 0.5168 -0.8559 0.0204
vn -0.9041 0.2273 -0.3618
vn 0.7435 0.5815 0.3302
vn 0.8753 0.2623 -0.4062
vn 0.0254 0.7868 -0.6167
vn -0.6707 -0.4432 -0.5948
vn -0.1041 0.0332 -0.9940
vn -0.6301 0.7758 -0.0333
vn -0.3762 0.8905 -0.2559
vn -0.3213 0.9312 -0.1724
vn -0.3209 -0.8244 -0.4661
vn 0.5665 -0.6344 0.5260
vn 0.8137 -0.4361 -0.3843
vn 0.9403 -0.2856 0.1853
vn 0.9295 -0.2417 0.2786
vn -0.7805 0.6009 -0.1722
vn -0.2413 -0.7941 0.5578
vn -0.1633 -0.5444 0.8228
vn -0.1231 -0.5824 0.8035
vn 0.2585 0.1895 0.9472
vn 0.4772 0.0283 0.8784
vn 0.5779 0.5863 0.5676
vn -0.1448 0.9339 0.3269
vn -0.9168 0.3992 0.0123
vn -0.9036 -0.1256 0.4094
vn -0.6494 -0.3109 0.6940
vn -0.6491 -0.3110 0.6942
vn -0.6487 -0.3110 0.6946
vn 0.3673 -0.6557 0.6597
vn 0.0516 0.7195 -0.6926
vn 0.9177 0.2916 -0.2699
vn 0.3511 0.5042 -0.7890
vn 0.0769 0.8304 -0.5519
vn 0.8587 0.3567 0.3680
vn 0.8970 0.1530 -0.4147
vn 0.6675 0.2962 -0.6831
vn 0.7105 -0.6614 0.2405
vn -0.1104 0.3305 -0.9373
vn -0.3270 0.1216 -0.9371
vn -0.6513 -0.7579 0.0368
vn 0.9570 0.2799 -0.0760
vn 0.9201 -0.2648 -0.2886
vn 0.8331 0.3875 -0.3946
vn 0.7019 -0.6929 0.1649
vn 0.5116 -0.6167 -0.5983
vn 0.7143 -0.2449 -0.6556
vn 0.9258 -0.3286 0.1870
vn -0.6556 0.2327 -0.7183
vn -0.2833 -0.0420 -0.9581
vn 0.8253 -0.5125 0.2372
vn 0.5003 -0.8077 0.3118
vn 0.9300 0.0983 0.3542
vn 0.9564 0.2317 -0.1777
vn 0.7520 0.1489 0.6421
vn 0.4969 -0.8072 0.3186
vn 0.4494 -0.8827 0.1375
vn -0.6260 0.7108 -0.3207
vn -0.1357 0.3243 -0.9362
vn 0.2474 -0.7276 -0.6399
vn 0.2858 -0.7019 -0.6524
vn 0.6741 0.2174 -0.7059
vn -0.7248 -0.6711 -0.1559
vn -0.0528 -0.3277 -0.9433
vn 0.2735 0.0384 -0.9611
vn -0.4066 0.4289 0.8067
vn 0.0931 0.7592 0.6442
vn 0.3876 -0.3602 0.8485
vn -0.5832 0.2464 0.7740
vn 0.0511 -0.1775 0.9828
vn 0.3102 0.5708 0.7602
vn 0.4812 0.6785 0.5551
vn 0.0185 0.9965 0.0813
vn 0.1617 0.5896 0.7913
vn -0.5638 0.7607 0.3216
vn -0.8091 0.5850 0.0556
vn -0.9914 -0.0475 -0.1219
vn -0.8790 0.0719 0.4714
vn 0.8894 0.3261 0.3205
vn 0.7223 -0.0145 -0.6915
vn -0.4999 0.6726 0.5457
vn 0.2176 0.8638 0.4544
vn -0.8440 0.5363 -0.0030
vn -0.3936 -0.2507 -0.8844
vn -0.3512 0.5030 -0.7897
vn -0.2904 0.0599 -0.9550
vn 0.7482 -0.3918 0.5355
vn 0.7074 0.3661 0.6046
vn 0.7176 0.5432 0.4359
vn -0.4843 -0.4095 0.7731
vn 0.5692 -0.6795 -0.4629
vn 0.6638 0.3289 0.6717
vn 0.5002 -0.3405 0.7961
vn 0.5060 -0.4417 0.7409
vn -0.4172 -0.7457 0.5195
vn -0.1345 -0.1764 -0.9751
vn 0.3413 -0.6030 0.7210
vn -0.3273 -0.1243 0.9367
vn -0.6913 -0.7033 0.1658
vn -0.2289 -0.9665 -0.1159
vn -0.3079 0.8576 -0.4120
vn 0.0373 0.9990 0.0236
vn -0.0711 -0.8445 0.5308
vn 0.1755 -0.2901 -0.9408
vn 0.1748 -0.2853 -0.9424
vn 0.1763 -0.2955 -0.9389
vn -0.9162 -0.2816 0.2851
vn -0.9929 0.1137 -0.0348
vn -0.9351 -0.3019 0.1855
vn -0.5984 0.5461 -0.5863
vn -0.5736 0.3191 -0.7544
vn -0.2737 -0.0535 0.9603
vn 0.4003 -0.5320 0.7461
vn 0.7235 -0.0973 0.6835
vn 0.0164 0.4111 0.9114
vn 0.4851 -0.7329 0.4770
vn 0.1973 -0.7743 0.6013
vn -0.3820 -0.3548 -0.8533
vn 0.1592 -0.7206 -0.6748
vn 0.9251 0.1162 -0.3615
vn -0.5298 -0.4844 -0.6962
vn 0.1547 -0.4106 -0.8986
vn 0.0298 -0.8564 -0.5155
vn 0.0844 -0.2320 0.9690
vn 0.1810 -0.9612 0.2081
vn -0.9269 -0.3558 -0.1192
vn -0.2823 -0.9396 -0.1934
vn -0.3044 -0.9423 -0.1395
vn -0.8571 -0.3284 -0.3968
vn -0.2628 -0.8665 -0.4243
vn -0.3937 0.9093 -0.1349
vn -0.2406 0.8527 0.4637
vn 0.2337 0.1438 0.9616
vn 0.1685 0.5897 0.7899
vn -0.5562 0.7572 0.3424
vn -0.6492 0.0655 0.7578
vn 0.6235 0.7498 -0.2217
vn 0.6061 0.7283 -0.3199
vn 0.1627 0.8925 -0.4207
vn 0.2389 0.9701 -0.0426
vn 0.9034 -0.2138 0.3716
vn 0.6163 -0.0985 -0.7813
vn 0.3484 0.1508 -0.9251
vn 0.4226 0.1007 -0.9007
vn -0.0102 -0.5213 -0.8533
vn -0.0847 -0.4714 -0.8779
vn -0.9561 -0.1642 0.2427
vn 0.1740 -0.9772 -0.1218
vn -0.8446 0.4328 0.3151
vn -0.9229 0.3838 0.0294
vn 0.7828 -0.3613 0.5067
vn 0.7453 -0.5249 0.4112
vn -0.6310 -0.6826 0.3687
vn -0.6192 -0.2861 0.7313
vn -0.5778 -0.2916 0.7623
vn -0.4485 -0.7906 -0.4170
vn -0.0130 0.2519 0.9677
vn -0.2925 0.7991 0.5253
vn 0.6356 0.6688 0.3856
vn -0.4999 0.8411 -0.2067
vn -0.0563 0.9575 0.2829
vn -0.2851 0.8398 -0.4620
vn 0.7094 -0.6758 -0.2001
vn 0.2504 -0.3294 0.9104
vn 0.2494 -0.3293 0.9107
vn 0.2638 -0.3304 0.9062
vn 0.7868 -0.3286 -0.5225
vn 0.6877 -0.6912 -0.2218
vn -0.8683 0.0968 0.4866
vn 0.0270 -0.4665 0.8841
vn 0.1788 -0.5077 0.8428
vn 0.2966 -0.0666 0.9527
vn -0.0331 0.4435 0.8956
vn -0.3050 0.8677 0.3926
vn -0.4946 0.8427 0.2129
vn -0.7580 -0.0972 0.6449
vn -0.9754 -0.1792 -0.1285
vn -0.2462 -0.7354 0.6314
vn 0.2927 -0.7613 0.5786
vn 0.5845 -0.4899 -0.6468
vn 0.9885 0.0030 -0.1510
vn 0.4832 -0.3880 -0.7848
vn 0.9689 -0.1855 -0.1636
vn -0.1849 -0.9588 0.2156
vn -0.1301 -0.8070 -0.5761
vn 0.0396 0.3129 -0.9489
vn 0.3292 -0.1547 -0.9315
vn -0.3524 -0.6142 -0.7061
vn 0.1084 -0.7166 0.6890
vn 0.6023 0.2837 0.7461
vn 0.9507 0.0133 0.3097
vn 0.2048 0.3716 -0.9055
vn -0.0192 0.2103 -0.9774
vn 0.5572 -0.3964 -0.7296
vn 0.0697 0.6849 0.7253
vn -0.5157 0.6404 0.5692
vn 0.9927 0.1138 -0.0398
vn 0.9224 0.1962 0.3326
vn -0.6441 -0.5172 -0.5637
vn -0.9394 -0.2838 -0.1925
vn -0.7730 0.1456 -0.6175
vn 0.0021 -0.8884 0.4591
vn 0.5962 -0.7318 0.3300
vn -0.9885 0.0029 -0.1510
vn -0.5843 -0.4900 -0.6469
vn -0.2352 -0.6275 0.7422
vn -0.8016 -0.0623 0.5945
vn 0.9059 0.3940 0.1551
vn 0.4908 0.4938 0.7178
vn 0.5372 0.8189 0.2022
vn -0.5691 -0.6795 -0.4630
vn -0.1379 -0.3330 -0.9328
vn 0.8155 -0.3210 -0.4815
vn 0.8433 -0.2992 -0.4464
vn -0.3049 -0.9112 0.2770
vn -0.9336 -0.3438 0.1013
vn 0.0117 -0.5207 -0.8536
vn -0.4221 0.1013 -0.9009
vn -0.8916 -0.2068 -0.4028
vn -0.7500 -0.1509 -0.6440
vn -0.9564 -0.2318 0.1776
vn 0.4186 0.4471 0.7905
vn -0.9329 -0.0004 -0.3601
vn -0.7376 -0.3184 -0.5954
vn -0.5628 0.2279 -0.7945
vn -0.3661 0.3556 -0.8599
vn 0.0696 -0.8834 -0.4634
vn -0.6835 0.7226 0.1031
vn -0.2434 -0.7955 0.5549
vn 0.4806 0.2775 0.8318
vn 0.2860 -0.0749 0.9553
vn 0.5167 -0.8559 0.0204
vn 0.5885 -0.7923 -0.1610
vn -0.4954 -0.8081 0.3187
vn -0.4494 -0.8827 0.1375
vn -0.1956 -0.5250 -0.8283
vn -0.2776 -0.1895 -0.9418
vn -0.1312 0.6872 -0.7145
vn -0.4381 -0.4481 -0.7793
vn -0.7234 -0.2184 -0.6550
vn -0.9000 0.1545 -0.4077
vn -0.6639 0.2989 -0.6855
vn -0.0292 -0.5728 0.8191
vn 0.6102 0.4778 -0.6320
vn 0.3639 0.7174 0.5941
vn 0.9649 -0.1604 0.2081
vn 0.9309 -0.3205 -0.1754
vn 0.9538 -0.2954 -0.0545
vn 0.9373 0.0757 0.3401
vn 0.7366 -0.1300 -0.6637
vn -0.5486 -0.4137 0.7266
vn 0.5684 -0.5090 0.6464
vn -0.4831 -0.3880 -0.7849
vn 0.1303 -0.8069 -0.5761
vn 0.1616 -0.9637 0.2126
vn -0.9689 -0.1856 -0.1635
vn 0.3573 0.4905 -0.7948
vn 0.8395 -0.1837 -0.5114
vn 0.4920 -0.8689 0.0535
vn 0.5261 -0.8496 -0.0371
vn -0.7209 -0.6922 -0.0336
vn 0.6882 -0.7250 0.0273
vn 0.7363 -0.6766 -0.0000
vn 0.6403 -0.5633 0.5222
vn 0.5922 -0.6206 0.5140
vn 0.7757 0.5018 0.3827
vn 0.4459 0.6855 0.5755
vn -0.1005 0.6678 -0.7376
vn 0.0053 0.7190 -0.6950
vn 0.2745 0.5472 -0.7907
vn -0.2436 0.1778 -0.9534
vn -0.4708 0.5942 0.6522
vn 0.3062 0.6727 0.6736
vn -0.7774 0.6000 0.1890
vn 0.5792 0.7280 0.3666
vn 0.0149 0.5236 0.8518
vn -0.7021 0.6438 0.3043
vn -0.7143 0.5304 0.4567
vn 0.2167 -0.6797 0.7008
vn 0.9309 -0.1310 0.3409
vn 0.7500 -0.1509 -0.6440
vn 0.2880 0.8785 -0.3811
vn -0.7890 -0.0827 0.6088
vn -0.9774 -0.1943 0.0828
vn -0.7048 -0.5322 -0.4691
vn -0.9395 0.2950 -0.1739
vn 0.1450 -0.8873 0.4378
vn 0.1452 -0.8873 0.4377
vn 0.1456 -0.8879 0.4365
vn -0.4484 -0.6111 0.6523
vn 0.0370 -0.8949 0.4447
vn 0.0787 -0.8260 0.5581
vn -0.3821 -0.5521 0.7411
vn 0.9774 -0.1943 0.0828
vn 0.7890 -0.0830 0.6088
vn 0.9100 -0.4146 -0.0056
vn -0.5029 0.5392 -0.6756
vn -0.2720 0.7923 0.5462
vn -0.9480 -0.2474 0.2001
vn -0.9370 -0.2357 0.2577
vn -0.9387 0.2894 0.1872
vn 0.4164 -0.3691 -0.8309
vn 0.7844 -0.4420 -0.4351
vn 0.9646 -0.0391 0.2607
vn 0.9601 0.0774 0.2687
vn 0.2858 -0.8155 -0.5032
vn 0.5285 -0.8070 -0.2635
vn 0.5404 0.0740 -0.8382
vn -0.2965 0.1073 0.9490
vn 0.0472 -0.6554 0.7538
vn 0.6002 0.7931 0.1033
vn 0.9862 0.1259 -0.1078
vn 0.2788 -0.7029 -0.6544
vn -0.5528 0.4741 0.6853
vn -0.5913 -0.6212 0.5142
vn -0.0556 -0.8727 -0.4851
vn 0.0015 -0.8999 -0.4362
vn 0.7866 -0.2794 0.5507
vn 0.0840 -0.5518 0.8298
vn 0.9290 -0.0263 -0.3691
vn 0.5588 0.2017 -0.8044
vn 0.9117 0.2550 0.3220
vn -0.0814 0.7148 -0.6946
vn 0.3330 0.4686 -0.8182
vn 0.4022 -0.1046 -0.9095
vn -0.7230 0.3922 0.5687
vn 0.3841 0.9216 0.0556
vn 0.2746 0.7974 -0.5373
vn 0.6941 -0.1556 0.7029
vn -0.3277 -0.7367 -0.5916
vn -0.6883 -0.7249 0.0275
vn -0.4425 0.0137 0.8967
vn 0.5171 -0.8557 0.0203
vn -0.4493 -0.8827 0.1375
vn -0.3182 -0.4084 0.8556
vn 0.0574 0.9593 -0.2766
vn -0.4606 0.8761 0.1426
vn -0.5642 0.7063 0.4277
vn 0.6362 0.7383 0.2240
vn -0.3432 0.8607 -0.3762
vn -0.7562 -0.2150 -0.6181
vn -0.6072 -0.7769 -0.1667
vn -0.5732 -0.7683 -0.2849
vn -0.9981 -0.0500 0.0357
vn -0.5163 -0.8559 0.0291
vn 0.4517 -0.8827 0.1296
vn -0.4376 0.1587 0.8850
vn -0.3922 0.1945 0.8991
vn 0.8366 -0.3069 0.4537
vn 0.9901 0.0937 -0.1050
vn -0.4626 -0.1644 -0.8712
vn -0.7326 -0.1279 -0.6686
vn -0.8604 -0.0261 -0.5090
vn -0.9386 0.2114 -0.2727
vn -0.4779 0.1958 0.8563
vn 0.5309 0.8056 0.2630
vn -0.0122 -0.3814 0.9243
vn 0.8534 0.0096 -0.5211
vn 0.1179 0.8502 -0.5130
vn -0.0675 0.9861 -0.1516
vn 0.3145 -0.7632 0.5645
vn 0.5459 -0.7761 0.3157
vn -0.5711 0.2951 -0.7660
vn -0.4018 -0.8616 -0.3101
vn 0.0023 -0.6146 -0.7888
vn -0.8823 0.1555 -0.4443
vn 0.5518 -0.8167 -0.1688
vn 0.4426 -0.8847 0.1462
vn -0.7520 0.0994 0.6516
vn 0.0088 0.2340 0.9722
vn -0.6516 0.3073 -0.6935
vn -0.6516 0.3074 -0.6935
vn -0.6515 0.3067 -0.6938
vn -0.5465 0.7754 -0.3164
vn 0.6373 0.1498 -0.7559
vn 0.7590 0.2443 -0.6035
vn -0.6992 0.6382 0.3222
vn -0.5623 0.8113 -0.1598
vn 0.3953 0.5507 -0.7351
vn -0.0543 0.7211 -0.6907
vn 0.6874 -0.4997 0.5270
vn -0.8910 -0.0248 -0.4532
vn 0.8310 -0.1133 0.5446
vn 0.9555 -0.2655 -0.1284
vn 0.9931 -0.0845 0.0809
vn -0.1382 0.4295 -0.8924
vn -0.1376 0.4263 -0.8940
vn -0.1388 0.4323 -0.8910
vn -0.7813 0.5473 -0.3001
vn -0.0426 0.4356 -0.8991
vn 0.5803 -0.6694 0.4639
vn -0.9128 -0.0360 0.4068
vn 0.7697 0.0186 0.6381
vn 0.7960 -0.1048 0.5962
vn -0.6632 -0.3564 0.6581
vn 0.5978 -0.5964 0.5356
vn -0.4652 -0.5911 -0.6589
vn 0.2324 -0.7500 0.6192
vn -0.2158 -0.7877 0.5770
vn -0.4556 -0.8736 0.1711
vn -0.4554 -0.8737 0.1712
vn -0.4572 -0.8730 0.1698
vn 0.7583 -0.6509 0.0362
vn -0.7962 0.6016 0.0641
vn 0.8351 0.0899 0.5428
vn -0.9293 0.0252 0.3684
vn -0.5564 0.7946 0.2429
vn -0.2257 0.7961 0.5615
vn -0.2123 -0.4794 -0.8515
vn 0.5415 0.8164 0.2006
vn 0.9926 0.0950 -0.0760
vn 0.5247 -0.7023 0.4812
vn 0.0339 0.4781 -0.8776
vn -0.0020 -0.9692 -0.2462
vn -0.2824 -0.9350 -0.2146
vn 0.8626 -0.2301 0.4505
vn -0.5696 -0.2958 0.7669
vn 0.2399 -0.6606 0.7113
vn 0.7457 -0.5700 0.3451
vn 0.2540 0.2769 -0.9267
vn 0.9162 -0.0503 0.3975
vn 0.2675 -0.8403 0.4715
vn -0.9585 -0.0960 0.2684
vn -0.7247 0.5549 0.4085
vn -0.9503 -0.0113 0.3112
vn -0.1245 -0.0834 0.9887
vn 0.6212 -0.7381 0.2634
vn -0.6830 -0.5625 -0.4660
vn -0.6553 0.6389 0.4031
vn 0.7045 -0.4299 0.5647
vn -0.5312 0.4964 -0.6866
vn -0.1260 0.5671 -0.8139
vn -0.2815 0.5939 -0.7537
vn 0.1424 0.3039 -0.9420
vn -0.0442 0.5069 -0.8609
vn -0.5920 -0.6922 -0.4129
vn 0.7720 0.5870 0.2438
vn -0.6197 0.7409 -0.2587
vn -0.5169 0.7546 -0.4043
vn 0.2044 0.4387 -0.8751
vn 0.0577 0.7111 -0.7007
vn -0.0514 0.7311 -0.6804
vn -0.6240 -0.3564 -0.6954
vn 0.8177 0.3777 -0.4343
vn -0.2237 0.8329 -0.5062
vn 0.7109 0.2103 0.6711
vn 0.1312 0.1969 0.9716
vn -0.7195 0.4966 0.4854
vn 0.6609 -0.7444 -0.0952
vn -0.9435 -0.2869 0.1661
vn -0.9782 0.1321 -0.1602
vn -0.4470 -0.5836 0.6780
vn 0.6361 0.7707 0.0382
vn 0.9917 0.0272 -0.1258
vn -0.1346 0.9896 -0.0513
vn -0.5239 -0.8368 -0.1592
vn -0.1383 -0.7615 -0.6332
vn -0.7818 0.1660 0.6010
vn 0.9113 0.2160 0.3506
vn 0.6136 -0.7407 -0.2737
vn -0.5468 0.4392 0.7128
vn -0.5481 0.4381 0.7125
vn -0.5484 0.4383 0.7121
vn 0.2330 0.7111 -0.6634
vn 0.2337 0.7109 -0.6634
vn 0.2342 0.7107 -0.6633
vn 0.0844 -0.8264 0.5567
vn 0.1710 -0.5882 0.7904
vn -0.1281 0.4460 0.8858
vn 0.7810 0.1132 -0.6142
vn -0.6764 0.5182 0.5234
vn 0.6734 0.4355 0.5974
vn 0.6849 0.4217 0.5942
vn 0.6176 0.3836 0.6866
vn 0.1376 -0.0181 0.9903
vn 0.3125 0.2863 0.9057
vn 0.5345 0.2111 0.8183
vn 0.2299 -0.2650 0.9364
vn 0.4009 -0.5161 0.7570
vn 0.1082 -0.4488 0.8870
vn 0.1082 -0.4506 0.8861
vn 0.1082 -0.4566 0.8831
vn -0.0236 0.1404 -0.9898
vn 0.7145 0.4240 -0.5564
vn 0.9608 0.0639 0.2699
vn 0.4144 -0.7031 0.5778
vn 0.7135 -0.6610 0.2323
vn 0.0996 0.5244 -0.8456
vn 0.1232 0.5197 -0.8454
vn -0.0102 -0.2314 0.9728
vn 0.8583 0.3787 -0.3462
vn 0.9749 -0.1852 0.1237
vn -0.3040 -0.2916 0.9069
vn 0.9477 -0.3160 0.0446
vn 0.0137 0.8767 0.4808
vn -0.2757 0.7652 0.5818
vn -0.6918 0.7099 -0.1324
vn 0.0729 -0.1074 -0.9915
vn 0.7978 -0.5829 -0.1540
vn 0.5884 -0.2516 0.7684
vn -0.0864 -0.3405 0.9363
vn 0.6676 -0.7335 0.1274
vn -0.1561 -0.9571 -0.2441
vn -0.0000 -0.4291 0.9033
vn 0.1561 0.6178 -0.7706
vn -0.6629 -0.7438 -0.0854
vn 0.7564 -0.3472 -0.5543
vn -0.9989 -0.0014 0.0479
vn -0.0479 0.6284 -0.7764
vn -0.0159 0.9307 -0.3654
vn 0.7688 0.6372 0.0543
vn 0.9601 -0.0184 0.2790
vn 0.1268 -0.5321 0.8371
vn -0.5549 -0.6864 0.4701
vn -0.1982 -0.9362 0.2902
vn -0.0735 -0.5855 0.8074
vn -0.9848 0.1090 -0.1356
vn 0.5008 -0.7279 0.4684
vn 0.4571 -0.8587 0.2318
vn -0.7247 -0.2748 -0.6319
vn -0.0765 0.0244 -0.9968
vn 0.2638 -0.7200 0.6419
vn 0.5895 -0.7986 0.1212
vn -0.0780 -0.0036 -0.9969
vn -0.7277 0.4854 0.4846
vn 0.9512 -0.0863 0.2964
vn 0.6281 -0.6345 -0.4505
vn 0.7092 -0.5582 -0.4307
vn 0.6338 -0.6902 -0.3493
vn 0.5086 0.1756 0.8429
vn -0.5879 0.2841 0.7574
vn -0.4542 0.2915 -0.8419
vn -0.0418 0.7695 0.6373
vn -0.1365 0.4162 -0.8990
vn -0.4234 0.2570 0.8687
vn 0.1057 -0.8820 -0.4593
vn -0.1335 -0.3541 0.9256
vn -0.6890 -0.7100 -0.1452
vn 0.9286 -0.3710 0.0045
vn 0.8551 0.0244 -0.5179
vn -0.8389 -0.0299 0.5435
vn -0.2572 -0.6459 0.7188
vn -0.8140 -0.5734 0.0926
vn 0.8598 -0.5106 -0.0087
vn 0.6979 -0.2505 -0.6710
vn 0.7426 -0.0422 0.6684
vn 0.8441 -0.5221 0.1220
vn 0.8754 -0.2014 0.4395
vn -0.7973 -0.2480 0.5503
vn 0.6831 0.5792 0.4449
vn -0.9500 -0.3095 -0.0408
vn 0.9260 -0.1834 0.3299
vn 0.8924 -0.0584 0.4475
vn -0.8137 -0.2469 0.5263
vn -0.0204 0.3851 -0.9226
vn -0.6473 -0.7404 -0.1810
vn -0.4715 -0.5123 -0.7178
vn -0.0455 -0.8271 0.5601
vn -0.0341 0.4260 0.9041
vn -0.7088 -0.7004 -0.0837
vn -0.0488 0.9616 0.2701
vn -0.2220 0.2872 -0.9318
vn 0.5775 0.1694 0.7986
vn 0.4248 -0.3227 0.8458
vn 0.1459 -0.5607 0.8151
vn -0.9480 -0.2570 0.1879
vn -0.0030 0.9641 0.2654
vn -0.0091 0.8981 -0.4397
vn 0.4969 0.2089 0.8423
vn -0.6324 -0.6987 -0.3344
vn 0.1813 -0.8303 -0.5271
vn 0.0288 -0.8473 0.5303
vn 0.8192 -0.2344 0.5235
vn 0.6284 -0.3532 0.6931
vn 0.0409 -0.8478 -0.5288
vn 0.3709 -0.9217 0.1139
vn 0.3746 -0.8913 0.2555
vn 0.2754 -0.9227 0.2698
vn 0.8816 0.0015 -0.4721
vn 0.9925 0.1196 -0.0251
vn 0.8989 0.3565 0.2546
vn -0.6136 -0.6032 0.5096
vn 0.9201 -0.3908 0.0275
vn 0.5210 0.8375 0.1645
vn -0.5934 0.5641 0.5741
vn 0.6295 -0.6846 -0.3674
vn 0.6707 -0.6002 -0.4359
vn -0.9238 0.1922 -0.3311
vn -0.5763 -0.6844 0.4467
vn -0.6943 -0.7093 -0.1220
vn -0.0401 -0.9523 0.3027
vn -0.7542 -0.5629 0.3381
vn 0.6471 -0.7603 -0.0570
vn -0.5989 -0.7629 -0.2436
vn 0.6316 -0.3198 -0.7063
vn 0.7194 -0.6320 0.2882
vn -0.1694 -0.8568 -0.4870
vn 0.1083 -0.1480 0.9830
vn -0.6532 -0.7487 -0.1131
vn -0.8334 -0.3763 0.4048
vn -0.7160 -0.5682 0.4055
vn 0.9516 0.2653 -0.1550
vn 0.9882 0.1081 -0.1089
vn -0.1034 -0.9944 0.0237
vn -0.9984 -0.0014 0.0567
vn -0.5170 -0.8556 0.0245
vn 0.2266 -0.8305 0.5089
vn -0.2953 -0.6745 0.6766
vn 0.9401 -0.3405 -0.0129
vn 0.7295 -0.0676 0.6806
vn 0.2918 0.8408 0.4561
vn -0.5759 0.2174 -0.7881
vn 0.3759 -0.3606 0.8536
vn 0.5249 -0.7338 0.4314
vn 0.6281 -0.5676 0.5322
vn -0.1186 -0.7174 -0.6865
vn 0.5443 0.1061 -0.8322
vn -0.8825 -0.3653 0.2963
vn -0.5508 0.4390 0.7098
vn -0.5508 0.4408 0.7088
vn 0.6896 0.1045 0.7166
vn 0.6073 0.7315 0.3101
vn 0.8246 0.3609 0.4357
vn -0.4832 -0.6997 0.5262
vn 0.1377 -0.5044 0.8524
vn -0.1777 -0.9518 0.2501
vn 0.8317 0.1469 -0.5355
vn 0.9986 0.0281 -0.0455
vn 0.9988 -0.0013 0.0479
vn -0.4275 0.4653 -0.7751
vn 0.6810 0.1905 0.7071
vn -0.8366 -0.2232 0.5003
vn -0.8366 -0.2234 0.5002
vn -0.8366 -0.2247 0.4996
vn 0.8425 0.0926 -0.5306
vn -0.9065 0.0674 0.4168
vn -0.5990 0.7883 0.1405
vn -0.0329 -0.6644 0.7467
vn 0.0227 0.8812 0.4723
vn 0.0198 0.4536 0.8910
vn -0.6950 0.2704 -0.6663
vn 0.9806 0.1857 0.0623
vn 0.9932 0.0206 0.1142
vn 0.9596 -0.2589 0.1100
vn 0.4353 0.6529 0.6199
vn -0.3017 0.8826 0.3606
vn 0.5516 0.4382 0.7097
vn 0.5513 0.4400 0.7088
vn -0.8625 0.4634 0.2034
vn -0.4558 -0.0857 0.8860
vn 0.9115 -0.3349 -0.2389
vn 0.4186 -0.0894 -0.9037
vn 0.1931 -0.0446 -0.9802
vn 0.0482 0.5610 -0.8264
vn -0.9618 0.2372 0.1368
vn -0.4582 0.7855 0.4161
vn -0.4554 0.7776 0.4336
vn -0.4521 0.7686 0.4526
vn -0.9979 -0.0014 0.0653
vn -0.5513 -0.4423 -0.7074
vn -0.5512 -0.4410 -0.7083
vn -0.5511 -0.4387 -0.7098
vn -0.8863 -0.0744 0.4572
vn -0.9202 -0.0376 0.3898
vn -0.3560 0.6091 0.7087
vn -0.8200 0.4893 0.2968
vn 0.3961 0.2966 0.8690
vn 0.6402 0.6715 0.3731
vn -0.1861 -0.9822 0.0256
vn 0.9929 0.1067 -0.0531
vn 0.9484 0.1755 -0.2642
vn 0.9727 0.2313 0.0176
vn 0.6609 -0.1803 -0.7285
vn 0.4953 -0.8081 0.3188
vn 0.3294 0.4714 -0.8181
vn -0.3250 0.6475 -0.6893
vn 0.1145 -0.3246 0.9389
vn 0.9319 -0.1968 0.3048
vn 0.8807 -0.4639 -0.0958
vn 0.8800 -0.4650 -0.0963
vn 0.8814 -0.4627 -0.0952
vn -0.1643 -0.3983 -0.9024
vn -0.6395 -0.6891 -0.3410
vn 0.8473 -0.4960 0.1899
vn -0.6388 0.7356 0.2255
vn 0.5657 0.7060 0.4261
vn 0.8737 -0.4864 -0.0010
vn 0.0108 -0.2836 -0.9589
vn -0.5768 0.7940 0.1920
vn 0.9966 -0.0506 0.0655
vn 0.3142 0.4741 0.8225
vn -0.8341 0.4389 0.3342
vn -0.4221 -0.5103 -0.7493
vn 0.2549 -0.7875 -0.5611
vn 0.1080 -0.1577 -0.9816
vn 0.0926 0.9941 0.0564
vn 0.7713 -0.0923 0.6297
vn 0.6516 0.3073 -0.6935
vn 0.6516 0.3074 -0.6935
vn 0.6517 0.3080 -0.6932
vn 0.1521 0.6968 0.7010
vn 0.6065 0.7442 0.2798
vn 0.4986 0.0257 0.8665
vn 0.4625 0.6539 -0.5987
vn 0.7744 -0.2986 0.5578
vn 0.6873 -0.6910 0.2239
vn -0.8460 0.2195 0.4860
vn 0.4184 -0.1876 0.8887
vn 0.4112 -0.1843 0.8927
vn 0.4269 -0.1915 0.8838
vn 0.3206 -0.4008 0.8582
vn -0.2585 0.1896 0.9472
vn -0.4812 0.0295 0.8761
vn 0.8224 0.4982 0.2747
vn 0.4501 -0.6003 -0.6611
vn -0.7215 0.4576 0.5197
vn -0.9803 0.1393 0.1403
vn -0.4671 0.7036 -0.5355
vn 0.6322 0.7383 0.2350
vn 0.3115 0.7831 0.5382
vn -0.5124 -0.4346 0.7407
vn -0.2497 -0.7221 -0.6452
vn 0.2081 -0.7723 0.6002
vn -0.1744 -0.7777 0.6040
vn -0.0485 -0.8392 0.5416
vn -0.8353 -0.5360 0.1226
vn -0.1593 -0.9740 -0.1612
vn -0.1091 -0.3395 -0.9342
vn 0.2070 -0.6472 0.7337
vn -0.0218 0.5997 -0.7999
vn -0.7573 0.5795 0.3012
vn 0.0070 -0.6334 -0.7738
vn -0.2854 -0.1179 0.9511
vn -0.5174 0.7818 0.3481
vn 0.7161 -0.1280 0.6861
vn -0.8365 -0.1316 -0.5319
vn -0.2786 -0.7030 -0.6544
vn -0.7429 0.2102 0.6356
vn 0.6178 -0.1317 0.7752
vn 0.5849 -0.4102 0.6997
vn 0.9851 -0.0125 -0.1712
vn -0.0019 0.8999 0.4361
vn 0.7604 -0.2753 -0.5882
vn 0.4561 0.8237 0.3368
vn -0.3821 -0.9065 0.1797
vn 0.5782 0.7798 -0.2399
vn 0.0200 0.9995 0.0263
vn -0.1316 0.1964 0.9716
vn -0.6163 0.6954 0.3695
vn 0.0549 0.5786 -0.8138
vn 0.0573 0.5779 -0.8141
vn 0.0594 0.5772 -0.8144
vn 0.5307 0.8395 -0.1163
vn -0.7591 0.6509 -0.0091
vn 0.4347 -0.2430 0.8672
vn -0.1965 -0.8649 -0.4619
vn -0.9643 -0.2409 0.1101
vn -0.9861 -0.1594 -0.0467
vn 0.8257 -0.0809 -0.5583
vn -0.0234 -0.8865 -0.4622
vn 0.5581 -0.8201 -0.1267
vn 0.6854 -0.6907 0.2306
vn -0.7497 0.5426 0.3789
vn -0.7054 -0.7087 0.0161
vn 0.3537 0.4999 -0.7906
vn -0.2561 0.8645 0.4324
vn 0.3000 0.1305 0.9450
vn -0.6414 0.0655 0.7644
vn -0.4087 -0.9092 0.0791
vn -0.8346 -0.5365 0.1253
vn -0.1070 0.8852 0.4528
vn -0.4625 0.3696 0.8059
vn -0.8063 -0.2017 -0.5560
vn -0.5893 -0.3868 -0.7093
vn 0.5143 0.1249 -0.8485
vn 0.2439 0.1777 -0.9534
vn -0.7522 0.5639 0.3409
vn 0.2250 0.8111 -0.5399
vn -0.6039 -0.3664 0.7078
vn -0.9041 -0.3130 0.2908
vn -0.7274 0.1355 0.6727
vn -0.4517 -0.8827 0.1296
vn -0.5492 -0.4380 -0.7117
vn -0.5516 0.4384 0.7096
vn 0.8978 0.1015 -0.4285
vn 0.8069 0.0910 -0.5836
vn 0.2103 -0.9579 -0.1956
vn -0.4949 0.8689 -0.0105
vn 0.9545 -0.0687 0.2903
vn -0.9613 -0.0253 0.2743
vn 0.0833 0.5953 -0.7992
vn -0.7756 0.5832 0.2414
vn -0.4607 0.8760 0.1426
vn -0.9550 0.0767 0.2866
vn 0.3271 0.4633 -0.8236
vn 0.9859 0.1176 -0.1194
vn -0.4505 -0.8827 0.1336
vn 0.5166 -0.8559 0.0248
vn 0.2634 -0.7861 0.5591
vn 0.5470 0.4397 0.7123
vn 0.5495 0.4371 0.7120
vn 0.1147 0.5115 -0.8516
vn -0.9760 0.1169 0.1835
vn -0.9992 0.0361 -0.0179
vn 0.7704 0.6375 -0.0108
vn -0.5473 -0.4395 -0.7123
vn -0.5482 -0.4382 -0.7124
vn 0.5043 -0.8104 0.2982
vn 0.5015 -0.8644 0.0357
vn 0.9041 0.2273 -0.3618
vn 0.6214 0.4414 -0.6474
vn -0.4618 0.8761 0.1386
vn 0.0787 -0.1182 0.9899
vn 0.9938 0.0565 -0.0959
vn -0.7512 0.5838 0.3081
vn 0.5596 -0.6277 0.5411
vn -0.4300 0.2393 -0.8705
vn -0.8669 0.3971 -0.3014
vn 0.4860 0.1407 0.8626
vn -0.4263 -0.3244 0.8444
vn -0.1826 -0.3333 -0.9250
vn -0.4385 0.3123 0.8427
vn -0.0417 -0.7321 -0.6799
vn 0.9782 0.1322 -0.1603
vn -0.3454 -0.5117 -0.7867
vn 0.0301 -0.6667 0.7447
vn 0.7302 0.2161 -0.6482
vn 0.3414 -0.2725 -0.8996
vn 0.9482 0.2792 0.1513
vn -0.3527 -0.8640 0.3594
vn 0.4488 -0.2390 0.8611
vn -0.0104 -0.6315 -0.7753
vn -0.9367 -0.2916 0.1938
vn -0.9367 -0.2918 0.1936
vn -0.9362 -0.2949 0.1910
vn 0.7341 -0.2466 -0.6327
vn 0.9357 0.2874 0.2045
vn 0.3898 -0.9158 0.0972
vn -0.8743 0.0060 -0.4854
vn 0.3618 -0.0577 -0.9304
vn -0.3144 -0.4679 0.8260
vn 0.9201 -0.0375 0.3900
vn -0.9852 -0.0124 -0.1711
vn 0.2556 -0.9653 0.0539
vn -0.1480 0.9139 0.3780
vn 0.7158 -0.5662 0.4086
vn -0.3338 -0.6448 -0.6876
vn -0.1450 -0.8873 0.4378
vn -0.1452 -0.8873 0.4377
vn -0.1447 -0.8870 0.4386
vn 0.1380 0.8448 -0.5170
vn -0.4794 -0.8282 0.2901
vn -0.0808 -0.6303 0.7722
vn 0.6191 -0.6084 0.4966
vn -0.6214 0.4413 -0.6474
vn -0.4028 0.4959 -0.7693
vn 0.6677 -0.4471 -0.5953
vn 0.2788 -0.9236 0.2630
vn 0.4388 -0.8695 0.2265
vn 0.2797 -0.4495 0.8484
vn 0.8327 -0.3603 0.4203
vn -0.2950 0.9545 -0.0428
vn -0.2948 0.9546 -0.0428
vn -0.2946 0.9547 -0.0427
vn 0.8134 -0.4838 0.3229
vn 0.2952 -0.9543 0.0467
vn 0.2953 -0.9543 0.0467
vn 0.2945 -0.9545 0.0463
vn -0.7862 0.5428 0.2953
vn -0.8496 0.4331 0.3011
vn -0.5397 -0.7690 0.3425
vn 0.7601 -0.3067 0.5729
vn -0.2464 -0.7190 0.6499
vn -0.2462 -0.7195 0.6494
vn -0.2456 -0.7212 0.6477
vn -0.6027 0.7836 -0.1508
vn 0.0489 0.7965 0.6027
vn 0.7215 -0.1656 0.6723
vn -0.3025 -0.8521 0.4272
vn 0.3061 0.4814 -0.8214
vn -0.6066 0.6787 -0.4140
vn -0.3989 0.8870 -0.2327
vn -0.3482 0.9233 -0.1619
vn 0.8198 0.2660 0.5070
vn -0.7493 -0.5231 0.4061
vn -0.8866 -0.4492 0.1104
vn -0.5836 0.8108 -0.0450
vn -0.0570 -0.4731 -0.8792
vn -0.0657 -0.4550 -0.8880
vn -0.0535 -0.4802 -0.8755
vn 0.5656 0.3593 -0.7423
vn 0.9372 -0.2034 -0.2833
vn 0.8787 -0.1119 0.4640
vn -0.5025 -0.7871 0.3576
vn 0.8714 0.2058 -0.4453
vn 0.9395 0.2947 -0.1744
vn 0.9402 0.2932 -0.1735
vn 0.9407 0.2920 -0.1728
vn -0.3351 -0.7404 0.5827
vn -0.7052 0.7073 0.0489
vn -0.0116 -0.8326 -0.5538
vn -0.3752 -0.8120 0.4472
vn 0.6983 0.5314 0.4796
vn -0.2264 0.3491 -0.9093
vn 0.0000 0.9816 0.1910
vn 0.7597 -0.5612 0.3285
vn 0.4781 0.8001 0.3622
vn -0.5711 0.1641 -0.8043
vn -0.8550 0.2361 -0.4617
vn -0.9988 -0.0014 0.0480
vn -0.1531 0.1432 -0.9778
vn -0.6074 -0.7582 0.2372
vn -0.2953 -0.2159 -0.9307
vn 0.0000 -0.4083 -0.9128
vn 0.2953 -0.2159 -0.9307
vn 0.7109 0.6973 0.0912
vn 0.9954 0.0747 0.0596
vn 0.4028 0.4957 -0.7694
vn -0.6083 0.5631 -0.5594
vn 0.8180 -0.3366 -0.4664
vn 0.0309 -0.9491 0.3135
vn 0.9467 -0.3220 0.0118
vn 0.0402 0.9096 0.4135
vn 0.0829 0.1661 -0.9826
vn 0.9782 0.1320 -0.1602
vn 0.5473 -0.4397 -0.7122
vn 0.5491 -0.4373 -0.7122
vn 0.7871 -0.5586 0.2615
vn -0.7063 0.1543 -0.6909
vn 0.7988 -0.5838 -0.1456
vn 0.9840 -0.0328 -0.1753
vn 0.6053 -0.3799 0.6995
vn 0.9475 0.2449 0.2058
vn 0.1674 -0.0101 -0.9858
vn -0.4860 -0.5696 0.6628
vn -0.0005 0.5791 0.8153
vn -0.5707 0.8187 -0.0634
vn -0.5419 0.5945 0.5940
vn 0.5703 -0.8190 0.0629
vn 0.5706 0.8187 -0.0634
vn -0.5703 -0.8190 0.0629
vn -0.0229 0.3850 0.9226
vn -0.0142 0.3928 0.9195
vn -0.0181 0.3105 0.9504
vn 0.9762 0.1446 -0.1615
vn -0.3671 0.1356 0.9202
vn -0.3652 0.1351 0.9211
vn -0.3735 0.1370 0.9175
vn 0.8283 -0.4000 -0.3923
vn 0.8284 -0.4006 -0.3915
vn 0.8284 -0.4009 -0.3912
vn -0.7811 -0.6114 -0.1268
vn 0.8449 0.2288 -0.4836
vn 0.8451 0.2284 -0.4833
vn 0.8454 0.2281 -0.4831
vn 0.1152 -0.6785 0.7255
vn 0.8102 0.4886 0.3238
vn 0.8105 0.4881 0.3239
vn 0.8100 0.4889 0.3237
vn -0.8102 0.4886 0.3238
vn -0.8105 0.4881 0.3239
vn -0.8106 0.4878 0.3240
vn -0.1216 0.8830 -0.4533
vn -0.1221 0.8834 -0.4524
vn -0.1212 0.8827 -0.4541
vn -0.8282 -0.4008 -0.3918
vn -0.8285 -0.3998 -0.3921
vn -0.8286 -0.3995 -0.3922
vn -0.7974 0.3417 0.4974
vn -0.0000 0.5377 -0.8431
vn 0.6253 0.2982 0.7212
vn -0.9401 -0.3406 -0.0128
vn 0.5487 -0.4377 -0.7123
vn 0.4588 0.8753 -0.1525
vn 0.4584 0.8756 -0.1522
vn 0.4592 0.8751 -0.1528
vn 0.5189 -0.8311 -0.2002
vn -0.5494 0.4370 0.7122
vn -0.1595 -0.6736 0.7217
vn 0.4505 -0.8827 0.1335
vn -0.5494 -0.4372 -0.7121
vn 0.4581 0.8758 -0.1519
vn -0.8281 -0.4012 -0.3916
vn -0.1226 0.8837 -0.4516
vn -0.8100 0.4889 0.3237
vn 0.8106 0.4878 0.3240
vn 0.8446 0.2291 -0.4839
vn 0.8283 -0.3997 -0.3927
vn -0.3592 0.1338 0.9236
vn -0.0097 0.4524 0.8917
vn 0.9390 0.2960 -0.1753
vn -0.0697 -0.4467 -0.8920
vn -0.2470 -0.7174 0.6514
vn 0.2965 -0.9539 0.0474
vn -0.2953 0.9544 -0.0430
vn -0.1456 -0.8879 0.4365
vn -0.9371 -0.2882 0.1966
vn -0.5518 0.4428 0.7067
vn 0.0529 0.5791 -0.8135
vn 0.4014 -0.1799 0.8981
vn 0.6515 0.3067 -0.6938
vn 0.8792 -0.4665 -0.0970
vn -0.5509 -0.4386 -0.7100
vn -0.4600 0.7906 0.4042
vn 0.5519 0.4429 0.7065
vn -0.8365 -0.2218 0.5010
vn 0.4758 -0.7223 -0.5019
vn 0.1083 -0.4431 0.8899
vn 0.2325 0.7110 -0.6636
vn -0.5445 0.7451 -0.3851
vn -0.4536 -0.8743 0.1727
vn -0.1371 0.4236 -0.8954
vn -0.6517 0.3080 -0.6932
vn 0.1447 -0.8870 0.4386
vn 0.2349 -0.3281 0.9150
vn 0.1740 -0.2794 -0.9443
vn -0.6498 -0.3109 0.6936
vn -0.2083 0.2418 0.9477
vn 0.6487 -0.3110 0.6946
vn 0.3658 0.8107 -0.4571
vn -0.3009 0.2866 -0.9096
vn -0.4556 0.8338 -0.3116
vn -0.3610 -0.8031 0.4741
vn 0.3346 -0.1581 -0.9290
vn -0.0877 -0.5948 0.7991
vn 0.5989 -0.7429 0.2989
vn 0.5289 -0.0038 -0.8487
vn -0.8790 0.4665 0.0986
vn -0.5611 -0.0086 0.8277
vn 0.4330 -0.7970 -0.4210
vn 0.6269 -0.6885 0.3648
vn -0.5163 0.1200 -0.8479
vn 0.7082 0.1297 -0.6940
vn -0.7212 -0.1355 0.6793
vn 0.1234 0.8831 -0.4526
usemtl MI_BearrilaA.001
s 1
f 1/1/1 3/2/2 2/3/3
f 3131/4/4 3129/5/5 3132/6/6
f 139/7/7 156/8/8 90/9/9
f 21/10/10 22/11/11 20/12/12
f 1323/13/13 43/14/14 42/15/15
f 3479/16/16 3474/17/17 3473/18/18
f 2347/19/19 2348/20/20 2349/21/21
f 1205/22/22 1203/23/23 1204/24/24
f 741/25/25 742/26/26 746/27/27
f 3246/28/28 3248/29/29 3250/30/30
f 1118/31/31 1124/32/32 1116/33/33
f 243/34/34 236/35/35 242/36/36
f 60/37/37 62/38/38 61/39/39
f 63/40/40 65/41/41 64/42/42
f 102/43/43 2698/44/44 2695/45/45 2697/46/46
f 68/47/47 69/48/48 67/49/49
f 73/50/50 74/51/51 72/52/52
f 2522/53/53 2521/54/54 2518/55/55 2516/56/56
f 2936/57/57 2941/58/58 2937/59/59
f 78/60/60 79/61/61 77/62/62
f 1703/63/63 1702/64/64 1698/65/65 1700/66/66
f 2483/67/67 2481/68/68 2467/69/69 2464/70/70
f 83/71/71 84/72/72 82/73/73
f 2320/74/74 2384/75/75 2325/76/76
f 2597/77/77 75/78/78 2595/79/79
f 88/80/80 92/81/51 87/82/81
f 2619/83/82 2631/84/83 2639/85/84
f 96/86/85 93/87/86 94/88/87
f 1681/89/88 1680/90/89 1679/91/90
f 101/92/91 98/93/92 99/94/93
f 1626/95/94 1644/96/95 1643/97/96
f 106/98/97 103/99/98 104/100/99
f 111/101/100 108/102/101 109/103/102
f 2698/44/44 102/43/43 2700/104/103
f 119/105/104 113/106/105 114/107/106
f 60/37/37 122/108/107 121/109/108
f 390/110/109 388/111/110 391/112/111
f 1302/113/112 40/114/113 39/115/114
f 1719/116/115 1713/117/116 1718/118/117
f 1687/119/118 1614/120/119 1618/121/120 1689/122/121
f 2557/123/122 2554/124/123 2556/125/124
f 2541/126/125 2545/127/126 2555/128/127 2557/123/122
f 143/129/128 142/130/129 141/131/130
f 3022/132/131 3029/133/132 3024/134/133
f 92/81/51 140/135/134 87/82/81
f 410/136/135 405/137/136 409/138/137
f 137/139/138 138/140/139 7/141/140
f 1068/142/141 3371/143/142 1065/144/143
f 149/145/144 119/105/104 114/107/106
f 2763/146/145 2766/147/146 2764/148/147
f 91/149/148 89/150/149 86/151/150
f 3060/152/151 3054/153/152 3059/154/153
f 425/155/154 329/156/155 268/157/156
f 919/158/157 916/159/158 921/160/159
f 940/161/160 944/162/161 941/163/162
f 75/78/78 2591/164/163 2595/79/79
f 1339/165/164 1336/166/165 1338/167/166
f 787/168/167 726/169/168 793/170/169
f 85/171/170 81/172/171 82/73/73 2646/173/172
f 2635/174/173 2634/175/174 2622/176/175
f 130/177/176 110/178/177 109/103/102 108/102/101
f 1021/179/178 1032/180/179 1027/181/180
f 767/182/181 764/183/182 770/184/183
f 287/185/184 282/186/185 285/187/186
f 2382/188/187 2379/189/188 2377/190/189 2380/191/190
f 1127/192/191 11/193/192 10/194/193
f 2989/195/194 2988/196/195 2987/197/196
f 69/48/48 2566/198/197 2565/199/198
f 2729/200/199 2728/201/200 2730/202/201
f 2875/203/202 2862/204/203 2856/205/204
f 2189/206/205 3170/207/206 2192/208/207
f 2234/209/208 2226/210/209 3184/211/210
f 118/212/211 116/213/212 115/214/213
f 2736/215/214 2730/202/201 2733/216/215
f 1461/217/216 1460/218/217 1458/219/218
f 938/220/219 940/161/160 941/163/162
f 2641/221/220 126/222/221 2651/223/222
f 738/224/223 824/225/224 735/226/225
f 1211/227/226 1217/228/227 1222/229/228
f 115/214/213 149/145/144 114/107/106
f 3435/230/229 3420/231/230 3428/232/231
f 700/233/232 658/234/233 654/235/234
f 2661/236/235 2662/237/236 2663/238/237
f 36/239/238 38/240/239 37/241/240
f 2417/242/241 2415/243/242 2419/244/243
f 2353/245/244 2385/246/245 2383/247/246 2355/248/247
f 2684/249/248 2673/250/249 2677/251/250
f 2636/252/251 2615/253/252 2619/83/82
f 3393/254/253 3395/255/254 3405/256/255
f 3479/16/256 3470/257/257 3482/258/258
f 198/259/259 197/260/260 199/261/261
f 2610/262/262 2612/263/263 2611/264/264
f 2690/265/265 2688/266/266 2686/267/267 2685/268/268
f 216/269/269 223/270/270 218/271/271
f 733/272/272 783/273/273 743/274/274
f 2175/275/275 2176/276/276 2179/277/277
f 1093/278/278 1094/279/279 1095/280/280
f 821/281/281 818/282/282 815/283/283
f 3019/284/284 3016/285/285 3020/286/286
f 2166/287/287 2167/288/288 2182/289/289
f 1678/290/290 1713/117/116 1720/291/291
f 1015/292/292 1027/181/180 1028/293/293
f 981/294/294 982/295/295 980/296/296
f 1797/297/297 1798/298/298 1796/299/299
f 3105/300/300 3108/301/301 3104/302/302
f 2212/303/303 2210/304/304 2211/305/305
f 429/306/306 431/307/307 427/308/308
f 2153/309/309 2136/310/310 2141/311/311
f 2269/312/312 2267/313/313 2270/314/314
f 217/315/315 204/316/316 212/317/317
f 1205/22/22 1207/318/318 1206/319/319
f 203/320/320 213/321/321 215/322/322
f 693/323/323 692/324/324 691/325/325
f 2199/326/326 2196/327/327 2197/328/328
f 3376/329/329 1105/330/330 3378/331/331
f 3037/332/332 3040/333/333 3035/334/334
f 2363/335/335 2392/336/336 2393/337/337
f 794/338/338 799/339/339 797/340/340
f 3424/341/341 3425/342/342 3430/343/343
f 455/344/344 456/345/345 457/346/346
f 1040/347/347 1044/348/348 1039/349/349
f 218/271/271 222/350/350 219/351/351
f 568/352/352 569/353/353 570/354/354
f 1241/355/355 1247/356/356 1239/357/357
f 226/358/358 224/359/359 227/360/360
f 228/361/361 221/362/362 223/270/270
f 228/361/361 227/360/360 224/359/359
f 2124/363/363 2126/364/364 2129/365/365
f 641/366/366 636/367/367 637/368/368
f 229/369/369 228/361/361 230/370/370
f 230/370/370 2/3/3 229/369/369
f 2/3/3 230/370/370 1/1/1
f 1837/371/371 1833/372/372 1834/373/373
f 231/374/374 1/1/1 232/375/375
f 217/315/315 232/375/375 1/1/1
f 557/376/376 1856/377/377 1858/378/378
f 233/379/379 1088/380/380 234/381/381
f 2788/382/382 776/383/383 2789/384/384
f 841/385/385 840/386/386 848/387/387
f 1919/388/388 1911/389/389 1917/390/390
f 240/391/391 236/35/35 237/392/392
f 241/393/393 237/392/392 239/394/394
f 244/395/395 237/392/392 241/393/393
f 476/396/396 375/397/397 379/398/398
f 236/35/35 240/391/391 242/36/36
f 74/51/51 73/50/50 2589/399/399
f 1406/400/400 56/401/401 1403/402/402
f 9/403/403 339/404/404 305/405/405
f 519/406/406 420/407/407 494/408/408
f 607/409/409 253/410/410 714/411/411
f 475/412/412 481/413/413 484/414/414
f 3336/415/415 3335/416/416 1940/417/417
f 475/412/412 484/414/414 488/418/418
f 493/419/419 495/420/420 496/421/421
f 1219/422/422 1216/423/423 1218/424/424
f 3172/425/425 3171/426/426 3173/427/427
f 476/396/396 1092/428/428 1091/429/429
f 120/430/430 21/10/10 20/12/12 19/431/431
f 426/432/432 422/433/433 423/434/434
f 2137/435/435 2139/436/436 2142/437/437
f 253/410/410 255/438/438 254/439/439
f 490/440/440 441/441/441 489/442/442
f 2532/443/443 2531/444/444 2445/445/445 2441/446/446
f 2992/447/447 2994/448/448 2993/449/449
f 419/450/450 420/407/407 417/451/451
f 2944/452/452 2946/453/453 2945/454/454
f 512/455/455 146/456/456 148/457/457
f 774/458/458 812/459/459 772/460/460
f 1805/461/461 1814/462/462 1811/463/463
f 3345/464/464 3341/465/465 3343/466/466
f 517/467/467 519/406/406 518/468/468
f 327/469/469 331/470/470 286/471/471
f 434/472/472 1813/473/473 1812/474/474
f 1143/475/475 1140/476/476 1142/477/477
f 1192/478/478 1203/23/23 1199/479/479
f 3328/480/480 2031/481/481 2030/482/482
f 1815/483/483 1779/484/484 1775/485/485
f 427/308/308 268/157/156 429/306/306
f 273/486/486 264/487/487 269/488/488
f 1748/489/489 1825/490/490 3256/491/491
f 1016/492/492 961/493/493 957/494/494
f 1129/495/495 1136/496/496 1130/497/497
f 2167/288/288 2085/498/498 2182/289/289
f 3356/499/499 426/432/432 439/500/500
f 3/501/2 1058/502/501 3367/503/502
f 9/403/403 346/504/503 137/139/138
f 277/505/504 273/486/486 274/506/505
f 2909/507/506 2907/508/507 2908/509/508
f 1352/510/509 1355/511/510 1356/512/511
f 276/513/512 275/514/513 279/515/514
f 278/516/515 276/513/512 279/515/514
f 275/514/513 277/505/504 279/515/514
f 1371/517/516 1369/518/517 1372/519/518
f 278/516/515 279/515/514 280/520/519
f 3344/521/520 3346/522/521 3343/466/466
f 2246/523/522 2243/524/523 2245/525/524
f 271/526/525 281/527/526 274/506/505
f 1084/528/527 1087/529/528 1086/530/529
f 1205/22/22 1195/531/530 1199/479/479
f 279/515/514 283/532/531 280/520/519
f 282/186/185 280/520/519 283/532/531
f 840/386/386 846/533/532 848/387/387
f 284/534/533 282/186/185 283/532/531
f 281/527/526 285/187/186 284/534/533
f 271/526/525 285/187/186 281/527/526
f 282/186/185 284/534/533 285/187/186
f 876/535/534 906/536/535 907/537/536
f 710/538/537 694/539/538 701/540/539
f 1875/541/540 1855/542/541 1874/543/542
f 1767/544/543 1764/545/544 1768/546/545
f 482/547/546 483/548/547 481/413/413
f 873/549/548 866/550/549 867/551/550
f 290/552/551 249/553/552 289/554/553
f 2553/555/554 2550/556/555 2552/557/556
f 3199/558/557 3202/559/558 3200/560/559
f 291/561/560 290/552/551 289/554/553
f 90/9/9 152/562/561 89/150/149
f 493/419/419 487/563/562 486/564/563
f 293/565/564 245/566/565 292/567/566
f 3106/568/567 3107/569/568 3109/570/569
f 449/571/570 201/572/571 451/573/572
f 499/574/573 483/548/547 501/575/574
f 1099/576/575 1098/577/576 1097/578/577
f 2474/579/578 2480/580/579 2477/581/580
f 2031/481/481 2032/582/581 2029/583/582
f 3253/584/583 3252/585/584 3213/586/585
f 2352/587/586 2349/21/21 2348/20/20
f 254/439/439 263/588/587 253/410/410
f 3209/589/588 122/108/107 61/39/39
f 298/590/589 301/591/590 303/592/591
f 1092/428/428 472/593/592 473/594/593
f 295/595/594 298/590/589 296/596/595
f 2752/597/596 2754/598/597 2753/599/598
f 1957/600/599 1945/601/600 1949/602/601
f 501/575/574 502/603/602 503/604/603
f 795/605/604 796/606/605 798/607/606
f 840/386/386 837/608/607 836/609/608
f 291/561/560 308/610/609 306/611/610
f 2894/612/611 2892/613/612 2897/614/613
f 288/615/614 287/185/184 312/616/615
f 1813/473/473 1810/617/616 1811/463/463
f 286/471/471 314/618/617 287/185/184
f 370/619/618 376/620/619 374/621/620
f 2079/622/621 1758/623/622 1721/624/623
f 311/625/624 308/610/609 317/626/625
f 2185/627/626 3166/628/627 3167/629/628
f 2614/630/629 2617/631/630 79/61/61
f 320/632/631 311/625/624 317/626/625
f 752/633/632 781/634/633 755/635/634
f 1868/636/635 1855/542/541 1870/637/636
f 1993/638/637 1985/639/638 1995/640/639
f 2725/641/640 2721/642/641 2724/643/642
f 414/644/643 411/645/644 412/646/645
f 1954/647/646 1953/648/647 1951/649/648
f 3079/650/649 3050/651/650 3052/652/651
f 1893/653/652 1862/654/653 1865/655/654
f 1797/297/297 1785/656/655 1799/657/656
f 325/658/657 322/659/658 326/660/659
f 2996/661/660 2980/662/661 2973/663/662
f 327/469/469 286/471/471 272/664/663
f 2290/665/664 2283/666/665 2289/667/666
f 328/668/667 325/658/657 326/660/659
f 125/669/668 78/60/60 77/62/62 76/670/669
f 336/671/670 334/672/671 331/470/470
f 2103/673/672 2112/674/673 2105/675/674
f 3087/676/675 3056/677/676 3091/678/677
f 336/671/670 330/679/678 332/680/679
f 1758/681/622 2271/682/680 1755/683/681
f 1054/684/682 668/685/683 954/686/684
f 328/668/667 326/660/659 333/687/685
f 1166/688/686 1168/689/687 1167/690/688
f 335/691/689 328/668/667 333/687/685
f 335/691/689 325/658/657 328/668/667
f 3163/692/690 891/693/691 890/694/692
f 1050/695/693 1051/696/694 1049/697/695
f 373/698/696 365/699/697 369/700/698
f 639/701/699 627/702/700 622/703/701
f 84/72/72 83/71/71 2641/704/220
f 1781/705/702 1783/706/703 1789/707/704
f 673/708/705 676/709/706 677/710/707
f 324/711/708 337/712/709 338/713/710
f 902/714/711 900/715/712 903/716/713
f 1739/717/714 1873/718/715 1883/719/716
f 1889/720/717 1777/721/718 1778/722/719
f 831/723/720 834/724/721 832/725/722
f 1415/726/723 1418/727/724 1419/728/725
f 1655/729/726 1658/730/727 1602/731/728 1659/732/729
f 3303/733/730 3304/734/731 3301/735/732
f 320/632/631 132/736/733 343/737/734
f 1821/738/735 1772/739/736 1825/490/490
f 311/625/624 320/632/631 343/737/734
f 770/184/183 762/740/737 2806/741/738
f 3023/742/739 3041/743/740 3042/744/741
f 2184/745/742 2272/746/743 2190/747/744
f 2601/748/745 2599/749/746 2600/750/747
f 346/504/503 305/405/405 303/592/591
f 508/751/748 4/752/749 147/753/750
f 549/754/751 555/755/752 551/756/753
f 406/757/754 404/758/755 403/759/756
f 348/760/757 347/761/758 335/691/689
f 2092/762/759 2090/763/760 2096/764/761
f 1535/765/762 1533/766/763 1532/767/764 1529/768/765
f 2702/769/766 2699/770/767 2701/771/768
f 2677/251/250 2675/772/769 2676/773/770
f 687/774/771 689/775/772 690/776/773
f 1117/777/774 1114/778/775 1116/33/33
f 238/779/776 237/392/392 235/780/777
f 641/366/366 640/781/778 642/782/779
f 453/783/780 455/344/344 454/784/781
f 1046/785/782 1052/786/783 1053/787/784
f 395/788/785 398/789/786 482/547/546
f 1245/790/787 1242/791/788 1244/792/789
f 2898/793/790 2899/794/791 2897/614/613
f 2160/795/792 2162/796/793 2249/797/794
f 374/621/620 379/398/398 375/397/397
f 359/798/795 356/799/796 353/800/797
f 2926/801/798 2932/802/799 2931/803/800
f 358/804/801 362/805/802 360/806/803
f 363/807/804 361/808/805 360/806/803
f 2052/809/806 2046/810/807 2062/811/808
f 882/812/809 877/813/810 880/814/811
f 2088/815/812 2084/816/813 2086/817/814
f 2102/818/815 2100/819/816 2099/820/817
f 490/440/440 489/442/442 492/821/818
f 571/822/819 565/823/820 570/354/354
f 369/700/698 363/807/804 368/824/821
f 697/825/822 683/826/823 678/827/824
f 1340/828/825 1341/829/826 1336/166/165
f 364/830/827 369/700/698 368/824/821
f 2805/831/828 2800/832/829 2794/833/830
f 371/834/831 370/619/618 374/621/620
f 3348/835/832 3353/836/833 3357/837/834
f 139/7/7 154/838/835 160/839/836
f 2084/816/813 1727/840/837 1730/841/838
f 376/620/619 378/842/839 374/621/620
f 3052/652/651 3050/651/650 3055/843/840
f 378/842/839 376/620/619 395/788/785 397/844/841
f 2910/845/842 2902/846/843 2905/847/844
f 1284/848/845 1283/849/846 1285/850/847
f 1183/851/848 1182/852/849 1176/853/850
f 3187/854/851 2157/855/852 2159/856/853
f 380/857/854 382/858/855 393/859/856
f 2130/860/857 2131/861/858 2134/862/859
f 637/368/368 640/781/778 641/366/366
f 575/863/860 579/864/861 577/865/862
f 2319/866/863 2320/74/74 2317/867/864
f 385/868/865 355/869/866 354/870/867
f 2443/871/868 2438/872/869 2439/873/870 2442/874/871
f 385/868/865 387/875/872 386/876/873
f 354/870/867 389/877/874 387/875/872
f 851/878/875 1055/879/876 1057/880/877
f 470/881/878 458/882/879 467/883/880
f 389/877/874 402/884/881 400/885/882
f 615/886/883 618/887/884 616/888/885
f 304/889/886 345/890/887 301/591/590
f 398/789/786 396/891/888 399/892/889
f 2598/893/890 2599/749/746 2597/77/77
f 778/894/891 780/895/892 781/634/633
f 1800/896/893 1799/657/656 1803/897/894
f 2619/83/82 2639/85/84 2638/898/895
f 245/566/565 290/552/551 292/567/566
f 216/269/269 206/899/896 214/900/897
f 1732/901/898 1769/902/899 1735/903/900
f 319/904/901 320/632/631 317/626/625
f 551/756/753 555/755/752 552/905/902
f 246/906/903 293/565/564 297/907/904
f 1851/908/905 1848/909/906 1850/910/907
f 1350/911/908 1348/912/909 1351/913/910
f 2712/914/911 2706/915/912 2699/770/767
f 233/379/379 215/322/322 235/780/777
f 3342/916/913 3343/466/466 3341/465/465
f 1025/917/914 3137/918/915 3140/919/916
f 3391/920/917 3390/921/918 3389/922/919
f 406/757/754 403/759/756 405/137/136
f 407/923/920 405/137/136 333/687/685
f 408/924/921 407/923/920 333/687/685
f 348/760/757 300/925/922 347/761/758
f 409/138/137 405/137/136 407/923/920
f 409/138/137 407/923/920 408/924/921
f 680/926/923 684/927/924 685/928/925
f 411/645/644 409/138/137 408/924/921
f 13/929/926 15/930/927 14/931/928
f 409/138/137 413/932/929 410/136/135
f 1882/933/930 1880/934/931 1830/935/932
f 2155/936/933 2131/861/858 2133/937/934
f 3005/938/935 2999/939/936 3000/940/937
f 1888/941/938 1889/720/717 1891/942/939
f 438/943/940 3341/465/465 3345/464/464
f 450/944/941 198/945/259 449/571/570
f 2171/946/942 2170/947/943 2165/948/944
f 3374/949/945 1068/142/141 1073/950/946
f 1693/951/947 1694/952/948 1695/953/949
f 418/954/950 421/955/951 415/956/952
f 7/141/140 339/404/404 9/403/403
f 2358/957/953 2361/958/954 2363/335/335
f 1457/959/955 1459/960/956 1454/961/957
f 336/671/670 332/680/679 422/433/433
f 3104/302/302 3098/962/958 3099/963/959
f 530/964/960 527/965/961 532/966/962
f 2970/967/963 2957/968/964 2969/969/965
f 647/970/966 642/782/779 644/971/967
f 287/185/184 271/526/525 272/664/663
f 380/857/854 373/698/696 377/972/968
f 2954/973/969 2957/968/964 2952/974/970
f 458/882/879 455/344/344 457/346/346
f 552/905/902 556/975/971 553/976/972
f 1858/378/378 1860/977/973 553/976/972
f 2171/946/942 2172/978/974 2170/947/943
f 2361/958/954 2357/979/975 2360/980/976
f 458/882/879 465/981/977 467/883/880
f 3188/982/978 3186/983/979 3201/984/980
f 178/985/981 196/986/982 195/987/983
f 269/488/488 264/487/487 270/988/984
f 983/989/985 3129/5/5 982/990/295
f 2703/991/986 2702/769/766 2704/992/987
f 430/993/988 258/994/989 256/995/990
f 3139/996/991 3136/997/992 1020/998/993
f 646/999/994 572/1000/995 573/1001/996
f 144/1002/997 514/1003/998 517/467/467
f 1026/1004/999 3140/919/916 3141/1005/1000
f 448/1006/1001 444/1007/1002 445/1008/1003
f 2078/1009/1004 2080/1010/1005 2081/1011/1006
f 706/1012/1007 703/1013/1008 708/1014/1009
f 3297/1015/1010 3302/1016/1011 3300/1017/1012
f 1488/1018/1013 1485/1019/1014 1509/1020/1015 1511/1021/1016
f 680/1022/923 863/1023/1017 864/1024/1018
f 565/823/820 554/1025/1019 550/1026/1020
f 1726/1027/1021 1722/1028/1022 1723/1029/1023
f 1407/1030/1024 55/1031/1025 54/1032/1026
f 482/547/546 399/892/889 401/1033/1027
f 265/1034/1028 262/1035/1029 264/487/487
f 915/1036/1030 913/1037/1031 917/1038/1032
f 454/784/781 201/572/571 453/783/780
f 2741/1039/1033 2739/1040/1034 2742/1041/1035
f 1885/1042/1036 1741/1043/1037 1884/1044/1038
f 207/1045/1039 201/1046/571 206/899/896
f 247/1047/1040 210/1048/1041 249/553/552
f 256/1049/990 606/1050/1042 610/1051/1043
f 975/1052/1044 976/1053/1045 1057/880/877
f 3234/1054/1046 3231/1055/1047 3236/1056/1048
f 3338/1057/1049 1929/1058/1050 3340/1059/1051
f 1816/1060/1052 1775/485/485 1817/1061/1053
f 494/408/408 520/1062/1054 519/406/406
f 462/1063/1055 463/1064/1056 461/1065/1057
f 2335/1066/1058 2337/1067/1059 2334/1068/1060
f 227/360/360 228/361/361 229/369/369
f 463/1064/1056 464/1069/1061 465/981/977
f 466/1070/1062 465/981/977 464/1069/1061
f 3106/568/567 3110/1071/1063 3084/1072/1064
f 465/981/977 466/1070/1062 467/883/880
f 468/1073/1065 467/883/880 466/1070/1062
f 472/593/592 469/1074/1066 473/594/593
f 917/1038/1032 916/159/158 919/158/157
f 446/1075/1067 445/1008/1003 447/1076/1068
f 980/296/296 978/1077/1069 977/1078/1070
f 528/1079/1071 1901/1080/1072 525/1081/1073
f 474/1082/1074 470/881/878 472/593/592
f 2174/1083/1075 2172/978/974 2171/946/942
f 3303/733/730 3302/1016/1011 3309/1084/1076
f 476/396/396 474/1082/1074 472/593/592
f 478/1085/1077 476/396/396 379/398/398
f 476/396/396 478/1085/1077 477/1086/1078
f 1180/1087/1079 1177/1088/1080 1179/1089/1081
f 474/1082/1074 479/1090/1082 475/412/412
f 477/1086/1078 480/1091/1083 479/1090/1082
f 308/610/609 315/1092/1084 313/1093/1085
f 800/1094/1086 795/605/604 807/1095/1087
f 1198/1096/1088 1206/319/319 26/1097/1089
f 862/1098/1090 855/1099/1091 860/1100/1092
f 2609/1101/1093 2610/262/262 2611/264/264
f 1361/1102/1094 1362/1103/1095 1357/1104/1096
f 481/413/413 483/548/547 485/1105/1097
f 487/563/562 481/413/413 485/1105/1097
f 3366/1106/1098 3365/1107/1099 2/1108/3
f 1293/1109/1100 1278/1110/1101 1286/1111/1102
f 1258/1112/1103 1254/1113/1104 1256/1114/1105
f 3264/1115/1106 834/1116/721 3259/1117/1107
f 970/1118/1108 968/1119/1109 1056/1120/1110
f 2035/1121/1111 1963/1122/1112 2033/1123/1113
f 839/1124/1114 836/609/608 833/1125/1115
f 841/1126/385 3258/1127/1116 3257/1128/1117
f 1138/1129/1118 1148/1130/1119 1136/496/496
f 2791/1131/1120 2794/833/830 2793/1132/1121
f 560/1133/1122 566/1134/1123 564/1135/1124
f 2080/1010/1005 1727/840/837 2081/1011/1006
f 3025/1136/1125 3042/744/741 3043/1137/1126
f 722/1138/1127 724/1139/1128 576/1140/1129
f 294/1141/1130 291/561/560 295/595/594
f 813/1142/1131 812/459/459 811/1143/1132
f 487/563/562 493/419/419 492/821/818
f 1189/1144/1133 1191/1145/1134 1195/531/530
f 448/1006/1001 445/1008/1003 471/1146/1135
f 2023/1147/1136 2020/1148/1137 2024/1149/1138
f 706/1012/1007 709/1150/1139 704/1151/1140
f 876/535/534 879/1152/1141 902/714/711
f 498/1153/1142 496/421/421 495/420/420
f 3111/1154/1143 3081/1155/1144 3112/1156/1145
f 3309/1084/1076 3304/734/731 3303/733/730
f 2138/1157/1146 2137/435/435 2135/1158/1147
f 2270/314/314 2265/1159/1148 2269/312/312
f 546/1160/1149 542/1161/1150 544/1162/1151
f 383/1163/1152 359/798/795 357/1164/1153
f 302/1165/1154 303/592/591 305/405/405
f 500/1166/1155 499/574/573 504/1167/1156
f 1782/1168/1157 1780/1169/1158 1779/484/484
f 2656/1170/1159 2653/1171/1160 2659/1172/1161
f 505/1173/1162 508/751/748 504/1167/1156
f 913/1037/1031 914/1174/1163 916/159/158
f 305/405/405 339/404/404 337/712/709
f 507/1175/1164 141/131/130 510/1176/1165
f 3219/1177/1166 3250/30/30 3248/29/29
f 142/130/129 510/1176/1165 141/131/130
f 498/1153/1142 511/1178/1167 520/1062/1054
f 2258/1179/1168 2261/1180/1169 2260/1181/1170
f 6/1182/1171 512/455/455 148/457/457
f 2529/1183/1172 2450/1184/1173 2447/1185/1174
f 909/1186/1175 907/537/536 912/1187/1176
f 506/1188/1177 416/1189/1178 513/1190/1179
f 3286/1191/1180 3280/1192/1181 3285/1193/1182
f 2624/1194/1183 2625/1195/1184 2623/1196/1185
f 1882/933/930 1828/1197/1186 1827/1198/1187
f 416/1189/1178 515/1199/1188 513/1190/1179
f 3210/1200/1189 64/42/42 3208/1201/1190
f 1346/1202/1191 47/1203/1192 1345/1204/1193
f 515/1199/1188 420/407/407 516/1205/1194
f 143/129/128 517/467/467 518/468/468
f 1054/684/682 856/1206/1195 859/1207/1196
f 2187/1208/1197 2184/745/742 2190/747/744
f 2028/1209/1198 1978/1210/1199 2025/1211/1200
f 518/468/468 520/1062/1054 511/1178/1167
f 520/1062/1054 518/468/468 519/406/406
f 938/220/219 915/1036/1030 917/1038/1032
f 1693/951/947 1699/1212/1201 1691/1213/1202
f 521/1214/1203 523/1215/1204 522/1216/1205
f 1745/1217/1206 1821/738/735 1825/490/490
f 3323/1218/1207 3324/1219/1208 3325/1220/1209
f 831/723/720 827/1221/1210 830/1222/1211
f 2035/1121/1111 3328/480/480 3329/1223/1212
f 2240/1224/1213 3184/211/210 2241/1225/1214
f 528/1079/1071 527/965/961 530/964/960
f 389/877/874 394/1226/1215 391/112/111
f 3123/1227/1216 971/1228/1217 3124/1229/1218
f 887/1230/1219 3161/1231/1220 3162/1232/1221
f 2737/1233/1222 2725/641/640 2736/215/214
f 3381/1234/1223 3386/1235/1224 3383/1236/1225
f 1065/1237/143 1064/1238/1226 1067/1239/1227
f 535/1240/1228 534/1241/1229 532/966/962
f 30/1242/1230 1246/1243/1231 1244/792/789
f 536/1244/1232 534/1241/1229 539/1245/1233
f 1063/1246/1234 1087/529/528 1085/1247/1235
f 1910/1248/1236 1908/1249/1237 1907/1250/1238
f 495/420/420 499/574/573 500/1166/1155
f 3128/1251/1239 3126/1252/1240 3127/1253/1241
f 394/1226/1215 390/110/109 391/112/111
f 3224/1254/1242 3223/1255/1243 3222/1256/1244
f 1774/1257/1245 1737/1258/1246 1771/1259/1247
f 545/1260/1248 543/1261/1249 636/367/367
f 682/1262/1250 684/927/924 679/1263/1251
f 1890/1264/1252 1891/942/939 1889/720/717
f 247/1047/1040 248/1265/1253 238/779/776
f 536/1244/1232 549/754/751 551/756/753
f 2100/819/816 2098/1266/1254 2097/1267/1255
f 867/551/550 862/1098/1090 860/1100/1092
f 2846/1268/1256 2843/1269/1257 2844/1270/1258
f 1272/1271/1259 33/1272/1260 34/1273/1261 1270/1274/1262
f 1161/1275/1263 1160/1276/1264 1153/1277/1265
f 549/754/751 550/1026/1020 554/1025/1019
f 2763/146/145 2751/1278/1266 2762/1279/1267
f 3066/1280/1268 3065/1281/1269 3068/1282/1270
f 1932/1283/1271 1925/1284/1272 1928/1285/1273
f 553/976/972 556/975/971 557/376/376
f 558/1286/1274 557/376/376 556/975/971
f 257/1287/1275 251/1288/1276 259/1289/1277
f 2799/1290/1278 2800/832/829 2801/1291/1279
f 561/1292/1280 559/1293/1281 558/1286/1274
f 1791/1294/1282 2005/1295/1283 1788/1296/1284
f 1053/787/784 1045/1297/1285 1046/785/782
f 3285/1193/1182 3295/1298/1286 3286/1191/1180
f 817/1299/1287 758/1300/1288 760/1301/1289
f 1170/1302/1290 1165/1303/1291 16/1304/1292
f 2626/1305/1293 2622/176/175 2633/1306/1294
f 2773/1307/1295 2779/1308/1296 2777/1309/1297
f 2177/1310/1298 2171/946/942 2180/1311/1299
f 568/352/352 548/1312/1300 569/353/353
f 3397/1313/1301 3400/1314/1302 3399/1315/1303
f 3400/1314/1304 3401/1316/1305 3399/1315/1306
f 572/1000/995 570/354/354 569/353/353
f 569/353/353 573/1001/996 572/1000/995
f 570/354/354 574/1317/1307 571/822/819
f 246/906/903 356/799/796 244/395/395
f 3287/1318/1308 3290/1319/1309 3284/1320/1310
f 3327/1321/1311 3292/1322/1312 3326/1323/1313
f 1761/1324/1314 1760/1325/1315 1764/545/544
f 2850/1326/1316 2839/1327/1317 2838/1328/1318
f 1979/1329/1319 1983/1330/1320 1980/1331/1321
f 581/1332/1322 580/1333/1323 578/1334/1324
f 322/659/658 312/616/615 316/1335/1325
f 583/1336/1326 584/1337/1327 582/1338/1328
f 69/48/48 68/47/47 2563/1339/1329
f 878/1340/1330 851/1341/875 849/1342/1331
f 1848/909/906 1842/1343/1332 1878/1344/1333
f 2251/1345/1334 2247/1346/1335 2254/1347/1336
f 3196/1348/1337 2154/1349/1338 3194/1350/1339
f 1850/910/907 1874/543/542 1855/542/541
f 1696/1351/1340 1632/1352/1341 1636/1353/1342
f 589/1354/1343 1845/1355/1344 587/1356/1345
f 1849/1357/1346 1847/1358/1347 1846/1359/1348
f 968/1119/1109 959/1360/1349 966/1361/1350
f 3370/1362/1351 3375/1363/1352 3372/1364/1353
f 1903/1365/1354 525/1081/1073 1901/1080/1072
f 2097/1267/1255 2095/1366/1355 2065/1367/1356
f 1847/1358/1347 587/1356/1345 1845/1355/1344
f 450/1368/941 447/1369/1068 1844/1370/1357
f 3175/1371/1358 2223/1372/1359 2219/1373/1360
f 1915/1374/1361 1916/1375/1362 1918/1376/1363
f 1150/1377/1364 1152/1378/1365 1156/1379/1366
f 203/320/320 595/1380/1367 205/1381/1368
f 1846/1359/1348 1840/1382/1369 1843/1383/1370
f 1849/1357/1346 1843/1383/1370 1848/909/906
f 2662/237/236 2644/1384/1371 2640/1385/1372
f 2125/1386/1373 2091/1387/1374 2164/1388/1375
f 598/1389/1376 211/1390/1377 209/1391/1378
f 1842/1343/1332 1843/1383/1370 1840/1382/1369
f 697/825/822 693/323/323 689/775/772
f 600/1392/1379 211/1390/1377 598/1389/1376
f 601/1393/1380 252/1394/1381 211/1390/1377
f 603/1395/1382 253/1396/410 601/1393/1380
f 3169/1397/1383 3167/629/628 3170/207/206
f 2223/1398/1359 2220/1399/1384 2219/1400/1360
f 3251/1401/1385 3249/1402/1386 3212/1403/1387
f 3261/1404/1388 792/1405/1389 791/1406/1390
f 493/419/419 494/408/408 419/450/450
f 605/1407/1391 603/1395/1382 602/1408/1392
f 2087/1409/1393 1755/683/681 2271/682/680
f 433/1410/1394 431/307/307 1809/1411/1395
f 1924/1412/1396 1915/1374/1361 1918/1376/1363
f 2246/523/522 2247/1346/1335 2251/1345/1334
f 1849/1357/1346 1848/909/906 1851/908/905
f 1809/1411/1395 1808/1413/1397 1810/617/616
f 3076/1414/1398 3111/1154/1143 3112/1156/1145
f 3090/1415/1399 3097/1416/1400 3089/1417/1401
f 303/592/591 345/890/887 346/504/503
f 2477/581/580 2473/1418/1402 2474/579/578
f 614/1419/1403 617/1420/1404 611/1421/1405
f 675/1422/1406 674/1423/1407 678/827/824
f 1798/298/298 616/888/885 621/1424/1408
f 619/1425/1409 615/886/883 617/1420/1404
f 3164/1426/1410 3202/559/558 3201/984/980
f 2960/1427/1411 2965/1428/1412 2961/1429/1413
f 3428/232/1414 3413/1430/1415 3421/1431/1416
f 758/1300/1288 741/25/25 746/27/27
f 638/1432/1417 545/1433/1248 636/367/367
f 226/1434/358 3362/1435/1418 462/1436/1055
f 623/1437/1419 627/702/700 625/1438/1420
f 906/536/535 902/714/711 903/716/713
f 2934/1439/1421 2928/1440/1422 2929/1441/1423
f 2822/1442/1424 2821/1443/1425 2825/1444/1426
f 2911/1445/1427 2915/1446/1428 2912/1447/1429
f 1791/1448/1282 1999/1449/1430 2001/1450/1431
f 1975/1451/1432 1977/1452/1433 1978/1453/1199
f 3346/522/521 491/1454/1434 3351/1455/1435
f 209/1391/1378 595/1380/1367 598/1389/1376
f 1998/1456/1436 1972/1457/1437 3330/1458/1438
f 627/702/700 634/1459/1439 632/1460/1440
f 1021/179/178 1011/1461/1441 1019/1462/1442
f 1370/1463/1443 48/1464/1444 1368/1465/1445
f 2991/1466/1446 2992/447/447 2989/195/194
f 2909/507/506 2912/1447/1429 2913/1467/1447
f 1145/1468/1448 1149/1469/1449 1147/1470/1450
f 1789/707/704 1783/706/703 1785/656/655
f 636/367/367 543/1471/1249 635/1472/1451
f 816/1473/1452 772/460/460 812/459/459
f 637/368/368 636/367/367 635/1472/1451
f 1776/1474/1453 1778/722/719 1777/721/718
f 1779/484/484 1780/1169/1158 1776/1474/1453
f 589/1354/1343 198/259/259 450/944/941
f 619/1425/1409 639/701/699 622/703/701
f 1803/897/894 1799/657/656 1802/1475/1454
f 2883/1476/1455 2878/1477/1456 2881/1478/1457
f 605/1407/1391 600/1392/1379 604/1479/1458
f 617/1420/1404 642/782/779 640/781/778
f 643/1480/1459 638/1432/1417 641/366/366
f 2118/1481/1460 2096/764/761 2119/1482/1461
f 164/1483/1462 158/1484/1463 166/1485/1464
f 926/1486/1465 3158/1487/1466 3159/1488/1467
f 641/366/366 647/970/966 643/1480/1459
f 721/1489/1468 712/1490/1469 718/1491/1470
f 3366/1106/1098 3/501/2 3367/503/502
f 171/1492/1471 170/1493/1472 168/1494/1473
f 2106/1495/1474 2103/673/672 2109/1496/1475
f 3332/1497/1476 2054/1498/1477 3334/1499/1478
f 563/1500/1479 555/755/752 554/1025/1019
f 159/1501/1480 156/8/8 166/1485/1464
f 461/1065/1057 222/1502/350 225/1503/1481
f 594/1504/1482 590/1505/1483 596/1506/1484
f 2004/1507/1485 1990/1508/1486 2006/1509/1487
f 993/1510/1488 990/1511/1489 988/1512/1490
f 1219/422/422 1227/1513/1491 29/1514/1492
f 509/1515/1493 4/752/749 505/1173/1162
f 2097/1267/1255 2098/1266/1254 2095/1366/1355
f 1589/1516/1494 1588/1517/1495 1583/1518/1496 1585/1519/1497
f 1764/545/544 1757/1520/1498 1761/1324/1314
f 2027/1521/1499 2030/482/482 2031/481/481
f 624/1522/1500 625/1438/1420 626/1523/1501
f 3081/1155/1144 3080/1524/1502 3112/1156/1145
f 1755/1525/681 1753/1526/1503 1757/1520/1498
f 2268/1527/1504 2256/1528/1505 2267/313/313
f 1959/1529/1506 1957/600/599 1960/1530/1507
f 2615/253/252 2616/1531/1508 2619/83/82
f 2045/1532/1509 2047/1533/1510 2044/1534/1511
f 2258/1179/1168 2251/1345/1334 2259/1535/1512
f 3190/1536/1513 3185/1537/1514 3186/983/979
f 3328/480/480 1995/640/639 1998/1456/1436
f 674/1423/1407 669/1538/1515 666/1539/1516
f 2182/289/289 2085/498/498 2168/1540/1517
f 675/1422/1406 672/1541/1518 671/1542/1519
f 304/889/886 343/737/734 344/1543/1520
f 1098/577/576 1096/1544/1521 1097/578/577
f 299/1545/1522 297/907/904 300/925/922
f 738/224/223 737/1546/1523 740/1547/1524
f 1752/1548/1525 1748/489/489 3256/491/491
f 205/1549/1368 210/1048/1041 208/1550/1526
f 277/505/504 281/527/526 284/534/533
f 1729/1551/1527 1733/1552/1528 1746/1553/1529
f 676/709/706 682/1262/1250 679/1263/1251
f 681/1554/1530 678/827/824 683/826/823
f 283/532/531 277/505/504 284/534/533
f 1001/1555/1531 3134/1556/1532 1000/1557/1533
f 661/1558/1534 685/928/925 684/927/924
f 684/927/924 656/1559/1535 661/1558/1534
f 1733/1552/1528 1723/1029/1023 1731/1560/1536
f 686/1561/1537 652/1562/1538 656/1559/1535
f 1877/1563/1539 1876/1564/1540 1875/541/540
f 2267/313/313 2256/1528/1505 2258/1179/1168
f 686/1561/1537 682/1262/1250 687/774/771
f 939/1565/1541 924/1566/1542 937/1567/1543
f 1878/1344/1333 1877/1563/1539 1874/543/542
f 2903/1568/1544 2902/846/843 2907/508/507
f 2456/1569/1545 3447/1570/1546 2454/1571/1547
f 1181/1572/1548 1175/1573/1549 1174/1574/1550
f 1916/1575/1362 3340/1059/1051 1926/1576/1551
f 1739/717/714 1883/719/716 1884/1044/1038
f 486/564/563 499/574/573 497/1577/1552
f 1904/1578/1553 1903/1365/1354 1902/1579/1554
f 3367/503/502 3368/1580/1555 3370/1362/1351
f 1003/1581/1556 993/1510/1488 1004/1582/1557
f 1813/473/473 1829/1583/1558 1831/1584/1559
f 751/1585/1560 747/1586/1561 748/1587/1562
f 2158/1588/1563 2156/1589/1564 2155/936/933
f 386/876/873 357/1164/1153 385/868/865
f 314/618/617 333/687/685 326/660/659
f 697/825/822 699/1590/1565 696/1591/1566
f 690/776/773 686/1561/1537 687/774/771
f 878/1340/1330 881/1592/1567 880/814/811
f 377/972/968 369/700/698 372/1593/1568
f 2126/364/364 2162/796/793 2161/1594/1569
f 701/540/539 699/1590/1565 702/1595/1570
f 3276/1596/1571 3277/1597/1572 3273/1598/1573
f 394/1226/1215 393/859/856 392/1599/1574
f 1267/1600/1575 1262/1601/1576 1266/1602/1577
f 368/824/821 359/798/795 364/830/827
f 650/1603/1578 647/970/966 705/1604/1579
f 3311/1605/1580 3316/1606/1581 3318/1607/1582
f 2256/1528/1505 2253/1608/1583 2258/1179/1168
f 2048/1609/1584 2056/1610/1585 2050/1611/1586
f 3368/1580/1555 3369/1612/1587 3373/1613/1588
f 614/1419/1403 711/1614/1589 713/1615/1590
f 1237/1616/1591 1233/1617/1592 1235/1618/1593
f 79/61/61 78/60/60 2615/253/252
f 3441/1619/1594 3433/1620/1595 3442/1621/1596
f 388/111/110 387/875/872 391/112/111
f 1054/684/682 954/686/684 970/1118/1108
f 1816/1060/1052 1818/1622/1597 1814/462/462
f 695/1623/1598 692/324/324 721/1489/1468
f 788/1624/1599 3262/1625/1600 789/1626/1601
f 773/1627/1602 765/1628/1603 767/182/181
f 2855/1629/1604 2854/1630/1605 2859/1631/1606
f 1525/1632/1607 1518/1633/1608 1521/1634/1609
f 544/1162/1151 540/1635/1610 543/1261/1249
f 30/1242/1230 1244/792/789 1238/1636/1611
f 715/1637/1612 605/1407/1391 604/1479/1458
f 2874/1638/1613 2875/203/202 2873/1639/1614
f 2677/251/250 2676/773/770 2678/1640/1615
f 1741/1043/1037 1734/1641/1616 1884/1044/1038
f 1297/1642/1617 1298/1643/1618 1294/1644/1619
f 2049/1645/1620 3331/1646/1621 2047/1647/1510
f 2047/1647/1510 2043/1648/1622 2044/1649/1511
f 672/1541/1518 673/708/705 670/1650/1623
f 692/324/324 694/539/538 721/1489/1468
f 1140/476/476 1133/1651/1624 1134/1652/1625
f 1756/1653/1626 1760/1325/1315 1759/1654/1627
f 2158/1588/1563 2249/797/794 2250/1655/1628
f 599/1656/1629 723/1657/1630 719/1658/1631
f 1159/1659/1632 1156/1379/1366 1158/1660/1633
f 3423/1661/1634 3438/1662/1635 3437/1663/1636
f 1177/1088/1080 1173/1664/1637 1175/1573/1549
f 3100/1665/1638 3104/302/302 3099/963/959
f 340/1666/1639 319/904/901 321/1667/1640
f 724/1139/1128 722/1138/1127 725/1668/1641
f 1876/1564/1540 1871/1669/1642 1870/637/636
f 2244/1670/1643 2230/1671/1644 2233/1672/1645
f 728/1673/1646 729/1674/1647 727/1675/1648
f 1268/1676/1649 1270/1274/1262 1269/1677/1650
f 423/434/434 428/1678/1651 437/1679/1652
f 2992/447/447 2988/196/195 2989/195/194
f 1265/1680/1653 1253/1681/1654 1259/1682/1655
f 2229/1683/1656 2231/1684/1657 2232/1685/1658
f 489/442/442 443/1686/1659 488/418/418
f 732/1687/1660 733/1688/272 737/1546/1523
f 732/1687/1660 737/1546/1523 734/1689/1661
f 1915/1374/1361 1913/1690/1662 1909/1691/1663
f 742/26/26 743/1692/274 745/1693/1664
f 462/1063/1055 225/1503/1481 226/1694/358
f 1772/739/736 1773/1695/1665 1770/1696/1666
f 663/1697/1667 666/1539/1516 669/1538/1515
f 1360/1698/1668 1357/1104/1096 1359/1699/1669
f 1034/1700/1670 1032/180/179 1033/1701/1671
f 702/1595/1570 706/1012/1007 704/1151/1140
f 1089/1702/1672 1093/278/278 1095/280/280 1086/530/529
f 1771/1259/1247 1770/1696/1666 1773/1695/1665
f 584/1337/1327 585/1703/1673 586/1704/1674
f 1252/1705/1675 1254/1113/1104 1258/1112/1103
f 754/1706/1676 747/1586/1561 750/1707/1677
f 995/1708/1678 994/1709/1679 997/1710/1680
f 133/1711/1681 132/736/733 131/1712/1682
f 808/1713/1683 843/1714/1684 842/1715/1685
f 761/1716/1686 757/1717/1687 756/1718/1688
f 1962/1719/1689 1967/1720/1690 1964/1721/1691
f 1960/1530/1507 1958/1722/1692 2057/1723/1693
f 764/183/182 756/1718/1688 762/740/737
f 136/1724/1694 137/139/138 135/1725/1695
f 1231/1726/1696 1233/1617/1592 1237/1616/1591
f 2799/1290/1278 521/1727/1203 522/1728/1205
f 2235/1729/1697 2237/1730/1698 2238/1731/1699
f 587/1356/1345 593/1732/1700 589/1354/1343
f 382/858/855 384/1733/1701 390/110/109
f 1995/640/639 2017/1734/1702 1993/638/637
f 1510/1735/1703 1507/1736/1704 1508/1737/1705
f 899/1738/1706 882/812/809 885/1739/1707
f 2885/1740/1708 2883/1476/1455 2884/1741/1709
f 2936/57/57 2943/1742/1710 2942/1743/1711
f 774/458/458 772/460/460 769/1744/1712
f 1005/1745/1713 984/1746/1714 986/1747/1715
f 784/1748/1716 785/1749/1717 774/458/458
f 3064/1750/1718 3075/1751/1719 3067/1752/1720
f 2790/1753/1721 776/383/383 777/1754/1722
f 2848/1755/1723 2831/1756/1724 2837/1757/1725
f 3063/1758/1726 3061/1759/1727 3065/1281/1269
f 1124/32/32 1122/1760/1728 1123/1761/1729
f 2025/1211/1200 2029/583/582 2028/1209/1198
f 1108/1762/1730 1110/1763/1731 1114/778/775
f 780/895/892 2787/1764/1732 781/634/633
f 749/1765/1733 756/1718/1688 757/1717/1687
f 911/1766/1734 3151/1767/1735 3149/1768/1736
f 2787/1764/1732 755/635/634 781/634/633
f 673/1769/705 866/550/549 868/1770/1737
f 3375/1363/1352 3376/329/329 3379/1771/1738
f 1613/1772/1739 1653/1773/1740 1649/1774/1741 1617/1775/1742
f 3129/5/5 3128/1251/1239 3127/1253/1241
f 1963/1122/1112 2034/1776/1743 2033/1123/1113
f 1523/1777/1744 1525/1632/1607 1546/1778/1745 1549/1779/1746
f 267/1780/1747 275/514/513 276/513/512
f 1914/1781/1748 1917/390/390 1911/389/389
f 708/1014/1009 705/1604/1579 707/1782/1749
f 1986/1783/1750 1987/1784/1751 1989/1785/1752
f 786/1786/1753 785/1749/1717 784/1748/1716
f 3261/1404/1388 798/1787/606 796/1788/605
f 730/1789/1754 732/1687/1660 728/1673/1646
f 2609/1101/1093 2608/1790/1755 2596/1791/1756
f 3251/1401/1385 3210/1200/1189 3213/586/585
f 2016/1792/1757 1896/1793/1758 1894/1794/1759
f 793/170/169 726/169/168 790/1795/1760
f 2040/1796/1761 2039/1797/1762 2042/1798/1763
f 2036/1799/1764 2037/1800/1765 2038/1801/1766
f 1008/1802/1767 1005/1745/1713 1007/1803/1768
f 2812/1804/1769 2807/1805/1770 2815/1806/1771
f 27/1807/1772 1223/1808/1773 1217/228/227
f 1886/1809/1774 1740/1810/1775 1887/1811/1776
f 1782/1168/1157 1802/1475/1454 1799/657/656
f 795/605/604 800/1094/1086 799/339/339
f 2904/1812/1777 2906/1813/1778 2923/1814/1779
f 3262/1625/1600 3258/1127/1116 3260/1815/1780
f 804/1816/1781 793/170/169 797/340/340
f 2038/1801/1766 2042/1798/1763 1906/1817/1782
f 799/339/339 800/1094/1086 805/1818/1783
f 356/799/796 362/805/802 358/804/801 244/395/395
f 752/1819/632 754/1706/1676 750/1707/1677
f 3049/1820/1784 3047/1821/1785 3048/1822/1786
f 3114/1823/1787 3112/1156/1145 3113/1824/1788
f 2253/1608/1583 2246/523/522 2251/1345/1334
f 785/1749/1717 786/1786/1753 809/1825/1789
f 876/535/534 873/549/548 879/1152/1141
f 614/1419/1403 644/971/967 642/782/779
f 96/86/85 2666/1826/1790 2667/1827/1791
f 2129/365/365 2133/937/934 2131/861/858
f 813/1142/1131 811/1143/1132 810/1828/1792
f 3088/1829/1793 3087/676/675 3089/1417/1401
f 3006/1830/1794 3002/1831/1795 3003/1832/1796
f 404/758/755 402/884/881 403/759/756
f 812/459/459 815/283/283 816/1473/1452
f 2621/1833/1797 2624/1194/1183 2623/1196/1185
f 522/1728/1205 1992/1834/1798 2798/1835/1799
f 818/282/282 816/1473/1452 815/283/283
f 817/1299/1287 819/1836/1800 744/1837/1801
f 820/1838/1802 816/1473/1452 818/282/282
f 819/1836/1800 817/1299/1287 820/1838/1802
f 735/226/225 731/1839/1803 729/1674/1647
f 733/272/272 730/1789/1754 784/1748/1716
f 1923/1840/1804 1927/1841/1805 1922/1842/1806
f 400/885/882 396/891/888 394/1226/1215
f 822/1843/1807 744/1837/1801 819/1836/1800
f 2228/1844/1808 2225/1845/1809 2226/1846/209
f 451/573/572 446/1075/1067 449/571/570
f 375/1847/397 367/1848/1810 371/834/831
f 1013/1849/1811 1024/1850/1812 1019/1462/1442
f 335/691/689 405/137/136 349/1851/1813
f 1934/1852/1814 1938/1853/1815 1937/1854/1816
f 2792/1855/1817 777/1754/1722 779/1856/1818
f 726/1857/168 728/1673/1646 727/1675/1648
f 256/1049/990 610/1051/1043 430/1858/988
f 1424/1859/1819 1425/1860/1820 1420/1861/1821
f 580/1333/1323 559/1293/1281 561/1292/1280
f 3068/1282/1270 3069/1862/1822 3066/1280/1268
f 606/1050/1042 255/438/438 607/409/409
f 452/1863/1823 471/1146/1135 445/1008/1003
f 244/395/395 240/391/391 237/392/392
f 830/1222/1211 833/1125/1115 831/723/720
f 1927/1841/1805 1955/1864/1824 1964/1721/1691
f 691/325/325 688/1865/1825 690/776/773
f 839/1124/1114 830/1222/1211 821/281/281
f 1351/913/910 1339/165/164 1353/1866/1826
f 595/1380/1367 600/1392/1379 598/1389/1376
f 968/1119/1109 953/1867/1827 952/1868/1828
f 2058/1869/1829 2057/1723/1693 1958/1722/1692
f 3271/1870/1830 3274/1871/1831 3270/1872/1832
f 1948/1873/1833 1950/1874/1834 1952/1875/1835
f 1303/1876/1836 41/1877/1837 1301/1878/1838
f 1950/1874/1834 2058/1869/1829 1952/1875/1835
f 845/1879/1839 844/1880/1840 808/1713/1683
f 846/533/532 843/1714/1684 844/1880/1840
f 2063/1881/1841 2064/1882/1842 2061/1883/1843
f 3211/1884/1844 61/39/39 62/38/38
f 807/1095/1087 847/1885/1845 845/1879/1839
f 2589/399/399 2590/1886/1846 2593/1887/1847
f 2056/1610/1585 2061/1883/1843 2059/1888/1848
f 939/1889/1541 3142/1890/1849 940/1891/160
f 3305/1892/1850 3308/1893/1851 3306/1894/1852
f 2226/210/209 3180/1895/1853 3183/1896/1854
f 3140/919/916 1008/1897/1767 1009/1898/1855
f 2895/1899/1856 2890/1900/1857 2894/612/611
f 3314/1901/1858 3282/1902/1859 3275/1903/1860
f 2148/1904/1861 2146/1905/1862 2145/1906/1863
f 2078/1009/1004 2071/1907/1864 2074/1908/1865
f 2628/1909/1866 2631/84/83 2619/83/82
f 861/1910/1867 662/1911/1868 859/1912/1196
f 459/1913/1869 219/1914/351 222/1502/350
f 339/404/404 138/140/139 341/1915/1870
f 2610/262/262 2589/399/399 2593/1887/1847
f 2079/622/621 1721/1916/623 1722/1028/1022
f 3208/1201/1190 122/108/107 3207/1917/1871
f 515/1199/1188 413/932/929 414/644/643
f 1785/656/655 1782/1168/1157 1799/657/656
f 864/1024/1018 677/1918/707 680/1022/923
f 3005/938/935 3002/1831/1795 3006/1830/1794
f 2081/1011/1006 1727/840/837 2082/1919/1872
f 2775/1920/1873 2795/1921/1874 2798/1835/1799
f 867/551/550 866/550/549 865/1922/1875
f 3001/1923/1876 3018/1924/1877 3019/284/284
f 2933/1925/1878 2928/1440/1422 2934/1439/1421
f 3032/1926/1879 3039/1927/1880 3038/1928/1881
f 1001/1929/1531 998/1930/1882 1003/1581/1556
f 1921/1931/1883 1914/1781/1748 1922/1842/1806
f 1306/1932/1884 1303/1876/1836 1301/1878/1838
f 1374/1933/1885 1359/1699/1669 1375/1934/1886
f 898/1935/1887 3154/1936/1888 3155/1937/1889
f 3192/1938/1890 2254/1939/1336 3189/1940/1891
f 854/1941/1892 877/813/810 875/1942/1893
f 920/1943/1894 925/1944/1895 927/1945/1896
f 990/1511/1489 987/1946/1897 988/1512/1490
f 1878/1344/1333 1850/910/907 1848/909/906
f 851/1341/875 854/1941/1892 852/1947/1898
f 691/325/325 692/324/324 688/1865/1825
f 1428/1948/1899 58/1949/1900 57/1950/1901
f 47/1203/1192 1344/1951/1902 1341/829/826
f 3004/1952/1903 3007/1953/1904 3003/1832/1796
f 2948/1954/1905 2944/452/452 2943/1742/1710
f 1734/1641/1616 1736/1955/1906 1731/1560/1536
f 58/1949/1900 1429/1956/1907 1430/1957/1908
f 889/1958/1909 891/1959/691 892/1960/1910
f 2109/1496/1475 2103/673/672 2105/675/674
f 2940/1961/1911 2938/1962/1912 2939/1963/1913
f 923/1964/1914 926/1965/1465 925/1944/1895
f 967/1966/1915 972/1967/1916 969/1968/1917
f 3276/1596/1571 3273/1598/1573 3279/1969/1918
f 2126/364/364 2124/363/363 2093/1970/1919
f 315/1092/1084 312/616/615 322/659/658
f 309/1971/1920 335/691/689 347/761/758
f 1927/1841/1805 1966/1972/1921 1921/1931/1883
f 900/715/712 899/1738/1706 898/1973/1887
f 2180/1311/1299 2166/287/287 2182/289/289
f 899/1738/1706 900/715/712 901/1974/1922
f 2837/1975/1725 2835/1976/1923 2836/1977/1924
f 3310/1978/1925 3311/1605/1580 3307/1979/1926
f 147/753/750 507/1175/1164 508/751/748
f 902/714/711 901/1974/1922 900/715/712
f 2246/523/522 2249/797/794 2248/1980/1927
f 903/716/713 900/715/712 904/1981/1928
f 903/716/713 904/1981/1928 905/1982/1929
f 740/1547/1524 739/1983/1930 741/25/25
f 906/536/535 903/716/713 907/537/536
f 2700/104/103 2702/769/766 2701/771/768
f 414/644/643 415/956/952 417/451/451
f 2818/1984/1931 2820/1985/1932 2822/1442/1424
f 2767/1986/1933 2746/1987/1934 2745/1988/1935
f 2205/1989/1936 2246/523/522 2248/1980/1927
f 550/1026/1020 568/352/352 565/823/820
f 1504/1990/1937 1506/1991/1938 1508/1737/1705
f 3458/1992/1939 3462/1993/1940 3460/1994/1941
f 349/1851/1813 405/137/136 402/884/881
f 3293/1995/1942 3289/1996/1943 3292/1322/1312
f 531/1997/1944 1899/1998/1945 528/1079/1071
f 2739/1040/1034 2740/1999/1946 2742/1041/1035
f 3416/2000/1947 3417/2001/1948 3424/341/1949
f 791/2002/1390 788/2003/1599 789/2004/1601
f 794/338/338 796/606/605 795/605/604
f 3156/2005/1950 911/1766/1734 3149/1768/1736
f 929/2006/1951 925/1944/1895 926/1965/1465
f 927/1945/1896 925/1944/1895 928/2007/1952
f 640/781/778 639/701/699 617/1420/1404
f 2144/2008/1953 2148/1904/1861 2145/1906/1863
f 771/2009/1954 768/2010/1955 775/2011/1956
f 1112/2012/1957 1111/2013/1958 1118/31/31
f 3467/2014/1959 3470/257/257 3473/18/1960
f 1555/2015/1961 1519/2016/1962 1552/2017/1963
f 960/2018/1964 958/2019/1965 962/2020/1966
f 2641/704/220 2662/237/236 2640/1385/1372
f 3323/1218/1207 3320/2021/1967 3324/1219/1208
f 1075/2022/1968 1102/2023/1969 1104/2024/1970
f 1090/2025/1971 375/1847/397 1091/429/429
f 1090/2025/1971 243/2026/34 361/2027/805
f 1416/2028/1972 1401/2029/1973 1417/2030/1974
f 3235/2031/1975 3236/1056/1048 3231/1055/1047
f 252/2032/1381 263/588/587 262/1035/1029
f 945/2033/1976 909/1186/1175 912/1187/1176
f 1942/2034/1977 1944/2035/1978 1946/2036/1979
f 2172/978/974 2163/2037/1980 2170/947/943
f 668/685/683 672/1541/1518 670/2038/1623
f 418/954/950 491/1454/1434 3344/521/520
f 1381/2039/1981 1382/2040/1982 1378/2041/1983
f 1978/1210/1199 2023/1147/1136 2025/1211/1200
f 3338/1057/1049 3333/2042/1984 3336/415/415
f 1839/2043/1985 1838/2044/1986 1841/2045/1987
f 2083/2046/1988 2082/1919/1872 2090/763/760
f 40/114/113 1303/1876/1836 1304/2047/1989
f 295/595/594 304/889/886 301/591/590
f 1792/2048/1990 1791/1448/1282 1790/2049/1991
f 2175/275/275 2169/2050/1992 2172/978/974
f 732/1687/1660 729/1674/1647 728/1673/1646
f 677/710/707 679/1263/1251 680/926/923
f 1968/2051/1993 1966/1972/1921 1969/2052/1994
f 3121/2053/1995 850/2054/1996 3122/2055/1997
f 414/644/643 409/138/137 411/645/644
f 94/88/87 95/2056/1998 97/2057/1999 2671/2058/2000
f 1001/1929/1531 1000/2059/1533 998/1930/1882
f 2705/2060/2001 2694/2061/2002 2715/2062/2003
f 1765/2063/2004 1725/2064/2005 1763/2065/2006
f 966/1361/1350 963/2066/2007 969/1968/1917
f 2168/1540/1517 2085/498/498 2087/1409/1393
f 2243/2067/523 3180/1895/1853 3179/2068/2008
f 973/2069/2009 3124/1229/1218 971/1228/1217
f 1981/2070/2010 1977/1452/1433 1980/1331/1321
f 3283/2071/2011 3284/1320/1310 3281/2072/2012
f 3307/1979/1926 3304/734/731 3310/1978/1925
f 1448/2073/2013 1449/2074/2014 1451/2075/2015
f 980/296/296 977/1078/1070 967/1966/1915
f 2484/2076/2016 2485/2077/2017 2482/2078/2018
f 3164/1426/1410 2066/2079/2019 2067/2080/2020
f 1420/1861/1821 1425/1860/1820 1421/2081/2021
f 207/1045/1039 216/269/269 218/271/271
f 980/296/296 979/2082/2022 984/1746/1714
f 236/35/35 235/780/777 237/392/392
f 2974/2083/2023 2981/2084/2024 2976/2085/2025
f 645/2086/2026 647/970/966 650/1603/1578
f 2645/2087/2027 2665/2088/2028 2664/2089/2029
f 1183/851/848 1172/2090/2030 1184/2091/2031
f 847/1885/1845 795/605/604 801/2092/2032
f 119/105/104 182/2093/2033 184/2094/2034
f 186/2095/2035 183/2096/2036 194/2097/2037
f 2980/662/661 2990/2098/2038 2984/2099/2039
f 2862/204/203 2863/2100/2040 2860/2101/2041
f 2208/2102/2042 2210/304/304 2204/2103/2043
f 2825/1444/1426 2828/2104/2044 2824/2105/2045
f 996/2106/2046 989/2107/2047 990/1511/1489
f 3408/2108/2048 3423/1661/2049 3407/2109/2050
f 994/1709/1679 996/2106/2046 997/1710/1680
f 1973/2110/2051 1970/2111/2052 1977/1452/1433
f 666/1539/1516 698/2112/2053 674/1423/1407
f 998/1930/1882 1000/2059/1533 999/2113/2054
f 3109/570/569 3116/2114/2055 3115/2115/2056
f 877/813/810 854/1941/1892 880/814/811
f 2571/2116/77 70/2117/2057 2569/2118/2058
f 1210/2119/2059 1212/2120/2060 1216/423/423
f 2295/2121/2061 2286/2122/2062 2290/665/664
f 231/374/374 233/379/379 234/2123/381
f 712/1490/1469 711/1614/1589 716/2124/2063
f 2851/2125/2064 2833/2126/2065 2834/2127/2066
f 1010/2128/2067 986/1747/1715 965/2129/2068
f 3211/1884/1844 3216/2130/2069 3214/2131/2070
f 2038/1801/1766 2041/2132/2071 2042/1798/1763
f 442/2133/2072 440/2134/2073 436/2135/2074
f 509/1515/1493 505/1173/1162 506/1188/1177
f 135/1725/1695 344/1543/1520 133/1711/1681
f 1015/292/292 1009/2136/1855 1011/1461/1441
f 2231/1684/1657 2229/1683/1656 2234/2137/208
f 524/2138/2075 527/965/961 525/1081/1073
f 2202/2139/2076 2227/2140/2077 2203/2141/2078
f 1876/1564/1540 1883/719/716 1873/718/715
f 3162/1232/1221 3161/1231/1220 896/2142/2079
f 3357/837/834 437/1679/1652 3348/835/832
f 1433/2143/2080 57/1950/1901 1431/2144/2081
f 2863/2100/2040 2867/2145/2082 2864/2146/2083
f 579/864/861 724/1139/1128 725/1668/1641
f 1024/1850/1812 1021/179/178 1019/1462/1442
f 2872/2147/2084 2873/1639/1614 2877/2148/2085
f 378/842/839 379/398/398 374/621/620
f 1247/356/356 1249/2149/2086 1248/2150/2087
f 1087/529/528 1089/1702/1672 1086/530/529
f 2711/2151/2088 2699/770/767 2710/2152/2089
f 1033/1701/1671 1032/180/179 1021/179/178
f 2956/2153/2090 2960/2154/1411 2959/2155/2091
f 6/1182/1171 5/2156/2092 4/752/749
f 1028/293/293 1029/2157/2093 1030/2158/2094
f 2150/2159/2095 3198/2160/2096 2147/2161/2097
f 1201/2162/2098 1196/2163/2099 1202/2164/2100
f 2044/1534/1511 2042/1798/1763 2045/1532/1509
f 1017/2165/2101 1020/2166/993 1022/2167/2102
f 2255/2168/2103 2159/2169/853 2252/2170/2104
f 1186/2171/2105 1181/1572/1548 1185/2172/2106
f 314/618/617 322/659/658 316/1335/1325
f 91/149/148 140/135/134 139/7/7 90/9/9
f 3362/1435/1418 466/2173/1062 462/1436/1055
f 1333/2174/2107 1318/2175/2108 1317/2176/2109
f 3020/286/286 3004/2177/1903 2997/2178/2110
f 2110/2179/2111 2108/2180/2112 2109/1496/1475
f 2149/2181/2113 2153/309/309 2151/2182/2114
f 1866/2183/2115 1870/637/636 1871/1669/1642
f 2154/2184/1338 2151/2182/2114 2153/309/309
f 2072/2185/2116 2271/682/680 2075/2186/2117
f 1790/2049/1991 1788/1296/1284 1786/2187/2118
f 363/807/804 362/805/802 368/824/821
f 1406/400/400 1409/2188/2119 1408/2189/2120
f 959/1360/1349 952/1868/1828 951/2190/2121
f 278/516/515 261/2191/2122 265/1034/1028
f 1052/786/783 1044/348/348 1053/787/784
f 3115/2115/2056 3070/2192/2123 3074/2193/2124
f 430/1858/988 1809/1411/1395 431/2194/307
f 2707/2195/2125 2705/2196/2001 2708/2197/2126 2709/2198/2127
f 2271/682/680 2273/2199/2128 2168/1540/1517
f 2679/2200/2129 2668/2201/2130 2689/2202/2131
f 1528/2203/2132 1494/2204/2133 1490/2205/2134 1527/2206/2135
f 3408/2108/2136 3397/1313/1301 3399/1315/1303
f 2069/2207/2137 2190/747/744 2272/746/743
f 1016/492/492 946/2208/2138 1018/2209/2139
f 1744/2210/2140 1747/2211/2141 1748/489/489
f 3151/1767/1735 939/1889/1541 3149/1768/1736
f 999/2113/2054 997/1710/1680 998/1930/1882
f 2190/747/744 2066/2079/2019 2187/1208/1197
f 3433/1620/2142 3432/2212/2143 3427/2213/2144
f 2011/2214/2145 2007/2215/2146 2008/2216/2147
f 927/1945/1896 931/2217/2148 932/2218/2149
f 1216/423/423 1212/2120/2060 1214/2219/2150
f 2097/1267/1255 2065/1367/1356 2070/2220/2151
f 543/1471/1249 627/702/700 635/1472/1451
f 1070/2221/2152 1065/1237/143 1067/1239/1227
f 655/2222/2153 656/2223/1535 652/2224/1538
f 2484/2076/2016 2480/580/579 2481/68/68
f 462/1436/1055 466/2173/1062 464/2225/1061
f 699/1590/1565 700/233/232 657/2226/2154
f 1073/2227/946 1070/2221/2152 1072/2228/2155
f 3421/2229/2156 3422/2230/2157 3428/2231/2158
f 1079/2232/2159 1069/2233/2160 1081/2234/2161
f 1081/2234/2161 1066/2235/2162 1083/2236/2163
f 1082/2237/2164 1081/2234/2161 1084/528/527
f 1083/2236/2163 1066/2235/2162 1063/1246/1234
f 3345/464/464 3346/522/521 3347/2238/2165
f 1327/2239/2166 1324/2240/2167 1322/2241/2168
f 541/2242/2169 634/1459/1439 540/2243/1610
f 3060/152/151 3061/1759/1727 3057/2244/2170
f 3299/2245/2171 3297/1015/1010 3300/1017/1012
f 3333/2042/1984 2039/2246/1762 2040/2247/1761
f 234/381/381 1088/380/380 1087/529/528
f 1941/2248/2172 1939/2249/2173 1936/2250/2174
f 1948/1873/1833 1936/2250/2174 1937/1854/1816
f 2364/2251/2175 2360/980/976 2362/2252/2176
f 2019/2253/2177 2018/2254/2178 2021/2255/2179
f 3020/286/286 3016/285/285 3015/2256/2180
f 3070/2192/2123 3061/1759/1727 3064/1750/1718
f 2066/2079/2019 2065/2257/1356 2067/2080/2020
f 717/2258/2181 719/1658/1631 722/1138/1127
f 723/1657/1630 722/1138/1127 719/1658/1631
f 1092/428/428 473/2259/593 1094/279/279
f 3170/207/206 3167/629/628 3168/2260/2182
f 2633/1306/1294 2622/176/175 2634/175/174
f 3265/2261/2183 736/2262/2184 826/2263/2185
f 3304/734/731 3305/1892/1850 3299/2245/2171
f 749/1765/1733 747/1586/1561 753/2264/2186
f 1038/2265/2187 1039/349/349 944/162/161
f 2782/2266/2188 2784/2267/2189 2789/384/384
f 2922/2268/2190 2923/1814/1779 2921/2269/2191
f 1297/1642/1617 1294/1644/1619 1296/2270/2192
f 1102/2023/1969 1100/2271/2193 1103/2272/2194
f 2779/1308/1296 2776/2273/2195 2778/2274/2196
f 1138/1129/1118 1135/2275/2197 1137/2276/2198
f 1264/2277/2199 1253/1681/1654 1265/1680/1653
f 3154/1936/1888 3150/2278/2200 3153/2279/2201
f 1057/880/877 850/2054/1996 851/1341/875
f 1811/463/463 1808/1413/1397 1807/2280/2202
f 1305/2281/2203 1304/2047/1989 1306/1932/1884
f 456/345/345 459/1913/1869 457/346/346
f 3154/1936/1888 881/2282/1567 878/1340/1330
f 2948/1954/1905 2932/2283/799 2926/2284/798
f 971/1228/1217 972/1967/1916 973/2069/2009
f 2201/2285/2204 2194/2286/2205 2195/2287/2206
f 825/2288/2207 822/1843/1807 823/2289/2208
f 3054/153/152 3049/1820/1784 3048/1822/1786
f 1117/777/774 1125/2290/2209 12/2291/2210
f 1287/2292/2211 1285/850/847 1288/2293/2212
f 1926/1576/1551 3340/1059/1051 1929/1058/1050
f 1261/2294/2213 1258/1112/1103 1260/2295/2214
f 2006/1509/1487 1988/2296/2215 1991/2297/2216
f 1872/2298/2217 1873/718/715 1886/1809/1774
f 297/907/904 348/760/757 350/2299/2218
f 2692/2300/2219 2695/45/45 2696/2301/2220
f 144/1002/997 145/2302/2221 146/456/456
f 753/2264/2186 2804/2303/2222 2803/2304/2223
f 1647/2305/2224 1648/2306/2225 1645/2307/2226 1644/96/95
f 3409/2308/2227 3410/2309/2228 3416/2310/2229
f 1741/1043/1037 1738/2311/2230 1734/1641/1616
f 2072/2312/2116 2071/1907/1864 2069/2313/2137
f 846/533/532 844/1880/1840 845/1879/1839
f 599/1656/1629 717/2258/2181 604/1479/1458
f 1329/2314/2231 1327/2239/2166 1331/2315/2232
f 2859/1631/1606 2854/1630/1605 2857/2316/2233
f 1125/2290/2209 1126/2317/2234 11/193/192
f 12/2291/2210 1125/2290/2209 11/193/192
f 1819/2318/2235 1824/2319/2236 1820/2320/2237
f 2781/2321/2238 2774/2322/2239 2777/1309/1297
f 3183/1896/1854 2243/2067/523 2242/2323/2240
f 355/869/866 351/2324/2241 354/870/867
f 2474/579/578 2471/2325/2242 2470/2326/2243
f 1333/2174/2107 1330/2327/2244 1332/2328/2245
f 1111/2013/1958 1113/2329/2246 1119/2330/2247
f 1138/1129/1118 1146/2331/2248 15/930/927
f 720/2332/2249 718/1491/1470 722/1138/1127
f 2162/796/793 2125/1386/1373 2163/2037/1980
f 1307/2333/2250 1302/113/112 39/115/114
f 878/1340/1330 3152/2334/2251 3154/1936/1888
f 1981/2070/2010 1982/2335/2252 1904/2336/1553
f 437/1679/1652 438/943/940 3345/464/464
f 1142/477/477 13/929/926 1144/2337/2253
f 101/92/91 2692/2300/2219 2693/2338/2254
f 2593/1887/1847 2613/2339/1472 2612/263/263
f 1188/2340/2255 19/431/431 20/12/12
f 3080/1524/1502 3081/1155/1144 3078/2341/2256
f 3337/2342/2257 3340/1059/1051 3339/2343/2258
f 1610/2344/2259 1655/729/726 1612/2345/2260
f 1966/1972/1921 1967/1720/1690 1969/2052/1994
f 2128/2346/2261 2127/2347/2262 2130/860/857
f 1146/2331/2248 1147/1470/1450 14/931/928
f 15/930/927 1146/2331/2248 14/931/928
f 1049/697/695 1047/2348/2263 1050/695/693
f 2824/2105/2045 2828/2104/2044 2829/2349/2264
f 1335/2350/2265 1320/2351/2266 1328/2352/2267
f 747/1586/1561 743/1692/274 748/1587/1562
f 1609/2353/2268 3382/2354/2269 1608/2355/2270
f 1288/2293/2212 1290/2356/2271 1291/2357/2272
f 1159/1659/1632 1167/690/688 18/2358/2273
f 2848/1755/1723 2849/2359/2274 2853/2360/2275
f 3206/2361/2276 2104/2362/2277 2107/2363/2278
f 2956/2153/2090 2959/2155/2091 2955/2364/2279
f 3412/2365/2280 3405/256/255 3413/2366/2281
f 664/2367/2282 669/1538/1515 667/2368/2283
f 486/564/563 485/1105/1097 499/574/573
f 2931/803/800 2929/1441/1423 2927/2369/2284
f 19/431/431 1186/2171/2105 1184/2091/2031
f 1141/2370/2285 1140/476/476 1134/1652/1625
f 1818/1622/1597 1824/2319/2236 1823/2371/2286
f 1243/2372/2287 1232/2373/2288 1244/792/789
f 395/788/785 376/620/619 380/857/854
f 49/2374/2289 1366/2375/2290 1367/2376/2291
f 3028/2377/2292 3032/2378/1879 3031/2379/2293
f 3039/1927/1880 3043/1137/1126 3040/333/333
f 836/609/608 837/608/607 835/2380/2294
f 633/2381/2295 2778/2274/2196 2776/2273/2195
f 1167/690/688 1168/689/687 17/2382/2296
f 18/2358/2273 1167/690/688 17/2382/2296
f 2875/203/202 2857/2316/2233 2858/2383/2297
f 1172/2384/2030 1180/1087/1079 1178/2385/2298
f 2350/2386/2299 2349/21/21 2393/337/337
f 3136/997/992 3123/1227/1216 3128/1251/1239
f 3147/2387/2300 1046/2388/782 1045/2389/1285
f 1394/2390/2301 1393/2391/2302 1396/2392/2303
f 864/1024/1018 862/1098/1090 865/1922/1875
f 3392/2393/2304 3391/920/2305 3389/922/2306
f 353/800/797 356/799/796 246/906/903
f 585/1703/1673 596/1506/1484 590/1505/1483
f 2193/2394/2307 2176/276/276 2178/2395/2308
f 469/2396/1066 1107/2397/2309 1106/2398/2310
f 1330/2327/2244 1318/2175/2108 1332/2328/2245
f 1145/1468/1448 1143/475/475 1144/2337/2253
f 1336/166/165 1341/829/826 1337/2399/2311
f 3076/1414/1398 3075/1751/1719 3078/2341/2256
f 529/2400/2312 532/966/962 527/965/961
f 885/1739/1707 883/2401/2313 886/2402/2314
f 973/2069/2009 977/1078/1070 974/2403/2315
f 22/11/11 1188/2340/2255 20/12/12
f 1174/1574/1550 1185/2172/2106 1181/1572/1548
f 2997/2404/2110 3004/1952/1903 3002/1831/1795
f 3008/2405/2316 3015/2256/2180 3014/2406/2317
f 1440/2407/2318 1425/2408/1820 1433/2143/2080
f 626/1523/1501 2000/2409/2319 1793/2410/2320
f 2138/1157/1146 2135/1158/1147 2136/310/310
f 588/2411/2321 581/1332/1322 579/864/861
f 1435/2412/2322 1437/2413/2323 1438/2414/2324
f 1983/1330/1320 1979/1329/1319 1976/2415/2325
f 2781/2321/2238 2795/1921/1874 2797/2416/2326
f 2998/2417/2327 3005/938/935 3000/940/937
f 2686/267/267 2680/2418/2328 2673/250/249
f 3068/1282/1270 3070/2192/2123 3073/2419/2329
f 1045/2389/1285 1040/2420/347 3147/2387/2300
f 1071/2421/2330 1070/2221/2152 1067/1239/1227
f 1080/2422/2331 1074/2423/2332 1078/2424/2333
f 1969/2052/1994 1972/1457/1437 1976/2415/2325
f 37/241/240 38/240/239 1282/2425/2334 1283/849/846
f 3080/1524/1502 3052/652/651 3082/2426/2335
f 2481/68/68 2468/2427/2336 2467/69/69
f 1863/2428/2337 1871/1669/1642 1872/2298/2217
f 1435/2412/2322 1427/2429/2338 1426/2430/2339
f 2285/2431/2340 2277/2432/2341 2282/2433/2342
f 1282/2425/2334 38/240/239 1280/2434/2343
f 1399/2435/2344 1404/2436/2345 1400/2437/2346
f 3289/1996/1943 3291/2438/2347 3294/2439/2348
f 53/2440/2349 1386/2441/2350 1383/2442/2351
f 3436/2443/2352 3435/2444/2353 3429/2445/2354
f 1206/319/319 1207/318/318 25/2446/2355
f 26/1097/1089 1206/319/319 25/2446/2355
f 255/2447/438 606/1050/1042 256/1049/990
f 1412/2448/2356 1407/1030/1024 54/1032/1026
f 807/1095/1087 808/1713/1683 805/1818/1783
f 3314/1901/1858 3316/1606/1581 3317/2449/2357
f 1550/2450/2358 1549/1779/1746 1551/2451/2359
f 2245/2452/524 3187/854/851 2247/2453/1335
f 1193/2454/2360 1192/478/478 1199/479/479
f 3189/1940/1891 2247/2453/1335 3187/854/851
f 294/1141/1130 290/552/551 291/561/560
f 2456/1569/1545 2449/2455/2361 3448/2456/2362 2455/2457/2363
f 1511/1021/1016 1560/2458/2364 1491/2459/2365 1488/1018/1013
f 1182/852/849 1175/1573/1549 1176/853/850
f 1737/2460/1246 1739/717/714 1735/2461/900
f 3331/1646/1621 3333/2042/1984 2040/2247/1761
f 2994/448/448 2976/2085/2025 2975/2462/2366
f 1709/2463/2367 1707/2464/2368 1656/2465/2369
f 1170/1302/1290 17/2382/2296 1168/689/687
f 723/1657/1630 596/1506/1484 591/2466/2370
f 2850/1326/1316 2851/2125/2064 2849/2359/2274
f 178/985/981 176/2467/2371 179/2468/2372
f 782/2469/2373 754/1706/1676 755/2470/634
f 307/2471/2374 305/405/405 337/712/709
f 321/1667/1640 319/904/901 318/2472/2375
f 2196/327/327 2195/2287/2206 2194/2286/2205
f 2636/252/251 2622/176/175 2618/2473/2376
f 1227/1513/1491 1228/2474/2377 28/2475/2378
f 29/1514/1492 1227/1513/1491 28/2475/2378
f 1412/2448/2356 54/1032/1026 1410/2476/2379
f 983/989/985 3133/2477/2380 3132/6/6
f 2630/2478/2381 2627/2479/2382 2633/1306/1294
f 2519/2480/2383 2517/2481/2384 2515/2482/2385 2518/55/55
f 3030/2483/2386 3027/2484/2387 3031/2379/2293
f 632/1460/1440 633/2485/2295 631/2486/2388
f 3078/2341/2256 3075/1751/1719 3080/1524/1502
f 1214/2219/2150 1213/2487/2389 1220/2488/2390
f 2054/2489/1477 2052/809/806 2062/811/808
f 193/2490/2391 192/2491/2392 186/2095/2035
f 212/317/317 215/322/322 217/315/315
f 2731/2492/2393 2720/2493/2394 2741/1039/1033
f 840/386/386 839/1124/1114 843/1714/1684
f 285/187/186 271/526/525 287/185/184
f 614/1419/1403 607/409/409 714/411/411
f 1294/1644/1619 1298/1643/1618 1295/2494/2395
f 510/1176/1165 500/1166/1155 507/1175/1164
f 2312/2495/2396 2311/2496/2397 2314/2497/2398
f 1941/2248/2172 1936/2250/2174 1948/1873/1833
f 1285/850/847 1279/2498/2399 1288/2293/2212
f 287/185/184 260/2499/2400 282/186/185
f 92/81/51 88/80/80 155/2500/2401
f 1500/2501/2402 1517/2502/2403 1515/2503/2404 1501/2504/2405
f 513/1190/1179 509/1515/1493 506/1188/1177
f 33/1272/1260 1265/1680/1653 1259/1682/1655
f 2266/2505/2406 2261/1180/1169 2264/2506/2407
f 1752/1548/1525 1749/2507/2408 1748/489/489
f 1248/2150/2087 1249/2149/2086 31/2508/2409
f 32/2509/2410 1248/2150/2087 31/2508/2409
f 1491/2459/2365 1558/2510/2411 1539/2511/2412
f 1733/1552/1528 1744/2210/2140 1746/1553/1529
f 1231/1726/1696 1238/2512/1611 1232/2513/2288
f 3182/2514/2413 3165/2515/2414 3181/2516/2415
f 2392/336/336 2367/2517/2416 2390/2518/2417
f 402/884/881 350/2299/2218 349/1851/1813
f 1261/2294/2213 1269/1677/1650 35/2519/2418
f 3002/1831/1795 3005/938/935 2998/2417/2327
f 2886/2520/2419 2887/2521/2420 2884/1741/1709
f 3418/2522/2421 3412/2365/2422 3419/2523/2423
f 989/2107/2047 996/2106/2046 994/1709/1679
f 2896/2524/2424 2895/1899/1856 2894/612/611
f 3203/2525/2425 2101/2526/2426 3204/2527/2427
f 1343/2528/2428 47/1203/1192 1340/828/825
f 3161/1231/1220 881/2282/1567 3160/2529/2429
f 3403/2530/2430 3391/920/2431 3404/2531/2432
f 2851/2125/2064 2838/1328/1318 2832/2532/2433
f 1327/2239/2166 1321/2533/2434 1330/2327/2244
f 1947/2534/2435 2062/811/808 2064/1882/1842
f 3118/2535/2436 3117/2536/2437 3105/300/300
f 2194/2286/2205 2192/2537/207 2196/327/327
f 3356/499/499 3352/2538/2438 3355/2539/2439
f 1225/2540/2440 27/1807/1772 1230/2541/2441
f 2738/2542/2442 2739/1040/1034 2732/2543/2443
f 1269/1677/1650 1270/1274/1262 34/1273/1261
f 35/2519/2418 1269/1677/1650 34/1273/1261
f 1242/791/788 1235/1618/1593 1236/2544/2444
f 1329/2314/2231 1331/2315/2232 1328/2352/2267
f 944/162/161 1041/2545/2445 1037/2546/2446
f 3424/341/2447 3430/343/2448 3438/1662/1635
f 294/1141/1130 298/590/589 292/567/566
f 1524/2547/2449 1494/2204/2133 1528/2203/2132 1531/2548/2450
f 13/929/926 1142/477/477 1136/2549/496
f 3107/569/568 3101/2550/2451 3098/962/958
f 991/2551/2452 3135/2552/2453 3133/2477/2380
f 1128/2553/2454 1123/1761/1729 1121/2554/2455
f 1283/849/846 1284/848/845 37/241/240
f 1284/848/845 36/239/238 37/241/240
f 444/2555/1002 1838/2044/1986 1839/2043/1985
f 1117/777/774 1127/192/191 1115/2556/2456
f 459/1913/1869 463/1064/1056 460/2557/2457
f 1894/2558/1759 1784/2559/2458 1787/2560/2459
f 2452/2561/2460 2448/2562/2461 2450/2563/1173
f 3058/2564/2462 3054/153/152 3057/2244/2170
f 397/844/841 480/1091/1083 477/1086/1078
f 3095/2565/2463 3090/1415/1399 3092/2566/2464
f 1286/1111/1102 36/239/238 1284/848/845
f 3425/342/2465 3431/2567/2466 3439/2568/2467
f 2930/2569/2468 2928/1440/1422 2946/453/453
f 3312/2570/2469 3304/734/731 3309/1084/1076
f 1942/2034/1977 1938/1853/1815 1940/2571/417
f 1108/1762/1730 1115/2556/2456 1109/2572/2470
f 466/2173/1062 3364/2573/2471 3377/2574/2472
f 335/691/689 350/2299/2218 348/760/757
f 1372/519/518 1360/1698/1668 1374/1933/1885
f 259/1289/1277 262/1035/1029 261/2191/2122
f 2847/2575/2473 2842/2576/2474 2846/1268/1256
f 2968/2577/2475 2970/967/963 2969/969/965
f 2980/2578/661 2984/2579/2039 2983/2580/2476
f 3038/1928/1881 3033/2581/2477 3032/1926/1879
f 1933/2582/2478 1951/649/648 1953/648/647
f 250/2583/2479 210/1048/1041 251/1288/1276
f 3035/334/334 3033/2581/2477 3037/332/332
f 1304/2047/1989 1305/2281/2203 40/114/113
f 1305/2281/2203 39/115/114 40/114/113
f 486/564/563 495/420/420 493/419/419
f 1286/1111/1102 1281/2584/2480 36/239/238
f 111/101/100 2744/2585/2481 2745/1988/1935
f 3134/1556/1532 3133/2477/2380 3135/2552/2453
f 1225/2540/2440 1228/2474/2377 1226/2586/2482
f 588/2411/2321 723/1657/1630 591/2466/2370
f 3214/2131/2070 3225/2587/2483 3255/2588/2484
f 490/440/440 3344/521/520 3342/916/913
f 3007/1953/1904 3010/2589/2485 3006/1830/1794
f 1307/2333/2250 39/115/114 1305/2281/2203
f 1290/2356/2271 1275/2590/2486 1291/2357/2272
f 3205/2591/2487 2111/2592/2488 2113/2593/2489
f 600/1392/1379 602/1408/1392 601/1393/1380
f 1150/1377/1364 1157/2594/2490 1151/2595/2491
f 2924/2596/2492 2923/1814/1779 2906/1813/1778
f 1402/2597/2493 1399/2435/2344 1401/2029/1973
f 186/2095/2035 185/2598/2494 184/2094/2034
f 578/1334/1324 579/864/861 581/1332/1322
f 272/664/663 270/988/984 327/469/469
f 1436/2599/2495 1435/2412/2322 1438/2414/2324
f 3476/2600/2496 3470/257/2497 3467/2014/2498
f 1325/2601/2499 1326/2602/2500 43/14/14
f 1326/2602/2500 42/15/15 43/14/14
f 2958/2603/2501 2955/2364/2279 2959/2155/2091
f 1159/1659/1632 1169/2604/2502 1157/2594/2490
f 1255/2605/2503 1257/2606/2504 1263/2607/2505
f 991/2608/2452 987/1946/1897 989/2107/2047
f 127/2609/2506 2667/2610/1791 2676/773/770
f 2191/2611/2507 2192/2537/207 2194/2286/2205
f 2815/1806/1771 2807/1805/1770 2810/2612/2508
f 1389/2613/2509 1388/2614/2510 1390/2615/2511
f 1328/2352/2267 42/15/15 1326/2602/2500
f 1312/2616/2512 1309/2617/2513 1311/2618/2514
f 1314/2619/2515 1299/2620/2516 1307/2333/2250
f 1970/2111/2052 1969/2052/1994 1976/2415/2325
f 3048/1822/1786 3047/1821/1785 3046/2621/2517 3045/2622/2518
f 2324/2623/2519 2352/587/586 2348/20/20 2321/2624/2520
f 2900/2625/2521 2899/794/791 2882/2626/2522
f 2861/2627/2523 2859/1631/1606 2860/2101/2041
f 1987/1784/1751 2015/2628/2524 1989/1785/1752
f 3143/2629/2525 3138/2630/2526 3139/996/991
f 801/2092/2032 795/605/604 798/607/606
f 2205/1989/1936 2248/1980/1927 2173/2631/2527
f 1306/1932/1884 1300/2632/2528 1309/2617/2513
f 1346/1202/1191 1347/2633/2529 46/2634/2530
f 1347/2633/2529 45/2635/2531 46/2634/2530
f 1658/2636/727 3380/2637/2532 1604/2638/2533 1602/2639/728
f 1516/2640/2534 1519/2016/1962 1513/2641/2535
f 2909/2642/506 2919/2643/2536 2920/2644/2537
f 1180/1087/1079 22/11/11 21/10/10
f 311/625/624 295/595/594 306/611/610
f 2932/802/799 2935/2645/2538 2931/803/800
f 3321/2646/2539 3318/1607/1582 3319/2647/2540
f 2073/2648/2541 2083/2046/1988 2090/763/760
f 323/2649/2542 325/658/657 309/1971/1920
f 634/1459/1439 627/702/700 540/2243/1610
f 1004/2650/1557 3132/6/6 1003/2651/1556
f 2820/1985/1932 2821/1443/1425 2822/1442/1424
f 1353/1866/1826 1338/167/166 1354/2652/2543
f 2910/845/842 2905/847/844 2904/1812/1777
f 1556/2653/2544 1554/2654/2545 1557/2655/2546
f 1502/2656/2547 1462/2657/2548 1501/2504/2405
f 1337/2658/2311 1349/2659/2549 1356/512/511
f 632/1460/1440 625/1438/1420 627/702/700
f 2920/2644/2537 2921/2269/2191 2925/2660/2550
f 3171/426/426 3166/628/627 3179/2068/2008
f 130/177/176 2745/2661/1935 2754/598/597
f 3339/2343/2258 1916/1575/1362 1912/2662/2551
f 603/1395/1382 714/411/411 253/410/410
f 1964/1721/1691 1955/1864/1824 1962/1719/1689
f 3120/2663/2552 3118/2535/2436 3119/2664/2553
f 1840/1382/1369 1834/373/373 1842/1343/1332
f 1246/1243/1231 1249/2149/2086 1247/356/356
f 1431/2144/2081 1430/1957/1908 1432/2665/2554
f 1367/2376/2291 1368/1465/1445 49/2374/2289
f 1368/1465/1445 48/1464/1444 49/2374/2289
f 2917/2666/2555 2915/1446/1428 2911/1445/1427
f 1171/2667/2556 1173/1664/1637 1177/1088/1080
f 1240/2668/2557 1248/2150/2087 32/2509/2410
f 2194/2286/2205 2178/2395/2308 2181/2669/2558
f 1219/422/422 1229/2670/2559 1217/2671/227
f 1803/897/894 1811/463/463 1807/2280/2202
f 2815/1806/1771 2819/2672/2560 2816/2673/2561
f 883/2401/2313 881/1592/1567 884/2674/2562
f 2381/2675/2563 2323/2676/2564 2327/2677/2565 2378/2678/2566
f 1408/2189/2120 56/401/401 1406/400/400
f 2027/1521/1499 2029/583/582 2026/2679/2567
f 2276/2680/2568 2275/2681/2569 2274/2682/2570 2277/2432/2341
f 1653/1773/1740 1650/2683/2571 1649/1774/1741
f 2164/1388/1375 2091/1387/1374 2088/815/812
f 1235/1618/1593 1234/2684/2572 1241/355/355
f 3144/2685/2573 1036/2686/2574 3146/2687/2575
f 3311/1605/1580 3318/1607/1582 3320/2021/1967
f 2225/1845/1809 2222/2688/2576 2223/1398/1359
f 3310/1978/1925 3304/734/731 3312/2570/2469
f 478/1085/1077 397/844/841 477/1086/1078
f 2242/2689/2240 2244/1670/1643 2233/1672/1645
f 524/2138/2075 523/1215/1204 521/1214/1203
f 465/981/977 460/2557/2457 463/1064/1056
f 580/1333/1323 564/1135/1124 578/1334/1324
f 1388/2614/2510 1389/2613/2509 52/2690/2577
f 1389/2613/2509 51/2691/2578 52/2690/2577
f 2345/2692/2579 2288/2693/2580 2312/2694/2396
f 1768/546/545 1760/1325/1315 1766/2695/2581
f 2002/2696/2582 1994/2697/2583 2004/1507/1485
f 1259/2698/1655 35/2519/2418 1271/2699/2584
f 1154/2700/2585 1160/1276/1264 1152/1378/1365
f 4/752/749 5/2156/2092 147/753/750
f 355/869/866 357/1164/1153 359/798/795
f 3405/256/2586 3406/2701/2587 3414/2702/2588
f 697/825/822 678/827/824 699/1590/1565
f 1391/2703/2589 51/2691/2578 1389/2613/2509
f 1198/1096/1088 1195/531/530 1197/2704/2590
f 780/895/892 773/1627/1602 776/383/383
f 624/1522/1500 620/2705/2591 623/1437/1419
f 1198/1096/1088 1190/2706/2592 1189/1144/1133
f 823/2289/2208 820/1838/1802 827/1221/1210
f 3168/2260/2182 3166/628/627 3171/426/426
f 2165/948/944 2089/2707/2593 2166/287/287
f 3189/1940/1891 2257/2708/2594 3192/1938/1890
f 1200/2709/2595 1193/2454/2360 1194/2710/2596
f 1637/2711/2597 1698/65/65 1696/1351/1340 1636/1353/1342
f 1409/2188/2119 1410/2476/2379 55/1031/1025
f 2366/2712/2598 2361/958/954 2364/2251/2175
f 1410/2476/2379 54/1032/1026 55/1031/1025
f 2070/2220/2151 2073/2648/2541 2092/762/759
f 1402/2597/2493 1403/402/402 1399/2435/2344
f 486/564/563 497/1577/1552 495/420/420
f 428/1678/1651 427/308/308 432/2713/2599
f 3130/2714/2600 1006/2715/2601 3136/997/992
f 1370/1463/1443 1365/2716/2602 48/1464/1444
f 2019/2253/2177 2021/2255/2179 2016/1792/1757
f 2651/223/222 2648/2717/2603 2652/2718/2604
f 1295/2494/2395 1298/1643/1618 1299/2719/2516
f 2551/2720/2605 2456/2721/1545 2458/2722/2606 2520/2723/2607
f 1436/2599/2495 1439/2724/2608 1440/2407/2318
f 1061/2725/2609 1058/2726/501 1059/2727/2610
f 1262/1601/1576 1256/1114/1105 1255/2605/2503
f 2222/2688/2576 2198/2728/2611 2201/2285/2204
f 1419/728/725 1404/2729/2345 1412/2448/2356
f 3178/2730/2612 3176/2731/2613 3177/2732/2614
f 3314/1901/1858 3317/2449/2357 3312/2570/2469 3313/2733/2615
f 501/575/574 483/548/547 401/1033/1027
f 211/2734/1377 252/2032/1381 251/1288/1276
f 2778/2274/2196 2780/2735/2616 2779/1308/1296
f 1357/1104/1096 1362/1103/1095 1358/2736/2617
f 2602/2737/2618 2605/2738/2619 2593/1887/1847
f 1560/2458/2364 1556/2653/2544 1558/2510/2411
f 3245/2739/2620 3248/29/29 3246/28/28
f 1430/1957/1908 1431/2144/2081 58/1949/1900
f 1431/2144/2081 57/1950/1901 58/1949/1900
f 3317/2449/2357 3316/1606/1581 3311/1605/1580
f 1196/2740/2099 26/1097/1089 1208/2741/2621
f 655/2222/2153 654/235/234 658/234/233
f 1394/2390/2301 1397/2742/2622 1398/2743/2623
f 478/1085/1077 378/842/839 397/844/841
f 654/235/234 648/2744/2624 653/2745/2625
f 3426/2746/2626 3418/2522/2627 3431/2567/2628
f 3013/2747/2629 3016/285/285 3011/2748/2630
f 2119/1482/1461 2096/764/761 2093/1970/1919
f 1043/2749/2631 1041/2545/2445 1052/786/783
f 433/2750/1394 434/472/472 432/2713/2599
f 1414/2751/2632 1416/2028/1972 1417/2030/1974
f 332/680/679 423/434/434 422/433/433
f 993/1510/1488 985/2752/2633 1005/1745/1713
f 1379/2753/2634 1391/2703/2589 1398/2743/2623
f 123/2754/2635 2563/2755/1329 68/47/47
f 2426/2756/2636 2423/2757/2637 2427/2758/2638 2430/2759/2639
f 2278/2760/2640 2277/2432/2341 2280/2761/2641
f 2356/2762/2642 2324/2623/2519 2353/2763/244
f 942/2764/2643 1038/2265/2187 944/162/161
f 3460/1994/2644 3453/2765/2645 3456/2766/2646
f 1166/688/686 1164/2767/2647 1165/1303/1291
f 2308/2768/2648 2303/2769/2649 2305/2770/2650
f 2300/2771/2651 2297/2772/2652 2299/2773/2653 2302/2774/2654
f 577/865/862 567/2775/2655 575/863/860
f 1536/2776/2656 1643/97/96 1642/2777/2657 1533/2778/763
f 2730/202/201 2719/2779/2658 2720/2780/2394
f 2512/2781/2659 2523/2782/2660 2514/2783/2661
f 2332/2784/2662 2330/2785/2663 2304/2786/2664 2301/2787/2665
f 2346/2788/2666 2345/2692/2579 2312/2694/2396 2318/2789/2667
f 128/2790/2668 100/2791/2669 99/94/93 98/93/92
f 1622/2792/2670 1624/2793/2671 1628/2794/2672
f 2681/2795/2673 2679/2796/2129 2682/2797/2126 2683/2798/2674
f 701/540/539 704/1151/1140 710/538/537
f 2311/2496/2397 2279/2799/2675 2310/2800/2676
f 1495/2801/2677 1483/2802/2678 1486/2803/2679 1493/2804/2680
f 2313/2805/2681 2310/2800/2676 2309/2806/2682
f 1679/91/90 1677/2807/2683 1596/2808/2684 1605/2809/2685
f 2290/665/664 2339/2810/2686 2336/2811/2687
f 1593/2812/2688 1591/2813/2689 1588/1517/1495 1589/1516/1494
f 429/306/306 266/2814/2690 258/994/989
f 97/2057/1999 2672/2815/2691 2669/2816/2692 2671/2058/2000
f 2765/2817/2693 2764/148/147 2766/147/146
f 1720/291/291 1672/2818/2694 1675/2819/2695 1678/290/290
f 1687/119/118 1607/2820/2696 3385/2821/2697
f 2669/2816/2692 2673/250/249 2670/2822/2698
f 1591/2813/2689 1593/2812/2688 1595/2823/2699 1596/2808/2684
f 2279/2824/2675 2288/2693/2580 2343/2825/2700 2282/2433/2342
f 1474/2826/2701 1472/2827/2702 1476/2828/2703
f 2298/2829/2704 2291/2830/2705 2295/2121/2061
f 2275/2831/2569 2306/2832/2706 2308/2768/2648 2274/2833/2570
f 2341/2834/2707 2335/1066/1058 2336/2811/2687
f 2318/2835/2667 2312/2495/2396 2314/2497/2398 2317/867/864
f 2381/2675/2563 2378/2678/2566 2376/2836/2708 2379/189/188
f 2648/2717/2603 2643/2837/2709 2644/1384/1371
f 2123/2838/2710 2093/1970/1919 2124/363/363
f 2334/1068/1060 2295/2121/2061 2335/1066/1058
f 1513/2641/2535 1506/1991/1938 1514/2839/2711 1516/2640/2534
f 2335/1066/1058 2290/665/664 2336/2811/2687
f 2989/195/194 2986/2840/2712 2985/2841/2713
f 856/2842/1195 861/1910/1867 859/1912/1196
f 2283/666/665 2285/2431/2340 2289/667/666
f 1950/1874/1834 1942/2034/1977 1946/2036/1979
f 2482/2078/2018 2485/2077/2017 2486/2843/2714 2479/2844/2715
f 3379/1771/1738 3376/329/329 3378/331/331
f 3030/2483/2386 3041/743/740 3029/133/132
f 1499/2845/2716 1520/2846/2717 1517/2502/2403 1500/2501/2402
f 2464/70/70 2467/69/69 2462/2847/2718 2461/2848/2719
f 2117/2849/2720 3199/558/557 3200/560/559
f 3409/2308/2721 3388/2850/2722 3403/2530/2723
f 401/1033/1027 404/758/755 501/575/574
f 1465/2851/2724 1460/218/217 1463/2852/2725 1468/2853/2726
f 2003/2854/2727 2002/2696/2582 2009/2855/2728
f 2530/2856/2729 2534/2857/2730 2526/2858/2731 2527/2859/2732
f 1080/2422/2331 1101/2860/2733 1077/2861/2734
f 2500/2862/2735 2501/2863/2736 2513/2864/2737 2515/2482/2385
f 2384/75/75 2381/2675/2563 2379/189/188 2382/188/187
f 974/2865/2315 978/1077/1069 3127/1253/1241
f 2316/2866/2738 2313/2805/2681 2315/2867/2739 2328/2868/2740
f 2389/2869/2741 2333/2870/2742 2337/1067/1059
f 1582/2871/2743 1576/2872/2744 1579/2873/2745 1670/2874/2746
f 2554/124/123 2548/2875/2747 2553/555/554
f 2439/873/870 2436/2876/2748 2437/2877/2749
f 112/2878/2750 2750/2879/2751 2747/2880/2752 2749/2881/2753
f 1447/2882/2754 1445/2883/2755 1443/2884/2756 1444/2885/2757
f 2376/2836/2708 2371/2886/2758 2374/2887/2759
f 2494/2888/2760 2492/2889/2761 2495/2890/2762 2498/2891/2763
f 2426/2756/2636 2420/2892/2764 2418/2893/2765 2423/2757/2637
f 1705/2894/2766 1702/64/64 1703/63/63 1706/2895/2767
f 1438/2414/2324 1423/2896/2768 1422/2897/2769
f 2845/2898/2770 2843/1269/1257 2839/1327/1317
f 2828/2104/2044 2827/2899/2771 2811/2900/2772
f 124/2901/2773 73/50/50 72/52/52 71/2902/2774
f 2934/1439/1421 2945/454/454 2933/1925/1878
f 80/2903/2775 76/670/669 77/62/62 2620/2904/2776
f 3243/2905/2777 3242/2906/2778 3240/2907/2779
f 2328/2868/2740 2326/2908/2780 2319/866/863 2316/2866/2738
f 1145/1468/1448 1147/1470/1450 1146/2331/2248
f 3414/2909/2781 3397/1313/2782 3407/2109/2783
f 1936/2250/2174 1928/1285/1273 1934/1852/1814
f 1382/2040/1982 1379/2910/2634 1378/2041/1983
f 826/2911/2185 828/2912/2784 829/2913/2785
f 2358/957/953 2393/337/337 2349/21/21
f 1687/119/118 1609/2914/2268 1614/120/119
f 2088/815/812 2091/1387/1374 2090/763/760
f 1325/2601/2499 44/2915/2786 1324/2240/2167
f 1854/2916/2787 1853/2917/2788 1852/2918/2789
f 2528/2919/2790 2483/67/67 2464/70/70 2460/2920/2791
f 2686/267/267 2687/2921/2792 2680/2418/2328
f 2429/2922/2793 2422/2923/2794 2420/2892/2764 2426/2756/2636
f 2533/2924/2795 2531/444/444 2532/443/443 2536/2925/2796
f 1585/1519/1497 1587/2926/2797 1590/2927/2798 1589/1516/1494
f 1569/2928/2799 1564/2929/2800 1567/2930/2801 1573/2931/2802
f 1709/2463/2367 1657/2932/2803 1660/2933/2804 1714/2934/2805
f 2539/2935/2806 2536/2925/2796 2538/2936/2807 2540/2937/2808
f 1574/2938/2809 1568/2939/2810 1565/2940/2811 1569/2928/2799
f 2500/2862/2735 2495/2890/2762 2501/2863/2736
f 2430/2759/2639 2440/2941/2812 2433/2942/2813
f 2625/1195/1184 2616/2943/1508 2615/2944/252
f 2296/2945/2814 2293/2946/2815 2298/2829/2704 2301/2787/2665
f 2551/2720/2605 2549/2947/2816 2412/2948/2817 2444/2949/2818
f 2537/2950/2819 2557/123/122 2556/125/124 2558/2951/2820
f 124/2901/2773 2589/2952/399 73/50/50
f 1246/1243/1231 1241/355/355 1245/790/787
f 2432/2953/2821 2428/2954/2822 2425/2955/2823 2431/2956/2824
f 1505/2957/2825 1508/1737/1705 1507/1736/1704
f 183/2096/2036 177/2958/2826 180/2959/2827
f 1530/2960/2828 1528/2203/2132 1527/2206/2135 1529/768/765
f 2422/2923/2794 2429/2922/2793 2431/2956/2824 2425/2955/2823
f 1485/2961/1014 1484/2962/2829 1481/2963/2830 1479/2964/2831
f 1670/2874/2746 1579/2873/2745 1581/2965/2832 1671/2966/2833
f 2458/2722/2606 2519/2480/2383 2520/2723/2607
f 2348/20/20 2318/2789/2667 2321/2624/2520
f 2448/2562/2461 3448/2456/2362 2449/2455/2361
f 1646/2967/2834 1639/2968/2835 1642/2777/2657 1645/2307/2226
f 1541/2969/2836 1638/2970/2837 1635/2971/2838
f 2538/2936/2807 2532/443/443 2535/2972/2839
f 1669/2973/2840 1582/2871/2743 1670/2874/2746 1672/2818/2694
f 1531/2548/2450 1546/1778/1745 1525/1632/1607 1524/2547/2449
f 1577/2974/2841 1667/2975/2842 1666/2976/2843 1574/2938/2809
f 2279/2799/2675 2274/2833/2570 2308/2768/2648 2310/2800/2676
f 2333/2870/2742 2331/2977/2844 2330/2785/2663 2332/2784/2662
f 127/2609/2506 94/88/87 93/87/86
f 2433/2942/2813 2440/2941/2812 2437/2877/2749 2434/2978/2845
f 151/2979/2846 155/2500/2401 88/80/80
f 1681/89/88 1683/2980/2847 1684/2981/2848
f 2579/2982/2849 2576/2983/2850 2578/2984/2851 2580/2985/2852
f 2545/127/126 2546/2986/2853 2548/2875/2747 2555/128/127
f 2547/2987/2854 2408/2988/2855 2411/2989/2856
f 1471/2990/2857 1466/2991/2858 1469/2992/2859 1474/2826/2701
f 1226/2586/2482 1224/2993/2860 1225/2540/2440
f 2706/915/912 2696/2301/2220 2699/770/767
f 2293/2946/2815 2294/2994/2861 2292/2995/2862
f 1569/2928/2799 1565/2940/2811 1561/2996/2863 1564/2929/2800
f 227/2997/360 2/1108/3 3365/1107/1099
f 229/2998/369 2/1108/3 227/2997/360
f 1601/2999/2864 1600/3000/2865 1597/3001/2866 1598/3002/2867
f 1346/1202/1191 1343/2528/2428 1348/912/909
f 2341/2834/2707 2342/3003/2868 2350/2386/2299 2351/3004/2869
f 2402/3005/2870 2407/3006/2871 2398/3007/2872 2396/3008/2873
f 1568/2939/2810 1566/3009/2874 1563/3010/2875 1565/2940/2811
f 2759/3011/2876 2756/3012/2877 2746/3013/1934 2757/3014/2878
f 2373/3015/2879 2375/3016/2880 2372/3017/2881 2370/3018/2882
f 2527/2859/2732 2526/2858/2731 2509/3019/2883 2508/3020/2884
f 2496/3021/2885 2380/3022/190 2494/2888/2760
f 805/1818/1783 797/340/340 799/339/339
f 613/3023/2886 615/886/883 616/888/885
f 1484/2962/2829 1487/3024/2887 1489/3025/2888 1486/2803/2679
f 1548/3026/2889 1629/3027/2890 1554/3028/2545
f 1242/791/788 1241/355/355 1234/2684/2572
f 2722/3029/2891 2732/2543/2443 2739/1040/1034
f 1592/3030/2892 1593/2812/2688 1589/1516/1494 1590/2927/2798
f 2475/3031/2893 2362/3032/2176 2360/3033/976
f 3412/2365/2280 3420/231/2894 3419/2523/2895
f 2887/2521/2420 2891/3034/2896 2888/3035/2897
f 2371/3036/2758 2491/3037/2898 2374/3038/2759
f 1532/3039/764 1642/2777/2657 1639/2968/2835
f 607/409/409 611/1421/1405 609/3040/2899
f 176/3041/2371 113/106/105 184/2094/2034
f 2552/557/556 2550/556/555 2549/2947/2816 2551/2720/2605
f 1541/2969/2836 1635/2971/2838 1634/3042/2900 1543/3043/2901
f 146/456/456 147/753/750 148/457/457
f 258/994/989 255/2447/438 256/1049/990
f 1534/3044/2902 1639/2968/2835 1638/2970/2837
f 2444/3045/2818 2412/3046/2817 2443/871/868 2446/3047/2903
f 1513/2641/2535 1510/1735/1703 1508/1737/1705 1506/1991/1938
f 3453/2765/2904 3454/3048/2905 3456/2766/2906
f 1712/3049/2907 1685/3050/2908 1682/3051/2909 1686/3052/2910
f 2371/3036/2758 2369/3053/2911 2487/3054/2912 2489/3055/2913
f 1443/2884/2756 1442/3056/2914 1441/3057/2915 1444/2885/2757
f 1706/2895/2767 1710/3058/2916 1708/3059/2917 1705/2894/2766
f 3324/1219/1208 3321/2646/2539 3322/3060/2918
f 1598/3061/2867 1662/3062/2919 1661/3063/2920 1601/3064/2864
f 55/1031/1025 1408/2189/2120 1409/2188/2119
f 2492/2889/2761 2374/3038/2759 2491/3037/2898
f 126/222/221 83/71/71 82/73/73 81/172/171
f 2726/3065/2921 2728/201/200 2727/3066/2922
f 2502/3067/2923 2495/2890/2762 2493/3068/2924
f 2702/769/766 98/93/92 2693/3069/2254
f 1537/3070/2925 1491/3071/2365 1539/3072/2412
f 2391/3073/2926 2389/2869/2741 2337/1067/1059 2338/3074/2927
f 1238/2512/1611 32/2509/2410 1250/3075/2928
f 1287/2292/2211 1289/3076/2929 1286/1111/1102
f 1587/2926/2797 1562/3077/2930 1563/3078/2875 1590/2927/2798
f 2523/2782/2660 2522/53/53 2516/56/56 2514/2783/2661
f 1545/3079/2931 1542/3080/2932 1543/3081/2901
f 3106/568/567 3088/1829/1793 3102/3082/2933
f 1581/2965/2832 1575/3083/2934 1578/3084/2935 1584/3085/2936
f 2543/3086/2937 2544/3087/2938 2546/2986/2853 2545/127/126
f 75/78/78 72/52/52 2594/3088/2939
f 2403/3089/2940 2413/3090/2941 2406/3091/2942
f 2742/1041/1035 2740/1999/1946 2738/2542/2442 2737/1233/1222
f 1657/2932/2803 1655/729/726 1659/732/729 1660/2933/2804
f 85/171/170 2646/173/172 2643/2837/2709 2647/3092/2943
f 1598/3002/2867 1597/3001/2866 1594/3093/2944 1571/3094/2945
f 1596/2808/2684 1599/3095/2946 1605/2809/2685
f 1641/3096/2947 1638/2970/2837 1639/2968/2835 1646/2967/2834
f 2815/1806/1771 2820/1985/1932 2819/2672/2560
f 1531/2548/2450 1530/2960/2828 1540/3097/2948
f 321/1667/1640 324/711/708 338/713/710
f 1743/3098/2949 1738/2311/2230 1741/1043/1037
f 2454/3099/1547 2458/3100/2606 2456/3101/1545
f 2436/2876/2748 2434/2978/2845 2437/2877/2749
f 382/858/855 392/1599/1574 393/859/856
f 173/3102/2950 164/3103/1462 165/3104/2951
f 1544/3105/2952 1546/1778/1745 1542/3080/2932
f 1469/2992/2859 1470/3106/2953 1472/2827/2702
f 1546/1778/1745 1531/2548/2450 1540/3097/2948 1542/3080/2932
f 2376/2836/2708 2375/3016/2880 2373/3015/2879
f 167/3107/2954 163/3108/2955 169/3109/2956 168/1494/1473
f 2532/443/443 2441/446/446 2440/2941/2812 2535/2972/2839
f 2411/2989/2856 2408/2988/2855 2405/3110/2957 2409/3111/2958
f 1713/117/116 1716/3112/2959 1715/3113/2960 1718/118/117
f 3447/3114/1546 2455/3115/2363 3448/3116/2362 3449/3117/2961
f 2492/2889/2761 2491/3037/2898 2493/3068/2924 2495/2890/2762
f 2733/216/215 2731/3118/2393 2734/3119/2962 2735/3120/2963
f 1691/1213/1202 1690/3121/2964 1688/3122/2965
f 2383/247/246 2382/188/187 2380/191/190
f 1603/3123/2966 1600/3000/2865 1604/2638/2533 1607/2820/2696
f 2930/2569/2468 2946/453/453 2947/3124/2967
f 2497/3125/2968 2499/3126/2969 2466/3127/2970 2469/3128/2971
f 2153/309/309 2139/436/436 2138/1157/1146
f 954/686/684 953/1867/1827 970/1118/1108
f 1423/2896/2768 1420/1861/1821 1422/2897/2769
f 2299/2773/2653 2294/2994/2861 2296/2945/2814
f 2477/581/580 2482/2078/2018 2479/2844/2715
f 1632/1352/1341 1633/3129/2972 1636/1353/1342
f 1557/3130/2546 1629/3027/2890 1627/3131/2973
f 1390/2615/2511 1384/3132/2974 1393/2391/2302
f 1620/3133/2975 1616/3134/2976 1617/3135/1742
f 2286/2122/2062 2281/3136/2977 2283/666/665
f 1501/2504/2405 1514/2839/2711 1502/2656/2547
f 2485/2077/2017 2504/3137/2978 2488/3138/2979 2486/2843/2714
f 1704/3139/2980 1701/3140/2981 1651/3141/2982 1652/3142/2983
f 1577/2974/2841 1576/2872/2744 1582/2871/2743
f 2490/3143/2984 2488/3138/2979 2504/3137/2978 2503/3144/2985
f 1599/3095/2946 1600/3000/2865 1603/3123/2966
f 1690/3121/2964 1699/1212/1201 1705/2894/2766 1708/3059/2917
f 2746/3013/1934 2754/598/597 2745/2661/1935
f 3329/1223/1212 1961/3145/2986 2035/1121/1111
f 2441/446/446 2442/874/871 2439/873/870
f 123/2754/2635 67/49/49 66/3146/2987
f 3474/17/2988 3469/3147/2989 3473/18/2990
f 2538/2936/2807 2430/2759/2639 2427/2758/2638
f 2472/3148/2991 2355/3149/247 2383/3150/246 2496/3021/2885
f 2449/3151/2361 2444/3045/2818 2446/3047/2903 2448/3152/2461
f 1478/3153/2992 1453/3154/2993 1479/2964/2831 1481/2963/2830
f 2493/3068/2924 2490/3143/2984 2503/3144/2985 2502/3067/2923
f 2713/3155/2994 2712/914/911 2714/3156/2995
f 1443/3157/2756 1477/3158/2996 1475/3159/2997
f 1606/3160/2998 1603/3123/2966 1607/2820/2696 1683/2980/2847
f 1707/2464/2368 1711/3161/2999 1710/3058/2916 1706/2895/2767
f 974/2865/2315 977/1078/1070 978/1077/1069
f 1518/1633/1608 1514/2839/2711 1515/2503/2404
f 2389/2869/2741 2387/3162/3000 2386/3163/3001 2388/3164/3002
f 1684/2981/2848 1688/3122/2965 1690/3121/2964 1686/3052/2910
f 3410/2309/3003 3404/2531/3004 3411/3165/3005
f 2549/2947/2816 2411/2989/2856 2409/3111/2958 2412/2948/2817
f 3157/3166/3006 933/3167/3007 3158/1487/1466
f 1722/1028/1022 1721/1916/623 1723/1029/1023
f 1919/388/388 1921/1931/1883 1966/1972/1921
f 1725/3168/2005 1723/1029/1023 1721/1916/623
f 441/441/441 444/1007/1002 443/1686/1659
f 2390/2518/2417 2372/3017/2881 2387/3162/3000
f 2158/1588/1563 2159/2169/853 2157/3169/852
f 1731/1560/1536 1723/1029/1023 1725/3168/2005
f 200/3170/3008 197/3171/260 593/1732/1700
f 1318/2175/2108 1319/3172/1618 1315/3173/3009
f 1733/1552/1528 1729/1551/1527 1726/1027/1021
f 1731/1560/1536 1732/3174/898 1734/1641/1616
f 1733/1552/1528 1731/1560/1536 1736/1955/1906
f 2215/3175/3010 2212/303/303 2214/3176/3011
f 2826/3177/3012 2815/1806/1771 2814/3178/3013
f 664/2367/2282 659/3179/3014 655/2222/2153
f 1740/1810/1775 1739/717/714 1737/2460/1246
f 531/1997/1944 533/3180/3015 1869/3181/3016
f 2861/3182/2523 2877/2148/2085 2855/3183/1604
f 751/3184/1560 748/3185/1562 783/273/273
f 3443/3186/3017 3436/2443/3018 3444/3187/3019
f 2008/2216/2147 2015/2628/2524 2011/2214/2145
f 2073/2648/2541 2071/1907/1864 2076/3188/3020
f 428/1678/1651 435/3189/3021 438/943/940
f 1748/489/489 1746/1553/1529 1744/2210/2140
f 2215/3175/3010 2217/3190/3022 2212/303/303
f 1240/2668/2557 1237/1616/1591 1239/357/357
f 3029/133/132 3026/3191/3023 3030/2483/2386
f 3337/2342/2257 2039/2246/1762 3333/2042/1984
f 2178/2395/2308 2174/1083/1075 2177/1310/1298
f 1750/3192/3024 1749/2507/2408 1756/1653/1626
f 2196/3193/327 3175/1371/1358 2197/3194/328
f 1452/3195/3025 1451/2075/2015 1449/2074/2014
f 593/1732/1700 203/320/320 200/3196/3008
f 1984/3197/3026 1976/2415/2325 1972/1457/1437
f 399/892/889 402/884/881 401/1033/1027
f 1847/1358/1347 586/1704/1674 587/1356/1345
f 2764/148/147 2758/3198/3027 2751/1278/1266
f 2094/3199/3028 2097/1267/1255 2070/2220/2151
f 1272/1271/1259 1267/1600/1575 1265/1680/1653
f 203/320/320 202/3200/3029 200/3196/3008
f 2757/3201/2878 2746/1987/1934 2767/1986/1933
f 2871/3202/3030 2866/3203/3031 2870/3204/3032
f 730/1789/1754 787/168/167 784/1748/1716
f 941/163/162 918/3205/3033 938/220/219
f 1864/3206/3034 1859/3207/3035 1863/2428/2337
f 841/1126/385 3257/1128/1117 838/3208/3036
f 2002/2696/2582 1999/1449/1430 1996/3209/3037
f 749/1765/1733 742/26/26 745/1693/1664
f 886/2402/2314 889/1958/1909 892/1960/1910
f 1162/3210/3038 1161/1275/1263 1155/3211/3039
f 3132/6/6 1006/2715/2601 3131/4/4
f 3192/1938/1890 2257/2708/2594 2268/3212/1504
f 2574/3213/3040 2570/3214/3041 2581/3215/3042
f 1780/1169/1158 1890/1264/1252 1778/3216/719
f 2872/2147/2084 2871/3202/3030 2870/3204/3032
f 1202/2164/2100 24/3217/3043 1204/24/24
f 1774/1257/1245 1779/484/484 1776/1474/1453
f 1779/484/484 1774/1257/1245 1775/485/485
f 2033/1123/1113 2032/582/581 2035/1121/1111
f 1105/3218/330 1106/2398/2310 1107/2397/2309
f 921/160/159 920/1943/1894 922/3219/3044
f 1781/705/702 1780/1169/1158 1783/706/703
f 1780/1169/1158 1782/1168/1157 1783/706/703
f 2625/1195/1184 2622/176/175 2626/1305/1293
f 754/1706/1676 2802/3220/3045 753/2264/2186
f 1954/647/646 1956/3221/3046 1961/3145/2986
f 3006/1830/1794 3017/3222/3047 3005/938/935
f 540/2243/1610 627/702/700 543/1471/1249
f 1784/3223/2458 1788/3224/1284 1787/3225/2459
f 807/1095/1087 795/605/604 847/1885/1845
f 1786/2187/2118 1789/707/704 1790/2049/1991
f 2178/2395/2308 2183/3226/3048 2181/2669/2558
f 681/1554/1530 682/1262/1250 676/709/706
f 626/1523/1501 629/3227/3049 630/3228/3050
f 2112/674/673 2111/3229/2488 2110/2179/2111
f 626/1523/1501 625/1438/1420 629/3227/3049
f 1789/707/704 1795/3230/3051 1794/3231/3052
f 1075/2022/1968 1077/2861/2734 1101/2860/2733
f 842/1715/1685 843/1714/1684 839/1124/1114
f 293/565/564 298/590/589 300/925/922
f 318/2472/2375 319/904/901 313/1093/1085
f 2910/845/842 2917/2666/2555 2911/1445/1427
f 23/3232/3053 1186/2171/2105 19/431/431
f 1799/657/656 1800/896/893 1797/297/297
f 668/685/683 869/3233/3054 954/686/684
f 1066/2235/2162 1064/1238/1226 1061/2725/2609
f 3391/920/2305 3412/3234/3055 3411/3165/3056
f 1801/3235/3057 1800/896/893 1803/897/894
f 1804/3236/3058 1803/897/894 1807/2280/2202
f 610/1051/1043 612/3237/3059 613/3023/2886
f 1803/897/894 1802/1475/1454 1805/461/461
f 664/2367/2282 660/3238/3060 659/3179/3014
f 1392/3239/3061 1394/2390/2301 1391/2703/2589
f 430/1858/988 610/1051/1043 608/3240/3062
f 296/596/595 298/590/589 294/1141/1130
f 340/1666/1639 138/140/139 136/1724/1694
f 2478/3241/3063 2362/3032/2176 2476/3242/3064
f 2925/2660/2550 2921/2269/2191 2924/2596/2492
f 434/472/472 1836/3243/3065 435/3244/3021
f 3084/1072/1064 3083/3245/3066 3088/1829/1793
f 3212/1403/1387 3249/1402/1386 3215/3246/3067
f 1129/495/495 1131/3247/3068 1135/2275/2197
f 1326/2602/2500 1325/2601/2499 1327/2239/2166
f 1882/933/930 1883/719/716 1881/3248/3069
f 2563/1339/1329 2584/3249/3070 2562/3250/3071
f 902/714/711 882/812/809 901/1974/1922
f 252/1394/1381 601/1393/1380 253/1396/410
f 1066/2235/2162 1059/2727/2610 1063/1246/1234
f 1775/485/485 1773/1695/1665 1817/1061/1053
f 1813/473/473 1814/462/462 1822/3251/3072
f 3050/651/650 3053/3252/3073 3048/1822/1786
f 260/2499/2400 261/2191/2122 282/186/185
f 1818/1622/1597 1819/2318/2235 1820/2320/2237
f 1818/1622/1597 1817/1061/1053 1819/2318/2235
f 3099/963/959 3096/3253/3074 3100/1665/1638
f 1827/1198/1187 1821/738/735 1826/3254/3075
f 622/703/701 618/887/884 619/1425/1409
f 3273/1598/1573 3268/3255/3076 3270/1872/1832
f 3199/558/557 3195/3256/3077 3201/984/980
f 583/1336/1326 581/1332/1322 585/1703/1673
f 1766/2695/2581 1825/490/490 1772/739/736
f 1794/3231/3052 1790/2049/1991 1789/707/704
f 3478/3257/3078 3475/3258/3079 3476/2600/3080
f 3426/2746/3081 3417/2001/3082 3418/2522/3083
f 506/1188/1177 505/1173/1162 502/603/602
f 2018/2254/2178 2011/2214/2145 2015/2628/2524
f 159/1501/1480 152/562/561 156/8/8
f 1857/3259/3084 1856/377/377 1853/2917/2788
f 885/1739/1707 897/3260/3085 899/1738/1706
f 1829/1583/1558 1830/935/932 1832/3261/3086
f 2879/3262/3087 2878/1477/1456 2883/1476/1455
f 319/904/901 308/610/609 313/1093/1085
f 1831/1584/1559 1834/373/373 1833/372/372
f 1812/474/474 1833/372/372 1835/3263/3088
f 955/3264/3089 956/3265/3090 950/3266/3091
f 1086/530/529 1095/280/280 1097/578/577 1084/528/527
f 435/3244/3021 1836/3243/3065 436/3267/2074
f 1936/2250/2174 1933/2582/2478 1932/1283/1271
f 1837/371/371 436/3267/2074 1836/3243/3065
f 436/3267/2074 1838/2044/1986 442/3268/2072
f 874/3269/3092 908/3270/3093 949/3271/3094
f 1839/2043/1985 445/3272/1003 444/2555/1002
f 1840/1382/1369 1838/2044/1986 1837/371/371
f 595/1380/1367 594/1504/1482 597/3273/3095
f 595/1380/1367 592/3274/3096 594/1504/1482
f 1608/2355/2270 3381/3275/1223 1610/3276/2259
f 600/1392/1379 599/1656/1629 604/1479/1458
f 2934/1439/1421 2931/803/800 2935/2645/2538
f 3414/2909/3097 3415/3277/3098 3421/3278/3099
f 1922/1842/1806 1913/1690/1662 1923/1840/1804
f 1289/3076/2929 1288/2293/2212 1291/2357/2272
f 2857/2316/2233 2856/205/204 2862/204/203
f 665/3279/3100 667/2368/2283 668/3280/683
f 1318/2175/2108 1315/3173/3009 1317/2176/2109
f 1413/3281/3101 1411/3282/3102 1414/2751/2632
f 1841/2045/1987 1846/1359/1348 1845/1355/1344
f 898/1973/1887 897/3260/3085 896/3283/2079
f 895/3284/3103 892/1960/1910 893/3285/3104
f 1434/3286/3105 1432/2665/2554 1435/2412/2322
f 3334/1499/1478 1947/3287/2435 3335/416/416
f 1831/1584/1559 1812/474/474 1813/473/473
f 2262/3288/3106 2261/1180/1169 2259/1535/1512
f 3249/1402/1386 3250/30/30 3215/3246/3067
f 591/2466/2370 581/1332/1322 588/2411/2321
f 3107/569/568 3104/302/302 3108/301/301
f 1574/2938/2809 1573/2931/2802 1577/2974/2841
f 2242/2323/2240 3184/211/210 3183/1896/1854
f 688/1865/1825 572/1000/995 646/999/994
f 582/1338/1328 562/3289/3107 580/1333/1323
f 562/3289/3107 1853/2917/2788 559/1293/1281
f 1852/2918/2789 1851/908/905 1854/2916/2787
f 991/2608/2452 989/2107/2047 994/1709/1679
f 2150/2159/2095 3196/1348/1337 3197/3290/3108
f 559/1293/1281 1853/2917/2788 1856/377/377
f 1920/3291/3109 2036/1799/1764 1911/3292/389
f 1858/378/378 553/976/972 557/376/376
f 2773/1307/1295 633/2485/2295 2776/2273/2195
f 1858/378/378 1859/3207/3035 1861/3293/3110
f 1875/541/540 1876/1564/1540 1870/637/636
f 1734/1641/1616 1739/717/714 1884/1044/1038
f 893/3285/3104 896/3283/2079 895/3284/3103
f 1395/3294/3111 1384/3132/2974 1381/2039/1981
f 3296/3295/3112 3306/1894/1852 3294/2439/2348
f 1339/165/164 1340/828/825 1336/166/165
f 3297/1015/1010 3279/1969/1918 3288/3296/3113
f 580/1333/1323 583/1336/1326 582/1338/1328
f 821/281/281 842/1715/1685 839/1124/1114
f 2408/2988/2855 2403/3089/2940 2400/3297/3114 2405/3110/2957
f 2113/2593/2489 3203/2525/2425 3204/2527/2427
f 930/3298/3115 932/2218/2149 931/2217/2148
f 2077/3299/3116 2078/1009/1004 2074/1908/1865
f 576/1140/1129 724/1139/1128 575/863/860
f 1875/541/540 1874/543/542 1877/1563/1539
f 310/3300/3117 312/616/615 315/1092/1084
f 1877/1563/1539 1830/935/932 1880/934/931
f 2149/2181/2113 2147/3301/2097 2148/1904/1861
f 2672/2815/2691 2675/772/769 2673/250/249
f 134/3302/3118 135/1725/1695 133/1711/1681
f 720/2332/2249 576/1140/1129 695/1623/1598
f 695/1623/1598 718/1491/1470 720/2332/2249
f 3280/1192/1181 3277/1597/1572 3276/1596/1571
f 1901/1080/1072 1902/1579/1554 1903/1365/1354
f 676/709/706 678/827/824 681/1554/1530
f 1884/1044/1038 1882/933/930 1885/1042/1036
f 2273/2199/2128 2182/289/289 2168/1540/1517
f 1974/3303/3119 1970/2111/2052 1973/2110/2051
f 866/550/549 677/1918/707 865/1922/1875
f 629/3227/3049 631/3304/2388 630/3305/3050
f 692/324/324 572/1000/995 688/1865/1825
f 1825/490/490 1747/2211/2141 1745/1217/1206
f 736/2262/2184 3266/3306/3120 731/3307/1803
f 1739/717/714 1740/1810/1775 1886/1809/1774
f 3058/2564/2462 3061/1759/1727 3062/3308/3121
f 1777/721/718 1887/1811/1776 1740/1810/1775
f 959/1360/1349 963/2066/2007 966/1361/1350
f 2771/3309/3122 630/3305/3050 631/3304/2388
f 2806/741/738 779/1856/1818 770/184/183
f 2299/2773/2653 2296/2945/2814 2301/2787/2665 2304/2786/2664
f 1067/1239/1227 1069/2233/2160 1071/2421/2330
f 1938/3310/1815 3338/1057/1049 3336/415/415
f 1001/1555/1531 3132/6/6 3133/2477/2380
f 3103/3311/3123 3101/2550/2451 3107/569/568
f 2070/2220/2151 2065/1367/1356 2068/3312/3124
f 239/394/394 248/1265/1253 245/566/565
f 467/883/880 469/1074/1066 470/881/878
f 573/3313/996 643/1480/1459 645/2086/2026
f 2717/3314/3125 2708/3315/2126 2715/2062/2003
f 2463/3316/3126 2459/3317/3127 2461/2848/2719 2462/2847/2718
f 962/2020/1966 979/2082/2022 964/3318/3128
f 118/212/211 176/2467/2371 175/3319/3129
f 1896/3320/1758 1898/3321/3130 1897/3322/3131
f 524/2138/2075 521/1214/1203 526/3323/3132
f 1224/2993/2860 1221/3324/3133 1223/1808/1773
f 2357/3325/975 2475/3031/2893 2360/3033/976
f 2853/2360/2275 2849/2359/2274 2852/3326/3134
f 3415/3327/3135 3423/1661/2049 3422/2230/3136
f 3106/568/567 3103/3311/3123 3107/569/568
f 1026/1004/999 1031/3328/3137 1034/3329/1670
f 2901/3330/3138 2897/614/613 2900/2625/2521
f 523/1215/1204 1903/1365/1354 1904/1578/1553
f 3256/491/491 1760/1325/1315 1752/1548/1525
f 523/1215/1204 1904/1578/1553 522/1216/1205
f 801/2092/2032 803/3331/3139 847/1885/1845
f 1322/2241/2168 44/2915/2786 1319/3172/1618
f 1909/1691/1663 1907/1250/1238 1905/3332/3140
f 1102/2023/1969 1098/577/576 1100/2271/2193
f 1915/1374/1361 1909/1691/1663 1912/3333/2551
f 1911/389/389 1910/1248/1236 1914/1781/1748
f 1910/1248/1236 1913/1690/1662 1914/1781/1748
f 2264/2506/2407 2262/3288/3106 2263/3334/3141
f 421/955/951 3344/521/520 490/440/440
f 1060/3335/3142 3369/1612/1587 3368/1580/1555
f 1920/3336/3109 1919/388/388 1968/2051/1993
f 2755/3337/3143 2754/598/597 2756/3012/2877
f 703/1013/1008 653/2745/2625 650/1603/1578
f 707/1782/1749 647/970/966 644/971/967
f 3192/1938/1890 2263/3338/3141 2262/3339/3106
f 3184/211/210 2226/210/209 3183/1896/1854
f 371/834/831 367/1848/1810 370/619/618
f 3408/2108/3144 3424/341/3145 3423/1661/3146
f 1210/2119/2059 1217/2671/227 1211/3340/226
f 2179/277/277 2203/2141/2078 2175/275/275
f 2782/2266/2188 2789/384/384 2785/3341/3147
f 3028/2377/2292 3031/2379/2293 3027/2484/2387
f 1786/2187/2118 1781/705/702 1789/707/704
f 59/3342/3148 1428/3343/1899 1425/1860/1820
f 1931/3344/3149 1927/1841/1805 1924/1412/1396
f 204/316/316 202/3200/3029 212/317/317
f 736/3345/2184 735/226/225 824/225/224
f 2453/3346/3150 2454/1571/1547 3447/1570/1546
f 3144/2685/2573 1020/998/993 1023/3347/3151
f 830/1222/1211 820/1838/1802 818/282/282
f 1937/1854/1816 1936/2250/2174 1934/1852/1814
f 3341/465/465 438/943/940 435/3189/3021
f 1742/3348/3152 1745/1217/1206 1747/2211/2141
f 2652/2718/2604 2648/2717/2603 2659/1172/1161
f 363/807/804 366/3349/3153 361/2027/805
f 810/1828/1792 805/1818/1783 808/1713/1683
f 576/1140/1129 574/1317/1307 695/1623/1598
f 1939/2249/2173 1945/601/600 1951/649/648
f 1027/181/180 1032/180/179 1029/2157/2093
f 804/1816/1781 809/1825/1789 786/1786/1753
f 1953/648/647 1931/3344/3149 1933/2582/2478
f 1931/3344/3149 1953/648/647 1927/1841/1805
f 1953/648/647 1962/1719/1689 1955/1864/1824
f 199/261/261 201/1046/571 198/259/259
f 2907/508/507 2902/846/843 2910/845/842
f 910/3350/3154 911/3351/1734 913/1037/1031
f 1945/601/600 1956/3221/3046 1951/649/648
f 257/1287/1275 261/2191/2122 260/2499/2400
f 1957/600/599 1949/602/601 1958/1722/1692
f 892/1960/1910 888/3352/3155 886/2402/2314
f 1959/1529/1506 1961/3145/2986 1956/3221/3046
f 3068/1282/1270 3117/2536/2437 3071/3353/3156
f 907/537/536 915/1036/1030 912/1187/1176
f 759/3354/3157 757/1717/1687 761/1716/1686
f 1961/3145/2986 1963/1122/1112 1965/3355/3158
f 2035/1121/1111 1961/3145/2986 1965/3355/3158
f 2114/3356/3159 2115/3357/3160 2113/3358/2489
f 1774/1257/1245 1777/721/718 1740/3359/1775
f 1971/3360/3161 1968/2051/1993 1970/2111/2052
f 2339/2810/2686 2341/2834/2707 2336/2811/2687
f 2208/2102/2042 2209/3361/3162 2211/305/305
f 650/1603/1578 648/2744/2624 645/2086/2026
f 752/1819/632 750/1707/1677 751/1585/1560
f 539/1245/1233 546/1160/1149 549/754/751
f 1729/1551/1527 1724/3362/3163 1726/1027/1021
f 1980/1331/1321 1976/2415/2325 1979/1329/1319
f 710/538/537 709/1150/1139 712/1490/1469
f 2934/1439/1421 2929/1441/1423 2931/803/800
f 2143/3363/3164 3197/3290/3108 2140/3364/3165
f 1981/2070/2010 1904/2336/1553 1902/3365/1554
f 3051/3366/3166 3049/1820/1784 3054/153/152
f 2055/3367/3167 2041/2132/2071 2037/1800/1765
f 891/1959/691 893/3285/3104 892/1960/1910
f 3053/3252/3073 3059/154/153 3054/153/152
f 291/561/560 288/615/614 310/3300/3117
f 2803/2304/2223 2805/831/828 2806/741/738
f 312/616/615 314/618/617 316/1335/1325
f 857/3368/3168 867/551/550 860/1100/1092
f 230/370/370 223/270/270 220/3369/3169
f 2057/1723/1693 2056/1610/1585 2055/3367/3167
f 250/2583/2479 251/1288/1276 257/1287/1275
f 1986/1783/1750 1989/1785/1752 1991/2297/2216
f 538/3370/3170 2778/2274/2196 541/3371/2169
f 1992/1834/1798 1990/1508/1486 1994/2697/2583
f 2347/19/19 2342/3003/2868 2344/3372/3171
f 1154/2700/2585 1153/1277/1265 1160/1276/1264
f 2640/1385/1372 2643/2837/2709 84/72/72
f 217/315/315 230/370/370 220/3369/3169
f 1997/3373/3172 1999/1449/1430 2000/2409/2319
f 1793/2410/2320 2000/2409/2319 1999/1449/1430
f 649/3374/3173 648/2744/2624 651/3375/3174
f 786/1786/1753 787/168/167 804/1816/1781
f 2003/2854/2727 1791/1448/1282 2001/1450/1431
f 1756/1653/1626 1753/1526/1503 1750/3192/3024
f 855/1099/1091 851/1341/875 852/1947/1898
f 1368/1465/1445 1367/2376/2291 1369/518/517
f 479/1090/1082 482/547/546 481/413/413
f 2156/3376/1564 3194/1350/1339 2154/1349/1338
f 131/1712/1682 342/3377/3175 134/3302/3118
f 1000/1557/1533 3135/2552/2453 999/3378/2054
f 2777/1309/1297 2780/2735/2616 2781/2321/2238
f 1977/1452/1433 1970/2111/2052 1976/2415/2325
f 2059/1888/1848 2051/3379/3176 2056/1610/1585
f 2771/3309/3122 2777/1309/1297 2774/2322/2239
f 2157/855/852 3190/1536/1513 2156/3376/1564
f 2091/1387/1374 2096/764/761 2090/763/760
f 3335/416/416 1944/3380/1978 1943/3381/3177
f 811/1143/1132 806/3382/3178 810/1828/1792
f 487/563/562 489/442/442 488/418/418
f 3167/629/628 2188/3383/3179 2185/3384/626
f 870/3385/3180 869/3233/3054 868/1770/1737
f 1832/3261/3086 1831/1584/1559 1829/1583/1558
f 2020/1148/1137 1898/3386/3130 1896/1793/1758
f 2846/1268/1256 2845/2898/2770 2849/2359/2274
f 1898/3386/3130 2020/1148/1137 2022/3387/3181
f 2022/3387/3181 1900/3388/3182 1898/3386/3130
f 2022/3387/3181 2023/1147/1136 1900/3388/3182
f 2022/3387/3181 2020/1148/1137 2023/1147/1136
f 1896/3320/1758 1892/3389/3183 1894/2558/1759
f 2023/1147/1136 2026/2679/2567 2025/1211/1200
f 1344/3390/1902 47/1203/1192 46/2634/2530 45/2635/2531
f 2021/2255/2179 2026/2679/2567 2024/1149/1138
f 397/844/841 395/788/785 482/547/546
f 3240/2907/2779 3241/3391/3184 3237/3392/3185
f 880/814/811 883/2401/2313 882/812/809
f 2007/2215/2146 2006/1509/1487 2008/2216/2147
f 956/3265/3090 958/2019/1965 959/1360/1349
f 2685/268/268 2673/250/249 2684/249/248
f 1079/2232/2159 1096/1544/1521 1078/2424/2333
f 783/273/273 752/633/632 751/3184/1560
f 973/2069/2009 3127/1253/1241 3126/1252/1240
f 574/1317/1307 570/354/354 692/324/324
f 1312/2616/2512 1297/1642/1617 1296/2270/2192
f 215/322/322 238/779/776 235/780/777
f 604/1479/1458 716/2124/2063 715/1637/1612
f 672/1541/1518 669/1538/1515 671/1542/1519
f 1135/2275/2197 1131/3247/3068 1133/1651/1624
f 542/1161/1150 541/3393/2169 540/1635/1610
f 1072/2228/2155 1076/3394/3186 1073/2227/946
f 1124/32/32 1126/2317/2234 1125/2290/2209
f 1959/1529/1506 2037/1800/1765 2036/1799/1764
f 65/41/41 3215/3246/3067 3217/3395/3187
f 2398/3007/2872 2414/3396/3188 2401/3397/3189
f 2038/1801/1766 1911/3292/389 2036/1799/1764
f 2037/1800/1765 1959/1529/1506 1960/1530/1507
f 948/3398/3190 945/2033/1976 943/3399/3191
f 3082/2426/2335 3085/3400/3192 3087/676/675
f 3436/2443/3193 3429/2445/3194 3437/1663/3195
f 2505/3401/3196 2507/3402/3197 2510/3403/3198 2512/2781/2659
f 3155/1937/1889 904/3404/1928 900/3405/712
f 84/72/72 2643/2837/2709 2646/173/172
f 2546/2986/2853 2544/3087/2938 2413/3090/2941 2547/2987/2854
f 2154/2184/1338 2155/936/933 2156/1589/1564
f 2815/1806/1771 2810/2612/2508 2814/3178/3013
f 2048/1609/1584 2042/1798/1763 2041/2132/2071
f 1730/3406/838 1729/1551/1527 1749/2507/2408
f 2049/3407/1620 2046/810/807 2052/809/806
f 2050/1611/1586 2045/1532/1509 2048/1609/1584
f 1184/2091/2031 1172/2090/2030 1178/3408/2298
f 2051/3379/3176 2046/810/807 2050/1611/1586
f 2970/967/963 2952/974/970 2951/3409/3199
f 2106/1495/1474 2107/3410/2278 2104/3411/2277
f 2055/3367/3167 2048/1609/1584 2041/2132/2071
f 3172/425/425 3174/3412/3200 3175/1371/1358
f 804/1816/1781 787/168/167 793/170/169
f 2050/1611/1586 2056/1610/1585 2051/3379/3176
f 1628/2794/2672 1625/3413/3201 1627/3131/2973
f 3084/1072/1064 3112/1156/1145 3082/2426/2335
f 709/1150/1139 713/1615/1590 711/1614/1589
f 807/1095/1087 805/1818/1783 800/1094/1086
f 1548/3414/2889 1544/3105/2952 1545/3079/2931
f 3335/416/416 1947/3287/2435 1944/3380/1978
f 271/526/525 269/488/488 270/988/984
f 2061/1883/1843 2058/1869/1829 2060/3415/3202
f 2062/811/808 2059/1888/1848 2061/1883/1843
f 3399/1315/3203 3409/2308/3204 3408/2108/3144
f 2010/3416/3205 2009/2855/2728 2007/2215/2146
f 388/111/110 386/876/873 387/875/872
f 1950/1874/1834 2063/1881/1841 2060/3415/3202
f 1038/3417/2187 3147/2387/2300 1040/2420/347
f 1837/371/371 1836/3243/3065 1835/3263/3088
f 1181/1572/1548 1187/3418/3206 1179/1089/1081
f 189/3419/3207 185/2598/2494 186/2095/2035
f 2053/3420/3208 2054/1498/1477 2049/1645/1620
f 1459/960/956 1451/2075/2015 1454/961/957
f 2804/2303/2222 2802/3220/3045 2803/2304/2223
f 1890/1264/1252 1895/3421/3209 1891/942/939
f 2078/1009/1004 2083/2046/1988 2076/3188/3020
f 1758/623/622 2077/3299/3116 2075/3422/2117
f 322/659/658 323/2649/2542 318/2472/2375
f 1763/2065/2006 1757/1520/1498 1765/2063/2004
f 3409/2308/3204 3416/2310/3210 3424/341/3145
f 858/3423/3211 863/1023/1017 861/1910/1867
f 662/3424/1868 685/3425/925 661/1558/1534
f 637/368/368 628/3426/3212 639/701/699
f 1727/840/837 2080/1010/1005 1724/3427/3163
f 1141/2370/2285 1130/3428/497 1142/477/477
f 1905/3332/3140 1906/3429/1782 2039/1797/1762
f 2968/2577/2475 2964/3430/3213 2965/1428/1412
f 866/550/549 870/3385/3180 868/1770/1737
f 3145/3431/3214 3150/2278/2200 3143/2629/2525
f 719/1658/1631 717/2258/2181 599/1656/1629
f 1097/578/577 1094/279/279 1099/576/575
f 1796/299/299 1789/707/704 1797/297/297
f 949/3271/3094 870/3385/3180 872/3432/3215
f 421/955/951 493/419/419 419/450/450
f 1913/1690/1662 1907/1250/1238 1909/1691/1663
f 957/494/494 958/2019/1965 955/3264/3089
f 2184/745/742 2183/3226/3048 2180/1311/1299
f 2094/3199/3028 2070/2220/2151 2092/762/759
f 2142/437/437 2139/436/436 2144/2008/1953
f 2199/326/326 2218/3433/3216 2221/3434/3217
f 1656/2465/2369 1704/3139/2980 1652/3142/2983
f 2065/1367/1356 2095/1366/1355 2067/3435/2020
f 975/1052/1044 968/1119/1109 966/1361/1350
f 889/1958/1909 883/2401/2313 887/3436/1219
f 646/999/994 649/3437/3173 688/1865/1825
f 2097/1267/1255 2094/3199/3028 2099/820/817
f 2947/3124/2967 2944/452/452 2948/1954/1905
f 2169/2050/1992 2173/2631/2527 2162/796/793
f 3053/3252/3073 3054/153/152 3048/1822/1786
f 2893/3438/3218 2891/3034/2896 2887/2521/2420
f 1142/477/477 1130/3428/497 1136/2549/496
f 142/130/129 518/468/468 511/1178/1167
f 1308/3439/3219 1310/3440/3220 1307/2333/2250
f 916/159/158 914/1174/1163 923/1964/1914
f 3264/1115/1106 3262/1625/1600 3263/3441/3221
f 1945/601/600 1952/1875/1835 1949/602/601
f 2769/3442/3222 2760/3443/3223 2767/1986/1933
f 3201/984/980 3195/3256/3077 3188/982/978
f 2263/3334/3141 2266/2505/2406 2264/2506/2407
f 2239/3444/3224 2237/1730/1698 2240/3445/1213
f 2117/3446/2720 2115/3357/3160 2116/3447/3225
f 2116/3447/3225 2118/1481/1460 2117/3446/2720
f 2831/3448/1724 2830/3449/3226 2835/1976/1923
f 1364/3450/3227 50/3451/3228 1361/1102/1094
f 3308/1893/1851 3307/1979/1926 3311/1605/1580
f 2119/1482/1461 2117/3446/2720 2118/1481/1460
f 2949/3452/3229 2956/2153/2090 2954/973/969
f 2729/200/199 2727/3066/2922 2728/201/200
f 2117/3446/2720 2120/3453/3230 2121/3454/3231
f 2120/3453/3230 2122/3455/3232 2121/3454/3231
f 986/1747/1715 979/2082/2022 965/2129/2068
f 2120/3453/3230 2123/2838/2710 2124/363/363
f 220/3369/3169 214/900/897 217/315/315
f 3096/3253/3074 3095/2565/2463 3094/3456/3233
f 2808/3457/3234 2807/1805/1770 2812/1804/1769
f 1017/2165/2101 1016/492/492 1018/2209/2139
f 981/294/294 983/3458/985 982/295/295
f 1888/941/938 1887/1811/1776 1777/721/718
f 2136/310/310 2130/860/857 2134/862/859
f 166/1485/1464 156/8/8 167/3107/2954
f 74/51/51 2591/164/163 2594/3088/2939
f 2179/277/277 2198/2728/2611 2200/3459/3235
f 2233/1672/1645 2241/3460/1214 2242/2689/2240
f 2687/2921/2792 2688/266/266 2690/265/265
f 1255/2605/2503 1266/1602/1577 1262/1601/1576
f 916/159/158 925/1944/1895 920/1943/1894
f 2142/437/437 2144/2008/1953 2145/1906/1863
f 3302/1016/1011 3282/1902/1859 3313/2733/2615
f 2139/436/436 2149/2181/2113 2144/2008/1953
f 3474/3461/3236 3472/3462/3237 3476/2600/3080
f 969/1968/1917 975/1052/1044 966/1361/1350
f 1695/953/949 1630/3463/3238 1632/1352/1341
f 162/3464/3239 160/839/836 154/838/835
f 1050/695/693 1043/2749/2631 1052/786/783
f 871/3465/3240 953/1867/1827 869/3233/3054
f 3357/837/834 3354/3466/3241 3356/499/499
f 1090/2025/1971 1089/1702/1672 243/2026/34
f 2065/1367/1356 2071/1907/1864 2068/3312/3124
f 2126/364/364 2161/1594/1569 2129/365/365
f 848/387/387 845/1879/1839 847/1885/1845
f 1588/1517/1495 1586/3467/3242 1580/3468/3243 1583/1518/1496
f 471/1146/1135 452/1863/1823 458/882/879
f 1324/2240/2167 44/2915/2786 1322/2241/2168
f 871/3465/3240 949/3271/3094 951/2190/2121
f 3176/2731/2613 3175/1371/1358 2215/3469/3010
f 1308/3439/3219 1306/1932/1884 1309/2617/2513
f 922/3219/3044 932/2218/2149 935/3470/3244
f 2567/3471/3245 2587/3472/3246 2586/3473/1473
f 813/1142/1131 842/1715/1685 815/283/283
f 2774/2322/2239 2770/3474/3247 2771/3309/3122
f 955/3264/3089 950/3266/3091 947/3475/3248
f 3427/2213/3249 3434/3476/3250 3433/1620/3251
f 922/3219/3044 936/3477/3252 921/160/159
f 2081/1011/1006 2082/1919/1872 2083/2046/1988
f 962/2020/1966 963/2066/2007 960/2018/1964
f 440/2134/2073 435/3189/3021 436/2135/2074
f 1699/1212/1201 1697/3478/3253 1702/64/64 1705/2894/2766
f 2085/498/498 1730/841/838 1751/3479/3254
f 2576/3480/2850 2579/3481/2849 2567/3471/3245
f 2177/1310/1298 2180/1311/1299 2183/3226/3048
f 1111/2013/1958 1122/1760/1728 1118/31/31
f 2600/750/747 2598/893/890 2596/1791/1756
f 3195/3256/3077 3190/1536/1513 3188/982/978
f 1484/2962/2829 1486/2803/2679 1483/2802/2678 1481/2963/2830
f 266/2814/2690 264/487/487 263/588/587
f 2508/3020/2884 2484/2076/2016 2481/68/68 2483/67/67
f 2988/196/195 2986/2840/2712 2987/197/196
f 1011/1461/1441 1008/1802/1767 1007/1803/1768
f 24/3217/3043 1202/2164/2100 1196/2163/2099
f 2710/2152/2089 2699/770/767 2703/991/986
f 2193/2394/2307 2194/2286/2205 2198/2728/2611
f 1213/2487/2389 1215/3482/3255 1221/3324/3133
f 3286/1191/1180 3298/3483/3256 3291/2438/2347
f 1842/1343/1332 1879/3484/3257 1878/1344/1333
f 3098/962/958 3102/3082/2933 3097/1416/1400
f 2202/2139/2076 2179/277/277 2200/3459/3235
f 1898/3321/3130 1869/3181/3016 1897/3322/3131
f 659/3179/3014 661/3485/1534 656/2223/1535
f 3376/329/329 1073/950/946 1076/3486/3186
f 2062/811/808 2051/3379/3176 2059/1888/1848
f 1845/1355/1344 1839/2043/1985 1841/2045/1987
f 2824/2105/2045 2823/3487/3258 2822/1442/1424
f 2210/304/304 2208/2102/2042 2211/305/305
f 763/3488/3259 772/460/460 814/3489/3260
f 2214/3176/3011 2212/303/303 2213/3490/3261
f 880/814/811 854/1941/1892 851/1341/875
f 1865/655/654 1888/941/938 1891/942/939
f 2204/2103/2043 2210/304/304 2218/3433/3216
f 1430/1957/1908 1427/2429/2338 1432/2665/2554
f 30/1242/1230 32/2509/2410 31/2508/2409
f 1621/3491/3262 1694/952/948 1692/3492/3263
f 1266/1602/1577 1263/2607/2505 1265/1680/1653
f 3454/3048/3264 3458/1992/1939 3456/2766/3265
f 1864/3206/3034 1872/2298/2217 1888/941/938
f 1300/2632/2528 1311/2618/2514 1309/2617/2513
f 2016/1792/1757 1787/3493/2459 2013/3494/3266
f 910/3350/3154 903/716/713 905/1982/1929
f 3163/692/690 887/1230/1219 3162/1232/1221
f 2098/3495/1254 3202/559/558 2095/3496/1355
f 297/907/904 353/800/797 246/906/903
f 3329/1223/1212 1962/1719/1689 1954/647/646
f 2226/1846/209 2229/1683/1656 2228/1844/1808
f 1737/1258/1246 1769/902/899 1771/1259/1247
f 2351/3004/2869 2390/2518/2417 2391/3073/2926
f 898/1935/1887 3161/1231/1220 3160/2529/2429
f 1204/24/24 24/3217/3043 1209/3497/3267
f 2232/1685/1658 2233/1672/1645 2230/1671/1644
f 2837/1975/1725 2840/3498/3268 2841/3499/3269
f 2235/1729/1697 2234/2137/208 2236/3500/3270
f 3159/1488/1467 933/3167/3007 930/3501/3115
f 2939/1963/1913 2938/1962/1912 2937/59/59 2941/58/58
f 936/3477/3252 934/3502/3271 937/1567/1543
f 2010/3416/3205 2011/2214/2145 2014/3503/3272
f 790/1795/1760 792/3504/1389 794/338/338
f 1742/3348/3152 1736/1955/1906 1738/2311/2230
f 2239/3444/3224 2233/1672/1645 2232/1685/1658
f 2046/810/807 2051/3379/3176 2062/811/808
f 2164/1388/1375 2163/2037/1980 2125/1386/1373
f 3395/255/3273 3392/2393/3274 3394/3505/3275
f 1161/1275/1263 1154/2700/2585 1155/3211/3039
f 878/1340/1330 880/814/811 851/1341/875
f 1974/3506/3119 2028/1209/1198 2034/1776/1743
f 1734/1641/1616 1732/3174/898 1735/2461/900
f 2743/3507/3276 2734/3508/2962 2741/1039/1033
f 3375/1363/1352 3377/2574/2472 3372/1364/1353
f 347/761/758 302/1165/1154 307/2471/2374
f 2253/1608/1583 2158/1588/1563 2250/1655/1628
f 1345/1204/1193 47/1203/1192 1343/2528/2428
f 3465/3509/3277 3453/2765/3278 3457/3510/3279
f 685/3425/925 861/1910/1867 863/1023/1017
f 1823/2371/2286 1829/1583/1558 1822/3251/3072
f 212/317/317 202/3200/3029 203/320/320
f 1044/348/348 1052/786/783 1041/2545/2445
f 967/1966/1915 979/2082/2022 980/296/296
f 932/2218/2149 933/3511/3007 934/3502/3271
f 3138/2630/2526 3122/2055/1997 3139/996/991
f 1277/3512/3280 1278/3513/1101 1273/3514/3281
f 341/1915/1870 337/712/709 339/404/404
f 259/1289/1277 251/1288/1276 252/2032/1381
f 1812/474/474 1835/3263/3088 1836/3243/3065
f 1144/2337/2253 13/929/926 1149/1469/1449
f 3215/3246/3067 3250/30/30 3219/1177/1166
f 1084/528/527 1083/2236/2163 1085/1247/1235
f 2267/313/313 2266/2505/2406 2270/314/314
f 662/3515/1868 1054/684/682 859/1207/1196
f 3153/2279/2201 3145/3431/3214 3151/1767/1735
f 2449/3516/2361 2551/2720/2605 2444/2949/2818
f 2852/3326/3134 2851/2125/2064 2834/2127/2066
f 1801/3235/3057 1798/298/298 1800/896/893
f 389/877/874 351/2324/2241 350/2299/2218
f 2451/3517/3282 2453/3346/3150 2452/3518/2460 2450/3519/1173
f 181/3520/3283 117/3521/3284 177/2958/2826
f 1220/2488/2390 1226/2586/2482 1218/424/424
f 70/2117/2057 66/3146/2987 67/49/49 2568/3522/3285
f 1099/576/575 1094/279/279 473/2259/593
f 2321/3523/2520 2325/76/76 2324/3524/2519
f 3014/2406/2317 3013/2747/2629 3009/3525/3286 3008/2405/2316
f 2511/3526/3287 2502/3067/2923 2503/3144/2985 2505/3401/3196
f 1519/2016/1962 1510/1735/1703 1513/2641/2535
f 1476/2828/2703 1472/2827/2702 1475/3159/2997 1477/3158/2996
f 1629/3027/2890 1628/2794/2672 1627/3131/2973
f 1680/90/89 1682/3051/2909 1685/3050/2908 1678/290/290
f 1623/3527/3288 1624/2793/2671 1619/3528/3289 1620/3133/2975
f 2302/2774/2654 2299/2773/2653 2304/2786/2664 2307/3529/3290
f 192/2491/2392 191/3530/2127 190/3531/3291 189/3419/3207
f 2521/54/54 2552/557/556 2551/2720/2605 2520/2723/2607
f 1373/3532/3292 1372/519/518 1375/1934/1886
f 1463/2852/2725 1461/217/216 1464/3533/3293 1466/2991/2858
f 1388/2614/2510 1385/3534/3294 1390/2615/2511
f 1012/3535/3295 965/2129/2068 961/493/493
f 1209/3497/3267 25/2446/2355 1207/318/318
f 1169/2604/2502 17/2382/2296 16/1304/1292
f 3445/3536/3296 3438/1662/3297 3446/3537/3298
f 190/3531/3291 185/2598/2494 189/3419/3207
f 1474/2826/2701 1482/3538/3299 1497/3539/3300 1471/2990/2857
f 174/3540/3301 115/214/213 114/107/106 113/106/105
f 188/3541/3302 187/3542/3303 195/987/983 194/2097/2037
f 2554/124/123 2524/3543/3304 2556/125/124
f 2298/2829/2704 2332/2784/2662 2301/2787/2665
f 2409/3544/2958 2405/3545/2957 2436/2876/2748 2438/872/869
f 1478/3153/2992 1480/3546/3305 1476/2828/2703 1477/3158/2996
f 2446/3047/2903 2442/874/871 2447/1185/1174
f 2554/124/123 2522/53/53 2523/2782/2660
f 1500/2501/2402 1465/2851/2724 1468/2853/2726 1499/2845/2716
f 161/3547/3306 160/839/836 162/3464/3239
f 2542/3548/3307 2545/127/126 2541/126/125
f 2507/3402/3197 2485/2077/2017 2506/3549/3308
f 2898/793/790 2887/2521/2420 2886/2520/2419
f 116/213/212 117/3521/3284 150/3550/3309 149/145/144
f 1521/1634/1609 1517/2502/2403 1520/2846/2717 1522/3551/3310
f 2990/2098/2038 2985/2841/2713 2984/2099/2039
f 1718/118/117 1715/3113/2960 1714/2934/2805 1717/3552/3311
f 2447/1185/1174 2442/874/871 2445/445/445 2529/1183/1172
f 2412/3046/2817 2409/3544/2958 2438/872/869 2443/871/868
f 2491/3037/2898 2489/3055/2913 2490/3143/2984 2493/3068/2924
f 2450/1184/1173 2446/3047/2903 2447/1185/1174
f 1527/2206/2135 1490/2205/2134 1489/3025/2888 1526/3553/3312
f 2344/3372/3171 2343/2825/2700 2345/2692/2579
f 1472/2827/2702 1470/3106/2953 1473/3554/3313 1475/3159/2997
f 1865/655/654 1861/3293/3110 1864/3206/3034
f 87/82/81 140/135/134 91/149/148 86/151/150
f 1698/65/65 1697/3478/3253 1696/1351/1340
f 1545/3555/2931 1634/3042/2900 1633/3129/2972
f 1641/3096/2947 1635/2971/2838 1638/2970/2837
f 2526/2858/2731 2525/3556/3314 2510/3403/3198 2509/3019/2883
f 1453/3154/2993 1478/3153/2992 1477/3158/2996 1445/3557/2755
f 2621/1833/1797 2620/2904/2776 2617/631/630
f 2622/176/175 2617/631/630 2618/2473/2376
f 3458/3558/3315 3459/3559/3316 3462/3560/3317
f 3210/1200/1189 3214/2131/2070 3213/586/585
f 1283/849/846 1280/2434/2343 1285/850/847
f 654/235/234 657/2226/2154 700/233/232
f 613/3023/2886 1801/3235/3057 1804/3236/3058
f 1456/3561/3318 1504/1990/1937 1450/3562/3319
f 1503/3563/3320 1459/960/956 1502/2656/2547
f 2291/2830/2705 2284/3564/3321 2286/2122/2062
f 1369/518/517 1363/3565/3322 1372/519/518
f 2697/46/46 100/2791/2669 102/43/43
f 2317/867/864 2314/2497/2398 2316/2866/2738 2319/866/863
f 164/3103/1462 157/3566/3323 158/3567/1463
f 2751/1278/1266 2747/2880/2752 2750/2879/2751
f 2479/2844/2715 2475/3031/2893 2477/581/580
f 2326/2908/2780 2327/2677/2565 2323/2676/2564
f 2281/3136/2977 2280/2761/2641 2283/666/665
f 213/321/321 205/1549/1368 208/1550/1526
f 2342/3003/2868 2340/3568/3324 2344/3372/3171
f 242/36/36 358/804/801 360/806/803
f 1551/2451/2359 1519/2016/1962 1550/2450/2358
f 1435/2412/2322 1423/2896/2768 1437/2413/2323
f 3406/3569/3325 3398/3570/3326 3397/1313/3327
f 621/1424/1408 616/888/885 618/887/884
f 70/2117/2057 2568/3522/3285 2565/199/198 2569/2118/2058
f 2368/3571/3328 2366/2712/2598 2364/2251/2175
f 1468/2853/2726 1466/2991/2858 1471/2990/2857
f 1673/3572/3329 1584/3085/2936 1586/3467/3242 1674/3573/3330
f 2733/216/215 2720/2780/2394 2731/3118/2393
f 2310/2800/2676 2305/2770/2650 2309/2806/2682
f 1505/2957/2825 1453/3574/2993 1445/2883/2755 1447/2882/2754
f 2596/1791/1756 2591/164/163 2592/3575/3331
f 1663/3576/3332 1659/732/729 1661/3063/2920
f 2748/3577/3333 2758/3198/3027 2765/2817/2693
f 1488/3578/1013 1484/2962/2829 1485/2961/1014
f 1499/2845/2716 1471/2990/2857 1497/3539/3300
f 2760/3579/3223 2759/3011/2876 2757/3014/2878
f 2463/3316/3126 2462/2847/2718 2465/3580/3334 2466/3581/2970
f 1671/2966/2833 1584/3085/2936 1673/3572/3329
f 934/3582/3271 3156/2005/1950 937/3583/1543
f 1709/2463/2367 1656/2465/2369 1654/3584/3335 1657/2932/2803
f 1465/2851/2724 1501/2504/2405 1462/2657/2548
f 188/3541/3302 180/2959/2827 187/3542/3303
f 2635/174/173 2637/3585/3336 2638/898/895 2634/175/174
f 1597/3001/2866 1599/3095/2946 1595/2823/2699 1594/3093/2944
f 1230/2541/2441 27/1807/1772 28/2475/2378 1228/2474/2377
f 1659/732/729 1602/731/728 1601/3064/2864 1661/3063/2920
f 3255/2588/2484 3229/3586/3337 3241/3391/3184
f 886/2402/2314 895/3284/3103 897/3260/3085
f 1654/3584/3335 1655/729/726 1657/2932/2803
f 3149/1768/1736 937/3583/1543 3156/2005/1950
f 2368/3571/3328 2372/3017/2881 2367/2517/2416
f 2466/3127/2970 2499/3126/2969 2517/2481/2384 2463/3587/3126
f 2416/3588/3338 2404/3589/3339 2417/242/241 2421/3590/3340
f 2601/748/745 2589/2952/399 2599/749/746
f 1867/3591/3341 536/1244/1232 551/756/753 1862/654/653
f 2303/2769/2649 2302/2774/2654 2305/2770/2650
f 1573/2931/2802 1567/2930/2801 1570/3592/3342 1576/2872/2744
f 1509/1020/1015 1485/1019/1014 1479/3593/2831 1507/1736/1704
f 158/3567/1463 155/2500/2401 153/3594/3343
f 1522/3551/3310 1520/2846/2717 1498/3595/3344 1496/3596/3345
f 1576/2872/2744 1570/3592/3342 1572/3597/3346 1579/2873/2745
f 1666/2976/2843 1664/3598/3347 1568/2939/2810 1574/2938/2809
f 1605/2809/2685 1599/3095/2946 1603/3123/2966 1606/3160/2998
f 1720/291/291 1669/2973/2840 1672/2818/2694
f 1494/2204/2133 1522/3551/3310 1496/3596/3345
f 2131/861/858 2124/363/363 2129/365/365
f 2636/252/251 2635/174/173 2629/3599/3348
f 1663/3576/3332 1661/3063/2920 1662/3062/2919 1665/3600/3349
f 1498/3595/3344 1497/3539/3300 1482/3538/3299 1495/2801/2677
f 1592/3030/2892 1566/3601/2874 1571/3094/2945 1594/3093/2944
f 2543/3086/2937 2542/3548/3307 2419/244/243 2415/243/242
f 2338/3074/2927 2351/3004/2869 2391/3073/2926
f 52/2690/2577 1387/3602/3350 1388/2614/2510
f 2668/3603/2130 2676/773/770 2667/2610/1791
f 2678/1640/1615 2668/3603/2130 2679/2796/2129 2681/2795/2673
f 2356/2762/2642 2353/2763/244 2355/3604/247 2354/3605/3351
f 1450/3562/3319 1444/2885/2757 1448/2073/2013
f 2566/198/197 2569/2118/2058 2565/199/198
f 2417/242/241 2401/3397/3189 2414/3396/3188
f 774/458/458 766/3606/3352 771/2009/1954
f 1665/3600/3349 1664/3598/3347 1666/2976/2843
f 163/3108/2955 162/3464/3239 169/3109/2956
f 1667/2975/2842 1665/3600/3349 1666/2976/2843
f 2397/3607/3353 2394/3608/3354 2428/2954/2822 2432/2953/2821
f 2548/2875/2747 2546/2986/2853 2547/2987/2854 2550/556/555
f 2324/3524/2519 2325/76/76 2385/246/245 2353/245/244
f 1673/3572/3329 1676/3609/3355 1675/2819/2695 1671/2966/2833
f 2314/2497/2398 2311/2496/2397 2313/2805/2681 2316/2866/2738
f 1591/2813/2689 1674/3573/3330 1586/3467/3242 1588/1517/1495
f 1498/3595/3344 1495/2801/2677 1493/2804/2680 1496/3596/3345
f 1664/3598/3347 1571/3610/2945 1566/3009/2874 1568/2939/2810
f 2542/3548/3307 2540/2937/2808 2424/3611/3356 2419/244/243
f 2307/3529/3290 2315/2867/2739 2313/2805/2681 2309/2806/2682
f 2421/3590/3340 2417/242/241 2419/244/243 2424/3611/3356
f 151/2979/2846 88/80/80 87/82/81 86/151/150
f 2957/968/964 2964/3430/3213 2969/969/965
f 1719/116/115 1667/2975/2842 1669/2973/2840
f 2977/3612/3357 2994/448/448 2995/3613/3358
f 786/1786/1753 784/1748/1716 787/168/167
f 2804/2303/2222 753/2264/2186 2802/3220/3045
f 2434/2978/2845 2432/2953/2821 2431/2956/2824
f 1658/3614/727 1610/3276/2259 3381/3275/1223 3383/3615/1225
f 1711/3161/2999 1716/3112/2959 1710/3058/2916
f 1493/2804/2680 1494/2204/2133 1496/3596/3345
f 1650/2683/2571 1647/2305/2224 1649/1774/1741
f 1540/3097/2948 1534/3616/2902 1541/3617/2836
f 1479/3593/2831 1505/2957/2825 1507/1736/1704
f 2511/3526/3287 2505/3401/3196 2512/2781/2659 2514/2783/2661
f 3254/3618/3359 3214/2131/2070 3255/2588/2484
f 2350/2386/2299 2392/336/336 2351/3004/2869
f 2380/3022/190 2492/2889/2761 2494/2888/2760
f 2414/3396/3188 2410/3619/3360 2415/243/242
f 1205/22/22 1209/3497/3267 1207/318/318
f 3204/2527/2427 2104/2362/2277 3205/2591/2487
f 1627/3131/2973 1625/3413/3201 1559/3620/3361 1557/3130/2546
f 1456/3561/3318 1448/2073/2013 1451/2075/2015
f 2606/3621/2951 2605/3622/2619 2602/3623/2618 2604/3624/3362
f 771/2009/1954 778/894/891 783/273/273
f 531/1997/1944 530/964/960 533/3180/3015
f 2453/3625/3150 3447/3114/1546 3449/3117/2961 2452/3626/2460
f 1694/952/948 1628/2794/2672 1630/3463/3238
f 1611/3627/3363 1612/3628/2260 1613/3629/1739 1615/3630/3364
f 1548/3026/2889 1633/3129/2972 1631/3631/3365
f 2473/1418/1402 2357/3325/975 2354/3632/3351 2471/2325/2242
f 136/1724/1694 342/3377/3175 340/1666/1639
f 1037/2546/2446 1018/2209/2139 946/2208/2138
f 2400/3633/3114 2397/3607/3353 2432/2953/2821 2435/3634/3366
f 3418/2522/3367 3410/3635/3368 3411/3636/3369
f 2489/3055/2913 2487/3054/2912 2488/3138/2979 2490/3143/2984
f 948/3398/3190 957/494/494 947/3475/3248
f 2391/3073/2926 2387/3162/3000 2389/2869/2741
f 330/679/678 270/988/984 329/156/155
f 1700/66/66 1641/3096/2947 1701/3140/2981
f 1625/3413/3201 1626/3637/94 1538/3638/3370 1559/3620/3361
f 1493/2804/2680 1489/3025/2888 1490/2205/2134
f 1391/2703/2589 1386/3639/2350 51/2691/2578
f 2459/3640/3127 2457/3641/3371 2461/2848/2719
f 2534/2857/2730 2558/2951/2820 2525/3556/3314 2526/2858/2731
f 2628/3642/1866 2627/2479/2382 2630/2478/2381
f 1010/2128/2067 1005/1745/1713 986/1747/1715
f 1604/2638/2533 1601/2999/2864 1602/2639/728
f 2487/3054/2912 2365/3643/3372 2478/3241/3063
f 1717/3552/3311 1668/3644/3373 1719/116/115 1718/118/117
f 2981/2084/2024 2978/3645/3374 2979/3646/3375
f 1643/97/96 1538/3647/3370 1626/95/94
f 1717/3552/3311 1665/3600/3349 1668/3644/3373
f 2331/2977/2844 2329/3648/3376 2326/2908/2780 2328/2868/2740
f 2611/264/264 2612/263/263 2608/1790/1755 2609/1101/1093
f 2498/2891/2763 2500/2862/2735 2499/3126/2969 2497/3125/2968
f 1644/96/95 1620/3649/2975 1647/2305/2224
f 1609/2914/2268 1608/3650/2270 1611/3627/3363 1614/120/119
f 2537/2950/2819 2533/2924/2795 2536/2925/2796 2539/2935/2806
f 2407/3006/2871 2406/3091/2942 2410/3619/3360
f 2520/2723/2607 2519/2480/2383 2518/55/55 2521/54/54
f 1651/3141/2982 1646/2967/2834 1645/2307/2226 1648/2306/2225
f 1672/2818/2694 1670/2874/2746 1671/2966/2833 1675/2819/2695
f 2470/2326/2243 2466/3581/2970 2465/3580/3334
f 1997/3373/3172 1994/2697/2583 1996/3209/3037
f 2397/3651/3353 2395/3652/3377 2394/3653/3354
f 2714/3156/2995 2712/914/911 2711/2151/2088 2716/3654/265
f 2305/2770/2650 2307/3529/3290 2309/2806/2682
f 2331/2977/2844 2315/2867/2739 2330/2785/2663
f 2656/1170/1159 2654/3655/3378 2642/3656/3379 2653/1171/1160
f 2655/3657/3380 2644/1384/1371 2662/237/236
f 2346/2788/2666 2344/3372/3171 2345/2692/2579
f 1701/3140/2981 1641/3096/2947 1646/2967/2834 1651/3141/2982
f 2282/2433/2342 2277/2432/2341 2274/2682/2570 2279/2824/2675
f 1637/2711/2597 1634/3042/2900 1635/2971/2838 1640/3658/3381
f 1676/3609/3355 1673/3572/3329 1674/3573/3330 1677/2807/2683
f 2704/992/987 2693/3069/2254 2694/3659/2002
f 2499/3126/2969 2500/2862/2735 2515/2482/2385 2517/2481/2384
f 1529/768/765 1527/2206/2135 1526/3553/3312 1535/765/762
f 2471/2325/2242 2355/3660/247 2472/3661/2991
f 243/2026/34 1088/380/380 236/35/35
f 1520/2846/2717 1497/3539/3300 1498/3595/3344
f 2967/3662/3382 2968/2577/2475 2965/1428/1412
f 1466/2991/2858 1464/3533/3293 1467/3663/3383 1469/2992/2859
f 107/3664/3384 2721/642/641 2723/3665/3385
f 2509/3019/2883 2484/2076/2016 2508/3020/2884
f 1680/90/89 1676/3609/3355 1677/2807/2683 1679/91/90
f 473/2259/593 1100/2271/2193 1099/576/575
f 1618/121/120 1615/3630/3364 1616/3134/2976 1621/3491/3262
f 2670/2822/2698 2680/2418/2328 2687/2921/2792
f 2474/579/578 2465/3580/3334 2468/2427/2336
f 1623/3527/3288 1625/3413/3201 1624/2793/2671
f 2575/3666/3386 2563/2755/1329 2573/3667/3387
f 1648/2306/2225 1650/2683/2571 1652/3142/2983 1651/3141/2982
f 993/1510/1488 1006/3668/2601 1004/1582/1557
f 2529/1183/1172 2451/3669/3282 2450/1184/1173
f 1460/218/217 1457/959/955 1455/3670/3388 1458/219/218
f 2537/2950/2819 2541/126/125 2557/123/122
f 1704/3139/2980 1700/66/66 1701/3140/2981
f 1598/3061/2867 1664/3598/3347 1662/3062/2919
f 1697/3478/3253 1695/953/949 1696/1351/1340
f 2528/2919/2790 2530/2856/2729 2527/2859/2732
f 2434/2978/2845 2431/2956/2824 2429/2922/2793 2433/2942/2813
f 1684/2981/2848 1682/3051/2909 1681/89/88
f 2451/3671/3282 2460/2920/2791 2457/3641/3371 2454/3099/1547
f 1655/729/726 1613/1772/1739 1612/2345/2260
f 2099/820/817 2116/3447/3225 2102/818/815
f 1644/96/95 1645/2307/2226 1642/2777/2657 1643/97/96
f 2370/3018/2882 2365/3672/3372 2369/3673/2911
f 2321/3523/2520 2317/867/864 2320/74/74
f 418/954/950 424/3674/3389 491/1454/1434
f 2461/2848/2719 2457/3641/3371 2460/2920/2791 2464/70/70
f 1715/3113/2960 1711/3161/2999 1709/2463/2367 1714/2934/2805
f 2653/1171/1160 2641/221/220 2651/223/222
f 1667/2975/2842 1577/2974/2841 1582/2871/2743 1669/2973/2840
f 2406/3091/2942 2402/3005/2870 2399/3675/3390 2403/3089/2940
f 1691/1213/1202 1688/3122/2965 1687/119/118 1689/122/121
f 1616/3134/2976 1622/2792/2670 1621/3491/3262
f 2200/3459/3235 2224/3676/3391 2202/2139/2076
f 2615/2944/252 125/669/668 2625/1195/1184
f 1712/3049/2907 1713/117/116 1685/3050/2908
f 2388/3164/3002 2386/3163/3001 2327/2677/2565 2329/3648/3376
f 1562/3677/2930 1561/2996/2863 1565/2940/2811 1563/3010/2875
f 1535/765/762 1526/3553/3312 1492/3678/3392 1537/3070/2925
f 2524/3543/3304 2525/3556/3314 2558/2951/2820 2556/125/124
f 1636/1353/1342 1633/3129/2972 1634/3042/2900 1637/2711/2597
f 2527/2859/2732 2508/3020/2884 2483/67/67 2528/2919/2790
f 2497/3125/2968 2472/3148/2991 2496/3021/2885
f 2549/2947/2816 2547/2987/2854 2411/2989/2856
f 2323/2676/2564 2322/3679/3393 2319/866/863 2326/2908/2780
f 2592/3575/3331 2603/3680/3394 2596/1791/1756
f 2472/3661/2991 2469/3681/2971 2470/2326/2243 2471/2325/2242
f 2602/3623/2618 2601/748/745 2604/3624/3362
f 2293/2946/2815 2292/2995/2862 2287/3682/3395 2291/2830/2705
f 1708/3059/2917 1712/3049/2907 1686/3052/2910 1690/3121/2964
f 2559/3683/3396 2561/3684/3397 2560/3685/3398
f 2897/614/613 2892/613/612 2893/3438/3218
f 2386/3163/3001 2375/3016/2880 2378/2678/2566 2327/2677/2565
f 1906/1817/1782 2042/1798/1763 2039/1797/1762
f 69/48/48 2568/3522/3285 67/49/49
f 2387/3162/3000 2372/3017/2881 2375/3016/2880 2386/3163/3001
f 89/150/149 91/149/148 90/9/9
f 70/2117/2057 2571/2116/77 66/3146/2987
f 2762/1279/1267 2756/3012/2877 2759/3011/2876
f 916/159/158 920/1943/1894 921/160/159
f 1480/3546/3305 1478/3153/2992 1481/2963/2830 1483/2802/2678
f 2631/3686/83 2628/3642/1866 2630/2478/2381 2632/3687/3399
f 1558/2510/2411 1559/3688/3361 1538/3689/3370 1539/2511/2412
f 1518/1633/1608 1515/2503/2404 1517/2502/2403 1521/1634/1609
f 2525/3556/3314 2524/3543/3304 2512/2781/2659 2510/3403/3198
f 243/34/34 242/36/36 360/806/803
f 19/431/431 1184/2091/2031 1178/3408/2298
f 243/2026/34 1089/1702/1672 1088/380/380
f 2762/1279/1267 2751/1278/1266 2755/3337/3143
f 1213/2487/2389 1224/2993/2860 1220/2488/2390
f 2699/770/767 2695/45/45 2698/44/44
f 2575/3666/3386 2573/3667/3387 2574/3213/3040
f 1678/290/290 1675/2819/2695 1676/3609/3355 1680/90/89
f 2544/3087/2938 2543/3086/2937 2415/243/242 2410/3619/3360
f 2638/898/895 2637/3585/3336 2636/252/251
f 3457/3510/3279 3453/2765/3278 3450/3690/3400
f 2593/1887/1847 2605/2738/2619 2613/2339/1472
f 74/51/51 2594/3088/2939 72/52/52
f 1511/1021/1016 1555/2015/1961 1560/2458/2364
f 117/3521/3284 116/213/212 118/212/211
f 75/78/78 2597/77/77 71/2902/2774
f 2698/44/44 2701/771/768 2699/770/767
f 2212/303/303 2209/3361/3162 2213/3490/3261
f 1537/3070/2925 1536/3691/2656 1533/766/763 1535/765/762
f 2522/53/53 2552/557/556 2521/54/54
f 2487/3054/2912 2478/3241/3063 2486/2843/2714 2488/3138/2979
f 1103/2272/2194 1100/2271/2193 473/2259/593
f 1908/3692/1237 1911/3292/389 2038/1801/1766
f 177/2958/2826 195/987/983 187/3542/3303
f 3474/3461/3236 3471/3693/3401 3472/3462/3237
f 1753/1526/1503 1751/3694/3254 1750/3192/3024
f 158/1484/1463 153/3695/3343 159/1501/1480
f 168/1494/1473 169/3109/2956 162/3464/3239
f 2160/795/792 2133/937/934 2161/1594/1569
f 2511/3526/3287 2516/56/56 2513/2864/2737
f 395/788/785 380/857/854 398/789/786
f 785/1749/1717 811/1143/1132 812/459/459
f 2600/750/747 2596/1791/1756 2607/3696/3042
f 79/61/61 2620/2904/2776 77/62/62
f 2325/76/76 2384/75/75 2382/188/187 2385/246/245
f 1649/1774/1741 1647/2305/2224 1620/3649/2975 1617/1775/1742
f 80/2903/2775 2623/1196/1185 76/670/669
f 2710/2152/2089 2704/992/987 2707/2195/2125
f 1035/3697/3402 1042/3698/3403 1036/3699/2574
f 2534/2857/2730 2531/444/444 2533/2924/2795
f 2501/2863/2736 2502/3067/2923 2511/3526/3287 2513/2864/2737
f 3380/2637/2532 3385/3700/2697 1607/2820/2696 1604/2638/2533
f 850/2054/1996 849/3701/1331 851/1341/875
f 2844/1270/1258 2845/2898/2770 2846/1268/1256
f 163/3108/2955 167/3107/2954 156/8/8
f 597/3273/3095 596/1506/1484 599/1656/1629
f 1650/2683/2571 1654/3584/3335 1656/2465/2369 1652/3142/2983
f 814/3489/3260 817/1299/1287 759/3354/3157
f 79/61/61 2617/631/630 2620/2904/2776
f 3083/3245/3066 3082/2426/2335 3086/3702/3404
f 2765/2817/2693 2766/147/146 2768/3703/3405
f 152/562/561 153/3695/3343 89/150/149
f 2567/3471/3245 2579/3481/2849 2587/3472/3246
f 797/340/340 790/1795/1760 794/338/338
f 84/72/72 2646/173/172 82/73/73
f 2672/2815/2691 97/2057/1999 2674/3704/3406
f 85/171/170 2649/3705/3407 81/172/171
f 2653/1171/1160 2651/223/222 2652/2718/2604
f 1048/3706/3408 1036/3699/2574 1042/3698/3403
f 1606/3160/2998 1681/89/88 1679/91/90 1605/2809/2685
f 576/1140/1129 567/2775/2655 571/822/819
f 2540/2937/2808 2538/2936/2807 2427/2758/2638 2424/3611/3356
f 2418/2893/2765 2416/3588/3338 2421/3590/3340 2423/2757/2637
f 44/2915/2786 1323/3707/13 1320/3708/2266
f 3176/2731/2613 2197/3194/328 3175/1371/1358
f 2583/3709/3409 2582/3710/3410 2570/3214/3041
f 515/1199/1188 517/467/467 514/1003/998
f 1688/3122/2965 1684/2981/2848 1683/2980/2847 1687/119/118
f 2572/3711/3411 2573/3667/3387 2571/2116/77
f 3320/2021/1967 3323/1218/1207 3308/1893/1851
f 2498/2891/2763 2496/3021/2885 2494/2888/2760
f 1526/3553/3312 1489/3025/2888 1487/3024/2887 1492/3678/3392
f 1059/2727/2610 3/3712/2 231/3713/374
f 2972/3714/3412 2971/3715/3413 2967/3662/3382
f 3212/1403/1387 3210/1200/1189 3251/1401/1385
f 2671/2058/2000 96/86/85 94/88/87
f 1618/121/120 1611/3627/3363 1615/3630/3364
f 1637/2711/2597 1700/66/66 1698/65/65
f 2750/2879/2751 112/2878/2750 2752/597/596
f 2674/3704/3406 97/2057/1999 95/2056/1998
f 1020/2166/993 1035/3697/3402 1023/3716/3151
f 1575/3083/2934 1579/2873/2745 1572/3597/3346
f 2658/3717/3414 2657/3718/3415 2654/3655/3378 2656/1170/1159
f 2370/3018/2882 2369/3673/2911 2371/2886/2758 2373/3015/2879
f 2322/3679/3393 2323/2676/2564 2381/2675/2563 2384/75/75
f 1717/3552/3311 1714/2934/2805 1660/2933/2804 1663/3576/3332
f 129/3719/3416 2719/2779/2658 2728/201/200
f 1784/3223/2458 1781/705/702 1786/2187/2118
f 2848/1755/1723 2847/2575/2473 2846/1268/1256
f 2736/215/214 2725/641/640 2729/200/199
f 3464/3720/3417 3463/3721/3418 3460/1994/1941
f 2402/3005/2870 2396/3008/2873 2395/3652/3377 2399/3675/3390
f 2595/79/79 2598/893/890 2597/77/77
f 1482/3538/3299 1480/3546/3305 1483/2802/2678 1495/2801/2677
f 2206/3722/3419 2197/3194/328 3176/2731/2613
f 2713/3155/2994 2714/3156/2995 2716/3654/265
f 3039/1927/1880 3040/333/333 3037/332/332
f 2517/2481/2384 2519/2480/2383 2459/3317/3127 2463/3316/3126
f 2944/452/452 2940/1961/1911 2941/58/58
f 1360/1698/1668 1361/1102/1094 1357/1104/1096
f 2697/46/46 101/92/91 99/94/93
f 2704/992/987 2705/2196/2001 2707/2195/2125
f 2724/643/642 107/3664/3384 2726/3065/2921
f 2700/104/103 102/43/43 100/2791/2669
f 2650/3723/3420 2651/223/222 2649/3705/3407
f 2468/2427/2336 2462/2847/2718 2467/69/69
f 1542/3080/2932 1540/3097/2948 1541/3617/2836 1543/3081/2901
f 1475/3159/2997 1442/3724/2914 1443/3157/2756
f 2823/3487/3258 2818/1984/1931 2822/1442/1424
f 366/3725/3153 1090/2025/1971 361/2027/805
f 2245/2452/524 3179/2068/2008 3182/2514/2413
f 2176/276/276 2172/978/974 2174/1083/1075
f 2403/3089/2940 2397/3651/3353 2400/3297/3114
f 2741/1039/1033 2720/2493/2394 2719/3726/2658
f 2541/126/125 2539/2935/2806 2540/2937/2808 2542/3548/3307
f 2718/3727/3421 2741/1039/1033 2719/3726/2658
f 2584/3249/3070 2570/3214/3041 2566/198/197
f 2584/3249/3070 2586/3473/1473 2585/3728/3422
f 3451/3729/3423 3459/3559/3424 3450/3690/3400
f 2967/3662/3382 2971/3715/3413 2968/2577/2475
f 1037/2546/2446 1042/3698/3403 1035/3697/3402
f 2723/3665/3385 106/98/97 104/100/99
f 2649/3705/3407 85/171/170 2647/3092/2943
f 2726/3065/2921 107/3664/3384 105/3730/3425
f 172/3731/3426 173/3102/2950 171/1492/1471
f 2839/1327/1317 2843/1269/1257 2840/3498/3268
f 1022/2167/2102 1024/1850/1812 1017/2165/2101
f 3292/1322/1312 3294/2439/2348 3306/1894/1852
f 3231/1055/1047 3228/3732/3427 3232/3733/3428
f 171/1492/1471 173/3102/2950 170/1493/1472
f 2558/2951/2820 2534/2857/2730 2533/2924/2795 2537/2950/2819
f 155/2500/2401 157/3566/3323 171/1492/1471
f 1566/3601/2874 1590/2927/2798 1563/3078/2875
f 1534/3616/2902 1530/2960/2828 1529/768/765 1532/767/764
f 2507/3402/3197 2506/3549/3308 2509/3019/2883 2510/3403/3198
f 912/1187/1176 918/3205/3033 945/2033/1976
f 2661/236/235 2660/3734/3429 2648/2717/2603
f 1243/2372/2287 1242/791/788 1236/2544/2444
f 2584/3249/3070 2566/198/197 2562/3250/3071
f 1549/1779/1746 1547/3735/3430 1551/2451/2359
f 2662/237/236 2664/2089/2029 2663/238/237
f 2588/3736/3431 2591/164/163 74/51/51
f 106/98/97 2718/3727/3421 2719/3726/2658
f 2038/1801/1766 1906/1817/1782 1908/1249/1237
f 2749/2881/2753 111/101/100 109/103/102
f 1594/3093/2944 1595/2823/2699 1593/2812/2688 1592/3030/2892
f 1586/3467/3242 1578/3084/2935 1580/3468/3243
f 2623/1196/1185 80/2903/2775 2621/1833/1797
f 2752/597/596 112/2878/2750 110/178/177
f 2684/249/248 2678/1640/1615 2681/2795/2673
f 1539/3072/2412 1538/3737/3370 1536/3691/2656 1537/3070/2925
f 1867/3591/3341 1897/3322/3131 1869/3181/3016
f 2584/3249/3070 2583/3709/3409 2577/3738/3432
f 2423/2757/2637 2421/3590/3340 2424/3611/3356 2427/2758/2638
f 1465/2851/2724 1457/959/955 1460/218/217
f 1558/2510/2411 1557/2655/2546 1559/3688/3361
f 1106/2398/2310 1102/2023/1969 1103/2272/2194
f 2809/3739/3433 2811/2900/2772 2827/2899/2771
f 294/1141/1130 292/567/566 290/552/551
f 662/3515/1868 664/2367/2282 665/3279/3100
f 2075/3422/2117 2074/1908/1865 2072/2312/2116
f 1596/2808/2684 1674/3573/3330 1591/2813/2689
f 2666/1826/1790 2669/2816/2692 2670/2822/2698
f 2440/2941/2812 2441/446/446 2439/873/870 2437/2877/2749
f 183/2096/2036 188/3541/3302 194/2097/2037
f 2610/262/262 2592/3575/3331 2588/3736/3431
f 804/1816/1781 805/1818/1783 806/3382/3178
f 2000/2409/2319 630/3305/3050 2770/3474/3247
f 1222/229/228 1221/3324/3133 1215/3482/3255
f 711/1614/1589 715/1637/1612 716/2124/2063
f 2772/3740/3434 1992/1834/1798 1997/3373/3172
f 631/2486/2388 2773/1307/1295 2771/3309/3122
f 635/1472/1451 627/702/700 628/3426/3212
f 2724/643/642 2727/3066/2922 2725/641/640
f 3263/3441/3221 3265/2261/2183 3264/1115/1106
f 2128/3741/2261 3195/3256/3077 2122/3742/3232
f 952/1868/1828 953/1867/1827 951/2190/2121
f 2012/3743/3435 2003/2854/2727 2009/2855/2728
f 909/1186/1175 950/3266/3091 908/3270/3093
f 2013/3494/3266 2005/1295/1283 2012/3743/3435
f 2015/2628/2524 2017/1734/1702 2018/2254/2178
f 1551/2451/2359 1553/3744/3436 1552/2017/1963
f 2789/384/384 2784/2267/2189 2788/382/382
f 600/1392/1379 601/1393/1380 211/1390/1377
f 532/3745/962 2784/2267/2189 535/3746/1228
f 2013/3494/3266 2019/2253/2177 2016/1792/1757
f 2784/2267/2189 532/3745/962 2786/3747/3437
f 2786/3747/3437 532/3745/962 529/3748/2312
f 2786/3747/3437 529/3748/2312 2787/1764/1732
f 2786/3747/3437 2787/1764/1732 2784/2267/2189
f 1866/2183/2115 1859/3207/3035 1857/3259/3084
f 620/2705/2591 627/702/700 623/1437/1419
f 2920/2644/2537 2919/2643/2536 2918/3749/3438
f 334/672/671 314/618/617 331/470/470
f 1770/1696/1666 1767/544/543 1768/546/545
f 1065/144/143 3369/1612/1587 1062/3750/3439
f 1105/3218/330 1075/2022/1968 1104/2024/1970
f 241/393/393 245/566/565 246/906/903
f 2225/3751/1809 3179/2068/2008 3180/1895/1853
f 1903/1365/1354 523/1215/1204 524/2138/2075
f 2798/1835/1799 1992/1834/1798 2775/1920/1873
f 2505/3401/3196 2503/3144/2985 2504/3137/2978 2507/3402/3197
f 951/2190/2121 950/3266/3091 956/3265/3090
f 2800/832/829 2796/3752/3440 2794/833/830
f 1928/1285/1273 1926/3753/1551 1929/3754/1050
f 782/2469/2373 526/3755/3132 521/1727/1203
f 1333/2174/2107 1334/3756/3441 1331/2315/2232
f 1083/2236/2163 1063/1246/1234 1085/1247/1235
f 3128/1251/1239 3123/1227/1216 3125/3757/3442
f 2529/1183/1172 2445/445/445 2531/444/444 2530/2856/2729
f 943/3399/3191 946/2208/2138 948/3398/3190
f 3280/1192/1181 3279/1969/1918 3285/1193/1182
f 1838/2044/1986 436/3267/2074 1837/371/371
f 1615/3630/3364 1613/3629/1739 1617/3135/1742 1616/3134/2976
f 1381/2039/1981 1378/2041/1983 1380/3758/3443
f 2813/3759/3444 2816/2673/2561 2817/3760/3445
f 746/27/27 757/1717/1687 758/1300/1288
f 2785/3341/3147 2790/1753/1721 2783/3761/3446
f 415/956/952 419/450/450 417/451/451
f 2817/3760/3445 2816/2673/2561 2818/1984/1931
f 2816/2673/2561 2819/2672/2560 2818/1984/1931
f 2307/3529/3290 2304/2786/2664 2330/2785/2663 2315/2867/2739
f 652/1562/1538 688/1865/1825 649/3437/3173
f 475/412/412 471/1146/1135 474/1082/1074
f 2965/1428/1412 2962/3762/3447 2961/1429/1413
f 969/1968/1917 972/1967/1916 971/1228/1217
f 3040/333/333 3042/744/741 3041/743/740
f 2880/3763/3448 2882/2626/2522 2899/794/791
f 1259/2698/1655 1252/1705/1675 1261/2294/2213
f 1787/3493/2459 2005/1295/1283 2013/3494/3266
f 207/3764/1039 453/783/780 201/572/571
f 109/103/102 110/178/177 112/2878/2750 2749/2881/2753
f 769/1744/1712 772/460/460 766/3606/3352
f 3092/2566/2464 3091/678/677 3093/3765/3449
f 3433/1620/3450 3443/3766/3451 3442/1621/3452
f 3029/133/132 3023/742/739 3024/134/133
f 3025/1136/1125 3023/742/739 3042/744/741
f 513/1190/1179 514/1003/998 512/455/455
f 1078/2424/2333 1096/1544/1521 1080/2422/2331
f 2958/2603/2501 2954/973/969 2955/2364/2279
f 876/535/534 907/537/536 909/1186/1175
f 276/513/512 265/1034/1028 267/1780/1747
f 2885/1740/1708 2888/3035/2897 2889/3767/3453
f 2841/3499/3269 2840/3498/3268 2842/2576/2474
f 2840/3498/3268 2843/1269/1257 2842/2576/2474
f 938/220/219 919/158/157 924/1566/1542
f 1732/901/898 1765/2063/2004 1767/544/543
f 1860/977/973 1861/3293/3110 1862/654/653
f 1841/2045/1987 1838/2044/1986 1840/1382/1369
f 707/1782/1749 644/971/967 713/1615/1590
f 1349/2659/2549 1344/3390/1902 45/2635/2531
f 1423/2896/2768 1424/1859/1819 1420/1861/1821
f 3269/3768/3454 3270/1872/1832 3268/3255/3076
f 2965/1428/1412 2964/3430/3213 2963/3769/3455
f 3016/285/285 3018/1924/1877 3017/3222/3047
f 1267/1600/1575 1270/1274/1262 1268/1676/1649
f 2999/939/936 3017/3222/3047 3018/1924/1877
f 64/42/42 121/109/108 122/108/107
f 2149/2181/2113 2152/3770/3456 2153/309/309
f 3200/560/559 3203/2525/2425 2115/3771/3160
f 828/2912/2784 823/2289/2208 827/1221/1210
f 204/316/316 206/899/896 201/1046/571
f 1369/518/517 1366/2375/2290 1364/3450/3227
f 698/2112/2053 678/827/824 674/1423/1407
f 2767/1986/1933 2765/2817/2693 2768/3703/3405
f 3112/1156/1145 3080/1524/1502 3082/2426/2335
f 2865/3772/3457 2864/2146/2083 2866/3203/3031
f 2864/2146/2083 2867/2145/2082 2866/3203/3031
f 1251/3773/3458 31/2508/2409 1249/2149/2086
f 1120/3774/3459 1119/2330/2247 1113/2329/2246
f 2627/2479/2382 2625/1195/1184 2626/1305/1293
f 2809/3739/3433 2826/3177/3012 2814/3178/3013
f 2086/817/814 2165/948/944 2164/1388/1375
f 908/3270/3093 950/3266/3091 949/3271/3094
f 651/3375/3174 652/2224/1538 649/3374/3173
f 2877/2148/2085 2873/1639/1614 2876/3775/3460
f 882/812/809 883/2401/2313 885/1739/1707
f 2919/2643/2536 2914/3776/3461 2918/3749/3438
f 1078/2424/2333 1071/2421/2330 1079/2232/2159
f 185/2598/2494 176/3041/2371 184/2094/2034
f 1457/959/955 1452/3195/3025 1455/3670/3388
f 1351/913/910 1353/1866/1826 1354/2652/2543
f 3247/3777/3462 3243/2905/2777 3246/28/28
f 251/1288/1276 209/3778/1378 211/2734/1377
f 2220/1399/1384 2217/3190/3022 2219/1400/1360
f 693/323/323 690/776/773 689/775/772
f 1749/2507/2408 1746/1553/1529 1748/489/489
f 1278/3513/1101 1277/3512/3280 38/240/239
f 2889/3767/3453 2888/3035/2897 2890/1900/1857
f 2888/3035/2897 2891/3034/2896 2890/1900/1857
f 1610/3779/2259 1611/3627/3363 1608/3650/2270
f 2723/3665/3385 105/3730/3425 107/3664/3384
f 2339/2810/2686 2285/2431/2340 2340/3568/3324
f 2082/1919/1872 2084/816/813 2088/815/812
f 2848/1755/1723 2841/3780/3269 2847/2575/2473
f 718/1491/1470 716/2124/2063 717/2258/2181
f 982/295/295 978/1077/1069 980/296/296
f 1895/3421/3209 1897/3322/3131 1893/653/652
f 2941/58/58 2940/1961/1911 2939/1963/1913
f 1349/2659/2549 45/2635/2531 1347/2633/2529
f 3011/2748/2630 3016/285/285 3012/3781/3463
f 853/3782/3464 856/1206/1195 1055/879/876
f 3470/257/3465 3471/3693/3466 3482/258/3467
f 6/1182/1171 148/457/457 147/753/750
f 2282/2433/2342 2340/3568/3324 2285/2431/2340
f 464/1069/1061 463/1064/1056 462/1063/1055
f 2903/3783/1544 2920/2644/2537 2925/2660/2550
f 3001/1923/1876 2999/939/936 3018/1924/1877
f 1945/601/600 1948/1873/1833 1952/1875/1835
f 1003/2651/1556 3132/6/6 1001/1555/1531
f 753/2264/2186 762/740/737 756/1718/1688
f 2607/3696/3042 2596/1791/1756 2608/1790/1755
f 1806/3784/3468 1807/2280/2202 1808/1413/1397
f 1299/2719/2516 1298/1643/1618 41/1877/1837
f 2913/1467/1447 2912/1447/1429 2914/3776/3461
f 2912/1447/1429 2915/1446/1428 2914/3776/3461
f 2410/3619/3360 2406/3091/2942 2413/3090/2941 2544/3087/2938
f 2982/3785/3469 2993/449/449 2981/2084/2024
f 499/574/573 495/420/420 497/1577/1552
f 1826/3254/3075 1743/3098/2949 1885/1042/1036
f 3026/3191/3023 3029/133/132 3022/132/131
f 381/3786/3470 364/830/827 383/1163/1152
f 1429/1956/1907 59/3342/3148 1424/1859/1819
f 3288/3296/3113 3279/1969/1918 3282/1902/1859
f 3035/334/334 3040/333/333 3036/3787/3471
f 3354/3466/3241 3351/1455/1435 3352/2538/2438
f 733/1688/272 739/1983/1930 737/1546/1523
f 1280/2434/2343 38/240/239 1277/3512/3280
f 1396/2392/2303 1381/2039/1981 1380/3758/3443
f 3244/3788/3472 3240/2907/2779 3239/3789/3473
f 2797/2416/2326 2772/3740/3434 2774/2322/2239
f 1758/681/622 1757/1520/1498 1762/3790/3474
f 1197/2704/2590 1195/531/530 1205/22/22
f 617/1420/1404 639/701/699 619/1425/1409
f 2932/802/799 2936/3791/57 2935/2645/2538
f 2581/3215/3042 2570/3214/3041 2582/3710/3410
f 2167/288/288 2089/2707/2593 2085/498/498
f 3423/1661/3475 3429/2445/3194 3422/2230/3476
f 1827/1198/1187 1885/1042/1036 1882/933/930
f 2935/2645/2538 2936/3791/57 2937/59/59
f 2938/1962/1912 2935/2645/2538 2937/59/59
f 2435/3634/3366 2436/2876/2748 2405/3545/2957 2400/3633/3114
f 3235/2031/1975 3241/3391/3184 3236/1056/1048
f 1416/2028/1972 1405/3792/3477 1402/2597/2493
f 779/1856/1818 767/182/181 770/184/183
f 1794/3231/3052 626/1523/1501 1792/2048/1990
f 2356/2762/2642 2358/957/953 2352/587/586
f 3250/30/30 3249/1402/1386 3246/28/28
f 295/595/594 291/561/560 306/611/610
f 2140/3793/3165 2132/3794/3478 2135/1158/1147
f 1114/778/775 1110/1763/1731 1112/2012/1957
f 561/1292/1280 560/1133/1122 564/1135/1124
f 3431/2567/3479 3441/1619/3480 3440/3795/3481
f 1106/2398/2310 473/2259/593 469/2396/1066
f 440/2134/2073 3342/916/913 3341/465/465
f 3437/1663/3195 3429/2445/3194 3423/1661/3475
f 22/11/11 1179/1089/1081 1187/3418/3206
f 544/1162/1151 545/1433/1248 547/3796/3482
f 3374/949/945 3370/1362/1351 3373/1613/1588
f 2833/2126/2065 2832/2532/2433 2838/1328/1318
f 3030/2483/2386 3026/3191/3023 3027/2484/2387
f 2803/2304/2223 762/740/737 753/2264/2186
f 2014/3503/3272 2012/3743/3435 2010/3416/3205
f 2231/1684/1657 2238/1731/1699 2232/1685/1658
f 2959/2155/2091 2960/2154/1411 2961/1429/1413
f 2962/3762/3447 2959/2155/2091 2961/1429/1413
f 3444/3187/3483 3437/1663/3484 3445/3536/3485
f 1392/3239/3061 1390/2615/2511 1393/2391/2302
f 2783/3761/3446 2791/1131/1120 2780/2735/2616
f 951/2190/2121 953/1867/1827 871/3465/3240
f 458/882/879 451/573/572 454/784/781
f 3420/231/3486 3432/2212/2143 3419/2523/3487
f 873/549/548 875/1942/1893 879/1152/1141
f 2896/2524/2424 2889/3797/3453 2895/1899/1856
f 1383/2442/2351 1379/2910/2634 1382/2040/1982
f 10/194/193 1121/2554/2455 1115/3798/2456
f 3298/3483/3256 3294/2439/2348 3291/2438/2347
f 1077/2861/2734 1070/2221/2152 1074/2423/2332
f 2957/968/964 2951/3409/3199 2952/974/970
f 1502/2656/2547 1506/1991/1938 1503/3563/3320
f 2869/3799/3488 2867/2145/2082 2863/2100/2040
f 1492/3678/3392 1487/3024/2887 1488/3578/1013 1491/3071/2365
f 2337/1067/1059 2333/2870/2742 2332/2784/2662 2334/1068/1060
f 1014/3800/3489 1012/3535/3295 961/493/493
f 2972/3714/3412 2956/3801/2090 2949/3802/3229
f 3201/984/980 3186/983/979 3181/2516/2415
f 1264/2277/2199 1263/2607/2505 1257/2606/2504
f 788/2003/1599 726/169/168 727/1675/1648
f 3428/2231/3490 3429/2445/3491 3435/2444/3492
f 3407/2109/2050 3423/1661/2049 3415/3327/3135
f 538/3370/3170 535/3746/1228 2782/2266/2188
f 2861/2627/2523 2864/2146/2083 2865/3772/3457
f 2983/2580/2476 2984/2579/2039 2985/2841/2713
f 3179/2068/2008 3165/2515/2414 3182/2514/2413
f 2986/2840/2712 2983/2580/2476 2985/2841/2713
f 1273/3514/3281 1278/3513/1101 1274/3803/3493
f 3382/3804/2269 3387/3805/3494 3384/3806/3495 3386/1235/1224
f 2873/1639/1614 2870/3204/3032 2868/3807/3496
f 1692/3492/3263 1693/951/947 1691/1213/1202 1689/122/121
f 2872/2147/2084 2865/3808/3457 2871/3202/3030
f 1747/2211/2141 1825/490/490 1748/489/489
f 1373/3532/3292 1376/3809/3497 1377/3810/3498
f 2135/1158/1147 2137/435/435 2142/437/437
f 1120/3774/3459 1115/3798/2456 1121/2554/2455
f 1805/461/461 1802/1475/1454 1779/484/484
f 178/985/981 175/3319/3129 176/2467/2371
f 1387/3602/3350 53/2440/2349 1382/2040/1982
f 1854/2916/2787 1855/542/541 1868/636/635
f 196/986/982 179/2468/2372 190/3811/3291
f 2433/2942/2813 2429/2922/2793 2426/2756/2636 2430/2759/2639
f 3432/2212/3499 3431/2567/2628 3418/2522/2627 3419/2523/3500
f 355/869/866 353/800/797 352/3812/3501
f 1140/476/476 1139/3813/3502 1132/3814/3503
f 853/3815/3464 858/3423/3211 856/2842/1195
f 1208/2741/2621 25/2446/2355 24/3217/3043
f 1319/3172/1618 1316/3816/3504 1315/3173/3009
f 3007/1953/1904 3008/3817/2316 3009/3525/3286
f 3010/2589/2485 3007/1953/1904 3009/3525/3286
f 1187/3418/3206 23/3232/3053 1188/2340/2255
f 3401/1316/3505 3390/921/3506 3388/2850/3507
f 2162/796/793 2248/1980/1927 2249/797/794
f 1482/3538/3299 1476/2828/2703 1480/3546/3305
f 2122/3455/3232 2124/363/363 2127/2347/2262
f 2995/3613/3358 2992/447/447 2996/661/660
f 2960/1427/1411 2967/3662/3382 2966/3818/3508
f 1851/908/905 582/1338/1328 1849/1357/1346
f 2235/1729/1697 2238/1731/1699 2231/1684/1657
f 1093/278/278 1090/2025/1971 1091/429/429
f 1348/912/909 1342/3819/3509 1351/913/910
f 106/98/97 2722/3029/2891 2718/3727/3421
f 282/186/185 261/2191/2122 280/520/519
f 2689/2202/2131 2668/2201/2130 2667/1827/1791
f 2666/1826/1790 2689/2202/2131 2667/1827/1791
f 2824/2105/2045 2817/3820/3445 2823/3487/3258
f 1794/3231/3052 624/1522/1500 626/1523/1501
f 2910/845/842 2911/1445/1427 2908/509/508
f 2486/2843/2714 2476/3242/3064 2479/2844/2715
f 2876/3775/3460 2875/203/202 2858/2383/2297
f 16/1304/1292 1163/3821/3510 1157/3822/2490
f 3031/2379/2293 3032/2378/1879 3033/2581/2477
f 3034/3823/3511 3031/2379/2293 3033/2581/2477
f 2874/1638/1613 2863/2100/2040 2862/204/203
f 367/3824/1810 366/3349/3153 365/699/697
f 1706/2895/2767 1703/63/63 1704/3139/2980 1707/2464/2368
f 2100/819/816 2104/3411/2277 2101/3825/2426
f 3147/2387/2300 1036/2686/2574 1048/3826/3408
f 120/430/430 1180/1087/1079 21/10/10
f 3193/3827/3512 2268/3212/1504 2269/3828/312
f 782/2469/2373 2801/1291/1279 2802/3220/3045
f 1350/911/908 1352/510/509 1349/2659/2549
f 2826/3177/3012 2827/2899/2771 2825/1444/1426
f 3461/3829/3513 3438/1662/3514 3439/2568/3515
f 448/1006/1001 488/418/418 443/1686/1659
f 585/1703/1673 581/1332/1322 591/2466/2370
f 3136/997/992 3122/2055/1997 3123/1227/1216
f 1276/3830/3516 1288/2293/2212 1279/2498/2399
f 2879/3831/3087 2896/2524/2424 2901/3330/3138
f 2009/2855/2728 2004/1507/1485 2007/2215/2146
f 3265/2261/2183 826/2263/2185 829/3832/2785
f 1377/3810/3498 1362/3833/1095 1370/1463/1443
f 542/1161/1150 535/1240/1228 538/3834/3170
f 1554/2654/2545 1547/3735/3430 1548/3414/2889
f 1414/2751/2632 1406/400/400 1405/3792/3477
f 1195/531/530 1191/1145/1134 1193/2454/2360
f 2099/820/817 2092/762/759 2096/764/761
f 1763/2065/2006 1721/624/623 1762/3790/3474
f 2062/811/808 2061/1883/1843 2064/1882/1842
f 1856/377/377 558/1286/1274 559/1293/1281
f 263/588/587 258/994/989 266/2814/2690
f 1166/688/686 1170/1302/1290 1168/689/687
f 879/1152/1141 877/813/810 882/812/809
f 2141/311/311 2134/862/859 2155/936/933
f 2105/675/674 2110/2179/2111 2109/1496/1475
f 2781/2321/2238 2791/1131/1120 2793/1132/1121
f 3411/3165/3056 3404/2531/3517 3391/920/2305
f 1331/2315/2232 1327/2239/2166 1330/2327/2244
f 663/1697/1667 664/2367/2282 658/234/233
f 313/1093/1085 315/1092/1084 318/2472/2375
f 1868/636/635 1857/3259/3084 1854/2916/2787
f 564/1135/1124 577/865/862 578/1334/1324
f 207/3764/1039 219/1914/351 456/345/345
f 1109/3835/2470 1115/3798/2456 1120/3774/3459
f 3059/154/153 3079/650/649 3077/3836/3518
f 1014/3800/3489 961/493/493 1016/492/492
f 2923/1814/1779 2910/845/842 2904/1812/1777
f 1757/1520/1498 1759/1654/1627 1761/1324/1314
f 3114/1823/1787 3110/1071/1063 3109/570/569
f 3055/843/840 3082/2426/2335 3052/652/651
f 486/564/563 487/563/562 485/1105/1097
f 3222/1256/1244 3223/1255/1243 60/37/37
f 135/1725/1695 346/504/503 345/890/887
f 56/401/401 1407/3837/1024 1404/2436/2345
f 3056/677/676 3087/676/675 3085/3400/3192
f 1320/3708/2266 1316/3816/3504 1319/3172/1618
f 2604/3624/3362 2601/748/745 2607/3696/3042
f 3103/3311/3123 3102/3082/2933 3101/2550/2451
f 2215/3469/3010 3175/1371/1358 2217/3838/3022
f 3089/1417/1401 3087/676/675 3090/1415/1399
f 1012/3535/3295 1007/1803/1768 1010/2128/2067
f 3345/464/464 3349/3839/3519 3348/835/832
f 3224/1254/1242 3226/3840/3520 3223/1255/1243
f 726/169/168 788/2003/1599 790/1795/1760
f 2188/3841/3179 2183/3226/3048 2186/3842/3521
f 3275/1903/1860 3315/3843/3522 3316/1606/1581
f 50/3451/3228 1365/3844/2602 1362/1103/1095
f 3098/962/958 3097/1416/1400 3095/2565/2463
f 3114/1823/1787 3067/1752/1720 3076/1414/1398
f 692/324/324 570/354/354 572/1000/995
f 2021/2255/2179 2017/1734/1702 2027/1521/1499
f 242/36/36 240/391/391 358/804/801
f 1164/2767/2647 1161/1275/1263 1163/3821/3510
f 1403/402/402 1404/2436/2345 1399/2435/2344
f 2205/1989/1936 2227/2140/2077 2244/1670/1643
f 1372/519/518 1374/1933/1885 1375/1934/1886
f 1139/3813/3502 1145/1468/1448 1137/2276/2198
f 3122/2055/1997 976/3845/1045 3123/1227/1216
f 2835/1976/1923 2830/3449/3226 2833/2126/2065
f 2982/3785/3469 2979/3646/3375 2983/2580/2476
f 3116/2114/2055 3107/569/568 3108/301/301
f 1244/792/789 1232/2373/2288 1238/1636/1611
f 3078/2341/2256 3081/1155/1144 3111/1154/1143
f 1822/3251/3072 1818/1622/1597 1823/2371/2286
f 897/3260/3085 895/3284/3103 896/3283/2079
f 3201/984/980 3181/2516/2415 3164/1426/1410
f 534/1241/1229 537/3846/3523 539/1245/1233
f 324/711/708 318/2472/2375 323/2649/2542
f 1511/1021/1016 1510/1735/1703 1512/3847/3524
f 3110/1071/1063 3114/1823/1787 3113/1824/1788
f 988/1512/1490 981/294/294 985/2752/2633
f 3070/2192/2123 3067/1752/1720 3074/2193/2124
f 1763/2065/2006 1762/3790/3474 1757/1520/1498
f 2674/3704/3406 2676/773/770 2675/772/769
f 3080/1524/1502 3075/1751/1719 3077/3836/3518
f 1056/1120/1110 1057/880/877 1055/879/876
f 945/2033/1976 947/3475/3248 909/1186/1175
f 1151/3848/2491 1157/3822/2490 1162/3210/3038
f 2184/745/742 2182/289/289 2273/2199/2128
f 878/1340/1330 849/3701/1331 3121/2053/1995
f 1033/1701/1671 1026/3849/999 1034/1700/1670
f 1084/528/527 1097/578/577 1096/1544/1521
f 3121/2053/1995 3138/2630/2526 3152/2334/2251
f 2364/2251/2175 2365/3672/3372 2368/3571/3328
f 2978/3645/3374 2981/2084/2024 2974/2083/2023
f 868/1770/1737 670/1650/1623 673/708/705
f 1810/617/616 434/472/472 433/2750/1394
f 16/1304/1292 1165/1303/1291 1163/3821/3510
f 2574/3213/3040 2572/3711/3411 2570/3214/3041
f 2189/3850/205 3169/1397/1383 3170/207/206
f 3127/1253/1241 978/3851/1069 3129/5/5
f 978/3851/1069 982/990/295 3129/5/5
f 1262/1601/1576 1268/1676/1649 1260/2295/2214
f 3131/4/4 3130/2714/2600 3129/5/5
f 1352/510/509 1351/913/910 1354/2652/2543
f 2578/2984/2851 2575/3666/3386 2581/3215/3042
f 1347/2633/2529 1346/1202/1191 1348/912/909
f 3130/2714/2600 3131/4/4 1006/2715/2601
f 826/2911/2185 824/225/224 825/2288/2207
f 423/434/434 330/679/678 329/156/155
f 2217/3838/3022 3175/1371/1358 2219/1373/1360
f 1974/3303/3119 1973/2110/2051 1975/1451/1432
f 1001/1555/1531 3133/2477/2380 3134/1556/1532
f 1017/2165/2101 1012/3535/3295 1014/3800/3489
f 2214/3852/3011 3178/2730/2612 3177/2732/2614
f 3008/3817/2316 3007/1953/1904 3004/1952/1903
f 244/395/395 358/804/801 240/391/391
f 324/711/708 309/1971/1920 337/712/709
f 995/3853/1678 999/3378/2054 3135/2552/2453
f 3136/997/992 1008/1897/1767 3137/918/915
f 1924/1412/1396 1925/1284/1272 1930/3854/3525
f 2230/1671/1644 2224/3676/3391 2228/1844/1808
f 3055/843/840 3085/3400/3192 3082/2426/2335
f 2121/3855/3231 3195/3256/3077 3199/558/557
f 1952/1875/1835 1958/1722/1692 1949/602/601
f 3126/1252/1240 3124/1229/1218 973/2069/2009
f 2813/3856/3444 2829/2349/2264 2808/3857/3234
f 3210/1200/1189 3207/1917/1871 3211/1884/1844
f 3122/2055/1997 3138/2630/2526 3121/2053/1995
f 287/185/184 250/2583/2479 260/2499/2400
f 3141/1005/1000 1028/3858/293 1030/3859/2094
f 2209/3860/3162 2206/3722/3419 3178/2730/2612
f 1030/3859/2094 1031/3328/3137 3141/1005/1000
f 945/2033/1976 918/3205/3033 943/3399/3191
f 2266/2505/2406 2258/1179/1168 2260/1181/1170
f 3089/1417/1401 3097/1416/1400 3102/3082/2933 3088/1829/1793
f 3126/1252/1240 3123/1227/1216 3124/1229/1218
f 2754/598/597 2751/1278/1266 2753/599/598
f 1032/180/179 1030/2158/2094 1029/2157/2093
f 3317/2449/2357 3311/1605/1580 3312/2570/2469
f 2963/3769/3455 2958/2603/2501 2962/3762/3447
f 658/234/233 664/2367/2282 655/2222/2153
f 923/3861/1914 914/3862/1163 3157/3166/3006
f 1162/3210/3038 1157/3822/2490 1163/3821/3510
f 3086/3702/3404 3082/2426/2335 3087/676/675
f 3148/3863/3526 1051/3864/694 1046/2388/782
f 1051/3864/694 3148/3863/3526 1049/3865/695
f 2245/2452/524 3186/983/979 3185/1537/1514
f 1371/517/516 1373/3532/3292 1370/1463/1443
f 3386/3866/1224 3385/3867/2697 3380/3868/2532
f 1038/3417/2187 3144/2685/2573 3146/2687/2575
f 2085/498/498 2086/817/814 2084/816/813
f 3013/2747/2629 3010/2589/2485 3009/3525/3286
f 1771/1259/1247 1775/485/485 1774/1257/1245
f 1301/1878/1838 41/1877/1837 1298/1643/1618
f 3117/2536/2437 3108/301/301 3105/300/300
f 1989/1785/1752 2006/1509/1487 1991/2297/2216
f 2158/1588/1563 2133/937/934 2160/795/792
f 900/3405/712 898/1935/1887 3155/1937/1889
f 2798/1835/1799 2796/3752/3440 2799/1290/1278
f 2943/1742/1710 2944/452/452 2941/58/58
f 3157/3166/3006 914/3862/1163 3156/2005/1950
f 638/1432/1417 636/367/367 641/366/366
f 923/3861/1914 3157/3166/3006 3158/1487/1466
f 1902/3869/1554 2023/1147/1136 1981/3870/2010
f 3159/1488/1467 929/3871/1951 926/1486/1465
f 929/3871/1951 3159/1488/1467 930/3501/3115
f 1862/654/653 553/976/972 1860/977/973
f 1946/2036/1979 1947/2534/2435 2064/1882/1842
f 1059/2727/2610 234/381/381 1063/1246/1234
f 270/988/984 268/157/156 329/156/155
f 334/672/671 411/645/644 408/924/921
f 2715/2062/2003 2694/2061/2002 2693/2338/2254
f 1988/2296/2215 1986/1783/1750 1991/2297/2216
f 2886/2520/2419 2881/1478/1457 2880/3763/3448
f 2228/1844/1808 2232/1685/1658 2230/1671/1644
f 2067/3435/2020 2095/3496/1355 3164/1426/1410
f 69/48/48 2565/199/198 2568/3522/3285
f 3166/628/627 2066/2079/2019 3165/2515/2414
f 646/3872/994 645/2086/2026 648/2744/2624
f 3164/1426/1410 3181/2516/2415 3165/2515/2414
f 3182/2514/2413 3181/2516/2415 3186/983/979
f 3194/1350/1339 2132/3873/3478 3196/1348/1337
f 3168/2260/2182 3167/629/628 3166/628/627
f 872/3432/3215 866/550/549 873/549/548
f 693/323/323 701/540/539 694/539/538
f 3170/207/206 3168/2260/2182 3171/426/426
f 2192/208/207 3170/207/206 3172/425/425
f 2192/208/207 3172/425/425 2196/3193/327
f 733/1688/272 742/26/26 739/1983/1930
f 1892/3389/3183 1781/3874/702 1784/2559/2458
f 3173/427/427 3174/3412/3200 3172/425/425
f 296/596/595 294/1141/1130 295/595/594
f 547/3796/3482 548/3875/1300 550/1026/1020
f 3174/3412/3200 3173/427/427 2223/1372/1359
f 1926/3753/1551 1918/1376/1363 1916/1375/1362
f 3136/997/992 1006/2715/2601 1008/1897/1767
f 423/434/434 437/1679/1652 439/500/500
f 2691/3876/3527 2682/3877/2126 2689/2202/2131
f 2516/56/56 2518/55/55 2515/2482/2385 2513/2864/2737
f 3176/2731/2613 2215/3469/3010 3177/2732/2614
f 2214/3852/3011 3177/2732/2614 2215/3469/3010
f 2139/436/436 2137/435/435 2138/1157/1146
f 438/943/940 437/1679/1652 428/1678/1651
f 413/932/929 506/1188/1177 410/136/135
f 2209/3860/3162 3178/2730/2612 2213/3878/3261
f 1022/3879/2102 1020/998/993 3136/997/992
f 1019/1462/1442 1007/1803/1768 1013/1849/1811
f 3140/919/916 1009/1898/1855 1028/3858/293
f 413/932/929 409/138/137 414/644/643
f 829/2913/2785 831/723/720 832/725/722
f 1772/739/736 1768/546/545 1766/2695/2581
f 405/137/136 403/759/756 402/884/881
f 1152/1378/1365 1160/1276/1264 1156/1379/1366
f 1555/2015/1961 1553/3744/3436 1556/2653/2544
f 1090/2025/1971 366/3725/3153 367/1848/1810
f 2234/209/208 3184/211/210 2236/3880/3270
f 995/3853/1678 991/2551/2452 992/3881/3528
f 2236/3880/3270 3184/211/210 2237/3882/1698
f 3150/2278/2200 3152/2334/2251 3138/2630/2526
f 1906/1817/1782 1907/1250/1238 1908/1249/1237
f 2654/3883/3378 2657/3884/3415 2645/2087/2027
f 3189/1940/1891 2159/856/853 2255/3885/2103
f 847/1885/1845 841/385/385 848/387/387
f 57/1950/1901 1425/2408/1820 1428/1948/1899
f 2914/3776/3461 2916/3886/3529 2918/3749/3438
f 1226/2586/2482 1228/2474/2377 1227/1513/1491
f 3088/1829/1793 3083/3245/3066 3086/3702/3404
f 2265/3887/1148 2263/3338/3141 3193/3827/3512
f 3193/3827/3512 2269/3828/312 2265/3887/1148
f 1990/1508/1486 1992/1834/1798 522/1728/1205
f 1015/292/292 1021/179/178 1027/181/180
f 962/2020/1966 961/493/493 965/2129/2068
f 838/3208/3036 3257/1128/1117 837/3888/607
f 3196/1348/1337 2132/3873/3478 2140/3364/3165
f 1832/3261/3086 1830/935/932 1877/1563/1539
f 2793/1132/1121 2796/3752/3440 2795/1921/1874
f 2996/661/660 2992/447/447 2991/1466/1446
f 1765/2063/2004 1757/1520/1498 1764/545/544
f 1190/3889/2592 1196/2163/2099 1201/2162/2098
f 3196/1348/1337 2140/3364/3165 3197/3290/3108
f 2191/2611/2507 2194/2286/2205 2181/2669/2558
f 2791/1131/1120 2790/1753/1721 2792/1855/1817
f 2787/1764/1732 526/3890/3132 782/3891/2373
f 3198/2160/2096 2143/3363/3164 2146/3892/1862
f 2146/3892/1862 2147/2161/2097 3198/2160/2096
f 3116/2114/2055 3108/301/301 3117/2536/2437
f 500/1166/1155 508/751/748 507/1175/1164
f 2117/2849/2720 3200/560/559 2115/3771/3160
f 269/488/488 271/526/525 274/506/505
f 1222/229/228 1217/228/227 1223/1808/1773
f 2981/2084/2024 2975/2462/2366 2976/2085/2025
f 2636/252/251 2618/2473/2376 2614/630/629
f 2047/1533/1510 2046/810/807 2049/3407/1620
f 558/1286/1274 555/755/752 560/1133/1122
f 250/2583/2479 288/615/614 289/554/553
f 3075/1751/1719 3059/154/153 3077/3836/3518
f 2738/2542/2442 2732/2543/2443 2725/641/640
f 505/1173/1162 499/574/573 503/604/603
f 2715/2062/2003 2713/3155/2994 2716/3654/265
f 340/1666/1639 338/713/710 341/1915/1870
f 3211/1884/1844 3207/1917/1871 3209/589/588
f 3210/1200/1189 3212/1403/1387 63/40/40
f 3216/2130/2069 3225/2587/2483 3214/2131/2070
f 3212/1403/1387 3215/3246/3067 63/40/40
f 65/41/41 63/40/40 3215/3246/3067
f 382/858/855 372/1593/1568 381/3786/3470
f 608/3240/3062 1808/1413/1397 1809/1411/1395
f 1415/726/723 1414/2751/2632 1417/2030/1974
f 65/41/41 3217/3395/3187 3218/3893/3530
f 3220/3894/3531 65/41/41 3218/3893/3530
f 773/1627/1602 777/1754/1722 776/383/383
f 526/3323/3132 529/2400/2312 527/965/961
f 60/37/37 3220/3894/3531 3221/3895/3532
f 3222/1256/1244 60/37/37 3221/3895/3532
f 3217/3395/3187 3215/3246/3067 3219/1177/1166
f 62/38/38 60/37/37 3223/1255/1243
f 3223/1255/1243 3216/2130/2069 62/38/38
f 760/1301/1289 759/3354/3157 817/1299/1287
f 3228/3732/3427 3230/3896/3533 3227/3897/3534
f 2980/2578/661 2983/2580/2476 2979/3646/3375
f 3223/1255/1243 3226/3840/3520 3229/3586/3337
f 1689/122/121 1618/121/120 1621/3491/3262 1692/3492/3263
f 3035/334/334 3030/2483/2386 3034/3823/3511
f 2099/820/817 2100/819/816 2097/1267/1255
f 3235/2031/1975 3232/3733/3428 3233/3898/3535
f 3229/3586/3337 3230/3896/3533 3234/1054/1046
f 1985/639/638 1976/2415/2325 1984/3197/3026
f 1413/3281/3101 1415/726/723 1412/2448/2356
f 3237/3392/3185 3239/3789/3473 3240/2907/2779
f 2201/2285/2204 2199/326/326 2221/3434/3217
f 3241/3391/3184 3249/1402/1386 3252/585/584
f 3241/3391/3184 3254/3618/3359 3255/2588/2484
f 379/398/398 378/842/839 478/1085/1077
f 3252/585/584 3254/3618/3359 3241/3391/3184
f 702/1595/1570 657/2226/2154 703/1013/1008
f 3243/2905/2777 3245/2739/2620 3246/28/28
f 3227/3897/3534 3230/3896/3533 3226/3840/3520
f 2659/1172/1161 2648/2717/2603 2660/3734/3429
f 3246/28/28 3249/1402/1386 3247/3777/3462
f 3230/3896/3533 3229/3586/3337 3226/3840/3520
f 682/1262/1250 683/826/823 687/774/771
f 2103/673/672 2100/819/816 2102/818/815
f 3251/1401/1385 3252/585/584 3249/1402/1386
f 536/1244/1232 1869/3181/3016 533/3180/3015
f 2222/2688/2576 2221/3434/3217 2220/1399/1384
f 3252/585/584 3251/1401/1385 3213/586/585
f 2085/498/498 1754/3899/3536 2087/1409/1393
f 3255/2588/2484 3225/2587/2483 3229/3586/3337
f 1841/2045/1987 1840/1382/1369 1846/1359/1348
f 699/1590/1565 678/827/824 698/2112/2053
f 3227/3897/3534 3226/3840/3520 3224/1254/1242
f 396/891/888 398/789/786 380/857/854
f 3323/1218/1207 3327/1321/1311 3326/1323/1313
f 3257/1128/1117 835/3900/2294 837/3888/607
f 3253/584/583 3213/586/585 3214/2131/2070
f 2128/3741/2261 3194/1350/1339 3191/3901/3537
f 3259/1117/1107 834/1116/721 835/3900/2294
f 803/3902/3139 802/3903/3538 798/1787/606
f 1891/942/939 1893/653/652 1865/655/654
f 1020/998/993 3143/2629/2525 3139/996/991
f 2661/236/235 2663/238/237 2664/2089/2029 2660/3734/3429
f 3299/2245/2171 3298/3483/3256 3295/1298/1286
f 1434/3286/3105 1436/2599/2495 1433/2143/2080
f 1158/1660/1633 1156/1379/1366 1166/688/686
f 905/3904/1929 3153/2279/2201 3151/1767/1735
f 3265/2261/2183 832/3905/722 3264/1115/1106
f 445/1008/1003 1844/1370/1357 447/1076/1068
f 2175/275/275 2205/1989/1936 2173/2631/2527
f 2186/3842/3521 2185/3384/626 2188/3383/3179
f 729/3906/1647 3266/3306/3120 727/3907/1648
f 3266/3306/3120 729/3906/1647 731/3307/1803
f 3268/3255/3076 3267/3908/3539 3269/3768/3454
f 3015/2256/2180 3016/285/285 3013/2747/2629
f 3275/1903/1860 3274/1871/1831 3272/3909/3540
f 3336/415/415 3332/1497/1476 3334/1499/1478
f 3273/1598/1573 3277/1597/1572 3267/3908/3539
f 2803/2304/2223 2801/1291/1279 2800/832/829
f 2218/3433/3216 2220/1399/1384 2221/3434/3217
f 2814/3178/3013 2810/2612/2508 2809/3739/3433
f 865/1922/1875 677/1918/707 864/1024/1018
f 3308/1893/1851 3292/1322/1312 3306/1894/1852
f 3328/480/480 3330/1458/1438 3329/1223/1212
f 1223/1808/1773 27/1807/1772 1225/2540/2440
f 391/112/111 387/875/872 389/877/874
f 2206/3910/3419 2207/3911/3541 2208/2102/2042
f 3291/2438/2347 3283/2071/2011 3286/1191/1180
f 1806/3784/3468 608/3240/3062 613/3023/2886
f 1312/2616/2512 1313/3912/3542 1310/3440/3220
f 1331/2315/2232 1334/3756/3441 1335/2350/2265
f 765/1628/1603 761/1716/1686 764/183/182
f 1123/1761/1729 1126/2317/2234 1124/32/32
f 2957/968/964 2954/973/969 2958/2603/2501
f 3296/3295/3112 3298/3483/3256 3299/2245/2171
f 2037/1800/1765 2057/1723/1693 2055/3367/3167
f 1997/3373/3172 2770/3474/3247 2772/3740/3434
f 3383/3615/1225 3380/3868/2532 1658/3614/727
f 2379/189/188 2376/2836/2708 2374/2887/2759 2377/190/189
f 3301/735/732 3300/1017/1012 3303/733/730
f 603/1395/1382 715/1637/1612 714/411/411
f 3468/3913/3543 3481/3914/3544 3467/2014/1959
f 48/1464/1444 50/3451/3228 49/2374/2289
f 1796/299/299 624/1522/1500 1795/3230/3051
f 3056/677/676 3085/3400/3192 3055/843/840 3050/651/650
f 2551/2720/2605 2449/3516/2361 2456/2721/1545
f 117/3521/3284 175/3319/3129 177/2958/2826
f 1133/1651/1624 1132/3814/3503 1139/3813/3502
f 3313/2733/2615 3282/1902/1859 3314/1901/1858
f 3283/2071/2011 3278/3915/3545 3280/1192/1181
f 3116/2114/2055 3073/2419/2329 3115/2115/2056
f 3313/2733/2615 3309/1084/1076 3302/1016/1011
f 2143/3916/3164 2145/1906/1863 2146/1905/1862
f 51/2691/2578 53/2440/2349 52/2690/2577
f 569/3917/353 638/1432/1417 643/1480/1459
f 2689/2202/2131 2687/2921/2792 2690/265/265
f 790/1795/1760 788/2003/1599 791/2002/1390
f 3021/3918/3546 3039/1927/1880 3028/3919/2292
f 2896/2524/2424 2897/614/613 2901/3330/3138
f 610/1051/1043 606/1050/1042 609/3040/2899
f 2563/1339/1329 2564/3920/3547 2567/3471/3245
f 3275/1903/1860 3282/1902/1859 3274/1871/1831
f 1366/2375/2290 50/3451/3228 1364/3450/3227
f 3318/1607/1582 3316/1606/1581 3319/2647/2540
f 1410/2476/2379 1409/2188/2119 1411/3282/3102
f 3279/1969/1918 3273/1598/1573 3270/1872/1832
f 1522/3551/3310 1525/1632/1607 1521/1634/1609
f 3325/1220/1209 3324/1219/1208 3322/3060/2918
f 1982/2335/2252 1983/1330/1320 1986/1783/1750
f 1904/2336/1553 1988/2296/2215 522/1728/1205
f 936/3477/3252 935/3470/3244 932/2218/2149
f 985/2752/2633 980/296/296 984/1746/1714
f 763/3488/3259 759/3354/3157 761/1716/1686
f 1967/1720/1690 3330/1458/1438 1972/1457/1437
f 3163/692/690 896/2142/2079 894/3921/3548
f 2585/3728/3422 2586/3473/1473 2582/3710/3410 2583/3709/3409
f 1064/1238/1226 1060/3922/3142 1061/2725/2609
f 3258/1127/1116 798/1787/606 3260/1815/1780
f 433/1410/1394 427/308/308 431/307/307
f 3282/1902/1859 3279/1969/1918 3270/1872/1832
f 3261/1404/1388 3262/1625/1600 3260/1815/1780
f 784/1748/1716 771/2009/1954 783/273/273
f 3241/3391/3184 3229/3586/3337 3234/1054/1046
f 610/1051/1043 611/1421/1405 612/3237/3059
f 3053/3252/3073 3050/651/650 3079/650/649
f 2953/3923/3549 2970/967/963 2971/3715/3413
f 1940/417/417 3335/416/416 1943/3381/3177
f 60/37/37 65/41/41 3220/3894/3531
f 1328/2352/2267 1323/13/13 42/15/15
f 3109/570/569 3074/2193/2124 3114/1823/1787
f 3427/2213/2144 3432/2212/2143 3420/231/3486
f 788/1624/1599 3263/3441/3221 3262/1625/1600
f 3339/2343/2258 1909/3924/1663 1905/3925/3140
f 1909/3924/1663 3339/2343/2258 1912/2662/2551
f 3011/2748/2630 3006/1830/1794 3010/2589/2485
f 2641/704/220 2642/3926/3379 2645/2087/2027
f 586/1704/1674 590/1505/1483 592/3274/3096
f 3071/3353/3156 3072/3927/3550 3069/1862/1822
f 2647/3092/2943 2650/3723/3420 2649/3705/3407
f 203/3928/320 205/1549/1368 213/321/321
f 3044/3929/3551 3043/1137/1126 3039/1927/1880
f 842/1715/1685 810/1828/1792 808/1713/1683
f 1122/1760/1728 1119/2330/2247 1121/2554/2455
f 3021/3930/3546 3028/2377/2292 3026/3191/3023
f 936/3477/3252 919/158/157 921/160/159
f 584/1337/1327 1847/1358/1347 582/1338/1328
f 2794/833/830 779/1856/1818 2805/831/828
f 1998/1456/1436 1985/639/638 1984/3197/3026
f 1735/2461/900 1739/717/714 1734/1641/1616
f 3350/3931/3552 3347/2238/2165 3346/522/521
f 3349/3839/3519 3347/2238/2165 3350/3931/3552
f 3351/1455/1435 3350/3931/3552 3346/522/521
f 491/1454/1434 3352/2538/2438 3351/1455/1435
f 2063/1881/1841 1946/2036/1979 2064/1882/1842
f 3352/2538/2438 491/1454/1434 424/3674/3389
f 3353/836/833 3349/3839/3519 3350/3931/3552
f 1041/2545/2445 1047/2348/2263 1042/3698/3403
f 3354/3466/3241 3353/836/833 3350/3931/3552
f 424/3674/3389 3355/2539/2439 3352/2538/2438
f 1166/688/686 1156/1379/1366 1160/1276/1264
f 424/3674/3389 426/432/432 3355/2539/2439
f 3355/2539/2439 426/432/432 3356/499/499
f 3148/3863/3526 1048/3826/3408 1049/3865/695
f 940/1891/160 3144/2685/2573 942/3932/2643
f 3364/2573/2471 3362/1435/1418 3363/3933/3553
f 3358/3934/3554 1470/3935/2953 1467/3936/3383
f 3358/3934/3554 1467/3936/3383 1464/3937/3293
f 3358/3934/3554 1473/3938/3313 1470/3935/2953
f 3358/3934/3554 1464/3937/3293 1461/3939/216
f 3358/3934/3554 1442/3940/2914 1473/3938/3313
f 3358/3934/3554 1461/3939/216 1458/3941/218
f 3358/3934/3554 1441/3942/2915 1442/3940/2914
f 3358/3934/3554 1458/3941/218 1455/3943/3388
f 3358/3934/3554 1446/3944/3555 1441/3942/2915
f 3358/3934/3554 1455/3943/3388 1452/3945/3025
f 3358/3934/3554 1449/3946/2014 1446/3944/3555
f 3358/3934/3554 1452/3945/3025 1449/3946/2014
f 1564/3947/2800 3359/3948/3556 1567/3949/2801
f 3359/3948/3556 1564/3947/2800 1561/3950/2863
f 1567/3949/2801 3359/3948/3556 1570/3951/3342
f 3359/3948/3556 1561/3950/2863 1562/3952/2930
f 3359/3948/3556 1572/3953/3346 1570/3951/3342
f 3359/3948/3556 1562/3952/2930 1587/3954/2797
f 3359/3948/3556 1575/3955/2934 1572/3953/3346
f 3359/3948/3556 1587/3954/2797 1585/3956/1497
f 3359/3948/3556 1578/3957/2935 1575/3955/2934
f 3359/3948/3556 1585/3956/1497 1583/3958/1496
f 3359/3948/3556 1580/3959/3243 1578/3957/2935
f 3359/3948/3556 1583/3958/1496 1580/3959/3243
f 3360/3960/3557 2300/3961/2651 2303/3962/2649
f 3360/3960/3557 2303/3962/2649 2306/3963/2706
f 3360/3960/3557 2297/3964/2652 2300/3961/2651
f 3360/3960/3557 2306/3963/2706 2275/3965/2569
f 3360/3960/3557 2294/3966/2861 2297/3964/2652
f 3360/3960/3557 2275/3965/2569 2276/3967/2568
f 3360/3960/3557 2292/3968/2862 2294/3966/2861
f 3360/3960/3557 2276/3967/2568 2278/3969/2640
f 3360/3960/3557 2287/3970/3395 2292/3968/2862
f 3360/3960/3557 2278/3969/2640 2281/3971/2977
f 3360/3960/3557 2284/3972/3321 2287/3970/3395
f 3360/3960/3557 2281/3971/2977 2284/3972/3321
f 2396/3973/2873 2398/3974/2872 3361/3975/3558
f 3361/3975/3558 2395/3976/3377 2396/3973/2873
f 2398/3974/2872 2401/3977/3189 3361/3975/3558
f 3361/3975/3558 2394/3978/3354 2395/3976/3377
f 3361/3975/3558 2401/3977/3189 2404/3979/3339
f 3361/3975/3558 2428/3980/2822 2394/3978/3354
f 3361/3975/3558 2404/3979/3339 2416/3981/3338
f 3361/3975/3558 2425/3982/2823 2428/3980/2822
f 3361/3975/3558 2416/3981/3338 2418/3983/2765
f 3361/3975/3558 2422/3984/2794 2425/3982/2823
f 3361/3975/3558 2418/3983/2765 2420/3985/2764
f 3361/3975/3558 2420/3985/2764 2422/3984/2794
f 225/3986/1481 221/362/362 224/359/359
f 226/1434/358 3365/1107/1099 3363/3933/3553
f 2016/1792/1757 2020/1148/1137 1896/1793/1758
f 2838/1328/1318 2839/1327/1317 2836/1977/1924
f 2645/2087/2027 2657/3884/3415 2665/2088/2028
f 1393/2391/2302 1395/3294/3111 1396/2392/2303
f 3406/2701/3559 3394/3505/3560 3396/3987/3561
f 457/346/346 459/1913/1869 460/2557/2457
f 1985/639/638 1987/1784/1751 1983/1330/1320
f 1060/3335/3142 3368/1580/1555 1058/502/501
f 1847/1358/1347 584/1337/1327 586/1704/1674
f 3372/3988/1353 3367/503/502 3370/1362/1351
f 3216/2130/2069 3229/3586/3337 3225/2587/2483
f 2750/2879/2751 2753/599/598 2751/1278/1266
f 2116/3447/3225 2103/673/672 2102/818/815
f 1630/3463/3238 1631/3631/3365 1632/1352/1341
f 1750/3192/3024 1730/841/838 1749/2507/2408
f 946/2208/2138 944/162/161 1037/2546/2446
f 1289/3076/2929 1292/3989/3562 1293/1109/1100
f 2204/2103/2043 2197/328/328 2206/3910/3419
f 3223/1255/1243 3229/3586/3337 3216/2130/2069
f 3373/1613/1588 3369/1612/1587 3371/143/142
f 3378/331/331 1105/330/330 1107/3990/2309
f 3241/3391/3184 3242/2906/2778 3247/3777/3462
f 1107/3990/2309 3379/1771/1738 3378/331/331
f 958/2019/1965 960/2018/1964 959/1360/1349
f 1710/3058/2916 1716/3112/2959 1712/3049/2907 1708/3059/2917
f 1203/23/23 1200/2709/2595 1202/2164/2100
f 1276/3830/3516 1277/3512/3280 1273/3514/3281
f 2916/3886/3529 2917/2666/2555 2918/3749/3438
f 422/433/433 426/432/432 418/954/950
f 1516/2640/2534 1523/1777/1744 1550/2450/2358
f 1201/2162/2098 1200/2709/2595 1194/2710/2596
f 2973/3991/662 2980/2578/661 2978/3645/3374
f 740/1547/1524 822/1843/1807 738/224/223
f 1852/2918/2789 562/3289/3107 582/1338/1328
f 563/1500/1479 567/2775/2655 566/1134/1123
f 3413/2366/3563 3414/2702/3564 3421/3992/3565
f 855/1099/1091 857/3368/3168 860/1100/1092
f 1251/3773/3458 1246/1243/1231 30/1242/1230
f 872/3432/3215 870/3385/3180 866/550/549
f 3259/1117/1107 3257/1128/1117 3258/1127/1116
f 1276/3830/3516 1273/3514/3281 1275/2590/2486
f 1185/2172/2106 1182/852/849 1184/2091/2031
f 2975/2462/2366 2993/449/449 2994/448/448
f 2918/3749/3438 2917/2666/2555 2921/2269/2191
f 3377/2574/2472 3366/1106/1098 3372/3988/1353
f 3464/3993/3566 3459/3559/3567 3451/3729/3568
f 426/432/432 424/3674/3389 418/954/950
f 1934/1852/1814 1929/3754/1050 1935/3994/3569
f 1828/1197/1186 1824/2319/2236 1827/1198/1187
f 2899/794/791 2886/2520/2419 2880/3763/3448
f 3439/2568/3570 3430/343/3571 3425/342/3572
f 996/2106/2046 998/1930/1882 997/1710/1680
f 1229/2670/2559 28/2475/2378 27/1807/1772
f 2578/2984/2851 2576/2983/2850 2564/3995/3547 2575/3666/3386
f 1310/3440/3220 1313/3912/3542 1314/2619/2515
f 2813/3759/3444 2812/1804/1769 2816/2673/2561
f 931/2217/2148 929/2006/1951 930/3298/3115
f 446/1075/1067 447/1369/1068 449/571/570
f 2216/3996/3573 2218/3433/3216 2210/304/304
f 2388/3164/3002 2331/2977/2844 2333/2870/2742
f 2191/2611/2507 2188/3841/3179 2189/3850/205
f 3481/3914/3574 3476/2600/3575 3467/2014/3576
f 1271/2699/2584 34/1273/1261 33/1272/1260
f 2140/3793/3165 2142/437/437 2143/3916/3164
f 615/886/883 611/1421/1405 617/1420/1404
f 1900/3997/3182 1901/1080/1072 1898/3321/3130
f 1902/1579/1554 1901/1080/1072 1900/3997/3182
f 1898/3321/3130 1901/1080/1072 1899/1998/1945
f 3452/3998/3577 3460/1994/3578 3463/3721/3579
f 3457/3510/3580 3466/3999/3581 3465/3509/3582
f 1128/2553/2454 10/194/193 11/193/192 1126/2317/2234
f 2933/1925/1878 2946/453/453 2928/1440/1422
f 1448/2073/2013 1441/3057/2915 1446/4000/3555
f 2870/3204/3032 2867/2145/2082 2868/3807/3496
f 3468/3913/3583 3475/4001/3584 3478/4002/3585
f 2890/1900/1857 2892/613/612 2894/612/611
f 2359/4003/3586 2354/3605/3351 2357/979/975
f 1149/1469/1449 14/931/928 1147/1470/1450
f 532/966/962 533/3180/3015 530/964/960
f 434/472/472 428/1678/1651 432/2713/2599
f 705/1604/1579 703/1013/1008 650/1603/1578
f 1773/1695/1665 1819/2318/2235 1817/1061/1053
f 3237/3392/3185 3233/3898/3535 3238/4004/3587
f 1118/31/31 1116/33/33 1114/778/775
f 143/129/128 141/131/130 144/1002/997
f 137/139/138 7/141/140 8/4005/3588
f 2635/174/173 2622/176/175 2629/3599/3348
f 2697/46/46 2695/45/45 101/92/91
f 2189/206/205 2192/208/207 2191/2611/2507
f 2730/202/201 2736/215/214 2729/200/199
f 2736/215/214 2733/216/215 2735/3120/2963
f 262/1035/1029 263/588/587 264/487/487
f 2687/2921/2792 2666/1826/1790 2670/2822/2698
f 3393/254/253 3405/256/255 3412/2365/2280
f 1009/2136/1855 1015/292/292 1028/293/293
f 1028/293/293 1027/181/180 1029/2157/2093
f 1205/22/22 1206/319/319 1197/2704/2590
f 568/352/352 570/354/354 565/823/820
f 1241/355/355 1239/357/357 1237/1616/1591
f 2528/2919/2790 2451/3669/3282 2529/1183/1172
f 74/51/51 2589/399/399 2588/3736/3431
f 488/418/418 448/1006/1001 475/412/412
f 3336/415/415 1940/417/417 1938/3310/1815
f 1219/422/422 1218/424/424 1227/1513/1491
f 3128/1251/1239 3130/2714/2600 3136/997/992
f 476/396/396 1091/429/429 375/1847/397
f 426/432/432 423/434/434 439/500/500
f 2994/448/448 2992/447/447 2995/3613/3358
f 2992/447/447 2993/449/449 2988/196/195
f 2946/453/453 2944/452/452 2947/3124/2967
f 2944/452/452 2945/454/454 2940/1961/1911
f 1144/2337/2253 1143/475/475 1142/477/477
f 1142/477/477 1140/476/476 1141/2370/2285
f 3356/499/499 439/500/500 3357/837/834
f 468/4006/1065 3377/2574/2472 3379/1771/1738
f 2909/507/506 2908/509/508 2912/1447/1429
f 1352/510/509 1356/512/511 1349/2659/2549
f 1371/517/516 1372/519/518 1373/3532/3292
f 1937/1854/1816 1938/1853/1815 1942/2034/1977
f 2754/598/597 2752/597/596 130/177/176
f 130/177/176 2752/597/596 110/178/177
f 502/603/602 406/757/754 410/136/135
f 1880/934/931 1876/1564/1540 1877/1563/1539
f 3087/676/675 3091/678/677 3090/1415/1399
f 1166/688/686 1167/690/688 1158/1660/1633
f 84/72/72 2641/704/220 2640/1385/1372
f 2123/2838/2710 2119/1482/1461 2093/1970/1919
f 1415/726/723 1419/728/725 1412/2448/2356
f 1117/777/774 1116/33/33 1125/2290/2209
f 1246/1243/1231 1245/790/787 1244/792/789
f 1244/792/789 1242/791/788 1243/2372/2287
f 2893/3438/3218 2898/793/790 2897/614/613
f 2897/614/613 2899/794/791 2900/2625/2521
f 374/621/620 375/397/397 371/834/831
f 2926/801/798 2931/803/800 2927/2369/2284
f 490/440/440 492/821/818 421/955/951
f 362/805/802 356/799/796 359/798/795
f 1284/848/845 1285/850/847 1287/2292/2211
f 71/2902/2774 2597/77/77 124/2901/2773
f 124/2901/2773 2597/77/77 2599/749/746
f 2619/83/82 2638/898/895 2636/252/251
f 1350/911/908 1351/913/910 1352/510/509
f 2712/914/911 2699/770/767 2711/2151/2088
f 2171/946/942 2165/948/944 2166/287/287
f 7/141/140 9/403/403 8/4005/3588
f 287/185/184 272/664/663 286/471/471
f 2954/973/969 2952/974/970 2950/4007/3589
f 178/985/981 195/987/983 177/2958/2826
f 2741/1039/1033 2742/1041/1035 2743/3507/3276
f 218/271/271 223/270/270 221/362/362
f 1180/1087/1079 1179/1089/1081 22/11/11
f 347/761/758 307/2471/2374 309/1971/1920
f 1849/1357/1346 582/1338/1328 1847/1358/1347
f 1258/1112/1103 1256/1114/1105 1262/1601/1576
f 839/1124/1114 833/1125/1115 830/1222/1211
f 247/1047/1040 290/552/551 248/1265/1253
f 1189/1144/1133 1195/531/530 1198/1096/1088
f 302/1165/1154 305/405/405 307/2471/2374
f 2658/3717/3414 2656/1170/1159 2659/1172/1161
f 2659/1172/1161 2653/1171/1160 2652/2718/2604
f 76/670/669 2623/1196/1185 125/669/668
f 125/669/668 2623/1196/1185 2625/1195/1184
f 856/1206/1195 1056/1120/1110 1055/879/876
f 1056/1120/1110 856/1206/1195 1054/684/682
f 3323/1218/1207 3325/1220/1209 3327/1321/1311
f 589/1354/1343 450/944/941 1844/1370/1357
f 495/420/420 500/1166/1155 498/1153/1142
f 1890/1264/1252 1889/720/717 1778/3216/719
f 246/906/903 244/395/395 241/393/393
f 69/48/48 2563/1339/1329 2562/3250/3071
f 2251/1345/1334 2254/1347/1336 2259/1535/1512
f 1850/910/907 1855/542/541 1851/908/905
f 3376/329/329 3375/1363/1352 3374/949/945
f 129/3719/3416 105/3730/3425 104/100/99 103/99/98
f 3373/1613/1588 3370/1362/1351 3368/1580/1555
f 1847/1358/1347 1845/1355/1344 1846/1359/1348
f 1150/1377/1364 1156/1379/1366 1159/1659/1632
f 2744/2585/2481 2767/1986/1933 2745/1988/1935
f 603/1395/1382 601/1393/1380 602/1408/1392
f 1809/1411/1395 1810/617/616 433/1410/1394
f 1798/298/298 621/1424/1408 1796/299/299
f 2911/1445/1427 2912/1447/1429 2908/509/508
f 2991/1466/1446 2989/195/194 2990/2098/2038
f 2883/1476/1455 2881/1478/1457 2886/2520/2419
f 165/4008/2951 164/1483/1462 166/1485/1464
f 166/1485/1464 158/1484/1463 159/1501/1480
f 171/1492/1471 168/1494/1473 162/3464/3239
f 2692/2300/2219 2715/2062/2003 2693/2338/2254
f 3190/1536/1513 3186/983/979 3188/982/978
f 3093/3765/3449 3095/2565/2463 3092/2566/2464
f 686/1561/1537 656/1559/1535 684/927/924
f 2267/313/313 2258/1179/1168 2266/2505/2406
f 2903/1568/1544 2907/508/507 2909/507/506
f 1447/2882/2754 1504/1990/1937 1505/2957/2825
f 3313/2733/2615 3312/2570/2469 3309/1084/1076
f 1237/1616/1591 1235/1618/1593 1241/355/355
f 79/61/61 2615/253/252 2614/630/629
f 199/261/261 200/3196/3008 202/3200/3029
f 1054/684/682 970/1118/1108 1056/1120/1110
f 1816/1060/1052 1814/462/462 1815/483/483
f 2855/1629/1604 2859/1631/1606 2861/2627/2523
f 30/1242/1230 1238/1636/1611 1250/4009/2928
f 2869/3799/3488 2874/1638/1613 2873/1639/1614
f 2873/1639/1614 2875/203/202 2876/3775/3460
f 1301/1878/1838 1298/1643/1618 1300/2632/2528
f 1300/2632/2528 1298/1643/1618 1297/1642/1617
f 1159/1659/1632 1158/1660/1633 1167/690/688
f 1177/1088/1080 1175/1573/1549 1181/1572/1548
f 1268/1676/1649 1269/1677/1650 1260/2295/2214
f 734/1689/1661 735/226/225 729/1674/1647
f 1252/1705/1675 1258/1112/1103 1261/2294/2213
f 133/1711/1681 131/1712/1682 134/3302/3118
f 758/1300/1288 759/3354/3157 760/1301/1289
f 1879/3484/3257 1834/373/373 1832/3261/3086
f 1231/1726/1696 1237/1616/1591 1240/2668/2557
f 2885/1740/1708 2884/1741/1709 2888/3035/2897
f 2034/1776/1743 2029/583/582 2033/1123/1113
f 1108/1762/1730 1114/778/775 1117/777/774
f 743/274/274 783/273/273 748/3185/1562
f 2609/1101/1093 2596/1791/1756 2603/3680/3394
f 2040/1796/1761 2042/1798/1763 2043/4010/1622
f 27/1807/1772 1217/228/227 1229/4011/2559
f 1886/1809/1774 1887/1811/1776 1872/2298/2217
f 96/86/85 2667/1827/1791 93/87/86
f 2749/2881/2753 2747/2880/2752 111/101/100
f 522/1728/1205 2798/1835/1799 2799/1290/1278
f 822/1843/1807 819/1836/1800 823/2289/2208
f 836/609/608 834/724/721 833/1125/1115
f 606/1050/1042 607/409/409 609/3040/2899
f 452/1863/1823 445/1008/1003 446/1075/1067
f 2063/1881/1841 2061/1883/1843 2060/3415/3202
f 1724/3427/3163 2079/622/621 1722/4012/1022
f 2156/3376/1564 3190/1536/1513 3191/3901/3537
f 2628/1909/1866 2619/83/82 2616/1531/1508
f 1721/624/623 1758/623/622 1762/3790/3474
f 875/1942/1893 852/1947/1898 854/1941/1892
f 2739/1040/1034 2718/3727/3421 2722/3029/2891
f 920/1943/1894 927/1945/1896 922/3219/3044
f 47/1203/1192 1341/829/826 1340/828/825
f 3004/1952/1903 3003/1832/1796 3002/1831/1795
f 2126/364/364 2093/1970/1919 2125/1386/1373
f 2837/1975/1725 2836/1977/1924 2840/3498/3268
f 2119/1482/1461 2120/3453/3230 2117/3446/2720
f 2702/769/766 2700/104/103 128/2790/2668
f 128/2790/2668 2700/104/103 100/2791/2669
f 3458/1992/1939 3460/1994/1941 3456/2766/3265
f 3467/2014/1959 3473/18/1960 3469/3147/3590
f 183/2096/2036 182/2093/2033 181/3520/3283
f 2170/947/943 2164/1388/1375 2165/948/944
f 1385/3534/3294 1382/2040/1982 1384/3132/2974
f 1384/3132/2974 1382/2040/1982 1381/2039/1981
f 295/595/594 301/591/590 298/590/589
f 2705/2060/2001 2715/2062/2003 2708/3315/2126
f 2243/2067/523 3179/2068/2008 2245/2452/524
f 207/1045/1039 218/271/271 219/351/351
f 2645/2087/2027 2664/2089/2029 2662/237/236
f 119/105/104 184/2094/2034 113/106/105
f 186/2095/2035 194/2097/2037 193/2490/2391
f 2862/204/203 2860/2101/2041 2859/1631/1606
f 3109/570/569 3115/2115/2056 3074/2193/2124
f 1210/2119/2059 1216/423/423 1219/422/422
f 2235/1729/1697 2231/1684/1657 2234/2137/208
f 2234/2137/208 2229/1683/1656 2226/1846/209
f 2212/303/303 2217/3190/3022 2216/3996/3573
f 2863/2100/2040 2864/2146/2083 2860/2101/2041
f 1247/356/356 1248/2150/2087 1239/357/357
f 2252/2170/2104 2256/1528/1505 2255/2168/2103
f 2255/2168/2103 2256/1528/1505 2257/4013/2594
f 1033/1701/1671 1021/179/178 1024/1850/1812
f 6/1182/1171 4/752/749 509/1515/1493
f 2149/2181/2113 2151/2182/2114 2150/4014/2095
f 2154/2184/1338 2153/309/309 2141/311/311
f 2271/682/680 2072/2185/2116 2273/2199/2128
f 2273/2199/2128 2072/2185/2116 2272/746/743
f 959/1360/1349 951/2190/2121 956/3265/3090
f 2271/682/680 2168/1540/1517 2087/1409/1393
f 2679/2200/2129 2689/2202/2131 2682/3877/2126
f 1216/423/423 1214/2219/2150 1220/2488/2390
f 3299/2245/2171 3300/1017/1012 3301/735/732
f 1092/428/428 1093/278/278 1091/429/429
f 350/2299/2218 352/3812/3501 297/907/904
f 1948/1873/1833 1937/1854/1816 1942/2034/1977
f 717/2258/2181 722/1138/1127 718/1491/1470
f 3304/734/731 3299/2245/2171 3301/735/732
f 1040/347/347 1039/349/349 1038/2265/2187
f 2917/2666/2555 2922/2268/2190 2921/2269/2191
f 2921/2269/2191 2923/1814/1779 2924/2596/2492
f 1138/1129/1118 1137/2276/2198 1146/2331/2248
f 1305/2281/2203 1306/1932/1884 1308/3439/3219
f 1287/2292/2211 1288/2293/2212 1289/3076/2929
f 1261/2294/2213 1260/2295/2214 1269/1677/1650
f 846/533/532 845/1879/1839 848/387/387
f 2859/1631/1606 2857/2316/2233 2862/204/203
f 437/1679/1652 3345/464/464 3348/835/832
f 101/92/91 2693/2338/2254 98/93/92
f 2593/1887/1847 2612/263/263 2610/262/262
f 2956/2153/2090 2955/2364/2279 2954/973/969
f 3461/3829/3591 3431/2567/3592 3440/3795/3593
f 836/609/608 835/2380/2294 834/724/721
f 1394/2390/2301 1396/2392/2303 1397/2742/2622
f 550/1026/1020 546/1160/1149 547/3796/3482
f 2997/2404/2110 3002/1831/1795 2998/2417/2327
f 626/1523/1501 1793/2410/2320 1792/2048/1990
f 588/2411/2321 579/864/861 725/1668/1641
f 2686/267/267 2673/250/249 2685/268/268
f 53/2440/2349 1383/2442/2351 1382/2040/1982
f 3333/2042/1984 3331/1646/1621 3332/1497/1476
f 3331/1646/1621 2040/2247/1761 2043/1648/1622
f 2845/2898/2770 2850/1326/1316 2849/2359/2274
f 2849/2359/2274 2851/2125/2064 2852/3326/3134
f 307/2471/2374 337/712/709 309/1971/1920
f 2632/3687/3399 2630/2478/2381 2633/1306/1294
f 2633/1306/1294 2627/2479/2382 2626/1305/1293
f 3030/2483/2386 3031/2379/2293 3034/3823/3511
f 2731/2492/2393 2741/1039/1033 2734/3508/2962
f 92/81/51 155/2500/2401 154/838/835
f 33/1272/1260 1259/1682/1655 1271/4015/2584
f 2036/1799/1764 1963/1122/1112 1959/1529/1506
f 2886/2520/2419 2884/1741/1709 2883/1476/1455
f 2896/2524/2424 2894/612/611 2897/614/613
f 3117/2536/2437 3118/2535/2436 3071/3353/3156
f 3118/2535/2436 3105/300/300 3119/2664/2553
f 1329/2314/2231 1328/2352/2267 1326/2602/2500
f 13/929/926 1136/2549/496 1148/4016/1119
f 991/2551/2452 3133/2477/2380 983/989/985
f 1128/2553/2454 1121/2554/2455 10/194/193
f 1942/2034/1977 1940/2571/417 1943/4017/3177
f 2970/967/963 2968/2577/2475 2971/3715/3413
f 2968/2577/2475 2969/969/965 2964/3430/3213
f 111/101/100 2745/1988/1935 108/102/101
f 490/440/440 3342/916/913 440/2134/2073
f 3007/1953/1904 3006/1830/1794 3003/1832/1796
f 3205/2591/2487 2113/2593/2489 3204/2527/2427
f 1436/2599/2495 1438/2414/2324 1439/2724/2608
f 2958/2603/2501 2959/2155/2091 2962/3762/3447
f 1389/2613/2509 1390/2615/2511 1392/3239/3061
f 2861/2627/2523 2860/2101/2041 2864/2146/2083
f 801/2092/2032 798/607/606 802/4018/3538
f 1431/2144/2081 1432/2665/2554 1434/3286/3105
f 1171/2667/2556 1177/1088/1080 1180/1087/1079
f 2783/3761/3446 2782/2266/2188 2785/3341/3147
f 2815/1806/1771 2816/2673/2561 2812/1804/1769
f 773/1627/1602 775/2011/1956 768/2010/1955
f 2164/1388/1375 2088/815/812 2086/817/814
f 3311/1605/1580 3320/2021/1967 3308/1893/1851
f 297/907/904 293/565/564 300/925/922
f 300/925/922 298/590/589 302/1165/1154
f 355/869/866 359/798/795 353/800/797
f 1198/1096/1088 1197/2704/2590 1206/319/319
f 1406/400/400 1403/402/402 1405/3792/3477
f 1405/3792/3477 1403/402/402 1402/2597/2493
f 1436/2599/2495 1440/2407/2318 1433/2143/2080
f 499/574/573 501/575/574 503/604/603
f 2602/2737/2618 2593/1887/1847 2590/1886/1846
f 1394/2390/2301 1398/2743/2623 1391/2703/2589
f 1610/2344/2259 1658/730/727 1655/729/726
f 1145/1468/1448 1146/2331/2248 1137/2276/2198
f 2088/815/812 2090/763/760 2082/1919/1872
f 2887/2521/2420 2888/3035/2897 2884/1741/1709
f 2728/201/200 2726/3065/2921 129/3719/3416
f 129/3719/3416 2726/3065/2921 105/3730/3425
f 1287/2292/2211 1286/1111/1102 1284/848/845
f 1731/1560/1536 1725/3168/2005 1728/4019/3594
f 1322/2241/2168 1319/3172/1618 1321/2533/2434
f 1321/2533/2434 1319/3172/1618 1318/2175/2108
f 1240/2668/2557 1239/357/357 1248/2150/2087
f 2039/2246/1762 3337/2342/2257 1905/3925/3140
f 1905/3925/3140 3337/2342/2257 3339/2343/2258
f 203/320/320 593/1732/1700 595/1380/1367
f 595/1380/1367 593/1732/1700 592/3274/3096
f 2764/148/147 2751/1278/1266 2763/146/145
f 1272/1271/1259 1265/1680/1653 33/1272/1260
f 2757/3201/2878 2767/1986/1933 2760/3443/3223
f 2872/2147/2084 2870/3204/3032 2873/1639/1614
f 754/1706/1676 753/2264/2186 747/1586/1561
f 505/1173/1162 503/604/603 502/603/602
f 626/1523/1501 630/3228/3050 2000/2409/2319
f 610/1051/1043 613/3023/2886 608/3240/3062
f 1392/3239/3061 1391/2703/2589 1389/2613/2509
f 1129/495/495 1135/2275/2197 1138/1129/1118
f 1326/2602/2500 1327/2239/2166 1329/2314/2231
f 3050/651/650 3048/1822/1786 3045/2622/2518
f 3478/3257/3078 3476/2600/3080 3477/4020/3595
f 506/1188/1177 502/603/602 410/136/135
f 2879/3262/3087 2883/1476/1455 2885/1740/1708
f 2934/1439/1421 2935/2645/2538 2938/1962/1912
f 1289/3076/2929 1291/2357/2272 1292/3989/3562
f 1413/3281/3101 1414/2751/2632 1415/726/723
f 1434/3286/3105 1435/2412/2322 1436/2599/2495
f 2262/3288/3106 2259/1535/1512 2254/1347/1336
f 1002/4021/3596 996/2106/2046 990/1511/1489
f 991/2608/2452 994/1709/1679 992/4022/3528
f 1343/2528/2428 1340/828/825 1342/3819/3509
f 1342/3819/3509 1340/828/825 1339/165/164
f 9/403/403 137/139/138 8/4005/3588
f 768/2010/1955 763/3488/3259 765/1628/1603
f 3173/427/427 2225/3751/1809 2223/1372/1359
f 176/2467/2371 118/212/211 174/3540/3301
f 174/3540/3301 118/212/211 115/214/213
f 1225/2540/2440 1224/2993/2860 1223/1808/1773
f 1223/1808/1773 1221/3324/3133 1222/229/228
f 349/1851/1813 350/2299/2218 335/691/689
f 1922/1842/1806 1927/1841/1805 1921/1931/1883
f 3028/2377/2292 3027/2484/2387 3026/3191/3023
f 59/3342/3148 1425/1860/1820 1424/1859/1819
f 1931/3344/3149 1924/1412/1396 1930/3854/3525
f 3341/465/465 435/3189/3021 440/2134/2073
f 250/2583/2479 257/1287/1275 260/2499/2400
f 1368/1465/1445 1369/518/517 1371/517/516
f 1977/1452/1433 1976/2415/2325 1980/1331/1321
f 2021/2255/2179 2024/1149/1138 2020/1148/1137
f 2787/1764/1732 2788/382/382 2784/2267/2189
f 397/844/841 482/547/546 480/1091/1083
f 1974/3506/3119 2034/1776/1743 1971/4023/3161
f 1933/2582/2478 1930/3854/3525 1932/1283/1271
f 197/260/260 589/1354/1343 593/1732/1700
f 1135/2275/2197 1133/1651/1624 1139/3813/3502
f 2034/1776/1743 1920/3291/3109 1971/4023/3161
f 1124/32/32 1125/2290/2209 1116/33/33
f 2569/2118/2058 2572/3711/3411 2571/2116/77
f 2049/3407/1620 2052/809/806 2053/4024/3208
f 2106/1495/1474 2104/3411/2277 2100/819/816
f 271/526/525 270/988/984 272/664/663
f 1181/1572/1548 1179/1089/1081 1177/1088/1080
f 189/3419/3207 186/2095/2035 192/2491/2392
f 322/659/658 318/2472/2375 315/1092/1084
f 3145/3431/3214 3143/2629/2525 3142/1890/1849
f 414/644/643 420/407/407 515/1199/1188
f 949/3271/3094 872/3432/3215 874/3269/3092
f 889/1958/1909 887/3436/1219 890/4025/692
f 2169/2050/1992 2162/796/793 2163/2037/1980
f 1308/3439/3219 1307/2333/2250 1305/2281/2203
f 916/159/158 923/1964/1914 925/1944/1895
f 2831/3448/1724 2835/1976/1923 2837/1975/1725
f 2949/3452/3229 2954/973/969 2950/4007/3589
f 2808/3457/3234 2812/1804/1769 2813/3759/3444
f 133/1711/1681 343/737/734 132/736/733
f 2240/3445/1213 2241/3460/1214 2239/3444/3224
f 2239/3444/3224 2241/3460/1214 2233/1672/1645
f 3474/3461/3236 3476/2600/3080 3475/3258/3079
f 2183/3226/3048 2185/3384/626 2186/3842/3521
f 3169/1397/1383 2188/3841/3179 3167/629/628
f 182/2093/2033 186/2095/2035 184/2094/2034
f 1308/3439/3219 1309/2617/2513 1310/3440/3220
f 2567/3471/3245 2586/3473/1473 2584/3249/3070
f 955/3264/3089 947/3475/3248 957/494/494
f 2576/3480/2850 2567/3471/3245 2564/3920/3547
f 963/2066/2007 967/1966/1915 969/1968/1917
f 24/3217/3043 1196/2163/2099 1208/4026/2621
f 2824/2105/2045 2822/1442/1424 2825/1444/1426
f 1267/1600/1575 1266/1602/1577 1265/1680/1653
f 1265/1680/1653 1263/2607/2505 1264/2277/2199
f 936/3477/3252 937/1567/1543 924/1566/1542
f 2239/3444/3224 2232/1685/1658 2238/1731/1699
f 212/317/317 203/320/320 215/322/322
f 1044/348/348 1041/2545/2445 1039/349/349
f 932/2218/2149 934/3502/3271 936/3477/3252
f 259/1289/1277 252/2032/1381 262/1035/1029
f 1812/474/474 1836/3243/3065 434/472/472
f 1220/2488/2390 1218/424/424 1216/423/423
f 1373/3532/3292 1375/1934/1886 1376/3809/3497
f 213/321/321 208/1550/1526 247/1047/1040
f 621/1424/1408 618/887/884 620/2705/2591
f 2981/2084/2024 2979/3646/3375 2982/3785/3469
f 2967/3662/3382 2965/1428/1412 2966/3818/3508
f 2756/3012/2877 2762/1279/1267 2755/3337/3143
f 2762/1279/1267 2759/3011/2876 2761/4027/3597
f 243/34/34 360/806/803 361/808/805
f 19/431/431 1178/3408/2298 120/430/430
f 3457/3510/3279 3450/3690/3400 3459/3559/3424
f 2671/2058/2000 2669/2816/2692 96/86/85
f 177/2958/2826 187/3542/3303 180/2959/2827
f 2704/992/987 2710/2152/2089 2703/991/986
f 2710/2152/2089 2707/2195/2125 2709/2198/2127
f 1035/3697/3402 1036/3699/2574 1023/3716/3151
f 883/2401/2313 884/2674/2562 887/3436/1219
f 163/3108/2955 156/8/8 161/3547/3306
f 181/3520/3283 119/105/104 150/3550/3309
f 1687/119/118 3385/2821/2697 1609/2914/2268
f 86/151/150 89/150/149 151/2979/2846
f 151/2979/2846 89/150/149 153/3695/3343
f 1048/3706/3408 1042/3698/3403 1047/2348/2263
f 44/2915/2786 1320/3708/2266 1319/3172/1618
f 2583/3709/3409 2570/3214/3041 2577/3738/3432
f 66/3146/2987 2571/2116/77 123/2754/2635
f 123/2754/2635 2571/2116/77 2573/3667/3387
f 2848/1755/1723 2846/1268/1256 2849/2359/2274
f 3464/3720/3417 3460/1994/1941 3462/1993/1940
f 140/135/134 92/81/51 139/7/7
f 2206/3722/3419 3176/2731/2613 3178/2730/2612
f 3039/1927/1880 3037/332/332 3038/1928/1881
f 1364/3450/3227 1361/1102/1094 1363/3565/3322
f 1363/3565/3322 1361/1102/1094 1360/1698/1668
f 81/172/171 2649/3705/3407 126/222/221
f 126/222/221 2649/3705/3407 2651/223/222
f 2713/3155/2994 2692/2300/2219 2696/2301/2220
f 3451/3729/3423 3450/3690/3400 3452/3998/3598
f 172/3731/3426 171/1492/1471 157/3566/3323
f 2839/1327/1317 2840/3498/3268 2836/1977/1924
f 2661/236/235 2648/2717/2603 2655/3657/3380
f 155/2500/2401 162/3464/3239 154/838/835
f 106/98/97 2719/3726/2658 103/99/98
f 2678/1640/1615 2684/249/248 2677/251/250
f 2684/249/248 2681/2795/2673 2683/2798/2674
f 2069/2207/2137 2272/746/743 2072/2185/2116
f 150/3550/3309 119/105/104 149/145/144
f 2723/3665/3385 2721/642/641 106/98/97
f 2920/2644/2537 2918/3749/3438 2921/2269/2191
f 662/3424/1868 661/3485/1534 660/3238/3060
f 1333/2174/2107 1331/2315/2232 1330/2327/2244
f 247/1047/1040 238/779/776 213/321/321
f 3042/744/741 3040/333/333 3043/1137/1126
f 3040/333/333 3041/743/740 3036/3787/3471
f 381/3786/3470 386/876/873 384/1733/1701
f 876/535/534 909/1186/1175 908/3270/3093
f 707/1782/1749 713/1615/1590 708/1014/1009
f 1427/2429/2338 1424/1859/1819 1426/2430/2339
f 1426/2430/2339 1424/1859/1819 1423/2896/2768
f 3018/1924/1877 3016/285/285 3019/284/284
f 3016/285/285 3017/3222/3047 3012/3781/3463
f 2767/1986/1933 2768/3703/3405 2769/3442/3222
f 487/563/562 488/418/418 484/414/414
f 998/1930/1882 1002/4021/3596 1003/1581/1556
f 585/1703/1673 590/1505/1483 586/1704/1674
f 1278/3513/1101 38/240/239 1281/4028/2480
f 6/1182/1171 147/753/750 5/2156/2092
f 1299/2719/2516 41/1877/1837 1302/4029/112
f 1429/1956/1907 1424/1859/1819 1427/2429/2338
f 334/672/671 408/924/921 333/687/685
f 415/956/952 334/672/671 418/954/950
f 2140/3793/3165 2135/1158/1147 2142/437/437
f 1114/778/775 1112/2012/1957 1118/31/31
f 22/11/11 1187/3418/3206 1188/2340/2255
f 544/1162/1151 547/3796/3482 546/1160/1149
f 1392/3239/3061 1393/2391/2302 1394/2390/2301
f 10/194/193 1115/3798/2456 1127/4030/191
f 2873/1639/1614 2868/3807/3496 2869/3799/3488
f 1373/3532/3292 1377/3810/3498 1370/1463/1443
f 1387/3602/3350 1382/2040/1982 1385/3534/3294
f 179/2468/2372 196/986/982 178/985/981
f 196/986/982 190/3811/3291 191/4031/2127
f 2135/1158/1147 2128/2346/2261 2130/860/857
f 2765/2817/2693 2744/2585/2481 2748/3577/3333
f 2910/845/842 2908/509/508 2907/508/507
f 16/1304/1292 1157/3822/2490 1169/4032/2502
f 367/3824/1810 365/699/697 370/619/618
f 1350/911/908 1349/2659/2549 1347/2633/2529
f 2821/1443/1425 2826/3177/3012 2825/1444/1426
f 2825/1444/1426 2827/2899/2771 2828/2104/2044
f 448/1006/1001 443/1686/1659 444/1007/1002
f 1195/531/530 1193/2454/2360 1199/479/479
f 207/3764/1039 456/345/345 455/344/344
f 56/401/401 1404/2436/2345 1403/402/402
f 2606/3621/2951 2604/3624/3362 2607/3696/3042
f 2607/3696/3042 2601/748/745 2600/750/747
f 3173/427/427 3171/426/426 3179/2068/2008
f 50/3451/3228 1362/1103/1095 1361/1102/1094
f 1165/1303/1291 1164/2767/2647 1163/3821/3510
f 1163/3821/3510 1161/1275/1263 1162/3210/3038
f 1139/3813/3502 1137/2276/2198 1135/2275/2197
f 2835/1976/1923 2833/2126/2065 2838/1328/1318
f 2982/3785/3469 2983/2580/2476 2986/2840/2712
f 2676/773/770 2674/3704/3406 127/2609/2506
f 127/2609/2506 2674/3704/3406 95/2056/1998
f 3080/1524/1502 3077/3836/3518 3079/650/649
f 1026/3849/999 1024/1850/1812 1025/4033/914
f 1024/1850/1812 1026/3849/999 1033/1701/1671
f 1084/528/527 1096/1544/1521 1082/2237/2164
f 1262/1601/1576 1260/2295/2214 1258/1112/1103
f 1352/510/509 1354/2652/2543 1355/511/510
f 2580/2985/2852 2578/2984/2851 2581/3215/3042
f 2581/3215/3042 2575/3666/3386 2574/3213/3040
f 1347/2633/2529 1348/912/909 1350/911/908
f 1371/517/516 1370/1463/1443 1368/1465/1445
f 2943/1742/1710 2941/58/58 2942/1743/1711
f 111/101/100 2748/3577/3333 2744/2585/2481
f 872/3432/3215 873/549/548 874/3269/3092
f 2114/3356/3159 2113/3358/2489 2112/674/673
f 1022/3879/2102 3136/997/992 3137/918/915
f 3140/919/916 1028/3858/293 3141/1005/1000
f 3150/2278/2200 3138/2630/2526 3143/2629/2525
f 2654/3883/3378 2645/2087/2027 2642/3926/3379
f 1226/2586/2482 1227/1513/1491 1218/424/424
f 1990/1508/1486 522/1728/1205 1988/2296/2215
f 1832/3261/3086 1877/1563/1539 1879/3484/3257
f 269/488/488 274/506/505 273/486/486
f 3154/1936/1888 3153/2279/2201 3155/1937/1889
f 250/2583/2479 289/554/553 249/553/552
f 2738/2542/2442 2725/641/640 2737/1233/1222
f 2715/2062/2003 2716/3654/265 2717/3314/3125
f 1415/726/723 1417/2030/1974 1418/727/724
f 744/1837/1801 740/1547/1524 741/25/25
f 553/976/972 551/756/753 552/905/902
f 2980/2578/661 2979/3646/3375 2978/3645/3374
f 1413/3281/3101 1412/2448/2356 1410/2476/2379
f 2108/2180/2112 2106/1495/1474 2109/1496/1475
f 396/891/888 380/857/854 393/859/856
f 3259/1117/1107 835/3900/2294 3257/1128/1117
f 3299/2245/2171 3295/1298/1286 3297/1015/1010
f 1434/3286/3105 1433/2143/2080 1431/2144/2081
f 1845/1355/1344 1844/1370/1357 1839/2043/1985
f 1839/2043/1985 1844/1370/1357 445/1008/1003
f 3015/2256/2180 3013/2747/2629 3014/2406/2317
f 3273/1598/1573 3267/3908/3539 3268/3255/3076
f 3326/1323/1313 3308/1893/1851 3323/1218/1207
f 468/4006/1065 3379/1771/1738 1107/3990/2309
f 2206/3910/3419 2208/2102/2042 2204/2103/2043
f 1806/3784/3468 613/3023/2886 1804/3236/3058
f 1312/2616/2512 1310/3440/3220 1309/2617/2513
f 1331/2315/2232 1335/2350/2265 1328/2352/2267
f 3296/3295/3112 3299/2245/2171 3305/1892/1850
f 3468/3913/3543 3467/2014/1959 3469/3147/3590
f 3110/1071/1063 3113/1824/1788 3112/1156/1145
f 2689/2202/2131 2690/265/265 2691/3876/3527
f 1410/2476/2379 1411/3282/3102 1413/3281/3101
f 3282/1902/1859 3270/1872/1832 3274/1871/1831
f 3262/1625/1600 3261/1404/1388 789/1626/1601
f 789/1626/1601 3261/1404/1388 791/1406/1390
f 3241/3391/3184 3234/1054/1046 3236/1056/1048
f 3266/3306/3120 3263/3441/3221 727/3907/1648
f 727/3907/1648 3263/3441/3221 788/1624/1599
f 586/1704/1674 592/3274/3096 587/1356/1345
f 1123/1761/1729 1122/1760/1728 1121/2554/2455
f 1121/2554/2455 1119/2330/2247 1120/3774/3459
f 3021/3930/3546 3026/3191/3023 3022/132/131
f 265/1034/1028 264/487/487 267/1780/1747
f 3364/2573/2471 3363/3933/3553 3365/1107/1099
f 2838/1328/1318 2836/1977/1924 2835/1976/1923
f 1289/3076/2929 1293/1109/1100 1286/1111/1102
f 3241/3391/3184 3247/3777/3462 3249/1402/1386
f 1204/24/24 1203/23/23 1202/2164/2100
f 1202/2164/2100 1200/2709/2595 1201/2162/2098
f 1280/2434/2343 1277/3512/3280 1279/2498/2399
f 1279/2498/2399 1277/3512/3280 1276/3830/3516
f 422/433/433 418/954/950 336/671/670
f 2973/3991/662 2978/3645/3374 2974/2083/2023
f 1186/2171/2105 1185/2172/2106 1184/2091/2031
f 1184/2091/2031 1182/852/849 1183/851/848
f 1310/3440/3220 1314/2619/2515 1307/2333/2250
f 3336/415/415 3334/1499/1478 3335/416/416
f 3387/4034/3494 1609/2353/2268 3385/4035/2697 3384/4036/3495
f 2107/3410/2278 2106/1495/1474 2108/2180/2112
f 2747/2880/2752 2748/3577/3333 111/101/100
f 2132/3794/3478 2128/2346/2261 2135/1158/1147
f 412/646/645 334/672/671 415/956/952
f 383/1163/1152 386/876/873 381/3786/3470
f 171/1492/1471 162/3464/3239 155/2500/2401
f 182/2093/2033 119/105/104 181/3520/3283
f 964/3318/3128 967/1966/1915 963/2066/2007
f 183/2096/2036 186/2095/2035 182/2093/2033
f 344/1543/1520 343/737/734 133/1711/1681
f 417/451/451 420/407/407 414/644/643
f 2570/3214/3041 2572/3711/3411 2569/2118/2058
f 1931/3344/3149 1930/3854/3525 1933/2582/2478
f 766/3606/3352 763/3488/3259 768/2010/1955
f 2778/2274/2196 2782/2266/2188 2783/3761/3446
f 3439/2568/3599 3431/2567/3592 3461/3829/3591
f 351/2324/2241 352/3812/3501 350/2299/2218
f 2163/2037/1980 2164/1388/1375 2170/947/943
f 857/3368/3168 852/1947/1898 875/1942/1893
f 2080/1010/1005 2079/622/621 1724/3427/3163
f 2028/1209/1198 2029/583/582 2034/1776/1743
f 738/224/223 735/226/225 734/1689/1661
f 1450/3562/3319 1504/1990/1937 1447/2882/2754
f 3094/3456/3233 3095/2565/2463 3093/3765/3449
f 2713/3155/2994 2715/2062/2003 2692/2300/2219
f 2765/2817/2693 2767/1986/1933 2744/2585/2481
f 2120/3453/3230 2119/1482/1461 2123/2838/2710
f 1881/3248/3069 1876/1564/1540 1880/934/931
f 466/2173/1062 3377/2574/2472 468/4006/1065
f 2460/2920/2791 2451/3669/3282 2528/2919/2790
f 3235/2031/1975 3233/3898/3535 3237/3392/3185
f 534/1241/1229 533/3180/3015 532/966/962
f 13/929/926 14/931/928 1149/1469/1449
f 2356/2762/2642 2354/3605/3351 2359/4003/3586
f 2891/3034/2896 2892/613/612 2890/1900/1857
f 3469/3147/3600 3475/4001/3584 3468/3913/3583
f 2866/3203/3031 2867/2145/2082 2870/3204/3032
f 1444/2885/2757 1441/3057/2915 1448/2073/2013
f 2945/454/454 2946/453/453 2933/1925/1878
f 3458/3558/3601 3466/3999/3581 3457/3510/3580
f 3450/3690/3602 3460/1994/3578 3452/3998/3577
f 612/3237/3059 611/1421/1405 615/886/883
f 35/2519/2418 34/1273/1261 1271/2699/2584
f 3477/4020/3603 3476/2600/3575 3481/3914/3574
f 2181/2669/2558 2188/3841/3179 2191/2611/2507
f 2329/3648/3376 2331/2977/2844 2388/3164/3002
f 928/2007/1952 929/2006/1951 931/2217/2148
f 29/1514/1492 28/2475/2378 1229/2670/2559
f 1002/4021/3596 998/1930/1882 996/2106/2046
f 3438/1662/3604 3430/343/3571 3439/2568/3570
f 2898/793/790 2886/2520/2419 2899/794/791
f 1823/2371/2286 1824/2319/2236 1828/1197/1186
f 1928/1285/1273 1929/3754/1050 1934/1852/1814
f 3462/3560/3605 3459/3559/3567 3464/3993/3566
f 3364/2573/2471 3366/1106/1098 3377/2574/2472
f 2981/2084/2024 2993/449/449 2975/2462/2366
f 852/1947/1898 857/3368/3168 855/1099/1091
f 3405/256/3606 3414/2702/3564 3413/2366/3563
f 565/823/820 567/2775/2655 563/1500/1479
f 744/1837/1801 822/1843/1807 740/1547/1524
f 1518/1633/1608 1523/1777/1744 1516/2640/2534
f 2199/326/326 2197/328/328 2204/2103/2043
f 941/163/162 944/162/161 946/2208/2138
f 1751/3479/3254 1730/841/838 1750/3192/3024
f 1629/3027/2890 1631/3631/3365 1630/3463/3238
f 2114/3356/3159 2103/673/672 2116/3447/3225
f 2752/597/596 2753/599/598 2750/2879/2751
f 3366/1106/1098 3367/503/502 3372/3988/1353
f 3395/255/3607 3394/3505/3560 3406/2701/3559
f 2021/2255/2179 2020/1148/1137 2016/1792/1757
f 227/2997/360 3365/1107/1099 226/1434/358
f 222/350/350 221/362/362 225/3986/1481
f 3142/1890/1849 3144/2685/2573 940/1891/160
f 3147/2387/2300 1048/3826/3408 3148/3863/3526
f 1043/2749/2631 1047/2348/2263 1041/2545/2445
f 1950/1874/1834 1946/2036/1979 2063/1881/1841
f 1995/640/639 1985/639/638 1998/1456/1436
f 2792/1855/1817 779/1856/1818 2794/833/830
f 924/1566/1542 919/158/157 936/3477/3252
f 813/1142/1131 810/1828/1792 842/1715/1685
f 2648/2717/2603 2650/3723/3420 2647/3092/2943
f 3118/2535/2436 3072/3927/3550 3071/3353/3156
f 3012/3781/3463 3006/1830/1794 3011/2748/2630
f 1320/2351/2266 1323/13/13 1328/2352/2267
f 121/109/108 65/41/41 60/37/37
f 609/3040/2899 611/1421/1405 610/1051/1043
f 774/458/458 771/2009/1954 784/1748/1716
f 432/2713/2599 427/308/308 433/1410/1394
f 803/3902/3139 798/1787/606 3258/1127/1116
f 1062/4037/3439 1060/3922/3142 1064/1238/1226
f 3162/1232/1221 896/2142/2079 3163/692/690
f 814/3489/3260 759/3354/3157 763/3488/3259
f 981/294/294 980/296/296 985/2752/2633
f 1982/2335/2252 1988/2296/2215 1904/2336/1553
f 1980/1331/1321 1983/1330/1320 1982/2335/2252
f 1524/2547/2449 1525/1632/1607 1522/3551/3310
f 3044/3929/3551 3039/1927/1880 3021/3918/3546
f 548/3875/1300 638/1432/1417 569/3917/353
f 1386/3639/2350 53/2440/2349 51/2691/2578
f 2142/437/437 2145/1906/1863 2143/3916/3164
f 3117/2536/2437 3073/2419/2329 3116/2114/2055
f 3281/2072/2012 3278/3915/3545 3283/2071/2011
f 118/212/211 175/3319/3129 117/3521/3284
f 621/1424/1408 624/1522/1500 1796/299/299
f 1365/2716/2602 50/3451/3228 48/1464/1444
f 605/1407/1391 715/1637/1612 603/1395/1382
f 3386/3866/1224 3380/3868/2532 3383/3615/1225
f 2000/2409/2319 2770/3474/3247 1997/3373/3172
f 1960/1530/1507 2057/1723/1693 2037/1800/1765
f 1128/2553/2454 1126/2317/2234 1123/1761/1729
f 763/3488/3259 761/1716/1686 765/1628/1603
f 3287/1318/1308 3283/2071/2011 3291/2438/2347
f 1998/1456/1436 3330/1458/1438 3328/480/480
f 3326/1323/1313 3292/1322/1312 3308/1893/1851
f 2216/3996/3573 2220/1399/1384 2218/3433/3216
f 2802/3220/3045 2801/1291/1279 2803/2304/2223
f 3333/2042/1984 3332/1497/1476 3336/415/415
f 2203/2141/2078 2205/1989/1936 2175/275/275
f 829/3832/2785 832/3905/722 3265/2261/2183
f 904/3404/1928 3153/2279/2201 905/3904/1929
f 3142/1890/1849 3143/2629/2525 1020/998/993
f 1895/3421/3209 1893/653/652 1891/942/939
f 2132/3873/3478 3194/1350/1339 2128/3741/2261
f 1751/3694/3254 1754/3899/3536 2085/498/498
f 2201/2285/2204 2221/3434/3217 2222/2688/2576
f 1867/3591/3341 1869/3181/3016 536/1244/1232
f 681/1554/1530 683/826/823 682/1262/1250
f 3244/3788/3472 3245/2739/2620 3243/2905/2777
f 699/1590/1565 657/2226/2154 702/1595/1570
f 2195/2287/2206 2199/326/326 2201/2285/2204
f 3238/4004/3587 3239/3789/3473 3237/3392/3185
f 1983/1330/1320 1976/2415/2325 1985/639/638
f 3231/1055/1047 3232/3733/3428 3235/2031/1975
f 3036/3787/3471 3030/2483/2386 3035/334/334
f 767/182/181 777/1754/1722 773/1627/1602
f 1806/3784/3468 1808/1413/1397 608/3240/3062
f 377/972/968 372/1593/1568 382/858/855
f 321/1667/1640 338/713/710 340/1666/1639
f 504/1167/1156 499/574/573 505/1173/1162
f 3060/152/151 3059/154/153 3075/1751/1719
f 556/975/971 555/755/752 558/1286/1274
f 504/1167/1156 508/751/748 500/1166/1155
f 529/3748/2312 526/3890/3132 2787/1764/1732
f 2783/3761/3446 2790/1753/1721 2791/1131/1120
f 2794/833/830 2796/3752/3440 2793/1132/1121
f 958/2019/1965 961/493/493 962/2020/1966
f 2915/1446/1428 2916/3886/3529 2914/3776/3461
f 1433/2143/2080 1425/2408/1820 57/1950/1901
f 803/3331/3139 841/385/385 847/1885/1845
f 3187/854/851 2159/856/853 3189/1940/1891
f 1905/3332/3140 1907/1250/1238 1906/1817/1782
f 3135/2552/2453 991/2551/2452 995/3853/1678
f 1552/2017/1963 1553/3744/3436 1555/2015/1961
f 1770/1696/1666 1768/546/545 1772/739/736
f 828/2912/2784 831/723/720 829/2913/2785
f 1011/1461/1441 1007/1803/1768 1019/1462/1442
f 416/1189/1178 506/1188/1177 413/932/929
f 1925/1284/1272 1918/1376/1363 1926/3753/1551
f 545/1433/1248 548/3875/1300 547/3796/3482
f 1890/1264/1252 1781/3874/702 1892/3389/3183
f 743/1692/274 742/26/26 733/1688/272
f 696/1591/1566 701/540/539 693/323/323
f 573/3313/996 645/2086/2026 646/3872/994
f 2187/4038/1197 2066/2079/2019 3166/628/627
f 2229/1683/1656 2232/1685/1658 2228/1844/1808
f 1982/2335/2252 1986/1783/1750 1988/2296/2215
f 412/646/645 411/645/644 334/672/671
f 266/2814/2690 268/157/156 270/988/984
f 231/3713/374 234/381/381 1059/2727/2610
f 1944/2035/1978 1947/2534/2435 1946/2036/1979
f 551/756/753 553/976/972 1862/654/653
f 1900/3388/3182 2023/1147/1136 1902/3869/1554
f 2795/1921/1874 2796/3752/3440 2798/1835/1799
f 2155/936/933 2133/937/934 2158/1588/1563
f 2008/2216/2147 2006/1509/1487 1989/1785/1752
f 1773/1695/1665 1775/485/485 1771/1259/1247
f 3011/2748/2630 3010/2589/2485 3013/2747/2629
f 2089/2707/2593 2086/817/814 2085/498/498
f 942/3932/2643 3144/2685/2573 1038/3417/2187
f 3384/4039/3495 3385/3867/2697 3386/3866/1224
f 3182/2514/2413 3186/983/979 2245/2452/524
f 2964/3430/3213 2958/2603/2501 2963/3769/3455
f 1031/4040/3137 1030/2158/2094 1032/180/179
f 2755/3337/3143 2751/1278/1266 2754/598/597
f 3125/3757/3442 3123/1227/1216 3126/1252/1240
f 2207/4041/3541 2206/3722/3419 2209/3860/3162
f 288/615/614 250/2583/2479 287/185/184
f 3208/1201/1190 3207/1917/1871 3210/1200/1189
f 2824/2105/2045 2829/2349/2264 2813/3856/3444
f 2058/1869/1829 1958/1722/1692 1952/1875/1835
f 2122/3742/3232 3195/3256/3077 2121/3855/3231
f 2227/2140/2077 2224/3676/3391 2230/1671/1644
f 1918/1376/1363 1925/1284/1272 1924/1412/1396
f 323/2649/2542 309/1971/1920 324/711/708
f 2213/3878/3261 3178/2730/2612 2214/3852/3011
f 1013/1849/1811 1012/3535/3295 1017/2165/2101
f 332/680/679 330/679/678 423/434/434
f 736/3345/2184 824/225/224 826/2911/2185
f 2188/3841/3179 3169/1397/1383 2189/3850/205
f 2573/3667/3387 2572/3711/3411 2574/3213/3040
f 1813/473/473 434/472/472 1810/617/616
f 869/3233/3054 670/1650/1623 868/1770/1737
f 2362/2252/2176 2365/3672/3372 2364/2251/2175
f 2180/1311/1299 2182/289/289 2184/745/742
f 975/1052/1044 1057/880/877 1056/1120/1110
f 3064/1750/1718 3067/1752/1720 3070/2192/2123
f 987/1946/1897 981/294/294 988/1512/1490
f 1509/1020/1015 1510/1735/1703 1511/1021/1016
f 321/1667/1640 318/2472/2375 324/711/708
f 535/1240/1228 537/3846/3523 534/1241/1229
f 1814/462/462 1818/1622/1597 1822/3251/3072
f 3109/570/569 3107/569/568 3116/2114/2055
f 850/4042/1996 976/3845/1045 3122/2055/1997
f 2203/2141/2078 2227/2140/2077 2205/1989/1936
f 2018/2254/2178 2017/1734/1702 2021/2255/2179
f 3074/2193/2124 3067/1752/1720 3114/1823/1787
f 2181/2669/2558 2183/3226/3048 2188/3841/3179
f 3347/2238/2165 3349/3839/3519 3345/464/464
f 1013/1849/1811 1007/1803/1768 1012/3535/3295
f 137/139/138 346/504/503 135/1725/1695
f 1753/1526/1503 1759/1654/1627 1757/1520/1498
f 2922/2268/2190 2910/845/842 2923/1814/1779
f 3053/3252/3073 3079/650/649 3059/154/153
f 566/1134/1123 577/865/862 564/1135/1124
f 1866/2183/2115 1857/3259/3084 1868/636/635
f 2780/2735/2616 2791/1131/1120 2781/2321/2238
f 2112/674/673 2110/2179/2111 2105/675/674
f 2136/310/310 2134/862/859 2141/311/311
f 875/1942/1893 877/813/810 879/1152/1141
f 1165/1303/1291 1170/1302/1290 1166/688/686
f 254/439/439 258/994/989 263/588/587
f 1725/2064/2005 1721/624/623 1763/2065/2006
f 2094/3199/3028 2092/762/759 2099/820/817
f 1411/3282/3102 1406/400/400 1414/2751/2632
f 1553/3744/3436 1547/3735/3430 1554/2654/2545
f 537/3846/3523 535/1240/1228 542/1161/1150
f 1358/4043/2617 1362/3833/1095 1377/3810/3498
f 2002/2696/2582 2004/1507/1485 2009/2855/2728
f 2885/4044/1708 2896/2524/2424 2879/3831/3087
f 1290/2356/2271 1288/2293/2212 1276/3830/3516
f 3139/996/991 3122/2055/1997 3136/997/992
f 3446/3537/3608 3438/1662/3514 3461/3829/3513
f 521/1727/1203 2801/1291/1279 782/2469/2373
f 3192/1938/1890 2268/3212/1504 3193/3827/3512
f 1178/2385/2298 1180/1087/1079 120/430/430
f 3146/2687/2575 1036/2686/2574 3147/2387/2300
f 2869/3799/3488 2863/2100/2040 2874/1638/1613
f 2478/3241/3063 2476/3242/3064 2486/2843/2714
f 1795/3230/3051 624/1522/1500 1794/3231/3052
f 2813/3856/3444 2817/3820/3445 2824/2105/2045
f 2687/2921/2792 2689/2202/2131 2666/1826/1790
f 2721/642/641 2722/3029/2891 106/98/97
f 1343/2528/2428 1342/3819/3509 1348/912/909
f 1089/1702/1672 1090/2025/1971 1093/278/278
f 1852/2918/2789 582/1338/1328 1851/908/905
f 2956/3801/2090 2967/3662/3382 2960/1427/1411
f 2120/3453/3230 2124/363/363 2122/3455/3232
f 1474/2826/2701 1476/2828/2703 1482/3538/3299
f 2173/2631/2527 2248/1980/1927 2162/796/793
f 3402/4045/3609 3390/921/3506 3401/1316/3505
f 1186/2171/2105 23/3232/3053 1187/3418/3206
f 26/1097/1089 25/2446/2355 1208/2741/2621
f 855/1099/1091 858/3423/3211 853/3815/3464
f 1143/475/475 1139/3813/3502 1140/476/476
f 1851/908/905 1855/542/541 1854/2916/2787
f 177/2958/2826 175/3319/3129 178/985/981
f 2861/3182/2523 2865/3808/3457 2872/2147/2084
f 3166/628/627 3165/2515/2414 3179/2068/2008
f 3422/2230/3610 3429/2445/3491 3428/2231/3490
f 2967/3662/3382 2956/3801/2090 2972/3714/3412
f 2868/3807/3496 2867/2145/2082 2869/3799/3488
f 1514/2839/2711 1506/1991/1938 1502/2656/2547
f 1072/2228/2155 1070/2221/2152 1077/2861/2734
f 3296/3295/3112 3294/2439/2348 3298/3483/3256
f 2885/4044/1708 2889/3797/3453 2896/2524/2424
f 857/3368/3168 875/1942/1893 873/549/548
f 452/1863/1823 451/573/572 458/882/879
f 3436/2443/3611 3437/1663/3484 3444/3187/3483
f 2013/3494/3266 2012/3743/3435 2014/3503/3272
f 2806/741/738 762/740/737 2803/2304/2223
f 3375/1363/1352 3370/1362/1351 3374/949/945
f 1103/2272/2194 473/2259/593 1106/2398/2310
f 3432/2212/3612 3441/1619/3480 3431/2567/3479
f 558/1286/1274 560/1133/1122 561/1292/1280
f 2359/4003/3586 2358/957/953 2356/2762/2642
f 777/1754/1722 767/182/181 779/1856/1818
f 1414/2751/2632 1405/3792/3477 1416/2028/1972
f 3237/3392/3185 3241/3391/3184 3235/2031/1975
f 1826/3254/3075 1885/1042/1036 1827/1198/1187
f 1755/683/681 1757/1520/1498 1758/681/622
f 2775/1920/1873 2772/3740/3434 2797/2416/2326
f 3243/2905/2777 3240/2907/2779 3244/3788/3472
f 1395/3294/3111 1381/2039/1981 1396/2392/2303
f 3350/3931/3552 3351/1455/1435 3354/3466/3241
f 372/1593/1568 364/830/827 381/3786/3470
f 1745/1217/1206 1743/3098/2949 1826/3254/3075
f 2988/196/195 2993/449/449 2982/3785/3469
f 1804/3236/3058 1807/2280/2202 1806/3784/3468
f 1941/2248/2172 1948/1873/1833 1945/601/600
f 3000/940/937 2999/939/936 3001/1923/1876
f 2909/2642/506 2920/2644/2537 2903/3783/1544
f 2343/2825/2700 2340/3568/3324 2282/2433/2342
f 3472/3462/3613 3471/3693/3466 3470/257/3465
f 1896/3320/1758 1897/3322/3131 1895/3421/3209
f 712/1490/1469 716/2124/2063 718/1491/1470
f 2837/1757/1725 2841/3780/3269 2848/1755/1723
f 2289/667/666 2285/2431/2340 2339/2810/2686
f 104/100/99 105/3730/3425 2723/3665/3385
f 1612/3628/2260 1611/3627/3363 1610/3779/2259
f 1729/1551/1527 1746/1553/1529 1749/2507/2408
f 691/325/325 690/776/773 693/323/323
f 2216/3996/3573 2217/3190/3022 2220/1399/1384
f 210/1048/1041 209/3778/1378 251/1288/1276
f 3242/2906/2778 3243/2905/2777 3247/3777/3462
f 1454/961/957 1452/3195/3025 1457/959/955
f 179/4046/2372 176/3041/2371 185/2598/2494
f 1074/2423/2332 1071/2421/2330 1078/2424/2333
f 2913/4047/1447 2914/3776/3461 2919/2643/2536
f 655/2222/2153 652/2224/1538 651/3375/3174
f 2089/2707/2593 2165/948/944 2086/817/814
f 2827/2899/2771 2826/3177/3012 2809/3739/3433
f 30/1242/1230 31/2508/2409 1251/3773/3458
f 1367/2376/2291 1366/2375/2290 1369/518/517
f 214/900/897 206/899/896 204/316/316
f 825/2288/2207 823/2289/2208 828/2912/2784
f 3202/559/558 3203/2525/2425 3200/560/559
f 65/41/41 121/109/108 64/42/42
f 3005/938/935 3017/3222/3047 2999/939/936
f 1272/1271/1259 1270/1274/1262 1267/1600/1575
f 3271/1870/1830 3270/1872/1832 3269/3768/3454
f 1341/4048/826 1344/3390/1902 1349/2659/2549
f 1728/4049/3594 1765/2063/2004 1732/901/898
f 917/1038/1032 919/158/157 938/220/219
f 278/516/515 265/1034/1028 276/513/512
f 515/1199/1188 514/1003/998 513/1190/1179
f 3024/134/133 3023/742/739 3025/1136/1125
f 3434/3476/3614 3443/3766/3451 3433/1620/3450
f 3090/1415/1399 3091/678/677 3092/2566/2464
f 1788/1296/1284 2005/1295/1283 1787/3493/2459
f 1253/4050/1654 1252/1705/1675 1259/2698/1655
f 2881/1478/1457 2882/2626/2522 2880/3763/3448
f 2963/3769/3455 2962/3762/3447 2965/1428/1412
f 448/1006/1001 471/1146/1135 475/412/412
f 686/1561/1537 688/1865/1825 652/1562/1538
f 421/955/951 419/450/450 415/956/952
f 2789/384/384 2790/1753/1721 2785/3341/3147
f 749/1765/1733 757/1717/1687 746/27/27
f 3276/1596/1571 3279/1969/1918 3280/1192/1181
f 941/163/162 946/2208/2138 943/3399/3191
f 1925/1284/1272 1926/3753/1551 1928/1285/1273
f 949/3271/3094 950/3266/3091 951/2190/2121
f 3173/427/427 3179/2068/2008 2225/3751/1809
f 239/394/394 245/566/565 241/393/393
f 1076/3394/3186 1075/2022/1968 1105/3218/330
f 3371/143/142 3369/1612/1587 1065/144/143
f 1769/902/899 1767/544/543 1770/1696/1666
f 333/687/685 314/618/617 334/672/671
f 622/703/701 627/702/700 620/2705/2591
f 1863/2428/2337 1859/3207/3035 1866/2183/2115
f 2014/3503/3272 2019/2253/2177 2013/3494/3266
f 1547/3735/3430 1553/3744/3436 1551/2451/2359
f 1993/638/637 2017/1734/1702 2015/2628/2524
f 947/3475/3248 950/3266/3091 909/1186/1175
f 2005/1295/1283 2003/2854/2727 2012/3743/3435
f 3191/3901/3537 3195/3256/3077 2128/3741/2261
f 3266/3306/3120 3265/2261/2183 3263/3441/3221
f 2726/3065/2921 2727/3066/2922 2724/643/642
f 2775/1920/1873 1992/1834/1798 2772/3740/3434
f 714/411/411 715/1637/1612 711/1614/1589
f 96/86/85 2669/2816/2692 2666/1826/1790
f 1677/2807/2683 1674/3573/3330 1596/2808/2684
f 2077/3299/3116 2074/1908/1865 2075/3422/2117
f 660/3238/3060 664/2367/2282 662/3515/1868
f 2810/2612/2508 2811/2900/2772 2809/3739/3433
f 1104/2024/1970 1102/2023/1969 1106/2398/2310
f 1556/2653/2544 1557/2655/2546 1558/2510/2411
f 1462/2657/2548 1457/959/955 1465/2851/2724
f 2585/3728/3422 2583/3709/3409 2584/3249/3070
f 1893/653/652 1897/3322/3131 1867/3591/3341
f 1584/3085/2936 1578/3084/2935 1586/3467/3242
f 2592/3575/3331 2591/164/163 2588/3736/3431
f 1544/3105/2952 1547/3735/3430 1549/1779/1746
f 915/1036/1030 918/3205/3033 912/1187/1176
f 1592/3030/2892 1590/2927/2798 1566/3601/2874
f 3230/3896/3533 3228/3732/3427 3231/1055/1047
f 3289/1996/1943 3294/2439/2348 3292/1322/1312
f 1025/4033/914 1024/1850/1812 1022/2167/2102
f 1041/2545/2445 1042/3698/3403 1037/2546/2446
f 2577/3738/3432 2570/3214/3041 2584/3249/3070
f 2739/1040/1034 2741/1039/1033 2718/3727/3421
f 2399/3675/3390 2397/3651/3353 2403/3089/2940
f 2817/3820/3445 2818/1984/1931 2823/3487/3258
f 1473/3554/3313 1442/3724/2914 1475/3159/2997
f 2465/3580/3334 2462/2847/2718 2468/2427/2336
f 2694/3659/2002 2705/2196/2001 2704/992/987
f 2596/1791/1756 2598/893/890 2595/79/79
f 103/99/98 2719/2779/2658 129/3719/3416
f 1581/2965/2832 1579/2873/2745 1575/3083/2934
f 1018/2209/2139 1035/3697/3402 1020/2166/993
f 1640/3658/3381 1700/66/66 1637/2711/2597
f 1614/120/119 1611/3627/3363 1618/121/120
f 1058/2726/501 3/3712/2 1059/2727/2610
f 2497/3125/2968 2496/3021/2885 2498/2891/2763
f 516/1205/1194 517/467/467 515/1199/1188
f 575/863/860 567/2775/2655 576/1140/1129
f 793/170/169 790/1795/1760 797/340/340
f 816/1473/1452 817/1299/1287 814/3489/3260
f 594/1504/1482 596/1506/1484 597/3273/3095
f 2530/2856/2729 2531/444/444 2534/2857/2730
f 809/1825/1789 811/1143/1132 785/1749/1717
f 2514/2783/2661 2516/56/56 2511/3526/3287
f 1754/3899/3536 1751/3694/3254 1753/1526/1503
f 3480/4051/3615 3471/3693/3401 3474/3461/3236
f 2553/555/554 2552/557/556 2522/53/53
f 2211/305/305 2209/3361/3162 2212/303/303
f 2700/104/103 2701/771/768 2698/44/44
f 1512/3847/3524 1555/2015/1961 1511/1021/1016
f 2696/2301/2220 2695/45/45 2699/770/767
f 1221/3324/3133 1224/2993/2860 1213/2487/2389
f 2590/4052/1846 2601/748/745 2602/3623/2618
f 2610/262/262 2603/3680/3394 2592/3575/3331
f 2550/556/555 2547/2987/2854 2549/2947/2816
f 2469/3128/2971 2472/3148/2991 2497/3125/2968
f 1716/3112/2959 1713/117/116 1712/3049/2907
f 78/60/60 125/669/668 2615/2944/252
f 2222/2688/2576 2224/3676/3391 2200/3459/3235
f 1619/3528/3289 1622/2792/2670 1616/3134/2976
f 2642/3656/3379 2641/221/220 2653/1171/1160
f 2318/2835/2667 2317/867/864 2321/3523/2520
f 2368/3571/3328 2365/3672/3372 2370/3018/2882
f 2118/1481/1460 2116/3447/3225 2099/820/817
f 1653/1773/1740 1613/1772/1739 1655/729/726
f 1686/3052/2910 1682/3051/2909 1684/2981/2848
f 2529/1183/1172 2530/2856/2729 2528/2919/2790
f 1693/951/947 1695/953/949 1697/3478/3253
f 1571/3610/2945 1664/3598/3347 1598/3061/2867
f 1703/63/63 1700/66/66 1704/3139/2980
f 2539/2935/2806 2541/126/125 2537/2950/2819
f 1005/1745/1713 1006/3668/2601 993/1510/1488
f 2564/3995/3547 2563/2755/1329 2575/3666/3386
f 1626/3637/94 1625/3413/3201 1623/3527/3288
f 2470/2326/2243 2465/3580/3334 2474/579/578
f 2673/250/249 2680/2418/2328 2670/2822/2698
f 2506/3549/3308 2484/2076/2016 2509/3019/2883
f 2724/643/642 2721/642/641 107/3664/3384
f 1499/2845/2716 1497/3539/3300 1520/2846/2717
f 2354/3632/3351 2355/3660/247 2471/2325/2242
f 2702/769/766 2693/3069/2254 2704/992/987
f 2347/19/19 2344/3372/3171 2346/2788/2666
f 2648/2717/2603 2644/1384/1371 2655/3657/3380
f 2328/2868/2740 2315/2867/2739 2331/2977/2844
f 2302/2774/2654 2307/3529/3290 2305/2770/2650
f 2399/3675/3390 2395/3652/3377 2397/3651/3353
f 1992/1834/1798 1994/2697/2583 1997/3373/3172
f 2469/3681/2971 2466/3581/2970 2470/2326/2243
f 2402/3005/2870 2406/3091/2942 2407/3006/2871
f 1623/4053/3288 1620/3649/2975 1644/96/95
f 1663/3576/3332 1665/3600/3349 1717/3552/3311
f 1536/2776/2656 1538/3647/3370 1643/97/96
f 2369/3053/2911 2365/3643/3372 2487/3054/2912
f 1600/3000/2865 1601/2999/2864 1604/2638/2533
f 1007/1803/1768 1005/1745/1713 1010/2128/2067
f 2616/2943/1508 2627/2479/2382 2628/3642/1866
f 2458/3100/2606 2457/3641/3371 2459/3640/3127
f 1383/4054/2351 1386/3639/2350 1391/2703/2589
f 1486/2803/2679 1489/3025/2888 1493/2804/2680
f 1640/3658/3381 1641/3096/2947 1700/66/66
f 327/469/469 270/988/984 330/679/678
f 2390/2518/2417 2387/3162/3000 2391/3073/2926
f 1016/492/492 957/494/494 948/3398/3190
f 3417/2001/3616 3410/3635/3368 3418/2522/3367
f 1035/3697/3402 1018/2209/2139 1037/2546/2446
f 134/3302/3118 342/3377/3175 136/1724/1694
f 1545/3555/2931 1633/3129/2972 1548/3026/2889
f 1622/2792/2670 1628/2794/2672 1694/952/948
f 528/1079/1071 530/964/960 531/1997/1944
f 775/2011/1956 778/894/891 771/2009/1954
f 1450/3562/3319 1448/2073/2013 1456/3561/3318
f 2101/2526/2426 2104/2362/2277 3204/2527/2427
f 1204/24/24 1209/3497/3267 1205/22/22
f 2407/3006/2871 2410/3619/3360 2414/3396/3188
f 2377/4055/189 2492/2889/2761 2380/3022/190
f 2393/337/337 2392/336/336 2350/2386/2299
f 3253/584/583 3214/2131/2070 3254/3618/3359
f 1453/3574/2993 1505/2957/2825 1479/3593/2831
f 1530/2960/2828 1534/3616/2902 1540/3097/2948
f 1648/2306/2225 1647/2305/2224 1650/2683/2571
f 1490/2205/2134 1494/2204/2133 1493/2804/2680
f 1715/3113/2960 1716/3112/2959 1711/3161/2999
f 2435/3634/3366 2432/2953/2821 2434/2978/2845
f 1668/3644/3373 1667/2975/2842 1719/116/115
f 2958/2603/2501 2964/3430/3213 2957/968/964
f 1668/3644/3373 1665/3600/3349 1667/2975/2842
f 161/3547/3306 162/3464/3239 163/3108/2955
f 1662/3062/2919 1664/3598/3347 1665/3600/3349
f 769/1744/1712 766/3606/3352 774/458/458
f 2404/3589/3339 2401/3397/3189 2417/242/241
f 2570/3214/3041 2569/2118/2058 2566/198/197
f 1447/2882/2754 1444/2885/2757 1450/3562/3319
f 2678/1640/1615 2676/773/770 2668/3603/2130
f 53/2440/2349 1387/3602/3350 52/2690/2577
f 2341/2834/2707 2351/3004/2869 2338/3074/2927
f 2637/3585/3336 2635/174/173 2636/252/251
f 2127/2347/2262 2124/363/363 2131/861/858
f 1524/2547/2449 1522/3551/3310 1494/2204/2133
f 1719/116/115 1669/2973/2840 1720/291/291
f 157/3566/3323 155/2500/2401 158/3567/1463
f 2300/2771/2651 2302/2774/2654 2303/2769/2649
f 2590/4052/1846 2589/2952/399 2601/748/745
f 2370/3018/2882 2372/3017/2881 2368/3571/3328
f 939/1889/1541 937/3583/1543 3149/1768/1736
f 1653/1773/1740 1655/729/726 1654/3584/3335
f 888/3352/3155 895/3284/3103 886/2402/2314
f 183/2096/2036 180/2959/2827 188/3541/3302
f 1500/2501/2402 1501/2504/2405 1465/2851/2724
f 3157/3166/3006 3156/2005/1950 934/3582/3271
f 1581/2965/2832 1584/3085/2936 1671/2966/2833
f 2761/4027/3597 2759/3011/2876 2760/3579/3223
f 1468/2853/2726 1471/2990/2857 1499/2845/2716
f 1487/3024/2887 1484/2962/2829 1488/3578/1013
f 2751/1278/1266 2758/3198/3027 2748/3577/3333
f 1660/2933/2804 1659/732/729 1663/3576/3332
f 2595/79/79 2591/164/163 2596/1791/1756
f 2308/2768/2648 2305/2770/2650 2310/2800/2676
f 2730/202/201 2720/2780/2394 2733/216/215
f 1463/2852/2725 1466/2991/2858 1468/2853/2726
f 2367/2517/2416 2366/2712/2598 2368/3571/3328
f 3396/4056/3617 3398/3570/3326 3406/3569/3325
f 1426/2430/2339 1423/2896/2768 1435/2412/2322
f 1552/2017/1963 1519/2016/1962 1551/2451/2359
f 2339/2810/2686 2340/3568/3324 2342/3003/2868
f 2278/2760/2640 2280/2761/2641 2281/3136/2977
f 2329/3648/3376 2327/2677/2565 2326/2908/2780
f 2476/3242/3064 2475/3031/2893 2479/2844/2715
f 2748/3577/3333 2747/2880/2752 2751/1278/1266
f 172/3731/3426 157/3566/3323 164/3103/1462
f 99/94/93 100/2791/2669 2697/46/46
f 1364/3450/3227 1363/3565/3322 1369/518/517
f 2287/3682/3395 2284/3564/3321 2291/2830/2705
f 1456/3561/3318 1459/960/956 1503/3563/3320
f 1503/3563/3320 1504/1990/1937 1456/3561/3318
f 616/888/885 1801/3235/3057 613/3023/2886
f 653/2745/2625 657/2226/2154 654/235/234
f 1282/2425/2334 1280/2434/2343 1283/849/846
f 3211/1884/1844 3214/2131/2070 3210/1200/1189
f 3457/3510/3618 3459/3559/3316 3458/3558/3315
f 2621/1833/1797 2617/631/630 2622/176/175
f 80/2903/2775 2620/2904/2776 2621/1833/1797
f 1640/3658/3381 1635/2971/2838 1641/3096/2947
f 1543/3043/2901 1634/3042/2900 1545/3555/2931
f 1702/64/64 1697/3478/3253 1698/65/65
f 1862/654/653 1861/3293/3110 1865/655/654
f 2340/3568/3324 2343/2825/2700 2344/3372/3171
f 2448/3152/2461 2446/3047/2903 2450/1184/1173
f 2989/195/194 2985/2841/2713 2990/2098/2038
f 2893/3438/3218 2887/2521/2420 2898/793/790
f 2504/3137/2978 2485/2077/2017 2507/3402/3197
f 2543/3086/2937 2545/127/126 2542/3548/3307
f 156/8/8 160/839/836 161/3547/3306
f 2553/555/554 2522/53/53 2554/124/123
f 2443/871/868 2442/874/871 2446/3047/2903
f 2334/1068/1060 2332/2784/2662 2298/2829/2704
f 2523/2782/2660 2524/3543/3304 2554/124/123
f 179/4046/2372 185/2598/2494 190/3531/3291
f 3437/1663/3619 3438/1662/3297 3445/3536/3296
f 18/2358/2273 17/2382/2296 1169/2604/2502
f 24/3217/3043 25/2446/2355 1209/3497/3267
f 1010/2128/2067 965/2129/2068 1012/3535/3295
f 1387/3602/3350 1385/3534/3294 1388/2614/2510
f 1630/3463/3238 1628/2794/2672 1629/3027/2890
f 1512/3847/3524 1510/1735/1703 1519/2016/1962
f 2320/74/74 2325/76/76 2321/3523/2520
f 150/3550/3309 117/3521/3284 181/3520/3283
f 616/888/885 1798/298/298 1801/3235/3057
f 3150/2278/2200 3145/3431/3214 3153/2279/2201
f 665/3279/3100 1054/684/682 662/3515/1868
f 1081/2234/2161 1083/2236/2163 1084/528/527
f 338/713/710 337/712/709 341/1915/1870
f 964/3318/3128 979/2082/2022 967/1966/1915
f 1828/1197/1186 1829/1583/1558 1823/2371/2286
f 3455/4057/3620 3453/2765/3278 3465/3509/3277
f 2252/2170/2104 2158/1588/1563 2253/1608/1583
f 300/925/922 302/1165/1154 347/761/758
f 3379/1771/1738 3377/2574/2472 3375/1363/1352
f 1975/4058/1432 2028/1209/1198 1974/3506/3119
f 1153/1277/1265 1154/2700/2585 1161/1275/1263
f 3393/254/3621 3392/2393/3274 3395/255/3273
f 1744/2210/2140 1736/1955/1906 1742/3348/3152
f 791/2002/1390 792/3504/1389 790/1795/1760
f 3158/1487/1466 933/3167/3007 3159/1488/1467
f 896/2142/2079 3161/1231/1220 898/1935/1887
f 2392/336/336 2390/2518/2417 2351/3004/2869
f 1735/903/900 1769/902/899 1737/1258/1246
f 3330/1458/1438 1962/1719/1689 3329/1223/1212
f 352/3812/3501 353/800/797 297/907/904
f 3203/2525/2425 3202/559/558 2098/3495/1254
f 890/694/692 887/1230/1219 3163/692/690
f 907/537/536 903/716/713 910/3350/3154
f 1894/1794/1759 1787/3493/2459 2016/1792/1757
f 1297/1642/1617 1311/2618/2514 1300/2632/2528
f 1863/2428/2337 1872/2298/2217 1864/3206/3034
f 3466/4059/3622 3458/1992/1939 3454/3048/3264
f 1622/2792/2670 1694/952/948 1621/3491/3262
f 1250/3075/2928 32/2509/2410 30/1242/1230
f 1429/1956/1907 1427/2429/2338 1430/1957/1908
f 1864/3206/3034 1888/941/938 1865/655/654
f 766/3606/3352 772/460/460 763/3488/3259
f 3374/949/945 1073/950/946 3376/329/329
f 660/3238/3060 661/3485/1534 659/3179/3014
f 1899/1998/1945 1869/3181/3016 1898/3321/3130
f 3101/2550/2451 3102/3082/2933 3098/962/958
f 1834/373/373 1879/3484/3257 1842/1343/1332
f 3295/1298/1286 3298/3483/3256 3286/1191/1180
f 1214/2219/2150 1215/3482/3255 1213/2487/2389
f 1009/2136/1855 1008/1802/1767 1011/1461/1441
f 2982/3785/3469 2986/2840/2712 2988/196/195
f 270/988/984 264/487/487 266/2814/2690
f 3191/3901/3537 3190/1536/1513 3195/3256/3077
f 2599/749/746 2598/893/890 2600/750/747
f 1119/2330/2247 1122/1760/1728 1111/2013/1958
f 2084/816/813 1730/841/838 2085/498/498
f 964/3318/3128 963/2066/2007 962/2020/1966
f 935/3470/3244 936/3477/3252 922/3219/3044
f 3435/230/3623 3434/3476/3250 3427/2213/3249
f 2772/3740/3434 2770/3474/3247 2774/2322/2239
f 927/1945/1896 932/2218/2149 922/3219/3044
f 870/3385/3180 949/3271/3094 871/3465/3240
f 2069/2313/2137 2071/1907/1864 2065/1367/1356
f 3353/836/833 3354/3466/3241 3357/837/834
f 1047/2348/2263 1043/2749/2631 1050/695/693
f 1694/952/948 1630/3463/3238 1695/953/949
f 971/1228/1217 975/1052/1044 969/1968/1917
f 2152/3770/3456 2149/2181/2113 2139/436/436
f 3288/3296/3113 3282/1902/1859 3302/1016/1011
f 1263/2607/2505 1266/1602/1577 1255/2605/2503
f 2193/2394/2307 2198/2728/2611 2179/277/277
f 2135/1158/1147 2130/860/857 2136/310/310
f 1872/2298/2217 1887/1811/1776 1888/941/938
f 987/1946/1897 983/3458/985 981/294/294
f 1014/3800/3489 1016/492/492 1017/2165/2101
f 3098/962/958 3095/2565/2463 3096/3253/3074
f 216/269/269 214/900/897 220/3369/3169
f 984/1746/1714 979/2082/2022 986/1747/1715
f 2725/641/640 2727/3066/2922 2729/200/199
f 2238/1731/1699 2237/1730/1698 2239/3444/3224
f 2265/1159/1148 2266/2505/2406 2263/3334/3141
f 3259/1117/1107 3262/1625/1600 3264/1115/1106
f 143/129/128 518/468/468 142/130/129
f 2892/613/612 2891/3034/2896 2893/3438/3218
f 1056/1120/1110 968/1119/1109 975/1052/1044
f 1707/2464/2368 1704/3139/2980 1656/2465/2369
f 2204/2103/2043 2218/3433/3216 2199/326/326
f 2185/3384/626 2183/3226/3048 2184/745/742
f 961/493/493 958/2019/1965 957/494/494
f 1910/1248/1236 1907/1250/1238 1913/1690/1662
f 492/821/818 493/419/419 421/955/951
f 1795/3230/3051 1789/707/704 1796/299/299
f 1095/280/280 1094/279/279 1097/578/577
f 635/1472/1451 628/3426/3212 637/368/368
f 861/1910/1867 685/3425/925 662/3424/1868
f 862/1098/1090 863/1023/1017 858/3423/3211
f 2081/1011/1006 2083/2046/1988 2078/1009/1004
f 1892/3389/3183 1895/3421/3209 1890/1264/1252
f 1456/3561/3318 1451/2075/2015 1459/960/956
f 3146/2687/2575 3147/2387/2300 1038/3417/2187
f 384/1733/1701 386/876/873 388/111/110
f 2012/3743/3435 2009/2855/2728 2010/3416/3205
f 3401/1316/3624 3409/2308/3204 3399/1315/3203
f 1547/3735/3430 1544/3105/2952 1548/3414/2889
f 708/1014/1009 713/1615/1590 709/1150/1139
f 3110/1071/1063 3112/1156/1145 3084/1072/1064
f 1624/2793/2671 1625/3413/3201 1628/2794/2672
f 2953/3923/3549 2952/974/970 2970/967/963
f 2046/810/807 2045/1532/1509 2050/1611/1586
f 1727/4060/837 1729/1551/1527 1730/3406/838
f 2045/1532/1509 2042/1798/1763 2048/1609/1584
f 2141/311/311 2155/936/933 2154/2184/1338
f 3153/2279/2201 904/3404/1928 3155/1937/1889
f 947/3475/3248 945/2033/1976 948/3398/3190
f 2407/3006/2871 2414/3396/3188 2398/3007/2872
f 1075/2022/1968 1076/3394/3186 1072/2228/2155
f 538/3834/3170 541/3393/2169 542/1161/1150
f 667/2368/2283 669/1538/1515 672/1541/1518
f 717/2258/2181 716/2124/2063 604/1479/1458
f 213/321/321 238/779/776 215/322/322
f 1311/2618/2514 1297/1642/1617 1312/2616/2512
f 974/2403/2315 3127/1253/1241 973/2069/2009
f 778/894/891 752/633/632 783/273/273
f 1082/2237/2164 1096/1544/1521 1079/2232/2159
f 2004/1507/1485 2006/1509/1487 2007/2215/2146
f 3242/2906/2778 3241/3391/3184 3240/2907/2779
f 2027/1521/1499 2026/2679/2567 2021/2255/2179
f 2024/1149/1138 2026/2679/2567 2023/1147/1136
f 1895/3421/3209 1892/3389/3183 1896/3320/1758
f 1834/373/373 1831/1584/1559 1832/3261/3086
f 871/3465/3240 869/3233/3054 870/3385/3180
f 492/821/818 489/442/442 487/563/562
f 809/1825/1789 806/3382/3178 811/1143/1132
f 2093/1970/1919 2096/764/761 2091/1387/1374
f 3185/1537/1514 3190/1536/1513 2157/855/852
f 2773/1307/1295 2777/1309/1297 2771/3309/3122
f 2779/1308/1296 2780/2735/2616 2777/1309/1297
f 3134/1556/1532 3135/2552/2453 1000/1557/1533
f 320/632/631 342/3377/3175 131/1712/1682
f 3191/3901/3537 3194/1350/1339 2156/3376/1564
f 480/1091/1083 482/547/546 479/1090/1082
f 853/3815/3464 851/1341/875 855/1099/1091
f 1759/1654/1627 1753/1526/1503 1756/1653/1626
f 646/3872/994 648/2744/2624 649/3374/3173
f 1996/3209/3037 1999/1449/1430 1997/3373/3172
f 1/1/1 230/370/370 217/315/315
f 2644/1384/1371 2643/2837/2709 2640/1385/1372
f 2350/2386/2299 2342/3003/2868 2347/19/19
f 2782/2266/2188 2778/2274/2196 538/3370/3170
f 228/361/361 223/270/270 230/370/370
f 873/549/548 867/551/550 857/3368/3168
f 287/185/184 314/618/617 312/616/615
f 289/554/553 288/615/614 291/561/560
f 894/4061/3548 893/3285/3104 891/1959/691
f 3198/2160/2096 3197/3290/3108 2143/3363/3164
f 704/1151/1140 709/1150/1139 710/538/537
f 1727/4060/837 1724/3362/3163 1729/1551/1527
f 537/3846/3523 546/1160/1149 539/1245/1233
f 653/2745/2625 648/2744/2624 650/1603/1578
f 2207/3911/3541 2209/3361/3162 2208/2102/2042
f 2342/3003/2868 2341/2834/2707 2339/2810/2686
f 1920/3336/3109 1968/2051/1993 1971/3360/3161
f 1776/1474/1453 1777/721/718 1774/1257/1245
f 2116/3447/3225 2115/3357/3160 2114/3356/3159
f 758/1300/1288 757/1717/1687 759/3354/3157
f 910/3350/3154 915/1036/1030 907/537/536
f 3073/2419/2329 3117/2536/2437 3068/1282/1270
f 1963/1122/1112 1961/3145/2986 1959/1529/1506
f 259/1289/1277 261/2191/2122 257/1287/1275
f 905/1982/1929 911/3351/1734 910/3350/3154
f 204/316/316 201/1046/571 199/261/261
f 806/3382/3178 809/1825/1789 804/1816/1781
f 571/822/819 574/1317/1307 576/1140/1129
f 806/3382/3178 805/1818/1783 810/1828/1792
f 365/699/697 366/3349/3153 363/807/804
f 1743/3098/2949 1745/1217/1206 1742/3348/3152
f 827/1221/1210 820/1838/1802 830/1222/1211
f 3142/1890/1849 1020/998/993 3144/2685/2573
f 2451/3517/3282 2454/1571/1547 2453/3346/3150
f 731/1839/1803 735/226/225 736/3345/2184
f 199/261/261 202/3200/3029 204/316/316
f 2202/2139/2076 2203/2141/2078 2179/277/277
f 1219/422/422 1217/2671/227 1210/2119/2059
f 3409/2308/3204 3424/341/3145 3408/2108/3144
f 3193/3827/3512 2263/3338/3141 3192/1938/1890
f 705/1604/1579 647/970/966 707/1782/1749
f 657/2226/2154 653/2745/2625 703/1013/1008
f 1062/3750/3439 3369/1612/1587 1060/3335/3142
f 418/954/950 3344/521/520 421/955/951
f 2261/1180/1169 2262/3288/3106 2264/2506/2407
f 1101/2860/2733 1098/577/576 1102/2023/1969
f 802/4018/3538 803/3331/3139 801/2092/2032
f 1766/2695/2581 1760/1325/1315 3256/491/491
f 3141/1005/1000 1031/3328/3137 1026/1004/999
f 3102/3082/2933 3103/3311/3123 3106/568/567
f 2473/1418/1402 2475/3031/2893 2357/3325/975
f 965/2129/2068 979/2082/2022 962/2020/1966
f 569/3917/353 643/1480/1459 573/3313/996
f 468/1073/1065 469/1074/1066 467/883/880
f 238/779/776 248/1265/1253 239/394/394
f 1935/4062/3569 3338/1057/1049 1938/3310/1815
f 1064/1238/1226 1069/2233/2160 1067/1239/1227
f 2805/831/828 779/1856/1818 2806/741/738
f 2770/3474/3247 630/3305/3050 2771/3309/3122
f 960/2018/1964 963/2066/2007 959/1360/1349
f 3057/2244/2170 3061/1759/1727 3058/2564/2462
f 3265/2261/2183 3266/3306/3120 736/2262/2184
f 632/1460/1440 631/3304/2388 629/3227/3049
f 1971/3360/3161 1970/2111/2052 1974/3303/3119
f 675/1422/1406 678/827/824 676/709/706
f 3278/3915/3545 3277/1597/1572 3280/1192/1181
f 721/1489/1468 718/1491/1470 695/1623/1598
f 722/1138/1127 576/1140/1129 720/2332/2249
f 136/1724/1694 135/1725/1695 134/3302/3118
f 2674/3704/3406 2675/772/769 2672/2815/2691
f 2150/4014/2095 2147/3301/2097 2149/2181/2113
f 288/615/614 312/616/615 310/3300/3117
f 2079/622/621 2078/1009/1004 2077/3299/3116
f 933/3511/3007 932/2218/2149 930/3298/3115
f 2115/3771/3160 3203/2525/2425 2113/2593/2489
f 815/283/283 842/1715/1685 821/281/281
f 581/1332/1322 583/1336/1326 580/1333/1323
f 3285/1193/1182 3279/1969/1918 3297/1015/1010
f 3305/1892/1850 3306/1894/1852 3296/3295/3112
f 1393/2391/2302 1384/3132/2974 1395/3294/3111
f 894/4061/3548 896/3283/2079 893/3285/3104
f 1856/377/377 1859/3207/3035 1858/378/378
f 631/2486/2388 633/2485/2295 2773/1307/1295
f 2034/1776/1743 2036/1799/1764 1920/3291/3109
f 2151/4063/2114 3196/1348/1337 2150/2159/2095
f 1852/2918/2789 1853/2917/2788 562/3289/3107
f 2241/1225/1214 3184/211/210 2242/2323/2240
f 1569/2928/2799 1573/2931/2802 1574/2938/2809
f 3098/962/958 3104/302/302 3107/569/568
f 1833/372/372 1812/474/474 1831/1584/1559
f 2054/1498/1477 1947/3287/2435 3334/1499/1478
f 888/3352/3155 892/1960/1910 895/3284/3103
f 899/1738/1706 897/3260/3085 898/1973/1887
f 664/2367/2282 667/2368/2283 665/3279/3100
f 1914/1781/1748 1913/1690/1662 1922/1842/1806
f 3407/2109/3625 3415/3277/3098 3414/2909/3097
f 597/3273/3095 599/1656/1629 600/1392/1379
f 3382/2354/2269 3381/3275/1223 1608/2355/2270
f 876/535/534 908/3270/3093 874/3269/3092
f 1939/2249/2173 1933/2582/2478 1936/2250/2174
f 958/2019/1965 956/3265/3090 955/3264/3089
f 317/626/625 308/610/609 319/904/901
f 1828/1197/1186 1830/935/932 1829/1583/1558
f 886/2402/2314 897/3260/3085 885/1739/1707
f 1859/3207/3035 1856/377/377 1857/3259/3084
f 153/3695/3343 152/562/561 159/1501/1480
f 2014/3503/3272 2011/2214/2145 2018/2254/2178
f 3425/342/3626 3417/2001/3082 3426/2746/3081
f 1792/2048/1990 1790/2049/1991 1794/3231/3052
f 3256/491/491 1825/490/490 1766/2695/2581
f 620/2705/2591 618/887/884 622/703/701
f 1824/2319/2236 1821/738/735 1827/1198/1187
f 3098/962/958 3096/3253/3074 3099/963/959
f 1816/1060/1052 1817/1061/1053 1818/1622/1597
f 1811/463/463 1814/462/462 1813/473/473
f 1061/2725/2609 1059/2727/2610 1066/2235/2162
f 879/1152/1141 882/812/809 902/714/711
f 2567/3471/3245 2584/3249/3070 2563/1339/1329
f 1884/1044/1038 1883/719/716 1882/933/930
f 3082/2426/2335 3083/3245/3066 3084/1072/1064
f 2365/3643/3372 2362/3032/2176 2478/3241/3063
f 341/1915/1870 138/140/139 340/1666/1639
f 1801/3235/3057 1803/897/894 1804/3236/3058
f 3393/254/3627 3412/3234/3055 3391/920/2305
f 1069/2233/2160 1064/1238/1226 1066/2235/2162
f 670/2038/1623 869/3233/3054 668/685/683
f 2922/2268/2190 2917/2666/2555 2910/845/842
f 292/567/566 298/590/589 293/565/564
f 1072/2228/2155 1077/2861/2734 1075/2022/1968
f 2113/3358/2489 2111/3229/2488 2112/674/673
f 2177/1310/1298 2183/3226/3048 2178/2395/2308
f 1786/2187/2118 1788/3224/1284 1784/3223/2458
f 3012/3781/3463 3017/3222/3047 3006/1830/1794
f 1951/649/648 1956/3221/3046 1954/647/646
f 2624/1194/1183 2622/176/175 2625/1195/1184
f 1104/2024/1970 1106/2398/2310 1105/3218/330
f 2029/583/582 2032/582/581 2033/1123/1113
f 1781/705/702 1890/1264/1252 1780/1169/1158
f 1004/2650/1557 1006/2715/2601 3132/6/6
f 883/2401/2313 889/1958/1909 886/2402/2314
f 746/27/27 742/26/26 749/1765/1733
f 2001/1450/1431 1999/1449/1430 2002/2696/2582
f 1861/3293/3110 1859/3207/3035 1864/3206/3034
f 943/3399/3191 918/3205/3033 941/163/162
f 726/1857/168 787/168/167 730/1789/1754
f 2865/3808/3457 2866/3203/3031 2871/3202/3030
f 400/885/882 402/884/881 399/892/889
f 1454/961/957 1451/2075/2015 1452/3195/3025
f 3172/425/425 3175/1371/1358 2196/3193/327
f 2176/276/276 2174/1083/1075 2178/2395/2308
f 434/472/472 435/3189/3021 428/1678/1651
f 2068/3312/3124 2071/1907/1864 2073/2648/2541
f 1989/1785/1752 2015/2628/2524 2008/2216/2147
f 3434/4064/3628 3436/2443/3018 3443/3186/3017
f 2872/2147/2084 2877/2148/2085 2861/3182/2523
f 2821/1443/1425 2815/1806/1771 2826/3177/3012
f 1728/4019/3594 1732/3174/898 1731/1560/1536
f 199/261/261 197/3171/260 200/3170/3008
f 2252/2170/2104 2159/2169/853 2158/1588/1563
f 2367/2517/2416 2372/3017/2881 2390/2518/2417
f 442/2133/2072 444/1007/1002 441/441/441
f 1917/390/390 1921/1931/1883 1919/388/388
f 934/3582/3271 933/3167/3007 3157/3166/3006
f 3403/2530/3629 3404/2531/3004 3410/2309/3003
f 1516/2640/2534 1514/2839/2711 1518/1633/1608
f 1445/3557/2755 1477/3158/2996 1443/3157/2756
f 2706/915/912 2712/914/911 2713/3155/2994
f 2535/2972/2839 2430/2759/2639 2538/2936/2807
f 3475/4001/3630 3469/3147/2989 3474/17/2988
f 68/47/47 67/49/49 123/2754/2635
f 2445/445/445 2442/874/871 2441/446/446
f 1954/647/646 1961/3145/2986 3329/1223/1212
f 2756/3012/2877 2754/598/597 2746/3013/1934
f 1597/3001/2866 1600/3000/2865 1599/3095/2946
f 1573/2931/2802 1576/2872/2744 1577/2974/2841
f 1515/2503/2404 1514/2839/2711 1501/2504/2405
f 2284/3564/3321 2281/3136/2977 2286/2122/2062
f 1619/3528/3289 1616/3134/2976 1620/3133/2975
f 1385/3534/3294 1384/3132/2974 1390/2615/2511
f 1554/3028/2545 1629/3027/2890 1557/3130/2546
f 1631/3631/3365 1633/3129/2972 1632/1352/1341
f 2480/580/579 2482/2078/2018 2477/581/580
f 2297/2772/2652 2294/2994/2861 2299/2773/2653
f 869/3233/3054 953/1867/1827 954/686/684
f 2152/3770/3456 2139/436/436 2153/309/309
f 2385/246/245 2382/188/187 2383/247/246
f 1699/1212/1201 1690/3121/2964 1691/1213/1202
f 2378/2678/2566 2375/3016/2880 2376/2836/2708
f 1467/3663/3383 1470/3106/2953 1469/2992/2859
f 1549/1779/1746 1546/1778/1745 1544/3105/2952
f 172/3731/3426 164/3103/1462 173/3102/2950
f 390/110/109 392/1599/1574 382/858/855
f 2435/3634/3366 2434/2978/2845 2436/2876/2748
f 2457/3641/3371 2458/3100/2606 2454/3099/1547
f 1742/3348/3152 1738/2311/2230 1743/3098/2949
f 1528/2203/2132 1530/2960/2828 1531/2548/2450
f 2821/1443/1425 2820/1985/1932 2815/1806/1771
f 1595/2823/2699 1599/3095/2946 1596/2808/2684
f 2408/2988/2855 2413/3090/2941 2403/3089/2940
f 71/2902/2774 72/52/52 75/78/78
f 3084/1072/1064 3088/1829/1793 3106/568/567
f 1544/3105/2952 1542/3080/2932 1545/3079/2931
f 1240/2668/2557 32/2509/2410 1238/2512/1611
f 1492/3678/3392 1491/3071/2365 1537/3070/2925
f 128/2790/2668 98/93/92 2702/769/766
f 2501/2863/2736 2495/2890/2762 2502/3067/2923
f 2377/4055/189 2374/3038/2759 2492/2889/2761
f 56/401/401 1408/2189/2120 55/1031/1025
f 3320/2021/1967 3321/2646/2539 3324/1219/1208
f 3455/4057/3631 3454/3048/2905 3453/2765/2904
f 1532/3039/764 1639/2968/2835 1534/3044/2902
f 254/439/439 255/2447/438 258/994/989
f 145/2302/2221 147/753/750 146/456/456
f 174/3540/3301 113/106/105 176/3041/2371
f 614/1419/1403 611/1421/1405 607/409/409
f 1533/2778/763 1642/2777/2657 1532/3039/764
f 2489/3055/2913 2491/3037/2898 2371/3036/2758
f 3413/2366/2281 3420/231/2894 3412/2365/2280
f 2476/3242/3064 2362/3032/2176 2475/3031/2893
f 2725/641/640 2732/2543/2443 2722/3029/2891
f 1245/790/787 1241/355/355 1242/791/788
f 1631/3631/3365 1629/3027/2890 1548/3026/2889
f 612/3237/3059 615/886/883 613/3023/2886
f 804/1816/1781 797/340/340 805/1818/1783
f 2383/3150/246 2380/3022/190 2496/3021/2885
f 1345/1204/1193 1343/2528/2428 1346/1202/1191
f 2296/2945/2814 2294/2994/2861 2293/2946/2815
f 2713/3155/2994 2696/2301/2220 2706/915/912
f 1220/2488/2390 1224/2993/2860 1226/2586/2482
f 2413/3090/2941 2408/2988/2855 2547/2987/2854
f 1606/3160/2998 1683/2980/2847 1681/89/88
f 153/3594/3343 155/2500/2401 151/2979/2846
f 95/2056/1998 94/88/87 127/2609/2506
f 2536/2925/2796 2532/443/443 2538/2936/2807
f 1534/3044/2902 1638/2970/2837 1541/2969/2836
f 3449/4065/2961 3448/2456/2362 2448/2562/2461
f 2346/2788/2666 2318/2789/2667 2348/20/20
f 2459/3317/3127 2519/2480/2383 2458/2722/2606
f 181/3520/3283 177/2958/2826 183/2096/2036
f 1504/1990/1937 1508/1737/1705 1505/2957/2825
f 1247/356/356 1241/355/355 1246/1243/1231
f 2599/749/746 2589/2952/399 124/2901/2773
f 2627/2479/2382 2616/2943/1508 2625/1195/1184
f 2535/2972/2839 2440/2941/2812 2430/2759/2639
f 2498/2891/2763 2495/2890/2762 2500/2862/2735
f 2688/266/266 2687/2921/2792 2686/267/267
f 1857/3259/3084 1853/2917/2788 1854/2916/2787
f 43/14/14 44/2915/2786 1325/2601/2499
f 2363/335/335 2393/337/337 2358/957/953
f 825/2288/2207 828/2912/2784 826/2911/2185
f 1932/1283/1271 1928/1285/1273 1936/2250/2174
f 3406/3569/3632 3397/1313/2782 3414/2909/2781
f 2940/1961/1911 2945/454/454 2934/1439/1421
f 2844/1270/1258 2843/1269/1257 2845/2898/2770
f 1437/2413/2323 1423/2896/2768 1438/2414/2324
f 2373/3015/2879 2371/2886/2758 2376/2836/2708
f 2438/872/869 2436/2876/2748 2439/873/870
f 2555/128/127 2548/2875/2747 2554/124/123
f 2388/3164/3002 2333/2870/2742 2389/2869/2741
f 1098/577/576 1101/2860/2733 1080/2422/2331
f 2001/1450/1431 2002/2696/2582 2003/2854/2727
f 3401/1316/3633 3388/2850/2722 3409/2308/2721
f 2121/3855/3231 3199/558/557 2117/2849/2720
f 3036/3787/3471 3041/743/740 3030/2483/2386
f 1948/1873/1833 1942/2034/1977 1950/1874/1834
f 2280/2761/2641 2285/2431/2340 2283/666/665
f 858/3423/3211 861/1910/1867 856/2842/1195
f 2987/197/196 2986/2840/2712 2989/195/194
f 2295/2121/2061 2290/665/664 2335/1066/1058
f 2298/2829/2704 2295/2121/2061 2334/1068/1060
f 2647/3092/2943 2643/2837/2709 2648/2717/2603
f 2338/3074/2927 2335/1066/1058 2341/2834/2707
f 2293/2946/2815 2291/2830/2705 2298/2829/2704
f 1469/2992/2859 1472/2827/2702 1474/2826/2701
f 2672/2815/2691 2673/250/249 2669/2816/2692
f 1683/2980/2847 1607/2820/2696 1687/119/118
f 2758/3198/3027 2764/148/147 2765/2817/2693
f 268/157/156 266/2814/2690 429/306/306
f 2289/667/666 2339/2810/2686 2290/665/664
f 2311/2496/2397 2310/2800/2676 2313/2805/2681
f 2288/4066/2580 2279/2799/2675 2311/2496/2397
f 702/1595/1570 704/1151/1140 701/540/539
f 1619/3528/3289 1624/2793/2671 1622/2792/2670
f 2524/3543/3304 2523/2782/2660 2512/2781/2659
f 2728/201/200 2719/2779/2658 2730/202/201
f 566/1134/1123 567/2775/2655 577/865/862
f 2306/2832/2706 2303/2769/2649 2308/2768/2648
f 1160/1276/1264 1164/2767/2647 1166/688/686
f 3450/3690/3634 3453/2765/2645 3460/1994/2644
f 2352/587/586 2324/2623/2519 2356/2762/2642
f 2276/2680/2568 2277/2432/2341 2278/2760/2640
f 2573/3667/3387 2563/2755/1329 123/2754/2635
f 1383/4054/2351 1391/2703/2589 1379/2753/2634
f 988/1512/1490 985/2752/2633 993/1510/1488
f 651/3375/3174 648/2744/2624 654/235/234
f 651/3375/3174 654/235/234 655/2222/2153
f 1198/1096/1088 26/1097/1089 1196/2740/2099
f 1555/2015/1961 1556/2653/2544 1560/2458/2364
f 2783/3761/3446 2780/2735/2616 2778/2274/2196
f 1400/4067/2346 1404/2729/2345 1419/728/725
f 2200/3459/3235 2198/2728/2611 2222/2688/2576
f 1060/3922/3142 1058/2726/501 1061/2725/2609
f 2650/3723/3420 2648/2717/2603 2651/223/222
f 1362/3833/1095 1365/2716/2602 1370/1463/1443
f 425/155/154 427/308/308 428/1678/1651
f 2068/3312/3124 2073/2648/2541 2070/2220/2151
f 2363/335/335 2361/958/954 2366/2712/2598
f 1192/478/478 1193/2454/2360 1200/2709/2595
f 2255/3885/2103 2257/2708/2594 3189/1940/1891
f 819/1836/1800 820/1838/1802 823/2289/2208
f 1196/2740/2099 1190/2706/2592 1198/1096/1088
f 621/1424/1408 620/2705/2591 624/1522/1500
f 775/2011/1956 773/1627/1602 780/895/892
f 3395/255/3635 3406/2701/2587 3405/256/2586
f 1261/2294/2213 35/2519/2418 1259/2698/1655
f 1996/3209/3037 1994/2697/2583 2002/2696/2582
f 1764/545/544 1760/1325/1315 1768/546/545
f 2343/2825/2700 2288/2693/2580 2345/2692/2579
f 561/1292/1280 564/1135/1124 580/1333/1323
f 457/346/346 460/2557/2457 465/981/977
f 2243/524/523 2244/1670/1643 2242/2689/2240
f 2224/3676/3391 2222/2688/2576 2225/1845/1809
f 1023/3347/3151 1036/2686/2574 3144/2685/2573
f 1654/3584/3335 1650/2683/2571 1653/1773/1740
f 2031/481/481 2029/583/582 2027/1521/1499
f 880/814/811 881/1592/1567 883/2401/2313
f 1805/461/461 1811/463/463 1803/897/894
f 29/1514/1492 1229/2670/2559 1219/422/422
f 2193/2394/2307 2178/2395/2308 2194/2286/2205
f 2916/3886/3529 2915/1446/1428 2917/2666/2555
f 1251/3773/3458 1249/2149/2086 1246/1243/1231
f 1837/371/371 1834/373/373 1840/1382/1369
f 3072/3927/3550 3118/2535/2436 3120/2663/2552
f 3340/1059/1051 1916/1575/1362 3339/2343/2258
f 108/102/101 2745/2661/1935 130/177/176
f 629/3227/3049 625/1438/1420 632/1460/1440
f 1341/4048/826 1349/2659/2549 1337/2658/2311
f 1459/960/956 1462/2657/2548 1502/2656/2547
f 1553/3744/3436 1554/2654/2545 1556/2653/2544
f 1339/165/164 1338/167/166 1353/1866/1826
f 322/659/658 325/658/657 323/2649/2542
f 2076/3188/3020 2083/2046/1988 2073/2648/2541
f 3320/2021/1967 3318/1607/1582 3321/2646/2539
f 304/889/886 295/595/594 311/625/624
f 2913/4047/1447 2919/2643/2536 2909/2642/506
f 1550/2450/2358 1519/2016/1962 1516/2640/2534
f 1301/1878/1838 1300/2632/2528 1306/1932/1884
f 1993/638/637 2015/2628/2524 1987/1784/1751
f 1968/2051/1993 1969/2052/1994 1970/2111/2052
f 1295/4068/2395 1299/2620/2516 1314/2619/2515
f 93/87/86 2667/2610/1791 127/2609/2506
f 983/3458/985 987/1946/1897 991/2608/2452
f 1256/1114/1105 1257/2606/2504 1255/2605/2503
f 18/2358/2273 1169/2604/2502 1159/1659/1632
f 3472/3462/3636 3470/257/2497 3476/2600/2496
f 577/865/862 579/864/861 578/1334/1324
f 1159/1659/1632 1157/2594/2490 1150/1377/1364
f 1276/3830/3516 1275/2590/2486 1290/2356/2271
f 725/1668/1641 723/1657/1630 588/2411/2321
f 1230/2541/2441 1228/2474/2377 1225/2540/2440
f 1278/1110/1101 1281/2584/2480 1286/1111/1102
f 3034/3823/3511 3033/2581/2477 3035/334/334
f 249/553/552 210/1048/1041 250/2583/2479
f 1939/2249/2173 1951/649/648 1933/2582/2478
f 3037/332/332 3033/2581/2477 3038/1928/1881
f 2841/3780/3269 2842/2576/2474 2847/2575/2473
f 1363/3565/3322 1360/1698/1668 1372/519/518
f 3362/1435/1418 3364/2573/2471 466/2173/1062
f 1117/777/774 1115/2556/2456 1108/1762/1730
f 2929/1441/1423 2928/1440/1422 2930/2569/2468
f 3426/2746/3637 3431/2567/2466 3425/342/2465
f 3051/3366/3166 3054/153/152 3058/2564/2462
f 3449/4065/2961 2448/2562/2461 2452/2561/2460
f 1892/3389/3183 1784/2559/2458 1894/2558/1759
f 461/1065/1057 463/1064/1056 459/1913/1869
f 12/2291/2210 1127/192/191 1117/777/774
f 442/3268/2072 1838/2044/1986 444/2555/1002
f 1039/349/349 1041/2545/2445 944/162/161
f 1234/2684/2572 1235/1618/1593 1242/791/788
f 2740/1999/1946 2739/1040/1034 2738/2542/2442
f 3354/3466/3241 3352/2538/2438 3356/499/499
f 2054/2489/1477 2062/811/808 1947/2534/2435
f 1322/2241/2168 1321/2533/2434 1327/2239/2166
f 2850/1326/1316 2838/1328/1318 2851/2125/2064
f 3388/2850/3638 3391/920/2431 3403/2530/2430
f 884/4069/2562 881/2282/1567 3161/1231/1220
f 2098/3495/1254 2101/2526/2426 3203/2525/2425
f 3411/3636/3639 3412/2365/2422 3418/2522/2421
f 389/877/874 350/2299/2218 402/884/881
f 2366/2712/2598 2367/2517/2416 2392/336/336
f 1240/2668/2557 1238/2512/1611 1231/1726/1696
f 1736/1955/1906 1744/2210/2140 1733/1552/1528
f 1560/2458/2364 1558/2510/2411 1491/2459/2365
f 1756/1653/1626 1749/2507/2408 1752/1548/1525
f 2260/1181/1170 2261/1180/1169 2266/2505/2406
f 512/455/455 509/1515/1493 513/1190/1179
f 1280/2434/2343 1279/2498/2399 1285/850/847
f 2288/4066/2580 2311/2496/2397 2312/2495/2396
f 498/1153/1142 500/1166/1155 510/1176/1165
f 836/609/608 839/1124/1114 840/386/386
f 2053/4024/3208 2052/809/806 2054/2489/1477
f 634/1459/1439 633/2485/2295 632/1460/1440
f 2629/3599/3348 2622/176/175 2636/252/251
f 2802/3220/3045 754/1706/1676 782/2469/2373
f 599/1656/1629 596/1506/1484 723/1657/1630
f 16/1304/1292 17/2382/2296 1170/1302/1290
f 1711/3161/2999 1707/2464/2368 1709/2463/2367
f 2977/3612/3357 2976/2085/2025 2994/448/448
f 1174/1574/1550 1175/1573/1549 1182/852/849
f 2254/1939/1336 2247/2453/1335 3189/1940/1891
f 3185/1537/1514 3187/854/851 2245/2452/524
f 1523/1777/1744 1549/1779/1746 1550/2450/2358
f 3275/1903/1860 3316/1606/1581 3314/1901/1858
f 845/1879/1839 808/1713/1683 807/1095/1087
f 1404/2729/2345 1407/1030/1024 1412/2448/2356
f 3434/4064/3640 3435/2444/2353 3436/2443/2352
f 3287/1318/1308 3291/2438/2347 3289/1996/1943
f 2280/2761/2641 2277/2432/2341 2285/2431/2340
f 1432/2665/2554 1427/2429/2338 1435/2412/2322
f 1866/2183/2115 1871/1669/1642 1863/2428/2337
f 2480/580/579 2468/2427/2336 2481/68/68
f 3079/650/649 3052/652/651 3080/1524/1502
f 1967/1720/1690 1972/1457/1437 1969/2052/1994
f 1077/2861/2734 1074/2423/2332 1080/2422/2331
f 1074/2423/2332 1070/2221/2152 1071/2421/2330
f 3065/1281/1269 3070/2192/2123 3068/1282/1270
f 2793/1132/1121 2795/1921/1874 2781/2321/2238
f 1421/4070/2021 1425/2408/1820 1440/2407/2318
f 3004/2177/1903 3015/2256/2180 3008/2405/2316
f 1182/852/849 1185/2172/2106 1174/1574/1550
f 967/1966/1915 977/1078/1070 973/2069/2009
f 3067/1752/1720 3075/1751/1719 3076/1414/1398
f 1139/3813/3502 1143/475/475 1145/1468/1448
f 1321/2533/2434 1318/2175/2108 1330/2327/2244
f 468/4071/1065 1107/2397/2309 469/2396/1066
f 2179/277/277 2176/276/276 2193/2394/2307
f 591/2466/2370 596/1506/1484 585/1703/1673
f 3393/254/3627 3391/920/2305 3392/2393/2304
f 863/1023/1017 862/1098/1090 864/1024/1018
f 3148/3863/3526 1046/2388/782 3147/2387/2300
f 2347/19/19 2349/21/21 2350/2386/2299
f 1171/2667/2556 1180/1087/1079 1172/2384/2030
f 2856/205/204 2857/2316/2233 2875/203/202
f 541/3371/2169 2778/2274/2196 633/2381/2295
f 50/3451/3228 1366/2375/2290 49/2374/2289
f 1820/2320/2237 1824/2319/2236 1818/1622/1597
f 663/1697/1667 669/1538/1515 664/2367/2282
f 3205/2591/2487 2104/2362/2277 3206/2361/2276
f 3387/4034/3494 3382/2354/2269 1609/2353/2268
f 745/1693/1664 743/1692/274 747/1586/1561
f 1316/4072/3504 1320/2351/2266 1335/2350/2265
f 1048/3706/3408 1047/2348/2263 1049/697/695
f 2122/3455/3232 2127/2347/2262 2128/2346/2261
f 1964/1721/1691 1967/1720/1690 1966/1972/1921
f 3338/1057/1049 3340/1059/1051 3337/2342/2257
f 23/3232/3053 19/431/431 1188/2340/2255
f 1980/1331/1321 1982/2335/2252 1981/2070/2010
f 3121/2053/1995 3152/2334/2251 878/1340/1330
f 1299/2620/2516 1302/113/112 1307/2333/2250
f 2126/364/364 2125/1386/1373 2162/796/793
f 1112/2012/1957 1113/2329/2246 1111/2013/1958
f 2473/1418/1402 2471/2325/2242 2474/579/578
f 352/3812/3501 351/2324/2241 355/869/866
f 3180/1895/1853 2243/2067/523 3183/1896/1854
f 2797/2416/2326 2774/2322/2239 2781/2321/2238
f 1821/738/735 1824/2319/2236 1819/2318/2235
f 2074/1908/1865 2071/1907/1864 2072/2312/2116
f 3403/2530/3641 3410/2309/2228 3409/2308/2227
f 141/131/130 145/2302/2221 144/1002/997
f 101/92/91 2695/45/45 2692/2300/2219
f 299/1545/1522 348/760/757 297/907/904
f 1871/1669/1642 1873/718/715 1872/2298/2217
f 1990/1508/1486 1988/2296/2215 2006/1509/1487
f 824/225/224 822/1843/1807 825/2288/2207
f 2198/2728/2611 2194/2286/2205 2201/2285/2204
f 2943/1742/1710 2932/2283/799 2948/1954/1905
f 3160/2529/2429 881/2282/1567 3154/1936/1888
f 1810/617/616 1808/1413/1397 1811/463/463
f 976/1053/1045 850/2054/1996 1057/880/877
f 3152/2334/2251 3150/2278/2200 3154/1936/1888
f 535/3746/1228 2784/2267/2189 2782/2266/2188
f 745/1693/1664 747/1586/1561 749/1765/1733
f 725/1668/1641 722/1138/1127 723/1657/1630
f 3065/1281/1269 3061/1759/1727 3070/2192/2123
f 2014/3503/3272 2018/2254/2178 2019/2253/2177
f 2361/958/954 2360/980/976 2364/2251/2175
f 1945/601/600 1939/2249/2173 1941/2248/2172
f 3064/1750/1718 3061/1759/1727 3060/152/151
f 633/2485/2295 634/1459/1439 541/2242/2169
f 1325/2601/2499 1324/2240/2167 1327/2239/2166
f 3343/466/466 3346/522/521 3345/464/464
f 1079/2232/2159 1081/2234/2161 1082/2237/2164
f 1069/2233/2160 1066/2235/2162 1081/2234/2161
f 1071/2421/2330 1069/2233/2160 1079/2232/2159
f 3415/3327/3642 3422/2230/2157 3421/2229/2156
f 1068/4073/141 1070/2221/2152 1073/2227/946
f 698/2112/2053 700/233/232 699/1590/1565
f 2482/2078/2018 2480/580/579 2484/2076/2016
f 659/3179/3014 656/2223/1535 655/2222/2153
f 1068/4073/141 1065/1237/143 1070/2221/2152
f 928/2007/1952 931/2217/2148 927/1945/1896
f 2010/3416/3205 2007/2215/2146 2011/2214/2145
f 2065/2257/1356 2066/2079/2019 2190/747/744
f 995/1708/1678 997/1710/1680 999/2113/2054
f 3145/3431/3214 939/1889/1541 3151/1767/1735
f 1742/3348/3152 1747/2211/2141 1744/2210/2140
f 948/3398/3190 946/2208/2138 1016/492/492
f 2065/2257/1356 2190/747/744 2069/2207/2137
f 3407/2109/3643 3397/1313/1301 3408/2108/2136
f 608/3240/3062 1809/1411/1395 430/1858/988
f 3073/2419/2329 3070/2192/2123 3115/2115/2056
f 280/520/519 261/2191/2122 278/516/515
f 1411/3282/3102 1409/2188/2119 1406/400/400
f 360/806/803 362/805/802 363/807/804
f 1791/1294/1282 1788/1296/1284 1790/2049/1991
f 1868/636/635 1870/637/636 1866/2183/2115
f 2111/3229/2488 2108/2180/2112 2110/2179/2111
f 3015/2256/2180 3004/2177/1903 3020/286/286
f 1332/2328/2245 1318/2175/2108 1333/2174/2107
f 326/660/659 322/659/658 314/618/617
f 1187/3418/3206 1181/1572/1548 1186/2171/2105
f 1018/2209/2139 1020/2166/993 1017/2165/2101
f 2043/4010/1622 2042/1798/1763 2044/1534/1511
f 3197/3290/3108 3198/2160/2096 2150/2159/2095
f 1088/380/380 1089/1702/1672 1087/529/528
f 575/863/860 724/1139/1128 579/864/861
f 439/500/500 437/1679/1652 3357/837/834
f 1881/3248/3069 1883/719/716 1876/1564/1540
f 2224/3676/3391 2227/2140/2077 2202/2139/2076
f 526/3323/3132 527/965/961 524/2138/2075
f 345/890/887 344/1543/1520 135/1725/1695
f 441/441/441 440/2134/2073 442/2133/2072
f 2037/1800/1765 2041/2132/2071 2038/1801/1766
f 62/38/38 3216/2130/2069 3211/1884/1844
f 2832/2532/2433 2833/2126/2065 2851/2125/2064
f 709/1150/1139 711/1614/1589 712/1490/1469
f 232/375/375 233/379/379 231/374/374
f 2291/2830/2705 2286/2122/2062 2295/2121/2061
f 700/233/232 698/2112/2053 666/1539/1516
f 2991/1466/1446 2990/2098/2038 2980/662/661
f 643/1480/1459 647/970/966 645/2086/2026
f 233/379/379 235/780/777 236/35/35
f 3165/2515/2414 2066/2079/2019 3164/1426/1410
f 2506/3549/3308 2485/2077/2017 2484/2076/2016
f 1446/4000/3555 1449/2074/2014 1448/2073/2013
f 3305/1892/1850 3304/734/731 3307/1979/1926
f 3287/1318/1308 3284/1320/1310 3283/2071/2011
f 1978/1453/1199 1977/1452/1433 1981/2070/2010
f 1728/4049/3594 1725/2064/2005 1765/2063/2004
f 849/3701/1331 850/2054/1996 3121/2053/1995
f 1919/388/388 1966/1972/1921 1968/2051/1993
f 676/709/706 679/1263/1251 677/710/707
f 734/1689/1661 729/1674/1647 732/1687/1660
f 2173/2631/2527 2169/2050/1992 2175/275/275
f 1793/4074/2320 1791/1448/1282 1792/2048/1990
f 41/1877/1837 1303/1876/1836 40/114/113
f 3337/2342/2257 3333/2042/1984 3338/1057/1049
f 1981/3870/2010 2023/1147/1136 1978/1210/1199
f 667/2368/2283 672/1541/1518 668/685/683
f 2169/2050/1992 2163/2037/1980 2172/978/974
f 1943/4017/3177 1944/2035/1978 1942/2034/1977
f 253/410/410 263/588/587 252/2032/1381
f 1402/2597/2493 1401/2029/1973 1416/2028/1972
f 367/1848/1810 375/1847/397 1090/2025/1971
f 1101/2860/2733 1102/2023/1969 1075/2022/1968
f 2645/2087/2027 2662/237/236 2641/704/220
f 1512/3847/3524 1519/2016/1962 1555/2015/1961
f 766/3606/3352 768/2010/1955 771/2009/1954
f 2149/2181/2113 2148/1904/1861 2144/2008/1953
f 928/2007/1952 925/1944/1895 929/2006/1951
f 914/3862/1163 911/1766/1734 3156/2005/1950
f 792/3504/1389 796/606/605 794/338/338
f 3410/3635/3644 3417/2001/1948 3416/2000/1947
f 1869/3181/3016 1899/1998/1945 531/1997/1944
f 3290/1319/1309 3289/1996/1943 3293/1995/1942
f 1503/3563/3320 1506/1991/1938 1504/1990/1937
f 548/1312/1300 568/352/352 550/1026/1020
f 2244/1670/1643 2246/523/522 2205/1989/1936
f 2819/2672/2560 2820/1985/1932 2818/1984/1931
f 412/646/645 415/956/952 414/644/643
f 737/1546/1523 739/1983/1930 740/1547/1524
f 2250/1655/1628 2249/797/794 2246/523/522
f 145/2302/2221 507/1175/1164 147/753/750
f 3312/2570/2469 3311/1605/1580 3310/1978/1925
f 2171/946/942 2166/287/287 2180/1311/1299
f 1964/1721/1691 1966/1972/1921 1927/1841/1805
f 325/658/657 335/691/689 309/1971/1920
f 973/2069/2009 972/1967/1916 967/1966/1915
f 2934/1439/1421 2938/1962/1912 2940/1961/1911
f 890/4025/692 891/1959/691 889/1958/1909
f 59/3342/3148 1429/1956/1907 58/1949/1900
f 1738/2311/2230 1736/1955/1906 1734/1641/1616
f 59/3342/3148 58/1949/1900 1428/1948/1899
f 1874/543/542 1850/910/907 1878/1344/1333
f 989/2107/2047 987/1946/1897 990/1511/1489
f 2262/3339/3106 2254/1939/1336 3192/1938/1890
f 3160/2529/2429 3154/1936/1888 898/1935/1887
f 1360/1698/1668 1359/1699/1669 1374/1933/1885
f 1304/2047/1989 1303/1876/1836 1306/1932/1884
f 1917/390/390 1914/1781/1748 1921/1931/1883
f 3028/3919/2292 3039/1927/1880 3032/1926/1879
f 2797/2416/2326 2795/1921/1874 2775/1920/1873
f 1783/706/703 1782/1168/1157 1785/656/655
f 416/1189/1178 413/932/929 515/1199/1188
f 64/42/42 122/108/107 3208/1201/1190
f 2588/3736/3431 2589/399/399 2610/262/262
f 7/141/140 138/140/139 339/404/404
f 456/345/345 219/1914/351 459/1913/1869
f 2076/3188/3020 2071/1907/1864 2078/1009/1004
f 2147/3301/2097 2146/1905/1862 2148/1904/1861
f 2889/3797/3453 2890/1900/1857 2895/1899/1856
f 3137/918/915 1008/1897/1767 3140/919/916
f 2225/3751/1809 3180/1895/1853 2226/210/209
f 3307/1979/1926 3308/1893/1851 3305/1892/1850
f 3145/3431/3214 3142/1890/1849 939/1889/1541
f 2058/1869/1829 2061/1883/1843 2056/1610/1585
f 3209/589/588 61/39/39 3211/1884/1844
f 2060/3415/3202 2058/1869/1829 1950/1874/1834
f 3272/3909/3540 3274/1871/1831 3271/1870/1830
f 2056/1610/1585 2057/1723/1693 2058/1869/1829
f 970/1118/1108 953/1867/1827 968/1119/1109
f 597/3273/3095 600/1392/1379 595/1380/1367
f 1342/3819/3509 1339/165/164 1351/913/910
f 1953/648/647 1955/1864/1824 1927/1841/1805
f 3071/3353/3156 3069/1862/1822 3068/1282/1270
f 562/3289/3107 559/1293/1281 580/1333/1323
f 730/1789/1754 728/1673/1646 726/1857/168
f 2790/1753/1721 777/1754/1722 2792/1855/1817
f 1935/3994/3569 1938/1853/1815 1934/1852/1814
f 333/687/685 405/137/136 335/691/689
f 1017/2165/2101 1024/1850/1812 1013/1849/1811
f 452/1863/1823 446/1075/1067 451/573/572
f 2224/3676/3391 2225/1845/1809 2228/1844/1808
f 399/892/889 396/891/888 400/885/882
f 1924/1412/1396 1927/1841/1805 1923/1840/1804
f 817/1299/1287 816/1473/1452 820/1838/1802
f 2622/176/175 2624/1194/1183 2621/1833/1797
f 401/1033/1027 402/884/881 404/758/755
f 3086/3702/3404 3087/676/675 3088/1829/1793
f 2161/1594/1569 2133/937/934 2129/365/365
f 713/1615/1590 644/971/967 614/1419/1403
f 874/3269/3092 873/549/548 876/535/534
f 2250/1655/1628 2246/523/522 2253/1608/1583
f 3076/1414/1398 3112/1156/1145 3114/1823/1787
f 755/2470/634 754/1706/1676 752/1819/632
f 3259/1117/1107 3258/1127/1116 3262/1625/1600
f 2905/847/844 2906/1813/1778 2904/1812/1777
f 1779/484/484 1802/1475/1454 1782/1168/1157
f 1006/3668/2601 1005/1745/1713 1008/1802/1767
f 733/1688/272 732/1687/1660 730/1789/1754
f 3260/1815/1780 798/1787/606 3261/1404/1388
f 1983/1330/1320 1987/1784/1751 1986/1783/1750
f 703/1013/1008 705/1604/1579 708/1014/1009
f 273/486/486 275/514/513 267/1780/1747
f 2036/1799/1764 2034/1776/1743 1963/1122/1112
f 3130/2714/2600 3128/1251/1239 3129/5/5
f 677/1918/707 866/550/549 673/1769/705
f 782/3891/2373 755/635/634 2787/1764/1732
f 905/3904/1929 3151/1767/1735 911/1766/1734
f 753/2264/2186 756/1718/1688 749/1765/1733
f 2788/382/382 2787/1764/1732 780/895/892
f 2026/2679/2567 2029/583/582 2025/1211/1200
f 1118/31/31 1122/1760/1728 1124/32/32
f 3062/3308/3121 3061/1759/1727 3063/1758/1726
f 2853/2360/2275 2831/1756/1724 2848/1755/1723
f 2789/384/384 776/383/383 2790/1753/1721
f 3060/152/151 3075/1751/1719 3064/1750/1718
f 985/2752/2633 984/1746/1714 1005/1745/1713
f 2932/2283/799 2943/1742/1710 2936/57/57
f 901/1974/1922 882/812/809 899/1738/1706
f 1509/1020/1015 1507/1736/1704 1510/1735/1703
f 2030/482/482 2017/1734/1702 1995/640/639
f 381/3786/3470 384/1733/1701 382/858/855
f 592/3274/3096 593/1732/1700 587/1356/1345
f 2236/3500/3270 2237/1730/1698 2235/1729/1697
f 2801/1291/1279 521/1727/1203 2799/1290/1278
f 138/140/139 137/139/138 136/1724/1694
f 761/1716/1686 756/1718/1688 764/183/182
f 1957/600/599 1958/1722/1692 1960/1530/1507
f 3330/1458/1438 1967/1720/1690 1962/1719/1689
f 844/1880/1840 843/1714/1684 808/1713/1683
f 992/4022/3528 994/1709/1679 995/1708/1678
f 583/1336/1326 585/1703/1673 584/1337/1327
f 1769/902/899 1770/1696/1666 1771/1259/1247
f 703/1013/1008 706/1012/1007 702/1595/1570
f 1031/4040/3137 1032/180/179 1034/1700/1670
f 658/234/233 666/1539/1516 663/1697/1667
f 1819/2318/2235 1773/1695/1665 1772/739/736
f 461/1065/1057 225/1503/1481 462/1063/1055
f 1923/1840/1804 1913/1690/1662 1915/1374/1361
f 441/441/441 443/1686/1659 489/442/442
f 425/155/154 428/1678/1651 423/434/434
f 2227/2140/2077 2230/1671/1644 2244/1670/1643
f 1873/718/715 1871/1669/1642 1876/1564/1540
f 342/3377/3175 319/904/901 340/1666/1639
f 3105/300/300 3104/302/302 3100/1665/1638
f 3424/341/2447 3438/1662/1635 3423/1661/1634
f 2160/795/792 2249/797/794 2158/1588/1563
f 1752/1548/1525 1760/1325/1315 1756/1653/1626
f 1132/3814/3503 1133/1651/1624 1140/476/476
f 675/1422/1406 673/708/705 672/1541/1518
f 3331/1646/1621 2043/1648/1622 2047/1647/1510
f 3332/1497/1476 3331/1646/1621 2049/1645/1620
f 542/1161/1150 540/1635/1610 544/1162/1151
f 1523/1777/1744 1518/1633/1608 1525/1632/1607
f 768/2010/1955 765/1628/1603 773/1627/1602
f 574/1317/1307 692/324/324 695/1623/1598
f 3432/2212/3645 3433/1620/1595 3441/1619/1594
f 714/411/411 711/1614/1589 614/1419/1403
f 2055/3367/3167 2056/1610/1585 2048/1609/1584
f 2252/2170/2104 2253/1608/1583 2256/1528/1505
f 362/805/802 359/798/795 368/824/821
f 1268/1676/1649 1262/1601/1576 1267/1600/1575
f 396/891/888 393/859/856 394/1226/1215
f 696/1591/1566 699/1590/1565 701/540/539
f 373/698/696 369/700/698 377/972/968
f 688/1865/1825 686/1561/1537 690/776/773
f 383/1163/1152 357/1164/1153 386/876/873
f 2157/3169/852 2156/1589/1564 2158/1588/1563
f 750/1707/1677 747/1586/1561 751/1585/1560
f 1822/3251/3072 1829/1583/1558 1813/473/473
f 1002/4021/3596 993/1510/1488 1003/1581/1556
f 1058/502/501 3368/1580/1555 3367/503/502
f 2455/2457/2363 3447/1570/1546 2456/1569/1545
f 1879/3484/3257 1877/1563/1539 1878/1344/1333
f 938/220/219 924/1566/1542 939/1565/1541
f 1726/1027/1021 1723/1029/1023 1733/1552/1528
f 279/515/514 277/505/504 283/532/531
f 274/506/505 281/527/526 277/505/504
f 209/3778/1378 210/1048/1041 205/1549/1368
f 734/1689/1661 737/1546/1523 738/224/223
f 1080/2422/2331 1096/1544/1521 1098/577/576
f 311/625/624 343/737/734 304/889/886
f 671/1542/1519 669/1538/1515 674/1423/1407
f 2030/482/482 1995/640/639 3328/480/480
f 2253/1608/1583 2251/1345/1334 2258/1179/1168
f 2046/810/807 2047/1533/1510 2045/1532/1509
f 1956/3221/3046 1957/600/599 1959/1529/1506
f 2257/4013/2594 2256/1528/1505 2268/1527/1504
f 1754/3899/3536 1753/1526/1503 1755/1525/681
f 623/1437/1419 625/1438/1420 624/1522/1500
f 2017/1734/1702 2030/482/482 2027/1521/1499
f 1002/4021/3596 990/1511/1489 993/1510/1488
f 1994/2697/2583 1990/1508/1486 2004/1507/1485
f 592/3274/3096 590/1505/1483 594/1504/1482
f 459/1913/1869 222/1502/350 461/1065/1057
f 560/1133/1122 555/755/752 563/1500/1479
f 2049/1645/1620 2054/1498/1477 3332/1497/1476
f 2100/819/816 2103/673/672 2106/1495/1474
f 2/1108/3 3/501/2 3366/1106/1098
f 710/538/537 712/1490/1469 721/1489/1468
f 923/3861/1914 3158/1487/1466 926/1486/1465
f 2099/820/817 2096/764/761 2118/1481/1460
f 602/1408/1392 600/1392/1379 605/1407/1391
f 197/260/260 198/259/259 589/1354/1343
f 1780/1169/1158 1778/722/719 1776/1474/1453
f 814/3489/3260 772/460/460 816/1473/1452
f 1144/2337/2253 1149/1469/1449 1145/1468/1448
f 1015/292/292 1011/1461/1441 1021/179/178
f 1984/3197/3026 1972/1457/1437 1998/1456/1436
f 205/1381/1368 595/1380/1367 209/1391/1378
f 3344/521/520 491/1454/1434 3346/522/521
f 1973/2110/2051 1977/1452/1433 1975/1451/1432
f 1793/4074/2320 1999/1449/1430 1791/1448/1282
f 876/535/534 902/714/711 906/536/535
f 3363/3933/3553 3362/1435/1418 226/1434/358
f 548/3875/1300 545/1433/1248 638/1432/1417
f 744/1837/1801 741/25/25 758/1300/1288
f 3420/231/3646 3413/1430/1415 3428/232/1414
f 2966/3818/3508 2965/1428/1412 2960/1427/1411
f 2095/3496/1355 3202/559/558 3164/1426/1410
f 671/1542/1519 674/1423/1407 675/1422/1406
f 642/782/779 617/1420/1404 614/1419/1403
f 2475/3031/2893 2473/1418/1402 2477/581/580
f 301/591/590 345/890/887 303/592/591
f 3095/2565/2463 3097/1416/1400 3090/1415/1399
f 3078/2341/2256 3111/1154/1143 3076/1414/1398
f 2245/525/524 2247/1346/1335 2246/523/522
f 1923/1840/1804 1915/1374/1361 1924/1412/1396
f 1754/4075/3536 1755/683/681 2087/1409/1393
f 496/421/421 494/408/408 493/419/419
f 796/1788/605 792/1405/1389 3261/1404/1388
f 2222/2688/2576 2220/1399/1384 2223/1398/1359
f 696/1591/1566 693/323/323 697/825/822
f 2093/1970/1919 2091/1387/1374 2125/1386/1373
f 1846/1359/1348 1843/1383/1370 1849/1357/1346
f 1912/3333/2551 1916/1375/1362 1915/1374/1361
f 3174/3412/3200 2223/1372/1359 3175/1371/1358
f 449/571/570 447/1369/1068 450/1368/941
f 524/2138/2075 525/1081/1073 1903/1365/1354
f 952/1868/1828 959/1360/1349 968/1119/1109
f 1844/1370/1357 1845/1355/1344 589/1354/1343
f 1695/953/949 1632/1352/1341 1696/1351/1340
f 2151/4063/2114 2154/1349/1338 3196/1348/1337
f 1843/1383/1370 1842/1343/1332 1848/909/906
f 2845/2898/2770 2839/1327/1317 2850/1326/1316
f 1759/1654/1627 1760/1325/1315 1761/1324/1314
f 3293/1995/1942 3292/1322/1312 3327/1321/1311
f 3289/1996/1943 3290/1319/1309 3287/1318/1308
f 3402/4045/3647 3401/1316/1305 3400/1314/1304
f 3398/3570/3648 3400/1314/1302 3397/1313/1301
f 2174/1083/1075 2171/946/942 2177/1310/1298
f 2776/2273/2195 2779/1308/1296 2773/1307/1295
f 744/1837/1801 758/1300/1288 817/1299/1287
f 3297/1015/1010 3295/1298/1286 3285/1193/1182
f 1044/348/348 1045/1297/1285 1053/787/784
f 2003/2854/2727 2005/1295/1283 1791/1294/1282
f 2796/3752/3440 2800/832/829 2799/1290/1278
f 1930/3854/3525 1925/1284/1272 1932/1283/1271
f 3063/1758/1726 3065/1281/1269 3066/1280/1268
f 546/1160/1149 550/1026/1020 549/754/751
f 1164/2767/2647 1160/1276/1264 1161/1275/1263
f 2842/2576/2474 2843/1269/1257 2846/1268/1256
f 865/1922/1875 862/1098/1090 867/551/550
f 2101/3825/2426 2098/1266/1254 2100/819/816
f 539/1245/1233 549/754/751 536/1244/1232
f 686/1561/1537 684/927/924 682/1262/1250
f 544/1162/1151 543/1261/1249 545/1260/1248
f 1740/3359/1775 1737/1258/1246 1774/1257/1245
f 392/1599/1574 390/110/109 394/1226/1215
f 3125/3757/3442 3126/1252/1240 3128/1251/1239
f 1911/389/389 1908/1249/1237 1910/1248/1236
f 234/381/381 1087/529/528 1063/1246/1234
f 533/3180/3015 534/1241/1229 536/1244/1232
f 1062/4037/3439 1064/1238/1226 1065/1237/143
f 3382/3804/2269 3386/1235/1224 3381/1234/1223
f 884/4069/2562 3161/1231/1220 887/1230/1219
f 976/3845/1045 971/1228/1217 3123/1227/1216
f 400/885/882 394/1226/1215 389/877/874
f 525/1081/1073 527/965/961 528/1079/1071
f 2237/3882/1698 3184/211/210 2240/1224/1213
f 2032/582/581 3328/480/480 2035/1121/1111
f 828/2912/2784 827/1221/1210 831/723/720
f 1826/3254/3075 1821/738/735 1745/1217/1206
f 1697/3478/3253 1699/1212/1201 1693/951/947
f 918/3205/3033 915/1036/1030 938/220/219
f 1975/4058/1432 1978/1210/1199 2028/1209/1198
f 2185/3384/626 2184/745/742 2187/1208/1197
f 144/1002/997 517/467/467 143/129/128
f 46/2634/2530 47/1203/1192 1346/1202/1191
f 63/40/40 64/42/42 3210/1200/1189
f 1830/935/932 1828/1197/1186 1882/933/930
f 3283/2071/2011 3280/1192/1181 3286/1191/1180
f 509/1515/1493 512/455/455 6/1182/1171
f 2259/1535/1512 2261/1180/1169 2258/1179/1168
f 510/1176/1165 511/1178/1167 498/1153/1142
f 511/1178/1167 510/1176/1165 142/130/129
f 145/2302/2221 141/131/130 507/1175/1164
f 911/3351/1734 914/1174/1163 913/1037/1031
f 298/590/589 303/592/591 302/1165/1154
f 364/830/827 359/798/795 383/1163/1152
f 537/3846/3523 542/1161/1150 546/1160/1149
f 2266/2505/2406 2265/1159/1148 2270/314/314
f 520/1062/1054 496/421/421 498/1153/1142
f 708/1014/1009 709/1150/1139 706/1012/1007
f 815/283/283 812/459/459 813/1142/1131
f 563/1500/1479 566/1134/1123 560/1133/1122
f 2792/1855/1817 2794/833/830 2791/1131/1120
f 15/930/927 1148/1130/1119 1138/1129/1118
f 803/3902/3139 3258/1127/1116 841/1126/385
f 1965/3355/3158 1963/1122/1112 2035/1121/1111
f 832/3905/722 834/1116/721 3264/1115/1106
f 1274/4076/3493 1278/1110/1101 1293/1109/1100
f 3364/2573/2471 3365/1107/1099 3366/1106/1098
f 484/414/414 481/413/413 487/563/562
f 2603/3680/3394 2610/262/262 2609/1101/1093
f 858/3423/3211 855/1099/1091 862/1098/1090
f 310/3300/3117 315/1092/1084 308/610/609
f 477/1086/1078 479/1090/1082 474/1082/1074
f 477/1086/1078 474/1082/1074 476/396/396
f 3300/1017/1012 3302/1016/1011 3303/733/730
f 471/1146/1135 470/881/878 474/1082/1074
f 1899/1998/1945 1901/1080/1072 528/1079/1071
f 913/1037/1031 916/159/158 917/1038/1032
f 470/881/878 469/1074/1066 472/593/592
f 3109/570/569 3110/1071/1063 3106/568/567
f 2338/3074/2927 2337/1067/1059 2335/1066/1058
f 496/421/421 520/1062/1054 494/408/408
f 1815/483/483 1775/485/485 1816/1060/1052
f 1935/4062/3569 1929/1058/1050 3338/1057/1049
f 3230/3896/3533 3231/1055/1047 3234/1054/1046
f 971/4077/1217 976/1053/1045 975/1052/1044
f 208/1550/1526 210/1048/1041 247/1047/1040
f 1743/3098/2949 1741/1043/1037 1885/1042/1036
f 451/573/572 201/572/571 454/784/781
f 910/3350/3154 913/1037/1031 915/1036/1030
f 261/2191/2122 262/1035/1029 265/1034/1028
f 398/789/786 399/892/889 482/547/546
f 56/401/401 55/1031/1025 1407/1030/1024
f 1724/3362/3163 1722/1028/1022 1726/1027/1021
f 563/1500/1479 554/1025/1019 565/823/820
f 685/3425/925 863/1023/1017 680/1022/923
f 3288/3296/3113 3302/1016/1011 3297/1015/1010
f 2079/622/621 2080/1010/1005 2078/1009/1004
f 1025/917/914 3140/919/916 1026/1004/999
f 146/456/456 514/1003/998 144/1002/997
f 429/306/306 258/994/989 430/993/988
f 3132/6/6 3129/5/5 983/989/985
f 457/346/346 465/981/977 458/882/879
f 2359/4003/3586 2357/979/975 2361/958/954
f 1861/3293/3110 1860/977/973 1858/378/378
f 555/755/752 556/975/971 552/905/902
f 454/784/781 455/344/344 458/882/879
f 376/620/619 373/698/696 380/857/854
f 641/366/366 642/782/779 647/970/966
f 2951/3409/3199 2957/968/964 2970/967/963
f 1462/2657/2548 1459/960/956 1457/959/955
f 2359/4003/3586 2361/958/954 2358/957/953
f 1692/3492/3263 1694/952/948 1693/951/947
f 3373/1613/1588 1068/142/141 3374/949/945
f 2134/862/859 2131/861/858 2155/936/933
f 1881/3248/3069 1880/934/931 1882/933/930
f 1148/1130/1119 15/930/927 13/929/926
f 679/1263/1251 684/927/924 680/926/923
f 299/1545/1522 300/925/922 348/760/757
f 3388/2850/3649 3390/921/918 3391/920/917
f 1022/3879/2102 3137/918/915 1025/917/914
f 3344/521/520 3343/466/466 3342/916/913
f 232/375/375 215/322/322 233/379/379
f 245/566/565 293/565/564 246/906/903
f 342/3377/3175 320/632/631 319/904/901
f 1767/544/543 1769/902/899 1732/901/898
f 207/1045/1039 206/899/896 216/269/269
f 248/1265/1253 290/552/551 245/566/565
f 775/2011/1956 780/895/892 778/894/891
f 344/1543/1520 345/890/887 304/889/886
f 619/1425/1409 618/887/884 615/886/883
f 471/1146/1135 458/882/879 470/881/878
f 853/3782/3464 1055/879/876 851/878/875
f 351/2324/2241 389/877/874 354/870/867
f 354/870/867 387/875/872 385/868/865
f 357/1164/1153 355/869/866 385/868/865
f 2322/3679/3393 2320/74/74 2319/866/863
f 639/701/699 640/781/778 637/368/368
f 2127/2347/2262 2131/861/858 2130/860/857
f 377/972/968 382/858/855 380/857/854
f 3185/1537/1514 2157/855/852 3187/854/851
f 2082/1919/1872 1727/840/837 2084/816/813
f 92/81/51 154/838/835 139/7/7
f 3349/3839/3519 3353/836/833 3348/835/832
f 2803/2304/2223 2800/832/829 2805/831/828
f 372/1593/1568 369/700/698 364/830/827
f 689/775/772 683/826/823 697/825/822
f 365/699/697 363/807/804 369/700/698
f 567/2775/2655 565/823/820 571/822/819
f 2161/1594/1569 2162/796/793 2160/795/792
f 1051/696/694 1052/786/783 1046/785/782
f 207/3764/1039 455/344/344 453/783/780
f 239/394/394 237/392/392 238/779/776
f 683/826/823 689/775/772 687/774/771
f 2673/250/249 2675/772/769 2677/251/250
f 2703/991/986 2699/770/767 2702/769/766
f 2073/2648/2541 2090/763/760 2092/762/759
f 501/575/574 404/758/755 406/757/754
f 554/1025/1019 555/755/752 549/754/751
f 505/1173/1162 4/752/749 508/751/748
f 2273/2199/2128 2272/746/743 2184/745/742
f 3029/133/132 3041/743/740 3023/742/739
f 764/183/182 762/740/737 770/184/183
f 1819/2318/2235 1772/739/736 1821/738/735
f 131/1712/1682 132/736/733 320/632/631
f 833/1125/1115 834/724/721 831/723/720
f 1888/941/938 1777/721/718 1889/720/717
f 1886/1809/1774 1873/718/715 1739/717/714
f 675/1422/1406 676/709/706 673/708/705
f 628/3426/3212 627/702/700 639/701/699
f 370/619/618 365/699/697 373/698/696
f 1052/786/783 1051/696/694 1050/695/693
f 894/3921/3548 891/693/691 3163/692/690
f 665/4078/3100 668/685/683 1054/684/682
f 2075/2186/2117 2271/682/680 1758/681/622
f 331/470/470 330/679/678 336/671/670
f 2114/3356/3159 2112/674/673 2103/673/672
f 418/954/950 334/672/671 336/671/670
f 2286/2122/2062 2283/666/665 2290/665/664
f 2991/1466/1446 2980/662/661 2996/661/660
f 1789/707/704 1785/656/655 1797/297/297
f 1867/3591/3341 1862/654/653 1893/653/652
f 1962/1719/1689 1953/648/647 1954/647/646
f 2722/3029/2891 2721/642/641 2725/641/640
f 1987/1784/1751 1985/639/638 1993/638/637
f 778/894/891 781/634/633 752/633/632
f 2618/2473/2376 2617/631/630 2614/630/629
f 2187/4038/1197 3166/628/627 2185/627/626
f 306/611/610 308/610/609 311/625/624
f 2077/3299/3116 1758/623/622 2079/622/621
f 373/698/696 376/620/619 370/619/618
f 331/470/470 314/618/617 286/471/471
f 310/3300/3117 308/610/609 291/561/560
f 838/4079/3036 837/608/607 840/386/386
f 406/757/754 502/603/602 501/575/574
f 1956/3221/3046 1945/601/600 1957/600/599
f 476/396/396 472/593/592 1092/428/428
f 3207/1917/1871 122/108/107 3209/589/588
f 2358/957/953 2349/21/21 2352/587/586
f 3254/3618/3359 3252/585/584 3253/584/583
f 2468/2427/2336 2480/580/579 2474/579/578
f 1100/2271/2193 1098/577/576 1099/576/575
f 485/1105/1097 483/548/547 499/574/573
f 198/945/259 201/572/571 449/571/570
f 156/8/8 152/562/561 90/9/9
f 3201/984/980 3202/559/558 3199/558/557
f 2548/2875/2747 2550/556/555 2553/555/554
f 247/1047/1040 249/553/552 290/552/551
f 401/1033/1027 483/548/547 482/547/546
f 1765/2063/2004 1764/545/544 1767/544/543
f 1870/637/636 1855/542/541 1875/541/540
f 721/1489/1468 694/539/538 710/538/537
f 843/1714/1684 846/533/532 840/386/386
f 1085/1247/1235 1087/529/528 1084/528/527
f 2244/1670/1643 2243/524/523 2246/523/522
f 275/514/513 273/486/486 277/505/504
f 305/405/405 346/504/503 9/403/403
f 1138/1129/1118 1136/496/496 1129/495/495
f 267/1780/1747 264/487/487 273/486/486
f 425/155/154 268/157/156 427/308/308
f 1805/461/461 1779/484/484 1815/483/483
f 2032/582/581 2031/481/481 3328/480/480
f 1200/2709/2595 1203/23/23 1192/478/478
f 330/679/678 331/470/470 327/469/469
f 516/1205/1194 519/406/406 517/467/467
f 1815/483/483 1814/462/462 1805/461/461
f 785/1749/1717 812/459/459 774/458/458
f 514/1003/998 146/456/456 512/455/455
f 494/408/408 420/407/407 419/450/450
f 440/2134/2073 441/441/441 490/440/440
f 3170/207/206 3171/426/426 3172/425/425
f 479/1090/1082 481/413/413 475/412/412
f 255/438/438 253/410/410 607/409/409
f 516/1205/1194 420/407/407 519/406/406
f 1920/3336/3109 1911/389/389 1919/388/388
f 838/4079/3036 840/386/386 841/385/385
f 780/895/892 776/383/383 2788/382/382
f 236/35/35 1088/380/380 233/379/379
f 558/1286/1274 1856/377/377 557/376/376
f 215/322/322 232/375/375 217/315/315
f 3/2/2 1/1/1 231/374/374
f 1835/3263/3088 1833/372/372 1837/371/371
f 224/359/359 221/362/362 228/361/361
f 225/3986/1481 224/359/359 226/358/358
f 221/362/362 222/350/350 218/271/271
f 1045/1297/1285 1044/348/348 1040/347/347
f 3417/2001/3650 3425/342/342 3424/341/341
f 795/605/604 799/339/339 794/338/338
f 2366/2712/2598 2392/336/336 2363/335/335
f 1076/3486/3186 1105/330/330 3376/329/329
f 2195/2287/2206 2196/327/327 2199/326/326
f 694/539/538 692/324/324 693/323/323
f 214/900/897 204/316/316 217/315/315
f 2268/1527/1504 2267/313/313 2269/312/312
f 2138/1157/1146 2136/310/310 2153/309/309
f 430/993/988 431/307/307 429/306/306
f 2216/3996/3573 2210/304/304 2212/303/303
f 1800/896/893 1798/298/298 1797/297/297
f 1685/3050/2908 1713/117/116 1678/290/290
f 2089/2707/2593 2167/288/288 2166/287/287
f 830/1222/1211 818/282/282 821/281/281
f 1092/428/428 1094/279/279 1093/278/278
f 2172/978/974 2176/276/276 2175/275/275
f 784/1748/1716 783/273/273 733/272/272
f 220/3369/3169 223/270/270 216/269/269
f 3473/18/1960 3470/257/257 3479/16/256
f 2614/630/629 2615/253/252 2636/252/251
f 2414/3396/3188 2415/243/242 2417/242/241
f 1281/2584/2480 38/240/239 36/239/238
f 2655/3657/3380 2662/237/236 2661/236/235
f 666/1539/1516 658/234/233 700/233/232
f 3427/2213/3651 3420/231/230 3435/230/229
f 116/213/212 149/145/144 115/214/213
f 822/1843/1807 824/225/224 738/224/223
f 83/71/71 126/222/221 2641/221/220
f 939/1565/1541 940/161/160 938/220/219
f 1463/2852/2725 1460/218/217 1461/217/216
f 2874/1638/1613 2862/204/203 2875/203/202
f 2562/3250/3071 2566/198/197 69/48/48
f 12/2291/2210 11/193/192 1127/192/191
f 765/1628/1603 764/183/182 767/182/181
f 2594/3088/2939 2591/164/163 75/78/78
f 942/2764/2643 944/162/161 940/161/160
f 423/434/434 329/156/155 425/155/154
f 3057/2244/2170 3054/153/152 3060/152/151
f 2768/3703/3405 2766/147/146 2763/146/145
f 3373/1613/1588 3371/143/142 1068/142/141
f 406/757/754 405/137/136 410/136/135
f 2555/128/127 2554/124/123 2557/123/122
f 1720/291/291 1713/117/116 1719/116/115
f 41/1877/1837 40/114/113 1302/113/112
f 384/1733/1701 388/111/110 390/110/109
f 61/39/39 122/108/107 60/37/37
f 1623/4053/3288 1644/96/95 1626/95/94
f 1682/3051/2909 1680/90/89 1681/89/88
f 2322/3679/3393 2384/75/75 2320/74/74
f 2942/1743/1711 2941/58/58 2936/57/57
f 739/1983/1930 742/26/26 741/25/25
f 1199/479/479 1203/23/23 1205/22/22
f 2346/2788/2666 2348/20/20 2347/19/19
f 3480/4080/3652 3474/17/17 3479/16/16
f 44/2915/2786 43/14/14 1323/13/13
f 160/839/836 156/8/8 139/7/7
