# Blender v3.2.2 OBJ File: ''
# www.blender.org
o teapot
v -1.368074 1.035437 0.227403
v -1.381968 1.000000 0.229712
v -1.400000 1.000000 -0.000000
v -1.385925 1.035437 -0.000000
v -1.316296 1.035437 0.442166
v -1.329664 1.000000 0.446656
v -1.233252 1.035437 0.641628
v -1.245776 1.000000 0.648144
v -1.121601 1.035437 0.823129
v -1.132992 1.000000 0.831488
v -0.984007 1.035437 0.984007
v -0.994000 1.000000 0.994000
v -0.823129 1.035437 1.121601
v -0.831488 1.000000 1.132992
v -0.641628 1.035437 1.233252
v -0.648144 1.000000 1.245776
v -0.442166 1.035437 1.316296
v -0.446656 1.000000 1.329664
v -0.227403 1.035437 1.368074
v -0.229712 1.000000 1.381968
v 0.000000 1.035437 1.385925
v 0.000000 1.000000 1.400000
v -1.362620 1.063000 0.226496
v -1.380400 1.063000 -0.000000
v -1.311049 1.063000 0.440403
v -1.228335 1.063000 0.639070
v -1.117130 1.063000 0.819847
v -0.980084 1.063000 0.980084
v -0.819847 1.063000 1.117130
v -0.639070 1.063000 1.228335
v -0.440403 1.063000 1.311049
v -0.226496 1.063000 1.362620
v 0.000000 1.063000 1.380400
v -1.364422 1.082687 0.226795
v -1.382225 1.082687 -0.000000
v -1.312782 1.082687 0.440985
v -1.229959 1.082687 0.639915
v -1.118607 1.082687 0.820931
v -0.981380 1.082687 0.981380
v -0.820931 1.082687 1.118607
v -0.639915 1.082687 1.229959
v -0.440985 1.082687 1.312782
v -0.226795 1.082687 1.364422
v 0.000000 1.082687 1.382225
v -1.372294 1.094500 0.228104
v -1.390200 1.094500 -0.000000
v -1.320356 1.094500 0.443529
v -1.237056 1.094500 0.643607
v -1.125061 1.094500 0.825668
v -0.987042 1.094500 0.987042
v -0.825668 1.094500 1.125061
v -0.643607 1.094500 1.237056
v -0.443529 1.094500 1.320356
v -0.228104 1.094500 1.372294
v 0.000000 1.094500 1.390200
v -1.385053 1.098438 0.230225
v -1.403125 1.098438 -0.000000
v -1.332632 1.098438 0.447653
v -1.248557 1.098438 0.649591
v -1.135521 1.098438 0.833344
v -0.996219 1.098438 0.996219
v -0.833344 1.098438 1.135521
v -0.649591 1.098438 1.248557
v -0.447653 1.098438 1.332632
v -0.230225 1.098438 1.385053
v 0.000000 1.098438 1.403125
v -1.401513 1.094500 0.232961
v -1.419800 1.094500 -0.000000
v -1.348469 1.094500 0.452973
v -1.263395 1.094500 0.657311
v -1.149016 1.094500 0.843248
v -1.008058 1.094500 1.008058
v -0.843248 1.094500 1.149016
v -0.657311 1.094500 1.263395
v -0.452973 1.094500 1.348469
v -0.232961 1.094500 1.401513
v 0.000000 1.094500 1.419800
v -1.420490 1.082687 0.236115
v -1.439025 1.082687 -0.000000
v -1.366728 1.082687 0.459107
v -1.280502 1.082687 0.666211
v -1.164574 1.082687 0.854666
v -1.021708 1.082687 1.021708
v -0.854666 1.082687 1.164574
v -0.666211 1.082687 1.280502
v -0.459107 1.082687 1.366728
v -0.236115 1.082687 1.420490
v 0.000000 1.082687 1.439025
v -1.440800 1.063000 0.239491
v -1.459600 1.063000 -0.000000
v -1.386270 1.063000 0.465671
v -1.298810 1.063000 0.675736
v -1.181225 1.063000 0.866886
v -1.036316 1.063000 1.036316
v -0.866886 1.063000 1.181225
v -0.675736 1.063000 1.298810
v -0.465671 1.063000 1.386270
v -0.239491 1.063000 1.440800
v 0.000000 1.063000 1.459600
v -1.461258 1.035437 0.242892
v -1.480325 1.035437 -0.000000
v -1.405953 1.035437 0.472283
v -1.317252 1.035437 0.685331
v -1.197997 1.035437 0.879195
v -1.051031 1.035437 1.051031
v -0.879195 1.035437 1.197997
v -0.685331 1.035437 1.317252
v -0.472283 1.035437 1.405953
v -0.242892 1.035437 1.461258
v 0.000000 1.035437 1.480325
v -1.480680 1.000000 0.246120
v -1.500000 1.000000 -0.000000
v -1.424640 1.000000 0.478560
v -1.334760 1.000000 0.694440
v -1.213920 1.000000 0.890880
v -1.065000 1.000000 1.065000
v -0.890880 1.000000 1.213920
v -0.694440 1.000000 1.334760
v -0.478560 1.000000 1.424640
v -0.246120 1.000000 1.480680
v 0.000000 1.000000 1.500000
v 0.227403 1.035437 1.368074
v 0.229712 1.000000 1.381968
v 0.000000 1.000000 1.400000
v 0.000000 1.035437 1.385925
v 0.442166 1.035437 1.316296
v 0.446656 1.000000 1.329664
v 0.641628 1.035437 1.233252
v 0.648144 1.000000 1.245776
v 0.823129 1.035437 1.121601
v 0.831488 1.000000 1.132992
v 0.984007 1.035437 0.984007
v 0.994000 1.000000 0.994000
v 1.121601 1.035437 0.823129
v 1.132992 1.000000 0.831488
v 1.233252 1.035437 0.641628
v 1.245776 1.000000 0.648144
v 1.316296 1.035437 0.442166
v 1.329664 1.000000 0.446656
v 1.368074 1.035437 0.227403
v 1.381968 1.000000 0.229712
v 1.385925 1.035437 -0.000000
v 1.400000 1.000000 -0.000000
v 0.226496 1.063000 1.362620
v 0.000000 1.063000 1.380400
v 0.440403 1.063000 1.311049
v 0.639070 1.063000 1.228335
v 0.819847 1.063000 1.117130
v 0.980084 1.063000 0.980084
v 1.117130 1.063000 0.819847
v 1.228335 1.063000 0.639070
v 1.311049 1.063000 0.440403
v 1.362620 1.063000 0.226496
v 1.380400 1.063000 -0.000000
v 0.226795 1.082687 1.364422
v 0.000000 1.082687 1.382225
v 0.440985 1.082687 1.312782
v 0.639915 1.082687 1.229959
v 0.820931 1.082687 1.118607
v 0.981380 1.082687 0.981380
v 1.118607 1.082687 0.820931
v 1.229959 1.082687 0.639915
v 1.312782 1.082687 0.440985
v 1.364422 1.082687 0.226795
v 1.382225 1.082687 -0.000000
v 0.228104 1.094500 1.372294
v 0.000000 1.094500 1.390200
v 0.443529 1.094500 1.320356
v 0.643607 1.094500 1.237056
v 0.825668 1.094500 1.125061
v 0.987042 1.094500 0.987042
v 1.125061 1.094500 0.825668
v 1.237056 1.094500 0.643607
v 1.320356 1.094500 0.443529
v 1.372294 1.094500 0.228104
v 1.390200 1.094500 -0.000000
v 0.230225 1.098438 1.385053
v 0.000000 1.098438 1.403125
v 0.447653 1.098438 1.332632
v 0.649591 1.098438 1.248557
v 0.833344 1.098438 1.135521
v 0.996219 1.098438 0.996219
v 1.135521 1.098438 0.833344
v 1.248557 1.098438 0.649591
v 1.332632 1.098438 0.447653
v 1.385053 1.098438 0.230225
v 1.403125 1.098438 -0.000000
v 0.232961 1.094500 1.401513
v 0.000000 1.094500 1.419800
v 0.452973 1.094500 1.348469
v 0.657311 1.094500 1.263395
v 0.843248 1.094500 1.149016
v 1.008058 1.094500 1.008058
v 1.149016 1.094500 0.843248
v 1.263395 1.094500 0.657311
v 1.348469 1.094500 0.452973
v 1.401513 1.094500 0.232961
v 1.419800 1.094500 -0.000000
v 0.236115 1.082687 1.420490
v 0.459107 1.082687 1.366728
v 0.666211 1.082687 1.280502
v 0.854666 1.082687 1.164574
v 1.021708 1.082687 1.021708
v 1.164574 1.082687 0.854666
v 1.280502 1.082687 0.666211
v 1.366728 1.082687 0.459107
v 1.420490 1.082687 0.236115
v 1.439025 1.082687 -0.000000
v 0.239491 1.063000 1.440800
v 0.000000 1.063000 1.459600
v 0.465671 1.063000 1.386270
v 0.675736 1.063000 1.298810
v 0.866886 1.063000 1.181225
v 1.036316 1.063000 1.036316
v 1.181225 1.063000 0.866886
v 1.298810 1.063000 0.675736
v 1.386270 1.063000 0.465671
v 1.440800 1.063000 0.239491
v 1.459600 1.063000 -0.000000
v 0.242892 1.035437 1.461258
v 0.000000 1.035437 1.480325
v 0.472283 1.035437 1.405953
v 0.685331 1.035437 1.317252
v 0.879195 1.035437 1.197997
v 1.051031 1.035437 1.051031
v 1.197997 1.035437 0.879195
v 1.317252 1.035437 0.685331
v 1.405953 1.035437 0.472283
v 1.461258 1.035437 0.242892
v 1.480325 1.035437 -0.000000
v 0.246120 1.000000 1.480680
v 0.000000 1.000000 1.500000
v 0.478560 1.000000 1.424640
v 0.694440 1.000000 1.334760
v 0.890880 1.000000 1.213920
v 1.065000 1.000000 1.065000
v 1.213920 1.000000 0.890880
v 1.334760 1.000000 0.694440
v 1.424640 1.000000 0.478560
v 1.480680 1.000000 0.246120
v 1.500000 1.000000 -0.000000
v 1.368074 1.035437 -0.227403
v 1.381968 1.000000 -0.229712
v 1.400000 1.000000 -0.000000
v 1.385925 1.035437 -0.000000
v 1.316296 1.035437 -0.442166
v 1.329664 1.000000 -0.446656
v 1.233252 1.035437 -0.641628
v 1.245776 1.000000 -0.648144
v 1.121601 1.035437 -0.823129
v 1.132992 1.000000 -0.831488
v 0.984007 1.035437 -0.984007
v 0.994000 1.000000 -0.994000
v 0.823129 1.035437 -1.121601
v 0.831488 1.000000 -1.132992
v 0.641628 1.035437 -1.233252
v 0.648144 1.000000 -1.245776
v 0.442166 1.035437 -1.316296
v 0.446656 1.000000 -1.329664
v 0.227403 1.035437 -1.368074
v 0.229712 1.000000 -1.381968
v 0.000000 1.035437 -1.385925
v 0.000000 1.000000 -1.400000
v 1.362620 1.063000 -0.226496
v 1.380400 1.063000 -0.000000
v 1.311049 1.063000 -0.440403
v 1.228335 1.063000 -0.639070
v 1.117130 1.063000 -0.819847
v 0.980084 1.063000 -0.980084
v 0.819847 1.063000 -1.117130
v 0.639070 1.063000 -1.228335
v 0.440403 1.063000 -1.311049
v 0.226496 1.063000 -1.362620
v 0.000000 1.063000 -1.380400
v 1.364422 1.082687 -0.226795
v 1.382225 1.082687 -0.000000
v 1.312782 1.082687 -0.440985
v 1.229959 1.082687 -0.639915
v 1.118607 1.082687 -0.820931
v 0.981380 1.082687 -0.981380
v 0.820931 1.082687 -1.118607
v 0.639915 1.082687 -1.229959
v 0.440985 1.082687 -1.312782
v 0.226795 1.082687 -1.364422
v 0.000000 1.082687 -1.382225
v 1.372294 1.094500 -0.228104
v 1.390200 1.094500 -0.000000
v 1.320356 1.094500 -0.443529
v 1.237056 1.094500 -0.643607
v 1.125061 1.094500 -0.825668
v 0.987042 1.094500 -0.987042
v 0.825668 1.094500 -1.125061
v 0.643607 1.094500 -1.237056
v 0.443529 1.094500 -1.320356
v 0.228104 1.094500 -1.372294
v 0.000000 1.094500 -1.390200
v 1.385053 1.098438 -0.230225
v 1.403125 1.098438 -0.000000
v 1.332632 1.098438 -0.447653
v 1.248557 1.098438 -0.649591
v 1.135521 1.098438 -0.833344
v 0.996219 1.098438 -0.996219
v 0.833344 1.098438 -1.135521
v 0.649591 1.098438 -1.248557
v 0.447653 1.098438 -1.332632
v 0.230225 1.098438 -1.385053
v 0.000000 1.098438 -1.403125
v 1.401513 1.094500 -0.232961
v 1.419800 1.094500 -0.000000
v 1.348469 1.094500 -0.452973
v 1.263395 1.094500 -0.657311
v 1.149016 1.094500 -0.843248
v 1.008058 1.094500 -1.008058
v 0.843248 1.094500 -1.149016
v 0.657311 1.094500 -1.263395
v 0.452973 1.094500 -1.348469
v 0.232961 1.094500 -1.401513
v 0.000000 1.094500 -1.419800
v 1.420490 1.082687 -0.236115
v 1.366728 1.082687 -0.459107
v 1.280502 1.082687 -0.666211
v 1.164574 1.082687 -0.854666
v 1.021708 1.082687 -1.021708
v 0.854666 1.082687 -1.164574
v 0.666211 1.082687 -1.280502
v 0.459107 1.082687 -1.366728
v 0.236115 1.082687 -1.420490
v 0.000000 1.082687 -1.439025
v 1.440800 1.063000 -0.239491
v 1.459600 1.063000 -0.000000
v 1.386270 1.063000 -0.465671
v 1.298810 1.063000 -0.675736
v 1.181225 1.063000 -0.866886
v 1.036316 1.063000 -1.036316
v 0.866886 1.063000 -1.181225
v 0.675736 1.063000 -1.298810
v 0.465671 1.063000 -1.386270
v 0.239491 1.063000 -1.440800
v 0.000000 1.063000 -1.459600
v 1.461258 1.035437 -0.242892
v 1.480325 1.035437 -0.000000
v 1.405953 1.035437 -0.472283
v 1.317252 1.035437 -0.685331
v 1.197997 1.035437 -0.879195
v 1.051031 1.035437 -1.051031
v 0.879195 1.035437 -1.197997
v 0.685331 1.035437 -1.317252
v 0.472283 1.035437 -1.405953
v 0.242892 1.035437 -1.461258
v 0.000000 1.035437 -1.480325
v 1.480680 1.000000 -0.246120
v 1.500000 1.000000 -0.000000
v 1.424640 1.000000 -0.478560
v 1.334760 1.000000 -0.694440
v 1.213920 1.000000 -0.890880
v 1.065000 1.000000 -1.065000
v 0.890880 1.000000 -1.213920
v 0.694440 1.000000 -1.334760
v 0.478560 1.000000 -1.424640
v 0.246120 1.000000 -1.480680
v 0.000000 1.000000 -1.500000
v -0.227403 1.035437 -1.368074
v -0.229712 1.000000 -1.381968
v 0.000000 1.000000 -1.400000
v 0.000000 1.035437 -1.385925
v -0.442166 1.035437 -1.316296
v -0.446656 1.000000 -1.329664
v -0.641628 1.035437 -1.233252
v -0.648144 1.000000 -1.245776
v -0.823129 1.035437 -1.121601
v -0.831488 1.000000 -1.132992
v -0.984007 1.035437 -0.984007
v -0.994000 1.000000 -0.994000
v -1.121601 1.035437 -0.823129
v -1.132992 1.000000 -0.831488
v -1.233252 1.035437 -0.641628
v -1.245776 1.000000 -0.648144
v -1.316296 1.035437 -0.442166
v -1.329664 1.000000 -0.446656
v -1.368074 1.035437 -0.227403
v -1.381968 1.000000 -0.229712
v -1.385925 1.035437 -0.000000
v -1.400000 1.000000 -0.000000
v -0.226496 1.063000 -1.362620
v 0.000000 1.063000 -1.380400
v -0.440403 1.063000 -1.311049
v -0.639070 1.063000 -1.228335
v -0.819847 1.063000 -1.117130
v -0.980084 1.063000 -0.980084
v -1.117130 1.063000 -0.819847
v -1.228335 1.063000 -0.639070
v -1.311049 1.063000 -0.440403
v -1.362620 1.063000 -0.226496
v -1.380400 1.063000 -0.000000
v -0.226795 1.082687 -1.364422
v 0.000000 1.082687 -1.382225
v -0.440985 1.082687 -1.312782
v -0.639915 1.082687 -1.229959
v -0.820931 1.082687 -1.118607
v -0.981380 1.082687 -0.981380
v -1.118607 1.082687 -0.820931
v -1.229959 1.082687 -0.639915
v -1.312782 1.082687 -0.440985
v -1.364422 1.082687 -0.226795
v -1.382225 1.082687 -0.000000
v -0.228104 1.094500 -1.372294
v 0.000000 1.094500 -1.390200
v -0.443529 1.094500 -1.320356
v -0.643607 1.094500 -1.237056
v -0.825668 1.094500 -1.125061
v -0.987042 1.094500 -0.987042
v -1.125061 1.094500 -0.825668
v -1.237056 1.094500 -0.643607
v -1.320356 1.094500 -0.443529
v -1.372294 1.094500 -0.228104
v -1.390200 1.094500 -0.000000
v -0.230225 1.098438 -1.385053
v 0.000000 1.098438 -1.403125
v -0.447653 1.098438 -1.332632
v -0.649591 1.098438 -1.248557
v -0.833344 1.098438 -1.135521
v -0.996219 1.098438 -0.996219
v -1.135521 1.098438 -0.833344
v -1.248557 1.098438 -0.649591
v -1.332632 1.098438 -0.447653
v -1.385053 1.098438 -0.230225
v -1.403125 1.098438 -0.000000
v -0.232961 1.094500 -1.401513
v 0.000000 1.094500 -1.419800
v -0.452973 1.094500 -1.348469
v -0.657311 1.094500 -1.263395
v -0.843248 1.094500 -1.149016
v -1.008058 1.094500 -1.008058
v -1.149016 1.094500 -0.843248
v -1.263395 1.094500 -0.657311
v -1.348469 1.094500 -0.452973
v -1.401513 1.094500 -0.232961
v -1.419800 1.094500 -0.000000
v -0.236115 1.082687 -1.420490
v -0.459107 1.082687 -1.366728
v -0.666211 1.082687 -1.280502
v -0.854666 1.082687 -1.164574
v -1.021708 1.082687 -1.021708
v -1.164574 1.082687 -0.854666
v -1.280502 1.082687 -0.666211
v -1.366728 1.082687 -0.459107
v -1.420490 1.082687 -0.236115
v -0.239491 1.063000 -1.440800
v 0.000000 1.063000 -1.459600
v -0.465671 1.063000 -1.386270
v -0.675736 1.063000 -1.298810
v -0.866886 1.063000 -1.181225
v -1.036316 1.063000 -1.036316
v -1.181225 1.063000 -0.866886
v -1.298810 1.063000 -0.675736
v -1.386270 1.063000 -0.465671
v -1.440800 1.063000 -0.239491
v -1.459600 1.063000 -0.000000
v -0.242892 1.035437 -1.461258
v 0.000000 1.035437 -1.480325
v -0.472283 1.035437 -1.405953
v -0.685331 1.035437 -1.317252
v -0.879195 1.035437 -1.197997
v -1.051031 1.035437 -1.051031
v -1.197997 1.035437 -0.879195
v -1.317252 1.035437 -0.685331
v -1.405953 1.035437 -0.472283
v -1.461258 1.035437 -0.242892
v -1.480325 1.035437 -0.000000
v -0.246120 1.000000 -1.480680
v 0.000000 1.000000 -1.500000
v -0.478560 1.000000 -1.424640
v -0.694440 1.000000 -1.334760
v -0.890880 1.000000 -1.213920
v -1.065000 1.000000 -1.065000
v -1.213920 1.000000 -0.890880
v -1.334760 1.000000 -0.694440
v -1.424640 1.000000 -0.478560
v -1.480680 1.000000 -0.246120
v -1.500000 1.000000 -0.000000
v -1.554467 0.842575 0.258385
v -1.574750 0.842575 -0.000000
v -1.495635 0.842575 0.502408
v -1.401276 0.842575 0.729046
v -1.274414 0.842575 0.935276
v -1.118073 0.842575 1.118073
v -0.935276 0.842575 1.274414
v -0.729046 0.842575 1.401276
v -0.502408 0.842575 1.495635
v -0.258385 0.842575 1.554467
v 0.000000 0.842575 1.574750
v -1.626774 0.685600 0.270404
v -1.648000 0.685600 -0.000000
v -1.565204 0.685600 0.525778
v -1.466456 0.685600 0.762958
v -1.333693 0.685600 0.978780
v -1.170080 0.685600 1.170080
v -0.978780 0.685600 1.333693
v -0.762958 0.685600 1.466456
v -0.525778 0.685600 1.565204
v -0.270404 0.685600 1.626774
v 0.000000 0.685600 1.648000
v -1.696119 0.529525 0.281930
v -1.718250 0.529525 -0.000000
v -1.631925 0.529525 0.548190
v -1.528968 0.529525 0.795481
v -1.390545 0.529525 1.020503
v -1.219958 0.529525 1.219958
v -1.020503 0.529525 1.390545
v -0.795481 0.529525 1.528968
v -0.548190 0.529525 1.631925
v -0.281930 0.529525 1.696119
v 0.000000 0.529525 1.718250
v -1.761022 0.374800 0.292719
v -1.784000 0.374800 -0.000000
v -1.694372 0.374800 0.569167
v -1.587475 0.374800 0.825921
v -1.443756 0.374800 1.059553
v -1.266640 0.374800 1.266640
v -1.059553 0.374800 1.443756
v -0.825921 0.374800 1.587475
v -0.569167 0.374800 1.694372
v -0.292719 0.374800 1.761022
v 0.000000 0.374800 1.784000
v -1.820003 0.221875 0.302523
v -1.843750 0.221875 -0.000000
v -1.751120 0.221875 0.588230
v -1.640643 0.221875 0.853583
v -1.492110 0.221875 1.095040
v -1.309063 0.221875 1.309063
v -1.095040 0.221875 1.492110
v -0.853583 0.221875 1.640643
v -0.588230 0.221875 1.751120
v -0.302522 0.221875 1.820003
v 0.000000 0.221875 1.843750
v -1.871580 0.071200 0.311096
v -1.896000 0.071200 -0.000000
v -1.800745 0.071200 0.604900
v -1.687137 0.071200 0.877772
v -1.534395 0.071200 1.126072
v -1.346160 0.071200 1.346160
v -1.126072 0.071200 1.534395
v -0.877772 0.071200 1.687137
v -0.604900 0.071200 1.800745
v -0.311096 0.071200 1.871580
v 0.000000 0.071200 1.896000
v -1.914272 -0.076775 0.318192
v -1.939250 -0.076775 -0.000000
v -1.841822 -0.076775 0.618698
v -1.725622 -0.076775 0.897795
v -1.569396 -0.076775 1.151759
v -1.376867 -0.076775 1.376868
v -1.151759 -0.076775 1.569396
v -0.897795 -0.076775 1.725622
v -0.618698 -0.076775 1.841822
v -0.318192 -0.076775 1.914272
v 0.000000 -0.076775 1.939250
v -1.946601 -0.221600 0.323566
v -1.972000 -0.221600 -0.000000
v -1.872927 -0.221600 0.629147
v -1.754764 -0.221600 0.912957
v -1.595900 -0.221600 1.171210
v -1.400120 -0.221600 1.400120
v -1.171210 -0.221600 1.595900
v -0.912957 -0.221600 1.754764
v -0.629147 -0.221600 1.872927
v -0.323566 -0.221600 1.946601
v 0.000000 -0.221600 1.972000
v -1.967083 -0.362825 0.326970
v -1.992750 -0.362825 -0.000000
v -1.892634 -0.362825 0.635767
v -1.773229 -0.362825 0.922564
v -1.612693 -0.362825 1.183534
v -1.414853 -0.362825 1.414853
v -1.183534 -0.362825 1.612693
v -0.922564 -0.362825 1.773229
v -0.635767 -0.362825 1.892634
v -0.326970 -0.362825 1.967083
v 0.000000 -0.362825 1.992750
v -1.974240 -0.500000 0.328160
v -2.000000 -0.500000 -0.000000
v -1.899520 -0.500000 0.638080
v -1.779680 -0.500000 0.925920
v -1.618560 -0.500000 1.187840
v -1.420000 -0.500000 1.420000
v -1.187840 -0.500000 1.618560
v -0.925920 -0.500000 1.779680
v -0.638080 -0.500000 1.899520
v -0.328160 -0.500000 1.974240
v 0.000000 -0.500000 2.000000
v 0.258385 0.842575 1.554467
v 0.000000 0.842575 1.574750
v 0.502408 0.842575 1.495635
v 0.729046 0.842575 1.401276
v 0.935276 0.842575 1.274414
v 1.118073 0.842575 1.118073
v 1.274414 0.842575 0.935276
v 1.401276 0.842575 0.729046
v 1.495635 0.842575 0.502408
v 1.554467 0.842575 0.258385
v 1.574750 0.842575 -0.000000
v 0.270404 0.685600 1.626774
v 0.000000 0.685600 1.648000
v 0.525778 0.685600 1.565204
v 0.762958 0.685600 1.466456
v 0.978780 0.685600 1.333693
v 1.170080 0.685600 1.170080
v 1.333693 0.685600 0.978780
v 1.466456 0.685600 0.762958
v 1.565204 0.685600 0.525778
v 1.626774 0.685600 0.270404
v 1.648000 0.685600 -0.000000
v 0.281930 0.529525 1.696119
v 0.000000 0.529525 1.718250
v 0.548190 0.529525 1.631925
v 0.795481 0.529525 1.528968
v 1.020503 0.529525 1.390545
v 1.219958 0.529525 1.219958
v 1.390545 0.529525 1.020503
v 1.528968 0.529525 0.795481
v 1.631925 0.529525 0.548190
v 1.696119 0.529525 0.281930
v 1.718250 0.529525 -0.000000
v 0.292719 0.374800 1.761022
v 0.000000 0.374800 1.784000
v 0.569167 0.374800 1.694372
v 0.825921 0.374800 1.587475
v 1.059553 0.374800 1.443756
v 1.266640 0.374800 1.266640
v 1.443756 0.374800 1.059553
v 1.587475 0.374800 0.825921
v 1.694372 0.374800 0.569167
v 1.761022 0.374800 0.292719
v 1.784000 0.374800 -0.000000
v 0.302523 0.221875 1.820003
v 0.000000 0.221875 1.843750
v 0.588230 0.221875 1.751120
v 0.853583 0.221875 1.640643
v 1.095040 0.221875 1.492110
v 1.309063 0.221875 1.309063
v 1.492110 0.221875 1.095040
v 1.640643 0.221875 0.853583
v 1.751120 0.221875 0.588230
v 1.820003 0.221875 0.302522
v 1.843750 0.221875 -0.000000
v 0.311096 0.071200 1.871580
v 0.000000 0.071200 1.896000
v 0.604900 0.071200 1.800745
v 0.877772 0.071200 1.687137
v 1.126072 0.071200 1.534395
v 1.346160 0.071200 1.346160
v 1.534395 0.071200 1.126072
v 1.687137 0.071200 0.877772
v 1.800745 0.071200 0.604900
v 1.871580 0.071200 0.311096
v 1.896000 0.071200 -0.000000
v 0.318192 -0.076775 1.914272
v 0.000000 -0.076775 1.939250
v 0.618698 -0.076775 1.841822
v 0.897795 -0.076775 1.725622
v 1.151759 -0.076775 1.569396
v 1.376868 -0.076775 1.376867
v 1.569396 -0.076775 1.151759
v 1.725622 -0.076775 0.897795
v 1.841822 -0.076775 0.618698
v 1.914272 -0.076775 0.318192
v 1.939250 -0.076775 -0.000000
v 0.323566 -0.221600 1.946601
v 0.000000 -0.221600 1.972000
v 0.629147 -0.221600 1.872927
v 0.912957 -0.221600 1.754764
v 1.171210 -0.221600 1.595900
v 1.400120 -0.221600 1.400120
v 1.595900 -0.221600 1.171210
v 1.754764 -0.221600 0.912957
v 1.872927 -0.221600 0.629147
v 1.946601 -0.221600 0.323566
v 1.972000 -0.221600 -0.000000
v 0.326970 -0.362825 1.967083
v 0.000000 -0.362825 1.992750
v 0.635767 -0.362825 1.892634
v 0.922564 -0.362825 1.773229
v 1.183534 -0.362825 1.612693
v 1.414853 -0.362825 1.414853
v 1.612693 -0.362825 1.183534
v 1.773229 -0.362825 0.922564
v 1.892634 -0.362825 0.635767
v 1.967083 -0.362825 0.326970
v 1.992750 -0.362825 -0.000000
v 0.328160 -0.500000 1.974240
v 0.000000 -0.500000 2.000000
v 0.638080 -0.500000 1.899520
v 0.925920 -0.500000 1.779680
v 1.187840 -0.500000 1.618560
v 1.420000 -0.500000 1.420000
v 1.618560 -0.500000 1.187840
v 1.779680 -0.500000 0.925920
v 1.899520 -0.500000 0.638080
v 1.974240 -0.500000 0.328160
v 2.000000 -0.500000 -0.000000
v 1.554467 0.842575 -0.258385
v 1.574750 0.842575 -0.000000
v 1.495635 0.842575 -0.502408
v 1.401276 0.842575 -0.729046
v 1.274414 0.842575 -0.935276
v 1.118073 0.842575 -1.118073
v 0.935276 0.842575 -1.274414
v 0.729046 0.842575 -1.401276
v 0.502408 0.842575 -1.495635
v 0.258385 0.842575 -1.554467
v 0.000000 0.842575 -1.574750
v 1.626774 0.685600 -0.270404
v 1.648000 0.685600 -0.000000
v 1.565204 0.685600 -0.525778
v 1.466456 0.685600 -0.762958
v 1.333693 0.685600 -0.978780
v 1.170080 0.685600 -1.170080
v 0.978780 0.685600 -1.333693
v 0.762958 0.685600 -1.466456
v 0.525778 0.685600 -1.565204
v 0.270404 0.685600 -1.626774
v 0.000000 0.685600 -1.648000
v 1.696119 0.529525 -0.281930
v 1.718250 0.529525 -0.000000
v 1.631925 0.529525 -0.548190
v 1.528968 0.529525 -0.795481
v 1.390545 0.529525 -1.020503
v 1.219958 0.529525 -1.219958
v 1.020503 0.529525 -1.390545
v 0.795481 0.529525 -1.528968
v 0.548190 0.529525 -1.631925
v 0.281930 0.529525 -1.696119
v 0.000000 0.529525 -1.718250
v 1.761022 0.374800 -0.292719
v 1.784000 0.374800 -0.000000
v 1.694372 0.374800 -0.569167
v 1.587475 0.374800 -0.825921
v 1.443756 0.374800 -1.059553
v 1.266640 0.374800 -1.266640
v 1.059553 0.374800 -1.443756
v 0.825921 0.374800 -1.587475
v 0.569167 0.374800 -1.694372
v 0.292719 0.374800 -1.761022
v 0.000000 0.374800 -1.784000
v 1.820003 0.221875 -0.302523
v 1.843750 0.221875 -0.000000
v 1.751120 0.221875 -0.588230
v 1.640643 0.221875 -0.853583
v 1.492110 0.221875 -1.095040
v 1.309063 0.221875 -1.309063
v 1.095040 0.221875 -1.492110
v 0.853583 0.221875 -1.640643
v 0.588230 0.221875 -1.751120
v 0.302522 0.221875 -1.820003
v 0.000000 0.221875 -1.843750
v 1.871580 0.071200 -0.311096
v 1.896000 0.071200 -0.000000
v 1.800745 0.071200 -0.604900
v 1.687137 0.071200 -0.877772
v 1.534395 0.071200 -1.126072
v 1.346160 0.071200 -1.346160
v 1.126072 0.071200 -1.534395
v 0.877772 0.071200 -1.687137
v 0.604900 0.071200 -1.800745
v 0.311096 0.071200 -1.871580
v 0.000000 0.071200 -1.896000
v 1.914272 -0.076775 -0.318192
v 1.939250 -0.076775 -0.000000
v 1.841822 -0.076775 -0.618698
v 1.725622 -0.076775 -0.897795
v 1.569396 -0.076775 -1.151759
v 1.376867 -0.076775 -1.376868
v 1.151759 -0.076775 -1.569396
v 0.897795 -0.076775 -1.725622
v 0.618698 -0.076775 -1.841822
v 0.318192 -0.076775 -1.914272
v 0.000000 -0.076775 -1.939250
v 1.946601 -0.221600 -0.323566
v 1.972000 -0.221600 -0.000000
v 1.872927 -0.221600 -0.629147
v 1.754764 -0.221600 -0.912957
v 1.595900 -0.221600 -1.171210
v 1.400120 -0.221600 -1.400120
v 1.171210 -0.221600 -1.595900
v 0.912957 -0.221600 -1.754764
v 0.629147 -0.221600 -1.872927
v 0.323566 -0.221600 -1.946601
v 0.000000 -0.221600 -1.972000
v 1.967083 -0.362825 -0.326970
v 1.992750 -0.362825 -0.000000
v 1.892634 -0.362825 -0.635767
v 1.773229 -0.362825 -0.922564
v 1.612693 -0.362825 -1.183534
v 1.414853 -0.362825 -1.414853
v 1.183534 -0.362825 -1.612693
v 0.922564 -0.362825 -1.773229
v 0.635767 -0.362825 -1.892634
v 0.326970 -0.362825 -1.967083
v 0.000000 -0.362825 -1.992750
v 1.974240 -0.500000 -0.328160
v 2.000000 -0.500000 -0.000000
v 1.899520 -0.500000 -0.638080
v 1.779680 -0.500000 -0.925920
v 1.618560 -0.500000 -1.187840
v 1.420000 -0.500000 -1.420000
v 1.187840 -0.500000 -1.618560
v 0.925920 -0.500000 -1.779680
v 0.638080 -0.500000 -1.899520
v 0.328160 -0.500000 -1.974240
v 0.000000 -0.500000 -2.000000
v -0.258385 0.842575 -1.554467
v 0.000000 0.842575 -1.574750
v -0.502408 0.842575 -1.495635
v -0.729046 0.842575 -1.401276
v -0.935276 0.842575 -1.274414
v -1.118073 0.842575 -1.118073
v -1.274414 0.842575 -0.935276
v -1.401276 0.842575 -0.729046
v -1.495635 0.842575 -0.502408
v -1.554467 0.842575 -0.258385
v -1.574750 0.842575 -0.000000
v -0.270404 0.685600 -1.626774
v 0.000000 0.685600 -1.648000
v -0.525778 0.685600 -1.565204
v -0.762958 0.685600 -1.466456
v -0.978780 0.685600 -1.333693
v -1.170080 0.685600 -1.170080
v -1.333693 0.685600 -0.978780
v -1.466456 0.685600 -0.762958
v -1.565204 0.685600 -0.525778
v -1.626774 0.685600 -0.270404
v -1.648000 0.685600 -0.000000
v -0.281930 0.529525 -1.696119
v 0.000000 0.529525 -1.718250
v -0.548190 0.529525 -1.631925
v -0.795481 0.529525 -1.528968
v -1.020503 0.529525 -1.390545
v -1.219958 0.529525 -1.219958
v -1.390545 0.529525 -1.020503
v -1.528968 0.529525 -0.795481
v -1.631925 0.529525 -0.548190
v -1.696119 0.529525 -0.281930
v -1.718250 0.529525 -0.000000
v -0.292719 0.374800 -1.761022
v 0.000000 0.374800 -1.784000
v -0.569167 0.374800 -1.694372
v -0.825921 0.374800 -1.587475
v -1.059553 0.374800 -1.443756
v -1.266640 0.374800 -1.266640
v -1.443756 0.374800 -1.059553
v -1.587475 0.374800 -0.825921
v -1.694372 0.374800 -0.569167
v -1.761022 0.374800 -0.292719
v -1.784000 0.374800 -0.000000
v -0.302523 0.221875 -1.820003
v 0.000000 0.221875 -1.843750
v -0.588230 0.221875 -1.751120
v -0.853583 0.221875 -1.640643
v -1.095040 0.221875 -1.492110
v -1.309063 0.221875 -1.309063
v -1.492110 0.221875 -1.095040
v -1.640643 0.221875 -0.853583
v -1.751120 0.221875 -0.588230
v -1.820003 0.221875 -0.302522
v -1.843750 0.221875 -0.000000
v -0.311096 0.071200 -1.871580
v 0.000000 0.071200 -1.896000
v -0.604900 0.071200 -1.800745
v -0.877772 0.071200 -1.687137
v -1.126072 0.071200 -1.534395
v -1.346160 0.071200 -1.346160
v -1.534395 0.071200 -1.126072
v -1.687137 0.071200 -0.877772
v -1.800745 0.071200 -0.604900
v -1.871580 0.071200 -0.311096
v -1.896000 0.071200 -0.000000
v -0.318192 -0.076775 -1.914272
v 0.000000 -0.076775 -1.939250
v -0.618698 -0.076775 -1.841822
v -0.897795 -0.076775 -1.725622
v -1.151759 -0.076775 -1.569396
v -1.376868 -0.076775 -1.376867
v -1.569396 -0.076775 -1.151759
v -1.725622 -0.076775 -0.897795
v -1.841822 -0.076775 -0.618698
v -1.914272 -0.076775 -0.318192
v -1.939250 -0.076775 -0.000000
v -0.323566 -0.221600 -1.946601
v 0.000000 -0.221600 -1.972000
v -0.629147 -0.221600 -1.872927
v -0.912957 -0.221600 -1.754764
v -1.171210 -0.221600 -1.595900
v -1.400120 -0.221600 -1.400120
v -1.595900 -0.221600 -1.171210
v -1.754764 -0.221600 -0.912957
v -1.872927 -0.221600 -0.629147
v -1.946601 -0.221600 -0.323566
v -1.972000 -0.221600 -0.000000
v -0.326970 -0.362825 -1.967083
v 0.000000 -0.362825 -1.992750
v -0.635767 -0.362825 -1.892634
v -0.922564 -0.362825 -1.773229
v -1.183534 -0.362825 -1.612693
v -1.414853 -0.362825 -1.414853
v -1.612693 -0.362825 -1.183534
v -1.773229 -0.362825 -0.922564
v -1.892634 -0.362825 -0.635767
v -1.967083 -0.362825 -0.326970
v -1.992750 -0.362825 -0.000000
v -0.328160 -0.500000 -1.974240
v 0.000000 -0.500000 -2.000000
v -0.638080 -0.500000 -1.899520
v -0.925920 -0.500000 -1.779680
v -1.187840 -0.500000 -1.618560
v -1.420000 -0.500000 -1.420000
v -1.618560 -0.500000 -1.187840
v -1.779680 -0.500000 -0.925920
v -1.899520 -0.500000 -0.638080
v -1.974240 -0.500000 -0.328160
v -2.000000 -0.500000 -0.000000
v -1.960420 -0.628325 0.325863
v -1.986000 -0.628325 -0.000000
v -1.886223 -0.628325 0.633613
v -1.899520 -0.500000 0.638080
v -1.767222 -0.628325 0.919439
v -1.779680 -0.500000 0.925920
v -1.607230 -0.628325 1.179525
v -1.618560 -0.500000 1.187840
v -1.410060 -0.628325 1.410060
v -1.420000 -0.500000 1.420000
v -1.179525 -0.628325 1.607230
v -1.187840 -0.500000 1.618560
v -0.919439 -0.628325 1.767222
v -0.925920 -0.500000 1.779680
v -0.633613 -0.628325 1.886223
v -0.638080 -0.500000 1.899520
v -0.325863 -0.628325 1.960420
v -0.328160 -0.500000 1.974240
v 0.000000 -0.628325 1.986000
v -1.922910 -0.743600 0.319628
v -1.948000 -0.743600 -0.000000
v -1.850132 -0.743600 0.621490
v -1.733408 -0.743600 0.901846
v -1.576477 -0.743600 1.156956
v -1.383080 -0.743600 1.383080
v -1.156956 -0.743600 1.576477
v -0.901846 -0.743600 1.733408
v -0.621490 -0.743600 1.850132
v -0.319628 -0.743600 1.922910
v 0.000000 -0.743600 1.948000
v -1.867631 -0.846275 0.310439
v -1.892000 -0.846275 -0.000000
v -1.796946 -0.846275 0.603624
v -1.683577 -0.846275 0.875920
v -1.531158 -0.846275 1.123697
v -1.343320 -0.846275 1.343320
v -1.123697 -0.846275 1.531158
v -0.875920 -0.846275 1.683577
v -0.603624 -0.846275 1.796946
v -0.310439 -0.846275 1.867631
v 0.000000 -0.846275 1.892000
v -1.800507 -0.936800 0.299282
v -1.824000 -0.936800 -0.000000
v -1.732362 -0.936800 0.581929
v -1.623068 -0.936800 0.844439
v -1.476127 -0.936800 1.083310
v -1.295040 -0.936800 1.295040
v -1.083310 -0.936800 1.476127
v -0.844439 -0.936800 1.623068
v -0.581929 -0.936800 1.732362
v -0.299282 -0.936800 1.800507
v 0.000000 -0.936800 1.824000
v -1.727460 -1.015625 0.287140
v -1.750000 -1.015625 -0.000000
v -1.662080 -1.015625 0.558320
v -1.557220 -1.015625 0.810180
v -1.416240 -1.015625 1.039360
v -1.242500 -1.015625 1.242500
v -1.039360 -1.015625 1.416240
v -0.810180 -1.015625 1.557220
v -0.558320 -1.015625 1.662080
v -0.287140 -1.015625 1.727460
v 0.000000 -1.015625 1.750000
v -1.654413 -1.083200 0.274998
v -1.676000 -1.083200 -0.000000
v -1.591798 -1.083200 0.534711
v -1.491372 -1.083200 0.775921
v -1.356353 -1.083200 0.995410
v -1.189960 -1.083200 1.189960
v -0.995410 -1.083200 1.356353
v -0.775921 -1.083200 1.491372
v -0.534711 -1.083200 1.591798
v -0.274998 -1.083200 1.654413
v 0.000000 -1.083200 1.676000
v -1.587289 -1.139975 0.263841
v -1.608000 -1.139975 -0.000000
v -1.527214 -1.139975 0.513016
v -1.430863 -1.139975 0.744440
v -1.301322 -1.139975 0.955023
v -1.141680 -1.139975 1.141680
v -0.955023 -1.139975 1.301322
v -0.744440 -1.139975 1.430863
v -0.513016 -1.139975 1.527214
v -0.263841 -1.139975 1.587289
v 0.000000 -1.139975 1.608000
v -1.532010 -1.186400 0.254652
v -1.552000 -1.186400 -0.000000
v -1.474028 -1.186400 0.495150
v -1.381032 -1.186400 0.718514
v -1.256003 -1.186400 0.921764
v -1.101920 -1.186400 1.101920
v -0.921764 -1.186400 1.256003
v -0.718514 -1.186400 1.381032
v -0.495150 -1.186400 1.474028
v -0.254652 -1.186400 1.532010
v 0.000000 -1.186400 1.552000
v -1.494500 -1.222925 0.248417
v -1.514000 -1.222925 -0.000000
v -1.437937 -1.222925 0.483027
v -1.347218 -1.222925 0.700921
v -1.225250 -1.222925 0.899195
v -1.074940 -1.222925 1.074940
v -0.899195 -1.222925 1.225250
v -0.700921 -1.222925 1.347218
v -0.483027 -1.222925 1.437937
v -0.248417 -1.222925 1.494500
v 0.000000 -1.222925 1.514000
v -1.480680 -1.250000 0.246120
v -1.500000 -1.250000 -0.000000
v -1.424640 -1.250000 0.478560
v -1.334760 -1.250000 0.694440
v -1.213920 -1.250000 0.890880
v -1.065000 -1.250000 1.065000
v -0.890880 -1.250000 1.213920
v -0.694440 -1.250000 1.334760
v -0.478560 -1.250000 1.424640
v -0.246120 -1.250000 1.480680
v 0.000000 -1.250000 1.500000
v 0.325863 -0.628325 1.960420
v 0.000000 -0.628325 1.986000
v 0.633613 -0.628325 1.886223
v 0.638080 -0.500000 1.899520
v 0.919439 -0.628325 1.767222
v 0.925920 -0.500000 1.779680
v 1.179525 -0.628325 1.607230
v 1.187840 -0.500000 1.618560
v 1.410060 -0.628325 1.410060
v 1.420000 -0.500000 1.420000
v 1.607230 -0.628325 1.179525
v 1.618560 -0.500000 1.187840
v 1.767222 -0.628325 0.919439
v 1.779680 -0.500000 0.925920
v 1.886223 -0.628325 0.633613
v 1.899520 -0.500000 0.638080
v 1.960420 -0.628325 0.325863
v 1.974240 -0.500000 0.328160
v 1.986000 -0.628325 -0.000000
v 0.319628 -0.743600 1.922910
v 0.000000 -0.743600 1.948000
v 0.621490 -0.743600 1.850132
v 0.901846 -0.743600 1.733408
v 1.156956 -0.743600 1.576477
v 1.383080 -0.743600 1.383080
v 1.576477 -0.743600 1.156956
v 1.733408 -0.743600 0.901846
v 1.850132 -0.743600 0.621490
v 1.922910 -0.743600 0.319628
v 1.948000 -0.743600 -0.000000
v 0.310439 -0.846275 1.867631
v 0.000000 -0.846275 1.892000
v 0.603624 -0.846275 1.796946
v 0.875920 -0.846275 1.683577
v 1.123697 -0.846275 1.531158
v 1.343320 -0.846275 1.343320
v 1.531158 -0.846275 1.123697
v 1.683577 -0.846275 0.875920
v 1.796946 -0.846275 0.603624
v 1.867631 -0.846275 0.310439
v 1.892000 -0.846275 -0.000000
v 0.299282 -0.936800 1.800507
v 0.000000 -0.936800 1.824000
v 0.581929 -0.936800 1.732362
v 0.844439 -0.936800 1.623068
v 1.083310 -0.936800 1.476127
v 1.295040 -0.936800 1.295040
v 1.476127 -0.936800 1.083310
v 1.623068 -0.936800 0.844439
v 1.732362 -0.936800 0.581929
v 1.800507 -0.936800 0.299282
v 1.824000 -0.936800 -0.000000
v 0.287140 -1.015625 1.727460
v 0.000000 -1.015625 1.750000
v 0.558320 -1.015625 1.662080
v 0.810180 -1.015625 1.557220
v 1.039360 -1.015625 1.416240
v 1.242500 -1.015625 1.242500
v 1.416240 -1.015625 1.039360
v 1.557220 -1.015625 0.810180
v 1.662080 -1.015625 0.558320
v 1.727460 -1.015625 0.287140
v 1.750000 -1.015625 -0.000000
v 0.274998 -1.083200 1.654413
v 0.000000 -1.083200 1.676000
v 0.534711 -1.083200 1.591798
v 0.775921 -1.083200 1.491372
v 0.995410 -1.083200 1.356353
v 1.189960 -1.083200 1.189960
v 1.356353 -1.083200 0.995410
v 1.491372 -1.083200 0.775921
v 1.591798 -1.083200 0.534711
v 1.654413 -1.083200 0.274998
v 1.676000 -1.083200 -0.000000
v 0.263841 -1.139975 1.587289
v 0.000000 -1.139975 1.608000
v 0.513016 -1.139975 1.527214
v 0.744440 -1.139975 1.430863
v 0.955023 -1.139975 1.301322
v 1.141680 -1.139975 1.141680
v 1.301322 -1.139975 0.955023
v 1.430863 -1.139975 0.744440
v 1.527214 -1.139975 0.513016
v 1.587289 -1.139975 0.263841
v 1.608000 -1.139975 -0.000000
v 0.254652 -1.186400 1.532010
v 0.000000 -1.186400 1.552000
v 0.495150 -1.186400 1.474028
v 0.718514 -1.186400 1.381032
v 0.921764 -1.186400 1.256003
v 1.101920 -1.186400 1.101920
v 1.256003 -1.186400 0.921764
v 1.381032 -1.186400 0.718514
v 1.474028 -1.186400 0.495150
v 1.532010 -1.186400 0.254652
v 1.552000 -1.186400 -0.000000
v 0.248417 -1.222925 1.494500
v 0.000000 -1.222925 1.514000
v 0.483027 -1.222925 1.437937
v 0.700921 -1.222925 1.347218
v 0.899195 -1.222925 1.225250
v 1.074940 -1.222925 1.074940
v 1.225250 -1.222925 0.899195
v 1.347218 -1.222925 0.700921
v 1.437937 -1.222925 0.483027
v 1.494500 -1.222925 0.248417
v 1.514000 -1.222925 -0.000000
v 0.246120 -1.250000 1.480680
v 0.000000 -1.250000 1.500000
v 0.478560 -1.250000 1.424640
v 0.694440 -1.250000 1.334760
v 0.890880 -1.250000 1.213920
v 1.065000 -1.250000 1.065000
v 1.213920 -1.250000 0.890880
v 1.334760 -1.250000 0.694440
v 1.424640 -1.250000 0.478560
v 1.480680 -1.250000 0.246120
v 1.500000 -1.250000 -0.000000
v 1.960420 -0.628325 -0.325863
v 1.986000 -0.628325 -0.000000
v 1.886223 -0.628325 -0.633613
v 1.899520 -0.500000 -0.638080
v 1.767222 -0.628325 -0.919439
v 1.779680 -0.500000 -0.925920
v 1.607230 -0.628325 -1.179525
v 1.618560 -0.500000 -1.187840
v 1.410060 -0.628325 -1.410060
v 1.420000 -0.500000 -1.420000
v 1.179525 -0.628325 -1.607230
v 1.187840 -0.500000 -1.618560
v 0.919439 -0.628325 -1.767222
v 0.925920 -0.500000 -1.779680
v 0.633613 -0.628325 -1.886223
v 0.638080 -0.500000 -1.899520
v 0.325863 -0.628325 -1.960420
v 0.328160 -0.500000 -1.974240
v 0.000000 -0.628325 -1.986000
v 1.922910 -0.743600 -0.319628
v 1.948000 -0.743600 -0.000000
v 1.850132 -0.743600 -0.621490
v 1.733408 -0.743600 -0.901846
v 1.576477 -0.743600 -1.156956
v 1.383080 -0.743600 -1.383080
v 1.156956 -0.743600 -1.576477
v 0.901846 -0.743600 -1.733408
v 0.621490 -0.743600 -1.850132
v 0.319628 -0.743600 -1.922910
v 0.000000 -0.743600 -1.948000
v 1.867631 -0.846275 -0.310439
v 1.892000 -0.846275 -0.000000
v 1.796946 -0.846275 -0.603624
v 1.683577 -0.846275 -0.875920
v 1.531158 -0.846275 -1.123697
v 1.343320 -0.846275 -1.343320
v 1.123697 -0.846275 -1.531158
v 0.875920 -0.846275 -1.683577
v 0.603624 -0.846275 -1.796946
v 0.310439 -0.846275 -1.867631
v 0.000000 -0.846275 -1.892000
v 1.800507 -0.936800 -0.299282
v 1.824000 -0.936800 -0.000000
v 1.732362 -0.936800 -0.581929
v 1.623068 -0.936800 -0.844439
v 1.476127 -0.936800 -1.083310
v 1.295040 -0.936800 -1.295040
v 1.083310 -0.936800 -1.476127
v 0.844439 -0.936800 -1.623068
v 0.581929 -0.936800 -1.732362
v 0.299282 -0.936800 -1.800507
v 0.000000 -0.936800 -1.824000
v 1.727460 -1.015625 -0.287140
v 1.750000 -1.015625 -0.000000
v 1.662080 -1.015625 -0.558320
v 1.557220 -1.015625 -0.810180
v 1.416240 -1.015625 -1.039360
v 1.242500 -1.015625 -1.242500
v 1.039360 -1.015625 -1.416240
v 0.810180 -1.015625 -1.557220
v 0.558320 -1.015625 -1.662080
v 0.287140 -1.015625 -1.727460
v 0.000000 -1.015625 -1.750000
v 1.654413 -1.083200 -0.274998
v 1.676000 -1.083200 -0.000000
v 1.591798 -1.083200 -0.534711
v 1.491372 -1.083200 -0.775921
v 1.356353 -1.083200 -0.995410
v 1.189960 -1.083200 -1.189960
v 0.995410 -1.083200 -1.356353
v 0.775921 -1.083200 -1.491372
v 0.534711 -1.083200 -1.591798
v 0.274998 -1.083200 -1.654413
v 0.000000 -1.083200 -1.676000
v 1.587289 -1.139975 -0.263841
v 1.608000 -1.139975 -0.000000
v 1.527214 -1.139975 -0.513016
v 1.430863 -1.139975 -0.744440
v 1.301322 -1.139975 -0.955023
v 1.141680 -1.139975 -1.141680
v 0.955023 -1.139975 -1.301322
v 0.744440 -1.139975 -1.430863
v 0.513016 -1.139975 -1.527214
v 0.263841 -1.139975 -1.587289
v 0.000000 -1.139975 -1.608000
v 1.532010 -1.186400 -0.254652
v 1.552000 -1.186400 -0.000000
v 1.474028 -1.186400 -0.495150
v 1.381032 -1.186400 -0.718514
v 1.256003 -1.186400 -0.921764
v 1.101920 -1.186400 -1.101920
v 0.921764 -1.186400 -1.256003
v 0.718514 -1.186400 -1.381032
v 0.495150 -1.186400 -1.474028
v 0.254652 -1.186400 -1.532010
v 0.000000 -1.186400 -1.552000
v 1.494500 -1.222925 -0.248417
v 1.514000 -1.222925 -0.000000
v 1.437937 -1.222925 -0.483027
v 1.347218 -1.222925 -0.700921
v 1.225250 -1.222925 -0.899195
v 1.074940 -1.222925 -1.074940
v 0.899195 -1.222925 -1.225250
v 0.700921 -1.222925 -1.347218
v 0.483027 -1.222925 -1.437937
v 0.248417 -1.222925 -1.494500
v 0.000000 -1.222925 -1.514000
v 1.480680 -1.250000 -0.246120
v 1.500000 -1.250000 -0.000000
v 1.424640 -1.250000 -0.478560
v 1.334760 -1.250000 -0.694440
v 1.213920 -1.250000 -0.890880
v 1.065000 -1.250000 -1.065000
v 0.890880 -1.250000 -1.213920
v 0.694440 -1.250000 -1.334760
v 0.478560 -1.250000 -1.424640
v 0.246120 -1.250000 -1.480680
v 0.000000 -1.250000 -1.500000
v -0.325863 -0.628325 -1.960420
v 0.000000 -0.628325 -1.986000
v -0.633613 -0.628325 -1.886223
v -0.638080 -0.500000 -1.899520
v -0.919439 -0.628325 -1.767222
v -0.925920 -0.500000 -1.779680
v -1.179525 -0.628325 -1.607230
v -1.187840 -0.500000 -1.618560
v -1.410060 -0.628325 -1.410060
v -1.420000 -0.500000 -1.420000
v -1.607230 -0.628325 -1.179525
v -1.618560 -0.500000 -1.187840
v -1.767222 -0.628325 -0.919439
v -1.779680 -0.500000 -0.925920
v -1.886223 -0.628325 -0.633613
v -1.899520 -0.500000 -0.638080
v -1.960420 -0.628325 -0.325863
v -1.974240 -0.500000 -0.328160
v -1.986000 -0.628325 -0.000000
v -0.319628 -0.743600 -1.922910
v 0.000000 -0.743600 -1.948000
v -0.621490 -0.743600 -1.850132
v -0.901846 -0.743600 -1.733408
v -1.156956 -0.743600 -1.576477
v -1.383080 -0.743600 -1.383080
v -1.576477 -0.743600 -1.156956
v -1.733408 -0.743600 -0.901846
v -1.850132 -0.743600 -0.621490
v -1.922910 -0.743600 -0.319628
v -1.948000 -0.743600 -0.000000
v -0.310439 -0.846275 -1.867631
v 0.000000 -0.846275 -1.892000
v -0.603624 -0.846275 -1.796946
v -0.875920 -0.846275 -1.683577
v -1.123697 -0.846275 -1.531158
v -1.343320 -0.846275 -1.343320
v -1.531158 -0.846275 -1.123697
v -1.683577 -0.846275 -0.875920
v -1.796946 -0.846275 -0.603624
v -1.867631 -0.846275 -0.310439
v -1.892000 -0.846275 -0.000000
v -0.299282 -0.936800 -1.800507
v 0.000000 -0.936800 -1.824000
v -0.581929 -0.936800 -1.732362
v -0.844439 -0.936800 -1.623068
v -1.083310 -0.936800 -1.476127
v -1.295040 -0.936800 -1.295040
v -1.476127 -0.936800 -1.083310
v -1.623068 -0.936800 -0.844439
v -1.732362 -0.936800 -0.581929
v -1.800507 -0.936800 -0.299282
v -1.824000 -0.936800 -0.000000
v -0.287140 -1.015625 -1.727460
v 0.000000 -1.015625 -1.750000
v -0.558320 -1.015625 -1.662080
v -0.810180 -1.015625 -1.557220
v -1.039360 -1.015625 -1.416240
v -1.242500 -1.015625 -1.242500
v -1.416240 -1.015625 -1.039360
v -1.557220 -1.015625 -0.810180
v -1.662080 -1.015625 -0.558320
v -1.727460 -1.015625 -0.287140
v -1.750000 -1.015625 -0.000000
v -0.274998 -1.083200 -1.654413
v 0.000000 -1.083200 -1.676000
v -0.534711 -1.083200 -1.591798
v -0.775921 -1.083200 -1.491372
v -0.995410 -1.083200 -1.356353
v -1.189960 -1.083200 -1.189960
v -1.356353 -1.083200 -0.995410
v -1.491372 -1.083200 -0.775921
v -1.591798 -1.083200 -0.534711
v -1.654413 -1.083200 -0.274998
v -1.676000 -1.083200 -0.000000
v -0.263841 -1.139975 -1.587289
v 0.000000 -1.139975 -1.608000
v -0.513016 -1.139975 -1.527214
v -0.744440 -1.139975 -1.430863
v -0.955023 -1.139975 -1.301322
v -1.141680 -1.139975 -1.141680
v -1.301322 -1.139975 -0.955023
v -1.430863 -1.139975 -0.744440
v -1.527214 -1.139975 -0.513016
v -1.587289 -1.139975 -0.263841
v -1.608000 -1.139975 -0.000000
v -0.254652 -1.186400 -1.532010
v 0.000000 -1.186400 -1.552000
v -0.495150 -1.186400 -1.474028
v -0.718514 -1.186400 -1.381032
v -0.921764 -1.186400 -1.256003
v -1.101920 -1.186400 -1.101920
v -1.256003 -1.186400 -0.921764
v -1.381032 -1.186400 -0.718514
v -1.474028 -1.186400 -0.495150
v -1.532010 -1.186400 -0.254652
v -1.552000 -1.186400 -0.000000
v -0.248417 -1.222925 -1.494500
v 0.000000 -1.222925 -1.514000
v -0.483027 -1.222925 -1.437937
v -0.700921 -1.222925 -1.347218
v -0.899195 -1.222925 -1.225250
v -1.074940 -1.222925 -1.074940
v -1.225250 -1.222925 -0.899195
v -1.347218 -1.222925 -0.700921
v -1.437937 -1.222925 -0.483027
v -1.494500 -1.222925 -0.248417
v -1.514000 -1.222925 -0.000000
v -0.246120 -1.250000 -1.480680
v 0.000000 -1.250000 -1.500000
v -0.478560 -1.250000 -1.424640
v -0.694440 -1.250000 -1.334760
v -0.890880 -1.250000 -1.213920
v -1.065000 -1.250000 -1.065000
v -1.213920 -1.250000 -0.890880
v -1.334760 -1.250000 -0.694440
v -1.424640 -1.250000 -0.478560
v -1.480680 -1.250000 -0.246120
v -1.500000 -1.250000 -0.000000
v 1.800455 0.631069 0.081000
v 1.597200 0.631300 0.081000
v 1.600000 0.625000 -0.000000
v 1.800900 0.624775 -0.000000
v 1.799246 0.648152 0.144000
v 1.589600 0.648400 0.144000
v 1.797466 0.673326 0.189000
v 1.578400 0.673600 0.189000
v 1.795303 0.703896 0.216000
v 1.564800 0.704200 0.216000
v 1.792950 0.737163 0.225000
v 1.550000 0.737500 0.225000
v 1.790597 0.770429 0.216000
v 1.535200 0.770800 0.216000
v 1.788434 0.800999 0.189000
v 1.521600 0.801400 0.189000
v 1.786654 0.826173 0.144000
v 1.510400 0.826600 0.144000
v 1.785445 0.843256 0.081000
v 1.502800 0.843700 0.081000
v 1.785000 0.849550 -0.000000
v 1.500000 0.850000 -0.000000
v 1.984790 0.629450 0.081000
v 1.983200 0.623200 -0.000000
v 1.989107 0.646413 0.144000
v 1.995469 0.671411 0.189000
v 2.003194 0.701766 0.216000
v 2.011600 0.734800 0.225000
v 2.020006 0.767834 0.216000
v 2.027731 0.798189 0.189000
v 2.034093 0.823187 0.144000
v 2.038410 0.840150 0.081000
v 2.040000 0.846400 -0.000000
v 2.149624 0.625055 0.081000
v 2.146300 0.618925 -0.000000
v 2.158645 0.641693 0.144000
v 2.171939 0.666213 0.189000
v 2.188082 0.695987 0.216000
v 2.205650 0.728388 0.225000
v 2.223218 0.760788 0.216000
v 2.239361 0.790562 0.189000
v 2.252655 0.815082 0.144000
v 2.261676 0.831720 0.081000
v 2.265000 0.837850 -0.000000
v 2.294371 0.616497 0.081000
v 2.289600 0.610600 -0.000000
v 2.307322 0.632502 0.144000
v 2.326406 0.656090 0.189000
v 2.349581 0.684731 0.216000
v 2.374800 0.715900 0.225000
v 2.400019 0.747069 0.216000
v 2.423194 0.775710 0.189000
v 2.442278 0.799298 0.144000
v 2.455229 0.815303 0.081000
v 2.460000 0.821200 -0.000000
v 2.418450 0.602387 0.081000
v 2.412500 0.596875 -0.000000
v 2.434600 0.617350 0.144000
v 2.458400 0.639400 0.189000
v 2.487300 0.666175 0.216000
v 2.518750 0.695312 0.225000
v 2.550200 0.724450 0.216000
v 2.579100 0.751225 0.189000
v 2.602900 0.773275 0.144000
v 2.619050 0.788238 0.081000
v 2.625000 0.793750 -0.000000
v 2.521277 0.581339 0.081000
v 2.514400 0.576400 -0.000000
v 2.539942 0.594746 0.144000
v 2.567450 0.614502 0.189000
v 2.600851 0.638493 0.216000
v 2.637200 0.664600 0.225000
v 2.673549 0.690707 0.216000
v 2.706950 0.714698 0.189000
v 2.734458 0.734454 0.144000
v 2.753123 0.747861 0.081000
v 2.760000 0.752800 -0.000000
v 2.602268 0.551964 0.081000
v 2.594700 0.547825 -0.000000
v 2.622811 0.563199 0.144000
v 2.653085 0.579755 0.189000
v 2.689846 0.599859 0.216000
v 2.729850 0.621737 0.225000
v 2.769854 0.643616 0.216000
v 2.806615 0.663720 0.189000
v 2.836889 0.680276 0.144000
v 2.857432 0.691511 0.081000
v 2.865000 0.695650 -0.000000
v 2.660842 0.512874 0.081000
v 2.652800 0.509800 -0.000000
v 2.682669 0.521219 0.144000
v 2.714835 0.533517 0.189000
v 2.753894 0.548450 0.216000
v 2.796400 0.564700 0.225000
v 2.838906 0.580950 0.216000
v 2.877965 0.595883 0.189000
v 2.910131 0.608181 0.144000
v 2.931958 0.616526 0.081000
v 2.940000 0.619600 -0.000000
v 2.696413 0.462682 0.081000
v 2.688100 0.460975 -0.000000
v 2.718978 0.467316 0.144000
v 2.752230 0.474146 0.189000
v 2.792609 0.482438 0.216000
v 2.836550 0.491463 0.225000
v 2.880491 0.500487 0.216000
v 2.920870 0.508779 0.189000
v 2.954122 0.515609 0.144000
v 2.976687 0.520243 0.081000
v 2.985000 0.521950 -0.000000
v 2.708400 0.400000 0.081000
v 2.700000 0.400000 -0.000000
v 2.731200 0.400000 0.144000
v 2.764800 0.400000 0.189000
v 2.805600 0.400000 0.216000
v 2.850000 0.400000 0.225000
v 2.894400 0.400000 0.216000
v 2.935200 0.400000 0.189000
v 2.968800 0.400000 0.144000
v 2.991600 0.400000 0.081000
v 3.000000 0.400000 -0.000000
v 1.785445 0.843256 -0.081000
v 1.502800 0.843700 -0.081000
v 1.786654 0.826173 -0.144000
v 1.510400 0.826600 -0.144000
v 1.788434 0.800999 -0.189000
v 1.521600 0.801400 -0.189000
v 1.790597 0.770429 -0.216000
v 1.535200 0.770800 -0.216000
v 1.792950 0.737163 -0.225000
v 1.550000 0.737500 -0.225000
v 1.795303 0.703896 -0.216000
v 1.564800 0.704200 -0.216000
v 1.797466 0.673326 -0.189000
v 1.578400 0.673600 -0.189000
v 1.799246 0.648152 -0.144000
v 1.589600 0.648400 -0.144000
v 1.800455 0.631069 -0.081000
v 1.597200 0.631300 -0.081000
v 2.038410 0.840150 -0.081000
v 2.040000 0.846400 -0.000000
v 2.034093 0.823187 -0.144000
v 2.027731 0.798189 -0.189000
v 2.020006 0.767834 -0.216000
v 2.011600 0.734800 -0.225000
v 2.003194 0.701766 -0.216000
v 1.995469 0.671411 -0.189000
v 1.989107 0.646413 -0.144000
v 1.984790 0.629450 -0.081000
v 1.983200 0.623200 -0.000000
v 2.261676 0.831720 -0.081000
v 2.252655 0.815082 -0.144000
v 2.239361 0.790562 -0.189000
v 2.223218 0.760788 -0.216000
v 2.205650 0.728387 -0.225000
v 2.188082 0.695987 -0.216000
v 2.171939 0.666213 -0.189000
v 2.158645 0.641693 -0.144000
v 2.149624 0.625055 -0.081000
v 2.455229 0.815303 -0.081000
v 2.460000 0.821200 -0.000000
v 2.442278 0.799298 -0.144000
v 2.423194 0.775710 -0.189000
v 2.400019 0.747069 -0.216000
v 2.374800 0.715900 -0.225000
v 2.349581 0.684731 -0.216000
v 2.326406 0.656090 -0.189000
v 2.307322 0.632502 -0.144000
v 2.294371 0.616497 -0.081000
v 2.289600 0.610600 -0.000000
v 2.619050 0.788238 -0.081000
v 2.602900 0.773275 -0.144000
v 2.579100 0.751225 -0.189000
v 2.550200 0.724450 -0.216000
v 2.518750 0.695312 -0.225000
v 2.487300 0.666175 -0.216000
v 2.458400 0.639400 -0.189000
v 2.434600 0.617350 -0.144000
v 2.418450 0.602388 -0.081000
v 2.412500 0.596875 -0.000000
v 2.753123 0.747861 -0.081000
v 2.760000 0.752800 -0.000000
v 2.734458 0.734454 -0.144000
v 2.706950 0.714698 -0.189000
v 2.673549 0.690707 -0.216000
v 2.637200 0.664600 -0.225000
v 2.600851 0.638493 -0.216000
v 2.567450 0.614502 -0.189000
v 2.539942 0.594746 -0.144000
v 2.521277 0.581339 -0.081000
v 2.514400 0.576400 -0.000000
v 2.857432 0.691511 -0.081000
v 2.836889 0.680276 -0.144000
v 2.806615 0.663720 -0.189000
v 2.769854 0.643616 -0.216000
v 2.729850 0.621737 -0.225000
v 2.689846 0.599859 -0.216000
v 2.653085 0.579755 -0.189000
v 2.622811 0.563199 -0.144000
v 2.602268 0.551964 -0.081000
v 2.931958 0.616526 -0.081000
v 2.910131 0.608181 -0.144000
v 2.877965 0.595883 -0.189000
v 2.838906 0.580950 -0.216000
v 2.796400 0.564700 -0.225000
v 2.753894 0.548450 -0.216000
v 2.714835 0.533517 -0.189000
v 2.682669 0.521219 -0.144000
v 2.660842 0.512874 -0.081000
v 2.652800 0.509800 -0.000000
v 2.976687 0.520243 -0.081000
v 2.985000 0.521950 -0.000000
v 2.954122 0.515609 -0.144000
v 2.920870 0.508779 -0.189000
v 2.880491 0.500487 -0.216000
v 2.836550 0.491463 -0.225000
v 2.792609 0.482438 -0.216000
v 2.752230 0.474146 -0.189000
v 2.718978 0.467316 -0.144000
v 2.696413 0.462682 -0.081000
v 2.688100 0.460975 -0.000000
v 2.991600 0.400000 -0.081000
v 2.968800 0.400000 -0.144000
v 2.935200 0.400000 -0.189000
v 2.894400 0.400000 -0.216000
v 2.850000 0.400000 -0.225000
v 2.805600 0.400000 -0.216000
v 2.764800 0.400000 -0.189000
v 2.731200 0.400000 -0.144000
v 2.708400 0.400000 -0.081000
v 2.702175 0.324519 0.081000
v 2.693900 0.326200 -0.000000
v 2.724637 0.319956 0.144000
v 2.757739 0.313232 0.189000
v 2.797934 0.305067 0.216000
v 2.841675 0.296181 0.225000
v 2.885416 0.287296 0.216000
v 2.925611 0.279131 0.189000
v 2.958713 0.272406 0.144000
v 2.981175 0.267844 0.081000
v 2.989450 0.266162 -0.000000
v 2.683107 0.238610 0.081000
v 2.675200 0.241600 -0.000000
v 2.704570 0.230493 0.144000
v 2.736198 0.218531 0.189000
v 2.774605 0.204006 0.216000
v 2.816400 0.188200 0.225000
v 2.858195 0.172394 0.216000
v 2.896602 0.157869 0.189000
v 2.928230 0.145907 0.144000
v 2.949693 0.137790 0.081000
v 2.957600 0.134800 -0.000000
v 2.650604 0.144903 0.081000
v 2.643300 0.148900 -0.000000
v 2.670428 0.134053 0.144000
v 2.699644 0.118063 0.189000
v 2.735119 0.098648 0.216000
v 2.773725 0.077519 0.225000
v 2.812331 0.056390 0.216000
v 2.847806 0.036974 0.189000
v 2.877022 0.020985 0.144000
v 2.896846 0.010135 0.081000
v 2.904150 0.006137 -0.000000
v 2.604074 0.046029 0.081000
v 2.597600 0.050800 -0.000000
v 2.621645 0.033078 0.144000
v 2.647539 0.013994 0.189000
v 2.678982 -0.009181 0.216000
v 2.713200 -0.034400 0.225000
v 2.747418 -0.059619 0.216000
v 2.778861 -0.082794 0.189000
v 2.804755 -0.101878 0.144000
v 2.822326 -0.114829 0.081000
v 2.828800 -0.119600 -0.000000
v 2.542925 -0.055381 0.081000
v 2.537500 -0.050000 -0.000000
v 2.557650 -0.069987 0.144000
v 2.579350 -0.091512 0.189000
v 2.605700 -0.117650 0.216000
v 2.634375 -0.146094 0.225000
v 2.663050 -0.174537 0.216000
v 2.689400 -0.200675 0.189000
v 2.711100 -0.222200 0.144000
v 2.725825 -0.236806 0.081000
v 2.731250 -0.242187 -0.000000
v 2.466566 -0.156697 0.081000
v 2.462400 -0.150800 -0.000000
v 2.477875 -0.172702 0.144000
v 2.494541 -0.196290 0.189000
v 2.514778 -0.224931 0.216000
v 2.536800 -0.256100 0.225000
v 2.558822 -0.287269 0.216000
v 2.579059 -0.315910 0.189000
v 2.595725 -0.339498 0.144000
v 2.607034 -0.355503 0.081000
v 2.611200 -0.361400 -0.000000
v 2.374406 -0.255287 0.081000
v 2.371700 -0.248900 -0.000000
v 2.381752 -0.272624 0.144000
v 2.392576 -0.298172 0.189000
v 2.405721 -0.329196 0.216000
v 2.420025 -0.362956 0.225000
v 2.434329 -0.396717 0.216000
v 2.447474 -0.427740 0.189000
v 2.458298 -0.453289 0.144000
v 2.465644 -0.470625 0.081000
v 2.468350 -0.477013 -0.000000
v 2.265853 -0.348522 0.081000
v 2.264800 -0.341600 -0.000000
v 2.268710 -0.367309 0.144000
v 2.272922 -0.394995 0.189000
v 2.278035 -0.428614 0.216000
v 2.283600 -0.465200 0.225000
v 2.289165 -0.501786 0.216000
v 2.294278 -0.535405 0.189000
v 2.298490 -0.563091 0.144000
v 2.301347 -0.581878 0.081000
v 2.302400 -0.588800 -0.000000
v 2.140315 -0.433769 0.081000
v 2.141100 -0.426200 -0.000000
v 2.138183 -0.454315 0.144000
v 2.135041 -0.484593 0.189000
v 2.131226 -0.521359 0.216000
v 2.127075 -0.561369 0.225000
v 2.122924 -0.601379 0.216000
v 2.119109 -0.638145 0.189000
v 2.115967 -0.668422 0.144000
v 2.113835 -0.688968 0.081000
v 2.113050 -0.696537 -0.000000
v 1.997200 -0.508400 0.081000
v 1.989600 -0.531200 0.144000
v 1.978400 -0.564800 0.189000
v 1.964800 -0.605600 0.216000
v 1.950000 -0.650000 0.225000
v 1.935200 -0.694400 0.216000
v 1.921600 -0.735200 0.189000
v 1.910400 -0.768800 0.144000
v 1.902800 -0.791600 0.081000
v 1.900000 -0.800000 -0.000000
v 2.981175 0.267844 -0.081000
v 2.958713 0.272406 -0.144000
v 2.925611 0.279131 -0.189000
v 2.885416 0.287296 -0.216000
v 2.841675 0.296181 -0.225000
v 2.797934 0.305067 -0.216000
v 2.757739 0.313232 -0.189000
v 2.724637 0.319956 -0.144000
v 2.702175 0.324519 -0.081000
v 2.949693 0.137790 -0.081000
v 2.957600 0.134800 -0.000000
v 2.928230 0.145907 -0.144000
v 2.896602 0.157869 -0.189000
v 2.858195 0.172394 -0.216000
v 2.816400 0.188200 -0.225000
v 2.774605 0.204006 -0.216000
v 2.736198 0.218531 -0.189000
v 2.704570 0.230493 -0.144000
v 2.683107 0.238610 -0.081000
v 2.675200 0.241600 -0.000000
v 2.896846 0.010135 -0.081000
v 2.904150 0.006137 -0.000000
v 2.877022 0.020985 -0.144000
v 2.847806 0.036974 -0.189000
v 2.812331 0.056390 -0.216000
v 2.773725 0.077519 -0.225000
v 2.735119 0.098648 -0.216000
v 2.699644 0.118063 -0.189000
v 2.670428 0.134053 -0.144000
v 2.650604 0.144903 -0.081000
v 2.822326 -0.114829 -0.081000
v 2.804755 -0.101878 -0.144000
v 2.778861 -0.082794 -0.189000
v 2.747418 -0.059619 -0.216000
v 2.713200 -0.034400 -0.225000
v 2.678982 -0.009181 -0.216000
v 2.647539 0.013994 -0.189000
v 2.621645 0.033078 -0.144000
v 2.604074 0.046029 -0.081000
v 2.725825 -0.236806 -0.081000
v 2.731250 -0.242187 -0.000000
v 2.711100 -0.222200 -0.144000
v 2.689400 -0.200675 -0.189000
v 2.663050 -0.174537 -0.216000
v 2.634375 -0.146094 -0.225000
v 2.605700 -0.117650 -0.216000
v 2.579350 -0.091512 -0.189000
v 2.557650 -0.069987 -0.144000
v 2.542925 -0.055381 -0.081000
v 2.537500 -0.050000 -0.000000
v 2.607034 -0.355503 -0.081000
v 2.611200 -0.361400 -0.000000
v 2.595725 -0.339498 -0.144000
v 2.579059 -0.315910 -0.189000
v 2.558822 -0.287269 -0.216000
v 2.536800 -0.256100 -0.225000
v 2.514778 -0.224931 -0.216000
v 2.494541 -0.196290 -0.189000
v 2.477875 -0.172702 -0.144000
v 2.466566 -0.156697 -0.081000
v 2.462400 -0.150800 -0.000000
v 2.465644 -0.470625 -0.081000
v 2.458298 -0.453289 -0.144000
v 2.447474 -0.427740 -0.189000
v 2.434329 -0.396717 -0.216000
v 2.420025 -0.362956 -0.225000
v 2.405721 -0.329196 -0.216000
v 2.392576 -0.298172 -0.189000
v 2.381752 -0.272624 -0.144000
v 2.374406 -0.255287 -0.081000
v 2.301347 -0.581878 -0.081000
v 2.302400 -0.588800 -0.000000
v 2.298490 -0.563091 -0.144000
v 2.294278 -0.535405 -0.189000
v 2.289165 -0.501786 -0.216000
v 2.283600 -0.465200 -0.225000
v 2.278035 -0.428614 -0.216000
v 2.272922 -0.394995 -0.189000
v 2.268710 -0.367309 -0.144000
v 2.265853 -0.348522 -0.081000
v 2.264800 -0.341600 -0.000000
v 2.113835 -0.688968 -0.081000
v 2.113050 -0.696537 -0.000000
v 2.115967 -0.668422 -0.144000
v 2.119109 -0.638145 -0.189000
v 2.122924 -0.601379 -0.216000
v 2.127075 -0.561369 -0.225000
v 2.131226 -0.521359 -0.216000
v 2.135041 -0.484593 -0.189000
v 2.138183 -0.454315 -0.144000
v 2.140315 -0.433769 -0.081000
v 2.141100 -0.426200 -0.000000
v 1.902800 -0.791600 -0.081000
v 1.900000 -0.800000 -0.000000
v 1.910400 -0.768800 -0.144000
v 1.921600 -0.735200 -0.189000
v 1.935200 -0.694400 -0.216000
v 1.950000 -0.650000 -0.225000
v 1.964800 -0.605600 -0.216000
v 1.978400 -0.564800 -0.189000
v 1.989600 -0.531200 -0.144000
v 1.997200 -0.508400 -0.081000
v 2.000000 -0.500000 -0.000000
v -1.939394 0.023221 0.175100
v -1.700000 0.001900 0.178200
v -1.700000 0.025000 -0.000000
v -1.935900 0.044200 -0.000000
v -1.948879 -0.033722 0.311290
v -1.700000 -0.060800 0.316800
v -1.962857 -0.117638 0.408568
v -1.700000 -0.153200 0.415800
v -1.979830 -0.219536 0.466934
v -1.700000 -0.265400 0.475200
v -1.998300 -0.330425 0.486390
v -1.700000 -0.387500 0.495000
v -2.016770 -0.441314 0.466934
v -1.700000 -0.509600 0.475200
v -2.033743 -0.543212 0.408568
v -1.700000 -0.621800 0.415800
v -2.047721 -0.627128 0.311290
v -1.700000 -0.714200 0.316800
v -2.057206 -0.684071 0.175100
v -1.700000 -0.776900 0.178200
v -2.060700 -0.705050 -0.000000
v -1.700000 -0.800000 -0.000000
v -2.116979 0.079120 0.166687
v -2.111200 0.097600 -0.000000
v -2.132666 0.028960 0.296333
v -2.155782 -0.044960 0.388937
v -2.183853 -0.134720 0.444499
v -2.214400 -0.232400 0.463020
v -2.244947 -0.330080 0.444499
v -2.273018 -0.419840 0.388937
v -2.296134 -0.493760 0.296333
v -2.311821 -0.543920 0.166687
v -2.317600 -0.562400 -0.000000
v -2.244457 0.163171 0.154289
v -2.237300 0.178900 -0.000000
v -2.263882 0.120478 0.274291
v -2.292510 0.057562 0.360007
v -2.327271 -0.018836 0.411437
v -2.365100 -0.101975 0.428580
v -2.402929 -0.185114 0.411437
v -2.437690 -0.261512 0.360007
v -2.466318 -0.324428 0.274291
v -2.485743 -0.367121 0.154289
v -2.492900 -0.382850 -0.000000
v -2.333530 0.268948 0.139234
v -2.325600 0.281800 -0.000000
v -2.355053 0.234064 0.247526
v -2.386771 0.182656 0.324878
v -2.425286 0.120232 0.371290
v -2.467200 0.052300 0.386760
v -2.509114 -0.015632 0.371290
v -2.547629 -0.078056 0.324878
v -2.579347 -0.129464 0.247526
v -2.600870 -0.164348 0.139234
v -2.608800 -0.177200 -0.000000
v -2.395900 0.390025 0.122850
v -2.387500 0.400000 -0.000000
v -2.418700 0.362950 0.218400
v -2.452300 0.323050 0.286650
v -2.493100 0.274600 0.327600
v -2.537500 0.221875 0.341250
v -2.581900 0.169150 0.327600
v -2.622700 0.120700 0.286650
v -2.656300 0.080800 0.218400
v -2.679100 0.053725 0.122850
v -2.687500 0.043750 -0.000000
v -2.443270 0.519976 0.106466
v -2.434400 0.527200 -0.000000
v -2.467347 0.500368 0.189274
v -2.502829 0.471472 0.248422
v -2.545914 0.436384 0.283910
v -2.592800 0.398200 0.295740
v -2.639686 0.360016 0.283910
v -2.682771 0.324928 0.248422
v -2.718253 0.296032 0.189274
v -2.742330 0.276424 0.106466
v -2.751200 0.269200 -0.000000
v -2.487343 0.652375 0.091411
v -2.477700 0.657100 -0.000000
v -2.513518 0.639550 0.162509
v -2.552090 0.620650 0.213293
v -2.598929 0.597700 0.243763
v -2.649900 0.572725 0.253920
v -2.700871 0.547750 0.243763
v -2.747710 0.524800 0.213293
v -2.786282 0.505900 0.162509
v -2.812457 0.493075 0.091411
v -2.822100 0.488350 -0.000000
v -2.539821 0.780796 0.079013
v -2.528800 0.783400 -0.000000
v -2.569734 0.773728 0.140467
v -2.613818 0.763312 0.184363
v -2.667347 0.750664 0.210701
v -2.725600 0.736900 0.219480
v -2.783853 0.723136 0.210701
v -2.837382 0.710488 0.184363
v -2.881466 0.700072 0.140467
v -2.911379 0.693004 0.079013
v -2.922400 0.690400 -0.000000
v -2.612406 0.898813 0.070600
v -2.599100 0.899800 -0.000000
v -2.648521 0.896134 0.125510
v -2.701743 0.892186 0.164732
v -2.766370 0.887392 0.188266
v -2.836700 0.882175 0.196110
v -2.907030 0.876958 0.188266
v -2.971657 0.872164 0.164732
v -3.024879 0.868216 0.125510
v -3.060994 0.865537 0.070600
v -3.074300 0.864550 -0.000000
v -2.716800 1.000000 0.067500
v -2.700000 1.000000 -0.000000
v -2.762400 1.000000 0.120000
v -2.829600 1.000000 0.157500
v -2.911200 1.000000 0.180000
v -3.000000 1.000000 0.187500
v -3.088800 1.000000 0.180000
v -3.170400 1.000000 0.157500
v -3.237600 1.000000 0.120000
v -3.283200 1.000000 0.067500
v -3.300000 1.000000 -0.000000
v -2.057206 -0.684071 -0.175100
v -1.700000 -0.776900 -0.178200
v -1.700000 -0.800000 -0.000000
v -2.060700 -0.705050 -0.000000
v -2.047721 -0.627128 -0.311290
v -1.700000 -0.714200 -0.316800
v -2.033743 -0.543212 -0.408568
v -1.700000 -0.621800 -0.415800
v -2.016770 -0.441314 -0.466934
v -1.700000 -0.509600 -0.475200
v -1.998300 -0.330425 -0.486390
v -1.700000 -0.387500 -0.495000
v -1.979830 -0.219536 -0.466934
v -1.700000 -0.265400 -0.475200
v -1.962857 -0.117638 -0.408568
v -1.700000 -0.153200 -0.415800
v -1.948879 -0.033722 -0.311290
v -1.700000 -0.060800 -0.316800
v -1.939394 0.023221 -0.175100
v -1.700000 0.001900 -0.178200
v -1.935900 0.044200 -0.000000
v -1.700000 0.025000 -0.000000
v -2.311821 -0.543920 -0.166687
v -2.317600 -0.562400 -0.000000
v -2.296134 -0.493760 -0.296333
v -2.273018 -0.419840 -0.388937
v -2.244947 -0.330080 -0.444499
v -2.214400 -0.232400 -0.463020
v -2.183853 -0.134720 -0.444499
v -2.155782 -0.044960 -0.388937
v -2.132666 0.028960 -0.296333
v -2.116979 0.079120 -0.166687
v -2.111200 0.097600 -0.000000
v -2.485743 -0.367121 -0.154289
v -2.492900 -0.382850 -0.000000
v -2.466318 -0.324428 -0.274291
v -2.437690 -0.261512 -0.360007
v -2.402929 -0.185114 -0.411437
v -2.365100 -0.101975 -0.428580
v -2.327271 -0.018836 -0.411437
v -2.292510 0.057562 -0.360007
v -2.263882 0.120478 -0.274291
v -2.244457 0.163171 -0.154289
v -2.237300 0.178900 -0.000000
v -2.600870 -0.164348 -0.139234
v -2.608800 -0.177200 -0.000000
v -2.579347 -0.129464 -0.247526
v -2.547629 -0.078056 -0.324878
v -2.509114 -0.015632 -0.371290
v -2.467200 0.052300 -0.386760
v -2.425286 0.120232 -0.371290
v -2.386771 0.182656 -0.324878
v -2.355053 0.234064 -0.247526
v -2.333530 0.268948 -0.139234
v -2.325600 0.281800 -0.000000
v -2.679100 0.053725 -0.122850
v -2.687500 0.043750 -0.000000
v -2.656300 0.080800 -0.218400
v -2.622700 0.120700 -0.286650
v -2.581900 0.169150 -0.327600
v -2.537500 0.221875 -0.341250
v -2.493100 0.274600 -0.327600
v -2.452300 0.323050 -0.286650
v -2.418700 0.362950 -0.218400
v -2.395900 0.390025 -0.122850
v -2.387500 0.400000 -0.000000
v -2.742330 0.276424 -0.106466
v -2.751200 0.269200 -0.000000
v -2.718253 0.296032 -0.189274
v -2.682771 0.324928 -0.248422
v -2.639686 0.360016 -0.283910
v -2.592800 0.398200 -0.295740
v -2.545914 0.436384 -0.283910
v -2.502829 0.471472 -0.248422
v -2.467347 0.500368 -0.189274
v -2.443270 0.519976 -0.106466
v -2.434400 0.527200 -0.000000
v -2.812457 0.493075 -0.091411
v -2.822100 0.488350 -0.000000
v -2.786282 0.505900 -0.162509
v -2.747710 0.524800 -0.213293
v -2.700871 0.547750 -0.243763
v -2.649900 0.572725 -0.253920
v -2.598929 0.597700 -0.243763
v -2.552090 0.620650 -0.213293
v -2.513518 0.639550 -0.162509
v -2.487343 0.652375 -0.091411
v -2.477700 0.657100 -0.000000
v -2.911379 0.693004 -0.079013
v -2.881466 0.700072 -0.140467
v -2.837382 0.710488 -0.184363
v -2.783853 0.723136 -0.210701
v -2.725600 0.736900 -0.219480
v -2.667347 0.750664 -0.210701
v -2.613818 0.763312 -0.184363
v -2.569734 0.773728 -0.140467
v -2.539821 0.780796 -0.079013
v -3.060994 0.865537 -0.070600
v -3.074300 0.864550 -0.000000
v -3.024879 0.868216 -0.125510
v -2.971657 0.872164 -0.164732
v -2.907030 0.876958 -0.188266
v -2.836700 0.882175 -0.196110
v -2.766370 0.887392 -0.188266
v -2.701743 0.892186 -0.164732
v -2.648521 0.896134 -0.125510
v -2.612406 0.898813 -0.070600
v -2.599100 0.899800 -0.000000
v -3.283200 1.000000 -0.067500
v -3.300000 1.000000 -0.000000
v -3.237600 1.000000 -0.120000
v -3.170400 1.000000 -0.157500
v -3.088800 1.000000 -0.180000
v -3.000000 1.000000 -0.187500
v -2.911200 1.000000 -0.180000
v -2.829600 1.000000 -0.157500
v -2.762400 1.000000 -0.120000
v -2.716800 1.000000 -0.067500
v -2.700000 1.000000 -0.000000
v -2.747407 1.020406 0.066744
v -2.716800 1.000000 0.067500
v -2.700000 1.000000 -0.000000
v -2.729800 1.020250 -0.000000
v -2.795198 1.020829 0.118656
v -2.762400 1.000000 0.120000
v -2.865626 1.021453 0.155736
v -2.829600 1.000000 0.157500
v -2.951146 1.022210 0.177984
v -2.911200 1.000000 0.180000
v -3.044212 1.023034 0.185400
v -3.000000 1.000000 0.187500
v -3.137279 1.023859 0.177984
v -3.088800 1.000000 0.180000
v -3.222799 1.024616 0.155736
v -3.170400 1.000000 0.157500
v -3.293227 1.025240 0.118656
v -3.237600 1.000000 0.120000
v -3.341018 1.025663 0.066744
v -3.283200 1.000000 0.067500
v -3.358625 1.025819 -0.000000
v -2.776365 1.036302 0.064692
v -2.758400 1.036000 -0.000000
v -2.825126 1.037123 0.115008
v -2.896986 1.038333 0.150948
v -2.984243 1.039802 0.172512
v -3.079200 1.041400 0.179700
v -3.174157 1.042998 0.172512
v -3.261414 1.044467 0.150948
v -3.333274 1.045677 0.115008
v -3.382035 1.046498 0.064692
v -3.400000 1.046800 -0.000000
v -2.802528 1.047680 0.061668
v -2.784600 1.047250 -0.000000
v -2.851189 1.048847 0.109632
v -2.922899 1.050567 0.143892
v -3.009977 1.052655 0.164448
v -3.104737 1.054928 0.171300
v -3.199498 1.057201 0.164448
v -3.286576 1.059289 0.143892
v -3.358286 1.061009 0.109632
v -3.406947 1.062176 0.061668
v -3.424875 1.062606 -0.000000
v -2.824750 1.054529 0.057996
v -2.807200 1.054000 -0.000000
v -2.872387 1.055966 0.103104
v -2.942589 1.058082 0.135324
v -3.027834 1.060653 0.154656
v -3.120600 1.063450 0.161100
v -3.213366 1.066247 0.154656
v -3.298611 1.068818 0.135324
v -3.368813 1.070934 0.103104
v -3.416450 1.072371 0.057996
v -3.434000 1.072900 -0.000000
v -2.841887 1.056841 0.054000
v -2.825000 1.056250 -0.000000
v -2.887725 1.058444 0.096000
v -2.955275 1.060806 0.126000
v -3.037300 1.063675 0.144000
v -3.126562 1.066797 0.150000
v -3.215825 1.069919 0.144000
v -3.297850 1.072787 0.126000
v -3.365400 1.075150 0.096000
v -3.411237 1.076753 0.054000
v -3.428125 1.077344 -0.000000
v -2.852794 1.054605 0.050004
v -2.836800 1.054000 -0.000000
v -2.896205 1.056246 0.088896
v -2.960179 1.058666 0.116676
v -3.037862 1.061603 0.133344
v -3.122400 1.064800 0.138900
v -3.206938 1.067997 0.133344
v -3.284621 1.070934 0.116676
v -3.348595 1.073354 0.088896
v -3.392006 1.074995 0.050004
v -3.408000 1.075600 -0.000000
v -2.856323 1.047812 0.046332
v -2.841400 1.047250 -0.000000
v -2.896829 1.049338 0.082368
v -2.956523 1.051588 0.108108
v -3.029007 1.054319 0.123552
v -3.107887 1.057291 0.128700
v -3.186768 1.060263 0.123552
v -3.259252 1.062994 0.108108
v -3.318946 1.065243 0.082368
v -3.359452 1.066769 0.046332
v -3.374375 1.067331 -0.000000
v -2.851331 1.036454 0.043308
v -2.837600 1.036000 -0.000000
v -2.888602 1.037685 0.076992
v -2.943526 1.039499 0.101052
v -3.010221 1.041702 0.115488
v -3.082800 1.044100 0.120300
v -3.155379 1.046498 0.115488
v -3.222074 1.048701 0.101052
v -3.276998 1.050515 0.076992
v -3.314269 1.051746 0.043308
v -3.328000 1.052200 -0.000000
v -2.836672 1.020519 0.041256
v -2.824200 1.020250 -0.000000
v -2.870524 1.021250 0.073344
v -2.920412 1.022328 0.096264
v -2.980990 1.023636 0.110016
v -3.046912 1.025059 0.114600
v -3.112835 1.026483 0.110016
v -3.173413 1.027791 0.096264
v -3.223301 1.028868 0.073344
v -3.257153 1.029599 0.041256
v -3.269625 1.029869 -0.000000
v -2.811200 1.000000 0.040500
v -2.800000 1.000000 -0.000000
v -2.841600 1.000000 0.072000
v -2.886400 1.000000 0.094500
v -2.940800 1.000000 0.108000
v -3.000000 1.000000 0.112500
v -3.059200 1.000000 0.108000
v -3.113600 1.000000 0.094500
v -3.158400 1.000000 0.072000
v -3.188800 1.000000 0.040500
v -3.200000 1.000000 -0.000000
v -3.341018 1.025663 -0.066744
v -3.293227 1.025240 -0.118656
v -3.222799 1.024616 -0.155736
v -3.137279 1.023859 -0.177984
v -3.044212 1.023034 -0.185400
v -2.951146 1.022210 -0.177984
v -2.865626 1.021453 -0.155736
v -2.829600 1.000000 -0.157500
v -2.795198 1.020829 -0.118656
v -2.762400 1.000000 -0.120000
v -2.747407 1.020406 -0.066744
v -2.716800 1.000000 -0.067500
v -3.382035 1.046498 -0.064692
v -3.333274 1.045677 -0.115008
v -3.261414 1.044467 -0.150948
v -3.174157 1.042998 -0.172512
v -3.079200 1.041400 -0.179700
v -2.984243 1.039802 -0.172512
v -2.896986 1.038333 -0.150948
v -2.825126 1.037123 -0.115008
v -2.776365 1.036302 -0.064692
v -3.406947 1.062176 -0.061668
v -3.358286 1.061009 -0.109632
v -3.286576 1.059289 -0.143892
v -3.199498 1.057201 -0.164448
v -3.104738 1.054928 -0.171300
v -3.009977 1.052655 -0.164448
v -2.922899 1.050567 -0.143892
v -2.851189 1.048847 -0.109632
v -2.802528 1.047680 -0.061668
v -2.784600 1.047250 -0.000000
v -3.416450 1.072371 -0.057996
v -3.368813 1.070934 -0.103104
v -3.298611 1.068818 -0.135324
v -3.213366 1.066247 -0.154656
v -3.120600 1.063450 -0.161100
v -3.027834 1.060653 -0.154656
v -2.942589 1.058082 -0.135324
v -2.872387 1.055966 -0.103104
v -2.824750 1.054529 -0.057996
v -3.411237 1.076753 -0.054000
v -3.428125 1.077344 -0.000000
v -3.365400 1.075150 -0.096000
v -3.297850 1.072788 -0.126000
v -3.215825 1.069919 -0.144000
v -3.126562 1.066797 -0.150000
v -3.037300 1.063675 -0.144000
v -2.955275 1.060806 -0.126000
v -2.887725 1.058444 -0.096000
v -2.841887 1.056841 -0.054000
v -2.825000 1.056250 -0.000000
v -3.392006 1.074995 -0.050004
v -3.408000 1.075600 -0.000000
v -3.348595 1.073354 -0.088896
v -3.284621 1.070934 -0.116676
v -3.206938 1.067997 -0.133344
v -3.122400 1.064800 -0.138900
v -3.037862 1.061603 -0.133344
v -2.960179 1.058666 -0.116676
v -2.896205 1.056246 -0.088896
v -2.852794 1.054605 -0.050004
v -2.836800 1.054000 -0.000000
v -3.359452 1.066769 -0.046332
v -3.374375 1.067331 -0.000000
v -3.318946 1.065243 -0.082368
v -3.259252 1.062994 -0.108108
v -3.186768 1.060263 -0.123552
v -3.107887 1.057291 -0.128700
v -3.029007 1.054319 -0.123552
v -2.956523 1.051588 -0.108108
v -2.896829 1.049338 -0.082368
v -2.856323 1.047812 -0.046332
v -2.841400 1.047250 -0.000000
v -3.314269 1.051746 -0.043308
v -3.328000 1.052200 -0.000000
v -3.276998 1.050515 -0.076992
v -3.222074 1.048701 -0.101052
v -3.155379 1.046498 -0.115488
v -3.082800 1.044100 -0.120300
v -3.010221 1.041702 -0.115488
v -2.943526 1.039499 -0.101052
v -2.888602 1.037685 -0.076992
v -2.851331 1.036454 -0.043308
v -2.837600 1.036000 -0.000000
v -3.257153 1.029599 -0.041256
v -3.269625 1.029869 -0.000000
v -3.223301 1.028868 -0.073344
v -3.173413 1.027791 -0.096264
v -3.112835 1.026483 -0.110016
v -3.046912 1.025059 -0.114600
v -2.980990 1.023636 -0.110016
v -2.920412 1.022328 -0.096264
v -2.870524 1.021250 -0.073344
v -2.836672 1.020519 -0.041256
v -2.824200 1.020250 -0.000000
v -3.188800 1.000000 -0.040500
v -3.158400 1.000000 -0.072000
v -3.113600 1.000000 -0.094500
v -3.059200 1.000000 -0.108000
v -3.000000 1.000000 -0.112500
v -2.940800 1.000000 -0.108000
v -2.886400 1.000000 -0.094500
v -2.841600 1.000000 -0.072000
v -2.811200 1.000000 -0.040500
v 0.000000 1.750000 -0.000001
v -0.194600 1.741450 -0.000001
v -0.192107 1.741450 0.032047
v -0.184870 1.741450 0.062271
v -0.173255 1.741450 0.090305
v -0.157626 1.741450 0.115786
v -0.138348 1.741450 0.138347
v -0.115787 1.741450 0.157625
v -0.090306 1.741450 0.173254
v -0.062272 1.741450 0.184869
v -0.032048 1.741450 0.192107
v 0.000000 1.741450 0.194599
v -0.304843 1.717600 0.050854
v -0.308800 1.717600 -0.000001
v -0.293360 1.717600 0.098813
v -0.274928 1.717600 0.143300
v -0.250127 1.717600 0.183733
v -0.219536 1.717600 0.219535
v -0.183734 1.717600 0.250126
v -0.143301 1.717600 0.274927
v -0.098814 1.717600 0.293359
v -0.050855 1.717600 0.304843
v 0.000000 1.717600 0.308800
v -0.353610 1.681150 0.058987
v -0.358200 1.681150 -0.000001
v -0.340289 1.681150 0.114619
v -0.318907 1.681150 0.166220
v -0.290138 1.681150 0.213122
v -0.254653 1.681150 0.254653
v -0.213123 1.681150 0.290137
v -0.166221 1.681150 0.318906
v -0.114619 1.681150 0.340288
v -0.058988 1.681150 0.353610
v 0.000000 1.681150 0.358200
v -0.353807 1.634800 0.059016
v -0.358400 1.634800 -0.000000
v -0.340477 1.634800 0.114676
v -0.319082 1.634800 0.166306
v -0.290295 1.634800 0.213234
v -0.254788 1.634800 0.254788
v -0.213234 1.634800 0.290294
v -0.166306 1.634800 0.319081
v -0.114676 1.634800 0.340476
v -0.059016 1.634800 0.353806
v 0.000000 1.634800 0.358399
v -0.320834 1.581250 0.053508
v -0.325000 1.581250 -0.000000
v -0.308744 1.581250 0.103976
v -0.289340 1.581250 0.150793
v -0.263232 1.581250 0.193348
v -0.231031 1.581250 0.231031
v -0.193348 1.581250 0.263232
v -0.150793 1.581250 0.289340
v -0.103976 1.581250 0.308744
v -0.053508 1.581250 0.320834
v 0.000000 1.581250 0.325000
v -0.270092 1.523200 0.045032
v -0.273600 1.523200 -0.000000
v -0.259910 1.523200 0.087511
v -0.243569 1.523200 0.126920
v -0.221585 1.523200 0.162745
v -0.194472 1.523200 0.194472
v -0.162745 1.523200 0.221585
v -0.126920 1.523200 0.243569
v -0.087511 1.523200 0.259910
v -0.045032 1.523200 0.270092
v 0.000000 1.523200 0.273600
v -0.216979 1.463350 0.036157
v -0.219800 1.463350 -0.000000
v -0.208794 1.463350 0.070270
v -0.195658 1.463350 0.101925
v -0.177989 1.463350 0.130707
v -0.156200 1.463350 0.156200
v -0.130707 1.463350 0.177989
v -0.101925 1.463350 0.195658
v -0.070270 1.463350 0.208794
v -0.036157 1.463350 0.216979
v 0.000000 1.463350 0.219800
v -0.176897 1.404400 0.029450
v -0.179200 1.404400 -0.000000
v -0.170215 1.404400 0.057246
v -0.159496 1.404400 0.083047
v -0.145078 1.404400 0.106513
v -0.127304 1.404400 0.127304
v -0.106513 1.404400 0.145078
v -0.083047 1.404400 0.159496
v -0.057246 1.404400 0.170215
v -0.029450 1.404400 0.176897
v 0.000000 1.404400 0.179200
v -0.165245 1.349050 0.027480
v -0.167400 1.349050 -0.000000
v -0.158995 1.349050 0.053428
v -0.148969 1.349050 0.077523
v -0.135489 1.349050 0.099446
v -0.118874 1.349050 0.118874
v -0.099446 1.349050 0.135489
v -0.077523 1.349050 0.148969
v -0.053428 1.349050 0.158995
v -0.027480 1.349050 0.165245
v 0.000000 1.349050 0.167400
v -0.197424 1.300000 0.032816
v -0.200000 1.300000 -0.000000
v -0.189952 1.300000 0.063808
v -0.177968 1.300000 0.092592
v -0.161856 1.300000 0.118784
v -0.142000 1.300000 0.142000
v -0.118784 1.300000 0.161856
v -0.092592 1.300000 0.177968
v -0.063808 1.300000 0.189952
v -0.032816 1.300000 0.197424
v 0.000000 1.300000 0.200000
v 0.000000 1.741450 0.194599
v 0.032048 1.741450 0.192107
v 0.062272 1.741450 0.184869
v 0.090306 1.741450 0.173254
v 0.115787 1.741450 0.157625
v 0.138348 1.741450 0.138347
v 0.157626 1.741450 0.115786
v 0.173255 1.741450 0.090305
v 0.184870 1.741450 0.062271
v 0.192107 1.741450 0.032047
v 0.194600 1.741450 -0.000001
v 0.050855 1.717600 0.304843
v 0.000000 1.717600 0.308800
v 0.098814 1.717600 0.293359
v 0.143301 1.717600 0.274927
v 0.183734 1.717600 0.250126
v 0.219536 1.717600 0.219535
v 0.250127 1.717600 0.183733
v 0.274928 1.717600 0.143300
v 0.293360 1.717600 0.098813
v 0.304843 1.717600 0.050854
v 0.308800 1.717600 -0.000001
v 0.058988 1.681150 0.353610
v 0.000000 1.681150 0.358200
v 0.114619 1.681150 0.340288
v 0.166221 1.681150 0.318906
v 0.213123 1.681150 0.290137
v 0.254653 1.681150 0.254653
v 0.290138 1.681150 0.213122
v 0.318907 1.681150 0.166220
v 0.340289 1.681150 0.114619
v 0.353610 1.681150 0.058987
v 0.358200 1.681150 -0.000001
v 0.059016 1.634800 0.353806
v 0.000000 1.634800 0.358399
v 0.114676 1.634800 0.340476
v 0.166306 1.634800 0.319081
v 0.213234 1.634800 0.290294
v 0.254788 1.634800 0.254788
v 0.290295 1.634800 0.213234
v 0.319082 1.634800 0.166306
v 0.340477 1.634800 0.114676
v 0.353807 1.634800 0.059016
v 0.358400 1.634800 -0.000000
v 0.053508 1.581250 0.320834
v 0.000000 1.581250 0.325000
v 0.103976 1.581250 0.308744
v 0.150793 1.581250 0.289340
v 0.193348 1.581250 0.263232
v 0.231031 1.581250 0.231031
v 0.263232 1.581250 0.193348
v 0.289340 1.581250 0.150793
v 0.308744 1.581250 0.103976
v 0.320834 1.581250 0.053508
v 0.325000 1.581250 -0.000000
v 0.045032 1.523200 0.270092
v 0.000000 1.523200 0.273600
v 0.087511 1.523200 0.259910
v 0.126920 1.523200 0.243569
v 0.162745 1.523200 0.221585
v 0.194472 1.523200 0.194472
v 0.221585 1.523200 0.162745
v 0.243569 1.523200 0.126920
v 0.259910 1.523200 0.087511
v 0.270092 1.523200 0.045032
v 0.273600 1.523200 -0.000000
v 0.036157 1.463350 0.216979
v 0.000000 1.463350 0.219800
v 0.070270 1.463350 0.208794
v 0.101925 1.463350 0.195658
v 0.130707 1.463350 0.177989
v 0.156200 1.463350 0.156200
v 0.177989 1.463350 0.130707
v 0.195658 1.463350 0.101925
v 0.208794 1.463350 0.070270
v 0.216979 1.463350 0.036157
v 0.219800 1.463350 -0.000000
v 0.029450 1.404400 0.176897
v 0.000000 1.404400 0.179200
v 0.057246 1.404400 0.170215
v 0.083047 1.404400 0.159496
v 0.106513 1.404400 0.145078
v 0.127304 1.404400 0.127304
v 0.145078 1.404400 0.106513
v 0.159496 1.404400 0.083047
v 0.170215 1.404400 0.057246
v 0.176897 1.404400 0.029450
v 0.179200 1.404400 -0.000000
v 0.027480 1.349050 0.165245
v 0.000000 1.349050 0.167400
v 0.053428 1.349050 0.158995
v 0.077523 1.349050 0.148969
v 0.099446 1.349050 0.135489
v 0.118874 1.349050 0.118874
v 0.135489 1.349050 0.099446
v 0.148969 1.349050 0.077523
v 0.158995 1.349050 0.053428
v 0.165245 1.349050 0.027480
v 0.167400 1.349050 -0.000000
v 0.032816 1.300000 0.197424
v 0.000000 1.300000 0.200000
v 0.063808 1.300000 0.189952
v 0.092592 1.300000 0.177968
v 0.118784 1.300000 0.161856
v 0.142000 1.300000 0.142000
v 0.161856 1.300000 0.118784
v 0.177968 1.300000 0.092592
v 0.189952 1.300000 0.063808
v 0.197424 1.300000 0.032816
v 0.200000 1.300000 -0.000000
v 0.194600 1.741450 -0.000001
v 0.192107 1.741450 -0.032049
v 0.184870 1.741450 -0.062273
v 0.173255 1.741450 -0.090307
v 0.157626 1.741450 -0.115788
v 0.138348 1.741450 -0.138349
v 0.115787 1.741450 -0.157627
v 0.090306 1.741450 -0.173256
v 0.062272 1.741450 -0.184871
v 0.032048 1.741450 -0.192108
v 0.000000 1.741450 -0.194601
v 0.304843 1.717600 -0.050856
v 0.308800 1.717600 -0.000001
v 0.293360 1.717600 -0.098815
v 0.274928 1.717600 -0.143302
v 0.250127 1.717600 -0.183735
v 0.219536 1.717600 -0.219537
v 0.183734 1.717600 -0.250127
v 0.143301 1.717600 -0.274929
v 0.098814 1.717600 -0.293361
v 0.050855 1.717600 -0.304844
v 0.000000 1.717600 -0.308801
v 0.353610 1.681150 -0.058989
v 0.358200 1.681150 -0.000001
v 0.340289 1.681150 -0.114620
v 0.318907 1.681150 -0.166221
v 0.290138 1.681150 -0.213124
v 0.254653 1.681150 -0.254654
v 0.213123 1.681150 -0.290139
v 0.166221 1.681150 -0.318907
v 0.114619 1.681150 -0.340290
v 0.058988 1.681150 -0.353611
v 0.000000 1.681150 -0.358201
v 0.353807 1.634800 -0.059016
v 0.358400 1.634800 -0.000000
v 0.340477 1.634800 -0.114676
v 0.319082 1.634800 -0.166306
v 0.290295 1.634800 -0.213234
v 0.254788 1.634800 -0.254789
v 0.213234 1.634800 -0.290296
v 0.166306 1.634800 -0.319082
v 0.114676 1.634800 -0.340477
v 0.059016 1.634800 -0.353808
v 0.000000 1.634800 -0.358400
v 0.320834 1.581250 -0.053508
v 0.325000 1.581250 -0.000000
v 0.308744 1.581250 -0.103976
v 0.289340 1.581250 -0.150793
v 0.263232 1.581250 -0.193348
v 0.231031 1.581250 -0.231031
v 0.193348 1.581250 -0.263232
v 0.150793 1.581250 -0.289340
v 0.103976 1.581250 -0.308744
v 0.053508 1.581250 -0.320834
v 0.000000 1.581250 -0.325000
v 0.270092 1.523200 -0.045032
v 0.273600 1.523200 -0.000000
v 0.259910 1.523200 -0.087511
v 0.243569 1.523200 -0.126920
v 0.221585 1.523200 -0.162745
v 0.194472 1.523200 -0.194472
v 0.162745 1.523200 -0.221585
v 0.126920 1.523200 -0.243569
v 0.087511 1.523200 -0.259910
v 0.045032 1.523200 -0.270092
v 0.000000 1.523200 -0.273600
v 0.216979 1.463350 -0.036157
v 0.219800 1.463350 -0.000000
v 0.208794 1.463350 -0.070270
v 0.195658 1.463350 -0.101925
v 0.177989 1.463350 -0.130707
v 0.156200 1.463350 -0.156200
v 0.130707 1.463350 -0.177989
v 0.101925 1.463350 -0.195658
v 0.070270 1.463350 -0.208794
v 0.036157 1.463350 -0.216979
v 0.000000 1.463350 -0.219800
v 0.176897 1.404400 -0.029450
v 0.179200 1.404400 -0.000000
v 0.170215 1.404400 -0.057246
v 0.159496 1.404400 -0.083047
v 0.145078 1.404400 -0.106513
v 0.127304 1.404400 -0.127304
v 0.106513 1.404400 -0.145078
v 0.083047 1.404400 -0.159496
v 0.057246 1.404400 -0.170215
v 0.029450 1.404400 -0.176897
v 0.000000 1.404400 -0.179200
v 0.165245 1.349050 -0.027480
v 0.167400 1.349050 -0.000000
v 0.158995 1.349050 -0.053428
v 0.148969 1.349050 -0.077523
v 0.135489 1.349050 -0.099446
v 0.118874 1.349050 -0.118874
v 0.099446 1.349050 -0.135489
v 0.077523 1.349050 -0.148969
v 0.053428 1.349050 -0.158995
v 0.027480 1.349050 -0.165245
v 0.000000 1.349050 -0.167400
v 0.197424 1.300000 -0.032816
v 0.200000 1.300000 -0.000000
v 0.189952 1.300000 -0.063808
v 0.177968 1.300000 -0.092592
v 0.161856 1.300000 -0.118784
v 0.142000 1.300000 -0.142000
v 0.118784 1.300000 -0.161856
v 0.092592 1.300000 -0.177968
v 0.063808 1.300000 -0.189952
v 0.032816 1.300000 -0.197424
v 0.000000 1.300000 -0.200000
v 0.000000 1.741450 -0.194601
v -0.032048 1.741450 -0.192108
v -0.062272 1.741450 -0.184871
v -0.090306 1.741450 -0.173256
v -0.115787 1.741450 -0.157627
v -0.138348 1.741450 -0.138349
v -0.157626 1.741450 -0.115788
v -0.173255 1.741450 -0.090307
v -0.184870 1.741450 -0.062273
v -0.192107 1.741450 -0.032049
v -0.194600 1.741450 -0.000001
v -0.050855 1.717600 -0.304844
v 0.000000 1.717600 -0.308801
v -0.098814 1.717600 -0.293361
v -0.143301 1.717600 -0.274929
v -0.183734 1.717600 -0.250127
v -0.219536 1.717600 -0.219537
v -0.250127 1.717600 -0.183735
v -0.274928 1.717600 -0.143302
v -0.293360 1.717600 -0.098815
v -0.304843 1.717600 -0.050856
v -0.308800 1.717600 -0.000001
v -0.058988 1.681150 -0.353611
v 0.000000 1.681150 -0.358201
v -0.114619 1.681150 -0.340290
v -0.166221 1.681150 -0.318907
v -0.213123 1.681150 -0.290139
v -0.254653 1.681150 -0.254654
v -0.290138 1.681150 -0.213124
v -0.318907 1.681150 -0.166221
v -0.340289 1.681150 -0.114620
v -0.353610 1.681150 -0.058989
v -0.358200 1.681150 -0.000001
v -0.059016 1.634800 -0.353808
v 0.000000 1.634800 -0.358400
v -0.114676 1.634800 -0.340477
v -0.166306 1.634800 -0.319082
v -0.213234 1.634800 -0.290296
v -0.254788 1.634800 -0.254789
v -0.290295 1.634800 -0.213234
v -0.319082 1.634800 -0.166306
v -0.340477 1.634800 -0.114676
v -0.353807 1.634800 -0.059016
v -0.358400 1.634800 -0.000000
v -0.053508 1.581250 -0.320834
v 0.000000 1.581250 -0.325000
v -0.103976 1.581250 -0.308744
v -0.150793 1.581250 -0.289340
v -0.193348 1.581250 -0.263232
v -0.231031 1.581250 -0.231031
v -0.263232 1.581250 -0.193348
v -0.289340 1.581250 -0.150793
v -0.308744 1.581250 -0.103976
v -0.320834 1.581250 -0.053508
v -0.325000 1.581250 -0.000000
v -0.045032 1.523200 -0.270092
v 0.000000 1.523200 -0.273600
v -0.087511 1.523200 -0.259910
v -0.126920 1.523200 -0.243569
v -0.162745 1.523200 -0.221585
v -0.194472 1.523200 -0.194472
v -0.221585 1.523200 -0.162745
v -0.243569 1.523200 -0.126920
v -0.259910 1.523200 -0.087511
v -0.270092 1.523200 -0.045032
v -0.273600 1.523200 -0.000000
v -0.036157 1.463350 -0.216979
v 0.000000 1.463350 -0.219800
v -0.070270 1.463350 -0.208794
v -0.101925 1.463350 -0.195658
v -0.130707 1.463350 -0.177989
v -0.156200 1.463350 -0.156200
v -0.177989 1.463350 -0.130707
v -0.195658 1.463350 -0.101925
v -0.208794 1.463350 -0.070270
v -0.216979 1.463350 -0.036157
v -0.219800 1.463350 -0.000000
v -0.029450 1.404400 -0.176897
v 0.000000 1.404400 -0.179200
v -0.057246 1.404400 -0.170215
v -0.083047 1.404400 -0.159496
v -0.106513 1.404400 -0.145078
v -0.127304 1.404400 -0.127304
v -0.145078 1.404400 -0.106513
v -0.159496 1.404400 -0.083047
v -0.170215 1.404400 -0.057246
v -0.176897 1.404400 -0.029450
v -0.179200 1.404400 -0.000000
v -0.027480 1.349050 -0.165245
v 0.000000 1.349050 -0.167400
v -0.053428 1.349050 -0.158995
v -0.077523 1.349050 -0.148969
v -0.099446 1.349050 -0.135489
v -0.118874 1.349050 -0.118874
v -0.135489 1.349050 -0.099446
v -0.148969 1.349050 -0.077523
v -0.158995 1.349050 -0.053428
v -0.165245 1.349050 -0.027480
v -0.167400 1.349050 -0.000000
v -0.032816 1.300000 -0.197424
v 0.000000 1.300000 -0.200000
v -0.063808 1.300000 -0.189952
v -0.092592 1.300000 -0.177968
v -0.118784 1.300000 -0.161856
v -0.142000 1.300000 -0.142000
v -0.161856 1.300000 -0.118784
v -0.177968 1.300000 -0.092592
v -0.189952 1.300000 -0.063808
v -0.197424 1.300000 -0.032816
v -0.200000 1.300000 -0.000000
v -0.275801 1.259200 0.045844
v -0.197424 1.300000 0.032816
v -0.200000 1.300000 -0.000000
v -0.279400 1.259200 -0.000000
v -0.265363 1.259200 0.089140
v -0.189952 1.300000 0.063808
v -0.248621 1.259200 0.129351
v -0.177968 1.300000 0.092592
v -0.226113 1.259200 0.165941
v -0.161856 1.300000 0.118784
v -0.198374 1.259200 0.198374
v -0.142000 1.300000 0.142000
v -0.165941 1.259200 0.226113
v -0.118784 1.300000 0.161856
v -0.129351 1.259200 0.248621
v -0.092592 1.300000 0.177968
v -0.089140 1.259200 0.265363
v -0.063808 1.300000 0.189952
v -0.045844 1.259200 0.275801
v -0.032816 1.300000 0.197424
v 0.000000 1.259200 0.279400
v 0.000000 1.300000 0.200000
v -0.386161 1.225600 0.064188
v -0.391200 1.225600 -0.000000
v -0.371546 1.225600 0.124808
v -0.348105 1.225600 0.181110
v -0.316590 1.225600 0.232342
v -0.277752 1.225600 0.277752
v -0.232342 1.225600 0.316590
v -0.181110 1.225600 0.348105
v -0.124808 1.225600 0.371546
v -0.064188 1.225600 0.386161
v 0.000000 1.225600 0.391200
v -0.519028 1.197400 0.086273
v -0.525800 1.197400 -0.000000
v -0.499384 1.197400 0.167751
v -0.467878 1.197400 0.243424
v -0.425519 1.197400 0.312283
v -0.373318 1.197400 0.373318
v -0.312283 1.197400 0.425519
v -0.243424 1.197400 0.467878
v -0.167751 1.197400 0.499384
v -0.086273 1.197400 0.519028
v 0.000000 1.197400 0.525800
v -0.664924 1.172800 0.110524
v -0.673600 1.172800 -0.000000
v -0.639758 1.172800 0.214905
v -0.599396 1.172800 0.311850
v -0.545131 1.172800 0.400065
v -0.478256 1.172800 0.478256
v -0.400065 1.172800 0.545131
v -0.311850 1.172800 0.599396
v -0.214905 1.172800 0.639758
v -0.110524 1.172800 0.664924
v 0.000000 1.172800 0.673600
v -0.814374 1.150000 0.135366
v -0.825000 1.150000 -0.000000
v -0.783552 1.150000 0.263208
v -0.734118 1.150000 0.381942
v -0.667656 1.150000 0.489984
v -0.585750 1.150000 0.585750
v -0.489984 1.150000 0.667656
v -0.381942 1.150000 0.734118
v -0.263208 1.150000 0.783552
v -0.135366 1.150000 0.814374
v 0.000000 1.150000 0.825000
v -0.957901 1.127200 0.159223
v -0.970400 1.127200 -0.000000
v -0.921647 1.127200 0.309596
v -0.863501 1.127200 0.449256
v -0.785325 1.127200 0.576340
v -0.688984 1.127200 0.688984
v -0.576340 1.127200 0.785325
v -0.449256 1.127200 0.863501
v -0.309596 1.127200 0.921647
v -0.159223 1.127200 0.957901
v 0.000000 1.127200 0.970400
v -1.086029 1.102600 0.180521
v -1.100200 1.102600 -0.000000
v -1.044926 1.102600 0.351008
v -0.979002 1.102600 0.509349
v -0.890370 1.102600 0.653431
v -0.781142 1.102600 0.781142
v -0.653431 1.102600 0.890370
v -0.509349 1.102600 0.979002
v -0.351008 1.102600 1.044926
v -0.180521 1.102600 1.086029
v 0.000000 1.102600 1.100200
v -1.189282 1.074400 0.197684
v -1.204800 1.074400 -0.000000
v -1.144271 1.074400 0.384379
v -1.072079 1.074400 0.557774
v -0.975021 1.074400 0.715555
v -0.855408 1.074400 0.855408
v -0.715555 1.074400 0.975021
v -0.557774 1.074400 1.072079
v -0.384379 1.074400 1.144271
v -0.197684 1.074400 1.189282
v 0.000000 1.074400 1.204800
v -1.258183 1.040800 0.209136
v -1.274600 1.040800 -0.000000
v -1.210564 1.040800 0.406648
v -1.134190 1.040800 0.590089
v -1.031508 1.040800 0.757010
v -0.904966 1.040800 0.904966
v -0.757010 1.040800 1.031508
v -0.590089 1.040800 1.134190
v -0.406648 1.040800 1.210564
v -0.209136 1.040800 1.258183
v 0.000000 1.040800 1.274600
v -1.283256 1.000000 0.213304
v -1.300000 1.000000 -0.000000
v -1.234688 1.000000 0.414752
v -1.156792 1.000000 0.601848
v -1.052064 1.000000 0.772096
v -0.923000 1.000000 0.923000
v -0.772096 1.000000 1.052064
v -0.601848 1.000000 1.156792
v -0.414752 1.000000 1.234688
v -0.213304 1.000000 1.283256
v 0.000000 1.000000 1.300000
v 0.045844 1.259200 0.275801
v 0.032816 1.300000 0.197424
v 0.000000 1.300000 0.200000
v 0.089140 1.259200 0.265363
v 0.063808 1.300000 0.189952
v 0.129351 1.259200 0.248621
v 0.092592 1.300000 0.177968
v 0.165941 1.259200 0.226113
v 0.118784 1.300000 0.161856
v 0.198374 1.259200 0.198374
v 0.142000 1.300000 0.142000
v 0.226113 1.259200 0.165941
v 0.161856 1.300000 0.118784
v 0.248621 1.259200 0.129351
v 0.177968 1.300000 0.092592
v 0.265363 1.259200 0.089140
v 0.189952 1.300000 0.063808
v 0.275801 1.259200 0.045844
v 0.197424 1.300000 0.032816
v 0.279400 1.259200 -0.000000
v 0.200000 1.300000 -0.000000
v 0.064188 1.225600 0.386161
v 0.000000 1.225600 0.391200
v 0.124808 1.225600 0.371546
v 0.181110 1.225600 0.348105
v 0.232342 1.225600 0.316590
v 0.277752 1.225600 0.277752
v 0.316590 1.225600 0.232342
v 0.348105 1.225600 0.181110
v 0.371546 1.225600 0.124808
v 0.386161 1.225600 0.064188
v 0.391200 1.225600 -0.000000
v 0.086273 1.197400 0.519028
v 0.000000 1.197400 0.525800
v 0.167751 1.197400 0.499384
v 0.243424 1.197400 0.467878
v 0.312283 1.197400 0.425519
v 0.373318 1.197400 0.373318
v 0.425519 1.197400 0.312283
v 0.467878 1.197400 0.243424
v 0.499384 1.197400 0.167751
v 0.519028 1.197400 0.086273
v 0.525800 1.197400 -0.000000
v 0.110524 1.172800 0.664924
v 0.000000 1.172800 0.673600
v 0.214905 1.172800 0.639758
v 0.311850 1.172800 0.599396
v 0.400065 1.172800 0.545131
v 0.478256 1.172800 0.478256
v 0.545131 1.172800 0.400065
v 0.599396 1.172800 0.311850
v 0.639758 1.172800 0.214905
v 0.664924 1.172800 0.110524
v 0.673600 1.172800 -0.000000
v 0.135366 1.150000 0.814374
v 0.000000 1.150000 0.825000
v 0.263208 1.150000 0.783552
v 0.381942 1.150000 0.734118
v 0.489984 1.150000 0.667656
v 0.585750 1.150000 0.585750
v 0.667656 1.150000 0.489984
v 0.734118 1.150000 0.381942
v 0.783552 1.150000 0.263208
v 0.814374 1.150000 0.135366
v 0.825000 1.150000 -0.000000
v 0.159223 1.127200 0.957901
v 0.000000 1.127200 0.970400
v 0.309596 1.127200 0.921647
v 0.449256 1.127200 0.863501
v 0.576340 1.127200 0.785325
v 0.688984 1.127200 0.688984
v 0.785325 1.127200 0.576340
v 0.863501 1.127200 0.449256
v 0.921647 1.127200 0.309596
v 0.957901 1.127200 0.159223
v 0.970400 1.127200 -0.000000
v 0.180521 1.102600 1.086029
v 0.000000 1.102600 1.100200
v 0.351008 1.102600 1.044926
v 0.509349 1.102600 0.979002
v 0.653431 1.102600 0.890370
v 0.781142 1.102600 0.781142
v 0.890370 1.102600 0.653431
v 0.979002 1.102600 0.509349
v 1.044926 1.102600 0.351008
v 1.086029 1.102600 0.180521
v 1.100200 1.102600 -0.000000
v 0.197684 1.074400 1.189282
v 0.000000 1.074400 1.204800
v 0.384379 1.074400 1.144271
v 0.557774 1.074400 1.072079
v 0.715555 1.074400 0.975021
v 0.855408 1.074400 0.855408
v 0.975021 1.074400 0.715555
v 1.072079 1.074400 0.557774
v 1.144271 1.074400 0.384379
v 1.189282 1.074400 0.197684
v 1.204800 1.074400 -0.000000
v 0.209136 1.040800 1.258183
v 0.000000 1.040800 1.274600
v 0.406648 1.040800 1.210564
v 0.590089 1.040800 1.134190
v 0.757010 1.040800 1.031508
v 0.904966 1.040800 0.904966
v 1.031508 1.040800 0.757010
v 1.134190 1.040800 0.590089
v 1.210564 1.040800 0.406648
v 1.258183 1.040800 0.209136
v 1.274600 1.040800 -0.000000
v 0.213304 1.000000 1.283256
v 0.000000 1.000000 1.300000
v 0.414752 1.000000 1.234688
v 0.601848 1.000000 1.156792
v 0.772096 1.000000 1.052064
v 0.923000 1.000000 0.923000
v 1.052064 1.000000 0.772096
v 1.156792 1.000000 0.601848
v 1.234688 1.000000 0.414752
v 1.283256 1.000000 0.213304
v 1.300000 1.000000 -0.000000
v 0.275801 1.259200 -0.045844
v 0.197424 1.300000 -0.032816
v 0.200000 1.300000 -0.000000
v 0.265363 1.259200 -0.089140
v 0.189952 1.300000 -0.063808
v 0.248621 1.259200 -0.129351
v 0.177968 1.300000 -0.092592
v 0.226113 1.259200 -0.165941
v 0.161856 1.300000 -0.118784
v 0.198374 1.259200 -0.198374
v 0.142000 1.300000 -0.142000
v 0.165941 1.259200 -0.226113
v 0.118784 1.300000 -0.161856
v 0.129351 1.259200 -0.248621
v 0.092592 1.300000 -0.177968
v 0.089140 1.259200 -0.265363
v 0.063808 1.300000 -0.189952
v 0.045844 1.259200 -0.275801
v 0.032816 1.300000 -0.197424
v 0.000000 1.259200 -0.279400
v 0.000000 1.300000 -0.200000
v 0.386161 1.225600 -0.064188
v 0.391200 1.225600 -0.000000
v 0.371546 1.225600 -0.124808
v 0.348105 1.225600 -0.181110
v 0.316590 1.225600 -0.232342
v 0.277752 1.225600 -0.277752
v 0.232342 1.225600 -0.316590
v 0.181110 1.225600 -0.348105
v 0.124808 1.225600 -0.371546
v 0.064188 1.225600 -0.386161
v 0.000000 1.225600 -0.391200
v 0.519028 1.197400 -0.086273
v 0.525800 1.197400 -0.000000
v 0.499384 1.197400 -0.167751
v 0.467878 1.197400 -0.243424
v 0.425519 1.197400 -0.312283
v 0.373318 1.197400 -0.373318
v 0.312283 1.197400 -0.425519
v 0.243424 1.197400 -0.467878
v 0.167751 1.197400 -0.499384
v 0.086273 1.197400 -0.519028
v 0.000000 1.197400 -0.525800
v 0.664924 1.172800 -0.110524
v 0.673600 1.172800 -0.000000
v 0.639758 1.172800 -0.214905
v 0.599396 1.172800 -0.311850
v 0.545131 1.172800 -0.400065
v 0.478256 1.172800 -0.478256
v 0.400065 1.172800 -0.545131
v 0.311850 1.172800 -0.599396
v 0.214905 1.172800 -0.639758
v 0.110524 1.172800 -0.664924
v 0.000000 1.172800 -0.673600
v 0.814374 1.150000 -0.135366
v 0.825000 1.150000 -0.000000
v 0.783552 1.150000 -0.263208
v 0.734118 1.150000 -0.381942
v 0.667656 1.150000 -0.489984
v 0.585750 1.150000 -0.585750
v 0.489984 1.150000 -0.667656
v 0.381942 1.150000 -0.734118
v 0.263208 1.150000 -0.783552
v 0.135366 1.150000 -0.814374
v 0.000000 1.150000 -0.825000
v 0.957901 1.127200 -0.159223
v 0.970400 1.127200 -0.000000
v 0.921647 1.127200 -0.309596
v 0.863501 1.127200 -0.449256
v 0.785325 1.127200 -0.576340
v 0.688984 1.127200 -0.688984
v 0.576340 1.127200 -0.785325
v 0.449256 1.127200 -0.863501
v 0.309596 1.127200 -0.921647
v 0.159223 1.127200 -0.957901
v 0.000000 1.127200 -0.970400
v 1.086029 1.102600 -0.180521
v 1.100200 1.102600 -0.000000
v 1.044926 1.102600 -0.351008
v 0.979002 1.102600 -0.509349
v 0.890370 1.102600 -0.653431
v 0.781142 1.102600 -0.781142
v 0.653431 1.102600 -0.890370
v 0.509349 1.102600 -0.979002
v 0.351008 1.102600 -1.044926
v 0.180521 1.102600 -1.086029
v 0.000000 1.102600 -1.100200
v 1.189282 1.074400 -0.197684
v 1.204800 1.074400 -0.000000
v 1.144271 1.074400 -0.384379
v 1.072079 1.074400 -0.557774
v 0.975021 1.074400 -0.715555
v 0.855408 1.074400 -0.855408
v 0.715555 1.074400 -0.975021
v 0.557774 1.074400 -1.072079
v 0.384379 1.074400 -1.144271
v 0.197684 1.074400 -1.189282
v 0.000000 1.074400 -1.204800
v 1.258183 1.040800 -0.209136
v 1.274600 1.040800 -0.000000
v 1.210564 1.040800 -0.406648
v 1.134190 1.040800 -0.590089
v 1.031508 1.040800 -0.757010
v 0.904966 1.040800 -0.904966
v 0.757010 1.040800 -1.031508
v 0.590089 1.040800 -1.134190
v 0.406648 1.040800 -1.210564
v 0.209136 1.040800 -1.258183
v 0.000000 1.040800 -1.274600
v 1.283256 1.000000 -0.213304
v 1.300000 1.000000 -0.000000
v 1.234688 1.000000 -0.414752
v 1.156792 1.000000 -0.601848
v 1.052064 1.000000 -0.772096
v 0.923000 1.000000 -0.923000
v 0.772096 1.000000 -1.052064
v 0.601848 1.000000 -1.156792
v 0.414752 1.000000 -1.234688
v 0.213304 1.000000 -1.283256
v 0.000000 1.000000 -1.300000
v -0.045844 1.259200 -0.275801
v -0.032816 1.300000 -0.197424
v 0.000000 1.300000 -0.200000
v -0.089140 1.259200 -0.265363
v -0.063808 1.300000 -0.189952
v -0.129351 1.259200 -0.248621
v -0.092592 1.300000 -0.177968
v -0.165941 1.259200 -0.226113
v -0.118784 1.300000 -0.161856
v -0.198374 1.259200 -0.198374
v -0.142000 1.300000 -0.142000
v -0.226113 1.259200 -0.165941
v -0.161856 1.300000 -0.118784
v -0.248621 1.259200 -0.129351
v -0.177968 1.300000 -0.092592
v -0.265363 1.259200 -0.089140
v -0.189952 1.300000 -0.063808
v -0.275801 1.259200 -0.045844
v -0.197424 1.300000 -0.032816
v -0.200000 1.300000 -0.000000
v -0.064188 1.225600 -0.386161
v 0.000000 1.225600 -0.391200
v -0.124808 1.225600 -0.371546
v -0.181110 1.225600 -0.348105
v -0.232342 1.225600 -0.316590
v -0.277752 1.225600 -0.277752
v -0.316590 1.225600 -0.232342
v -0.348105 1.225600 -0.181110
v -0.371546 1.225600 -0.124808
v -0.386161 1.225600 -0.064188
v -0.391200 1.225600 -0.000000
v -0.086273 1.197400 -0.519028
v 0.000000 1.197400 -0.525800
v -0.167751 1.197400 -0.499384
v -0.243424 1.197400 -0.467878
v -0.312283 1.197400 -0.425519
v -0.373318 1.197400 -0.373318
v -0.425519 1.197400 -0.312283
v -0.467878 1.197400 -0.243424
v -0.499384 1.197400 -0.167751
v -0.519028 1.197400 -0.086273
v -0.525800 1.197400 -0.000000
v -0.110524 1.172800 -0.664924
v 0.000000 1.172800 -0.673600
v -0.214905 1.172800 -0.639758
v -0.311850 1.172800 -0.599396
v -0.400065 1.172800 -0.545131
v -0.478256 1.172800 -0.478256
v -0.545131 1.172800 -0.400065
v -0.599396 1.172800 -0.311850
v -0.639758 1.172800 -0.214905
v -0.664924 1.172800 -0.110524
v -0.673600 1.172800 -0.000000
v -0.135366 1.150000 -0.814374
v 0.000000 1.150000 -0.825000
v -0.263208 1.150000 -0.783552
v -0.381942 1.150000 -0.734118
v -0.489984 1.150000 -0.667656
v -0.585750 1.150000 -0.585750
v -0.667656 1.150000 -0.489984
v -0.734118 1.150000 -0.381942
v -0.783552 1.150000 -0.263208
v -0.814374 1.150000 -0.135366
v -0.825000 1.150000 -0.000000
v -0.159223 1.127200 -0.957901
v 0.000000 1.127200 -0.970400
v -0.309596 1.127200 -0.921647
v -0.449256 1.127200 -0.863501
v -0.576340 1.127200 -0.785325
v -0.688984 1.127200 -0.688984
v -0.785325 1.127200 -0.576340
v -0.863501 1.127200 -0.449256
v -0.921647 1.127200 -0.309596
v -0.957901 1.127200 -0.159223
v -0.970400 1.127200 -0.000000
v -0.180521 1.102600 -1.086029
v 0.000000 1.102600 -1.100200
v -0.351008 1.102600 -1.044926
v -0.509349 1.102600 -0.979002
v -0.653431 1.102600 -0.890370
v -0.781142 1.102600 -0.781142
v -0.890370 1.102600 -0.653431
v -0.979002 1.102600 -0.509349
v -1.044926 1.102600 -0.351008
v -1.086029 1.102600 -0.180521
v -1.100200 1.102600 -0.000000
v -0.197684 1.074400 -1.189282
v 0.000000 1.074400 -1.204800
v -0.384379 1.074400 -1.144271
v -0.557774 1.074400 -1.072079
v -0.715555 1.074400 -0.975021
v -0.855408 1.074400 -0.855408
v -0.975021 1.074400 -0.715555
v -1.072079 1.074400 -0.557774
v -1.144271 1.074400 -0.384379
v -1.189282 1.074400 -0.197684
v -1.204800 1.074400 -0.000000
v -0.209136 1.040800 -1.258183
v 0.000000 1.040800 -1.274600
v -0.406648 1.040800 -1.210564
v -0.590089 1.040800 -1.134190
v -0.757010 1.040800 -1.031508
v -0.904966 1.040800 -0.904966
v -1.031508 1.040800 -0.757010
v -1.134190 1.040800 -0.590089
v -1.210564 1.040800 -0.406648
v -1.258183 1.040800 -0.209136
v -1.274600 1.040800 -0.000000
v -0.213304 1.000000 -1.283256
v 0.000000 1.000000 -1.300000
v -0.414752 1.000000 -1.234688
v -0.601848 1.000000 -1.156792
v -0.772096 1.000000 -1.052064
v -0.923000 1.000000 -0.923000
v -1.052064 1.000000 -0.772096
v -1.156792 1.000000 -0.601848
v -1.234688 1.000000 -0.414752
v -1.283256 1.000000 -0.213304
v -1.300000 1.000000 -0.000000
v 0.000000 -1.400000 0.000000
v -0.388275 -1.397825 -0.000000
v -0.383274 -1.397825 -0.063708
v -0.368768 -1.397825 -0.123875
v -0.345503 -1.397825 -0.179756
v -0.314223 -1.397825 -0.230604
v -0.275675 -1.397825 -0.275675
v -0.230604 -1.397825 -0.314223
v -0.179756 -1.397825 -0.345503
v -0.123875 -1.397825 -0.368768
v -0.063708 -1.397825 -0.383274
v 0.000000 -1.397825 -0.388275
v -0.694143 -1.391600 -0.115381
v -0.703200 -1.391600 -0.000000
v -0.667871 -1.391600 -0.224349
v -0.625735 -1.391600 -0.325553
v -0.569086 -1.391600 -0.417645
v -0.499272 -1.391600 -0.499272
v -0.417645 -1.391600 -0.569086
v -0.325553 -1.391600 -0.625735
v -0.224349 -1.391600 -0.667871
v -0.115381 -1.391600 -0.694143
v 0.000000 -1.391600 -0.703200
v -0.940158 -1.381775 -0.156274
v -0.952425 -1.381775 -0.000000
v -0.904575 -1.381775 -0.303862
v -0.847506 -1.381775 -0.440935
v -0.770779 -1.381775 -0.565664
v -0.676222 -1.381775 -0.676222
v -0.565664 -1.381775 -0.770779
v -0.440935 -1.381775 -0.847506
v -0.303862 -1.381775 -0.904575
v -0.156274 -1.381775 -0.940158
v 0.000000 -1.381775 -0.952425
v -1.128870 -1.368800 -0.187642
v -1.143600 -1.368800 -0.000000
v -1.086146 -1.368800 -0.364854
v -1.017621 -1.368800 -0.529441
v -0.925493 -1.368800 -0.679207
v -0.811956 -1.368800 -0.811956
v -0.679207 -1.368800 -0.925493
v -0.529441 -1.368800 -1.017621
v -0.364854 -1.368800 -1.086146
v -0.187642 -1.368800 -1.128870
v 0.000000 -1.368800 -1.143600
v -1.267832 -1.353125 -0.210740
v -1.284375 -1.353125 -0.000000
v -1.219848 -1.353125 -0.409767
v -1.142888 -1.353125 -0.594614
v -1.039419 -1.353125 -0.762816
v -0.911906 -1.353125 -0.911906
v -0.762816 -1.353125 -1.039419
v -0.594614 -1.353125 -1.142888
v -0.409767 -1.353125 -1.219848
v -0.210740 -1.353125 -1.267832
v 0.000000 -1.353125 -1.284375
v -1.364595 -1.335200 -0.226824
v -1.382400 -1.335200 -0.000000
v -1.312948 -1.335200 -0.441041
v -1.230115 -1.335200 -0.639996
v -1.118749 -1.335200 -0.821035
v -0.981504 -1.335200 -0.981504
v -0.821035 -1.335200 -1.118749
v -0.639996 -1.335200 -1.230115
v -0.441041 -1.335200 -1.312948
v -0.226824 -1.335200 -1.364595
v 0.000000 -1.335200 -1.382400
v -1.426709 -1.315475 -0.237149
v -1.445325 -1.315475 -0.000000
v -1.372712 -1.315475 -0.461116
v -1.286108 -1.315475 -0.669128
v -1.169673 -1.315475 -0.858407
v -1.026181 -1.315475 -1.026181
v -0.858407 -1.315475 -1.169673
v -0.669128 -1.315475 -1.286108
v -0.461116 -1.315475 -1.372712
v -0.237149 -1.315475 -1.426709
v 0.000000 -1.315475 -1.445325
v -1.461727 -1.294400 -0.242970
v -1.480800 -1.294400 -0.000000
v -1.406405 -1.294400 -0.472434
v -1.317675 -1.294400 -0.685551
v -1.198382 -1.294400 -0.879477
v -1.051368 -1.294400 -1.051368
v -0.879477 -1.294400 -1.198382
v -0.685551 -1.294400 -1.317675
v -0.472434 -1.294400 -1.406405
v -0.242970 -1.294400 -1.461727
v 0.000000 -1.294400 -1.480800
v -1.477200 -1.272425 -0.245542
v -1.496475 -1.272425 -0.000000
v -1.421292 -1.272425 -0.477435
v -1.331623 -1.272425 -0.692808
v -1.211067 -1.272425 -0.888786
v -1.062497 -1.272425 -1.062497
v -0.888786 -1.272425 -1.211067
v -0.692808 -1.272425 -1.331623
v -0.477435 -1.272425 -1.421292
v -0.245542 -1.272425 -1.477200
v 0.000000 -1.272425 -1.496475
v -1.480680 -1.250000 -0.246120
v -1.424640 -1.250000 -0.478560
v -1.334760 -1.250000 -0.694440
v -1.213920 -1.250000 -0.890880
v -0.890880 -1.250000 -1.213920
v -0.694440 -1.250000 -1.334760
v -0.478560 -1.250000 -1.424640
v -0.246120 -1.250000 -1.480680
v 0.000000 -1.397825 -0.388275
v 0.063708 -1.397825 -0.383274
v 0.123875 -1.397825 -0.368768
v 0.179756 -1.397825 -0.345503
v 0.230604 -1.397825 -0.314223
v 0.275675 -1.397825 -0.275675
v 0.314223 -1.397825 -0.230604
v 0.345503 -1.397825 -0.179756
v 0.368768 -1.397825 -0.123875
v 0.383274 -1.397825 -0.063708
v 0.388275 -1.397825 -0.000000
v 0.115381 -1.391600 -0.694143
v 0.224349 -1.391600 -0.667871
v 0.325553 -1.391600 -0.625735
v 0.417645 -1.391600 -0.569086
v 0.499272 -1.391600 -0.499272
v 0.569086 -1.391600 -0.417645
v 0.625735 -1.391600 -0.325553
v 0.667871 -1.391600 -0.224349
v 0.694143 -1.391600 -0.115381
v 0.703200 -1.391600 -0.000000
v 0.156274 -1.381775 -0.940158
v 0.000000 -1.381775 -0.952425
v 0.303862 -1.381775 -0.904575
v 0.440935 -1.381775 -0.847506
v 0.565664 -1.381775 -0.770779
v 0.676222 -1.381775 -0.676222
v 0.770779 -1.381775 -0.565664
v 0.847506 -1.381775 -0.440935
v 0.904575 -1.381775 -0.303862
v 0.940158 -1.381775 -0.156274
v 0.952425 -1.381775 -0.000000
v 0.187642 -1.368800 -1.128870
v 0.000000 -1.368800 -1.143600
v 0.364854 -1.368800 -1.086146
v 0.529441 -1.368800 -1.017621
v 0.679207 -1.368800 -0.925493
v 0.811956 -1.368800 -0.811956
v 0.925493 -1.368800 -0.679207
v 1.017621 -1.368800 -0.529441
v 1.086146 -1.368800 -0.364854
v 1.128870 -1.368800 -0.187642
v 1.143600 -1.368800 -0.000000
v 0.210740 -1.353125 -1.267832
v 0.000000 -1.353125 -1.284375
v 0.409767 -1.353125 -1.219848
v 0.594614 -1.353125 -1.142888
v 0.762816 -1.353125 -1.039419
v 0.911906 -1.353125 -0.911906
v 1.039419 -1.353125 -0.762816
v 1.142888 -1.353125 -0.594614
v 1.219848 -1.353125 -0.409767
v 1.267832 -1.353125 -0.210740
v 1.284375 -1.353125 -0.000000
v 0.226824 -1.335200 -1.364595
v 0.000000 -1.335200 -1.382400
v 0.441041 -1.335200 -1.312948
v 0.639996 -1.335200 -1.230115
v 0.821035 -1.335200 -1.118749
v 0.981504 -1.335200 -0.981504
v 1.118749 -1.335200 -0.821035
v 1.230115 -1.335200 -0.639996
v 1.312948 -1.335200 -0.441041
v 1.364595 -1.335200 -0.226824
v 1.382400 -1.335200 -0.000000
v 0.237149 -1.315475 -1.426709
v 0.000000 -1.315475 -1.445325
v 0.461116 -1.315475 -1.372712
v 0.669128 -1.315475 -1.286108
v 0.858407 -1.315475 -1.169673
v 1.026181 -1.315475 -1.026181
v 1.169673 -1.315475 -0.858407
v 1.286108 -1.315475 -0.669128
v 1.372712 -1.315475 -0.461116
v 1.426709 -1.315475 -0.237149
v 1.445325 -1.315475 -0.000000
v 0.242970 -1.294400 -1.461727
v 0.000000 -1.294400 -1.480800
v 0.472434 -1.294400 -1.406405
v 0.685551 -1.294400 -1.317675
v 0.879477 -1.294400 -1.198382
v 1.051368 -1.294400 -1.051368
v 1.198382 -1.294400 -0.879477
v 1.317675 -1.294400 -0.685551
v 1.406405 -1.294400 -0.472434
v 1.461727 -1.294400 -0.242970
v 1.480800 -1.294400 -0.000000
v 0.245542 -1.272425 -1.477200
v 0.000000 -1.272425 -1.496475
v 0.477435 -1.272425 -1.421292
v 0.692808 -1.272425 -1.331623
v 0.888786 -1.272425 -1.211067
v 1.062497 -1.272425 -1.062497
v 1.211067 -1.272425 -0.888786
v 1.331623 -1.272425 -0.692808
v 1.421292 -1.272425 -0.477435
v 1.477200 -1.272425 -0.245542
v 1.496475 -1.272425 -0.000000
v 0.246120 -1.250000 -1.480680
v 0.478560 -1.250000 -1.424640
v 0.694440 -1.250000 -1.334760
v 0.890880 -1.250000 -1.213920
v 1.213920 -1.250000 -0.890880
v 1.334760 -1.250000 -0.694440
v 1.424640 -1.250000 -0.478560
v 1.480680 -1.250000 -0.246120
v 0.388275 -1.397825 -0.000000
v 0.383274 -1.397825 0.063708
v 0.368768 -1.397825 0.123875
v 0.345503 -1.397825 0.179756
v 0.314223 -1.397825 0.230604
v 0.275675 -1.397825 0.275675
v 0.230604 -1.397825 0.314223
v 0.179756 -1.397825 0.345503
v 0.123875 -1.397825 0.368768
v 0.063708 -1.397825 0.383274
v 0.000000 -1.397825 0.388275
v 0.694143 -1.391600 0.115381
v 0.667871 -1.391600 0.224349
v 0.625735 -1.391600 0.325553
v 0.569086 -1.391600 0.417645
v 0.499272 -1.391600 0.499272
v 0.417645 -1.391600 0.569086
v 0.325553 -1.391600 0.625735
v 0.224349 -1.391600 0.667871
v 0.115381 -1.391600 0.694143
v 0.000000 -1.391600 0.703200
v 0.940158 -1.381775 0.156274
v 0.952425 -1.381775 -0.000000
v 0.904575 -1.381775 0.303862
v 0.847506 -1.381775 0.440935
v 0.770779 -1.381775 0.565664
v 0.676222 -1.381775 0.676222
v 0.565664 -1.381775 0.770779
v 0.440935 -1.381775 0.847506
v 0.303862 -1.381775 0.904575
v 0.156274 -1.381775 0.940158
v 0.000000 -1.381775 0.952425
v 1.128870 -1.368800 0.187642
v 1.143600 -1.368800 -0.000000
v 1.086146 -1.368800 0.364854
v 1.017621 -1.368800 0.529441
v 0.925493 -1.368800 0.679207
v 0.811956 -1.368800 0.811956
v 0.679207 -1.368800 0.925493
v 0.529441 -1.368800 1.017621
v 0.364854 -1.368800 1.086146
v 0.187642 -1.368800 1.128870
v 0.000000 -1.368800 1.143600
v 1.267832 -1.353125 0.210740
v 1.284375 -1.353125 -0.000000
v 1.219848 -1.353125 0.409767
v 1.142888 -1.353125 0.594614
v 1.039419 -1.353125 0.762816
v 0.911906 -1.353125 0.911906
v 0.762816 -1.353125 1.039419
v 0.594614 -1.353125 1.142888
v 0.409767 -1.353125 1.219848
v 0.210740 -1.353125 1.267832
v 0.000000 -1.353125 1.284375
v 1.364595 -1.335200 0.226824
v 1.382400 -1.335200 -0.000000
v 1.312948 -1.335200 0.441041
v 1.230115 -1.335200 0.639996
v 1.118749 -1.335200 0.821035
v 0.981504 -1.335200 0.981504
v 0.821035 -1.335200 1.118749
v 0.639996 -1.335200 1.230115
v 0.441041 -1.335200 1.312948
v 0.226824 -1.335200 1.364595
v 0.000000 -1.335200 1.382400
v 1.426709 -1.315475 0.237149
v 1.445325 -1.315475 -0.000000
v 1.372712 -1.315475 0.461116
v 1.286108 -1.315475 0.669128
v 1.169673 -1.315475 0.858407
v 1.026181 -1.315475 1.026181
v 0.858407 -1.315475 1.169673
v 0.669128 -1.315475 1.286108
v 0.461116 -1.315475 1.372712
v 0.237149 -1.315475 1.426709
v 0.000000 -1.315475 1.445325
v 1.461727 -1.294400 0.242970
v 1.480800 -1.294400 -0.000000
v 1.406405 -1.294400 0.472434
v 1.317675 -1.294400 0.685551
v 1.198382 -1.294400 0.879477
v 1.051368 -1.294400 1.051368
v 0.879477 -1.294400 1.198382
v 0.685551 -1.294400 1.317675
v 0.472434 -1.294400 1.406405
v 0.242970 -1.294400 1.461727
v 0.000000 -1.294400 1.480800
v 1.477200 -1.272425 0.245542
v 1.496475 -1.272425 -0.000000
v 1.421292 -1.272425 0.477435
v 1.331623 -1.272425 0.692808
v 1.211067 -1.272425 0.888786
v 1.062497 -1.272425 1.062497
v 0.888786 -1.272425 1.211067
v 0.692808 -1.272425 1.331623
v 0.477435 -1.272425 1.421292
v 0.245542 -1.272425 1.477200
v 0.000000 -1.272425 1.496475
v 1.480680 -1.250000 0.246120
v 1.424640 -1.250000 0.478560
v 1.334760 -1.250000 0.694440
v 1.213920 -1.250000 0.890880
v 0.890880 -1.250000 1.213920
v 0.694440 -1.250000 1.334760
v 0.478560 -1.250000 1.424640
v 0.246120 -1.250000 1.480680
v 0.000000 -1.397825 0.388275
v -0.063708 -1.397825 0.383274
v -0.123875 -1.397825 0.368768
v -0.179756 -1.397825 0.345503
v -0.230604 -1.397825 0.314223
v -0.275675 -1.397825 0.275675
v -0.314223 -1.397825 0.230604
v -0.345503 -1.397825 0.179756
v -0.368768 -1.397825 0.123875
v -0.383274 -1.397825 0.063708
v -0.388275 -1.397825 -0.000000
v -0.115381 -1.391600 0.694143
v -0.224349 -1.391600 0.667871
v -0.325553 -1.391600 0.625735
v -0.417645 -1.391600 0.569086
v -0.499272 -1.391600 0.499272
v -0.569086 -1.391600 0.417645
v -0.625735 -1.391600 0.325553
v -0.667871 -1.391600 0.224349
v -0.694143 -1.391600 0.115381
v -0.156274 -1.381775 0.940158
v 0.000000 -1.381775 0.952425
v -0.303862 -1.381775 0.904575
v -0.440935 -1.381775 0.847506
v -0.565664 -1.381775 0.770779
v -0.676222 -1.381775 0.676222
v -0.770779 -1.381775 0.565664
v -0.847506 -1.381775 0.440935
v -0.904575 -1.381775 0.303862
v -0.940158 -1.381775 0.156274
v -0.952425 -1.381775 -0.000000
v -0.187642 -1.368800 1.128870
v 0.000000 -1.368800 1.143600
v -0.364854 -1.368800 1.086146
v -0.529441 -1.368800 1.017621
v -0.679207 -1.368800 0.925493
v -0.811956 -1.368800 0.811956
v -0.925493 -1.368800 0.679207
v -1.017621 -1.368800 0.529441
v -1.086146 -1.368800 0.364854
v -1.128870 -1.368800 0.187642
v -1.143600 -1.368800 -0.000000
v -0.210740 -1.353125 1.267832
v 0.000000 -1.353125 1.284375
v -0.409767 -1.353125 1.219848
v -0.594614 -1.353125 1.142888
v -0.762816 -1.353125 1.039419
v -0.911906 -1.353125 0.911906
v -1.039419 -1.353125 0.762816
v -1.142888 -1.353125 0.594614
v -1.219848 -1.353125 0.409767
v -1.267832 -1.353125 0.210740
v -1.284375 -1.353125 -0.000000
v -0.226824 -1.335200 1.364595
v 0.000000 -1.335200 1.382400
v -0.441041 -1.335200 1.312948
v -0.639996 -1.335200 1.230115
v -0.821035 -1.335200 1.118749
v -0.981504 -1.335200 0.981504
v -1.118749 -1.335200 0.821035
v -1.230115 -1.335200 0.639996
v -1.312948 -1.335200 0.441041
v -1.364595 -1.335200 0.226824
v -1.382400 -1.335200 -0.000000
v -0.237149 -1.315475 1.426709
v 0.000000 -1.315475 1.445325
v -0.461116 -1.315475 1.372712
v -0.669128 -1.315475 1.286108
v -0.858407 -1.315475 1.169673
v -1.026181 -1.315475 1.026181
v -1.169673 -1.315475 0.858407
v -1.286108 -1.315475 0.669128
v -1.372712 -1.315475 0.461116
v -1.426709 -1.315475 0.237149
v -1.445325 -1.315475 -0.000000
v -0.242970 -1.294400 1.461727
v 0.000000 -1.294400 1.480800
v -0.472434 -1.294400 1.406405
v -0.685551 -1.294400 1.317675
v -0.879477 -1.294400 1.198382
v -1.051368 -1.294400 1.051368
v -1.198382 -1.294400 0.879477
v -1.317675 -1.294400 0.685551
v -1.406405 -1.294400 0.472434
v -1.461727 -1.294400 0.242970
v -1.480800 -1.294400 -0.000000
v -0.245542 -1.272425 1.477200
v 0.000000 -1.272425 1.496475
v -0.477435 -1.272425 1.421292
v -0.692808 -1.272425 1.331623
v -0.888786 -1.272425 1.211067
v -1.062497 -1.272425 1.062497
v -1.211067 -1.272425 0.888786
v -1.331623 -1.272425 0.692808
v -1.421292 -1.272425 0.477435
v -1.477200 -1.272425 0.245542
v -1.496475 -1.272425 -0.000000
v -0.246120 -1.250000 1.480680
v -0.478560 -1.250000 1.424640
v -0.694440 -1.250000 1.334760
v -0.890880 -1.250000 1.213920
v -1.213920 -1.250000 0.890880
v -1.334760 -1.250000 0.694440
v -1.424640 -1.250000 0.478560
v -1.480680 -1.250000 0.246120
vn 0.9269 -0.3682 -0.0728
vn 0.9037 -0.3685 -0.2179
vn 0.8581 -0.3689 -0.3572
vn 0.7915 -0.3693 -0.4869
vn 0.7062 -0.3695 -0.6040
vn 0.6040 -0.3695 -0.7062
vn 0.4869 -0.3693 -0.7915
vn 0.3572 -0.3690 -0.8581
vn 0.3572 -0.3689 -0.8581
vn 0.2179 -0.3685 -0.9037
vn 0.0728 -0.3682 -0.9269
vn 0.9776 -0.1960 -0.0767
vn 0.9533 -0.1962 -0.2298
vn 0.9052 -0.1965 -0.3769
vn 0.9052 -0.1964 -0.3769
vn 0.8351 -0.1966 -0.5137
vn 0.8351 -0.1967 -0.5137
vn 0.7451 -0.1967 -0.6373
vn 0.6373 -0.1967 -0.7451
vn 0.5137 -0.1967 -0.8351
vn 0.5137 -0.1966 -0.8351
vn 0.3769 -0.1964 -0.9052
vn 0.3769 -0.1965 -0.9052
vn 0.2298 -0.1962 -0.9533
vn 0.0767 -0.1960 -0.9776
vn 0.9927 0.0921 -0.0779
vn 0.9927 0.0920 -0.0779
vn 0.9680 0.0921 -0.2334
vn 0.9192 0.0923 -0.3827
vn 0.9192 0.0922 -0.3827
vn 0.8481 0.0923 -0.5217
vn 0.8481 0.0924 -0.5217
vn 0.7567 0.0924 -0.6472
vn 0.6472 0.0924 -0.7567
vn 0.5217 0.0924 -0.8481
vn 0.3827 0.0922 -0.9192
vn 0.3827 0.0923 -0.9192
vn 0.2334 0.0921 -0.9680
vn 0.0779 0.0920 -0.9927
vn 0.8271 0.5583 -0.0649
vn 0.8270 0.5584 -0.0649
vn 0.8062 0.5588 -0.1944
vn 0.7653 0.5593 -0.3186
vn 0.7058 0.5597 -0.4342
vn 0.6297 0.5599 -0.5385
vn 0.6296 0.5600 -0.5385
vn 0.5385 0.5600 -0.6296
vn 0.5385 0.5599 -0.6297
vn 0.4342 0.5597 -0.7058
vn 0.3186 0.5593 -0.7653
vn 0.1944 0.5588 -0.8062
vn 0.0649 0.5584 -0.8271
vn 0.0649 0.5583 -0.8271
vn 0.2914 0.9563 -0.0229
vn 0.2838 0.9564 -0.0684
vn 0.2692 0.9565 -0.1121
vn 0.2481 0.9566 -0.1526
vn 0.2213 0.9567 -0.1892
vn 0.2213 0.9567 -0.1893
vn 0.1893 0.9567 -0.2213
vn 0.1892 0.9567 -0.2213
vn 0.1526 0.9566 -0.2481
vn 0.1121 0.9565 -0.2692
vn 0.0684 0.9564 -0.2838
vn 0.0229 0.9563 -0.2914
vn -0.2298 0.9731 0.0180
vn -0.2238 0.9731 0.0540
vn -0.2123 0.9732 0.0884
vn -0.1957 0.9733 0.1204
vn -0.1745 0.9733 0.1492
vn -0.1492 0.9733 0.1745
vn -0.1204 0.9733 0.1957
vn -0.0884 0.9732 0.2123
vn -0.0540 0.9731 0.2238
vn -0.0180 0.9731 0.2298
vn -0.5231 0.8513 0.0411
vn -0.5096 0.8516 0.1229
vn -0.5097 0.8516 0.1229
vn -0.4835 0.8519 0.2013
vn -0.4458 0.8521 0.2742
vn -0.3975 0.8523 0.3400
vn -0.3976 0.8523 0.3400
vn -0.3400 0.8523 0.3976
vn -0.3400 0.8523 0.3975
vn -0.2742 0.8521 0.4458
vn -0.2013 0.8519 0.4835
vn -0.1229 0.8516 0.5097
vn -0.0411 0.8513 0.5231
vn -0.6903 0.7215 0.0542
vn -0.6728 0.7219 0.1622
vn -0.6384 0.7223 0.2658
vn -0.5887 0.7227 0.3621
vn -0.5251 0.7229 0.4491
vn -0.4491 0.7229 0.5251
vn -0.3621 0.7227 0.5887
vn -0.2658 0.7223 0.6384
vn -0.1622 0.7219 0.6728
vn -0.1622 0.7219 0.6727
vn -0.0542 0.7215 0.6903
vn -0.7977 0.5998 0.0626
vn -0.7776 0.6002 0.1875
vn -0.7775 0.6002 0.1875
vn -0.7380 0.6008 0.3073
vn -0.7380 0.6007 0.3073
vn -0.6807 0.6012 0.4187
vn -0.6072 0.6014 0.5193
vn -0.5193 0.6014 0.6072
vn -0.4187 0.6012 0.6807
vn -0.3073 0.6007 0.7380
vn -0.3073 0.6008 0.7380
vn -0.1875 0.6002 0.7775
vn -0.1875 0.6002 0.7776
vn -0.0626 0.5998 0.7977
vn -0.8722 0.4843 0.0685
vn -0.8503 0.4847 0.2050
vn -0.8072 0.4852 0.3361
vn -0.7446 0.4856 0.4580
vn -0.6643 0.4858 0.5681
vn -0.5681 0.4858 0.6643
vn -0.4580 0.4856 0.7446
vn -0.3361 0.4852 0.8072
vn -0.2050 0.4847 0.8503
vn -0.0685 0.4843 0.8722
vn -0.0728 -0.3682 -0.9269
vn -0.2179 -0.3685 -0.9037
vn -0.3572 -0.3689 -0.8581
vn -0.3572 -0.3690 -0.8581
vn -0.4869 -0.3693 -0.7915
vn -0.6040 -0.3695 -0.7062
vn -0.7062 -0.3695 -0.6040
vn -0.7915 -0.3693 -0.4869
vn -0.8581 -0.3689 -0.3572
vn -0.9037 -0.3685 -0.2179
vn -0.9269 -0.3681 -0.0728
vn -0.9269 -0.3682 -0.0728
vn -0.0767 -0.1960 -0.9776
vn -0.2298 -0.1962 -0.9533
vn -0.3769 -0.1965 -0.9052
vn -0.3769 -0.1964 -0.9052
vn -0.5137 -0.1966 -0.8351
vn -0.5137 -0.1967 -0.8351
vn -0.6373 -0.1968 -0.7451
vn -0.6373 -0.1967 -0.7451
vn -0.7451 -0.1967 -0.6373
vn -0.7451 -0.1968 -0.6373
vn -0.8351 -0.1967 -0.5137
vn -0.8351 -0.1966 -0.5137
vn -0.9052 -0.1964 -0.3769
vn -0.9052 -0.1965 -0.3769
vn -0.9533 -0.1962 -0.2298
vn -0.9776 -0.1960 -0.0767
vn -0.0779 0.0920 -0.9927
vn -0.2334 0.0921 -0.9680
vn -0.3827 0.0923 -0.9192
vn -0.3827 0.0922 -0.9192
vn -0.5217 0.0924 -0.8481
vn -0.5217 0.0923 -0.8481
vn -0.6472 0.0924 -0.7567
vn -0.7567 0.0924 -0.6472
vn -0.8481 0.0923 -0.5217
vn -0.8481 0.0924 -0.5217
vn -0.9192 0.0922 -0.3827
vn -0.9192 0.0923 -0.3827
vn -0.9680 0.0921 -0.2334
vn -0.9927 0.0920 -0.0779
vn -0.0649 0.5583 -0.8271
vn -0.0649 0.5584 -0.8271
vn -0.1944 0.5588 -0.8062
vn -0.3186 0.5593 -0.7653
vn -0.4342 0.5597 -0.7058
vn -0.5385 0.5599 -0.6297
vn -0.5385 0.5600 -0.6296
vn -0.6296 0.5599 -0.5385
vn -0.6297 0.5599 -0.5385
vn -0.7058 0.5597 -0.4342
vn -0.7653 0.5593 -0.3186
vn -0.8062 0.5588 -0.1944
vn -0.8270 0.5584 -0.0649
vn -0.8271 0.5583 -0.0649
vn -0.0229 0.9563 -0.2914
vn -0.0684 0.9564 -0.2838
vn -0.1121 0.9565 -0.2692
vn -0.1526 0.9566 -0.2481
vn -0.1892 0.9567 -0.2213
vn -0.1893 0.9567 -0.2213
vn -0.2213 0.9567 -0.1893
vn -0.2481 0.9566 -0.1526
vn -0.2692 0.9565 -0.1121
vn -0.2838 0.9564 -0.0684
vn -0.2914 0.9563 -0.0229
vn 0.0180 0.9731 0.2298
vn 0.0540 0.9731 0.2238
vn 0.0884 0.9732 0.2123
vn 0.1204 0.9733 0.1957
vn 0.1492 0.9733 0.1745
vn 0.1745 0.9733 0.1492
vn 0.1957 0.9733 0.1204
vn 0.2123 0.9732 0.0884
vn 0.2238 0.9731 0.0540
vn 0.2298 0.9731 0.0180
vn 0.0411 0.8513 0.5231
vn 0.1229 0.8516 0.5097
vn 0.2013 0.8519 0.4835
vn 0.2742 0.8521 0.4458
vn 0.3400 0.8523 0.3975
vn 0.3400 0.8523 0.3976
vn 0.3976 0.8523 0.3400
vn 0.3975 0.8523 0.3400
vn 0.4458 0.8521 0.2742
vn 0.4835 0.8519 0.2013
vn 0.5097 0.8516 0.1229
vn 0.5096 0.8516 0.1229
vn 0.5231 0.8513 0.0411
vn 0.0542 0.7215 0.6903
vn 0.1622 0.7219 0.6727
vn 0.1622 0.7219 0.6728
vn 0.2658 0.7223 0.6384
vn 0.3621 0.7227 0.5887
vn 0.4491 0.7229 0.5251
vn 0.5251 0.7229 0.4491
vn 0.5887 0.7227 0.3621
vn 0.6384 0.7223 0.2658
vn 0.6728 0.7219 0.1622
vn 0.6727 0.7219 0.1622
vn 0.6903 0.7215 0.0542
vn 0.0626 0.5998 0.7977
vn 0.1875 0.6002 0.7776
vn 0.1875 0.6002 0.7775
vn 0.3073 0.6008 0.7380
vn 0.3073 0.6007 0.7380
vn 0.4187 0.6012 0.6807
vn 0.5193 0.6014 0.6072
vn 0.6072 0.6014 0.5193
vn 0.6807 0.6012 0.4187
vn 0.7380 0.6007 0.3073
vn 0.7380 0.6008 0.3073
vn 0.7775 0.6002 0.1875
vn 0.7977 0.5998 0.0626
vn 0.0685 0.4843 0.8722
vn 0.2050 0.4847 0.8503
vn 0.3361 0.4852 0.8072
vn 0.4580 0.4856 0.7446
vn 0.5681 0.4858 0.6643
vn 0.6643 0.4858 0.5681
vn 0.7446 0.4856 0.4580
vn 0.8072 0.4852 0.3361
vn 0.8503 0.4847 0.2050
vn 0.8722 0.4843 0.0685
vn -0.9269 -0.3682 0.0728
vn -0.9037 -0.3685 0.2179
vn -0.8581 -0.3689 0.3572
vn -0.7915 -0.3693 0.4869
vn -0.7062 -0.3695 0.6040
vn -0.6040 -0.3695 0.7062
vn -0.4869 -0.3693 0.7915
vn -0.3572 -0.3690 0.8581
vn -0.3572 -0.3689 0.8581
vn -0.2179 -0.3685 0.9037
vn -0.0728 -0.3682 0.9269
vn -0.9776 -0.1960 0.0767
vn -0.9533 -0.1962 0.2298
vn -0.9052 -0.1965 0.3769
vn -0.9052 -0.1964 0.3769
vn -0.8351 -0.1966 0.5137
vn -0.8351 -0.1967 0.5137
vn -0.7451 -0.1968 0.6373
vn -0.7451 -0.1967 0.6373
vn -0.6373 -0.1967 0.7451
vn -0.5137 -0.1967 0.8351
vn -0.5137 -0.1966 0.8351
vn -0.3769 -0.1964 0.9052
vn -0.3769 -0.1965 0.9052
vn -0.2298 -0.1962 0.9533
vn -0.0767 -0.1960 0.9776
vn -0.9927 0.0921 0.0779
vn -0.9927 0.0920 0.0779
vn -0.9680 0.0921 0.2334
vn -0.9192 0.0923 0.3827
vn -0.9192 0.0922 0.3827
vn -0.8481 0.0923 0.5217
vn -0.8481 0.0924 0.5217
vn -0.7567 0.0924 0.6472
vn -0.6472 0.0924 0.7567
vn -0.5217 0.0924 0.8481
vn -0.3827 0.0922 0.9192
vn -0.3827 0.0923 0.9192
vn -0.2334 0.0921 0.9680
vn -0.0779 0.0920 0.9927
vn -0.8271 0.5583 0.0649
vn -0.8270 0.5584 0.0649
vn -0.8062 0.5588 0.1944
vn -0.7653 0.5593 0.3186
vn -0.7058 0.5597 0.4342
vn -0.6297 0.5599 0.5385
vn -0.6296 0.5600 0.5385
vn -0.5385 0.5600 0.6296
vn -0.5385 0.5599 0.6297
vn -0.4342 0.5597 0.7058
vn -0.3186 0.5593 0.7653
vn -0.1944 0.5588 0.8062
vn -0.0649 0.5584 0.8271
vn -0.0649 0.5583 0.8271
vn -0.2914 0.9563 0.0229
vn -0.2838 0.9564 0.0684
vn -0.2692 0.9565 0.1121
vn -0.2481 0.9566 0.1526
vn -0.2213 0.9567 0.1892
vn -0.2213 0.9567 0.1893
vn -0.1893 0.9567 0.2213
vn -0.1892 0.9567 0.2213
vn -0.1526 0.9566 0.2481
vn -0.1121 0.9565 0.2692
vn -0.0684 0.9564 0.2838
vn -0.0229 0.9563 0.2914
vn 0.2298 0.9731 -0.0180
vn 0.2238 0.9731 -0.0540
vn 0.2123 0.9732 -0.0884
vn 0.1957 0.9733 -0.1204
vn 0.1745 0.9733 -0.1492
vn 0.1492 0.9733 -0.1745
vn 0.1204 0.9733 -0.1957
vn 0.0884 0.9732 -0.2123
vn 0.0540 0.9731 -0.2238
vn 0.0180 0.9731 -0.2298
vn 0.5231 0.8513 -0.0411
vn 0.5097 0.8516 -0.1229
vn 0.4835 0.8519 -0.2013
vn 0.4458 0.8521 -0.2742
vn 0.3975 0.8523 -0.3400
vn 0.3976 0.8523 -0.3400
vn 0.3400 0.8523 -0.3976
vn 0.3400 0.8523 -0.3975
vn 0.2742 0.8521 -0.4458
vn 0.2013 0.8519 -0.4835
vn 0.1229 0.8516 -0.5097
vn 0.0411 0.8513 -0.5231
vn 0.6903 0.7215 -0.0542
vn 0.6727 0.7219 -0.1622
vn 0.6728 0.7219 -0.1622
vn 0.6384 0.7223 -0.2658
vn 0.5887 0.7227 -0.3621
vn 0.5251 0.7229 -0.4491
vn 0.4491 0.7229 -0.5251
vn 0.3621 0.7227 -0.5887
vn 0.2658 0.7223 -0.6384
vn 0.1622 0.7219 -0.6728
vn 0.1622 0.7219 -0.6727
vn 0.0542 0.7215 -0.6903
vn 0.7977 0.5998 -0.0626
vn 0.7776 0.6002 -0.1875
vn 0.7775 0.6002 -0.1875
vn 0.7380 0.6008 -0.3073
vn 0.7380 0.6007 -0.3073
vn 0.6807 0.6012 -0.4187
vn 0.6072 0.6014 -0.5193
vn 0.5193 0.6014 -0.6072
vn 0.4187 0.6012 -0.6807
vn 0.3073 0.6007 -0.7380
vn 0.3073 0.6008 -0.7380
vn 0.1875 0.6002 -0.7775
vn 0.1875 0.6002 -0.7776
vn 0.0626 0.5998 -0.7977
vn 0.8722 0.4843 -0.0685
vn 0.8503 0.4847 -0.2050
vn 0.8072 0.4852 -0.3361
vn 0.7446 0.4856 -0.4580
vn 0.6643 0.4858 -0.5681
vn 0.5681 0.4858 -0.6643
vn 0.4580 0.4856 -0.7446
vn 0.3361 0.4852 -0.8072
vn 0.2050 0.4847 -0.8503
vn 0.0685 0.4843 -0.8722
vn 0.0728 -0.3682 0.9269
vn 0.2179 -0.3685 0.9037
vn 0.3572 -0.3689 0.8581
vn 0.3572 -0.3690 0.8581
vn 0.4869 -0.3693 0.7915
vn 0.6040 -0.3695 0.7062
vn 0.7062 -0.3695 0.6040
vn 0.7915 -0.3693 0.4869
vn 0.8581 -0.3689 0.3572
vn 0.9037 -0.3685 0.2179
vn 0.9269 -0.3682 0.0728
vn 0.0767 -0.1960 0.9776
vn 0.2298 -0.1962 0.9533
vn 0.3769 -0.1965 0.9052
vn 0.3769 -0.1964 0.9052
vn 0.5137 -0.1966 0.8351
vn 0.5137 -0.1967 0.8351
vn 0.6373 -0.1967 0.7451
vn 0.7451 -0.1967 0.6373
vn 0.7451 -0.1968 0.6373
vn 0.8351 -0.1967 0.5137
vn 0.8351 -0.1966 0.5137
vn 0.9052 -0.1964 0.3769
vn 0.9052 -0.1965 0.3769
vn 0.9533 -0.1962 0.2298
vn 0.9776 -0.1960 0.0767
vn 0.0779 0.0920 0.9927
vn 0.2334 0.0921 0.9680
vn 0.3827 0.0923 0.9192
vn 0.3827 0.0922 0.9192
vn 0.5217 0.0924 0.8481
vn 0.5217 0.0923 0.8481
vn 0.6472 0.0924 0.7567
vn 0.7567 0.0924 0.6472
vn 0.8481 0.0923 0.5217
vn 0.8481 0.0924 0.5217
vn 0.9192 0.0922 0.3827
vn 0.9192 0.0923 0.3827
vn 0.9680 0.0921 0.2334
vn 0.9927 0.0920 0.0779
vn 0.0649 0.5583 0.8271
vn 0.0649 0.5584 0.8271
vn 0.1944 0.5588 0.8062
vn 0.3186 0.5593 0.7653
vn 0.4342 0.5597 0.7058
vn 0.5385 0.5599 0.6297
vn 0.5385 0.5600 0.6296
vn 0.6296 0.5599 0.5385
vn 0.6297 0.5599 0.5385
vn 0.7058 0.5597 0.4342
vn 0.7653 0.5593 0.3186
vn 0.8062 0.5588 0.1944
vn 0.8270 0.5584 0.0649
vn 0.8271 0.5583 0.0649
vn 0.0229 0.9563 0.2913
vn 0.0229 0.9563 0.2914
vn 0.0684 0.9564 0.2838
vn 0.1121 0.9565 0.2692
vn 0.1526 0.9566 0.2481
vn 0.1892 0.9567 0.2213
vn 0.1893 0.9567 0.2213
vn 0.2213 0.9567 0.1893
vn 0.2481 0.9566 0.1526
vn 0.2692 0.9565 0.1121
vn 0.2838 0.9564 0.0684
vn 0.2914 0.9563 0.0229
vn -0.0180 0.9731 -0.2298
vn -0.0540 0.9731 -0.2238
vn -0.0884 0.9732 -0.2123
vn -0.1204 0.9733 -0.1957
vn -0.1492 0.9733 -0.1745
vn -0.1745 0.9733 -0.1492
vn -0.1957 0.9733 -0.1204
vn -0.2123 0.9732 -0.0884
vn -0.2238 0.9731 -0.0540
vn -0.2298 0.9731 -0.0180
vn -0.0411 0.8513 -0.5231
vn -0.1229 0.8516 -0.5097
vn -0.2013 0.8519 -0.4835
vn -0.2742 0.8521 -0.4458
vn -0.3400 0.8523 -0.3975
vn -0.3400 0.8523 -0.3976
vn -0.3976 0.8523 -0.3400
vn -0.3975 0.8523 -0.3400
vn -0.4458 0.8521 -0.2742
vn -0.4835 0.8519 -0.2013
vn -0.5097 0.8516 -0.1229
vn -0.5231 0.8513 -0.0411
vn -0.0542 0.7215 -0.6903
vn -0.1622 0.7219 -0.6727
vn -0.1622 0.7219 -0.6728
vn -0.2658 0.7223 -0.6384
vn -0.3621 0.7227 -0.5887
vn -0.4491 0.7229 -0.5251
vn -0.5251 0.7229 -0.4491
vn -0.5887 0.7227 -0.3621
vn -0.6384 0.7223 -0.2658
vn -0.6728 0.7219 -0.1622
vn -0.6903 0.7215 -0.0542
vn -0.0626 0.5998 -0.7977
vn -0.1875 0.6002 -0.7776
vn -0.1875 0.6002 -0.7775
vn -0.3073 0.6008 -0.7380
vn -0.3073 0.6007 -0.7380
vn -0.4187 0.6012 -0.6807
vn -0.5193 0.6014 -0.6072
vn -0.6072 0.6014 -0.5193
vn -0.6807 0.6012 -0.4187
vn -0.7380 0.6007 -0.3073
vn -0.7380 0.6008 -0.3073
vn -0.7775 0.6002 -0.1875
vn -0.7776 0.6002 -0.1875
vn -0.7977 0.5998 -0.0626
vn -0.0685 0.4843 -0.8722
vn -0.2050 0.4847 -0.8503
vn -0.3361 0.4852 -0.8072
vn -0.4580 0.4856 -0.7446
vn -0.5681 0.4858 -0.6643
vn -0.6643 0.4858 -0.5681
vn -0.7446 0.4856 -0.4580
vn -0.8072 0.4852 -0.3361
vn -0.8503 0.4847 -0.2050
vn -0.8722 0.4843 -0.0685
vn -0.9011 0.4279 0.0707
vn -0.8785 0.4283 0.2118
vn -0.8340 0.4287 0.3472
vn -0.7693 0.4291 0.4733
vn -0.6864 0.4293 0.5870
vn -0.5870 0.4293 0.6864
vn -0.4733 0.4291 0.7693
vn -0.3472 0.4287 0.8340
vn -0.2118 0.4283 0.8785
vn -0.0707 0.4279 0.9011
vn -0.9039 0.4218 0.0710
vn -0.8813 0.4222 0.2125
vn -0.8367 0.4227 0.3483
vn -0.7718 0.4230 0.4748
vn -0.6885 0.4232 0.5889
vn -0.5889 0.4232 0.6885
vn -0.4748 0.4230 0.7718
vn -0.3483 0.4227 0.8367
vn -0.2125 0.4222 0.8813
vn -0.0710 0.4218 0.9039
vn -0.9096 0.4094 0.0714
vn -0.8868 0.4098 0.2138
vn -0.8419 0.4103 0.3505
vn -0.7766 0.4106 0.4777
vn -0.6929 0.4108 0.5926
vn -0.5926 0.4108 0.6929
vn -0.4777 0.4106 0.7766
vn -0.3505 0.4102 0.8419
vn -0.3505 0.4103 0.8419
vn -0.2138 0.4098 0.8868
vn -0.0714 0.4094 0.9096
vn -0.9180 0.3901 0.0721
vn -0.8950 0.3905 0.2158
vn -0.8497 0.3909 0.3538
vn -0.7838 0.3913 0.4822
vn -0.6993 0.3914 0.5981
vn -0.5981 0.3915 0.6993
vn -0.5981 0.3914 0.6993
vn -0.4822 0.3913 0.7838
vn -0.3538 0.3909 0.8497
vn -0.2158 0.3905 0.8950
vn -0.0721 0.3901 0.9180
vn -0.9289 0.3630 0.0729
vn -0.9057 0.3633 0.2184
vn -0.8599 0.3637 0.3580
vn -0.7933 0.3641 0.4880
vn -0.7077 0.3643 0.6053
vn -0.7078 0.3643 0.6053
vn -0.6053 0.3643 0.7077
vn -0.4880 0.3641 0.7933
vn -0.3580 0.3637 0.8599
vn -0.2184 0.3633 0.9057
vn -0.0729 0.3630 0.9289
vn -0.9422 0.3267 0.0740
vn -0.9187 0.3271 0.2215
vn -0.8723 0.3275 0.3632
vn -0.8047 0.3278 0.4950
vn -0.7179 0.3279 0.6140
vn -0.6140 0.3279 0.7179
vn -0.4950 0.3278 0.8047
vn -0.3632 0.3275 0.8723
vn -0.2215 0.3271 0.9187
vn -0.0740 0.3267 0.9422
vn -0.9571 0.2797 0.0751
vn -0.9332 0.2800 0.2250
vn -0.8862 0.2804 0.3689
vn -0.8175 0.2807 0.5029
vn -0.7294 0.2808 0.6238
vn -0.6238 0.2808 0.7294
vn -0.5029 0.2807 0.8175
vn -0.3689 0.2804 0.8862
vn -0.2250 0.2800 0.9332
vn -0.0751 0.2797 0.9571
vn -0.9725 0.2199 0.0763
vn -0.9483 0.2202 0.2286
vn -0.9005 0.2204 0.3749
vn -0.8308 0.2207 0.5110
vn -0.7412 0.2208 0.6339
vn -0.6339 0.2208 0.7412
vn -0.5110 0.2207 0.8308
vn -0.3749 0.2204 0.9005
vn -0.2286 0.2202 0.9483
vn -0.0763 0.2199 0.9725
vn -0.9864 0.1449 0.0774
vn -0.9619 0.1451 0.2319
vn -0.9134 0.1453 0.3803
vn -0.8427 0.1454 0.5184
vn -0.7519 0.1455 0.6431
vn -0.6431 0.1455 0.7519
vn -0.5184 0.1454 0.8427
vn -0.3803 0.1453 0.9134
vn -0.2319 0.1451 0.9619
vn -0.0774 0.1449 0.9864
vn -0.9956 0.0526 0.0782
vn -0.9956 0.0526 0.0781
vn -0.9708 0.0527 0.2341
vn -0.9219 0.0527 0.3838
vn -0.8506 0.0528 0.5232
vn -0.7589 0.0528 0.6491
vn -0.6491 0.0528 0.7589
vn -0.5232 0.0528 0.8506
vn -0.3838 0.0528 0.9219
vn -0.3838 0.0527 0.9219
vn -0.2341 0.0527 0.9708
vn -0.0781 0.0526 0.9956
vn 0.0707 0.4279 0.9011
vn 0.2118 0.4283 0.8785
vn 0.3472 0.4287 0.8340
vn 0.4733 0.4291 0.7693
vn 0.5870 0.4293 0.6864
vn 0.6864 0.4293 0.5870
vn 0.7693 0.4291 0.4733
vn 0.8340 0.4287 0.3472
vn 0.8785 0.4283 0.2118
vn 0.9011 0.4279 0.0707
vn 0.0710 0.4218 0.9039
vn 0.2125 0.4222 0.8813
vn 0.3483 0.4227 0.8367
vn 0.4748 0.4230 0.7718
vn 0.5889 0.4232 0.6885
vn 0.6885 0.4232 0.5889
vn 0.7718 0.4230 0.4748
vn 0.8367 0.4227 0.3483
vn 0.8813 0.4222 0.2125
vn 0.9039 0.4218 0.0710
vn 0.0714 0.4094 0.9096
vn 0.2138 0.4098 0.8868
vn 0.3505 0.4103 0.8419
vn 0.3505 0.4102 0.8419
vn 0.4777 0.4106 0.7766
vn 0.5926 0.4108 0.6929
vn 0.6929 0.4108 0.5926
vn 0.7766 0.4106 0.4777
vn 0.8419 0.4102 0.3505
vn 0.8419 0.4103 0.3505
vn 0.8868 0.4098 0.2138
vn 0.9096 0.4094 0.0714
vn 0.0721 0.3901 0.9180
vn 0.2158 0.3905 0.8950
vn 0.3538 0.3909 0.8497
vn 0.4822 0.3913 0.7838
vn 0.5981 0.3914 0.6993
vn 0.6993 0.3914 0.5981
vn 0.7838 0.3913 0.4822
vn 0.8497 0.3909 0.3538
vn 0.8950 0.3905 0.2158
vn 0.9180 0.3901 0.0721
vn 0.0729 0.3630 0.9289
vn 0.2184 0.3633 0.9057
vn 0.3580 0.3637 0.8599
vn 0.4880 0.3641 0.7933
vn 0.6053 0.3643 0.7077
vn 0.6053 0.3643 0.7078
vn 0.7077 0.3643 0.6053
vn 0.7933 0.3641 0.4880
vn 0.8599 0.3637 0.3580
vn 0.9057 0.3633 0.2184
vn 0.9289 0.3630 0.0729
vn 0.0740 0.3267 0.9422
vn 0.2215 0.3271 0.9187
vn 0.3632 0.3275 0.8723
vn 0.4950 0.3278 0.8047
vn 0.6140 0.3279 0.7179
vn 0.7179 0.3279 0.6140
vn 0.8047 0.3278 0.4950
vn 0.8723 0.3275 0.3632
vn 0.9187 0.3271 0.2215
vn 0.9422 0.3267 0.0740
vn 0.0751 0.2797 0.9571
vn 0.2250 0.2800 0.9332
vn 0.3689 0.2804 0.8862
vn 0.3689 0.2804 0.8861
vn 0.5029 0.2807 0.8175
vn 0.6238 0.2808 0.7294
vn 0.7294 0.2808 0.6238
vn 0.8175 0.2807 0.5029
vn 0.8862 0.2804 0.3689
vn 0.9332 0.2800 0.2250
vn 0.9571 0.2797 0.0751
vn 0.0763 0.2199 0.9725
vn 0.2286 0.2202 0.9483
vn 0.3749 0.2204 0.9005
vn 0.5110 0.2207 0.8308
vn 0.6339 0.2208 0.7412
vn 0.7412 0.2208 0.6339
vn 0.8308 0.2207 0.5110
vn 0.9005 0.2204 0.3749
vn 0.9483 0.2202 0.2286
vn 0.9725 0.2199 0.0763
vn 0.0774 0.1449 0.9864
vn 0.2319 0.1451 0.9619
vn 0.3803 0.1453 0.9134
vn 0.5184 0.1454 0.8427
vn 0.6431 0.1455 0.7519
vn 0.7519 0.1455 0.6431
vn 0.8427 0.1454 0.5184
vn 0.9134 0.1453 0.3803
vn 0.9619 0.1451 0.2319
vn 0.9864 0.1449 0.0774
vn 0.0782 0.0526 0.9956
vn 0.0781 0.0526 0.9956
vn 0.2341 0.0527 0.9708
vn 0.3838 0.0527 0.9219
vn 0.5232 0.0528 0.8506
vn 0.6491 0.0528 0.7589
vn 0.7589 0.0528 0.6491
vn 0.8506 0.0528 0.5232
vn 0.9219 0.0527 0.3838
vn 0.9708 0.0527 0.2341
vn 0.9956 0.0526 0.0782
vn 0.9956 0.0526 0.0781
vn 0.9011 0.4279 -0.0707
vn 0.8785 0.4283 -0.2118
vn 0.8340 0.4287 -0.3472
vn 0.7693 0.4291 -0.4733
vn 0.6864 0.4293 -0.5870
vn 0.5870 0.4293 -0.6864
vn 0.4733 0.4291 -0.7693
vn 0.3472 0.4287 -0.8340
vn 0.2118 0.4283 -0.8785
vn 0.0707 0.4279 -0.9011
vn 0.9039 0.4218 -0.0710
vn 0.8813 0.4222 -0.2125
vn 0.8367 0.4227 -0.3483
vn 0.7718 0.4230 -0.4748
vn 0.6885 0.4232 -0.5889
vn 0.5889 0.4232 -0.6885
vn 0.4748 0.4230 -0.7718
vn 0.3483 0.4227 -0.8367
vn 0.2125 0.4222 -0.8813
vn 0.0710 0.4218 -0.9039
vn 0.9096 0.4094 -0.0714
vn 0.8868 0.4098 -0.2138
vn 0.8419 0.4103 -0.3505
vn 0.8419 0.4102 -0.3505
vn 0.7766 0.4106 -0.4777
vn 0.6929 0.4108 -0.5926
vn 0.5926 0.4108 -0.6929
vn 0.4777 0.4106 -0.7766
vn 0.3505 0.4102 -0.8419
vn 0.3505 0.4103 -0.8419
vn 0.2138 0.4098 -0.8868
vn 0.0714 0.4094 -0.9096
vn 0.9180 0.3901 -0.0721
vn 0.8950 0.3905 -0.2158
vn 0.8497 0.3909 -0.3538
vn 0.7838 0.3913 -0.4822
vn 0.6993 0.3914 -0.5981
vn 0.5981 0.3915 -0.6993
vn 0.5981 0.3914 -0.6993
vn 0.4822 0.3913 -0.7838
vn 0.3538 0.3909 -0.8497
vn 0.2158 0.3905 -0.8950
vn 0.0721 0.3901 -0.9180
vn 0.9289 0.3630 -0.0729
vn 0.9057 0.3633 -0.2184
vn 0.8599 0.3637 -0.3580
vn 0.7933 0.3641 -0.4880
vn 0.7077 0.3643 -0.6053
vn 0.7078 0.3643 -0.6053
vn 0.6053 0.3643 -0.7077
vn 0.4880 0.3641 -0.7933
vn 0.3580 0.3637 -0.8599
vn 0.2184 0.3633 -0.9057
vn 0.0729 0.3630 -0.9289
vn 0.9422 0.3267 -0.0740
vn 0.9187 0.3271 -0.2215
vn 0.8723 0.3275 -0.3632
vn 0.8047 0.3278 -0.4950
vn 0.7179 0.3279 -0.6140
vn 0.6140 0.3279 -0.7179
vn 0.4950 0.3278 -0.8047
vn 0.3632 0.3275 -0.8723
vn 0.2215 0.3271 -0.9187
vn 0.0740 0.3267 -0.9422
vn 0.9571 0.2797 -0.0751
vn 0.9332 0.2800 -0.2250
vn 0.8862 0.2804 -0.3689
vn 0.8175 0.2807 -0.5029
vn 0.7294 0.2808 -0.6238
vn 0.6238 0.2808 -0.7294
vn 0.5029 0.2807 -0.8175
vn 0.3689 0.2804 -0.8862
vn 0.2250 0.2800 -0.9332
vn 0.0751 0.2797 -0.9571
vn 0.9725 0.2199 -0.0763
vn 0.9483 0.2202 -0.2286
vn 0.9005 0.2204 -0.3749
vn 0.8308 0.2207 -0.5110
vn 0.7412 0.2208 -0.6339
vn 0.6339 0.2208 -0.7412
vn 0.5110 0.2207 -0.8308
vn 0.3749 0.2204 -0.9005
vn 0.2286 0.2202 -0.9483
vn 0.0763 0.2199 -0.9725
vn 0.9864 0.1449 -0.0774
vn 0.9619 0.1451 -0.2319
vn 0.9134 0.1453 -0.3803
vn 0.8427 0.1454 -0.5184
vn 0.7519 0.1455 -0.6431
vn 0.6431 0.1455 -0.7519
vn 0.5184 0.1454 -0.8427
vn 0.3803 0.1453 -0.9134
vn 0.2319 0.1451 -0.9619
vn 0.0774 0.1449 -0.9864
vn 0.9956 0.0526 -0.0782
vn 0.9956 0.0526 -0.0781
vn 0.9708 0.0527 -0.2341
vn 0.9219 0.0527 -0.3838
vn 0.8506 0.0528 -0.5232
vn 0.7589 0.0528 -0.6491
vn 0.6491 0.0528 -0.7589
vn 0.5232 0.0528 -0.8506
vn 0.3838 0.0528 -0.9219
vn 0.3838 0.0527 -0.9219
vn 0.2341 0.0527 -0.9708
vn 0.0782 0.0526 -0.9956
vn 0.0781 0.0526 -0.9956
vn -0.0707 0.4279 -0.9011
vn -0.2118 0.4283 -0.8785
vn -0.3472 0.4287 -0.8340
vn -0.4733 0.4291 -0.7693
vn -0.5870 0.4293 -0.6864
vn -0.6864 0.4293 -0.5870
vn -0.7693 0.4291 -0.4733
vn -0.8340 0.4287 -0.3472
vn -0.8785 0.4283 -0.2118
vn -0.9011 0.4279 -0.0707
vn -0.0710 0.4218 -0.9039
vn -0.2125 0.4222 -0.8813
vn -0.3483 0.4227 -0.8367
vn -0.4748 0.4230 -0.7718
vn -0.5889 0.4232 -0.6885
vn -0.6885 0.4232 -0.5889
vn -0.7718 0.4230 -0.4748
vn -0.8367 0.4227 -0.3483
vn -0.8813 0.4222 -0.2125
vn -0.9039 0.4218 -0.0710
vn -0.0714 0.4094 -0.9096
vn -0.2138 0.4098 -0.8868
vn -0.3505 0.4103 -0.8419
vn -0.3505 0.4102 -0.8419
vn -0.4777 0.4106 -0.7766
vn -0.5926 0.4108 -0.6929
vn -0.6929 0.4108 -0.5926
vn -0.7766 0.4106 -0.4777
vn -0.8419 0.4102 -0.3505
vn -0.8419 0.4103 -0.3505
vn -0.8868 0.4098 -0.2138
vn -0.9096 0.4094 -0.0714
vn -0.0721 0.3901 -0.9180
vn -0.2158 0.3905 -0.8950
vn -0.3538 0.3909 -0.8497
vn -0.4822 0.3913 -0.7838
vn -0.5981 0.3914 -0.6993
vn -0.6993 0.3914 -0.5981
vn -0.7838 0.3913 -0.4822
vn -0.8497 0.3909 -0.3538
vn -0.8950 0.3905 -0.2158
vn -0.9180 0.3901 -0.0721
vn -0.0729 0.3630 -0.9289
vn -0.2184 0.3633 -0.9057
vn -0.3580 0.3637 -0.8599
vn -0.4880 0.3641 -0.7933
vn -0.6053 0.3643 -0.7077
vn -0.6053 0.3643 -0.7078
vn -0.7077 0.3643 -0.6053
vn -0.7933 0.3641 -0.4880
vn -0.8599 0.3637 -0.3580
vn -0.9057 0.3633 -0.2184
vn -0.9289 0.3630 -0.0729
vn -0.0740 0.3267 -0.9422
vn -0.2215 0.3271 -0.9187
vn -0.3632 0.3275 -0.8723
vn -0.4950 0.3278 -0.8047
vn -0.6140 0.3279 -0.7179
vn -0.7179 0.3279 -0.6140
vn -0.8047 0.3278 -0.4950
vn -0.8723 0.3275 -0.3632
vn -0.9187 0.3271 -0.2215
vn -0.9422 0.3267 -0.0740
vn -0.0751 0.2797 -0.9571
vn -0.2250 0.2800 -0.9332
vn -0.3689 0.2804 -0.8862
vn -0.5029 0.2807 -0.8175
vn -0.6238 0.2808 -0.7294
vn -0.7294 0.2808 -0.6238
vn -0.8175 0.2807 -0.5029
vn -0.8862 0.2804 -0.3689
vn -0.9332 0.2800 -0.2250
vn -0.9571 0.2797 -0.0751
vn -0.0763 0.2199 -0.9725
vn -0.2286 0.2202 -0.9483
vn -0.3749 0.2204 -0.9005
vn -0.5110 0.2207 -0.8308
vn -0.6339 0.2208 -0.7412
vn -0.7412 0.2208 -0.6339
vn -0.8308 0.2207 -0.5110
vn -0.9005 0.2204 -0.3749
vn -0.9483 0.2202 -0.2286
vn -0.9725 0.2199 -0.0763
vn -0.0774 0.1449 -0.9864
vn -0.2319 0.1451 -0.9619
vn -0.3803 0.1453 -0.9134
vn -0.5184 0.1454 -0.8427
vn -0.6431 0.1455 -0.7519
vn -0.7519 0.1455 -0.6431
vn -0.8427 0.1454 -0.5184
vn -0.9134 0.1453 -0.3803
vn -0.9619 0.1451 -0.2319
vn -0.9864 0.1449 -0.0774
vn -0.0781 0.0526 -0.9956
vn -0.2341 0.0527 -0.9708
vn -0.3838 0.0527 -0.9219
vn -0.5232 0.0528 -0.8506
vn -0.6491 0.0528 -0.7589
vn -0.7589 0.0528 -0.6491
vn -0.8506 0.0528 -0.5232
vn -0.9219 0.0527 -0.3838
vn -0.9708 0.0527 -0.2341
vn -0.9956 0.0526 -0.0782
vn -0.9956 0.0526 -0.0781
vn -0.9911 -0.1081 0.0778
vn -0.9664 -0.1083 0.2330
vn -0.9177 -0.1084 0.3821
vn -0.8467 -0.1085 0.5209
vn -0.7555 -0.1086 0.6461
vn -0.6461 -0.1086 0.7555
vn -0.5209 -0.1085 0.8467
vn -0.3821 -0.1084 0.9177
vn -0.2330 -0.1083 0.9664
vn -0.0778 -0.1081 0.9911
vn -0.9471 -0.3122 0.0743
vn -0.9234 -0.3125 0.2226
vn -0.8768 -0.3129 0.3651
vn -0.8089 -0.3132 0.4976
vn -0.7217 -0.3134 0.6172
vn -0.6172 -0.3134 0.7217
vn -0.4976 -0.3132 0.8089
vn -0.3651 -0.3129 0.8768
vn -0.2226 -0.3125 0.9234
vn -0.0743 -0.3122 0.9471
vn -0.8758 -0.4777 0.0688
vn -0.8538 -0.4781 0.2059
vn -0.8106 -0.4786 0.3375
vn -0.7477 -0.4790 0.4599
vn -0.6670 -0.4792 0.5705
vn -0.5705 -0.4792 0.6670
vn -0.4599 -0.4790 0.7477
vn -0.3375 -0.4786 0.8106
vn -0.2059 -0.4781 0.8538
vn -0.0688 -0.4777 0.8758
vn -0.7980 -0.5994 0.0626
vn -0.7778 -0.5999 0.1875
vn -0.7383 -0.6004 0.3074
vn -0.6809 -0.6008 0.4188
vn -0.6809 -0.6008 0.4189
vn -0.6074 -0.6010 0.5195
vn -0.5195 -0.6010 0.6074
vn -0.4189 -0.6008 0.6809
vn -0.3074 -0.6004 0.7383
vn -0.1875 -0.5999 0.7778
vn -0.0626 -0.5994 0.7980
vn -0.7279 -0.6833 0.0571
vn -0.7094 -0.6837 0.1710
vn -0.6732 -0.6842 0.2803
vn -0.6208 -0.6846 0.3819
vn -0.5538 -0.6848 0.4736
vn -0.4736 -0.6848 0.5538
vn -0.3819 -0.6846 0.6208
vn -0.2803 -0.6842 0.6732
vn -0.1710 -0.6837 0.7094
vn -0.0571 -0.6833 0.7279
vn -0.6734 -0.7374 0.0529
vn -0.6562 -0.7378 0.1582
vn -0.6227 -0.7382 0.2593
vn -0.5742 -0.7386 0.3532
vn -0.5122 -0.7388 0.4380
vn -0.4380 -0.7388 0.5122
vn -0.3532 -0.7386 0.5742
vn -0.2593 -0.7382 0.6227
vn -0.1582 -0.7378 0.6562
vn -0.0529 -0.7374 0.6734
vn -0.6401 -0.7666 0.0502
vn -0.6238 -0.7670 0.1504
vn -0.5919 -0.7674 0.2464
vn -0.5457 -0.7678 0.3357
vn -0.4868 -0.7679 0.4163
vn -0.4868 -0.7680 0.4163
vn -0.4163 -0.7680 0.4868
vn -0.4163 -0.7679 0.4868
vn -0.3357 -0.7678 0.5457
vn -0.2464 -0.7674 0.5919
vn -0.1504 -0.7670 0.6238
vn -0.0502 -0.7666 0.6401
vn -0.6374 -0.7689 0.0500
vn -0.6212 -0.7692 0.1498
vn -0.6211 -0.7693 0.1498
vn -0.5894 -0.7697 0.2454
vn -0.5435 -0.7700 0.3343
vn -0.5434 -0.7700 0.3343
vn -0.4847 -0.7702 0.4146
vn -0.4146 -0.7702 0.4847
vn -0.3343 -0.7700 0.5434
vn -0.3343 -0.7700 0.5435
vn -0.2454 -0.7697 0.5894
vn -0.1498 -0.7693 0.6211
vn -0.1498 -0.7692 0.6212
vn -0.0500 -0.7689 0.6374
vn -0.6920 -0.7199 0.0543
vn -0.6743 -0.7203 0.1626
vn -0.6744 -0.7203 0.1626
vn -0.6399 -0.7208 0.2664
vn -0.5901 -0.7211 0.3630
vn -0.5263 -0.7213 0.4502
vn -0.4502 -0.7213 0.5263
vn -0.3630 -0.7211 0.5901
vn -0.2664 -0.7208 0.6399
vn -0.1626 -0.7203 0.6744
vn -0.1626 -0.7203 0.6743
vn -0.0543 -0.7199 0.6920
vn -0.8861 -0.4582 0.0696
vn -0.8639 -0.4586 0.2083
vn -0.8201 -0.4591 0.3415
vn -0.7565 -0.4595 0.4654
vn -0.6749 -0.4597 0.5772
vn -0.5772 -0.4597 0.6749
vn -0.4654 -0.4595 0.7565
vn -0.3415 -0.4591 0.8201
vn -0.2083 -0.4586 0.8639
vn -0.0696 -0.4582 0.8861
vn 0.0778 -0.1081 0.9911
vn 0.2330 -0.1083 0.9664
vn 0.3821 -0.1084 0.9177
vn 0.5209 -0.1085 0.8467
vn 0.6461 -0.1086 0.7555
vn 0.7555 -0.1086 0.6461
vn 0.8467 -0.1085 0.5209
vn 0.9177 -0.1084 0.3821
vn 0.9664 -0.1082 0.2330
vn 0.9664 -0.1083 0.2330
vn 0.9911 -0.1081 0.0778
vn 0.0743 -0.3122 0.9471
vn 0.2226 -0.3125 0.9234
vn 0.3651 -0.3129 0.8768
vn 0.4976 -0.3132 0.8089
vn 0.6172 -0.3134 0.7217
vn 0.7217 -0.3134 0.6172
vn 0.8089 -0.3132 0.4976
vn 0.8768 -0.3129 0.3651
vn 0.9234 -0.3125 0.2226
vn 0.9471 -0.3122 0.0743
vn 0.0688 -0.4777 0.8758
vn 0.2059 -0.4781 0.8538
vn 0.3375 -0.4786 0.8106
vn 0.4599 -0.4790 0.7477
vn 0.5705 -0.4792 0.6670
vn 0.6670 -0.4792 0.5705
vn 0.7477 -0.4790 0.4599
vn 0.8106 -0.4786 0.3375
vn 0.8538 -0.4781 0.2059
vn 0.8758 -0.4777 0.0688
vn 0.0626 -0.5994 0.7980
vn 0.1875 -0.5999 0.7778
vn 0.3074 -0.6004 0.7383
vn 0.4189 -0.6008 0.6809
vn 0.5195 -0.6010 0.6074
vn 0.6074 -0.6010 0.5195
vn 0.6809 -0.6008 0.4188
vn 0.6809 -0.6008 0.4189
vn 0.7383 -0.6004 0.3074
vn 0.7778 -0.5999 0.1875
vn 0.7980 -0.5994 0.0626
vn 0.0571 -0.6833 0.7279
vn 0.1710 -0.6837 0.7094
vn 0.2803 -0.6842 0.6732
vn 0.3819 -0.6846 0.6208
vn 0.4736 -0.6848 0.5538
vn 0.5538 -0.6848 0.4736
vn 0.6208 -0.6846 0.3819
vn 0.6732 -0.6842 0.2803
vn 0.7094 -0.6837 0.1710
vn 0.7279 -0.6833 0.0571
vn 0.0529 -0.7374 0.6734
vn 0.1582 -0.7378 0.6562
vn 0.2593 -0.7382 0.6227
vn 0.3532 -0.7386 0.5742
vn 0.4380 -0.7388 0.5122
vn 0.5122 -0.7388 0.4380
vn 0.5742 -0.7386 0.3532
vn 0.6227 -0.7382 0.2593
vn 0.6562 -0.7378 0.1582
vn 0.6734 -0.7374 0.0529
vn 0.0502 -0.7666 0.6401
vn 0.0502 -0.7667 0.6401
vn 0.1504 -0.7670 0.6238
vn 0.2464 -0.7674 0.5919
vn 0.3357 -0.7678 0.5457
vn 0.4163 -0.7679 0.4868
vn 0.4163 -0.7680 0.4868
vn 0.4868 -0.7680 0.4163
vn 0.4868 -0.7679 0.4163
vn 0.5457 -0.7678 0.3357
vn 0.5919 -0.7674 0.2464
vn 0.6238 -0.7670 0.1504
vn 0.6401 -0.7666 0.0502
vn 0.0500 -0.7689 0.6374
vn 0.1498 -0.7692 0.6212
vn 0.1498 -0.7693 0.6211
vn 0.2454 -0.7697 0.5894
vn 0.3343 -0.7700 0.5434
vn 0.4146 -0.7702 0.4847
vn 0.4847 -0.7702 0.4146
vn 0.5434 -0.7700 0.3343
vn 0.5894 -0.7697 0.2454
vn 0.6211 -0.7693 0.1498
vn 0.6212 -0.7692 0.1498
vn 0.6374 -0.7689 0.0500
vn 0.0543 -0.7199 0.6920
vn 0.1626 -0.7203 0.6743
vn 0.1626 -0.7203 0.6744
vn 0.2664 -0.7208 0.6399
vn 0.3630 -0.7211 0.5901
vn 0.4502 -0.7213 0.5263
vn 0.5263 -0.7213 0.4502
vn 0.5901 -0.7211 0.3630
vn 0.6399 -0.7208 0.2664
vn 0.6744 -0.7203 0.1626
vn 0.6743 -0.7203 0.1626
vn 0.6920 -0.7199 0.0543
vn 0.0696 -0.4582 0.8861
vn 0.2083 -0.4586 0.8639
vn 0.3415 -0.4591 0.8201
vn 0.4654 -0.4595 0.7565
vn 0.5772 -0.4597 0.6749
vn 0.6749 -0.4597 0.5772
vn 0.7565 -0.4595 0.4654
vn 0.8201 -0.4591 0.3415
vn 0.8639 -0.4586 0.2083
vn 0.8861 -0.4582 0.0696
vn 0.9911 -0.1081 -0.0778
vn 0.9664 -0.1083 -0.2330
vn 0.9177 -0.1084 -0.3821
vn 0.8467 -0.1085 -0.5209
vn 0.7555 -0.1086 -0.6461
vn 0.6461 -0.1086 -0.7555
vn 0.5209 -0.1085 -0.8467
vn 0.3821 -0.1084 -0.9177
vn 0.2330 -0.1083 -0.9664
vn 0.0778 -0.1081 -0.9911
vn 0.9471 -0.3122 -0.0743
vn 0.9234 -0.3125 -0.2226
vn 0.8768 -0.3129 -0.3651
vn 0.8089 -0.3132 -0.4976
vn 0.7217 -0.3134 -0.6172
vn 0.6172 -0.3134 -0.7217
vn 0.4976 -0.3132 -0.8089
vn 0.3651 -0.3129 -0.8768
vn 0.2226 -0.3125 -0.9234
vn 0.0743 -0.3122 -0.9471
vn 0.8758 -0.4777 -0.0688
vn 0.8538 -0.4781 -0.2059
vn 0.8106 -0.4786 -0.3375
vn 0.7477 -0.4790 -0.4599
vn 0.6670 -0.4792 -0.5705
vn 0.5705 -0.4792 -0.6670
vn 0.4599 -0.4790 -0.7477
vn 0.3375 -0.4786 -0.8106
vn 0.2059 -0.4781 -0.8538
vn 0.0688 -0.4777 -0.8758
vn 0.7980 -0.5994 -0.0626
vn 0.7778 -0.5999 -0.1875
vn 0.7383 -0.6004 -0.3074
vn 0.6809 -0.6008 -0.4188
vn 0.6809 -0.6008 -0.4189
vn 0.6074 -0.6010 -0.5195
vn 0.5195 -0.6010 -0.6074
vn 0.4189 -0.6008 -0.6809
vn 0.3074 -0.6004 -0.7383
vn 0.1875 -0.5999 -0.7778
vn 0.0626 -0.5994 -0.7980
vn 0.7279 -0.6833 -0.0571
vn 0.7094 -0.6837 -0.1710
vn 0.6732 -0.6842 -0.2803
vn 0.6208 -0.6846 -0.3819
vn 0.5538 -0.6848 -0.4736
vn 0.4736 -0.6848 -0.5538
vn 0.3819 -0.6846 -0.6208
vn 0.2803 -0.6842 -0.6732
vn 0.1710 -0.6837 -0.7094
vn 0.0571 -0.6833 -0.7279
vn 0.6734 -0.7374 -0.0529
vn 0.6562 -0.7378 -0.1582
vn 0.6227 -0.7382 -0.2593
vn 0.5742 -0.7386 -0.3532
vn 0.5122 -0.7388 -0.4380
vn 0.4380 -0.7388 -0.5122
vn 0.3532 -0.7386 -0.5742
vn 0.2593 -0.7382 -0.6227
vn 0.1582 -0.7378 -0.6562
vn 0.0529 -0.7374 -0.6734
vn 0.6401 -0.7666 -0.0502
vn 0.6238 -0.7670 -0.1504
vn 0.5919 -0.7674 -0.2464
vn 0.5457 -0.7678 -0.3357
vn 0.4868 -0.7680 -0.4163
vn 0.4163 -0.7680 -0.4868
vn 0.3357 -0.7678 -0.5457
vn 0.2464 -0.7674 -0.5919
vn 0.1504 -0.7670 -0.6238
vn 0.0502 -0.7666 -0.6401
vn 0.6374 -0.7689 -0.0500
vn 0.6212 -0.7692 -0.1498
vn 0.6211 -0.7693 -0.1498
vn 0.5894 -0.7697 -0.2454
vn 0.5435 -0.7700 -0.3343
vn 0.5434 -0.7700 -0.3343
vn 0.4847 -0.7702 -0.4146
vn 0.4146 -0.7702 -0.4847
vn 0.3343 -0.7700 -0.5434
vn 0.2454 -0.7697 -0.5894
vn 0.1498 -0.7693 -0.6211
vn 0.1498 -0.7692 -0.6212
vn 0.0500 -0.7689 -0.6374
vn 0.6920 -0.7199 -0.0543
vn 0.6743 -0.7203 -0.1626
vn 0.6744 -0.7203 -0.1626
vn 0.6399 -0.7208 -0.2664
vn 0.5901 -0.7211 -0.3630
vn 0.5263 -0.7213 -0.4502
vn 0.4502 -0.7213 -0.5263
vn 0.3630 -0.7211 -0.5901
vn 0.2664 -0.7208 -0.6399
vn 0.1626 -0.7203 -0.6744
vn 0.1626 -0.7203 -0.6743
vn 0.0543 -0.7199 -0.6920
vn 0.8861 -0.4582 -0.0696
vn 0.8639 -0.4586 -0.2083
vn 0.8201 -0.4591 -0.3415
vn 0.7565 -0.4595 -0.4654
vn 0.6749 -0.4597 -0.5772
vn 0.5772 -0.4597 -0.6749
vn 0.4654 -0.4595 -0.7565
vn 0.3415 -0.4591 -0.8201
vn 0.2083 -0.4586 -0.8639
vn 0.0696 -0.4582 -0.8861
vn -0.0778 -0.1081 -0.9911
vn -0.2330 -0.1083 -0.9664
vn -0.3821 -0.1084 -0.9177
vn -0.5209 -0.1085 -0.8467
vn -0.6461 -0.1086 -0.7555
vn -0.7555 -0.1086 -0.6461
vn -0.8467 -0.1085 -0.5209
vn -0.9177 -0.1084 -0.3821
vn -0.9664 -0.1083 -0.2330
vn -0.9911 -0.1081 -0.0778
vn -0.0743 -0.3122 -0.9471
vn -0.2226 -0.3125 -0.9234
vn -0.3651 -0.3129 -0.8768
vn -0.4976 -0.3132 -0.8089
vn -0.6172 -0.3134 -0.7217
vn -0.7217 -0.3134 -0.6172
vn -0.8089 -0.3132 -0.4976
vn -0.8768 -0.3129 -0.3651
vn -0.9234 -0.3125 -0.2226
vn -0.9471 -0.3122 -0.0743
vn -0.0688 -0.4777 -0.8758
vn -0.2059 -0.4781 -0.8538
vn -0.3375 -0.4786 -0.8106
vn -0.4599 -0.4790 -0.7477
vn -0.5705 -0.4792 -0.6670
vn -0.6670 -0.4792 -0.5705
vn -0.7477 -0.4790 -0.4599
vn -0.8106 -0.4786 -0.3375
vn -0.8538 -0.4781 -0.2059
vn -0.8758 -0.4777 -0.0688
vn -0.0626 -0.5994 -0.7980
vn -0.1875 -0.5999 -0.7778
vn -0.3074 -0.6004 -0.7383
vn -0.4188 -0.6008 -0.6809
vn -0.4189 -0.6008 -0.6809
vn -0.5195 -0.6010 -0.6074
vn -0.6074 -0.6010 -0.5195
vn -0.6809 -0.6008 -0.4189
vn -0.6809 -0.6008 -0.4188
vn -0.7383 -0.6004 -0.3074
vn -0.7778 -0.5999 -0.1875
vn -0.7980 -0.5994 -0.0626
vn -0.0571 -0.6833 -0.7279
vn -0.1710 -0.6837 -0.7094
vn -0.2803 -0.6842 -0.6732
vn -0.3819 -0.6846 -0.6208
vn -0.4736 -0.6848 -0.5538
vn -0.5538 -0.6848 -0.4736
vn -0.6208 -0.6846 -0.3819
vn -0.6732 -0.6842 -0.2803
vn -0.7094 -0.6837 -0.1710
vn -0.7279 -0.6833 -0.0571
vn -0.0529 -0.7374 -0.6734
vn -0.1582 -0.7378 -0.6562
vn -0.2593 -0.7382 -0.6227
vn -0.3532 -0.7386 -0.5742
vn -0.4380 -0.7388 -0.5122
vn -0.5122 -0.7388 -0.4380
vn -0.5742 -0.7386 -0.3532
vn -0.6227 -0.7382 -0.2593
vn -0.6562 -0.7378 -0.1582
vn -0.6734 -0.7374 -0.0529
vn -0.0502 -0.7666 -0.6401
vn -0.1504 -0.7670 -0.6238
vn -0.2464 -0.7674 -0.5919
vn -0.3357 -0.7678 -0.5457
vn -0.4163 -0.7679 -0.4868
vn -0.4163 -0.7680 -0.4868
vn -0.4868 -0.7680 -0.4163
vn -0.5457 -0.7678 -0.3357
vn -0.5919 -0.7674 -0.2464
vn -0.6238 -0.7670 -0.1504
vn -0.6401 -0.7666 -0.0502
vn -0.0500 -0.7689 -0.6374
vn -0.1498 -0.7692 -0.6212
vn -0.1498 -0.7693 -0.6211
vn -0.2454 -0.7697 -0.5894
vn -0.3343 -0.7700 -0.5435
vn -0.3343 -0.7700 -0.5434
vn -0.4146 -0.7702 -0.4847
vn -0.4847 -0.7702 -0.4146
vn -0.5434 -0.7700 -0.3343
vn -0.5435 -0.7700 -0.3343
vn -0.5894 -0.7697 -0.2454
vn -0.6211 -0.7693 -0.1498
vn -0.6212 -0.7692 -0.1498
vn -0.6374 -0.7689 -0.0500
vn -0.0543 -0.7199 -0.6920
vn -0.1626 -0.7203 -0.6743
vn -0.1626 -0.7203 -0.6744
vn -0.2664 -0.7208 -0.6399
vn -0.3630 -0.7211 -0.5901
vn -0.4502 -0.7213 -0.5263
vn -0.5263 -0.7213 -0.4502
vn -0.5901 -0.7211 -0.3630
vn -0.6399 -0.7208 -0.2664
vn -0.6744 -0.7203 -0.1626
vn -0.6743 -0.7203 -0.1626
vn -0.6920 -0.7199 -0.0543
vn -0.0696 -0.4582 -0.8861
vn -0.2083 -0.4586 -0.8639
vn -0.3415 -0.4591 -0.8201
vn -0.4654 -0.4595 -0.7565
vn -0.5772 -0.4597 -0.6749
vn -0.6749 -0.4597 -0.5772
vn -0.7565 -0.4595 -0.4654
vn -0.8201 -0.4591 -0.3415
vn -0.8639 -0.4586 -0.2083
vn -0.8861 -0.4582 -0.0696
vn -0.0011 -0.9970 0.0775
vn -0.0011 -0.9651 0.2618
vn -0.0011 -0.9652 0.2617
vn -0.0011 -0.8726 0.4884
vn -0.0010 -0.8727 0.4882
vn -0.0009 -0.6618 0.7496
vn -0.0008 -0.6620 0.7495
vn -0.0004 -0.2611 0.9653
vn -0.0003 -0.2612 0.9653
vn 0.0004 0.2611 0.9653
vn 0.0004 0.2612 0.9653
vn 0.0010 0.6619 0.7496
vn 0.0010 0.6620 0.7495
vn 0.0013 0.8726 0.4883
vn 0.0013 0.8727 0.4882
vn 0.0015 0.9651 0.2618
vn 0.0015 0.9652 0.2617
vn 0.0016 0.9970 0.0775
vn -0.0088 -0.9970 0.0774
vn -0.0086 -0.9970 0.0771
vn -0.0088 -0.9652 0.2615
vn -0.0085 -0.9654 0.2605
vn -0.0084 -0.8728 0.4879
vn -0.0080 -0.8737 0.4865
vn -0.0068 -0.6622 0.7493
vn -0.0064 -0.6637 0.7480
vn -0.0028 -0.2613 0.9652
vn -0.0027 -0.2622 0.9650
vn 0.0030 0.2614 0.9652
vn 0.0028 0.2622 0.9650
vn 0.0078 0.6623 0.7492
vn 0.0075 0.6635 0.7481
vn 0.0105 0.8729 0.4879
vn 0.0103 0.8735 0.4867
vn 0.0119 0.9651 0.2615
vn 0.0116 0.9653 0.2607
vn 0.0123 0.9969 0.0774
vn 0.0122 0.9969 0.0772
vn -0.0266 -0.9966 0.0774
vn -0.0261 -0.9967 0.0765
vn -0.0269 -0.9648 0.2616
vn -0.0257 -0.9656 0.2587
vn -0.0257 -0.8723 0.4882
vn -0.0244 -0.8748 0.4839
vn -0.0207 -0.6615 0.7496
vn -0.0196 -0.6658 0.7459
vn -0.0086 -0.2608 0.9654
vn -0.0082 -0.2635 0.9646
vn 0.0090 0.2607 0.9654
vn 0.0087 0.2633 0.9647
vn 0.0238 0.6610 0.7500
vn 0.0230 0.6647 0.7468
vn 0.0323 0.8718 0.4888
vn 0.0315 0.8737 0.4854
vn 0.0364 0.9643 0.2621
vn 0.0358 0.9650 0.2600
vn 0.0379 0.9963 0.0776
vn 0.0376 0.9963 0.0769
vn -0.0588 -0.9952 0.0777
vn -0.0578 -0.9954 0.0759
vn -0.0595 -0.9630 0.2628
vn -0.0570 -0.9648 0.2568
vn -0.0570 -0.8695 0.4906
vn -0.0541 -0.8748 0.4815
vn -0.0458 -0.6573 0.7522
vn -0.0437 -0.6664 0.7443
vn -0.0190 -0.2580 0.9660
vn -0.0184 -0.2636 0.9645
vn 0.0200 0.2575 0.9661
vn 0.0194 0.2628 0.9646
vn 0.0529 0.6549 0.7538
vn 0.0514 0.6627 0.7471
vn 0.0721 0.8667 0.4936
vn 0.0704 0.8709 0.4864
vn 0.0815 0.9607 0.2654
vn 0.0801 0.9620 0.2609
vn 0.0848 0.9933 0.0787
vn 0.0843 0.9934 0.0773
vn -0.1126 -0.9905 0.0787
vn -0.1107 -0.9910 0.0756
vn -0.1139 -0.9571 0.2666
vn -0.1092 -0.9605 0.2561
vn -0.1088 -0.8607 0.4973
vn -0.1036 -0.8704 0.4813
vn -0.0869 -0.6452 0.7590
vn -0.0836 -0.6614 0.7454
vn -0.0358 -0.2504 0.9675
vn -0.0351 -0.2602 0.9649
vn 0.0375 0.2491 0.9678
vn 0.0369 0.2583 0.9654
vn 0.1003 0.6383 0.7632
vn 0.0982 0.6521 0.7518
vn 0.1380 0.8519 0.5051
vn 0.1350 0.8597 0.4927
vn 0.1568 0.9491 0.2733
vn 0.1542 0.9517 0.2656
vn 0.1636 0.9832 0.0812
vn 0.1625 0.9836 0.0789
vn -0.1999 -0.9765 0.0811
vn -0.1964 -0.9775 0.0763
vn -0.2017 -0.9401 0.2750
vn -0.1937 -0.9463 0.2588
vn -0.1913 -0.8377 0.5116
vn -0.1832 -0.8540 0.4869
vn -0.1504 -0.6168 0.7726
vn -0.1467 -0.6424 0.7522
vn -0.0607 -0.2342 0.9703
vn -0.0607 -0.2488 0.9667
vn 0.0633 0.2315 0.9708
vn 0.0635 0.2450 0.9674
vn 0.1718 0.6014 0.7803
vn 0.1703 0.6225 0.7638
vn 0.2406 0.8153 0.5267
vn 0.2366 0.8281 0.5082
vn 0.2761 0.9168 0.2885
vn 0.2720 0.9217 0.2767
vn 0.2892 0.9534 0.0861
vn 0.2874 0.9543 0.0826
vn -0.3397 -0.9366 0.0860
vn -0.3342 -0.9392 0.0792
vn -0.3404 -0.8941 0.2911
vn -0.3284 -0.9055 0.2686
vn -0.3172 -0.7817 0.5370
vn -0.3073 -0.8073 0.5038
vn -0.2419 -0.5572 0.7944
vn -0.2405 -0.5927 0.7687
vn -0.0945 -0.2043 0.9743
vn -0.0966 -0.2225 0.9701
vn 0.0978 0.2000 0.9749
vn 0.1001 0.2164 0.9712
vn 0.2705 0.5288 0.8045
vn 0.2722 0.5566 0.7850
vn 0.3877 0.7331 0.5588
vn 0.3846 0.7519 0.5354
vn 0.4516 0.8360 0.3117
vn 0.4466 0.8443 0.2962
vn 0.4760 0.8745 0.0937
vn 0.4734 0.8763 0.0890
vn -0.5526 -0.8281 0.0939
vn -0.5456 -0.8336 0.0858
vn -0.5447 -0.7767 0.3161
vn -0.5313 -0.7962 0.2895
vn -0.4916 -0.6565 0.5722
vn -0.4849 -0.6914 0.5356
vn -0.3582 -0.4463 0.8200
vn -0.3637 -0.4857 0.7948
vn -0.1344 -0.1568 0.9784
vn -0.1398 -0.1742 0.9747
vn 0.1374 0.1514 0.9789
vn 0.1429 0.1667 0.9756
vn 0.3862 0.4062 0.8282
vn 0.3940 0.4342 0.8101
vn 0.5655 0.5745 0.5918
vn 0.5670 0.5963 0.5683
vn 0.6680 0.6639 0.3362
vn 0.6647 0.6753 0.3197
vn 0.7083 0.6985 0.1019
vn 0.7060 0.7016 0.0967
vn -0.8116 -0.5752 0.1024
vn -0.8067 -0.5832 0.0951
vn -0.7800 -0.5254 0.3398
vn -0.7737 -0.5483 0.3174
vn -0.6768 -0.4263 0.6002
vn -0.6802 -0.4582 0.5722
vn -0.4724 -0.2771 0.8367
vn -0.4851 -0.3055 0.8193
vn -0.1717 -0.0941 0.9807
vn -0.1788 -0.1049 0.9783
vn 0.1734 0.0896 0.9808
vn 0.1802 0.0988 0.9787
vn 0.4881 0.2404 0.8390
vn 0.4998 0.2583 0.8267
vn 0.7181 0.3412 0.6065
vn 0.7246 0.3569 0.5896
vn 0.8506 0.3951 0.3470
vn 0.8511 0.4045 0.3346
vn 0.9031 0.4162 0.1055
vn 0.9022 0.4191 0.1014
vn -0.9769 -0.1868 0.1042
vn -0.9764 -0.1906 0.1013
vn -0.9241 -0.1678 0.3433
vn -0.9255 -0.1770 0.3349
vn -0.7873 -0.1335 0.6020
vn -0.7929 -0.1440 0.5921
vn -0.5416 -0.0854 0.8363
vn -0.5495 -0.0932 0.8303
vn -0.1949 -0.0287 0.9804
vn -0.1986 -0.0313 0.9796
vn 0.1953 0.0270 0.9804
vn 0.1986 0.0292 0.9797
vn 0.5442 0.0717 0.8359
vn 0.5503 0.0762 0.8315
vn 0.7928 0.1007 0.6011
vn 0.7969 0.1050 0.5950
vn 0.9324 0.1156 0.3425
vn 0.9337 0.1185 0.3379
vn 0.9872 0.1214 0.1039
vn 0.9872 0.1224 0.1024
vn 0.0016 0.9970 -0.0775
vn 0.0015 0.9651 -0.2618
vn 0.0015 0.9652 -0.2617
vn 0.0013 0.8726 -0.4884
vn 0.0013 0.8727 -0.4882
vn 0.0010 0.6619 -0.7496
vn 0.0010 0.6620 -0.7495
vn 0.0004 0.2611 -0.9653
vn 0.0004 0.2612 -0.9653
vn -0.0003 -0.2611 -0.9653
vn -0.0004 -0.2612 -0.9653
vn -0.0008 -0.6618 -0.7497
vn -0.0009 -0.6620 -0.7495
vn -0.0010 -0.8726 -0.4884
vn -0.0011 -0.8727 -0.4882
vn -0.0011 -0.9651 -0.2618
vn -0.0011 -0.9652 -0.2617
vn -0.0011 -0.9970 -0.0775
vn 0.0122 0.9969 -0.0774
vn 0.0123 0.9969 -0.0772
vn 0.0116 0.9651 -0.2615
vn 0.0119 0.9653 -0.2607
vn 0.0102 0.8728 -0.4879
vn 0.0105 0.8735 -0.4867
vn 0.0075 0.6623 -0.7492
vn 0.0078 0.6635 -0.7482
vn 0.0028 0.2613 -0.9652
vn 0.0030 0.2622 -0.9650
vn -0.0027 -0.2613 -0.9652
vn -0.0028 -0.2622 -0.9650
vn -0.0064 -0.6622 -0.7493
vn -0.0068 -0.6636 -0.7480
vn -0.0080 -0.8728 -0.4880
vn -0.0085 -0.8736 -0.4865
vn -0.0085 -0.9652 -0.2615
vn -0.0088 -0.9654 -0.2605
vn -0.0086 -0.9970 -0.0774
vn -0.0088 -0.9970 -0.0771
vn 0.0376 0.9963 -0.0776
vn 0.0379 0.9963 -0.0770
vn 0.0358 0.9644 -0.2621
vn 0.0364 0.9649 -0.2600
vn 0.0314 0.8719 -0.4888
vn 0.0324 0.8736 -0.4856
vn 0.0229 0.6612 -0.7499
vn 0.0239 0.6644 -0.7470
vn 0.0086 0.2608 -0.9654
vn 0.0091 0.2630 -0.9647
vn -0.0082 -0.2609 -0.9653
vn -0.0087 -0.2633 -0.9647
vn -0.0195 -0.6617 -0.7495
vn -0.0208 -0.6654 -0.7462
vn -0.0243 -0.8725 -0.4881
vn -0.0258 -0.8746 -0.4842
vn -0.0257 -0.9648 -0.2616
vn -0.0269 -0.9655 -0.2588
vn -0.0261 -0.9967 -0.0774
vn -0.0266 -0.9967 -0.0765
vn 0.0843 0.9933 -0.0786
vn 0.0848 0.9934 -0.0773
vn 0.0800 0.9609 -0.2652
vn 0.0816 0.9619 -0.2611
vn 0.0701 0.8671 -0.4932
vn 0.0725 0.8704 -0.4870
vn 0.0509 0.6556 -0.7534
vn 0.0535 0.6617 -0.7478
vn 0.0190 0.2580 -0.9660
vn 0.0203 0.2621 -0.9648
vn -0.0180 -0.2585 -0.9658
vn -0.0194 -0.2628 -0.9646
vn -0.0431 -0.6582 -0.7516
vn -0.0464 -0.6651 -0.7453
vn -0.0538 -0.8701 -0.4900
vn -0.0573 -0.8740 -0.4825
vn -0.0570 -0.9632 -0.2625
vn -0.0596 -0.9645 -0.2573
vn -0.0578 -0.9953 -0.0777
vn -0.0589 -0.9954 -0.0759
vn 0.1625 0.9834 -0.0812
vn 0.1636 0.9834 -0.0789
vn 0.1539 0.9497 -0.2729
vn 0.1571 0.9510 -0.2662
vn 0.1340 0.8532 -0.5041
vn 0.1390 0.8582 -0.4941
vn 0.0964 0.6403 -0.7620
vn 0.1020 0.6496 -0.7534
vn 0.0358 0.2504 -0.9675
vn 0.0386 0.2566 -0.9657
vn -0.0339 -0.2518 -0.9672
vn -0.0369 -0.2583 -0.9654
vn -0.0819 -0.6478 -0.7574
vn -0.0887 -0.6582 -0.7476
vn -0.1027 -0.8624 -0.4956
vn -0.1098 -0.8684 -0.4836
vn -0.1089 -0.9579 -0.2657
vn -0.1142 -0.9596 -0.2572
vn -0.1106 -0.9907 -0.0786
vn -0.1127 -0.9907 -0.0757
vn 0.2873 0.9540 -0.0860
vn 0.2893 0.9537 -0.0827
vn 0.2711 0.9186 -0.2877
vn 0.2770 0.9198 -0.2778
vn 0.2339 0.8185 -0.5247
vn 0.2433 0.8246 -0.5107
vn 0.1657 0.6058 -0.7782
vn 0.1764 0.6173 -0.7667
vn 0.0607 0.2342 -0.9703
vn 0.0661 0.2417 -0.9681
vn -0.0578 -0.2371 -0.9698
vn -0.0635 -0.2450 -0.9674
vn -0.1421 -0.6226 -0.7695
vn -0.1549 -0.6355 -0.7564
vn -0.1807 -0.8421 -0.5082
vn -0.1939 -0.8491 -0.4913
vn -0.1929 -0.9424 -0.2733
vn -0.2025 -0.9439 -0.2609
vn -0.1963 -0.9772 -0.0809
vn -0.2000 -0.9768 -0.0765
vn 0.4732 0.8760 -0.0936
vn 0.4762 0.8748 -0.0892
vn 0.4444 0.8403 -0.3105
vn 0.4537 0.8399 -0.2977
vn 0.3785 0.7399 -0.5562
vn 0.3938 0.7446 -0.5389
vn 0.2625 0.5369 -0.8018
vn 0.2800 0.5473 -0.7887
vn 0.0945 0.2043 -0.9743
vn 0.1032 0.2111 -0.9720
vn -0.0908 -0.2092 -0.9736
vn -0.1001 -0.2164 -0.9712
vn -0.2305 -0.5681 -0.7900
vn -0.2518 -0.5800 -0.7747
vn -0.3013 -0.7915 -0.5317
vn -0.3233 -0.7967 -0.5106
vn -0.3265 -0.9002 -0.2883
vn -0.3424 -0.8993 -0.2720
vn -0.3340 -0.9387 -0.0856
vn -0.3399 -0.9371 -0.0796
vn 0.7056 0.7013 -0.1018
vn 0.7087 0.6989 -0.0969
vn 0.6609 0.6714 -0.3352
vn 0.6717 0.6676 -0.3211
vn 0.5565 0.5853 -0.5897
vn 0.5757 0.5849 -0.5714
vn 0.3786 0.4172 -0.8262
vn 0.4009 0.4217 -0.8133
vn 0.1344 0.1568 -0.9784
vn 0.1454 0.1603 -0.9763
vn -0.1309 -0.1630 -0.9779
vn -0.1429 -0.1667 -0.9756
vn -0.3464 -0.4626 -0.8161
vn -0.3749 -0.4671 -0.8008
vn -0.4732 -0.6747 -0.5665
vn -0.5032 -0.6720 -0.5433
vn -0.5272 -0.7900 -0.3128
vn -0.5489 -0.7826 -0.2938
vn -0.5452 -0.8331 -0.0935
vn -0.5530 -0.8287 -0.0864
vn 0.9019 0.4190 -0.1054
vn 0.9035 0.4164 -0.1015
vn 0.8471 0.4026 -0.3468
vn 0.8544 0.3969 -0.3352
vn 0.7135 0.3515 -0.6061
vn 0.7286 0.3462 -0.5910
vn 0.4840 0.2501 -0.8385
vn 0.5029 0.2477 -0.8281
vn 0.1717 0.0941 -0.9807
vn 0.1813 0.0937 -0.9790
vn -0.1696 -0.0995 -0.9805
vn -0.1802 -0.0988 -0.9787
vn -0.4653 -0.2931 -0.8352
vn -0.4908 -0.2878 -0.8224
vn -0.6649 -0.4479 -0.5977
vn -0.6912 -0.4353 -0.5768
vn -0.7678 -0.5442 -0.3381
vn -0.7857 -0.5292 -0.3203
vn -0.8061 -0.5828 -0.1022
vn -0.8122 -0.5756 -0.0955
vn 0.9870 0.1224 -0.1039
vn 0.9873 0.1214 -0.1024
vn 0.9320 0.1183 -0.3425
vn 0.9340 0.1158 -0.3380
vn 0.7922 0.1044 -0.6012
vn 0.7972 0.1012 -0.5952
vn 0.5436 0.0752 -0.8360
vn 0.5504 0.0725 -0.8317
vn 0.1949 0.0287 -0.9804
vn 0.1986 0.0275 -0.9797
vn -0.1945 -0.0307 -0.9804
vn -0.1986 -0.0292 -0.9797
vn -0.5404 -0.0916 -0.8364
vn -0.5498 -0.0866 -0.8308
vn -0.7856 -0.1426 -0.6021
vn -0.7940 -0.1346 -0.5928
vn -0.9225 -0.1764 -0.3434
vn -0.9269 -0.1683 -0.3355
vn -0.9761 -0.1905 -0.1042
vn -0.9771 -0.1869 -0.1013
vn -0.9913 0.0818 0.1028
vn -0.9913 0.0819 0.1030
vn -0.9375 0.0769 0.3393
vn -0.9373 0.0773 0.3398
vn -0.7996 0.0651 0.5970
vn -0.7991 0.0655 0.5976
vn -0.5513 0.0445 0.8331
vn -0.5508 0.0448 0.8335
vn -0.1986 0.0159 0.9799
vn -0.1984 0.0160 0.9800
vn 0.1986 -0.0158 0.9799
vn 0.1984 -0.0159 0.9800
vn 0.5513 -0.0437 0.8331
vn 0.5509 -0.0439 0.8334
vn 0.7997 -0.0632 0.5971
vn 0.7994 -0.0634 0.5975
vn 0.9377 -0.0740 0.3394
vn 0.9376 -0.0741 0.3397
vn 0.9916 -0.0782 0.1028
vn 0.9916 -0.0782 0.1029
vn -0.9710 0.2155 0.1037
vn -0.9713 0.2147 0.1027
vn -0.9170 0.2057 0.3418
vn -0.9184 0.2038 0.3391
vn -0.7799 0.1774 0.6002
vn -0.7829 0.1756 0.5969
vn -0.5359 0.1237 0.8352
vn -0.5393 0.1227 0.8331
vn -0.1925 0.0451 0.9803
vn -0.1941 0.0448 0.9800
vn 0.1924 -0.0456 0.9803
vn 0.1939 -0.0454 0.9800
vn 0.5350 -0.1280 0.8351
vn 0.5377 -0.1274 0.8334
vn 0.7777 -0.1874 0.6001
vn 0.7798 -0.1865 0.5976
vn 0.9134 -0.2211 0.3417
vn 0.9143 -0.2203 0.3399
vn 0.9666 -0.2344 0.1036
vn 0.9668 -0.2340 0.1030
vn -0.9397 0.3259 0.1038
vn -0.9408 0.3237 0.1008
vn -0.8858 0.3136 0.3422
vn -0.8907 0.3089 0.3335
vn -0.7513 0.2733 0.6007
vn -0.7612 0.2695 0.5899
vn -0.5145 0.1928 0.8356
vn -0.5260 0.1914 0.8287
vn -0.1842 0.0710 0.9803
vn -0.1894 0.0710 0.9793
vn 0.1836 -0.0726 0.9803
vn 0.1885 -0.0727 0.9794
vn 0.5096 -0.2057 0.8355
vn 0.5191 -0.2052 0.8297
vn 0.7398 -0.3033 0.6006
vn 0.7472 -0.3016 0.5923
vn 0.8682 -0.3594 0.3421
vn 0.8716 -0.3573 0.3358
vn 0.9185 -0.3816 0.1037
vn 0.9192 -0.3805 0.1017
vn -0.9001 0.4236 0.1021
vn -0.9022 0.4203 0.0969
vn -0.8477 0.4095 0.3373
vn -0.8567 0.4032 0.3218
vn -0.7189 0.3599 0.5946
vn -0.7368 0.3559 0.5749
vn -0.4926 0.2564 0.8316
vn -0.5135 0.2571 0.8187
vn -0.1762 0.0953 0.9797
vn -0.1859 0.0968 0.9778
vn 0.1749 -0.0978 0.9797
vn 0.1839 -0.0995 0.9779
vn 0.4813 -0.2771 0.8316
vn 0.4988 -0.2791 0.8205
vn 0.6930 -0.4076 0.5947
vn 0.7066 -0.4067 0.5791
vn 0.8085 -0.4821 0.3374
vn 0.8149 -0.4793 0.3258
vn 0.8533 -0.5113 0.1022
vn 0.8547 -0.5097 0.0983
vn -0.8522 0.5139 0.0984
vn -0.8553 0.5100 0.0912
vn -0.8030 0.4986 0.3265
vn -0.8156 0.4918 0.3047
vn -0.6837 0.4419 0.5808
vn -0.7084 0.4399 0.5520
vn -0.4714 0.3185 0.8224
vn -0.5011 0.3238 0.8025
vn -0.1693 0.1195 0.9783
vn -0.1833 0.1238 0.9752
vn 0.1670 -0.1226 0.9783
vn 0.1801 -0.1271 0.9754
vn 0.4530 -0.3438 0.8226
vn 0.4776 -0.3506 0.8056
vn 0.6421 -0.4998 0.5814
vn 0.6608 -0.5015 0.5585
vn 0.7411 -0.5863 0.3272
vn 0.7501 -0.5838 0.3107
vn 0.7787 -0.6196 0.0987
vn 0.7808 -0.6177 0.0933
vn -0.7951 0.5993 0.0931
vn -0.7990 0.5953 0.0844
vn -0.7507 0.5830 0.3106
vn -0.7657 0.5771 0.2841
vn -0.6440 0.5213 0.5599
vn -0.6730 0.5227 0.5233
vn -0.4497 0.3811 0.8078
vn -0.4856 0.3930 0.7809
vn -0.1630 0.1445 0.9760
vn -0.1805 0.1530 0.9716
vn 0.1598 -0.1477 0.9760
vn 0.1761 -0.1562 0.9719
vn 0.4249 -0.4069 0.8086
vn 0.4541 -0.4199 0.7858
vn 0.5898 -0.5801 0.5619
vn 0.6111 -0.5852 0.5331
vn 0.6714 -0.6719 0.3127
vn 0.6817 -0.6705 0.2927
vn 0.7015 -0.7064 0.0939
vn 0.7041 -0.7047 0.0875
vn -0.7278 0.6803 0.0870
vn -0.7320 0.6768 0.0778
vn -0.6892 0.6630 0.2922
vn -0.7047 0.6588 0.2635
vn -0.5973 0.5978 0.5346
vn -0.6269 0.6031 0.4932
vn -0.4245 0.4440 0.7891
vn -0.4622 0.4626 0.7566
vn -0.1561 0.1706 0.9729
vn -0.1755 0.1835 0.9672
vn 0.1524 -0.1733 0.9730
vn 0.1701 -0.1859 0.9677
vn 0.3961 -0.4660 0.7912
vn 0.4260 -0.4845 0.7641
vn 0.5372 -0.6488 0.5390
vn 0.5581 -0.6567 0.5071
vn 0.6030 -0.7406 0.2964
vn 0.6131 -0.7405 0.2753
vn 0.6266 -0.7743 0.0886
vn 0.6293 -0.7729 0.0820
vn -0.6494 0.7561 0.0813
vn -0.6534 0.7535 0.0729
vn -0.6174 0.7371 0.2748
vn -0.6312 0.7349 0.2478
vn -0.5411 0.6688 0.5098
vn -0.5669 0.6769 0.4695
vn -0.3922 0.5037 0.7697
vn -0.4259 0.5263 0.7360
vn -0.1470 0.1962 0.9695
vn -0.1650 0.2119 0.9633
vn 0.1432 -0.1978 0.9697
vn 0.1595 -0.2129 0.9640
vn 0.3645 -0.5187 0.7734
vn 0.3906 -0.5396 0.7458
vn 0.4847 -0.7054 0.5171
vn 0.5023 -0.7147 0.4867
vn 0.5380 -0.7946 0.2814
vn 0.5465 -0.7954 0.2620
vn 0.5567 -0.8265 0.0838
vn 0.5590 -0.8255 0.0778
vn -0.5601 0.8248 0.0778
vn -0.5631 0.8233 0.0715
vn -0.5350 0.8027 0.2636
vn -0.5449 0.8024 0.2433
vn -0.4740 0.7295 0.4932
vn -0.4919 0.7379 0.4621
vn -0.3498 0.5537 0.7557
vn -0.3730 0.5740 0.7289
vn -0.1336 0.2175 0.9669
vn -0.1463 0.2315 0.9618
vn 0.1306 -0.2180 0.9672
vn 0.1421 -0.2312 0.9625
vn 0.3287 -0.5605 0.7601
vn 0.3465 -0.5783 0.7386
vn 0.4324 -0.7493 0.5015
vn 0.4442 -0.7574 0.4786
vn 0.4774 -0.8359 0.2709
vn 0.4831 -0.8371 0.2567
vn 0.4929 -0.8663 0.0804
vn 0.4945 -0.8658 0.0761
vn -0.4610 0.8840 0.0781
vn -0.4621 0.8836 0.0757
vn -0.4432 0.8565 0.2643
vn -0.4469 0.8571 0.2563
vn -0.3965 0.7743 0.4933
vn -0.4029 0.7786 0.4811
vn -0.2962 0.5851 0.7549
vn -0.3042 0.5942 0.7446
vn -0.1148 0.2293 0.9666
vn -0.1191 0.2352 0.9646
vn 0.1136 -0.2292 0.9667
vn 0.1175 -0.2348 0.9649
vn 0.2880 -0.5861 0.7574
vn 0.2942 -0.5937 0.7490
vn 0.3806 -0.7793 0.4978
vn 0.3847 -0.7829 0.4888
vn 0.4213 -0.8663 0.2683
vn 0.4234 -0.8670 0.2627
vn 0.4355 -0.8967 0.0796
vn 0.4360 -0.8966 0.0779
vn 0.9916 -0.0782 -0.1028
vn 0.9916 -0.0782 -0.1029
vn 0.9377 -0.0741 -0.3394
vn 0.9376 -0.0740 -0.3397
vn 0.7997 -0.0634 -0.5971
vn 0.7994 -0.0632 -0.5975
vn 0.5513 -0.0439 -0.8331
vn 0.5509 -0.0437 -0.8334
vn 0.1986 -0.0159 -0.9799
vn 0.1984 -0.0158 -0.9800
vn -0.1986 0.0160 -0.9799
vn -0.1984 0.0159 -0.9800
vn -0.5513 0.0449 -0.8331
vn -0.5508 0.0445 -0.8334
vn -0.7996 0.0656 -0.5970
vn -0.7992 0.0650 -0.5976
vn -0.9375 0.0773 -0.3393
vn -0.9374 0.0768 -0.3398
vn -0.9913 0.0819 -0.1028
vn -0.9913 0.0818 -0.1030
vn 0.9667 -0.2340 -0.1036
vn 0.9667 -0.2344 -0.1030
vn 0.9137 -0.2202 -0.3417
vn 0.9141 -0.2213 -0.3399
vn 0.7780 -0.1861 -0.6001
vn 0.7794 -0.1878 -0.5977
vn 0.5352 -0.1268 -0.8351
vn 0.5373 -0.1285 -0.8335
vn 0.1925 -0.0451 -0.9803
vn 0.1937 -0.0459 -0.9800
vn -0.1927 0.0445 -0.9803
vn -0.1939 0.0454 -0.9800
vn -0.5362 0.1220 -0.8352
vn -0.5387 0.1244 -0.8332
vn -0.7804 0.1751 -0.6002
vn -0.7822 0.1779 -0.5971
vn -0.9174 0.2036 -0.3418
vn -0.9179 0.2059 -0.3392
vn -0.9712 0.2147 -0.1037
vn -0.9711 0.2155 -0.1027
vn 0.9190 -0.3804 -0.1038
vn 0.9187 -0.3817 -0.1017
vn 0.8694 -0.3564 -0.3421
vn 0.8703 -0.3603 -0.3359
vn 0.7414 -0.2992 -0.6006
vn 0.7454 -0.3055 -0.5925
vn 0.5110 -0.2020 -0.8355
vn 0.5174 -0.2088 -0.8299
vn 0.1842 -0.0710 -0.9803
vn 0.1877 -0.0742 -0.9794
vn -0.1849 0.0693 -0.9803
vn -0.1885 0.0727 -0.9794
vn -0.5163 0.1879 -0.8355
vn -0.5236 0.1962 -0.8291
vn -0.7537 0.2668 -0.6006
vn -0.7584 0.2759 -0.5905
vn -0.8878 0.3079 -0.3421
vn -0.8886 0.3146 -0.3338
vn -0.9405 0.3236 -0.1038
vn -0.9400 0.3260 -0.1008
vn 0.8544 -0.5095 -0.1022
vn 0.8536 -0.5115 -0.0984
vn 0.8114 -0.4772 -0.3375
vn 0.8120 -0.4842 -0.3260
vn 0.6967 -0.4010 -0.5948
vn 0.7025 -0.4132 -0.5795
vn 0.4846 -0.2711 -0.8317
vn 0.4949 -0.2849 -0.8209
vn 0.1762 -0.0953 -0.9797
vn 0.1821 -0.1019 -0.9780
vn -0.1777 0.0925 -0.9797
vn -0.1839 0.0995 -0.9779
vn -0.4967 0.2487 -0.8315
vn -0.5085 0.2647 -0.8194
vn -0.7241 0.3498 -0.5944
vn -0.7310 0.3660 -0.5759
vn -0.8519 0.4009 -0.3371
vn -0.8524 0.4118 -0.3224
vn -0.9017 0.4201 -0.1020
vn -0.9006 0.4238 -0.0969
vn 0.7804 -0.6174 -0.0987
vn 0.7791 -0.6199 -0.0934
vn 0.7457 -0.5804 -0.3273
vn 0.7454 -0.5897 -0.3109
vn 0.6481 -0.4918 -0.5815
vn 0.6543 -0.5093 -0.5591
vn 0.4584 -0.3365 -0.8226
vn 0.4713 -0.3577 -0.8062
vn 0.1693 -0.1195 -0.9783
vn 0.1772 -0.1301 -0.9755
vn -0.1718 0.1161 -0.9783
vn -0.1801 0.1271 -0.9754
vn -0.4782 0.3090 -0.8221
vn -0.4931 0.3331 -0.8037
vn -0.6919 0.4296 -0.5803
vn -0.6995 0.4521 -0.5535
vn -0.8095 0.4881 -0.3261
vn -0.8089 0.5023 -0.3055
vn -0.8548 0.5096 -0.0983
vn -0.8528 0.5142 -0.0913
vn 0.7037 -0.7043 -0.0939
vn 0.7019 -0.7069 -0.0876
vn 0.6772 -0.6661 -0.3127
vn 0.6758 -0.6763 -0.2931
vn 0.5975 -0.5721 -0.5618
vn 0.6028 -0.5929 -0.5340
vn 0.4321 -0.3995 -0.8085
vn 0.4457 -0.4268 -0.7869
vn 0.1630 -0.1445 -0.9760
vn 0.1721 -0.1591 -0.9721
vn -0.1664 0.1410 -0.9759
vn -0.1761 0.1562 -0.9719
vn -0.4588 0.3713 -0.8072
vn -0.4748 0.4024 -0.7827
vn -0.6548 0.5086 -0.5590
vn -0.6613 0.5353 -0.5255
vn -0.7592 0.5722 -0.3101
vn -0.7570 0.5879 -0.2852
vn -0.7984 0.5949 -0.0930
vn -0.7957 0.5997 -0.0846
vn 0.6289 -0.7724 -0.0886
vn 0.6270 -0.7747 -0.0820
vn 0.6091 -0.7357 -0.2962
vn 0.6069 -0.7454 -0.2759
vn 0.5456 -0.6420 -0.5386
vn 0.5491 -0.6632 -0.5086
vn 0.4042 -0.4598 -0.7907
vn 0.4165 -0.4900 -0.7658
vn 0.1561 -0.1706 -0.9729
vn 0.1653 -0.1880 -0.9681
vn -0.1603 0.1676 -0.9727
vn -0.1701 0.1859 -0.9677
vn -0.4351 0.4355 -0.7881
vn -0.4497 0.4703 -0.7593
vn -0.6097 0.5865 -0.5332
vn -0.6136 0.6141 -0.4963
vn -0.6988 0.6532 -0.2914
vn -0.6949 0.6685 -0.2650
vn -0.7315 0.6763 -0.0869
vn -0.7283 0.6808 -0.0780
vn 0.5587 -0.8251 -0.0837
vn 0.5570 -0.8269 -0.0779
vn 0.5435 -0.7910 -0.2810
vn 0.5410 -0.7989 -0.2628
vn 0.4924 -0.7007 -0.5163
vn 0.4941 -0.7191 -0.4887
vn 0.3724 -0.5145 -0.7724
vn 0.3815 -0.5429 -0.7482
vn 0.1470 -0.1962 -0.9695
vn 0.1547 -0.2137 -0.9646
vn -0.1513 0.1943 -0.9692
vn -0.1595 0.2129 -0.9640
vn -0.4028 0.4978 -0.7681
vn -0.4135 0.5311 -0.7396
vn -0.5531 0.6603 -0.5079
vn -0.5542 0.6848 -0.4732
vn -0.6266 0.7296 -0.2738
vn -0.6218 0.7423 -0.2496
vn -0.6530 0.7530 -0.0812
vn -0.6498 0.7566 -0.0731
vn 0.4943 -0.8656 -0.0804
vn 0.4931 -0.8666 -0.0762
vn 0.4812 -0.8338 -0.2705
vn 0.4792 -0.8391 -0.2574
vn 0.4380 -0.7468 -0.5005
vn 0.4384 -0.7596 -0.4805
vn 0.3347 -0.5586 -0.7589
vn 0.3398 -0.5793 -0.7409
vn 0.1336 -0.2175 -0.9669
vn 0.1384 -0.2310 -0.9631
vn -0.1370 0.2169 -0.9665
vn -0.1421 0.2312 -0.9625
vn -0.3580 0.5510 -0.7538
vn -0.3636 0.5756 -0.7324
vn -0.4831 0.7248 -0.4912
vn -0.4822 0.7421 -0.4656
vn -0.5421 0.7983 -0.2626
vn -0.5378 0.8067 -0.2449
vn -0.5628 0.8229 -0.0776
vn -0.5603 0.8252 -0.0717
vn 0.4360 -0.8964 -0.0795
vn 0.4355 -0.8968 -0.0779
vn 0.4227 -0.8657 -0.2680
vn 0.4219 -0.8676 -0.2631
vn 0.3826 -0.7787 -0.4972
vn 0.3826 -0.7834 -0.4898
vn 0.2903 -0.5858 -0.7567
vn 0.2917 -0.5936 -0.7501
vn 0.1148 -0.2293 -0.9666
vn 0.1161 -0.2344 -0.9652
vn -0.1161 0.2294 -0.9664
vn -0.1175 0.2348 -0.9649
vn -0.2994 0.5847 -0.7539
vn -0.3007 0.5940 -0.7462
vn -0.4000 0.7731 -0.4922
vn -0.3992 0.7795 -0.4827
vn -0.4460 0.8553 -0.2638
vn -0.4441 0.8583 -0.2570
vn -0.4621 0.8834 -0.0781
vn -0.4611 0.8841 -0.0758
vn 0.0863 0.9880 0.1281
vn 0.0805 0.9895 0.1202
vn 0.0896 0.9074 0.4105
vn 0.0767 0.9180 0.3892
vn 0.0799 0.7287 0.6801
vn 0.0671 0.7507 0.6572
vn 0.0505 0.4673 0.8827
vn 0.0425 0.4912 0.8700
vn 0.0021 0.1601 0.9871
vn -0.0008 0.1729 0.9849
vn -0.0602 -0.1598 0.9853
vn -0.0596 -0.1629 0.9848
vn -0.1283 -0.4640 0.8765
vn -0.1256 -0.4773 0.8697
vn -0.1903 -0.7177 0.6698
vn -0.1863 -0.7305 0.6570
vn -0.2337 -0.8859 0.4008
vn -0.2296 -0.8922 0.3890
vn -0.2526 -0.9595 0.1244
vn -0.2507 -0.9606 0.1201
vn 0.2929 0.9486 0.1195
vn 0.2895 0.9502 0.1154
vn 0.2692 0.8817 0.3874
vn 0.2620 0.8890 0.3756
vn 0.2067 0.7260 0.6559
vn 0.2004 0.7407 0.6413
vn 0.1043 0.4812 0.8704
vn 0.1011 0.5006 0.8598
vn -0.0261 0.1770 0.9839
vn -0.0270 0.1944 0.9806
vn -0.1659 -0.1435 0.9756
vn -0.1661 -0.1333 0.9771
vn -0.2952 -0.4374 0.8494
vn -0.2954 -0.4343 0.8509
vn -0.3958 -0.6664 0.6318
vn -0.3957 -0.6670 0.6312
vn -0.4574 -0.8087 0.3700
vn -0.4569 -0.8096 0.3685
vn -0.4823 -0.8686 0.1137
vn -0.4820 -0.8689 0.1130
vn 0.5395 0.8346 0.1112
vn 0.5386 0.8353 0.1101
vn 0.4904 0.7912 0.3654
vn 0.4884 0.7941 0.3616
vn 0.3737 0.6772 0.6338
vn 0.3722 0.6846 0.6268
vn 0.1852 0.4747 0.8604
vn 0.1863 0.4889 0.8522
vn -0.0496 0.2010 0.9783
vn -0.0455 0.2216 0.9741
vn -0.2842 -0.0921 0.9543
vn -0.2796 -0.0702 0.9575
vn -0.4777 -0.3495 0.8060
vn -0.4753 -0.3322 0.8147
vn -0.6104 -0.5377 0.5816
vn -0.6107 -0.5272 0.5909
vn -0.6836 -0.6491 0.3338
vn -0.6851 -0.6442 0.3401
vn -0.7118 -0.6950 0.1017
vn -0.7127 -0.6938 0.1038
vn 0.7539 0.6492 0.1012
vn 0.7549 0.6478 0.1028
vn 0.6932 0.6362 0.3386
vn 0.6943 0.6333 0.3420
vn 0.5433 0.5799 0.6071
vn 0.5433 0.5793 0.6077
vn 0.2819 0.4442 0.8504
vn 0.2853 0.4523 0.8450
vn -0.0565 0.2262 0.9724
vn -0.0446 0.2479 0.9678
vn -0.3790 -0.0183 0.9252
vn -0.3634 0.0121 0.9316
vn -0.6178 -0.2260 0.7532
vn -0.6069 -0.1979 0.7698
vn -0.7644 -0.3708 0.5274
vn -0.7608 -0.3515 0.5456
vn -0.8395 -0.4546 0.2976
vn -0.8403 -0.4446 0.3102
vn -0.8676 -0.4890 0.0901
vn -0.8687 -0.4862 0.0944
vn 0.8799 0.4659 0.0931
vn 0.8816 0.4617 0.0978
vn 0.8202 0.4766 0.3165
vn 0.8209 0.4673 0.3283
vn 0.6634 0.4685 0.5834
vn 0.6600 0.4601 0.5939
vn 0.3664 0.3989 0.8406
vn 0.3675 0.4001 0.8396
vn -0.0382 0.2442 0.9690
vn -0.0182 0.2649 0.9641
vn -0.4167 0.0504 0.9076
vn -0.3854 0.0868 0.9186
vn -0.6804 -0.1179 0.7232
vn -0.6564 -0.0812 0.7501
vn -0.8339 -0.2361 0.4989
vn -0.8232 -0.2094 0.5277
vn -0.9103 -0.3056 0.2793
vn -0.9087 -0.2911 0.2993
vn -0.9387 -0.3343 0.0843
vn -0.9395 -0.3302 0.0911
vn 0.9317 0.3513 0.0922
vn 0.9334 0.3442 0.1011
vn 0.8719 0.3753 0.3144
vn 0.8697 0.3596 0.3380
vn 0.7134 0.3924 0.5806
vn 0.7016 0.3766 0.6049
vn 0.4119 0.3605 0.8369
vn 0.4050 0.3549 0.8426
vn 0.0007 0.2501 0.9682
vn 0.0246 0.2681 0.9631
vn -0.3903 0.0915 0.9161
vn -0.3426 0.1326 0.9301
vn -0.6713 -0.0592 0.7388
vn -0.6295 -0.0128 0.7769
vn -0.8401 -0.1722 0.5143
vn -0.8187 -0.1364 0.5578
vn -0.9262 -0.2417 0.2895
vn -0.9210 -0.2218 0.3203
vn -0.9586 -0.2709 0.0875
vn -0.9592 -0.2651 0.0979
vn 0.9405 0.3245 0.1004
vn 0.9423 0.3141 0.1156
vn 0.8722 0.3542 0.3375
vn 0.8647 0.3308 0.3780
vn 0.7029 0.3745 0.6047
vn 0.6789 0.3494 0.6457
vn 0.4129 0.3454 0.8428
vn 0.3946 0.3321 0.8567
vn 0.0437 0.2463 0.9682
vn 0.0642 0.2608 0.9633
vn -0.3178 0.0981 0.9431
vn -0.2606 0.1435 0.9547
vn -0.6063 -0.0576 0.7931
vn -0.5458 0.0013 0.8379
vn -0.7997 -0.1864 0.5708
vn -0.7636 -0.1372 0.6310
vn -0.9054 -0.2703 0.3273
vn -0.8954 -0.2426 0.3734
vn -0.9467 -0.3063 0.0997
vn -0.9474 -0.2986 0.1154
vn 0.9154 0.3853 0.1165
vn 0.9178 0.3713 0.1403
vn 0.8295 0.4099 0.3793
vn 0.8155 0.3757 0.4402
vn 0.6463 0.4101 0.6435
vn 0.6099 0.3706 0.7005
vn 0.3813 0.3550 0.8536
vn 0.3528 0.3302 0.8755
vn 0.0762 0.2382 0.9682
vn 0.0870 0.2475 0.9650
vn -0.2297 0.0742 0.9704
vn -0.1764 0.1235 0.9765
vn -0.5037 -0.1097 0.8569
vn -0.4344 -0.0359 0.9000
vn -0.7130 -0.2764 0.6444
vn -0.6647 -0.2093 0.7172
vn -0.8385 -0.3913 0.3793
vn -0.8243 -0.3539 0.4419
vn -0.8896 -0.4416 0.1167
vn -0.8910 -0.4323 0.1385
vn 0.8397 0.5261 0.1345
vn 0.8441 0.5098 0.1662
vn 0.7388 0.5269 0.4202
vn 0.7222 0.4797 0.4984
vn 0.5577 0.4833 0.6748
vn 0.5168 0.4236 0.7440
vn 0.3334 0.3829 0.8615
vn 0.2994 0.3401 0.8915
vn 0.0925 0.2267 0.9695
vn 0.0915 0.2254 0.9700
vn -0.1538 0.0209 0.9879
vn -0.1158 0.0709 0.9907
vn -0.3898 -0.2150 0.8955
vn -0.3309 -0.1286 0.9349
vn -0.5817 -0.4350 0.6874
vn -0.5378 -0.3537 0.7653
vn -0.6995 -0.5867 0.4080
vn -0.6884 -0.5445 0.4793
vn -0.7476 -0.6521 0.1258
vn -0.7505 -0.6435 0.1504
vn 0.6871 0.7131 0.1395
vn 0.6940 0.6989 0.1727
vn 0.5982 0.6784 0.4265
vn 0.5898 0.6242 0.5123
vn 0.4535 0.5830 0.6741
vn 0.4214 0.5021 0.7552
vn 0.2816 0.4254 0.8601
vn 0.2485 0.3551 0.9012
vn 0.0938 0.2013 0.9750
vn 0.0828 0.1785 0.9805
vn -0.1040 -0.0871 0.9907
vn -0.0841 -0.0438 0.9955
vn -0.2877 -0.3980 0.8711
vn -0.2526 -0.3116 0.9160
vn -0.4191 -0.6499 0.6340
vn -0.3977 -0.5779 0.7126
vn -0.4869 -0.7963 0.3591
vn -0.4854 -0.7659 0.4216
vn -0.5116 -0.8524 0.1083
vn -0.5148 -0.8477 0.1281
vn -0.2506 -0.9601 -0.1245
vn -0.2527 -0.9601 -0.1201
vn -0.2285 -0.8870 -0.4013
vn -0.2349 -0.8909 -0.3888
vn -0.1837 -0.7186 -0.6707
vn -0.1930 -0.7291 -0.6567
vn -0.1230 -0.4643 -0.8771
vn -0.1310 -0.4762 -0.8695
vn -0.0590 -0.1598 -0.9854
vn -0.0608 -0.1627 -0.9848
vn -0.0029 0.1601 -0.9871
vn 0.0045 0.1721 -0.9851
vn 0.0390 0.4675 -0.8831
vn 0.0545 0.4894 -0.8703
vn 0.0643 0.7295 -0.6809
vn 0.0832 0.7486 -0.6578
vn 0.0756 0.9085 -0.4110
vn 0.0911 0.9165 -0.3895
vn 0.0805 0.9885 -0.1281
vn 0.0865 0.9890 -0.1202
vn -0.4820 -0.8688 -0.1137
vn -0.4823 -0.8687 -0.1130
vn -0.4566 -0.8090 -0.3701
vn -0.4576 -0.8092 -0.3685
vn -0.3955 -0.6666 -0.6318
vn -0.3960 -0.6669 -0.6312
vn -0.2965 -0.4370 -0.8492
vn -0.2941 -0.4349 -0.8511
vn -0.1702 -0.1427 -0.9750
vn -0.1618 -0.1348 -0.9776
vn -0.0341 0.1782 -0.9834
vn -0.0190 0.1920 -0.9812
vn 0.0934 0.4831 -0.8706
vn 0.1122 0.4974 -0.8602
vn 0.1951 0.7286 -0.6566
vn 0.2124 0.7372 -0.6415
vn 0.2600 0.8843 -0.3878
vn 0.2716 0.8861 -0.3757
vn 0.2893 0.9497 -0.1196
vn 0.2933 0.9490 -0.1154
vn -0.7127 -0.6940 -0.1017
vn -0.7117 -0.6948 -0.1038
vn -0.6864 -0.6465 -0.3332
vn -0.6821 -0.6471 -0.3406
vn -0.6153 -0.5340 -0.5799
vn -0.6055 -0.5315 -0.5923
vn -0.4852 -0.3455 -0.8033
vn -0.4677 -0.3372 -0.8170
vn -0.2941 -0.0885 -0.9517
vn -0.2699 -0.0752 -0.9600
vn -0.0603 0.2041 -0.9771
vn -0.0351 0.2171 -0.9755
vn 0.1761 0.4777 -0.8607
vn 0.1953 0.4850 -0.8524
vn 0.3676 0.6799 -0.6345
vn 0.3784 0.6814 -0.6265
vn 0.4873 0.7930 -0.3658
vn 0.4918 0.7922 -0.3614
vn 0.5385 0.8352 -0.1113
vn 0.5396 0.8347 -0.1101
vn -0.8689 -0.4867 -0.0899
vn -0.8673 -0.4888 -0.0945
vn -0.8434 -0.4483 -0.2960
vn -0.8361 -0.4515 -0.3116
vn -0.7714 -0.3620 -0.5234
vn -0.7535 -0.3614 -0.5492
vn -0.6285 -0.2169 -0.7469
vn -0.5960 -0.2087 -0.7754
vn -0.3929 -0.0108 -0.9195
vn -0.3500 0.0026 -0.9367
vn -0.0690 0.2315 -0.9704
vn -0.0329 0.2412 -0.9699
vn 0.2762 0.4471 -0.8508
vn 0.2907 0.4489 -0.8450
vn 0.5438 0.5795 -0.6070
vn 0.5428 0.5797 -0.6078
vn 0.6956 0.6339 -0.3381
vn 0.6917 0.6359 -0.3423
vn 0.7550 0.6479 -0.1011
vn 0.7536 0.6492 -0.1028
vn -0.9399 -0.3309 -0.0841
vn -0.9381 -0.3341 -0.0913
vn -0.9141 -0.2962 -0.2771
vn -0.9045 -0.3018 -0.3014
vn -0.8410 -0.2228 -0.4930
vn -0.8157 -0.2247 -0.5330
vn -0.6923 -0.1038 -0.7141
vn -0.6448 -0.0977 -0.7581
vn -0.4326 0.0621 -0.8995
vn -0.3710 0.0728 -0.9258
vn -0.0506 0.2513 -0.9666
vn -0.0073 0.2564 -0.9666
vn 0.3655 0.3995 -0.8407
vn 0.3683 0.3994 -0.8395
vn 0.6695 0.4621 -0.5816
vn 0.6539 0.4672 -0.5951
vn 0.8258 0.4680 -0.3149
vn 0.8148 0.4769 -0.3296
vn 0.8820 0.4619 -0.0929
vn 0.8792 0.4662 -0.0980
vn -0.9600 -0.2661 -0.0872
vn -0.9577 -0.2706 -0.0981
vn -0.9302 -0.2289 -0.2868
vn -0.9165 -0.2365 -0.3225
vn -0.8477 -0.1543 -0.5075
vn -0.8111 -0.1572 -0.5634
vn -0.6837 -0.0402 -0.7287
vn -0.6183 -0.0349 -0.7852
vn -0.4060 0.1069 -0.9076
vn -0.3298 0.1146 -0.9371
vn -0.0092 0.2579 -0.9661
vn 0.0324 0.2593 -0.9653
vn 0.4157 0.3570 -0.8365
vn 0.4018 0.3587 -0.8425
vn 0.7234 0.3785 -0.5774
vn 0.6919 0.3917 -0.6065
vn 0.8794 0.3599 -0.3118
vn 0.8616 0.3770 -0.3398
vn 0.9343 0.3445 -0.0919
vn 0.9305 0.3520 -0.1014
vn -0.9487 -0.3002 -0.0994
vn -0.9451 -0.3058 -0.1155
vn -0.9110 -0.2539 -0.3250
vn -0.8894 -0.2619 -0.3747
vn -0.8087 -0.1635 -0.5650
vn -0.7552 -0.1639 -0.6346
vn -0.6188 -0.0339 -0.7848
vn -0.5362 -0.0259 -0.8437
vn -0.3309 0.1161 -0.9365
vn -0.2517 0.1233 -0.9599
vn 0.0379 0.2530 -0.9667
vn 0.0681 0.2535 -0.9649
vn 0.4197 0.3370 -0.8428
vn 0.3895 0.3409 -0.8556
vn 0.7160 0.3533 -0.6021
vn 0.6671 0.3722 -0.6453
vn 0.8819 0.3317 -0.3350
vn 0.8542 0.3562 -0.3787
vn 0.9439 0.3146 -0.1000
vn 0.9384 0.3255 -0.1158
vn -0.8930 -0.4346 -0.1167
vn -0.8871 -0.4404 -0.1382
vn -0.8472 -0.3723 -0.3790
vn -0.8154 -0.3761 -0.4401
vn -0.7242 -0.2495 -0.6429
vn -0.6558 -0.2403 -0.7157
vn -0.5147 -0.0826 -0.8534
vn -0.4279 -0.0662 -0.9014
vn -0.2382 0.0930 -0.9668
vn -0.1720 0.1033 -0.9797
vn 0.0741 0.2422 -0.9674
vn 0.0881 0.2433 -0.9660
vn 0.3890 0.3418 -0.8555
vn 0.3478 0.3441 -0.8721
vn 0.6614 0.3830 -0.6449
vn 0.5977 0.3996 -0.6951
vn 0.8432 0.3812 -0.3792
vn 0.8017 0.4077 -0.4371
vn 0.9207 0.3725 -0.1164
vn 0.9118 0.3861 -0.1399
vn -0.7525 -0.6464 -0.1263
vn -0.7451 -0.6499 -0.1495
vn -0.7111 -0.5699 -0.4117
vn -0.6770 -0.5640 -0.4728
vn -0.5936 -0.4088 -0.6932
vn -0.5291 -0.3840 -0.7567
vn -0.3977 -0.1874 -0.8982
vn -0.3274 -0.1588 -0.9314
vn -0.1577 0.0381 -0.9867
vn -0.1146 0.0529 -0.9920
vn 0.0927 0.2262 -0.9697
vn 0.0914 0.2259 -0.9698
vn 0.3404 0.3643 -0.8668
vn 0.2957 0.3594 -0.8851
vn 0.5733 0.4525 -0.6831
vn 0.5056 0.4565 -0.7321
vn 0.7570 0.4959 -0.4255
vn 0.7052 0.5136 -0.4888
vn 0.8481 0.5122 -0.1352
vn 0.8349 0.5252 -0.1647
vn -0.5157 -0.8498 -0.1091
vn -0.5104 -0.8505 -0.1270
vn -0.4971 -0.7871 -0.3653
vn -0.4757 -0.7766 -0.4132
vn -0.4294 -0.6310 -0.6461
vn -0.3898 -0.6000 -0.6986
vn -0.2928 -0.3735 -0.8802
vn -0.2502 -0.3377 -0.9074
vn -0.1052 -0.0733 -0.9917
vn -0.0840 -0.0573 -0.9948
vn 0.0946 0.1933 -0.9766
vn 0.0827 0.1861 -0.9790
vn 0.2874 0.3993 -0.8706
vn 0.2457 0.3814 -0.8911
vn 0.4685 0.5503 -0.6911
vn 0.4111 0.5369 -0.7367
vn 0.6187 0.6517 -0.4387
vn 0.5717 0.6531 -0.4966
vn 0.6976 0.7024 -0.1413
vn 0.6832 0.7101 -0.1701
vn 0.5472 0.8258 0.1362
vn 0.5561 0.8184 0.1448
vn 0.4760 0.7762 0.4134
vn 0.4893 0.7504 0.4444
vn 0.3640 0.6649 0.6523
vn 0.3683 0.6243 0.6889
vn 0.2314 0.4923 0.8391
vn 0.2281 0.4539 0.8614
vn 0.0816 0.2447 0.9662
vn 0.0793 0.2307 0.9698
vn -0.0838 -0.0865 0.9927
vn -0.0798 -0.0625 0.9948
vn -0.2381 -0.4449 0.8634
vn -0.2340 -0.4006 0.8859
vn -0.3399 -0.7166 0.6091
vn -0.3438 -0.6858 0.6414
vn -0.3859 -0.8595 0.3352
vn -0.3933 -0.8480 0.3552
vn -0.4010 -0.9106 0.0998
vn -0.4046 -0.9085 0.1046
vn 0.4709 0.8737 0.1222
vn 0.4784 0.8687 0.1288
vn 0.4091 0.8342 0.3698
vn 0.4206 0.8171 0.3943
vn 0.3139 0.7488 0.5837
vn 0.3188 0.7228 0.6131
vn 0.2030 0.6182 0.7594
vn 0.2021 0.5959 0.7772
vn 0.0757 0.4242 0.9024
vn 0.0755 0.4229 0.9030
vn -0.0776 0.1331 0.9881
vn -0.0716 0.1687 0.9831
vn -0.2457 -0.2522 0.9359
vn -0.2386 -0.1874 0.9529
vn -0.3741 -0.6080 0.7003
vn -0.3786 -0.5584 0.7382
vn -0.4323 -0.8124 0.3913
vn -0.4431 -0.7939 0.4164
vn -0.4492 -0.8858 0.1164
vn -0.4543 -0.8824 0.1221
vn 0.3866 0.9165 0.1031
vn 0.3923 0.9135 0.1077
vn 0.3358 0.8891 0.3109
vn 0.3446 0.8795 0.3282
vn 0.2593 0.8320 0.4904
vn 0.2632 0.8190 0.5099
vn 0.1714 0.7466 0.6428
vn 0.1715 0.7390 0.6515
vn 0.0697 0.6179 0.7832
vn 0.0711 0.6284 0.7747
vn -0.0622 0.4066 0.9115
vn -0.0536 0.4519 0.8905
vn -0.2386 0.0564 0.9695
vn -0.2239 0.1475 0.9634
vn -0.4167 -0.3923 0.8200
vn -0.4171 -0.2996 0.8580
vn -0.5081 -0.7146 0.4808
vn -0.5254 -0.6760 0.5166
vn -0.5308 -0.8353 0.1435
vn -0.5396 -0.8283 0.1511
vn 0.2823 0.9564 0.0754
vn 0.2853 0.9553 0.0776
vn 0.2465 0.9422 0.2271
vn 0.2507 0.9392 0.2348
vn 0.1929 0.9136 0.3579
vn 0.1942 0.9112 0.3632
vn 0.1322 0.8720 0.4713
vn 0.1318 0.8755 0.4649
vn 0.0615 0.8110 0.5819
vn 0.0638 0.8267 0.5590
vn -0.0339 0.7098 0.7036
vn -0.0234 0.7490 0.6622
vn -0.1848 0.5177 0.8353
vn -0.1592 0.6025 0.7821
vn -0.4242 0.1387 0.8949
vn -0.3920 0.2900 0.8731
vn -0.6554 -0.3747 0.6558
vn -0.6696 -0.2504 0.6992
vn -0.7319 -0.6488 0.2083
vn -0.7519 -0.6209 0.2219
vn 0.1269 0.9915 0.0294
vn 0.1254 0.9917 0.0283
vn 0.1171 0.9888 0.0921
vn 0.1135 0.9898 0.0861
vn 0.0994 0.9834 0.1520
vn 0.0956 0.9859 0.1376
vn 0.0767 0.9750 0.2084
vn 0.0748 0.9800 0.1845
vn 0.0474 0.9631 0.2649
vn 0.0495 0.9716 0.2315
vn 0.0060 0.9459 0.3245
vn 0.0146 0.9595 0.2815
vn -0.0600 0.9202 0.3868
vn -0.0403 0.9418 0.3338
vn -0.1749 0.8813 0.4390
vn -0.1361 0.9155 0.3786
vn -0.3731 0.8271 0.4203
vn -0.3094 0.8756 0.3710
vn -0.5927 0.7835 0.1865
vn -0.5482 0.8166 0.1804
vn -0.1771 0.9820 -0.0661
vn -0.1868 0.9798 -0.0716
vn -0.1163 0.9795 -0.1643
vn -0.1310 0.9735 -0.1873
vn -0.0531 0.9790 -0.1967
vn -0.0618 0.9719 -0.2270
vn -0.0075 0.9817 -0.1905
vn -0.0100 0.9758 -0.2186
vn 0.0231 0.9854 -0.1686
vn 0.0245 0.9811 -0.1921
vn 0.0441 0.9889 -0.1416
vn 0.0478 0.9860 -0.1595
vn 0.0594 0.9918 -0.1128
vn 0.0642 0.9901 -0.1250
vn 0.0714 0.9940 -0.0824
vn 0.0763 0.9931 -0.0891
vn 0.0806 0.9955 -0.0500
vn 0.0843 0.9951 -0.0521
vn 0.0863 0.9961 -0.0161
vn 0.0877 0.9960 -0.0160
vn -0.7922 0.5521 -0.2601
vn -0.7972 0.5433 -0.2633
vn -0.5141 0.6132 -0.5997
vn -0.5194 0.5992 -0.6092
vn -0.2690 0.6830 -0.6791
vn -0.2710 0.6740 -0.6873
vn -0.1127 0.7457 -0.6567
vn -0.1129 0.7418 -0.6610
vn -0.0093 0.7989 -0.6014
vn -0.0092 0.7983 -0.6022
vn 0.0668 0.8453 -0.5300
vn 0.0664 0.8463 -0.5286
vn 0.1284 0.8876 -0.4422
vn 0.1272 0.8889 -0.4400
vn 0.1798 0.9255 -0.3334
vn 0.1779 0.9265 -0.3317
vn 0.2182 0.9545 -0.2033
vn 0.2166 0.9549 -0.2030
vn 0.2383 0.9690 -0.0645
vn 0.2376 0.9692 -0.0648
vn -0.9028 -0.3204 -0.2869
vn -0.9082 -0.3067 -0.2847
vn -0.6620 -0.1266 -0.7388
vn -0.6691 -0.0979 -0.7367
vn -0.3897 0.1144 -0.9138
vn -0.3933 0.1415 -0.9085
vn -0.1862 0.3171 -0.9299
vn -0.1887 0.3358 -0.9228
vn -0.0389 0.4831 -0.8747
vn -0.0413 0.4937 -0.8686
vn 0.0743 0.6247 -0.7773
vn 0.0721 0.6297 -0.7735
vn 0.1653 0.7475 -0.6434
vn 0.1637 0.7492 -0.6418
vn 0.2367 0.8476 -0.4749
vn 0.2359 0.8480 -0.4746
vn 0.2856 0.9158 -0.2823
vn 0.2854 0.9159 -0.2823
vn 0.3090 0.9470 -0.0880
vn -0.7313 -0.6438 -0.2251
vn -0.7429 -0.6321 -0.2205
vn -0.5875 -0.5060 -0.6315
vn -0.6093 -0.4791 -0.6319
vn -0.3925 -0.2845 -0.8746
vn -0.4083 -0.2545 -0.8767
vn -0.2128 -0.0488 -0.9759
vn -0.2219 -0.0268 -0.9747
vn -0.0590 0.1825 -0.9814
vn -0.0639 0.1931 -0.9791
vn 0.0738 0.4059 -0.9109
vn 0.0721 0.4083 -0.9100
vn 0.1867 0.6108 -0.7695
vn 0.1879 0.6099 -0.7698
vn 0.2743 0.7762 -0.5677
vn 0.2774 0.7754 -0.5673
vn 0.3304 0.8830 -0.3333
vn 0.3333 0.8826 -0.3315
vn 0.3554 0.9290 -0.1029
vn 0.3565 0.9288 -0.1017
vn -0.6201 -0.7630 -0.1825
vn -0.6319 -0.7551 -0.1747
vn -0.5177 -0.6710 -0.5308
vn -0.5435 -0.6554 -0.5245
vn -0.3700 -0.5019 -0.7818
vn -0.3925 -0.4848 -0.7816
vn -0.2178 -0.2908 -0.9317
vn -0.2313 -0.2787 -0.9321
vn -0.0703 -0.0482 -0.9964
vn -0.0757 -0.0438 -0.9962
vn 0.0724 0.2207 -0.9727
vn 0.0739 0.2199 -0.9727
vn 0.2030 0.4906 -0.8474
vn 0.2100 0.4897 -0.8462
vn 0.3048 0.7145 -0.6298
vn 0.3138 0.7150 -0.6248
vn 0.3662 0.8551 -0.3669
vn 0.3729 0.8552 -0.3599
vn 0.3917 0.9132 -0.1125
vn 0.3940 0.9126 -0.1090
vn -0.4047 -0.9089 -0.1007
vn -0.4009 -0.9103 -0.1036
vn -0.3950 -0.8522 -0.3431
vn -0.3843 -0.8556 -0.3468
vn -0.3490 -0.6980 -0.6253
vn -0.3351 -0.7053 -0.6247
vn -0.2416 -0.4169 -0.8763
vn -0.2310 -0.4291 -0.8732
vn -0.0840 -0.0705 -0.9940
vn -0.0799 -0.0783 -0.9937
vn 0.0818 0.2350 -0.9685
vn 0.0792 0.2403 -0.9675
vn 0.2353 0.4653 -0.8533
vn 0.2247 0.4811 -0.8474
vn 0.3761 0.6358 -0.6740
vn 0.3569 0.6542 -0.6669
vn 0.4938 0.7565 -0.4289
vn 0.4719 0.7707 -0.4282
vn 0.5566 0.8191 -0.1385
vn 0.5466 0.8252 -0.1423
vn -0.4544 -0.8830 -0.1178
vn -0.4490 -0.8854 -0.1205
vn -0.4449 -0.7998 -0.4030
vn -0.4303 -0.8073 -0.4038
vn -0.3851 -0.5750 -0.7218
vn -0.3680 -0.5934 -0.7159
vn -0.2480 -0.2073 -0.9463
vn -0.2370 -0.2335 -0.9430
vn -0.0770 0.1587 -0.9843
vn -0.0723 0.1429 -0.9871
vn 0.0757 0.4232 -0.9029
vn 0.0755 0.4239 -0.9026
vn 0.2061 0.6017 -0.7717
vn 0.1993 0.6128 -0.7647
vn 0.3237 0.7295 -0.6026
vn 0.3093 0.7430 -0.5935
vn 0.4235 0.8209 -0.3832
vn 0.4061 0.8311 -0.3800
vn 0.4787 0.8692 -0.1242
vn 0.4704 0.8733 -0.1266
vn -0.5396 -0.8292 -0.1460
vn -0.5304 -0.8347 -0.1484
vn -0.5281 -0.6860 -0.5006
vn -0.5050 -0.7069 -0.4952
vn -0.4275 -0.3240 -0.8439
vn -0.4074 -0.3721 -0.8340
vn -0.2360 0.1260 -0.9635
vn -0.2273 0.0762 -0.9708
vn -0.0603 0.4419 -0.8950
vn -0.0557 0.4160 -0.9076
vn 0.0693 0.6261 -0.7767
vn 0.0714 0.6199 -0.7814
vn 0.1729 0.7407 -0.6492
vn 0.1701 0.7451 -0.6449
vn 0.2658 0.8219 -0.5038
vn 0.2567 0.8297 -0.4957
vn 0.3462 0.8815 -0.3211
vn 0.3339 0.8877 -0.3171
vn 0.3924 0.9138 -0.1047
vn 0.3863 0.9163 -0.1059
vn -0.7518 -0.6236 -0.2142
vn -0.7308 -0.6478 -0.2152
vn -0.6789 -0.2714 -0.6822
vn -0.6469 -0.3611 -0.6717
vn -0.4103 0.2661 -0.8723
vn -0.4079 0.1587 -0.8991
vn -0.1721 0.5901 -0.7888
vn -0.1724 0.5292 -0.8308
vn -0.0305 0.7432 -0.6684
vn -0.0270 0.7149 -0.6987
vn 0.0605 0.8243 -0.5630
vn 0.0647 0.8130 -0.5786
vn 0.1310 0.8749 -0.4662
vn 0.1329 0.8725 -0.4702
vn 0.1947 0.9117 -0.3618
vn 0.1923 0.9133 -0.3591
vn 0.2513 0.9397 -0.2321
vn 0.2456 0.9418 -0.2294
vn 0.2853 0.9554 -0.0763
vn 0.2821 0.9563 -0.0766
vn -0.5518 0.8155 -0.1744
vn -0.5919 0.7824 -0.1937
vn -0.3196 0.8743 -0.3653
vn -0.3649 0.8259 -0.4297
vn -0.1457 0.9145 -0.3775
vn -0.1660 0.8810 -0.4431
vn -0.0476 0.9409 -0.3352
vn -0.0529 0.9203 -0.3876
vn 0.0092 0.9587 -0.2842
vn 0.0114 0.9462 -0.3234
vn 0.0456 0.9710 -0.2349
vn 0.0514 0.9634 -0.2629
vn 0.0722 0.9795 -0.1880
vn 0.0793 0.9753 -0.2061
vn 0.0942 0.9856 -0.1405
vn 0.1010 0.9835 -0.1499
vn 0.1130 0.9897 -0.0878
vn 0.1177 0.9889 -0.0908
vn 0.1254 0.9917 -0.0289
vn 0.1270 0.9915 -0.0289
vn 0.0876 0.9960 0.0165
vn 0.0863 0.9961 0.0156
vn 0.0838 0.9951 0.0534
vn 0.0810 0.9955 0.0484
vn 0.0751 0.9930 0.0909
vn 0.0724 0.9942 0.0801
vn 0.0624 0.9900 0.1265
vn 0.0612 0.9920 0.1104
vn 0.0453 0.9860 0.1605
vn 0.0466 0.9891 0.1396
vn 0.0214 0.9812 0.1919
vn 0.0263 0.9855 0.1675
vn -0.0135 0.9761 0.2169
vn -0.0038 0.9816 0.1907
vn -0.0651 0.9726 0.2232
vn -0.0493 0.9788 0.1987
vn -0.1329 0.9742 0.1823
vn -0.1133 0.9793 0.1678
vn -0.1869 0.9800 0.0692
vn -0.1763 0.9820 0.0683
vn 0.2377 0.9692 0.0643
vn 0.2383 0.9690 0.0650
vn 0.2169 0.9551 0.2018
vn 0.2180 0.9542 0.2047
vn 0.1785 0.9268 0.3303
vn 0.1793 0.9250 0.3350
vn 0.1278 0.8893 0.4391
vn 0.1279 0.8872 0.4434
vn 0.0667 0.8465 0.5282
vn 0.0665 0.8451 0.5305
vn -0.0094 0.7982 0.6023
vn -0.0091 0.7990 0.6012
vn -0.1138 0.7415 0.6612
vn -0.1117 0.7463 0.6562
vn -0.2728 0.6737 0.6868
vn -0.2670 0.6839 0.6789
vn -0.5215 0.5993 0.6074
vn -0.5115 0.6141 0.6010
vn -0.7976 0.5435 0.2617
vn -0.7914 0.5525 0.2616
vn 0.3090 0.9470 0.0880
vn 0.2854 0.9160 0.2821
vn 0.2856 0.9158 0.2825
vn 0.2362 0.8484 0.4737
vn 0.2364 0.8471 0.4759
vn 0.1647 0.7505 0.6401
vn 0.1643 0.7460 0.6453
vn 0.0742 0.6322 0.7713
vn 0.0722 0.6217 0.7799
vn -0.0378 0.4976 0.8666
vn -0.0424 0.4781 0.8773
vn -0.1836 0.3408 0.9220
vn -0.1913 0.3103 0.9312
vn -0.3870 0.1468 0.9103
vn -0.3960 0.1066 0.9120
vn -0.6637 -0.0942 0.7420
vn -0.6670 -0.1326 0.7332
vn -0.9071 -0.3064 0.2885
vn -0.9035 -0.3217 0.2831
vn 0.3564 0.9286 0.1033
vn 0.3555 0.9292 0.1014
vn 0.3325 0.8813 0.3357
vn 0.3311 0.8843 0.3291
vn 0.2759 0.7729 0.5715
vn 0.2757 0.7788 0.5635
vn 0.1870 0.6084 0.7713
vn 0.1876 0.6124 0.7680
vn 0.0738 0.4111 0.9086
vn 0.0721 0.4028 0.9124
vn -0.0581 0.2020 0.9776
vn -0.0646 0.1724 0.9829
vn -0.2119 -0.0128 0.9772
vn -0.2222 -0.0649 0.9728
vn -0.3962 -0.2391 0.8865
vn -0.4034 -0.3021 0.8637
vn -0.6006 -0.4691 0.6474
vn -0.5946 -0.5174 0.6155
vn -0.7415 -0.6309 0.2285
vn -0.7322 -0.6456 0.2171
vn 0.3938 0.9122 0.1131
vn 0.3919 0.9136 0.1084
vn 0.3708 0.8510 0.3718
vn 0.3681 0.8592 0.3553
vn 0.3087 0.7048 0.6387
vn 0.3094 0.7243 0.6161
vn 0.2042 0.4786 0.8540
vn 0.2083 0.5017 0.8396
vn 0.0724 0.2171 0.9735
vn 0.0739 0.2236 0.9719
vn -0.0701 -0.0341 0.9970
vn -0.0757 -0.0582 0.9954
vn -0.2191 -0.2595 0.9406
vn -0.2289 -0.3106 0.9226
vn -0.3781 -0.4639 0.8011
vn -0.3826 -0.5227 0.7618
vn -0.5342 -0.6429 0.5489
vn -0.5255 -0.6832 0.5071
vn -0.6306 -0.7536 0.1857
vn -0.6211 -0.7647 0.1718
vn -0.0439 0.9990 0.0034
vn -0.0428 0.9990 0.0102
vn -0.0405 0.9990 0.0168
vn -0.0374 0.9990 0.0229
vn -0.0333 0.9990 0.0285
vn -0.0284 0.9990 0.0333
vn -0.0229 0.9990 0.0374
vn -0.0168 0.9990 0.0405
vn -0.0102 0.9990 0.0428
vn -0.0034 0.9990 0.0439
vn -0.2044 0.9788 0.0159
vn -0.1991 0.9788 0.0477
vn -0.1888 0.9789 0.0782
vn -0.1740 0.9789 0.1067
vn -0.1551 0.9790 0.1325
vn -0.1325 0.9790 0.1551
vn -0.1067 0.9789 0.1740
vn -0.0782 0.9789 0.1888
vn -0.0477 0.9788 0.1991
vn -0.0159 0.9788 0.2044
vn -0.5931 0.8038 0.0461
vn -0.5931 0.8038 0.0462
vn -0.5780 0.8042 0.1384
vn -0.5485 0.8047 0.2273
vn -0.5056 0.8051 0.3101
vn -0.4507 0.8053 0.3851
vn -0.3851 0.8053 0.4507
vn -0.3101 0.8051 0.5056
vn -0.2272 0.8047 0.5485
vn -0.2273 0.8047 0.5485
vn -0.1384 0.8042 0.5780
vn -0.0461 0.8038 0.5931
vn -0.0462 0.8038 0.5931
vn -0.9970 0.0043 0.0776
vn -0.9725 0.0042 0.2329
vn -0.9725 0.0043 0.2329
vn -0.9238 0.0042 0.3828
vn -0.8524 0.0041 0.5229
vn -0.8524 0.0042 0.5229
vn -0.7603 0.0041 0.6496
vn -0.7602 0.0041 0.6496
vn -0.6496 0.0041 0.7603
vn -0.5229 0.0042 0.8524
vn -0.5229 0.0041 0.8524
vn -0.3828 0.0042 0.9238
vn -0.2329 0.0043 0.9725
vn -0.2329 0.0042 0.9725
vn -0.0776 0.0043 0.9970
vn -0.8466 -0.5281 0.0659
vn -0.8255 -0.5287 0.1977
vn -0.8255 -0.5286 0.1978
vn -0.7838 -0.5294 0.3248
vn -0.7838 -0.5293 0.3248
vn -0.7228 -0.5300 0.4434
vn -0.7228 -0.5299 0.4435
vn -0.6446 -0.5303 0.5508
vn -0.6445 -0.5303 0.5508
vn -0.5508 -0.5303 0.6446
vn -0.5508 -0.5303 0.6445
vn -0.4434 -0.5299 0.7229
vn -0.4435 -0.5300 0.7228
vn -0.3248 -0.5293 0.7838
vn -0.3248 -0.5294 0.7837
vn -0.1977 -0.5286 0.8255
vn -0.1977 -0.5287 0.8255
vn -0.0659 -0.5281 0.8466
vn -0.7474 -0.6618 0.0582
vn -0.7285 -0.6624 0.1745
vn -0.7286 -0.6623 0.1746
vn -0.6915 -0.6631 0.2866
vn -0.6915 -0.6630 0.2867
vn -0.6376 -0.6637 0.3912
vn -0.6376 -0.6636 0.3913
vn -0.5685 -0.6640 0.4858
vn -0.5685 -0.6639 0.4858
vn -0.4858 -0.6640 0.5685
vn -0.3912 -0.6636 0.6376
vn -0.3912 -0.6637 0.6376
vn -0.2866 -0.6630 0.6915
vn -0.2867 -0.6631 0.6914
vn -0.1745 -0.6623 0.7286
vn -0.1746 -0.6624 0.7285
vn -0.0582 -0.6618 0.7474
vn -0.7424 -0.6674 0.0578
vn -0.7424 -0.6674 0.0579
vn -0.7237 -0.6680 0.1735
vn -0.7237 -0.6680 0.1736
vn -0.6868 -0.6687 0.2848
vn -0.6868 -0.6687 0.2850
vn -0.6333 -0.6693 0.3886
vn -0.6332 -0.6693 0.3887
vn -0.5646 -0.6696 0.4825
vn -0.5646 -0.6696 0.4826
vn -0.4825 -0.6696 0.5646
vn -0.4826 -0.6696 0.5646
vn -0.3886 -0.6693 0.6333
vn -0.3887 -0.6693 0.6332
vn -0.2848 -0.6687 0.6869
vn -0.2850 -0.6687 0.6867
vn -0.1735 -0.6680 0.7237
vn -0.1736 -0.6680 0.7236
vn -0.0578 -0.6674 0.7424
vn -0.0579 -0.6674 0.7424
vn -0.8218 -0.5661 0.0641
vn -0.8219 -0.5660 0.0643
vn -0.8011 -0.5668 0.1922
vn -0.8011 -0.5666 0.1926
vn -0.7605 -0.5676 0.3156
vn -0.7604 -0.5674 0.3159
vn -0.7013 -0.5682 0.4305
vn -0.7012 -0.5681 0.4308
vn -0.6254 -0.5685 0.5345
vn -0.6253 -0.5685 0.5346
vn -0.5345 -0.5685 0.6254
vn -0.5346 -0.5685 0.6253
vn -0.4305 -0.5681 0.7013
vn -0.4308 -0.5682 0.7011
vn -0.3156 -0.5674 0.7605
vn -0.3159 -0.5676 0.7603
vn -0.1922 -0.5666 0.8012
vn -0.1926 -0.5668 0.8010
vn -0.0641 -0.5660 0.8219
vn -0.0643 -0.5661 0.8218
vn -0.9752 -0.2080 0.0763
vn -0.9752 -0.2079 0.0765
vn -0.9509 -0.2085 0.2286
vn -0.9509 -0.2083 0.2290
vn -0.9030 -0.2092 0.3752
vn -0.9029 -0.2089 0.3757
vn -0.8331 -0.2097 0.5119
vn -0.8329 -0.2095 0.5122
vn -0.7432 -0.2099 0.6353
vn -0.7431 -0.2099 0.6355
vn -0.6353 -0.2099 0.7432
vn -0.6355 -0.2100 0.7430
vn -0.5119 -0.2095 0.8331
vn -0.5121 -0.2097 0.8329
vn -0.3752 -0.2089 0.9031
vn -0.3757 -0.2092 0.9028
vn -0.2286 -0.2083 0.9510
vn -0.2290 -0.2085 0.9508
vn -0.0763 -0.2079 0.9752
vn -0.0765 -0.2080 0.9751
vn -0.8311 0.5523 0.0652
vn -0.8102 0.5527 0.1952
vn -0.8101 0.5527 0.1953
vn -0.7692 0.5531 0.3201
vn -0.7691 0.5532 0.3202
vn -0.7095 0.5534 0.4363
vn -0.7094 0.5535 0.4364
vn -0.6329 0.5536 0.5413
vn -0.5413 0.5536 0.6329
vn -0.4362 0.5535 0.7095
vn -0.4364 0.5534 0.7094
vn -0.3200 0.5532 0.7691
vn -0.3202 0.5531 0.7691
vn -0.1951 0.5527 0.8102
vn -0.1953 0.5527 0.8102
vn -0.0652 0.5524 0.8311
vn -0.0652 0.5523 0.8311
vn 0.0034 0.9990 0.0439
vn 0.0102 0.9990 0.0428
vn 0.0168 0.9990 0.0405
vn 0.0229 0.9990 0.0374
vn 0.0284 0.9990 0.0333
vn 0.0333 0.9990 0.0285
vn 0.0374 0.9990 0.0229
vn 0.0405 0.9990 0.0168
vn 0.0428 0.9990 0.0102
vn 0.0439 0.9990 0.0034
vn 0.0159 0.9788 0.2044
vn 0.0477 0.9788 0.1991
vn 0.0782 0.9789 0.1888
vn 0.1067 0.9789 0.1740
vn 0.1325 0.9790 0.1551
vn 0.1551 0.9790 0.1325
vn 0.1740 0.9789 0.1067
vn 0.1888 0.9789 0.0782
vn 0.1991 0.9788 0.0477
vn 0.2044 0.9788 0.0159
vn 0.0461 0.8038 0.5931
vn 0.1384 0.8042 0.5780
vn 0.2273 0.8047 0.5485
vn 0.3101 0.8051 0.5056
vn 0.3851 0.8053 0.4507
vn 0.4507 0.8053 0.3851
vn 0.5056 0.8051 0.3101
vn 0.5485 0.8047 0.2272
vn 0.5485 0.8047 0.2273
vn 0.5780 0.8042 0.1384
vn 0.5931 0.8038 0.0461
vn 0.5931 0.8038 0.0462
vn 0.0776 0.0043 0.9970
vn 0.2329 0.0042 0.9725
vn 0.2329 0.0043 0.9725
vn 0.3828 0.0042 0.9238
vn 0.5229 0.0041 0.8524
vn 0.5229 0.0042 0.8524
vn 0.6496 0.0041 0.7603
vn 0.7603 0.0041 0.6496
vn 0.7602 0.0041 0.6496
vn 0.8524 0.0042 0.5229
vn 0.8524 0.0041 0.5229
vn 0.9238 0.0042 0.3828
vn 0.9725 0.0043 0.2329
vn 0.9725 0.0042 0.2329
vn 0.9970 0.0043 0.0776
vn 0.0659 -0.5281 0.8466
vn 0.1977 -0.5287 0.8255
vn 0.1978 -0.5286 0.8255
vn 0.3248 -0.5294 0.7838
vn 0.3248 -0.5293 0.7838
vn 0.4434 -0.5300 0.7228
vn 0.4435 -0.5299 0.7228
vn 0.5508 -0.5303 0.6446
vn 0.6446 -0.5303 0.5508
vn 0.6445 -0.5303 0.5508
vn 0.7229 -0.5299 0.4434
vn 0.7228 -0.5300 0.4435
vn 0.7838 -0.5294 0.3248
vn 0.7837 -0.5294 0.3248
vn 0.8255 -0.5286 0.1977
vn 0.8255 -0.5287 0.1977
vn 0.8466 -0.5281 0.0659
vn 0.0582 -0.6618 0.7474
vn 0.1745 -0.6624 0.7286
vn 0.1746 -0.6623 0.7286
vn 0.2866 -0.6631 0.6915
vn 0.2867 -0.6630 0.6915
vn 0.3912 -0.6637 0.6376
vn 0.3913 -0.6636 0.6376
vn 0.4858 -0.6640 0.5685
vn 0.5685 -0.6639 0.4858
vn 0.5685 -0.6640 0.4858
vn 0.6376 -0.6636 0.3912
vn 0.6376 -0.6637 0.3912
vn 0.6915 -0.6630 0.2866
vn 0.6914 -0.6631 0.2867
vn 0.7286 -0.6623 0.1745
vn 0.7285 -0.6624 0.1746
vn 0.7474 -0.6618 0.0582
vn 0.0578 -0.6674 0.7424
vn 0.0579 -0.6674 0.7424
vn 0.1735 -0.6680 0.7236
vn 0.1736 -0.6680 0.7237
vn 0.2848 -0.6687 0.6868
vn 0.2850 -0.6687 0.6868
vn 0.3886 -0.6693 0.6333
vn 0.3887 -0.6693 0.6332
vn 0.4825 -0.6696 0.5646
vn 0.4826 -0.6696 0.5646
vn 0.5646 -0.6696 0.4825
vn 0.5646 -0.6696 0.4826
vn 0.6333 -0.6693 0.3886
vn 0.6332 -0.6693 0.3887
vn 0.6869 -0.6687 0.2848
vn 0.6867 -0.6687 0.2850
vn 0.7237 -0.6680 0.1735
vn 0.7236 -0.6680 0.1736
vn 0.7425 -0.6674 0.0578
vn 0.7424 -0.6674 0.0579
vn 0.0641 -0.5661 0.8218
vn 0.0643 -0.5660 0.8219
vn 0.1922 -0.5668 0.8011
vn 0.1926 -0.5666 0.8011
vn 0.3156 -0.5676 0.7605
vn 0.3159 -0.5674 0.7604
vn 0.4305 -0.5682 0.7013
vn 0.4308 -0.5681 0.7012
vn 0.5345 -0.5685 0.6254
vn 0.5346 -0.5685 0.6253
vn 0.6254 -0.5685 0.5345
vn 0.6253 -0.5685 0.5346
vn 0.7013 -0.5681 0.4305
vn 0.7011 -0.5682 0.4308
vn 0.7605 -0.5674 0.3156
vn 0.7603 -0.5676 0.3159
vn 0.8012 -0.5666 0.1922
vn 0.8010 -0.5668 0.1926
vn 0.8219 -0.5660 0.0641
vn 0.8218 -0.5661 0.0643
vn 0.0763 -0.2080 0.9752
vn 0.0765 -0.2079 0.9752
vn 0.2286 -0.2085 0.9509
vn 0.2290 -0.2083 0.9509
vn 0.3752 -0.2092 0.9030
vn 0.3757 -0.2089 0.9029
vn 0.5119 -0.2097 0.8331
vn 0.5122 -0.2095 0.8329
vn 0.6353 -0.2099 0.7432
vn 0.6355 -0.2099 0.7431
vn 0.7432 -0.2099 0.6353
vn 0.7430 -0.2099 0.6355
vn 0.8331 -0.2095 0.5119
vn 0.8329 -0.2097 0.5121
vn 0.9031 -0.2089 0.3752
vn 0.9028 -0.2092 0.3757
vn 0.9510 -0.2083 0.2286
vn 0.9508 -0.2085 0.2290
vn 0.9752 -0.2079 0.0763
vn 0.9751 -0.2080 0.0765
vn 0.0652 0.5523 0.8311
vn 0.1952 0.5527 0.8102
vn 0.1953 0.5527 0.8101
vn 0.3201 0.5531 0.7692
vn 0.3202 0.5532 0.7691
vn 0.4363 0.5534 0.7095
vn 0.4364 0.5535 0.7094
vn 0.5413 0.5536 0.6329
vn 0.6329 0.5536 0.5413
vn 0.7095 0.5535 0.4362
vn 0.7094 0.5534 0.4364
vn 0.7691 0.5532 0.3200
vn 0.7691 0.5531 0.3202
vn 0.8102 0.5527 0.1951
vn 0.8102 0.5527 0.1953
vn 0.8311 0.5523 0.0652
vn 0.0439 0.9990 -0.0034
vn 0.0428 0.9990 -0.0102
vn 0.0405 0.9990 -0.0168
vn 0.0374 0.9990 -0.0229
vn 0.0333 0.9990 -0.0285
vn 0.0284 0.9990 -0.0333
vn 0.0229 0.9990 -0.0374
vn 0.0168 0.9990 -0.0405
vn 0.0102 0.9990 -0.0428
vn 0.0034 0.9990 -0.0439
vn 0.2044 0.9788 -0.0159
vn 0.1991 0.9788 -0.0477
vn 0.1888 0.9789 -0.0782
vn 0.1740 0.9789 -0.1067
vn 0.1551 0.9790 -0.1325
vn 0.1325 0.9790 -0.1551
vn 0.1067 0.9789 -0.1740
vn 0.0782 0.9789 -0.1888
vn 0.0477 0.9788 -0.1991
vn 0.0159 0.9788 -0.2044
vn 0.5931 0.8038 -0.0461
vn 0.5931 0.8038 -0.0462
vn 0.5780 0.8042 -0.1384
vn 0.5485 0.8047 -0.2273
vn 0.5056 0.8051 -0.3101
vn 0.4507 0.8053 -0.3851
vn 0.3851 0.8053 -0.4507
vn 0.3101 0.8051 -0.5056
vn 0.2272 0.8047 -0.5485
vn 0.2273 0.8047 -0.5485
vn 0.1384 0.8042 -0.5780
vn 0.0461 0.8038 -0.5931
vn 0.0462 0.8038 -0.5931
vn 0.9970 0.0043 -0.0776
vn 0.9725 0.0042 -0.2329
vn 0.9725 0.0043 -0.2329
vn 0.9238 0.0042 -0.3828
vn 0.8524 0.0041 -0.5229
vn 0.8524 0.0042 -0.5229
vn 0.7603 0.0041 -0.6496
vn 0.6496 0.0041 -0.7603
vn 0.5229 0.0042 -0.8524
vn 0.5229 0.0041 -0.8524
vn 0.3828 0.0042 -0.9238
vn 0.2329 0.0043 -0.9725
vn 0.2329 0.0042 -0.9725
vn 0.0776 0.0043 -0.9970
vn 0.8466 -0.5281 -0.0659
vn 0.8255 -0.5287 -0.1977
vn 0.8255 -0.5286 -0.1978
vn 0.7838 -0.5294 -0.3248
vn 0.7838 -0.5293 -0.3248
vn 0.7228 -0.5300 -0.4434
vn 0.7228 -0.5299 -0.4435
vn 0.6446 -0.5303 -0.5508
vn 0.6445 -0.5303 -0.5508
vn 0.5508 -0.5303 -0.6446
vn 0.5508 -0.5303 -0.6445
vn 0.4434 -0.5299 -0.7229
vn 0.4435 -0.5300 -0.7228
vn 0.3248 -0.5293 -0.7838
vn 0.3248 -0.5294 -0.7837
vn 0.1977 -0.5286 -0.8255
vn 0.1977 -0.5287 -0.8255
vn 0.0659 -0.5281 -0.8466
vn 0.7474 -0.6618 -0.0582
vn 0.7285 -0.6624 -0.1745
vn 0.7286 -0.6623 -0.1746
vn 0.6915 -0.6631 -0.2866
vn 0.6915 -0.6630 -0.2867
vn 0.6376 -0.6637 -0.3912
vn 0.6376 -0.6636 -0.3913
vn 0.5685 -0.6640 -0.4858
vn 0.5685 -0.6639 -0.4858
vn 0.4858 -0.6640 -0.5685
vn 0.3912 -0.6636 -0.6376
vn 0.3912 -0.6637 -0.6376
vn 0.2866 -0.6630 -0.6915
vn 0.2867 -0.6631 -0.6914
vn 0.1745 -0.6623 -0.7286
vn 0.1746 -0.6624 -0.7285
vn 0.0582 -0.6618 -0.7474
vn 0.7424 -0.6674 -0.0578
vn 0.7424 -0.6674 -0.0579
vn 0.7237 -0.6680 -0.1735
vn 0.7237 -0.6680 -0.1736
vn 0.6868 -0.6687 -0.2848
vn 0.6868 -0.6687 -0.2850
vn 0.6333 -0.6693 -0.3886
vn 0.6332 -0.6693 -0.3887
vn 0.5646 -0.6696 -0.4825
vn 0.5646 -0.6696 -0.4826
vn 0.4825 -0.6696 -0.5646
vn 0.4826 -0.6696 -0.5646
vn 0.3886 -0.6693 -0.6333
vn 0.3887 -0.6693 -0.6332
vn 0.2848 -0.6687 -0.6869
vn 0.2850 -0.6687 -0.6867
vn 0.1735 -0.6680 -0.7237
vn 0.1736 -0.6680 -0.7236
vn 0.0578 -0.6674 -0.7424
vn 0.0579 -0.6674 -0.7424
vn 0.8218 -0.5661 -0.0641
vn 0.8219 -0.5660 -0.0643
vn 0.8011 -0.5668 -0.1922
vn 0.8011 -0.5666 -0.1926
vn 0.7605 -0.5676 -0.3156
vn 0.7604 -0.5674 -0.3159
vn 0.7013 -0.5682 -0.4305
vn 0.7012 -0.5681 -0.4308
vn 0.6254 -0.5685 -0.5345
vn 0.6253 -0.5685 -0.5346
vn 0.5345 -0.5685 -0.6254
vn 0.5346 -0.5685 -0.6253
vn 0.4305 -0.5681 -0.7013
vn 0.4308 -0.5682 -0.7011
vn 0.3156 -0.5674 -0.7605
vn 0.3159 -0.5676 -0.7603
vn 0.1922 -0.5666 -0.8012
vn 0.1926 -0.5668 -0.8010
vn 0.0641 -0.5660 -0.8219
vn 0.0643 -0.5661 -0.8218
vn 0.9752 -0.2080 -0.0763
vn 0.9752 -0.2079 -0.0765
vn 0.9509 -0.2085 -0.2286
vn 0.9509 -0.2083 -0.2290
vn 0.9030 -0.2092 -0.3752
vn 0.9029 -0.2089 -0.3757
vn 0.8331 -0.2097 -0.5119
vn 0.8329 -0.2095 -0.5122
vn 0.7432 -0.2099 -0.6353
vn 0.7431 -0.2099 -0.6355
vn 0.6353 -0.2099 -0.7432
vn 0.6355 -0.2100 -0.7430
vn 0.5119 -0.2095 -0.8331
vn 0.5121 -0.2097 -0.8329
vn 0.3752 -0.2089 -0.9031
vn 0.3757 -0.2092 -0.9028
vn 0.2286 -0.2083 -0.9510
vn 0.2290 -0.2085 -0.9508
vn 0.0763 -0.2079 -0.9752
vn 0.0765 -0.2080 -0.9751
vn 0.8311 0.5523 -0.0652
vn 0.8102 0.5527 -0.1952
vn 0.8101 0.5527 -0.1953
vn 0.7692 0.5531 -0.3201
vn 0.7691 0.5532 -0.3202
vn 0.7095 0.5534 -0.4363
vn 0.7094 0.5535 -0.4364
vn 0.6329 0.5536 -0.5413
vn 0.5413 0.5536 -0.6329
vn 0.4362 0.5535 -0.7095
vn 0.4364 0.5534 -0.7094
vn 0.3200 0.5532 -0.7691
vn 0.3202 0.5531 -0.7691
vn 0.1951 0.5527 -0.8102
vn 0.1953 0.5527 -0.8102
vn 0.0652 0.5524 -0.8311
vn 0.0652 0.5523 -0.8311
vn -0.0034 0.9990 -0.0439
vn -0.0102 0.9990 -0.0428
vn -0.0168 0.9990 -0.0405
vn -0.0229 0.9990 -0.0374
vn -0.0284 0.9990 -0.0333
vn -0.0333 0.9990 -0.0285
vn -0.0374 0.9990 -0.0229
vn -0.0405 0.9990 -0.0168
vn -0.0428 0.9990 -0.0102
vn -0.0439 0.9990 -0.0034
vn -0.0159 0.9788 -0.2044
vn -0.0477 0.9788 -0.1991
vn -0.0782 0.9789 -0.1888
vn -0.1067 0.9789 -0.1740
vn -0.1325 0.9790 -0.1551
vn -0.1551 0.9790 -0.1325
vn -0.1740 0.9789 -0.1067
vn -0.1888 0.9789 -0.0782
vn -0.1991 0.9788 -0.0477
vn -0.2044 0.9788 -0.0159
vn -0.0461 0.8038 -0.5931
vn -0.1384 0.8042 -0.5780
vn -0.2273 0.8047 -0.5485
vn -0.3101 0.8051 -0.5056
vn -0.3851 0.8053 -0.4507
vn -0.4507 0.8053 -0.3851
vn -0.5056 0.8051 -0.3101
vn -0.5485 0.8047 -0.2272
vn -0.5485 0.8047 -0.2273
vn -0.5780 0.8042 -0.1384
vn -0.5931 0.8038 -0.0461
vn -0.5931 0.8038 -0.0462
vn -0.0776 0.0043 -0.9970
vn -0.2329 0.0042 -0.9725
vn -0.2329 0.0043 -0.9725
vn -0.3828 0.0042 -0.9238
vn -0.5229 0.0041 -0.8524
vn -0.5229 0.0042 -0.8524
vn -0.6496 0.0041 -0.7603
vn -0.7603 0.0041 -0.6496
vn -0.8524 0.0042 -0.5229
vn -0.8524 0.0041 -0.5229
vn -0.9238 0.0042 -0.3828
vn -0.9725 0.0043 -0.2329
vn -0.9725 0.0042 -0.2329
vn -0.9970 0.0043 -0.0776
vn -0.0659 -0.5281 -0.8466
vn -0.1977 -0.5287 -0.8255
vn -0.1978 -0.5286 -0.8255
vn -0.3248 -0.5294 -0.7838
vn -0.3248 -0.5293 -0.7838
vn -0.4434 -0.5300 -0.7228
vn -0.4435 -0.5299 -0.7228
vn -0.5508 -0.5303 -0.6446
vn -0.6446 -0.5303 -0.5508
vn -0.6445 -0.5303 -0.5508
vn -0.7229 -0.5299 -0.4434
vn -0.7228 -0.5300 -0.4435
vn -0.7838 -0.5294 -0.3248
vn -0.7837 -0.5294 -0.3248
vn -0.8255 -0.5286 -0.1977
vn -0.8255 -0.5287 -0.1977
vn -0.8466 -0.5281 -0.0659
vn -0.0582 -0.6618 -0.7474
vn -0.1745 -0.6624 -0.7286
vn -0.1746 -0.6623 -0.7286
vn -0.2866 -0.6631 -0.6915
vn -0.2867 -0.6630 -0.6915
vn -0.3912 -0.6637 -0.6376
vn -0.3913 -0.6636 -0.6376
vn -0.4858 -0.6640 -0.5685
vn -0.5685 -0.6639 -0.4858
vn -0.5685 -0.6640 -0.4858
vn -0.6376 -0.6636 -0.3912
vn -0.6376 -0.6637 -0.3912
vn -0.6915 -0.6630 -0.2866
vn -0.6914 -0.6631 -0.2867
vn -0.7286 -0.6623 -0.1745
vn -0.7285 -0.6624 -0.1746
vn -0.7474 -0.6618 -0.0582
vn -0.0578 -0.6674 -0.7424
vn -0.0579 -0.6674 -0.7424
vn -0.1735 -0.6680 -0.7236
vn -0.1736 -0.6680 -0.7237
vn -0.2848 -0.6687 -0.6868
vn -0.2850 -0.6687 -0.6868
vn -0.3886 -0.6693 -0.6333
vn -0.3887 -0.6693 -0.6332
vn -0.4825 -0.6696 -0.5646
vn -0.4826 -0.6696 -0.5646
vn -0.5646 -0.6696 -0.4825
vn -0.5646 -0.6696 -0.4826
vn -0.6333 -0.6693 -0.3886
vn -0.6332 -0.6693 -0.3887
vn -0.6869 -0.6687 -0.2848
vn -0.6867 -0.6687 -0.2850
vn -0.7237 -0.6680 -0.1735
vn -0.7236 -0.6680 -0.1736
vn -0.7425 -0.6674 -0.0578
vn -0.7424 -0.6674 -0.0579
vn -0.0641 -0.5661 -0.8218
vn -0.0643 -0.5660 -0.8219
vn -0.1922 -0.5668 -0.8011
vn -0.1926 -0.5666 -0.8011
vn -0.3156 -0.5676 -0.7605
vn -0.3159 -0.5674 -0.7604
vn -0.4305 -0.5682 -0.7013
vn -0.4308 -0.5681 -0.7012
vn -0.5345 -0.5685 -0.6254
vn -0.5346 -0.5685 -0.6253
vn -0.6254 -0.5685 -0.5345
vn -0.6253 -0.5685 -0.5346
vn -0.7013 -0.5681 -0.4306
vn -0.7011 -0.5682 -0.4308
vn -0.7605 -0.5674 -0.3156
vn -0.7603 -0.5676 -0.3159
vn -0.8012 -0.5666 -0.1922
vn -0.8010 -0.5668 -0.1926
vn -0.8219 -0.5660 -0.0641
vn -0.8218 -0.5661 -0.0643
vn -0.0763 -0.2080 -0.9752
vn -0.0765 -0.2079 -0.9752
vn -0.2286 -0.2085 -0.9509
vn -0.2290 -0.2083 -0.9509
vn -0.3752 -0.2092 -0.9030
vn -0.3757 -0.2089 -0.9029
vn -0.5119 -0.2097 -0.8331
vn -0.5122 -0.2095 -0.8329
vn -0.6353 -0.2099 -0.7432
vn -0.6355 -0.2099 -0.7431
vn -0.7432 -0.2099 -0.6353
vn -0.7430 -0.2100 -0.6355
vn -0.8331 -0.2095 -0.5119
vn -0.8329 -0.2097 -0.5121
vn -0.9031 -0.2089 -0.3752
vn -0.9028 -0.2092 -0.3757
vn -0.9510 -0.2083 -0.2286
vn -0.9508 -0.2085 -0.2290
vn -0.9752 -0.2079 -0.0763
vn -0.9751 -0.2080 -0.0765
vn -0.0652 0.5523 -0.8311
vn -0.1952 0.5527 -0.8102
vn -0.1953 0.5527 -0.8101
vn -0.3201 0.5531 -0.7692
vn -0.3202 0.5532 -0.7691
vn -0.4363 0.5534 -0.7095
vn -0.4364 0.5535 -0.7094
vn -0.5413 0.5536 -0.6329
vn -0.6329 0.5536 -0.5413
vn -0.7095 0.5535 -0.4362
vn -0.7094 0.5534 -0.4364
vn -0.7691 0.5532 -0.3200
vn -0.7691 0.5531 -0.3202
vn -0.8102 0.5527 -0.1951
vn -0.8102 0.5527 -0.1953
vn -0.8311 0.5523 -0.0652
vn -0.4568 0.8889 0.0359
vn -0.4450 0.8891 0.1073
vn -0.4221 0.8893 0.1758
vn -0.3891 0.8895 0.2394
vn -0.3470 0.8896 0.2968
vn -0.2968 0.8896 0.3470
vn -0.2394 0.8895 0.3891
vn -0.1757 0.8893 0.4221
vn -0.1758 0.8893 0.4221
vn -0.1073 0.8891 0.4450
vn -0.0359 0.8889 0.4568
vn -0.2877 0.9574 0.0226
vn -0.2803 0.9575 0.0676
vn -0.2658 0.9576 0.1107
vn -0.2450 0.9577 0.1507
vn -0.2185 0.9578 0.1869
vn -0.1869 0.9578 0.2185
vn -0.1507 0.9577 0.2450
vn -0.1107 0.9576 0.2658
vn -0.0676 0.9575 0.2803
vn -0.0226 0.9574 0.2877
vn -0.2050 0.9786 0.0161
vn -0.1997 0.9787 0.0482
vn -0.1894 0.9787 0.0789
vn -0.1746 0.9788 0.1074
vn -0.1557 0.9788 0.1331
vn -0.1557 0.9788 0.1332
vn -0.1331 0.9788 0.1557
vn -0.1074 0.9788 0.1746
vn -0.0789 0.9787 0.1894
vn -0.0481 0.9787 0.1997
vn -0.0482 0.9787 0.1997
vn -0.0161 0.9786 0.2050
vn -0.1642 0.9863 0.0129
vn -0.1599 0.9864 0.0386
vn -0.1517 0.9864 0.0631
vn -0.1398 0.9864 0.0860
vn -0.1246 0.9865 0.1066
vn -0.1066 0.9865 0.1246
vn -0.0860 0.9864 0.1398
vn -0.0631 0.9864 0.1517
vn -0.0386 0.9864 0.1599
vn -0.0129 0.9863 0.1642
vn -0.1489 0.9888 0.0117
vn -0.1450 0.9888 0.0350
vn -0.1376 0.9888 0.0573
vn -0.1268 0.9889 0.0780
vn -0.1131 0.9889 0.0967
vn -0.0967 0.9889 0.1131
vn -0.0780 0.9889 0.1268
vn -0.0573 0.9888 0.1376
vn -0.0350 0.9888 0.1450
vn -0.0117 0.9888 0.1489
vn -0.1549 0.9879 0.0122
vn -0.1509 0.9879 0.0364
vn -0.1431 0.9879 0.0596
vn -0.1319 0.9879 0.0811
vn -0.1176 0.9880 0.1006
vn -0.1006 0.9880 0.1176
vn -0.0811 0.9879 0.1319
vn -0.0596 0.9879 0.1431
vn -0.0364 0.9879 0.1509
vn -0.0122 0.9879 0.1549
vn -0.1862 0.9824 0.0146
vn -0.1814 0.9824 0.0437
vn -0.1720 0.9825 0.0716
vn -0.1585 0.9825 0.0975
vn -0.1414 0.9825 0.1209
vn -0.1209 0.9825 0.1414
vn -0.0975 0.9825 0.1585
vn -0.0716 0.9825 0.1720
vn -0.0437 0.9824 0.1814
vn -0.0146 0.9824 0.1862
vn -0.2602 0.9653 0.0204
vn -0.2535 0.9654 0.0611
vn -0.2404 0.9655 0.1001
vn -0.2216 0.9656 0.1363
vn -0.1976 0.9656 0.1690
vn -0.1690 0.9656 0.1976
vn -0.1363 0.9656 0.2216
vn -0.1001 0.9655 0.2404
vn -0.0611 0.9654 0.2535
vn -0.0204 0.9653 0.2602
vn -0.0204 0.9653 0.2603
vn -0.4335 0.9005 0.0340
vn -0.4223 0.9007 0.1018
vn -0.4006 0.9009 0.1668
vn -0.3693 0.9011 0.2272
vn -0.3293 0.9012 0.2817
vn -0.2817 0.9012 0.3293
vn -0.2272 0.9011 0.3693
vn -0.1668 0.9009 0.4006
vn -0.1018 0.9007 0.4223
vn -0.0340 0.9005 0.4335
vn -0.8471 0.5273 0.0665
vn -0.8257 0.5278 0.1991
vn -0.7838 0.5283 0.3263
vn -0.7230 0.5287 0.4447
vn -0.6450 0.5289 0.5516
vn -0.5516 0.5289 0.6450
vn -0.4447 0.5287 0.7230
vn -0.3263 0.5283 0.7838
vn -0.1991 0.5278 0.8257
vn -0.0665 0.5273 0.8471
vn 0.0359 0.8889 0.4568
vn 0.1073 0.8891 0.4450
vn 0.1757 0.8893 0.4221
vn 0.1758 0.8893 0.4221
vn 0.2394 0.8895 0.3891
vn 0.2968 0.8896 0.3470
vn 0.3470 0.8896 0.2968
vn 0.3891 0.8895 0.2394
vn 0.4221 0.8893 0.1757
vn 0.4221 0.8893 0.1758
vn 0.4450 0.8891 0.1073
vn 0.4568 0.8889 0.0359
vn 0.0226 0.9574 0.2877
vn 0.0676 0.9575 0.2803
vn 0.1107 0.9576 0.2658
vn 0.1507 0.9577 0.2450
vn 0.1869 0.9578 0.2185
vn 0.2185 0.9578 0.1869
vn 0.2450 0.9577 0.1507
vn 0.2658 0.9576 0.1107
vn 0.2803 0.9575 0.0676
vn 0.2877 0.9574 0.0226
vn 0.0161 0.9786 0.2050
vn 0.0481 0.9787 0.1997
vn 0.0482 0.9787 0.1997
vn 0.0789 0.9787 0.1894
vn 0.1074 0.9788 0.1746
vn 0.1331 0.9788 0.1557
vn 0.1557 0.9788 0.1331
vn 0.1746 0.9788 0.1074
vn 0.1894 0.9787 0.0789
vn 0.1997 0.9787 0.0482
vn 0.2050 0.9786 0.0161
vn 0.0129 0.9863 0.1642
vn 0.0386 0.9864 0.1599
vn 0.0631 0.9864 0.1517
vn 0.0860 0.9864 0.1398
vn 0.1066 0.9865 0.1246
vn 0.1246 0.9865 0.1066
vn 0.1398 0.9864 0.0860
vn 0.1517 0.9864 0.0631
vn 0.1599 0.9864 0.0386
vn 0.1642 0.9863 0.0129
vn 0.0117 0.9888 0.1489
vn 0.0350 0.9888 0.1450
vn 0.0573 0.9888 0.1376
vn 0.0780 0.9889 0.1268
vn 0.0967 0.9889 0.1131
vn 0.1131 0.9889 0.0967
vn 0.1268 0.9889 0.0780
vn 0.1376 0.9888 0.0573
vn 0.1450 0.9888 0.0350
vn 0.1489 0.9888 0.0117
vn 0.0122 0.9879 0.1549
vn 0.0364 0.9879 0.1509
vn 0.0596 0.9879 0.1431
vn 0.0811 0.9879 0.1319
vn 0.1006 0.9880 0.1176
vn 0.1176 0.9880 0.1006
vn 0.1319 0.9879 0.0811
vn 0.1431 0.9879 0.0596
vn 0.1509 0.9879 0.0364
vn 0.1549 0.9879 0.0122
vn 0.0146 0.9824 0.1862
vn 0.0437 0.9824 0.1814
vn 0.0716 0.9825 0.1720
vn 0.0975 0.9825 0.1585
vn 0.1209 0.9825 0.1414
vn 0.1414 0.9825 0.1209
vn 0.1585 0.9825 0.0975
vn 0.1720 0.9825 0.0716
vn 0.1814 0.9824 0.0437
vn 0.1862 0.9824 0.0146
vn 0.0204 0.9653 0.2602
vn 0.0611 0.9654 0.2535
vn 0.1001 0.9655 0.2404
vn 0.1363 0.9656 0.2216
vn 0.1690 0.9656 0.1976
vn 0.1976 0.9656 0.1690
vn 0.2216 0.9656 0.1363
vn 0.2404 0.9655 0.1001
vn 0.2535 0.9654 0.0611
vn 0.2602 0.9653 0.0204
vn 0.0340 0.9005 0.4335
vn 0.1018 0.9007 0.4223
vn 0.1668 0.9009 0.4006
vn 0.2272 0.9011 0.3693
vn 0.2817 0.9012 0.3293
vn 0.3293 0.9012 0.2817
vn 0.3693 0.9011 0.2272
vn 0.4006 0.9009 0.1668
vn 0.4223 0.9007 0.1018
vn 0.4335 0.9005 0.0340
vn 0.0665 0.5273 0.8470
vn 0.0665 0.5273 0.8471
vn 0.1991 0.5278 0.8257
vn 0.3263 0.5283 0.7838
vn 0.4447 0.5287 0.7230
vn 0.5516 0.5289 0.6450
vn 0.6450 0.5289 0.5516
vn 0.7230 0.5287 0.4447
vn 0.7838 0.5283 0.3263
vn 0.8257 0.5278 0.1991
vn 0.8471 0.5273 0.0665
vn 0.8470 0.5273 0.0665
vn 0.4568 0.8889 -0.0359
vn 0.4450 0.8891 -0.1073
vn 0.4221 0.8893 -0.1758
vn 0.3891 0.8895 -0.2394
vn 0.3470 0.8896 -0.2968
vn 0.2968 0.8896 -0.3470
vn 0.2394 0.8895 -0.3891
vn 0.1757 0.8893 -0.4221
vn 0.1758 0.8893 -0.4221
vn 0.1073 0.8891 -0.4450
vn 0.0359 0.8889 -0.4568
vn 0.2877 0.9574 -0.0226
vn 0.2803 0.9575 -0.0676
vn 0.2658 0.9576 -0.1107
vn 0.2450 0.9577 -0.1507
vn 0.2185 0.9578 -0.1869
vn 0.1869 0.9578 -0.2185
vn 0.1507 0.9577 -0.2450
vn 0.1107 0.9576 -0.2658
vn 0.0676 0.9575 -0.2803
vn 0.0226 0.9574 -0.2877
vn 0.2050 0.9786 -0.0161
vn 0.1997 0.9787 -0.0482
vn 0.1894 0.9787 -0.0789
vn 0.1746 0.9788 -0.1074
vn 0.1557 0.9788 -0.1331
vn 0.1557 0.9788 -0.1332
vn 0.1331 0.9788 -0.1557
vn 0.1074 0.9788 -0.1746
vn 0.0789 0.9787 -0.1894
vn 0.0481 0.9787 -0.1997
vn 0.0482 0.9787 -0.1997
vn 0.0161 0.9786 -0.2050
vn 0.1642 0.9863 -0.0129
vn 0.1599 0.9864 -0.0386
vn 0.1517 0.9864 -0.0631
vn 0.1398 0.9864 -0.0860
vn 0.1246 0.9865 -0.1066
vn 0.1066 0.9865 -0.1246
vn 0.0860 0.9864 -0.1398
vn 0.0631 0.9864 -0.1517
vn 0.0386 0.9864 -0.1599
vn 0.0129 0.9863 -0.1642
vn 0.1489 0.9888 -0.0117
vn 0.1450 0.9888 -0.0350
vn 0.1376 0.9888 -0.0573
vn 0.1268 0.9889 -0.0780
vn 0.1131 0.9889 -0.0967
vn 0.0967 0.9889 -0.1131
vn 0.0780 0.9889 -0.1268
vn 0.0573 0.9888 -0.1376
vn 0.0350 0.9888 -0.1450
vn 0.0117 0.9888 -0.1489
vn 0.1549 0.9879 -0.0122
vn 0.1509 0.9879 -0.0364
vn 0.1431 0.9879 -0.0596
vn 0.1319 0.9879 -0.0811
vn 0.1176 0.9880 -0.1006
vn 0.1006 0.9880 -0.1176
vn 0.0811 0.9879 -0.1319
vn 0.0596 0.9879 -0.1431
vn 0.0364 0.9879 -0.1509
vn 0.0122 0.9879 -0.1549
vn 0.1862 0.9824 -0.0146
vn 0.1814 0.9824 -0.0437
vn 0.1720 0.9825 -0.0716
vn 0.1585 0.9825 -0.0975
vn 0.1414 0.9825 -0.1209
vn 0.1209 0.9825 -0.1414
vn 0.0975 0.9825 -0.1585
vn 0.0716 0.9825 -0.1720
vn 0.0437 0.9824 -0.1814
vn 0.0146 0.9824 -0.1862
vn 0.2602 0.9653 -0.0204
vn 0.2535 0.9654 -0.0611
vn 0.2404 0.9655 -0.1001
vn 0.2216 0.9656 -0.1363
vn 0.1976 0.9656 -0.1690
vn 0.1690 0.9656 -0.1976
vn 0.1363 0.9656 -0.2216
vn 0.1001 0.9655 -0.2404
vn 0.0611 0.9654 -0.2535
vn 0.0204 0.9653 -0.2602
vn 0.4335 0.9005 -0.0340
vn 0.4223 0.9007 -0.1018
vn 0.4006 0.9009 -0.1668
vn 0.3693 0.9011 -0.2272
vn 0.3293 0.9012 -0.2817
vn 0.2817 0.9012 -0.3293
vn 0.2272 0.9011 -0.3693
vn 0.1668 0.9009 -0.4006
vn 0.1018 0.9007 -0.4223
vn 0.0340 0.9005 -0.4335
vn 0.8471 0.5273 -0.0665
vn 0.8257 0.5278 -0.1991
vn 0.7838 0.5283 -0.3263
vn 0.7230 0.5287 -0.4447
vn 0.6450 0.5289 -0.5516
vn 0.5516 0.5289 -0.6450
vn 0.4447 0.5287 -0.7230
vn 0.3263 0.5283 -0.7838
vn 0.1991 0.5278 -0.8257
vn 0.0665 0.5273 -0.8471
vn -0.0359 0.8889 -0.4568
vn -0.1073 0.8891 -0.4450
vn -0.1758 0.8893 -0.4221
vn -0.2394 0.8895 -0.3891
vn -0.2968 0.8896 -0.3470
vn -0.3470 0.8896 -0.2968
vn -0.3891 0.8895 -0.2394
vn -0.4221 0.8893 -0.1757
vn -0.4221 0.8893 -0.1758
vn -0.4450 0.8891 -0.1073
vn -0.4568 0.8889 -0.0359
vn -0.0226 0.9574 -0.2877
vn -0.0676 0.9575 -0.2803
vn -0.1107 0.9576 -0.2658
vn -0.1507 0.9577 -0.2450
vn -0.1869 0.9578 -0.2185
vn -0.2185 0.9578 -0.1869
vn -0.2450 0.9577 -0.1507
vn -0.2658 0.9576 -0.1107
vn -0.2803 0.9575 -0.0676
vn -0.2877 0.9574 -0.0226
vn -0.0161 0.9786 -0.2050
vn -0.0481 0.9787 -0.1997
vn -0.0482 0.9787 -0.1997
vn -0.0789 0.9787 -0.1894
vn -0.1074 0.9788 -0.1746
vn -0.1331 0.9788 -0.1557
vn -0.1557 0.9788 -0.1331
vn -0.1746 0.9788 -0.1074
vn -0.1894 0.9787 -0.0789
vn -0.1997 0.9787 -0.0482
vn -0.2050 0.9786 -0.0161
vn -0.0129 0.9863 -0.1642
vn -0.0386 0.9864 -0.1599
vn -0.0631 0.9864 -0.1517
vn -0.0860 0.9864 -0.1398
vn -0.1066 0.9865 -0.1246
vn -0.1246 0.9865 -0.1066
vn -0.1398 0.9864 -0.0860
vn -0.1517 0.9864 -0.0631
vn -0.1599 0.9864 -0.0386
vn -0.1642 0.9863 -0.0129
vn -0.0117 0.9888 -0.1489
vn -0.0350 0.9888 -0.1450
vn -0.0573 0.9888 -0.1376
vn -0.0780 0.9889 -0.1268
vn -0.0967 0.9889 -0.1131
vn -0.1131 0.9889 -0.0967
vn -0.1268 0.9889 -0.0780
vn -0.1376 0.9888 -0.0573
vn -0.1450 0.9888 -0.0350
vn -0.1489 0.9888 -0.0117
vn -0.0122 0.9879 -0.1549
vn -0.0364 0.9879 -0.1509
vn -0.0596 0.9879 -0.1431
vn -0.0811 0.9879 -0.1319
vn -0.1006 0.9880 -0.1176
vn -0.1176 0.9880 -0.1006
vn -0.1319 0.9879 -0.0811
vn -0.1431 0.9879 -0.0596
vn -0.1509 0.9879 -0.0364
vn -0.1549 0.9879 -0.0122
vn -0.0146 0.9824 -0.1862
vn -0.0437 0.9824 -0.1814
vn -0.0716 0.9825 -0.1720
vn -0.0975 0.9825 -0.1585
vn -0.1209 0.9825 -0.1414
vn -0.1414 0.9825 -0.1209
vn -0.1585 0.9825 -0.0975
vn -0.1720 0.9825 -0.0716
vn -0.1814 0.9824 -0.0437
vn -0.1862 0.9824 -0.0146
vn -0.0204 0.9653 -0.2602
vn -0.0611 0.9654 -0.2535
vn -0.1001 0.9655 -0.2404
vn -0.1363 0.9656 -0.2216
vn -0.1690 0.9656 -0.1976
vn -0.1976 0.9656 -0.1690
vn -0.2216 0.9656 -0.1363
vn -0.2404 0.9655 -0.1001
vn -0.2535 0.9654 -0.0611
vn -0.2602 0.9653 -0.0204
vn -0.0340 0.9005 -0.4335
vn -0.1018 0.9007 -0.4223
vn -0.1668 0.9009 -0.4006
vn -0.2272 0.9011 -0.3693
vn -0.2817 0.9012 -0.3293
vn -0.3293 0.9012 -0.2817
vn -0.3693 0.9011 -0.2272
vn -0.4006 0.9009 -0.1668
vn -0.4223 0.9007 -0.1018
vn -0.4335 0.9005 -0.0340
vn -0.0665 0.5273 -0.8470
vn -0.0665 0.5273 -0.8471
vn -0.1991 0.5278 -0.8257
vn -0.3263 0.5283 -0.7838
vn -0.4447 0.5287 -0.7230
vn -0.5516 0.5289 -0.6450
vn -0.6450 0.5289 -0.5516
vn -0.7230 0.5287 -0.4447
vn -0.7838 0.5283 -0.3263
vn -0.8257 0.5278 -0.1991
vn -0.8471 0.5273 -0.0665
vn -0.0056 -1.0000 -0.0004
vn -0.0055 -1.0000 -0.0013
vn -0.0052 -1.0000 -0.0022
vn -0.0048 -1.0000 -0.0029
vn -0.0043 -1.0000 -0.0036
vn -0.0036 -1.0000 -0.0043
vn -0.0029 -1.0000 -0.0048
vn -0.0022 -1.0000 -0.0052
vn -0.0013 -1.0000 -0.0055
vn -0.0004 -1.0000 -0.0056
vn -0.0198 -0.9998 -0.0015
vn -0.0198 -0.9998 -0.0016
vn -0.0192 -0.9998 -0.0046
vn -0.0183 -0.9998 -0.0076
vn -0.0168 -0.9998 -0.0103
vn -0.0150 -0.9998 -0.0128
vn -0.0128 -0.9998 -0.0150
vn -0.0103 -0.9998 -0.0168
vn -0.0104 -0.9998 -0.0168
vn -0.0076 -0.9998 -0.0183
vn -0.0046 -0.9998 -0.0192
vn -0.0016 -0.9998 -0.0198
vn -0.0394 -0.9992 -0.0031
vn -0.0384 -0.9992 -0.0093
vn -0.0384 -0.9992 -0.0092
vn -0.0364 -0.9992 -0.0152
vn -0.0364 -0.9992 -0.0151
vn -0.0335 -0.9992 -0.0206
vn -0.0299 -0.9992 -0.0256
vn -0.0256 -0.9992 -0.0299
vn -0.0206 -0.9992 -0.0335
vn -0.0151 -0.9992 -0.0364
vn -0.0093 -0.9992 -0.0384
vn -0.0031 -0.9992 -0.0394
vn -0.0677 -0.9977 -0.0053
vn -0.0660 -0.9977 -0.0159
vn -0.0625 -0.9977 -0.0260
vn -0.0576 -0.9977 -0.0355
vn -0.0514 -0.9977 -0.0440
vn -0.0440 -0.9977 -0.0514
vn -0.0355 -0.9977 -0.0576
vn -0.0260 -0.9977 -0.0625
vn -0.0159 -0.9977 -0.0660
vn -0.0053 -0.9977 -0.0677
vn -0.1107 -0.9938 -0.0087
vn -0.1078 -0.9938 -0.0260
vn -0.1022 -0.9939 -0.0426
vn -0.0942 -0.9939 -0.0580
vn -0.0840 -0.9939 -0.0719
vn -0.0719 -0.9939 -0.0840
vn -0.0580 -0.9939 -0.0942
vn -0.0426 -0.9939 -0.1022
vn -0.0260 -0.9938 -0.1078
vn -0.0087 -0.9938 -0.1107
vn -0.1799 -0.9836 -0.0141
vn -0.1752 -0.9836 -0.0422
vn -0.1662 -0.9837 -0.0692
vn -0.1531 -0.9837 -0.0942
vn -0.1366 -0.9837 -0.1168
vn -0.1168 -0.9837 -0.1366
vn -0.0942 -0.9837 -0.1531
vn -0.0692 -0.9837 -0.1662
vn -0.0422 -0.9836 -0.1752
vn -0.0141 -0.9836 -0.1799
vn -0.2990 -0.9540 -0.0235
vn -0.2913 -0.9541 -0.0702
vn -0.2763 -0.9542 -0.1150
vn -0.2547 -0.9543 -0.1567
vn -0.2271 -0.9543 -0.1942
vn -0.1942 -0.9543 -0.2271
vn -0.1567 -0.9543 -0.2547
vn -0.1150 -0.9542 -0.2763
vn -0.0702 -0.9541 -0.2913
vn -0.0235 -0.9540 -0.2990
vn -0.5103 -0.8590 -0.0401
vn -0.4972 -0.8593 -0.1199
vn -0.4717 -0.8596 -0.1964
vn -0.4349 -0.8598 -0.2675
vn -0.3878 -0.8600 -0.3317
vn -0.3317 -0.8600 -0.3878
vn -0.2675 -0.8598 -0.4349
vn -0.1964 -0.8596 -0.4717
vn -0.1199 -0.8593 -0.4972
vn -0.0401 -0.8590 -0.5103
vn -0.8125 -0.5795 -0.0638
vn -0.7920 -0.5800 -0.1909
vn -0.7919 -0.5800 -0.1909
vn -0.7517 -0.5805 -0.3130
vn -0.6933 -0.5809 -0.4265
vn -0.6185 -0.5811 -0.5290
vn -0.5290 -0.5811 -0.6185
vn -0.4265 -0.5809 -0.6933
vn -0.3130 -0.5805 -0.7517
vn -0.1909 -0.5800 -0.7919
vn -0.1909 -0.5800 -0.7920
vn -0.0638 -0.5795 -0.8125
vn -0.9849 -0.1548 -0.0773
vn -0.9604 -0.1550 -0.2315
vn -0.9120 -0.1552 -0.3797
vn -0.8414 -0.1554 -0.5176
vn -0.7507 -0.1555 -0.6421
vn -0.6421 -0.1555 -0.7507
vn -0.5176 -0.1554 -0.8414
vn -0.3797 -0.1552 -0.9120
vn -0.2315 -0.1550 -0.9604
vn -0.0773 -0.1548 -0.9849
vn 0.0004 -1.0000 -0.0056
vn 0.0013 -1.0000 -0.0055
vn 0.0022 -1.0000 -0.0052
vn 0.0029 -1.0000 -0.0048
vn 0.0036 -1.0000 -0.0043
vn 0.0043 -1.0000 -0.0036
vn 0.0048 -1.0000 -0.0029
vn 0.0052 -1.0000 -0.0022
vn 0.0055 -1.0000 -0.0013
vn 0.0056 -1.0000 -0.0004
vn 0.0016 -0.9998 -0.0198
vn 0.0046 -0.9998 -0.0192
vn 0.0076 -0.9998 -0.0183
vn 0.0103 -0.9998 -0.0168
vn 0.0104 -0.9998 -0.0168
vn 0.0128 -0.9998 -0.0150
vn 0.0150 -0.9998 -0.0128
vn 0.0168 -0.9998 -0.0104
vn 0.0168 -0.9998 -0.0103
vn 0.0183 -0.9998 -0.0076
vn 0.0192 -0.9998 -0.0046
vn 0.0198 -0.9998 -0.0016
vn 0.0198 -0.9998 -0.0015
vn 0.0031 -0.9992 -0.0394
vn 0.0093 -0.9992 -0.0384
vn 0.0151 -0.9992 -0.0364
vn 0.0206 -0.9992 -0.0335
vn 0.0256 -0.9992 -0.0299
vn 0.0299 -0.9992 -0.0256
vn 0.0335 -0.9992 -0.0206
vn 0.0364 -0.9992 -0.0151
vn 0.0384 -0.9992 -0.0092
vn 0.0384 -0.9992 -0.0093
vn 0.0394 -0.9992 -0.0031
vn 0.0053 -0.9977 -0.0677
vn 0.0159 -0.9977 -0.0660
vn 0.0260 -0.9977 -0.0625
vn 0.0355 -0.9977 -0.0576
vn 0.0440 -0.9977 -0.0514
vn 0.0514 -0.9977 -0.0440
vn 0.0576 -0.9977 -0.0355
vn 0.0625 -0.9977 -0.0260
vn 0.0660 -0.9977 -0.0159
vn 0.0677 -0.9977 -0.0053
vn 0.0087 -0.9938 -0.1107
vn 0.0260 -0.9938 -0.1078
vn 0.0426 -0.9939 -0.1022
vn 0.0580 -0.9939 -0.0942
vn 0.0719 -0.9939 -0.0840
vn 0.0840 -0.9939 -0.0719
vn 0.0942 -0.9939 -0.0580
vn 0.1022 -0.9939 -0.0426
vn 0.1078 -0.9938 -0.0260
vn 0.1107 -0.9938 -0.0087
vn 0.0141 -0.9836 -0.1799
vn 0.0422 -0.9836 -0.1752
vn 0.0692 -0.9837 -0.1662
vn 0.0942 -0.9837 -0.1531
vn 0.1168 -0.9837 -0.1366
vn 0.1366 -0.9837 -0.1168
vn 0.1531 -0.9837 -0.0942
vn 0.1662 -0.9837 -0.0692
vn 0.1752 -0.9836 -0.0422
vn 0.1799 -0.9836 -0.0141
vn 0.0235 -0.9540 -0.2990
vn 0.0702 -0.9541 -0.2913
vn 0.1150 -0.9542 -0.2763
vn 0.1567 -0.9543 -0.2547
vn 0.1942 -0.9543 -0.2271
vn 0.2271 -0.9543 -0.1942
vn 0.2547 -0.9543 -0.1566
vn 0.2547 -0.9543 -0.1567
vn 0.2763 -0.9542 -0.1150
vn 0.2913 -0.9541 -0.0702
vn 0.2990 -0.9540 -0.0235
vn 0.0401 -0.8590 -0.5103
vn 0.1199 -0.8593 -0.4972
vn 0.1964 -0.8596 -0.4717
vn 0.2675 -0.8598 -0.4349
vn 0.3317 -0.8600 -0.3879
vn 0.3317 -0.8600 -0.3878
vn 0.3878 -0.8600 -0.3317
vn 0.4349 -0.8598 -0.2675
vn 0.4717 -0.8596 -0.1964
vn 0.4972 -0.8593 -0.1199
vn 0.5103 -0.8590 -0.0401
vn 0.0638 -0.5795 -0.8125
vn 0.1909 -0.5800 -0.7920
vn 0.1909 -0.5800 -0.7919
vn 0.3130 -0.5805 -0.7517
vn 0.4265 -0.5809 -0.6933
vn 0.5290 -0.5811 -0.6185
vn 0.6185 -0.5811 -0.5290
vn 0.6933 -0.5809 -0.4265
vn 0.7517 -0.5805 -0.3130
vn 0.7919 -0.5800 -0.1909
vn 0.7920 -0.5800 -0.1909
vn 0.8125 -0.5795 -0.0638
vn 0.0773 -0.1548 -0.9849
vn 0.2315 -0.1550 -0.9604
vn 0.3797 -0.1552 -0.9120
vn 0.5176 -0.1554 -0.8414
vn 0.6421 -0.1555 -0.7507
vn 0.7507 -0.1555 -0.6421
vn 0.8414 -0.1554 -0.5176
vn 0.9120 -0.1552 -0.3797
vn 0.9604 -0.1550 -0.2315
vn 0.9849 -0.1548 -0.0773
vn 0.0056 -1.0000 0.0004
vn 0.0055 -1.0000 0.0013
vn 0.0052 -1.0000 0.0022
vn 0.0048 -1.0000 0.0029
vn 0.0043 -1.0000 0.0036
vn 0.0036 -1.0000 0.0043
vn 0.0029 -1.0000 0.0048
vn 0.0022 -1.0000 0.0052
vn 0.0013 -1.0000 0.0055
vn 0.0004 -1.0000 0.0056
vn 0.0198 -0.9998 0.0015
vn 0.0198 -0.9998 0.0016
vn 0.0192 -0.9998 0.0046
vn 0.0183 -0.9998 0.0076
vn 0.0168 -0.9998 0.0103
vn 0.0150 -0.9998 0.0128
vn 0.0128 -0.9998 0.0150
vn 0.0103 -0.9998 0.0168
vn 0.0076 -0.9998 0.0183
vn 0.0046 -0.9998 0.0192
vn 0.0016 -0.9998 0.0198
vn 0.0394 -0.9992 0.0031
vn 0.0384 -0.9992 0.0093
vn 0.0384 -0.9992 0.0092
vn 0.0364 -0.9992 0.0151
vn 0.0335 -0.9992 0.0206
vn 0.0299 -0.9992 0.0256
vn 0.0256 -0.9992 0.0299
vn 0.0206 -0.9992 0.0335
vn 0.0151 -0.9992 0.0364
vn 0.0093 -0.9992 0.0384
vn 0.0031 -0.9992 0.0394
vn 0.0677 -0.9977 0.0053
vn 0.0660 -0.9977 0.0159
vn 0.0625 -0.9977 0.0260
vn 0.0576 -0.9977 0.0355
vn 0.0514 -0.9977 0.0440
vn 0.0440 -0.9977 0.0514
vn 0.0355 -0.9977 0.0576
vn 0.0260 -0.9977 0.0625
vn 0.0159 -0.9977 0.0660
vn 0.0053 -0.9977 0.0677
vn 0.1107 -0.9938 0.0087
vn 0.1078 -0.9938 0.0260
vn 0.1022 -0.9939 0.0426
vn 0.0942 -0.9939 0.0580
vn 0.0840 -0.9939 0.0719
vn 0.0719 -0.9939 0.0840
vn 0.0580 -0.9939 0.0942
vn 0.0426 -0.9939 0.1022
vn 0.0260 -0.9938 0.1078
vn 0.0087 -0.9938 0.1107
vn 0.1799 -0.9836 0.0141
vn 0.1752 -0.9836 0.0422
vn 0.1662 -0.9837 0.0692
vn 0.1531 -0.9837 0.0942
vn 0.1366 -0.9837 0.1168
vn 0.1168 -0.9837 0.1366
vn 0.0942 -0.9837 0.1531
vn 0.0692 -0.9837 0.1662
vn 0.0422 -0.9836 0.1752
vn 0.0141 -0.9836 0.1799
vn 0.2990 -0.9540 0.0235
vn 0.2913 -0.9541 0.0702
vn 0.2763 -0.9542 0.1150
vn 0.2547 -0.9543 0.1567
vn 0.2271 -0.9543 0.1942
vn 0.1942 -0.9543 0.2271
vn 0.1567 -0.9543 0.2547
vn 0.1150 -0.9542 0.2763
vn 0.0702 -0.9541 0.2913
vn 0.0235 -0.9540 0.2990
vn 0.5103 -0.8590 0.0401
vn 0.4972 -0.8593 0.1199
vn 0.4717 -0.8596 0.1964
vn 0.4349 -0.8598 0.2675
vn 0.3878 -0.8600 0.3317
vn 0.3317 -0.8600 0.3878
vn 0.3317 -0.8600 0.3879
vn 0.2675 -0.8598 0.4349
vn 0.1964 -0.8596 0.4717
vn 0.1199 -0.8593 0.4972
vn 0.0401 -0.8590 0.5103
vn 0.8125 -0.5795 0.0638
vn 0.7920 -0.5800 0.1909
vn 0.7919 -0.5800 0.1909
vn 0.7517 -0.5805 0.3130
vn 0.6933 -0.5809 0.4265
vn 0.6185 -0.5811 0.5290
vn 0.5290 -0.5811 0.6185
vn 0.4265 -0.5809 0.6933
vn 0.3130 -0.5805 0.7517
vn 0.1909 -0.5800 0.7919
vn 0.1909 -0.5800 0.7920
vn 0.0638 -0.5795 0.8125
vn 0.9849 -0.1548 0.0773
vn 0.9604 -0.1550 0.2315
vn 0.9120 -0.1552 0.3797
vn 0.8414 -0.1554 0.5176
vn 0.7507 -0.1555 0.6421
vn 0.6421 -0.1555 0.7507
vn 0.5176 -0.1554 0.8414
vn 0.3797 -0.1552 0.9120
vn 0.2315 -0.1550 0.9604
vn 0.0773 -0.1548 0.9849
vn -0.0004 -1.0000 0.0056
vn -0.0013 -1.0000 0.0055
vn -0.0022 -1.0000 0.0052
vn -0.0029 -1.0000 0.0048
vn -0.0036 -1.0000 0.0043
vn -0.0043 -1.0000 0.0036
vn -0.0048 -1.0000 0.0029
vn -0.0052 -1.0000 0.0022
vn -0.0055 -1.0000 0.0013
vn -0.0056 -1.0000 0.0004
vn -0.0016 -0.9998 0.0198
vn -0.0046 -0.9998 0.0192
vn -0.0076 -0.9998 0.0183
vn -0.0103 -0.9998 0.0168
vn -0.0128 -0.9998 0.0150
vn -0.0150 -0.9998 0.0128
vn -0.0168 -0.9998 0.0104
vn -0.0168 -0.9998 0.0103
vn -0.0183 -0.9998 0.0076
vn -0.0192 -0.9998 0.0046
vn -0.0198 -0.9998 0.0016
vn -0.0198 -0.9998 0.0015
vn -0.0031 -0.9992 0.0394
vn -0.0093 -0.9992 0.0384
vn -0.0151 -0.9992 0.0364
vn -0.0206 -0.9992 0.0335
vn -0.0256 -0.9992 0.0299
vn -0.0299 -0.9992 0.0256
vn -0.0335 -0.9992 0.0206
vn -0.0364 -0.9992 0.0151
vn -0.0384 -0.9992 0.0093
vn -0.0394 -0.9992 0.0031
vn -0.0053 -0.9977 0.0677
vn -0.0159 -0.9977 0.0660
vn -0.0260 -0.9977 0.0625
vn -0.0355 -0.9977 0.0576
vn -0.0440 -0.9977 0.0514
vn -0.0514 -0.9977 0.0440
vn -0.0576 -0.9977 0.0355
vn -0.0625 -0.9977 0.0260
vn -0.0660 -0.9977 0.0159
vn -0.0677 -0.9977 0.0053
vn -0.0087 -0.9938 0.1107
vn -0.0260 -0.9938 0.1078
vn -0.0426 -0.9939 0.1022
vn -0.0580 -0.9939 0.0942
vn -0.0719 -0.9939 0.0840
vn -0.0840 -0.9939 0.0719
vn -0.0942 -0.9939 0.0580
vn -0.1022 -0.9939 0.0426
vn -0.1078 -0.9938 0.0260
vn -0.1107 -0.9938 0.0087
vn -0.0141 -0.9836 0.1799
vn -0.0422 -0.9836 0.1752
vn -0.0692 -0.9837 0.1662
vn -0.0942 -0.9837 0.1531
vn -0.1168 -0.9837 0.1366
vn -0.1366 -0.9837 0.1168
vn -0.1531 -0.9837 0.0942
vn -0.1662 -0.9837 0.0692
vn -0.1752 -0.9836 0.0422
vn -0.1799 -0.9836 0.0141
vn -0.0235 -0.9540 0.2990
vn -0.0702 -0.9541 0.2913
vn -0.1150 -0.9542 0.2763
vn -0.1567 -0.9543 0.2547
vn -0.1942 -0.9543 0.2271
vn -0.2271 -0.9543 0.1942
vn -0.2547 -0.9543 0.1567
vn -0.2763 -0.9542 0.1150
vn -0.2913 -0.9541 0.0702
vn -0.2990 -0.9540 0.0235
vn -0.0401 -0.8590 0.5103
vn -0.1199 -0.8593 0.4972
vn -0.1964 -0.8596 0.4717
vn -0.2675 -0.8598 0.4349
vn -0.3317 -0.8600 0.3878
vn -0.3317 -0.8600 0.3879
vn -0.3878 -0.8600 0.3317
vn -0.4349 -0.8598 0.2675
vn -0.4717 -0.8596 0.1964
vn -0.4972 -0.8593 0.1199
vn -0.5103 -0.8590 0.0401
vn -0.0638 -0.5795 0.8125
vn -0.1909 -0.5800 0.7920
vn -0.1909 -0.5800 0.7919
vn -0.3130 -0.5805 0.7517
vn -0.4265 -0.5809 0.6933
vn -0.5290 -0.5811 0.6185
vn -0.6185 -0.5811 0.5290
vn -0.6933 -0.5809 0.4265
vn -0.7517 -0.5805 0.3130
vn -0.7919 -0.5800 0.1909
vn -0.7920 -0.5800 0.1909
vn -0.8125 -0.5795 0.0638
vn -0.0773 -0.1548 0.9849
vn -0.2315 -0.1550 0.9604
vn -0.3797 -0.1552 0.9120
vn -0.5176 -0.1554 0.8414
vn -0.6421 -0.1555 0.7507
vn -0.7507 -0.1555 0.6421
vn -0.8414 -0.1554 0.5176
vn -0.9120 -0.1552 0.3797
vn -0.9604 -0.1550 0.2315
vn -0.9849 -0.1548 0.0773
s off
f 1//1 2//1 3//1
f 3//1 4//1 1//1
f 5//2 6//2 2//2
f 2//2 1//2 5//2
f 7//3 8//3 6//3
f 6//3 5//3 7//3
f 9//4 10//4 8//4
f 8//4 7//4 9//4
f 11//5 12//5 10//5
f 10//5 9//5 11//5
f 13//6 14//6 12//6
f 12//6 11//6 13//6
f 15//7 16//7 14//7
f 14//7 13//7 15//7
f 17//8 18//8 16//8
f 16//9 15//9 17//9
f 19//10 20//10 18//10
f 18//10 17//10 19//10
f 21//11 22//11 20//11
f 20//11 19//11 21//11
f 23//12 1//12 4//12
f 4//12 24//12 23//12
f 25//13 5//13 1//13
f 1//13 23//13 25//13
f 26//14 7//14 5//14
f 5//15 25//15 26//15
f 27//16 9//16 7//16
f 7//17 26//17 27//17
f 28//18 11//18 9//18
f 9//18 27//18 28//18
f 29//19 13//19 11//19
f 11//19 28//19 29//19
f 30//20 15//20 13//20
f 13//21 29//21 30//21
f 31//22 17//22 15//22
f 15//23 30//23 31//23
f 32//24 19//24 17//24
f 17//24 31//24 32//24
f 33//25 21//25 19//25
f 19//25 32//25 33//25
f 34//26 23//26 24//26
f 24//27 35//27 34//27
f 36//28 25//28 23//28
f 23//28 34//28 36//28
f 37//29 26//29 25//29
f 25//30 36//30 37//30
f 38//31 27//31 26//31
f 26//32 37//32 38//32
f 39//33 28//33 27//33
f 27//33 38//33 39//33
f 40//34 29//34 28//34
f 28//34 39//34 40//34
f 41//35 30//35 29//35
f 29//35 40//35 41//35
f 42//36 31//36 30//36
f 30//37 41//37 42//37
f 43//38 32//38 31//38
f 31//38 42//38 43//38
f 44//39 33//39 32//39
f 32//39 43//39 44//39
f 45//40 34//40 35//40
f 35//41 46//41 45//41
f 47//42 36//42 34//42
f 34//42 45//42 47//42
f 48//43 37//43 36//43
f 36//43 47//43 48//43
f 49//44 38//44 37//44
f 37//44 48//44 49//44
f 50//45 39//45 38//45
f 38//46 49//46 50//46
f 51//47 40//47 39//47
f 39//48 50//48 51//48
f 52//49 41//49 40//49
f 40//49 51//49 52//49
f 53//50 42//50 41//50
f 41//50 52//50 53//50
f 54//51 43//51 42//51
f 42//51 53//51 54//51
f 55//52 44//52 43//52
f 43//53 54//53 55//53
f 56//54 45//54 46//54
f 46//54 57//54 56//54
f 58//55 47//55 45//55
f 45//55 56//55 58//55
f 59//56 48//56 47//56
f 47//56 58//56 59//56
f 60//57 49//57 48//57
f 48//57 59//57 60//57
f 61//58 50//58 49//58
f 49//59 60//59 61//59
f 62//60 51//60 50//60
f 50//61 61//61 62//61
f 63//62 52//62 51//62
f 51//62 62//62 63//62
f 64//63 53//63 52//63
f 52//63 63//63 64//63
f 65//64 54//64 53//64
f 53//64 64//64 65//64
f 66//65 55//65 54//65
f 54//65 65//65 66//65
f 67//66 56//66 57//66
f 57//66 68//66 67//66
f 69//67 58//67 56//67
f 56//67 67//67 69//67
f 70//68 59//68 58//68
f 58//68 69//68 70//68
f 71//69 60//69 59//69
f 59//69 70//69 71//69
f 72//70 61//70 60//70
f 60//70 71//70 72//70
f 73//71 62//71 61//71
f 61//71 72//71 73//71
f 74//72 63//72 62//72
f 62//72 73//72 74//72
f 75//73 64//73 63//73
f 63//73 74//73 75//73
f 76//74 65//74 64//74
f 64//74 75//74 76//74
f 77//75 66//75 65//75
f 65//75 76//75 77//75
f 78//76 67//76 68//76
f 68//76 79//76 78//76
f 80//77 69//77 67//77
f 67//78 78//78 80//78
f 81//79 70//79 69//79
f 69//79 80//79 81//79
f 82//80 71//80 70//80
f 70//80 81//80 82//80
f 83//81 72//81 71//81
f 71//82 82//82 83//82
f 84//83 73//83 72//83
f 72//84 83//84 84//84
f 85//85 74//85 73//85
f 73//85 84//85 85//85
f 86//86 75//86 74//86
f 74//86 85//86 86//86
f 87//87 76//87 75//87
f 75//87 86//87 87//87
f 88//88 77//88 76//88
f 76//88 87//88 88//88
f 89//89 78//89 79//89
f 79//89 90//89 89//89
f 91//90 80//90 78//90
f 78//90 89//90 91//90
f 92//91 81//91 80//91
f 80//91 91//91 92//91
f 93//92 82//92 81//92
f 81//92 92//92 93//92
f 94//93 83//93 82//93
f 82//93 93//93 94//93
f 95//94 84//94 83//94
f 83//94 94//94 95//94
f 96//95 85//95 84//95
f 84//95 95//95 96//95
f 97//96 86//96 85//96
f 85//96 96//96 97//96
f 98//97 87//97 86//97
f 86//98 97//98 98//98
f 99//99 88//99 87//99
f 87//99 98//99 99//99
f 100//100 89//100 90//100
f 90//100 101//100 100//100
f 102//101 91//101 89//101
f 89//102 100//102 102//102
f 103//103 92//103 91//103
f 91//104 102//104 103//104
f 104//105 93//105 92//105
f 92//105 103//105 104//105
f 105//106 94//106 93//106
f 93//106 104//106 105//106
f 106//107 95//107 94//107
f 94//107 105//107 106//107
f 107//108 96//108 95//108
f 95//108 106//108 107//108
f 108//109 97//109 96//109
f 96//110 107//110 108//110
f 109//111 98//111 97//111
f 97//112 108//112 109//112
f 110//113 99//113 98//113
f 98//113 109//113 110//113
f 111//114 100//114 101//114
f 101//114 112//114 111//114
f 113//115 102//115 100//115
f 100//115 111//115 113//115
f 114//116 103//116 102//116
f 102//116 113//116 114//116
f 115//117 104//117 103//117
f 103//117 114//117 115//117
f 116//118 105//118 104//118
f 104//118 115//118 116//118
f 117//119 106//119 105//119
f 105//119 116//119 117//119
f 118//120 107//120 106//120
f 106//120 117//120 118//120
f 119//121 108//121 107//121
f 107//121 118//121 119//121
f 120//122 109//122 108//122
f 108//122 119//122 120//122
f 121//123 110//123 109//123
f 109//123 120//123 121//123
f 122//124 123//124 124//124
f 124//124 125//124 122//124
f 126//125 127//125 123//125
f 123//125 122//125 126//125
f 128//126 129//126 127//126
f 127//127 126//127 128//127
f 130//128 131//128 129//128
f 129//128 128//128 130//128
f 132//129 133//129 131//129
f 131//129 130//129 132//129
f 134//130 135//130 133//130
f 133//130 132//130 134//130
f 136//131 137//131 135//131
f 135//131 134//131 136//131
f 138//132 139//132 137//132
f 137//132 136//132 138//132
f 140//133 141//133 139//133
f 139//133 138//133 140//133
f 142//134 143//134 141//134
f 141//135 140//135 142//135
f 144//136 122//136 125//136
f 125//136 145//136 144//136
f 146//137 126//137 122//137
f 122//137 144//137 146//137
f 147//138 128//138 126//138
f 126//139 146//139 147//139
f 148//140 130//140 128//140
f 128//141 147//141 148//141
f 149//142 132//142 130//142
f 130//143 148//143 149//143
f 150//144 134//144 132//144
f 132//145 149//145 150//145
f 151//146 136//146 134//146
f 134//147 150//147 151//147
f 152//148 138//148 136//148
f 136//149 151//149 152//149
f 153//150 140//150 138//150
f 138//150 152//150 153//150
f 154//151 142//151 140//151
f 140//151 153//151 154//151
f 155//152 144//152 145//152
f 145//152 156//152 155//152
f 157//153 146//153 144//153
f 144//153 155//153 157//153
f 158//154 147//154 146//154
f 146//155 157//155 158//155
f 159//156 148//156 147//156
f 147//157 158//157 159//157
f 160//158 149//158 148//158
f 148//158 159//158 160//158
f 161//159 150//159 149//159
f 149//159 160//159 161//159
f 162//160 151//160 150//160
f 150//161 161//161 162//161
f 163//162 152//162 151//162
f 151//163 162//163 163//163
f 164//164 153//164 152//164
f 152//164 163//164 164//164
f 165//165 154//165 153//165
f 153//165 164//165 165//165
f 166//166 155//166 156//166
f 156//167 167//167 166//167
f 168//168 157//168 155//168
f 155//168 166//168 168//168
f 169//169 158//169 157//169
f 157//169 168//169 169//169
f 170//170 159//170 158//170
f 158//170 169//170 170//170
f 171//171 160//171 159//171
f 159//172 170//172 171//172
f 172//173 161//173 160//173
f 160//174 171//174 172//174
f 173//175 162//175 161//175
f 161//175 172//175 173//175
f 174//176 163//176 162//176
f 162//176 173//176 174//176
f 175//177 164//177 163//177
f 163//177 174//177 175//177
f 176//178 165//178 164//178
f 164//179 175//179 176//179
f 177//180 166//180 167//180
f 167//180 178//180 177//180
f 179//181 168//181 166//181
f 166//181 177//181 179//181
f 180//182 169//182 168//182
f 168//182 179//182 180//182
f 181//183 170//183 169//183
f 169//183 180//183 181//183
f 182//184 171//184 170//184
f 170//185 181//185 182//185
f 183//186 172//186 171//186
f 171//186 182//186 183//186
f 184//187 173//187 172//187
f 172//187 183//187 184//187
f 185//188 174//188 173//188
f 173//188 184//188 185//188
f 186//189 175//189 174//189
f 174//189 185//189 186//189
f 187//190 176//190 175//190
f 175//190 186//190 187//190
f 188//191 177//191 178//191
f 178//191 189//191 188//191
f 190//192 179//192 177//192
f 177//192 188//192 190//192
f 191//193 180//193 179//193
f 179//193 190//193 191//193
f 192//194 181//194 180//194
f 180//194 191//194 192//194
f 193//195 182//195 181//195
f 181//195 192//195 193//195
f 194//196 183//196 182//196
f 182//196 193//196 194//196
f 195//197 184//197 183//197
f 183//197 194//197 195//197
f 196//198 185//198 184//198
f 184//198 195//198 196//198
f 197//199 186//199 185//199
f 185//199 196//199 197//199
f 198//200 187//200 186//200
f 186//200 197//200 198//200
f 199//201 188//201 189//201
f 189//201 88//201 199//201
f 200//202 190//202 188//202
f 188//202 199//202 200//202
f 201//203 191//203 190//203
f 190//203 200//203 201//203
f 202//204 192//204 191//204
f 191//204 201//204 202//204
f 203//205 193//205 192//205
f 192//206 202//206 203//206
f 204//207 194//207 193//207
f 193//208 203//208 204//208
f 205//209 195//209 194//209
f 194//209 204//209 205//209
f 206//210 196//210 195//210
f 195//210 205//210 206//210
f 207//211 197//211 196//211
f 196//212 206//212 207//212
f 208//213 198//213 197//213
f 197//213 207//213 208//213
f 209//214 199//214 88//214
f 88//214 210//214 209//214
f 211//215 200//215 199//215
f 199//216 209//216 211//216
f 212//217 201//217 200//217
f 200//217 211//217 212//217
f 213//218 202//218 201//218
f 201//218 212//218 213//218
f 214//219 203//219 202//219
f 202//219 213//219 214//219
f 215//220 204//220 203//220
f 203//220 214//220 215//220
f 216//221 205//221 204//221
f 204//221 215//221 216//221
f 217//222 206//222 205//222
f 205//222 216//222 217//222
f 218//223 207//223 206//223
f 206//224 217//224 218//224
f 219//225 208//225 207//225
f 207//225 218//225 219//225
f 220//226 209//226 210//226
f 210//226 221//226 220//226
f 222//227 211//227 209//227
f 209//228 220//228 222//228
f 223//229 212//229 211//229
f 211//230 222//230 223//230
f 224//231 213//231 212//231
f 212//231 223//231 224//231
f 225//232 214//232 213//232
f 213//232 224//232 225//232
f 226//233 215//233 214//233
f 214//233 225//233 226//233
f 227//234 216//234 215//234
f 215//234 226//234 227//234
f 228//235 217//235 216//235
f 216//236 227//236 228//236
f 229//237 218//237 217//237
f 217//237 228//237 229//237
f 230//238 219//238 218//238
f 218//238 229//238 230//238
f 231//239 220//239 221//239
f 221//239 232//239 231//239
f 233//240 222//240 220//240
f 220//240 231//240 233//240
f 234//241 223//241 222//241
f 222//241 233//241 234//241
f 235//242 224//242 223//242
f 223//242 234//242 235//242
f 236//243 225//243 224//243
f 224//243 235//243 236//243
f 237//244 226//244 225//244
f 225//244 236//244 237//244
f 238//245 227//245 226//245
f 226//245 237//245 238//245
f 239//246 228//246 227//246
f 227//246 238//246 239//246
f 240//247 229//247 228//247
f 228//247 239//247 240//247
f 241//248 230//248 229//248
f 229//248 240//248 241//248
f 242//249 243//249 244//249
f 244//249 245//249 242//249
f 246//250 247//250 243//250
f 243//250 242//250 246//250
f 248//251 249//251 247//251
f 247//251 246//251 248//251
f 250//252 251//252 249//252
f 249//252 248//252 250//252
f 252//253 253//253 251//253
f 251//253 250//253 252//253
f 254//254 255//254 253//254
f 253//254 252//254 254//254
f 256//255 257//255 255//255
f 255//255 254//255 256//255
f 258//256 259//256 257//256
f 257//257 256//257 258//257
f 260//258 261//258 259//258
f 259//258 258//258 260//258
f 262//259 263//259 261//259
f 261//259 260//259 262//259
f 264//260 242//260 245//260
f 245//260 265//260 264//260
f 266//261 246//261 242//261
f 242//261 264//261 266//261
f 267//262 248//262 246//262
f 246//263 266//263 267//263
f 268//264 250//264 248//264
f 248//265 267//265 268//265
f 269//266 252//266 250//266
f 250//267 268//267 269//267
f 270//268 254//268 252//268
f 252//268 269//268 270//268
f 271//269 256//269 254//269
f 254//270 270//270 271//270
f 272//271 258//271 256//271
f 256//272 271//272 272//272
f 273//273 260//273 258//273
f 258//273 272//273 273//273
f 274//274 262//274 260//274
f 260//274 273//274 274//274
f 275//275 264//275 265//275
f 265//276 276//276 275//276
f 277//277 266//277 264//277
f 264//277 275//277 277//277
f 278//278 267//278 266//278
f 266//279 277//279 278//279
f 279//280 268//280 267//280
f 267//281 278//281 279//281
f 280//282 269//282 268//282
f 268//282 279//282 280//282
f 281//283 270//283 269//283
f 269//283 280//283 281//283
f 282//284 271//284 270//284
f 270//284 281//284 282//284
f 283//285 272//285 271//285
f 271//286 282//286 283//286
f 284//287 273//287 272//287
f 272//287 283//287 284//287
f 285//288 274//288 273//288
f 273//288 284//288 285//288
f 286//289 275//289 276//289
f 276//290 287//290 286//290
f 288//291 277//291 275//291
f 275//291 286//291 288//291
f 289//292 278//292 277//292
f 277//292 288//292 289//292
f 290//293 279//293 278//293
f 278//293 289//293 290//293
f 291//294 280//294 279//294
f 279//295 290//295 291//295
f 292//296 281//296 280//296
f 280//297 291//297 292//297
f 293//298 282//298 281//298
f 281//298 292//298 293//298
f 294//299 283//299 282//299
f 282//299 293//299 294//299
f 295//300 284//300 283//300
f 283//300 294//300 295//300
f 296//301 285//301 284//301
f 284//302 295//302 296//302
f 297//303 286//303 287//303
f 287//303 298//303 297//303
f 299//304 288//304 286//304
f 286//304 297//304 299//304
f 300//305 289//305 288//305
f 288//305 299//305 300//305
f 301//306 290//306 289//306
f 289//306 300//306 301//306
f 302//307 291//307 290//307
f 290//308 301//308 302//308
f 303//309 292//309 291//309
f 291//310 302//310 303//310
f 304//311 293//311 292//311
f 292//311 303//311 304//311
f 305//312 294//312 293//312
f 293//312 304//312 305//312
f 306//313 295//313 294//313
f 294//313 305//313 306//313
f 307//314 296//314 295//314
f 295//314 306//314 307//314
f 308//315 297//315 298//315
f 298//315 309//315 308//315
f 310//316 299//316 297//316
f 297//316 308//316 310//316
f 311//317 300//317 299//317
f 299//317 310//317 311//317
f 312//318 301//318 300//318
f 300//318 311//318 312//318
f 313//319 302//319 301//319
f 301//319 312//319 313//319
f 314//320 303//320 302//320
f 302//320 313//320 314//320
f 315//321 304//321 303//321
f 303//321 314//321 315//321
f 316//322 305//322 304//322
f 304//322 315//322 316//322
f 317//323 306//323 305//323
f 305//323 316//323 317//323
f 318//324 307//324 306//324
f 306//324 317//324 318//324
f 319//325 308//325 309//325
f 309//325 208//325 319//325
f 320//326 310//326 308//326
f 308//326 319//326 320//326
f 321//327 311//327 310//327
f 310//327 320//327 321//327
f 322//328 312//328 311//328
f 311//328 321//328 322//328
f 323//329 313//329 312//329
f 312//330 322//330 323//330
f 324//331 314//331 313//331
f 313//332 323//332 324//332
f 325//333 315//333 314//333
f 314//333 324//333 325//333
f 326//334 316//334 315//334
f 315//334 325//334 326//334
f 327//335 317//335 316//335
f 316//335 326//335 327//335
f 328//336 318//336 317//336
f 317//336 327//336 328//336
f 329//337 319//337 208//337
f 208//337 330//337 329//337
f 331//338 320//338 319//338
f 319//339 329//339 331//339
f 332//340 321//340 320//340
f 320//340 331//340 332//340
f 333//341 322//341 321//341
f 321//341 332//341 333//341
f 334//342 323//342 322//342
f 322//342 333//342 334//342
f 335//343 324//343 323//343
f 323//343 334//343 335//343
f 336//344 325//344 324//344
f 324//344 335//344 336//344
f 337//345 326//345 325//345
f 325//345 336//345 337//345
f 338//346 327//346 326//346
f 326//347 337//347 338//347
f 339//348 328//348 327//348
f 327//348 338//348 339//348
f 340//349 329//349 330//349
f 330//349 341//349 340//349
f 342//350 331//350 329//350
f 329//351 340//351 342//351
f 343//352 332//352 331//352
f 331//353 342//353 343//353
f 344//354 333//354 332//354
f 332//354 343//354 344//354
f 345//355 334//355 333//355
f 333//355 344//355 345//355
f 346//356 335//356 334//356
f 334//356 345//356 346//356
f 347//357 336//357 335//357
f 335//357 346//357 347//357
f 348//358 337//358 336//358
f 336//359 347//359 348//359
f 349//360 338//360 337//360
f 337//361 348//361 349//361
f 350//362 339//362 338//362
f 338//362 349//362 350//362
f 351//363 340//363 341//363
f 341//363 352//363 351//363
f 353//364 342//364 340//364
f 340//364 351//364 353//364
f 354//365 343//365 342//365
f 342//365 353//365 354//365
f 355//366 344//366 343//366
f 343//366 354//366 355//366
f 356//367 345//367 344//367
f 344//367 355//367 356//367
f 357//368 346//368 345//368
f 345//368 356//368 357//368
f 358//369 347//369 346//369
f 346//369 357//369 358//369
f 359//370 348//370 347//370
f 347//370 358//370 359//370
f 360//371 349//371 348//371
f 348//371 359//371 360//371
f 361//372 350//372 349//372
f 349//372 360//372 361//372
f 362//373 363//373 364//373
f 364//373 365//373 362//373
f 366//374 367//374 363//374
f 363//374 362//374 366//374
f 368//375 369//375 367//375
f 367//376 366//376 368//376
f 370//377 371//377 369//377
f 369//377 368//377 370//377
f 372//378 373//378 371//378
f 371//378 370//378 372//378
f 374//379 375//379 373//379
f 373//379 372//379 374//379
f 376//380 377//380 375//380
f 375//380 374//380 376//380
f 378//381 379//381 377//381
f 377//381 376//381 378//381
f 380//382 381//382 379//382
f 379//382 378//382 380//382
f 382//383 383//383 381//383
f 381//383 380//383 382//383
f 384//384 362//384 365//384
f 365//384 385//384 384//384
f 386//385 366//385 362//385
f 362//385 384//385 386//385
f 387//386 368//386 366//386
f 366//387 386//387 387//387
f 388//388 370//388 368//388
f 368//389 387//389 388//389
f 389//390 372//390 370//390
f 370//390 388//390 389//390
f 390//391 374//391 372//391
f 372//392 389//392 390//392
f 391//393 376//393 374//393
f 374//394 390//394 391//394
f 392//395 378//395 376//395
f 376//396 391//396 392//396
f 393//397 380//397 378//397
f 378//397 392//397 393//397
f 394//398 382//398 380//398
f 380//398 393//398 394//398
f 395//399 384//399 385//399
f 385//399 396//399 395//399
f 397//400 386//400 384//400
f 384//400 395//400 397//400
f 398//401 387//401 386//401
f 386//402 397//402 398//402
f 399//403 388//403 387//403
f 387//404 398//404 399//404
f 400//405 389//405 388//405
f 388//405 399//405 400//405
f 401//406 390//406 389//406
f 389//406 400//406 401//406
f 402//407 391//407 390//407
f 390//408 401//408 402//408
f 403//409 392//409 391//409
f 391//410 402//410 403//410
f 404//411 393//411 392//411
f 392//411 403//411 404//411
f 405//412 394//412 393//412
f 393//412 404//412 405//412
f 406//413 395//413 396//413
f 396//414 407//414 406//414
f 408//415 397//415 395//415
f 395//415 406//415 408//415
f 409//416 398//416 397//416
f 397//416 408//416 409//416
f 410//417 399//417 398//417
f 398//417 409//417 410//417
f 411//418 400//418 399//418
f 399//419 410//419 411//419
f 412//420 401//420 400//420
f 400//421 411//421 412//421
f 413//422 402//422 401//422
f 401//422 412//422 413//422
f 414//423 403//423 402//423
f 402//423 413//423 414//423
f 415//424 404//424 403//424
f 403//424 414//424 415//424
f 416//425 405//425 404//425
f 404//426 415//426 416//426
f 417//427 406//427 407//427
f 407//428 418//428 417//428
f 419//429 408//429 406//429
f 406//429 417//429 419//429
f 420//430 409//430 408//430
f 408//430 419//430 420//430
f 421//431 410//431 409//431
f 409//431 420//431 421//431
f 422//432 411//432 410//432
f 410//433 421//433 422//433
f 423//434 412//434 411//434
f 411//434 422//434 423//434
f 424//435 413//435 412//435
f 412//435 423//435 424//435
f 425//436 414//436 413//436
f 413//436 424//436 425//436
f 426//437 415//437 414//437
f 414//437 425//437 426//437
f 427//438 416//438 415//438
f 415//438 426//438 427//438
f 428//439 417//439 418//439
f 418//439 429//439 428//439
f 430//440 419//440 417//440
f 417//440 428//440 430//440
f 431//441 420//441 419//441
f 419//441 430//441 431//441
f 432//442 421//442 420//442
f 420//442 431//442 432//442
f 433//443 422//443 421//443
f 421//443 432//443 433//443
f 434//444 423//444 422//444
f 422//444 433//444 434//444
f 435//445 424//445 423//445
f 423//445 434//445 435//445
f 436//446 425//446 424//446
f 424//446 435//446 436//446
f 437//447 426//447 425//447
f 425//447 436//447 437//447
f 438//448 427//448 426//448
f 426//448 437//448 438//448
f 439//449 428//449 429//449
f 429//449 328//449 439//449
f 440//450 430//450 428//450
f 428//450 439//450 440//450
f 441//451 431//451 430//451
f 430//451 440//451 441//451
f 442//452 432//452 431//452
f 431//452 441//452 442//452
f 443//453 433//453 432//453
f 432//454 442//454 443//454
f 444//455 434//455 433//455
f 433//456 443//456 444//456
f 445//457 435//457 434//457
f 434//457 444//457 445//457
f 446//458 436//458 435//458
f 435//458 445//458 446//458
f 447//459 437//459 436//459
f 436//459 446//459 447//459
f 79//460 438//460 437//460
f 437//460 447//460 79//460
f 448//461 439//461 328//461
f 328//461 449//461 448//461
f 450//462 440//462 439//462
f 439//463 448//463 450//463
f 451//464 441//464 440//464
f 440//464 450//464 451//464
f 452//465 442//465 441//465
f 441//465 451//465 452//465
f 453//466 443//466 442//466
f 442//466 452//466 453//466
f 454//467 444//467 443//467
f 443//467 453//467 454//467
f 455//468 445//468 444//468
f 444//468 454//468 455//468
f 456//469 446//469 445//469
f 445//469 455//469 456//469
f 457//470 447//470 446//470
f 446//470 456//470 457//470
f 458//471 79//471 447//471
f 447//471 457//471 458//471
f 459//472 448//472 449//472
f 449//472 460//472 459//472
f 461//473 450//473 448//473
f 448//474 459//474 461//474
f 462//475 451//475 450//475
f 450//476 461//476 462//476
f 463//477 452//477 451//477
f 451//477 462//477 463//477
f 464//478 453//478 452//478
f 452//478 463//478 464//478
f 465//479 454//479 453//479
f 453//479 464//479 465//479
f 466//480 455//480 454//480
f 454//480 465//480 466//480
f 467//481 456//481 455//481
f 455//482 466//482 467//482
f 468//483 457//483 456//483
f 456//484 467//484 468//484
f 469//485 458//485 457//485
f 457//485 468//485 469//485
f 470//486 459//486 460//486
f 460//486 471//486 470//486
f 472//487 461//487 459//487
f 459//487 470//487 472//487
f 473//488 462//488 461//488
f 461//488 472//488 473//488
f 474//489 463//489 462//489
f 462//489 473//489 474//489
f 475//490 464//490 463//490
f 463//490 474//490 475//490
f 476//491 465//491 464//491
f 464//491 475//491 476//491
f 477//492 466//492 465//492
f 465//492 476//492 477//492
f 478//493 467//493 466//493
f 466//493 477//493 478//493
f 479//494 468//494 467//494
f 467//494 478//494 479//494
f 480//495 469//495 468//495
f 468//495 479//495 480//495
f 481//496 111//496 112//496
f 112//496 482//496 481//496
f 483//497 113//497 111//497
f 111//497 481//497 483//497
f 484//498 114//498 113//498
f 113//498 483//498 484//498
f 485//499 115//499 114//499
f 114//499 484//499 485//499
f 486//500 116//500 115//500
f 115//500 485//500 486//500
f 487//501 117//501 116//501
f 116//501 486//501 487//501
f 488//502 118//502 117//502
f 117//502 487//502 488//502
f 489//503 119//503 118//503
f 118//503 488//503 489//503
f 490//504 120//504 119//504
f 119//504 489//504 490//504
f 491//505 121//505 120//505
f 120//505 490//505 491//505
f 492//506 481//506 482//506
f 482//506 493//506 492//506
f 494//507 483//507 481//507
f 481//507 492//507 494//507
f 495//508 484//508 483//508
f 483//508 494//508 495//508
f 496//509 485//509 484//509
f 484//509 495//509 496//509
f 497//510 486//510 485//510
f 485//510 496//510 497//510
f 498//511 487//511 486//511
f 486//511 497//511 498//511
f 499//512 488//512 487//512
f 487//512 498//512 499//512
f 500//513 489//513 488//513
f 488//513 499//513 500//513
f 501//514 490//514 489//514
f 489//514 500//514 501//514
f 502//515 491//515 490//515
f 490//515 501//515 502//515
f 503//516 492//516 493//516
f 493//516 504//516 503//516
f 505//517 494//517 492//517
f 492//517 503//517 505//517
f 506//518 495//518 494//518
f 494//518 505//518 506//518
f 507//519 496//519 495//519
f 495//519 506//519 507//519
f 508//520 497//520 496//520
f 496//520 507//520 508//520
f 509//521 498//521 497//521
f 497//521 508//521 509//521
f 510//522 499//522 498//522
f 498//522 509//522 510//522
f 511//523 500//523 499//523
f 499//524 510//524 511//524
f 512//525 501//525 500//525
f 500//525 511//525 512//525
f 513//526 502//526 501//526
f 501//526 512//526 513//526
f 514//527 503//527 504//527
f 504//527 515//527 514//527
f 516//528 505//528 503//528
f 503//528 514//528 516//528
f 517//529 506//529 505//529
f 505//529 516//529 517//529
f 518//530 507//530 506//530
f 506//530 517//530 518//530
f 519//531 508//531 507//531
f 507//531 518//531 519//531
f 520//532 509//532 508//532
f 508//533 519//533 520//533
f 521//534 510//534 509//534
f 509//534 520//534 521//534
f 522//535 511//535 510//535
f 510//535 521//535 522//535
f 523//536 512//536 511//536
f 511//536 522//536 523//536
f 524//537 513//537 512//537
f 512//537 523//537 524//537
f 525//538 514//538 515//538
f 515//538 526//538 525//538
f 527//539 516//539 514//539
f 514//539 525//539 527//539
f 528//540 517//540 516//540
f 516//540 527//540 528//540
f 529//541 518//541 517//541
f 517//541 528//541 529//541
f 530//542 519//542 518//542
f 518//543 529//543 530//543
f 531//544 520//544 519//544
f 519//544 530//544 531//544
f 532//545 521//545 520//545
f 520//545 531//545 532//545
f 533//546 522//546 521//546
f 521//546 532//546 533//546
f 534//547 523//547 522//547
f 522//547 533//547 534//547
f 535//548 524//548 523//548
f 523//548 534//548 535//548
f 536//549 525//549 526//549
f 526//549 537//549 536//549
f 538//550 527//550 525//550
f 525//550 536//550 538//550
f 539//551 528//551 527//551
f 527//551 538//551 539//551
f 540//552 529//552 528//552
f 528//552 539//552 540//552
f 541//553 530//553 529//553
f 529//553 540//553 541//553
f 542//554 531//554 530//554
f 530//554 541//554 542//554
f 543//555 532//555 531//555
f 531//555 542//555 543//555
f 544//556 533//556 532//556
f 532//556 543//556 544//556
f 545//557 534//557 533//557
f 533//557 544//557 545//557
f 546//558 535//558 534//558
f 534//558 545//558 546//558
f 547//559 536//559 537//559
f 537//559 548//559 547//559
f 549//560 538//560 536//560
f 536//560 547//560 549//560
f 550//561 539//561 538//561
f 538//561 549//561 550//561
f 551//562 540//562 539//562
f 539//562 550//562 551//562
f 552//563 541//563 540//563
f 540//563 551//563 552//563
f 553//564 542//564 541//564
f 541//564 552//564 553//564
f 554//565 543//565 542//565
f 542//565 553//565 554//565
f 555//566 544//566 543//566
f 543//566 554//566 555//566
f 556//567 545//567 544//567
f 544//567 555//567 556//567
f 557//568 546//568 545//568
f 545//568 556//568 557//568
f 558//569 547//569 548//569
f 548//569 559//569 558//569
f 560//570 549//570 547//570
f 547//570 558//570 560//570
f 561//571 550//571 549//571
f 549//571 560//571 561//571
f 562//572 551//572 550//572
f 550//572 561//572 562//572
f 563//573 552//573 551//573
f 551//573 562//573 563//573
f 564//574 553//574 552//574
f 552//574 563//574 564//574
f 565//575 554//575 553//575
f 553//575 564//575 565//575
f 566//576 555//576 554//576
f 554//576 565//576 566//576
f 567//577 556//577 555//577
f 555//577 566//577 567//577
f 568//578 557//578 556//578
f 556//578 567//578 568//578
f 569//579 558//579 559//579
f 559//579 570//579 569//579
f 571//580 560//580 558//580
f 558//580 569//580 571//580
f 572//581 561//581 560//581
f 560//581 571//581 572//581
f 573//582 562//582 561//582
f 561//582 572//582 573//582
f 574//583 563//583 562//583
f 562//583 573//583 574//583
f 575//584 564//584 563//584
f 563//584 574//584 575//584
f 576//585 565//585 564//585
f 564//585 575//585 576//585
f 577//586 566//586 565//586
f 565//586 576//586 577//586
f 578//587 567//587 566//587
f 566//587 577//587 578//587
f 579//588 568//588 567//588
f 567//588 578//588 579//588
f 580//589 569//589 570//589
f 570//590 581//590 580//590
f 582//591 571//591 569//591
f 569//591 580//591 582//591
f 583//592 572//592 571//592
f 571//592 582//592 583//592
f 584//593 573//593 572//593
f 572//593 583//593 584//593
f 585//594 574//594 573//594
f 573//594 584//594 585//594
f 586//595 575//595 574//595
f 574//595 585//595 586//595
f 587//596 576//596 575//596
f 575//596 586//596 587//596
f 588//597 577//597 576//597
f 576//598 587//598 588//598
f 589//599 578//599 577//599
f 577//599 588//599 589//599
f 590//600 579//600 578//600
f 578//600 589//600 590//600
f 591//601 231//601 232//601
f 232//601 592//601 591//601
f 593//602 233//602 231//602
f 231//602 591//602 593//602
f 594//603 234//603 233//603
f 233//603 593//603 594//603
f 595//604 235//604 234//604
f 234//604 594//604 595//604
f 596//605 236//605 235//605
f 235//605 595//605 596//605
f 597//606 237//606 236//606
f 236//606 596//606 597//606
f 598//607 238//607 237//607
f 237//607 597//607 598//607
f 599//608 239//608 238//608
f 238//608 598//608 599//608
f 600//609 240//609 239//609
f 239//609 599//609 600//609
f 601//610 241//610 240//610
f 240//610 600//610 601//610
f 602//611 591//611 592//611
f 592//611 603//611 602//611
f 604//612 593//612 591//612
f 591//612 602//612 604//612
f 605//613 594//613 593//613
f 593//613 604//613 605//613
f 606//614 595//614 594//614
f 594//614 605//614 606//614
f 607//615 596//615 595//615
f 595//615 606//615 607//615
f 608//616 597//616 596//616
f 596//616 607//616 608//616
f 609//617 598//617 597//617
f 597//617 608//617 609//617
f 610//618 599//618 598//618
f 598//618 609//618 610//618
f 611//619 600//619 599//619
f 599//619 610//619 611//619
f 612//620 601//620 600//620
f 600//620 611//620 612//620
f 613//621 602//621 603//621
f 603//621 614//621 613//621
f 615//622 604//622 602//622
f 602//622 613//622 615//622
f 616//623 605//623 604//623
f 604//624 615//624 616//624
f 617//625 606//625 605//625
f 605//625 616//625 617//625
f 618//626 607//626 606//626
f 606//626 617//626 618//626
f 619//627 608//627 607//627
f 607//627 618//627 619//627
f 620//628 609//628 608//628
f 608//628 619//628 620//628
f 621//629 610//629 609//629
f 609//630 620//630 621//630
f 622//631 611//631 610//631
f 610//631 621//631 622//631
f 623//632 612//632 611//632
f 611//632 622//632 623//632
f 624//633 613//633 614//633
f 614//633 625//633 624//633
f 626//634 615//634 613//634
f 613//634 624//634 626//634
f 627//635 616//635 615//635
f 615//635 626//635 627//635
f 628//636 617//636 616//636
f 616//636 627//636 628//636
f 629//637 618//637 617//637
f 617//637 628//637 629//637
f 630//638 619//638 618//638
f 618//638 629//638 630//638
f 631//639 620//639 619//639
f 619//639 630//639 631//639
f 632//640 621//640 620//640
f 620//640 631//640 632//640
f 633//641 622//641 621//641
f 621//641 632//641 633//641
f 634//642 623//642 622//642
f 622//642 633//642 634//642
f 635//643 624//643 625//643
f 625//643 636//643 635//643
f 637//644 626//644 624//644
f 624//644 635//644 637//644
f 638//645 627//645 626//645
f 626//645 637//645 638//645
f 639//646 628//646 627//646
f 627//646 638//646 639//646
f 640//647 629//647 628//647
f 628//648 639//648 640//648
f 641//649 630//649 629//649
f 629//649 640//649 641//649
f 642//650 631//650 630//650
f 630//650 641//650 642//650
f 643//651 632//651 631//651
f 631//651 642//651 643//651
f 644//652 633//652 632//652
f 632//652 643//652 644//652
f 645//653 634//653 633//653
f 633//653 644//653 645//653
f 646//654 635//654 636//654
f 636//654 647//654 646//654
f 648//655 637//655 635//655
f 635//655 646//655 648//655
f 649//656 638//656 637//656
f 637//656 648//656 649//656
f 650//657 639//657 638//657
f 638//657 649//657 650//657
f 651//658 640//658 639//658
f 639//658 650//658 651//658
f 652//659 641//659 640//659
f 640//659 651//659 652//659
f 653//660 642//660 641//660
f 641//660 652//660 653//660
f 654//661 643//661 642//661
f 642//661 653//661 654//661
f 655//662 644//662 643//662
f 643//662 654//662 655//662
f 656//663 645//663 644//663
f 644//663 655//663 656//663
f 657//664 646//664 647//664
f 647//664 658//664 657//664
f 659//665 648//665 646//665
f 646//665 657//665 659//665
f 660//666 649//666 648//666
f 648//667 659//667 660//667
f 661//668 650//668 649//668
f 649//668 660//668 661//668
f 662//669 651//669 650//669
f 650//669 661//669 662//669
f 663//670 652//670 651//670
f 651//670 662//670 663//670
f 664//671 653//671 652//671
f 652//671 663//671 664//671
f 665//672 654//672 653//672
f 653//672 664//672 665//672
f 666//673 655//673 654//673
f 654//673 665//673 666//673
f 667//674 656//674 655//674
f 655//674 666//674 667//674
f 668//675 657//675 658//675
f 658//675 669//675 668//675
f 670//676 659//676 657//676
f 657//676 668//676 670//676
f 671//677 660//677 659//677
f 659//677 670//677 671//677
f 672//678 661//678 660//678
f 660//678 671//678 672//678
f 673//679 662//679 661//679
f 661//679 672//679 673//679
f 674//680 663//680 662//680
f 662//680 673//680 674//680
f 675//681 664//681 663//681
f 663//681 674//681 675//681
f 676//682 665//682 664//682
f 664//682 675//682 676//682
f 677//683 666//683 665//683
f 665//683 676//683 677//683
f 678//684 667//684 666//684
f 666//684 677//684 678//684
f 679//685 668//685 669//685
f 669//685 680//685 679//685
f 681//686 670//686 668//686
f 668//686 679//686 681//686
f 682//687 671//687 670//687
f 670//687 681//687 682//687
f 683//688 672//688 671//688
f 671//688 682//688 683//688
f 684//689 673//689 672//689
f 672//689 683//689 684//689
f 685//690 674//690 673//690
f 673//690 684//690 685//690
f 686//691 675//691 674//691
f 674//691 685//691 686//691
f 687//692 676//692 675//692
f 675//692 686//692 687//692
f 688//693 677//693 676//693
f 676//693 687//693 688//693
f 689//694 678//694 677//694
f 677//694 688//694 689//694
f 690//695 679//695 680//695
f 680//696 691//696 690//696
f 692//697 681//697 679//697
f 679//697 690//697 692//697
f 693//698 682//698 681//698
f 681//698 692//698 693//698
f 694//699 683//699 682//699
f 682//699 693//699 694//699
f 695//700 684//700 683//700
f 683//700 694//700 695//700
f 696//701 685//701 684//701
f 684//701 695//701 696//701
f 697//702 686//702 685//702
f 685//702 696//702 697//702
f 698//703 687//703 686//703
f 686//703 697//703 698//703
f 699//704 688//704 687//704
f 687//704 698//704 699//704
f 700//705 689//705 688//705
f 688//706 699//706 700//706
f 701//707 351//707 352//707
f 352//707 702//707 701//707
f 703//708 353//708 351//708
f 351//708 701//708 703//708
f 704//709 354//709 353//709
f 353//709 703//709 704//709
f 705//710 355//710 354//710
f 354//710 704//710 705//710
f 706//711 356//711 355//711
f 355//711 705//711 706//711
f 707//712 357//712 356//712
f 356//712 706//712 707//712
f 708//713 358//713 357//713
f 357//713 707//713 708//713
f 709//714 359//714 358//714
f 358//714 708//714 709//714
f 710//715 360//715 359//715
f 359//715 709//715 710//715
f 711//716 361//716 360//716
f 360//716 710//716 711//716
f 712//717 701//717 702//717
f 702//717 713//717 712//717
f 714//718 703//718 701//718
f 701//718 712//718 714//718
f 715//719 704//719 703//719
f 703//719 714//719 715//719
f 716//720 705//720 704//720
f 704//720 715//720 716//720
f 717//721 706//721 705//721
f 705//721 716//721 717//721
f 718//722 707//722 706//722
f 706//722 717//722 718//722
f 719//723 708//723 707//723
f 707//723 718//723 719//723
f 720//724 709//724 708//724
f 708//724 719//724 720//724
f 721//725 710//725 709//725
f 709//725 720//725 721//725
f 722//726 711//726 710//726
f 710//726 721//726 722//726
f 723//727 712//727 713//727
f 713//727 724//727 723//727
f 725//728 714//728 712//728
f 712//728 723//728 725//728
f 726//729 715//729 714//729
f 714//730 725//730 726//730
f 727//731 716//731 715//731
f 715//731 726//731 727//731
f 728//732 717//732 716//732
f 716//732 727//732 728//732
f 729//733 718//733 717//733
f 717//733 728//733 729//733
f 730//734 719//734 718//734
f 718//734 729//734 730//734
f 731//735 720//735 719//735
f 719//736 730//736 731//736
f 732//737 721//737 720//737
f 720//737 731//737 732//737
f 733//738 722//738 721//738
f 721//738 732//738 733//738
f 734//739 723//739 724//739
f 724//739 735//739 734//739
f 736//740 725//740 723//740
f 723//740 734//740 736//740
f 737//741 726//741 725//741
f 725//741 736//741 737//741
f 738//742 727//742 726//742
f 726//742 737//742 738//742
f 739//743 728//743 727//743
f 727//743 738//743 739//743
f 740//744 729//744 728//744
f 728//745 739//745 740//745
f 741//746 730//746 729//746
f 729//746 740//746 741//746
f 742//747 731//747 730//747
f 730//747 741//747 742//747
f 743//748 732//748 731//748
f 731//748 742//748 743//748
f 744//749 733//749 732//749
f 732//749 743//749 744//749
f 745//750 734//750 735//750
f 735//750 746//750 745//750
f 747//751 736//751 734//751
f 734//751 745//751 747//751
f 748//752 737//752 736//752
f 736//752 747//752 748//752
f 749//753 738//753 737//753
f 737//753 748//753 749//753
f 750//754 739//754 738//754
f 738//755 749//755 750//755
f 751//756 740//756 739//756
f 739//756 750//756 751//756
f 752//757 741//757 740//757
f 740//757 751//757 752//757
f 753//758 742//758 741//758
f 741//758 752//758 753//758
f 754//759 743//759 742//759
f 742//759 753//759 754//759
f 755//760 744//760 743//760
f 743//760 754//760 755//760
f 756//761 745//761 746//761
f 746//761 757//761 756//761
f 758//762 747//762 745//762
f 745//762 756//762 758//762
f 759//763 748//763 747//763
f 747//763 758//763 759//763
f 760//764 749//764 748//764
f 748//764 759//764 760//764
f 761//765 750//765 749//765
f 749//765 760//765 761//765
f 762//766 751//766 750//766
f 750//766 761//766 762//766
f 763//767 752//767 751//767
f 751//767 762//767 763//767
f 764//768 753//768 752//768
f 752//768 763//768 764//768
f 765//769 754//769 753//769
f 753//769 764//769 765//769
f 766//770 755//770 754//770
f 754//770 765//770 766//770
f 767//771 756//771 757//771
f 757//771 768//771 767//771
f 769//772 758//772 756//772
f 756//772 767//772 769//772
f 770//773 759//773 758//773
f 758//773 769//773 770//773
f 771//774 760//774 759//774
f 759//774 770//774 771//774
f 772//775 761//775 760//775
f 760//775 771//775 772//775
f 773//776 762//776 761//776
f 761//776 772//776 773//776
f 774//777 763//777 762//777
f 762//777 773//777 774//777
f 775//778 764//778 763//778
f 763//778 774//778 775//778
f 776//779 765//779 764//779
f 764//779 775//779 776//779
f 777//780 766//780 765//780
f 765//780 776//780 777//780
f 778//781 767//781 768//781
f 768//781 779//781 778//781
f 780//782 769//782 767//782
f 767//782 778//782 780//782
f 781//783 770//783 769//783
f 769//783 780//783 781//783
f 782//784 771//784 770//784
f 770//784 781//784 782//784
f 783//785 772//785 771//785
f 771//785 782//785 783//785
f 784//786 773//786 772//786
f 772//786 783//786 784//786
f 785//787 774//787 773//787
f 773//787 784//787 785//787
f 786//788 775//788 774//788
f 774//788 785//788 786//788
f 787//789 776//789 775//789
f 775//789 786//789 787//789
f 788//790 777//790 776//790
f 776//790 787//790 788//790
f 789//791 778//791 779//791
f 779//791 790//791 789//791
f 791//792 780//792 778//792
f 778//792 789//792 791//792
f 792//793 781//793 780//793
f 780//793 791//793 792//793
f 793//794 782//794 781//794
f 781//794 792//794 793//794
f 794//795 783//795 782//795
f 782//795 793//795 794//795
f 795//796 784//796 783//796
f 783//796 794//796 795//796
f 796//797 785//797 784//797
f 784//797 795//797 796//797
f 797//798 786//798 785//798
f 785//798 796//798 797//798
f 798//799 787//799 786//799
f 786//799 797//799 798//799
f 799//800 788//800 787//800
f 787//800 798//800 799//800
f 800//801 789//801 790//801
f 790//802 801//802 800//802
f 802//803 791//803 789//803
f 789//803 800//803 802//803
f 803//804 792//804 791//804
f 791//804 802//804 803//804
f 804//805 793//805 792//805
f 792//805 803//805 804//805
f 805//806 794//806 793//806
f 793//806 804//806 805//806
f 806//807 795//807 794//807
f 794//807 805//807 806//807
f 807//808 796//808 795//808
f 795//808 806//808 807//808
f 808//809 797//809 796//809
f 796//810 807//810 808//810
f 809//811 798//811 797//811
f 797//811 808//811 809//811
f 810//812 799//812 798//812
f 798//813 809//813 810//813
f 811//814 470//814 471//814
f 471//814 812//814 811//814
f 813//815 472//815 470//815
f 470//815 811//815 813//815
f 814//816 473//816 472//816
f 472//816 813//816 814//816
f 815//817 474//817 473//817
f 473//817 814//817 815//817
f 816//818 475//818 474//818
f 474//818 815//818 816//818
f 817//819 476//819 475//819
f 475//819 816//819 817//819
f 818//820 477//820 476//820
f 476//820 817//820 818//820
f 819//821 478//821 477//821
f 477//821 818//821 819//821
f 820//822 479//822 478//822
f 478//822 819//822 820//822
f 821//823 480//823 479//823
f 479//823 820//823 821//823
f 822//824 811//824 812//824
f 812//824 823//824 822//824
f 824//825 813//825 811//825
f 811//825 822//825 824//825
f 825//826 814//826 813//826
f 813//826 824//826 825//826
f 826//827 815//827 814//827
f 814//827 825//827 826//827
f 827//828 816//828 815//828
f 815//828 826//828 827//828
f 828//829 817//829 816//829
f 816//829 827//829 828//829
f 829//830 818//830 817//830
f 817//830 828//830 829//830
f 830//831 819//831 818//831
f 818//831 829//831 830//831
f 831//832 820//832 819//832
f 819//832 830//832 831//832
f 832//833 821//833 820//833
f 820//833 831//833 832//833
f 833//834 822//834 823//834
f 823//834 834//834 833//834
f 835//835 824//835 822//835
f 822//835 833//835 835//835
f 836//836 825//836 824//836
f 824//837 835//837 836//837
f 837//838 826//838 825//838
f 825//838 836//838 837//838
f 838//839 827//839 826//839
f 826//839 837//839 838//839
f 839//840 828//840 827//840
f 827//840 838//840 839//840
f 840//841 829//841 828//841
f 828//841 839//841 840//841
f 841//842 830//842 829//842
f 829//843 840//843 841//843
f 842//844 831//844 830//844
f 830//844 841//844 842//844
f 843//845 832//845 831//845
f 831//845 842//845 843//845
f 844//846 833//846 834//846
f 834//846 845//846 844//846
f 846//847 835//847 833//847
f 833//847 844//847 846//847
f 847//848 836//848 835//848
f 835//848 846//848 847//848
f 848//849 837//849 836//849
f 836//849 847//849 848//849
f 849//850 838//850 837//850
f 837//850 848//850 849//850
f 850//851 839//851 838//851
f 838//851 849//851 850//851
f 851//852 840//852 839//852
f 839//852 850//852 851//852
f 852//853 841//853 840//853
f 840//853 851//853 852//853
f 853//854 842//854 841//854
f 841//854 852//854 853//854
f 854//855 843//855 842//855
f 842//855 853//855 854//855
f 855//856 844//856 845//856
f 845//856 856//856 855//856
f 857//857 846//857 844//857
f 844//857 855//857 857//857
f 858//858 847//858 846//858
f 846//858 857//858 858//858
f 859//859 848//859 847//859
f 847//859 858//859 859//859
f 860//860 849//860 848//860
f 848//861 859//861 860//861
f 861//862 850//862 849//862
f 849//862 860//862 861//862
f 862//863 851//863 850//863
f 850//863 861//863 862//863
f 863//864 852//864 851//864
f 851//864 862//864 863//864
f 864//865 853//865 852//865
f 852//865 863//865 864//865
f 865//866 854//866 853//866
f 853//866 864//866 865//866
f 866//867 855//867 856//867
f 856//867 867//867 866//867
f 868//868 857//868 855//868
f 855//868 866//868 868//868
f 869//869 858//869 857//869
f 857//869 868//869 869//869
f 870//870 859//870 858//870
f 858//870 869//870 870//870
f 871//871 860//871 859//871
f 859//871 870//871 871//871
f 872//872 861//872 860//872
f 860//872 871//872 872//872
f 873//873 862//873 861//873
f 861//873 872//873 873//873
f 874//874 863//874 862//874
f 862//874 873//874 874//874
f 875//875 864//875 863//875
f 863//875 874//875 875//875
f 876//876 865//876 864//876
f 864//876 875//876 876//876
f 877//877 866//877 867//877
f 867//877 878//877 877//877
f 879//878 868//878 866//878
f 866//878 877//878 879//878
f 880//879 869//879 868//879
f 868//879 879//879 880//879
f 881//880 870//880 869//880
f 869//880 880//880 881//880
f 882//881 871//881 870//881
f 870//881 881//881 882//881
f 883//882 872//882 871//882
f 871//882 882//882 883//882
f 884//883 873//883 872//883
f 872//883 883//883 884//883
f 885//884 874//884 873//884
f 873//884 884//884 885//884
f 886//885 875//885 874//885
f 874//885 885//885 886//885
f 887//886 876//886 875//886
f 875//886 886//886 887//886
f 888//887 877//887 878//887
f 878//887 889//887 888//887
f 890//888 879//888 877//888
f 877//888 888//888 890//888
f 891//889 880//889 879//889
f 879//889 890//889 891//889
f 892//890 881//890 880//890
f 880//890 891//890 892//890
f 893//891 882//891 881//891
f 881//891 892//891 893//891
f 894//892 883//892 882//892
f 882//892 893//892 894//892
f 895//893 884//893 883//893
f 883//893 894//893 895//893
f 896//894 885//894 884//894
f 884//894 895//894 896//894
f 897//895 886//895 885//895
f 885//895 896//895 897//895
f 898//896 887//896 886//896
f 886//896 897//896 898//896
f 899//897 888//897 889//897
f 889//897 900//897 899//897
f 901//898 890//898 888//898
f 888//898 899//898 901//898
f 902//899 891//899 890//899
f 890//899 901//899 902//899
f 903//900 892//900 891//900
f 891//900 902//900 903//900
f 904//901 893//901 892//901
f 892//901 903//901 904//901
f 905//902 894//902 893//902
f 893//902 904//902 905//902
f 906//903 895//903 894//903
f 894//903 905//903 906//903
f 907//904 896//904 895//904
f 895//904 906//904 907//904
f 908//905 897//905 896//905
f 896//905 907//905 908//905
f 909//906 898//906 897//906
f 897//906 908//906 909//906
f 910//907 899//907 900//907
f 900//907 911//907 910//907
f 912//908 901//908 899//908
f 899//908 910//908 912//908
f 913//909 902//909 901//909
f 901//909 912//909 913//909
f 914//910 903//910 902//910
f 902//910 913//910 914//910
f 915//911 904//911 903//911
f 903//911 914//911 915//911
f 916//912 905//912 904//912
f 904//912 915//912 916//912
f 917//913 906//913 905//913
f 905//913 916//913 917//913
f 918//914 907//914 906//914
f 906//914 917//914 918//914
f 919//915 908//915 907//915
f 907//915 918//915 919//915
f 920//916 909//916 908//916
f 908//917 919//917 920//917
f 921//918 580//918 581//918
f 581//918 922//918 921//918
f 923//919 924//919 580//919
f 580//919 921//919 923//919
f 925//920 926//920 924//920
f 924//920 923//920 925//920
f 927//921 928//921 926//921
f 926//921 925//921 927//921
f 929//922 930//922 928//922
f 928//922 927//922 929//922
f 931//923 932//923 930//923
f 930//923 929//923 931//923
f 933//924 934//924 932//924
f 932//924 931//924 933//924
f 935//925 936//925 934//925
f 934//925 933//925 935//925
f 937//926 938//926 936//926
f 936//926 935//926 937//926
f 939//927 691//927 938//927
f 938//927 937//927 939//927
f 940//928 921//928 922//928
f 922//928 941//928 940//928
f 942//929 923//929 921//929
f 921//929 940//929 942//929
f 943//930 925//930 923//930
f 923//930 942//930 943//930
f 944//931 927//931 925//931
f 925//931 943//931 944//931
f 945//932 929//932 927//932
f 927//932 944//932 945//932
f 946//933 931//933 929//933
f 929//933 945//933 946//933
f 947//934 933//934 931//934
f 931//934 946//934 947//934
f 948//935 935//935 933//935
f 933//935 947//935 948//935
f 949//936 937//936 935//936
f 935//936 948//936 949//936
f 950//937 939//937 937//937
f 937//937 949//937 950//937
f 951//938 940//938 941//938
f 941//938 952//938 951//938
f 953//939 942//939 940//939
f 940//939 951//939 953//939
f 954//940 943//940 942//940
f 942//940 953//940 954//940
f 955//941 944//941 943//941
f 943//941 954//941 955//941
f 956//942 945//942 944//942
f 944//942 955//942 956//942
f 957//943 946//943 945//943
f 945//943 956//943 957//943
f 958//944 947//944 946//944
f 946//944 957//944 958//944
f 959//945 948//945 947//945
f 947//945 958//945 959//945
f 960//946 949//946 948//946
f 948//946 959//946 960//946
f 961//947 950//947 949//947
f 949//947 960//947 961//947
f 962//948 951//948 952//948
f 952//948 963//948 962//948
f 964//949 953//949 951//949
f 951//949 962//949 964//949
f 965//950 954//950 953//950
f 953//950 964//950 965//950
f 966//951 955//951 954//951
f 954//952 965//952 966//952
f 967//953 956//953 955//953
f 955//953 966//953 967//953
f 968//954 957//954 956//954
f 956//954 967//954 968//954
f 969//955 958//955 957//955
f 957//955 968//955 969//955
f 970//956 959//956 958//956
f 958//956 969//956 970//956
f 971//957 960//957 959//957
f 959//957 970//957 971//957
f 972//958 961//958 960//958
f 960//958 971//958 972//958
f 973//959 962//959 963//959
f 963//959 974//959 973//959
f 975//960 964//960 962//960
f 962//960 973//960 975//960
f 976//961 965//961 964//961
f 964//961 975//961 976//961
f 977//962 966//962 965//962
f 965//962 976//962 977//962
f 978//963 967//963 966//963
f 966//963 977//963 978//963
f 979//964 968//964 967//964
f 967//964 978//964 979//964
f 980//965 969//965 968//965
f 968//965 979//965 980//965
f 981//966 970//966 969//966
f 969//966 980//966 981//966
f 982//967 971//967 970//967
f 970//967 981//967 982//967
f 983//968 972//968 971//968
f 971//968 982//968 983//968
f 984//969 973//969 974//969
f 974//969 985//969 984//969
f 986//970 975//970 973//970
f 973//970 984//970 986//970
f 987//971 976//971 975//971
f 975//971 986//971 987//971
f 988//972 977//972 976//972
f 976//972 987//972 988//972
f 989//973 978//973 977//973
f 977//973 988//973 989//973
f 990//974 979//974 978//974
f 978//974 989//974 990//974
f 991//975 980//975 979//975
f 979//975 990//975 991//975
f 992//976 981//976 980//976
f 980//976 991//976 992//976
f 993//977 982//977 981//977
f 981//977 992//977 993//977
f 994//978 983//978 982//978
f 982//978 993//978 994//978
f 995//979 984//979 985//979
f 985//979 996//979 995//979
f 997//980 986//980 984//980
f 984//980 995//980 997//980
f 998//981 987//981 986//981
f 986//981 997//981 998//981
f 999//982 988//982 987//982
f 987//982 998//982 999//982
f 1000//983 989//983 988//983
f 988//984 999//984 1000//984
f 1001//985 990//985 989//985
f 989//986 1000//986 1001//986
f 1002//987 991//987 990//987
f 990//987 1001//987 1002//987
f 1003//988 992//988 991//988
f 991//988 1002//988 1003//988
f 1004//989 993//989 992//989
f 992//989 1003//989 1004//989
f 1005//990 994//990 993//990
f 993//990 1004//990 1005//990
f 1006//991 995//991 996//991
f 996//991 1007//991 1006//991
f 1008//992 997//992 995//992
f 995//993 1006//993 1008//993
f 1009//994 998//994 997//994
f 997//994 1008//994 1009//994
f 1010//995 999//995 998//995
f 998//996 1009//996 1010//996
f 1011//997 1000//997 999//997
f 999//997 1010//997 1011//997
f 1012//998 1001//998 1000//998
f 1000//998 1011//998 1012//998
f 1013//999 1002//999 1001//999
f 1001//1000 1012//1000 1013//1000
f 1014//1001 1003//1001 1002//1001
f 1002//1001 1013//1001 1014//1001
f 1015//1002 1004//1002 1003//1002
f 1003//1003 1014//1003 1015//1003
f 1016//1004 1005//1004 1004//1004
f 1004//1004 1015//1004 1016//1004
f 1017//1005 1006//1005 1007//1005
f 1007//1005 1018//1005 1017//1005
f 1019//1006 1008//1006 1006//1006
f 1006//1007 1017//1007 1019//1007
f 1020//1008 1009//1008 1008//1008
f 1008//1008 1019//1008 1020//1008
f 1021//1009 1010//1009 1009//1009
f 1009//1009 1020//1009 1021//1009
f 1022//1010 1011//1010 1010//1010
f 1010//1010 1021//1010 1022//1010
f 1023//1011 1012//1011 1011//1011
f 1011//1011 1022//1011 1023//1011
f 1024//1012 1013//1012 1012//1012
f 1012//1012 1023//1012 1024//1012
f 1025//1013 1014//1013 1013//1013
f 1013//1013 1024//1013 1025//1013
f 1026//1014 1015//1014 1014//1014
f 1014//1015 1025//1015 1026//1015
f 1027//1016 1016//1016 1015//1016
f 1015//1016 1026//1016 1027//1016
f 1028//1017 1017//1017 1018//1017
f 1018//1017 1029//1017 1028//1017
f 1030//1018 1019//1018 1017//1018
f 1017//1018 1028//1018 1030//1018
f 1031//1019 1020//1019 1019//1019
f 1019//1019 1030//1019 1031//1019
f 1032//1020 1021//1020 1020//1020
f 1020//1020 1031//1020 1032//1020
f 1033//1021 1022//1021 1021//1021
f 1021//1021 1032//1021 1033//1021
f 1034//1022 1023//1022 1022//1022
f 1022//1022 1033//1022 1034//1022
f 1035//1023 1024//1023 1023//1023
f 1023//1023 1034//1023 1035//1023
f 1036//1024 1025//1024 1024//1024
f 1024//1024 1035//1024 1036//1024
f 1037//1025 1026//1025 1025//1025
f 1025//1025 1036//1025 1037//1025
f 1038//1026 1027//1026 1026//1026
f 1026//1026 1037//1026 1038//1026
f 1039//1027 690//1027 691//1027
f 691//1027 1040//1027 1039//1027
f 1041//1028 1042//1028 690//1028
f 690//1028 1039//1028 1041//1028
f 1043//1029 1044//1029 1042//1029
f 1042//1029 1041//1029 1043//1029
f 1045//1030 1046//1030 1044//1030
f 1044//1030 1043//1030 1045//1030
f 1047//1031 1048//1031 1046//1031
f 1046//1031 1045//1031 1047//1031
f 1049//1032 1050//1032 1048//1032
f 1048//1032 1047//1032 1049//1032
f 1051//1033 1052//1033 1050//1033
f 1050//1033 1049//1033 1051//1033
f 1053//1034 1054//1034 1052//1034
f 1052//1034 1051//1034 1053//1034
f 1055//1035 1056//1035 1054//1035
f 1054//1036 1053//1036 1055//1036
f 1057//1037 801//1037 1056//1037
f 1056//1037 1055//1037 1057//1037
f 1058//1038 1039//1038 1040//1038
f 1040//1038 1059//1038 1058//1038
f 1060//1039 1041//1039 1039//1039
f 1039//1039 1058//1039 1060//1039
f 1061//1040 1043//1040 1041//1040
f 1041//1040 1060//1040 1061//1040
f 1062//1041 1045//1041 1043//1041
f 1043//1041 1061//1041 1062//1041
f 1063//1042 1047//1042 1045//1042
f 1045//1042 1062//1042 1063//1042
f 1064//1043 1049//1043 1047//1043
f 1047//1043 1063//1043 1064//1043
f 1065//1044 1051//1044 1049//1044
f 1049//1044 1064//1044 1065//1044
f 1066//1045 1053//1045 1051//1045
f 1051//1045 1065//1045 1066//1045
f 1067//1046 1055//1046 1053//1046
f 1053//1046 1066//1046 1067//1046
f 1068//1047 1057//1047 1055//1047
f 1055//1047 1067//1047 1068//1047
f 1069//1048 1058//1048 1059//1048
f 1059//1048 1070//1048 1069//1048
f 1071//1049 1060//1049 1058//1049
f 1058//1049 1069//1049 1071//1049
f 1072//1050 1061//1050 1060//1050
f 1060//1050 1071//1050 1072//1050
f 1073//1051 1062//1051 1061//1051
f 1061//1051 1072//1051 1073//1051
f 1074//1052 1063//1052 1062//1052
f 1062//1052 1073//1052 1074//1052
f 1075//1053 1064//1053 1063//1053
f 1063//1053 1074//1053 1075//1053
f 1076//1054 1065//1054 1064//1054
f 1064//1054 1075//1054 1076//1054
f 1077//1055 1066//1055 1065//1055
f 1065//1055 1076//1055 1077//1055
f 1078//1056 1067//1056 1066//1056
f 1066//1056 1077//1056 1078//1056
f 1079//1057 1068//1057 1067//1057
f 1067//1057 1078//1057 1079//1057
f 1080//1058 1069//1058 1070//1058
f 1070//1058 1081//1058 1080//1058
f 1082//1059 1071//1059 1069//1059
f 1069//1059 1080//1059 1082//1059
f 1083//1060 1072//1060 1071//1060
f 1071//1060 1082//1060 1083//1060
f 1084//1061 1073//1061 1072//1061
f 1072//1061 1083//1061 1084//1061
f 1085//1062 1074//1062 1073//1062
f 1073//1062 1084//1062 1085//1062
f 1086//1063 1075//1063 1074//1063
f 1074//1063 1085//1063 1086//1063
f 1087//1064 1076//1064 1075//1064
f 1075//1065 1086//1065 1087//1065
f 1088//1066 1077//1066 1076//1066
f 1076//1066 1087//1066 1088//1066
f 1089//1067 1078//1067 1077//1067
f 1077//1067 1088//1067 1089//1067
f 1090//1068 1079//1068 1078//1068
f 1078//1068 1089//1068 1090//1068
f 1091//1069 1080//1069 1081//1069
f 1081//1069 1092//1069 1091//1069
f 1093//1070 1082//1070 1080//1070
f 1080//1070 1091//1070 1093//1070
f 1094//1071 1083//1071 1082//1071
f 1082//1071 1093//1071 1094//1071
f 1095//1072 1084//1072 1083//1072
f 1083//1072 1094//1072 1095//1072
f 1096//1073 1085//1073 1084//1073
f 1084//1073 1095//1073 1096//1073
f 1097//1074 1086//1074 1085//1074
f 1085//1074 1096//1074 1097//1074
f 1098//1075 1087//1075 1086//1075
f 1086//1075 1097//1075 1098//1075
f 1099//1076 1088//1076 1087//1076
f 1087//1076 1098//1076 1099//1076
f 1100//1077 1089//1077 1088//1077
f 1088//1077 1099//1077 1100//1077
f 1101//1078 1090//1078 1089//1078
f 1089//1078 1100//1078 1101//1078
f 1102//1079 1091//1079 1092//1079
f 1092//1079 1103//1079 1102//1079
f 1104//1080 1093//1080 1091//1080
f 1091//1080 1102//1080 1104//1080
f 1105//1081 1094//1081 1093//1081
f 1093//1081 1104//1081 1105//1081
f 1106//1082 1095//1082 1094//1082
f 1094//1082 1105//1082 1106//1082
f 1107//1083 1096//1083 1095//1083
f 1095//1083 1106//1083 1107//1083
f 1108//1084 1097//1084 1096//1084
f 1096//1084 1107//1084 1108//1084
f 1109//1085 1098//1085 1097//1085
f 1097//1085 1108//1085 1109//1085
f 1110//1086 1099//1086 1098//1086
f 1098//1086 1109//1086 1110//1086
f 1111//1087 1100//1087 1099//1087
f 1099//1087 1110//1087 1111//1087
f 1112//1088 1101//1088 1100//1088
f 1100//1088 1111//1088 1112//1088
f 1113//1089 1102//1089 1103//1089
f 1103//1090 1114//1090 1113//1090
f 1115//1091 1104//1091 1102//1091
f 1102//1091 1113//1091 1115//1091
f 1116//1092 1105//1092 1104//1092
f 1104//1092 1115//1092 1116//1092
f 1117//1093 1106//1093 1105//1093
f 1105//1093 1116//1093 1117//1093
f 1118//1094 1107//1094 1106//1094
f 1106//1095 1117//1095 1118//1095
f 1119//1096 1108//1096 1107//1096
f 1107//1097 1118//1097 1119//1097
f 1120//1098 1109//1098 1108//1098
f 1108//1098 1119//1098 1120//1098
f 1121//1099 1110//1099 1109//1099
f 1109//1099 1120//1099 1121//1099
f 1122//1100 1111//1100 1110//1100
f 1110//1100 1121//1100 1122//1100
f 1123//1101 1112//1101 1111//1101
f 1111//1101 1122//1101 1123//1101
f 1124//1102 1113//1102 1114//1102
f 1114//1102 1125//1102 1124//1102
f 1126//1103 1115//1103 1113//1103
f 1113//1104 1124//1104 1126//1104
f 1127//1105 1116//1105 1115//1105
f 1115//1105 1126//1105 1127//1105
f 1128//1106 1117//1106 1116//1106
f 1116//1106 1127//1106 1128//1106
f 1129//1107 1118//1107 1117//1107
f 1117//1107 1128//1107 1129//1107
f 1130//1108 1119//1108 1118//1108
f 1118//1108 1129//1108 1130//1108
f 1131//1109 1120//1109 1119//1109
f 1119//1109 1130//1109 1131//1109
f 1132//1110 1121//1110 1120//1110
f 1120//1110 1131//1110 1132//1110
f 1133//1111 1122//1111 1121//1111
f 1121//1112 1132//1112 1133//1112
f 1134//1113 1123//1113 1122//1113
f 1122//1113 1133//1113 1134//1113
f 1135//1114 1124//1114 1125//1114
f 1125//1114 1136//1114 1135//1114
f 1137//1115 1126//1115 1124//1115
f 1124//1116 1135//1116 1137//1116
f 1138//1117 1127//1117 1126//1117
f 1126//1117 1137//1117 1138//1117
f 1139//1118 1128//1118 1127//1118
f 1127//1118 1138//1118 1139//1118
f 1140//1119 1129//1119 1128//1119
f 1128//1119 1139//1119 1140//1119
f 1141//1120 1130//1120 1129//1120
f 1129//1120 1140//1120 1141//1120
f 1142//1121 1131//1121 1130//1121
f 1130//1121 1141//1121 1142//1121
f 1143//1122 1132//1122 1131//1122
f 1131//1122 1142//1122 1143//1122
f 1144//1123 1133//1123 1132//1123
f 1132//1124 1143//1124 1144//1124
f 1145//1125 1134//1125 1133//1125
f 1133//1125 1144//1125 1145//1125
f 1146//1126 1135//1126 1136//1126
f 1136//1126 1147//1126 1146//1126
f 1148//1127 1137//1127 1135//1127
f 1135//1127 1146//1127 1148//1127
f 1149//1128 1138//1128 1137//1128
f 1137//1128 1148//1128 1149//1128
f 1150//1129 1139//1129 1138//1129
f 1138//1129 1149//1129 1150//1129
f 1151//1130 1140//1130 1139//1130
f 1139//1130 1150//1130 1151//1130
f 1152//1131 1141//1131 1140//1131
f 1140//1131 1151//1131 1152//1131
f 1153//1132 1142//1132 1141//1132
f 1141//1132 1152//1132 1153//1132
f 1154//1133 1143//1133 1142//1133
f 1142//1133 1153//1133 1154//1133
f 1155//1134 1144//1134 1143//1134
f 1143//1134 1154//1134 1155//1134
f 1156//1135 1145//1135 1144//1135
f 1144//1135 1155//1135 1156//1135
f 1157//1136 800//1136 801//1136
f 801//1136 1158//1136 1157//1136
f 1159//1137 1160//1137 800//1137
f 800//1137 1157//1137 1159//1137
f 1161//1138 1162//1138 1160//1138
f 1160//1138 1159//1138 1161//1138
f 1163//1139 1164//1139 1162//1139
f 1162//1139 1161//1139 1163//1139
f 1165//1140 1166//1140 1164//1140
f 1164//1140 1163//1140 1165//1140
f 1167//1141 1168//1141 1166//1141
f 1166//1141 1165//1141 1167//1141
f 1169//1142 1170//1142 1168//1142
f 1168//1142 1167//1142 1169//1142
f 1171//1143 1172//1143 1170//1143
f 1170//1143 1169//1143 1171//1143
f 1173//1144 1174//1144 1172//1144
f 1172//1144 1171//1144 1173//1144
f 1175//1145 911//1145 1174//1145
f 1174//1145 1173//1145 1175//1145
f 1176//1146 1157//1146 1158//1146
f 1158//1146 1177//1146 1176//1146
f 1178//1147 1159//1147 1157//1147
f 1157//1147 1176//1147 1178//1147
f 1179//1148 1161//1148 1159//1148
f 1159//1148 1178//1148 1179//1148
f 1180//1149 1163//1149 1161//1149
f 1161//1149 1179//1149 1180//1149
f 1181//1150 1165//1150 1163//1150
f 1163//1150 1180//1150 1181//1150
f 1182//1151 1167//1151 1165//1151
f 1165//1151 1181//1151 1182//1151
f 1183//1152 1169//1152 1167//1152
f 1167//1152 1182//1152 1183//1152
f 1184//1153 1171//1153 1169//1153
f 1169//1153 1183//1153 1184//1153
f 1185//1154 1173//1154 1171//1154
f 1171//1154 1184//1154 1185//1154
f 1186//1155 1175//1155 1173//1155
f 1173//1155 1185//1155 1186//1155
f 1187//1156 1176//1156 1177//1156
f 1177//1156 1188//1156 1187//1156
f 1189//1157 1178//1157 1176//1157
f 1176//1157 1187//1157 1189//1157
f 1190//1158 1179//1158 1178//1158
f 1178//1158 1189//1158 1190//1158
f 1191//1159 1180//1159 1179//1159
f 1179//1159 1190//1159 1191//1159
f 1192//1160 1181//1160 1180//1160
f 1180//1160 1191//1160 1192//1160
f 1193//1161 1182//1161 1181//1161
f 1181//1161 1192//1161 1193//1161
f 1194//1162 1183//1162 1182//1162
f 1182//1162 1193//1162 1194//1162
f 1195//1163 1184//1163 1183//1163
f 1183//1163 1194//1163 1195//1163
f 1196//1164 1185//1164 1184//1164
f 1184//1164 1195//1164 1196//1164
f 1197//1165 1186//1165 1185//1165
f 1185//1165 1196//1165 1197//1165
f 1198//1166 1187//1166 1188//1166
f 1188//1166 1199//1166 1198//1166
f 1200//1167 1189//1167 1187//1167
f 1187//1167 1198//1167 1200//1167
f 1201//1168 1190//1168 1189//1168
f 1189//1168 1200//1168 1201//1168
f 1202//1169 1191//1169 1190//1169
f 1190//1170 1201//1170 1202//1170
f 1203//1171 1192//1171 1191//1171
f 1191//1171 1202//1171 1203//1171
f 1204//1172 1193//1172 1192//1172
f 1192//1172 1203//1172 1204//1172
f 1205//1173 1194//1173 1193//1173
f 1193//1173 1204//1173 1205//1173
f 1206//1174 1195//1174 1194//1174
f 1194//1174 1205//1174 1206//1174
f 1207//1175 1196//1175 1195//1175
f 1195//1175 1206//1175 1207//1175
f 1208//1176 1197//1176 1196//1176
f 1196//1176 1207//1176 1208//1176
f 1209//1177 1198//1177 1199//1177
f 1199//1177 1210//1177 1209//1177
f 1211//1178 1200//1178 1198//1178
f 1198//1178 1209//1178 1211//1178
f 1212//1179 1201//1179 1200//1179
f 1200//1179 1211//1179 1212//1179
f 1213//1180 1202//1180 1201//1180
f 1201//1180 1212//1180 1213//1180
f 1214//1181 1203//1181 1202//1181
f 1202//1181 1213//1181 1214//1181
f 1215//1182 1204//1182 1203//1182
f 1203//1182 1214//1182 1215//1182
f 1216//1183 1205//1183 1204//1183
f 1204//1183 1215//1183 1216//1183
f 1217//1184 1206//1184 1205//1184
f 1205//1184 1216//1184 1217//1184
f 1218//1185 1207//1185 1206//1185
f 1206//1185 1217//1185 1218//1185
f 1219//1186 1208//1186 1207//1186
f 1207//1186 1218//1186 1219//1186
f 1220//1187 1209//1187 1210//1187
f 1210//1187 1221//1187 1220//1187
f 1222//1188 1211//1188 1209//1188
f 1209//1188 1220//1188 1222//1188
f 1223//1189 1212//1189 1211//1189
f 1211//1189 1222//1189 1223//1189
f 1224//1190 1213//1190 1212//1190
f 1212//1190 1223//1190 1224//1190
f 1225//1191 1214//1191 1213//1191
f 1213//1191 1224//1191 1225//1191
f 1226//1192 1215//1192 1214//1192
f 1214//1192 1225//1192 1226//1192
f 1227//1193 1216//1193 1215//1193
f 1215//1193 1226//1193 1227//1193
f 1228//1194 1217//1194 1216//1194
f 1216//1194 1227//1194 1228//1194
f 1229//1195 1218//1195 1217//1195
f 1217//1195 1228//1195 1229//1195
f 1230//1196 1219//1196 1218//1196
f 1218//1196 1229//1196 1230//1196
f 1231//1197 1220//1197 1221//1197
f 1221//1197 1232//1197 1231//1197
f 1233//1198 1222//1198 1220//1198
f 1220//1198 1231//1198 1233//1198
f 1234//1199 1223//1199 1222//1199
f 1222//1199 1233//1199 1234//1199
f 1235//1200 1224//1200 1223//1200
f 1223//1200 1234//1200 1235//1200
f 1236//1201 1225//1201 1224//1201
f 1224//1201 1235//1201 1236//1201
f 1237//1202 1226//1202 1225//1202
f 1225//1202 1236//1202 1237//1202
f 1238//1203 1227//1203 1226//1203
f 1226//1203 1237//1203 1238//1203
f 1239//1204 1228//1204 1227//1204
f 1227//1204 1238//1204 1239//1204
f 1240//1205 1229//1205 1228//1205
f 1228//1205 1239//1205 1240//1205
f 1241//1206 1230//1206 1229//1206
f 1229//1206 1240//1206 1241//1206
f 1242//1207 1231//1207 1232//1207
f 1232//1207 1243//1207 1242//1207
f 1244//1208 1233//1208 1231//1208
f 1231//1209 1242//1209 1244//1209
f 1245//1210 1234//1210 1233//1210
f 1233//1210 1244//1210 1245//1210
f 1246//1211 1235//1211 1234//1211
f 1234//1212 1245//1212 1246//1212
f 1247//1213 1236//1213 1235//1213
f 1235//1213 1246//1213 1247//1213
f 1248//1214 1237//1214 1236//1214
f 1236//1214 1247//1214 1248//1214
f 1249//1215 1238//1215 1237//1215
f 1237//1215 1248//1215 1249//1215
f 1250//1216 1239//1216 1238//1216
f 1238//1216 1249//1216 1250//1216
f 1251//1217 1240//1217 1239//1217
f 1239//1218 1250//1218 1251//1218
f 1252//1219 1241//1219 1240//1219
f 1240//1219 1251//1219 1252//1219
f 1253//1220 1242//1220 1243//1220
f 1243//1220 1254//1220 1253//1220
f 1255//1221 1244//1221 1242//1221
f 1242//1222 1253//1222 1255//1222
f 1256//1223 1245//1223 1244//1223
f 1244//1223 1255//1223 1256//1223
f 1257//1224 1246//1224 1245//1224
f 1245//1224 1256//1224 1257//1224
f 1258//1225 1247//1225 1246//1225
f 1246//1225 1257//1225 1258//1225
f 1259//1226 1248//1226 1247//1226
f 1247//1226 1258//1226 1259//1226
f 1260//1227 1249//1227 1248//1227
f 1248//1227 1259//1227 1260//1227
f 1261//1228 1250//1228 1249//1228
f 1249//1228 1260//1228 1261//1228
f 1262//1229 1251//1229 1250//1229
f 1250//1230 1261//1230 1262//1230
f 1263//1231 1252//1231 1251//1231
f 1251//1231 1262//1231 1263//1231
f 1264//1232 1253//1232 1254//1232
f 1254//1232 1265//1232 1264//1232
f 1266//1233 1255//1233 1253//1233
f 1253//1233 1264//1233 1266//1233
f 1267//1234 1256//1234 1255//1234
f 1255//1234 1266//1234 1267//1234
f 1268//1235 1257//1235 1256//1235
f 1256//1235 1267//1235 1268//1235
f 1269//1236 1258//1236 1257//1236
f 1257//1236 1268//1236 1269//1236
f 1270//1237 1259//1237 1258//1237
f 1258//1237 1269//1237 1270//1237
f 1271//1238 1260//1238 1259//1238
f 1259//1238 1270//1238 1271//1238
f 1272//1239 1261//1239 1260//1239
f 1260//1239 1271//1239 1272//1239
f 1273//1240 1262//1240 1261//1240
f 1261//1240 1272//1240 1273//1240
f 1274//1241 1263//1241 1262//1241
f 1262//1241 1273//1241 1274//1241
f 1275//1242 910//1242 911//1242
f 911//1242 1276//1242 1275//1242
f 1277//1243 1278//1243 910//1243
f 910//1243 1275//1243 1277//1243
f 1279//1244 1280//1244 1278//1244
f 1278//1244 1277//1244 1279//1244
f 1281//1245 1282//1245 1280//1245
f 1280//1245 1279//1245 1281//1245
f 1283//1246 1284//1246 1282//1246
f 1282//1246 1281//1246 1283//1246
f 1285//1247 1286//1247 1284//1247
f 1284//1247 1283//1247 1285//1247
f 1287//1248 1288//1248 1286//1248
f 1286//1248 1285//1248 1287//1248
f 1289//1249 1290//1249 1288//1249
f 1288//1249 1287//1249 1289//1249
f 1291//1250 1292//1250 1290//1250
f 1290//1250 1289//1250 1291//1250
f 1293//1251 581//1251 1292//1251
f 1292//1251 1291//1251 1293//1251
f 1294//1252 1275//1252 1276//1252
f 1276//1252 1295//1252 1294//1252
f 1296//1253 1277//1253 1275//1253
f 1275//1253 1294//1253 1296//1253
f 1297//1254 1279//1254 1277//1254
f 1277//1254 1296//1254 1297//1254
f 1298//1255 1281//1255 1279//1255
f 1279//1255 1297//1255 1298//1255
f 1299//1256 1283//1256 1281//1256
f 1281//1256 1298//1256 1299//1256
f 1300//1257 1285//1257 1283//1257
f 1283//1257 1299//1257 1300//1257
f 1301//1258 1287//1258 1285//1258
f 1285//1258 1300//1258 1301//1258
f 1302//1259 1289//1259 1287//1259
f 1287//1259 1301//1259 1302//1259
f 1303//1260 1291//1260 1289//1260
f 1289//1260 1302//1260 1303//1260
f 1304//1261 1293//1261 1291//1261
f 1291//1261 1303//1261 1304//1261
f 1305//1262 1294//1262 1295//1262
f 1295//1262 1306//1262 1305//1262
f 1307//1263 1296//1263 1294//1263
f 1294//1263 1305//1263 1307//1263
f 1308//1264 1297//1264 1296//1264
f 1296//1264 1307//1264 1308//1264
f 1309//1265 1298//1265 1297//1265
f 1297//1265 1308//1265 1309//1265
f 1310//1266 1299//1266 1298//1266
f 1298//1266 1309//1266 1310//1266
f 1311//1267 1300//1267 1299//1267
f 1299//1267 1310//1267 1311//1267
f 1312//1268 1301//1268 1300//1268
f 1300//1268 1311//1268 1312//1268
f 1313//1269 1302//1269 1301//1269
f 1301//1269 1312//1269 1313//1269
f 1314//1270 1303//1270 1302//1270
f 1302//1270 1313//1270 1314//1270
f 1315//1271 1304//1271 1303//1271
f 1303//1271 1314//1271 1315//1271
f 1316//1272 1305//1272 1306//1272
f 1306//1272 1317//1272 1316//1272
f 1318//1273 1307//1273 1305//1273
f 1305//1273 1316//1273 1318//1273
f 1319//1274 1308//1274 1307//1274
f 1307//1274 1318//1274 1319//1274
f 1320//1275 1309//1275 1308//1275
f 1308//1276 1319//1276 1320//1276
f 1321//1277 1310//1277 1309//1277
f 1309//1277 1320//1277 1321//1277
f 1322//1278 1311//1278 1310//1278
f 1310//1278 1321//1278 1322//1278
f 1323//1279 1312//1279 1311//1279
f 1311//1280 1322//1280 1323//1280
f 1324//1281 1313//1281 1312//1281
f 1312//1281 1323//1281 1324//1281
f 1325//1282 1314//1282 1313//1282
f 1313//1282 1324//1282 1325//1282
f 1326//1283 1315//1283 1314//1283
f 1314//1283 1325//1283 1326//1283
f 1327//1284 1316//1284 1317//1284
f 1317//1284 1328//1284 1327//1284
f 1329//1285 1318//1285 1316//1285
f 1316//1285 1327//1285 1329//1285
f 1330//1286 1319//1286 1318//1286
f 1318//1286 1329//1286 1330//1286
f 1331//1287 1320//1287 1319//1287
f 1319//1287 1330//1287 1331//1287
f 1332//1288 1321//1288 1320//1288
f 1320//1288 1331//1288 1332//1288
f 1333//1289 1322//1289 1321//1289
f 1321//1289 1332//1289 1333//1289
f 1334//1290 1323//1290 1322//1290
f 1322//1290 1333//1290 1334//1290
f 1335//1291 1324//1291 1323//1291
f 1323//1291 1334//1291 1335//1291
f 1336//1292 1325//1292 1324//1292
f 1324//1292 1335//1292 1336//1292
f 1337//1293 1326//1293 1325//1293
f 1325//1293 1336//1293 1337//1293
f 1338//1294 1327//1294 1328//1294
f 1328//1294 1339//1294 1338//1294
f 1340//1295 1329//1295 1327//1295
f 1327//1295 1338//1295 1340//1295
f 1341//1296 1330//1296 1329//1296
f 1329//1296 1340//1296 1341//1296
f 1342//1297 1331//1297 1330//1297
f 1330//1297 1341//1297 1342//1297
f 1343//1298 1332//1298 1331//1298
f 1331//1298 1342//1298 1343//1298
f 1344//1299 1333//1299 1332//1299
f 1332//1299 1343//1299 1344//1299
f 1345//1300 1334//1300 1333//1300
f 1333//1300 1344//1300 1345//1300
f 1346//1301 1335//1301 1334//1301
f 1334//1301 1345//1301 1346//1301
f 1347//1302 1336//1302 1335//1302
f 1335//1302 1346//1302 1347//1302
f 1348//1303 1337//1303 1336//1303
f 1336//1303 1347//1303 1348//1303
f 1349//1304 1338//1304 1339//1304
f 1339//1304 1350//1304 1349//1304
f 1351//1305 1340//1305 1338//1305
f 1338//1305 1349//1305 1351//1305
f 1352//1306 1341//1306 1340//1306
f 1340//1306 1351//1306 1352//1306
f 1353//1307 1342//1307 1341//1307
f 1341//1307 1352//1307 1353//1307
f 1354//1308 1343//1308 1342//1308
f 1342//1309 1353//1309 1354//1309
f 1355//1310 1344//1310 1343//1310
f 1343//1310 1354//1310 1355//1310
f 1356//1311 1345//1311 1344//1311
f 1344//1311 1355//1311 1356//1311
f 1357//1312 1346//1312 1345//1312
f 1345//1312 1356//1312 1357//1312
f 1358//1313 1347//1313 1346//1313
f 1346//1313 1357//1313 1358//1313
f 1359//1314 1348//1314 1347//1314
f 1347//1314 1358//1314 1359//1314
f 1360//1315 1349//1315 1350//1315
f 1350//1315 1361//1315 1360//1315
f 1362//1316 1351//1316 1349//1316
f 1349//1317 1360//1317 1362//1317
f 1363//1318 1352//1318 1351//1318
f 1351//1318 1362//1318 1363//1318
f 1364//1319 1353//1319 1352//1319
f 1352//1320 1363//1320 1364//1320
f 1365//1321 1354//1321 1353//1321
f 1353//1321 1364//1321 1365//1321
f 1366//1322 1355//1322 1354//1322
f 1354//1322 1365//1322 1366//1322
f 1367//1323 1356//1323 1355//1323
f 1355//1324 1366//1324 1367//1324
f 1368//1325 1357//1325 1356//1325
f 1356//1325 1367//1325 1368//1325
f 1369//1326 1358//1326 1357//1326
f 1357//1327 1368//1327 1369//1327
f 1370//1328 1359//1328 1358//1328
f 1358//1328 1369//1328 1370//1328
f 1371//1329 1360//1329 1361//1329
f 1361//1329 1372//1329 1371//1329
f 1373//1330 1362//1330 1360//1330
f 1360//1331 1371//1331 1373//1331
f 1374//1332 1363//1332 1362//1332
f 1362//1332 1373//1332 1374//1332
f 1375//1333 1364//1333 1363//1333
f 1363//1333 1374//1333 1375//1333
f 1376//1334 1365//1334 1364//1334
f 1364//1334 1375//1334 1376//1334
f 1377//1335 1366//1335 1365//1335
f 1365//1335 1376//1335 1377//1335
f 1378//1336 1367//1336 1366//1336
f 1366//1336 1377//1336 1378//1336
f 1379//1337 1368//1337 1367//1337
f 1367//1337 1378//1337 1379//1337
f 1380//1338 1369//1338 1368//1338
f 1368//1339 1379//1339 1380//1339
f 1381//1340 1370//1340 1369//1340
f 1369//1340 1380//1340 1381//1340
f 1382//1341 1371//1341 1372//1341
f 1372//1341 1383//1341 1382//1341
f 1384//1342 1373//1342 1371//1342
f 1371//1342 1382//1342 1384//1342
f 1385//1343 1374//1343 1373//1343
f 1373//1343 1384//1343 1385//1343
f 1386//1344 1375//1344 1374//1344
f 1374//1344 1385//1344 1386//1344
f 1387//1345 1376//1345 1375//1345
f 1375//1345 1386//1345 1387//1345
f 1388//1346 1377//1346 1376//1346
f 1376//1346 1387//1346 1388//1346
f 1389//1347 1378//1347 1377//1347
f 1377//1347 1388//1347 1389//1347
f 1390//1348 1379//1348 1378//1348
f 1378//1348 1389//1348 1390//1348
f 1391//1349 1380//1349 1379//1349
f 1379//1349 1390//1349 1391//1349
f 1392//1350 1381//1350 1380//1350
f 1380//1350 1391//1350 1392//1350
f 1393//1351 1394//1351 1395//1351
f 1395//1351 1396//1351 1393//1351
f 1397//1352 1398//1352 1394//1352
f 1394//1353 1393//1353 1397//1353
f 1399//1354 1400//1354 1398//1354
f 1398//1355 1397//1355 1399//1355
f 1401//1356 1402//1356 1400//1356
f 1400//1357 1399//1357 1401//1357
f 1403//1358 1404//1358 1402//1358
f 1402//1359 1401//1359 1403//1359
f 1405//1360 1406//1360 1404//1360
f 1404//1361 1403//1361 1405//1361
f 1407//1362 1408//1362 1406//1362
f 1406//1363 1405//1363 1407//1363
f 1409//1364 1410//1364 1408//1364
f 1408//1365 1407//1365 1409//1365
f 1411//1366 1412//1366 1410//1366
f 1410//1367 1409//1367 1411//1367
f 1413//1368 1414//1368 1412//1368
f 1412//1368 1411//1368 1413//1368
f 1415//1369 1393//1369 1396//1369
f 1396//1370 1416//1370 1415//1370
f 1417//1371 1397//1371 1393//1371
f 1393//1372 1415//1372 1417//1372
f 1418//1373 1399//1373 1397//1373
f 1397//1374 1417//1374 1418//1374
f 1419//1375 1401//1375 1399//1375
f 1399//1376 1418//1376 1419//1376
f 1420//1377 1403//1377 1401//1377
f 1401//1378 1419//1378 1420//1378
f 1421//1379 1405//1379 1403//1379
f 1403//1380 1420//1380 1421//1380
f 1422//1381 1407//1381 1405//1381
f 1405//1382 1421//1382 1422//1382
f 1423//1383 1409//1383 1407//1383
f 1407//1384 1422//1384 1423//1384
f 1424//1385 1411//1385 1409//1385
f 1409//1386 1423//1386 1424//1386
f 1425//1387 1413//1387 1411//1387
f 1411//1388 1424//1388 1425//1388
f 1426//1389 1415//1389 1416//1389
f 1416//1390 1427//1390 1426//1390
f 1428//1391 1417//1391 1415//1391
f 1415//1392 1426//1392 1428//1392
f 1429//1393 1418//1393 1417//1393
f 1417//1394 1428//1394 1429//1394
f 1430//1395 1419//1395 1418//1395
f 1418//1396 1429//1396 1430//1396
f 1431//1397 1420//1397 1419//1397
f 1419//1398 1430//1398 1431//1398
f 1432//1399 1421//1399 1420//1399
f 1420//1400 1431//1400 1432//1400
f 1433//1401 1422//1401 1421//1401
f 1421//1402 1432//1402 1433//1402
f 1434//1403 1423//1403 1422//1403
f 1422//1404 1433//1404 1434//1404
f 1435//1405 1424//1405 1423//1405
f 1423//1406 1434//1406 1435//1406
f 1436//1407 1425//1407 1424//1407
f 1424//1408 1435//1408 1436//1408
f 1437//1409 1426//1409 1427//1409
f 1427//1410 1438//1410 1437//1410
f 1439//1411 1428//1411 1426//1411
f 1426//1412 1437//1412 1439//1412
f 1440//1413 1429//1413 1428//1413
f 1428//1414 1439//1414 1440//1414
f 1441//1415 1430//1415 1429//1415
f 1429//1416 1440//1416 1441//1416
f 1442//1417 1431//1417 1430//1417
f 1430//1418 1441//1418 1442//1418
f 1443//1419 1432//1419 1431//1419
f 1431//1420 1442//1420 1443//1420
f 1444//1421 1433//1421 1432//1421
f 1432//1422 1443//1422 1444//1422
f 1445//1423 1434//1423 1433//1423
f 1433//1424 1444//1424 1445//1424
f 1446//1425 1435//1425 1434//1425
f 1434//1426 1445//1426 1446//1426
f 1447//1427 1436//1427 1435//1427
f 1435//1428 1446//1428 1447//1428
f 1448//1429 1437//1429 1438//1429
f 1438//1430 1449//1430 1448//1430
f 1450//1431 1439//1431 1437//1431
f 1437//1432 1448//1432 1450//1432
f 1451//1433 1440//1433 1439//1433
f 1439//1434 1450//1434 1451//1434
f 1452//1435 1441//1435 1440//1435
f 1440//1436 1451//1436 1452//1436
f 1453//1437 1442//1437 1441//1437
f 1441//1438 1452//1438 1453//1438
f 1454//1439 1443//1439 1442//1439
f 1442//1440 1453//1440 1454//1440
f 1455//1441 1444//1441 1443//1441
f 1443//1442 1454//1442 1455//1442
f 1456//1443 1445//1443 1444//1443
f 1444//1444 1455//1444 1456//1444
f 1457//1445 1446//1445 1445//1445
f 1445//1446 1456//1446 1457//1446
f 1458//1447 1447//1447 1446//1447
f 1446//1448 1457//1448 1458//1448
f 1459//1449 1448//1449 1449//1449
f 1449//1450 1460//1450 1459//1450
f 1461//1451 1450//1451 1448//1451
f 1448//1452 1459//1452 1461//1452
f 1462//1453 1451//1453 1450//1453
f 1450//1454 1461//1454 1462//1454
f 1463//1455 1452//1455 1451//1455
f 1451//1456 1462//1456 1463//1456
f 1464//1457 1453//1457 1452//1457
f 1452//1458 1463//1458 1464//1458
f 1465//1459 1454//1459 1453//1459
f 1453//1460 1464//1460 1465//1460
f 1466//1461 1455//1461 1454//1461
f 1454//1462 1465//1462 1466//1462
f 1467//1463 1456//1463 1455//1463
f 1455//1464 1466//1464 1467//1464
f 1468//1465 1457//1465 1456//1465
f 1456//1466 1467//1466 1468//1466
f 1469//1467 1458//1467 1457//1467
f 1457//1468 1468//1468 1469//1468
f 1470//1469 1459//1469 1460//1469
f 1460//1470 1471//1470 1470//1470
f 1472//1471 1461//1471 1459//1471
f 1459//1472 1470//1472 1472//1472
f 1473//1473 1462//1473 1461//1473
f 1461//1474 1472//1474 1473//1474
f 1474//1475 1463//1475 1462//1475
f 1462//1476 1473//1476 1474//1476
f 1475//1477 1464//1477 1463//1477
f 1463//1478 1474//1478 1475//1478
f 1476//1479 1465//1479 1464//1479
f 1464//1480 1475//1480 1476//1480
f 1477//1481 1466//1481 1465//1481
f 1465//1482 1476//1482 1477//1482
f 1478//1483 1467//1483 1466//1483
f 1466//1484 1477//1484 1478//1484
f 1479//1485 1468//1485 1467//1485
f 1467//1486 1478//1486 1479//1486
f 1480//1487 1469//1487 1468//1487
f 1468//1488 1479//1488 1480//1488
f 1481//1489 1470//1489 1471//1489
f 1471//1490 1482//1490 1481//1490
f 1483//1491 1472//1491 1470//1491
f 1470//1492 1481//1492 1483//1492
f 1484//1493 1473//1493 1472//1493
f 1472//1494 1483//1494 1484//1494
f 1485//1495 1474//1495 1473//1495
f 1473//1496 1484//1496 1485//1496
f 1486//1497 1475//1497 1474//1497
f 1474//1498 1485//1498 1486//1498
f 1487//1499 1476//1499 1475//1499
f 1475//1500 1486//1500 1487//1500
f 1488//1501 1477//1501 1476//1501
f 1476//1502 1487//1502 1488//1502
f 1489//1503 1478//1503 1477//1503
f 1477//1504 1488//1504 1489//1504
f 1490//1505 1479//1505 1478//1505
f 1478//1506 1489//1506 1490//1506
f 1491//1507 1480//1507 1479//1507
f 1479//1508 1490//1508 1491//1508
f 1492//1509 1481//1509 1482//1509
f 1482//1510 1493//1510 1492//1510
f 1494//1511 1483//1511 1481//1511
f 1481//1512 1492//1512 1494//1512
f 1495//1513 1484//1513 1483//1513
f 1483//1514 1494//1514 1495//1514
f 1496//1515 1485//1515 1484//1515
f 1484//1516 1495//1516 1496//1516
f 1497//1517 1486//1517 1485//1517
f 1485//1518 1496//1518 1497//1518
f 1498//1519 1487//1519 1486//1519
f 1486//1520 1497//1520 1498//1520
f 1499//1521 1488//1521 1487//1521
f 1487//1522 1498//1522 1499//1522
f 1500//1523 1489//1523 1488//1523
f 1488//1524 1499//1524 1500//1524
f 1501//1525 1490//1525 1489//1525
f 1489//1526 1500//1526 1501//1526
f 1502//1527 1491//1527 1490//1527
f 1490//1528 1501//1528 1502//1528
f 1503//1529 1492//1529 1493//1529
f 1493//1530 1504//1530 1503//1530
f 1505//1531 1494//1531 1492//1531
f 1492//1532 1503//1532 1505//1532
f 1506//1533 1495//1533 1494//1533
f 1494//1534 1505//1534 1506//1534
f 1507//1535 1496//1535 1495//1535
f 1495//1536 1506//1536 1507//1536
f 1508//1537 1497//1537 1496//1537
f 1496//1538 1507//1538 1508//1538
f 1509//1539 1498//1539 1497//1539
f 1497//1540 1508//1540 1509//1540
f 1510//1541 1499//1541 1498//1541
f 1498//1542 1509//1542 1510//1542
f 1511//1543 1500//1543 1499//1543
f 1499//1544 1510//1544 1511//1544
f 1512//1545 1501//1545 1500//1545
f 1500//1546 1511//1546 1512//1546
f 1513//1547 1502//1547 1501//1547
f 1501//1548 1512//1548 1513//1548
f 1514//1549 1515//1549 1414//1549
f 1414//1549 1413//1549 1514//1549
f 1516//1550 1517//1550 1515//1550
f 1515//1551 1514//1551 1516//1551
f 1518//1552 1519//1552 1517//1552
f 1517//1553 1516//1553 1518//1553
f 1520//1554 1521//1554 1519//1554
f 1519//1555 1518//1555 1520//1555
f 1522//1556 1523//1556 1521//1556
f 1521//1557 1520//1557 1522//1557
f 1524//1558 1525//1558 1523//1558
f 1523//1559 1522//1559 1524//1559
f 1526//1560 1527//1560 1525//1560
f 1525//1561 1524//1561 1526//1561
f 1528//1562 1529//1562 1527//1562
f 1527//1563 1526//1563 1528//1563
f 1530//1564 1531//1564 1529//1564
f 1529//1565 1528//1565 1530//1565
f 1396//1566 1395//1566 1531//1566
f 1531//1566 1530//1566 1396//1566
f 1532//1567 1514//1567 1413//1567
f 1413//1568 1533//1568 1532//1568
f 1534//1569 1516//1569 1514//1569
f 1514//1570 1532//1570 1534//1570
f 1535//1571 1518//1571 1516//1571
f 1516//1572 1534//1572 1535//1572
f 1536//1573 1520//1573 1518//1573
f 1518//1574 1535//1574 1536//1574
f 1537//1575 1522//1575 1520//1575
f 1520//1576 1536//1576 1537//1576
f 1538//1577 1524//1577 1522//1577
f 1522//1578 1537//1578 1538//1578
f 1539//1579 1526//1579 1524//1579
f 1524//1580 1538//1580 1539//1580
f 1540//1581 1528//1581 1526//1581
f 1526//1582 1539//1582 1540//1582
f 1541//1583 1530//1583 1528//1583
f 1528//1584 1540//1584 1541//1584
f 1542//1585 1396//1585 1530//1585
f 1530//1586 1541//1586 1542//1586
f 1543//1587 1532//1587 1533//1587
f 1533//1588 1436//1588 1543//1588
f 1544//1589 1534//1589 1532//1589
f 1532//1590 1543//1590 1544//1590
f 1545//1591 1535//1591 1534//1591
f 1534//1592 1544//1592 1545//1592
f 1546//1593 1536//1593 1535//1593
f 1535//1594 1545//1594 1546//1594
f 1547//1595 1537//1595 1536//1595
f 1536//1596 1546//1596 1547//1596
f 1548//1597 1538//1597 1537//1597
f 1537//1598 1547//1598 1548//1598
f 1549//1599 1539//1599 1538//1599
f 1538//1600 1548//1600 1549//1600
f 1550//1601 1540//1601 1539//1601
f 1539//1602 1549//1602 1550//1602
f 1551//1603 1541//1603 1540//1603
f 1540//1604 1550//1604 1551//1604
f 1427//1605 1542//1605 1541//1605
f 1541//1606 1551//1606 1427//1606
f 1552//1607 1543//1607 1436//1607
f 1436//1608 1553//1608 1552//1608
f 1554//1609 1544//1609 1543//1609
f 1543//1610 1552//1610 1554//1610
f 1555//1611 1545//1611 1544//1611
f 1544//1612 1554//1612 1555//1612
f 1556//1613 1546//1613 1545//1613
f 1545//1614 1555//1614 1556//1614
f 1557//1615 1547//1615 1546//1615
f 1546//1616 1556//1616 1557//1616
f 1558//1617 1548//1617 1547//1617
f 1547//1618 1557//1618 1558//1618
f 1559//1619 1549//1619 1548//1619
f 1548//1620 1558//1620 1559//1620
f 1560//1621 1550//1621 1549//1621
f 1549//1622 1559//1622 1560//1622
f 1561//1623 1551//1623 1550//1623
f 1550//1624 1560//1624 1561//1624
f 1562//1625 1427//1625 1551//1625
f 1551//1626 1561//1626 1562//1626
f 1563//1627 1552//1627 1553//1627
f 1553//1628 1458//1628 1563//1628
f 1564//1629 1554//1629 1552//1629
f 1552//1630 1563//1630 1564//1630
f 1565//1631 1555//1631 1554//1631
f 1554//1632 1564//1632 1565//1632
f 1566//1633 1556//1633 1555//1633
f 1555//1634 1565//1634 1566//1634
f 1567//1635 1557//1635 1556//1635
f 1556//1636 1566//1636 1567//1636
f 1568//1637 1558//1637 1557//1637
f 1557//1638 1567//1638 1568//1638
f 1569//1639 1559//1639 1558//1639
f 1558//1640 1568//1640 1569//1640
f 1570//1641 1560//1641 1559//1641
f 1559//1642 1569//1642 1570//1642
f 1571//1643 1561//1643 1560//1643
f 1560//1644 1570//1644 1571//1644
f 1572//1645 1562//1645 1561//1645
f 1561//1646 1571//1646 1572//1646
f 1573//1647 1563//1647 1458//1647
f 1458//1648 1574//1648 1573//1648
f 1575//1649 1564//1649 1563//1649
f 1563//1650 1573//1650 1575//1650
f 1576//1651 1565//1651 1564//1651
f 1564//1652 1575//1652 1576//1652
f 1577//1653 1566//1653 1565//1653
f 1565//1654 1576//1654 1577//1654
f 1578//1655 1567//1655 1566//1655
f 1566//1656 1577//1656 1578//1656
f 1579//1657 1568//1657 1567//1657
f 1567//1658 1578//1658 1579//1658
f 1580//1659 1569//1659 1568//1659
f 1568//1660 1579//1660 1580//1660
f 1581//1661 1570//1661 1569//1661
f 1569//1662 1580//1662 1581//1662
f 1582//1663 1571//1663 1570//1663
f 1570//1664 1581//1664 1582//1664
f 1583//1665 1572//1665 1571//1665
f 1571//1666 1582//1666 1583//1666
f 1584//1667 1573//1667 1574//1667
f 1574//1668 1480//1668 1584//1668
f 1585//1669 1575//1669 1573//1669
f 1573//1670 1584//1670 1585//1670
f 1586//1671 1576//1671 1575//1671
f 1575//1672 1585//1672 1586//1672
f 1587//1673 1577//1673 1576//1673
f 1576//1674 1586//1674 1587//1674
f 1588//1675 1578//1675 1577//1675
f 1577//1676 1587//1676 1588//1676
f 1589//1677 1579//1677 1578//1677
f 1578//1678 1588//1678 1589//1678
f 1590//1679 1580//1679 1579//1679
f 1579//1680 1589//1680 1590//1680
f 1591//1681 1581//1681 1580//1681
f 1580//1682 1590//1682 1591//1682
f 1592//1683 1582//1683 1581//1683
f 1581//1684 1591//1684 1592//1684
f 1471//1685 1583//1685 1582//1685
f 1582//1686 1592//1686 1471//1686
f 1593//1687 1584//1687 1480//1687
f 1480//1688 1491//1688 1593//1688
f 1594//1689 1585//1689 1584//1689
f 1584//1690 1593//1690 1594//1690
f 1595//1691 1586//1691 1585//1691
f 1585//1692 1594//1692 1595//1692
f 1596//1693 1587//1693 1586//1693
f 1586//1694 1595//1694 1596//1694
f 1597//1695 1588//1695 1587//1695
f 1587//1696 1596//1696 1597//1696
f 1598//1697 1589//1697 1588//1697
f 1588//1698 1597//1698 1598//1698
f 1599//1699 1590//1699 1589//1699
f 1589//1700 1598//1700 1599//1700
f 1600//1701 1591//1701 1590//1701
f 1590//1702 1599//1702 1600//1702
f 1601//1703 1592//1703 1591//1703
f 1591//1704 1600//1704 1601//1704
f 1602//1705 1471//1705 1592//1705
f 1592//1706 1601//1706 1602//1706
f 1603//1707 1593//1707 1491//1707
f 1491//1708 1604//1708 1603//1708
f 1605//1709 1594//1709 1593//1709
f 1593//1710 1603//1710 1605//1710
f 1606//1711 1595//1711 1594//1711
f 1594//1712 1605//1712 1606//1712
f 1607//1713 1596//1713 1595//1713
f 1595//1714 1606//1714 1607//1714
f 1608//1715 1597//1715 1596//1715
f 1596//1716 1607//1716 1608//1716
f 1609//1717 1598//1717 1597//1717
f 1597//1718 1608//1718 1609//1718
f 1610//1719 1599//1719 1598//1719
f 1598//1720 1609//1720 1610//1720
f 1611//1721 1600//1721 1599//1721
f 1599//1722 1610//1722 1611//1722
f 1612//1723 1601//1723 1600//1723
f 1600//1724 1611//1724 1612//1724
f 1613//1725 1602//1725 1601//1725
f 1601//1726 1612//1726 1613//1726
f 1614//1727 1603//1727 1604//1727
f 1604//1728 1513//1728 1614//1728
f 1615//1729 1605//1729 1603//1729
f 1603//1730 1614//1730 1615//1730
f 1616//1731 1606//1731 1605//1731
f 1605//1732 1615//1732 1616//1732
f 1617//1733 1607//1733 1606//1733
f 1606//1734 1616//1734 1617//1734
f 1618//1735 1608//1735 1607//1735
f 1607//1736 1617//1736 1618//1736
f 1619//1737 1609//1737 1608//1737
f 1608//1738 1618//1738 1619//1738
f 1620//1739 1610//1739 1609//1739
f 1609//1740 1619//1740 1620//1740
f 1621//1741 1611//1741 1610//1741
f 1610//1742 1620//1742 1621//1742
f 1622//1743 1612//1743 1611//1743
f 1611//1744 1621//1744 1622//1744
f 1504//1745 1613//1745 1612//1745
f 1612//1746 1622//1746 1504//1746
f 1623//1747 1503//1747 1504//1747
f 1504//1748 1624//1748 1623//1748
f 1625//1749 1505//1749 1503//1749
f 1503//1750 1623//1750 1625//1750
f 1626//1751 1506//1751 1505//1751
f 1505//1752 1625//1752 1626//1752
f 1627//1753 1507//1753 1506//1753
f 1506//1754 1626//1754 1627//1754
f 1628//1755 1508//1755 1507//1755
f 1507//1756 1627//1756 1628//1756
f 1629//1757 1509//1757 1508//1757
f 1508//1758 1628//1758 1629//1758
f 1630//1759 1510//1759 1509//1759
f 1509//1760 1629//1760 1630//1760
f 1631//1761 1511//1761 1510//1761
f 1510//1762 1630//1762 1631//1762
f 1632//1763 1512//1763 1511//1763
f 1511//1764 1631//1764 1632//1764
f 1633//1765 1513//1765 1512//1765
f 1512//1766 1632//1766 1633//1766
f 1634//1767 1623//1767 1624//1767
f 1624//1768 1635//1768 1634//1768
f 1636//1769 1625//1769 1623//1769
f 1623//1770 1634//1770 1636//1770
f 1637//1771 1626//1771 1625//1771
f 1625//1772 1636//1772 1637//1772
f 1638//1773 1627//1773 1626//1773
f 1626//1774 1637//1774 1638//1774
f 1639//1775 1628//1775 1627//1775
f 1627//1776 1638//1776 1639//1776
f 1640//1777 1629//1777 1628//1777
f 1628//1778 1639//1778 1640//1778
f 1641//1779 1630//1779 1629//1779
f 1629//1780 1640//1780 1641//1780
f 1642//1781 1631//1781 1630//1781
f 1630//1782 1641//1782 1642//1782
f 1643//1783 1632//1783 1631//1783
f 1631//1784 1642//1784 1643//1784
f 1644//1785 1633//1785 1632//1785
f 1632//1786 1643//1786 1644//1786
f 1645//1787 1634//1787 1635//1787
f 1635//1788 1646//1788 1645//1788
f 1647//1789 1636//1789 1634//1789
f 1634//1790 1645//1790 1647//1790
f 1648//1791 1637//1791 1636//1791
f 1636//1792 1647//1792 1648//1792
f 1649//1793 1638//1793 1637//1793
f 1637//1794 1648//1794 1649//1794
f 1650//1795 1639//1795 1638//1795
f 1638//1796 1649//1796 1650//1796
f 1651//1797 1640//1797 1639//1797
f 1639//1798 1650//1798 1651//1798
f 1652//1799 1641//1799 1640//1799
f 1640//1800 1651//1800 1652//1800
f 1653//1801 1642//1801 1641//1801
f 1641//1802 1652//1802 1653//1802
f 1654//1803 1643//1803 1642//1803
f 1642//1804 1653//1804 1654//1804
f 1655//1805 1644//1805 1643//1805
f 1643//1806 1654//1806 1655//1806
f 1656//1807 1645//1807 1646//1807
f 1646//1808 1657//1808 1656//1808
f 1658//1809 1647//1809 1645//1809
f 1645//1810 1656//1810 1658//1810
f 1659//1811 1648//1811 1647//1811
f 1647//1812 1658//1812 1659//1812
f 1660//1813 1649//1813 1648//1813
f 1648//1814 1659//1814 1660//1814
f 1661//1815 1650//1815 1649//1815
f 1649//1816 1660//1816 1661//1816
f 1662//1817 1651//1817 1650//1817
f 1650//1818 1661//1818 1662//1818
f 1663//1819 1652//1819 1651//1819
f 1651//1820 1662//1820 1663//1820
f 1664//1821 1653//1821 1652//1821
f 1652//1822 1663//1822 1664//1822
f 1665//1823 1654//1823 1653//1823
f 1653//1824 1664//1824 1665//1824
f 1666//1825 1655//1825 1654//1825
f 1654//1826 1665//1826 1666//1826
f 1667//1827 1656//1827 1657//1827
f 1657//1828 1668//1828 1667//1828
f 1669//1829 1658//1829 1656//1829
f 1656//1830 1667//1830 1669//1830
f 1670//1831 1659//1831 1658//1831
f 1658//1832 1669//1832 1670//1832
f 1671//1833 1660//1833 1659//1833
f 1659//1834 1670//1834 1671//1834
f 1672//1835 1661//1835 1660//1835
f 1660//1836 1671//1836 1672//1836
f 1673//1837 1662//1837 1661//1837
f 1661//1838 1672//1838 1673//1838
f 1674//1839 1663//1839 1662//1839
f 1662//1840 1673//1840 1674//1840
f 1675//1841 1664//1841 1663//1841
f 1663//1842 1674//1842 1675//1842
f 1676//1843 1665//1843 1664//1843
f 1664//1844 1675//1844 1676//1844
f 1677//1845 1666//1845 1665//1845
f 1665//1846 1676//1846 1677//1846
f 1678//1847 1667//1847 1668//1847
f 1668//1848 1679//1848 1678//1848
f 1680//1849 1669//1849 1667//1849
f 1667//1850 1678//1850 1680//1850
f 1681//1851 1670//1851 1669//1851
f 1669//1852 1680//1852 1681//1852
f 1682//1853 1671//1853 1670//1853
f 1670//1854 1681//1854 1682//1854
f 1683//1855 1672//1855 1671//1855
f 1671//1856 1682//1856 1683//1856
f 1684//1857 1673//1857 1672//1857
f 1672//1858 1683//1858 1684//1858
f 1685//1859 1674//1859 1673//1859
f 1673//1860 1684//1860 1685//1860
f 1686//1861 1675//1861 1674//1861
f 1674//1862 1685//1862 1686//1862
f 1687//1863 1676//1863 1675//1863
f 1675//1864 1686//1864 1687//1864
f 1688//1865 1677//1865 1676//1865
f 1676//1866 1687//1866 1688//1866
f 1689//1867 1678//1867 1679//1867
f 1679//1868 1690//1868 1689//1868
f 1691//1869 1680//1869 1678//1869
f 1678//1870 1689//1870 1691//1870
f 1692//1871 1681//1871 1680//1871
f 1680//1872 1691//1872 1692//1872
f 1693//1873 1682//1873 1681//1873
f 1681//1874 1692//1874 1693//1874
f 1694//1875 1683//1875 1682//1875
f 1682//1876 1693//1876 1694//1876
f 1695//1877 1684//1877 1683//1877
f 1683//1878 1694//1878 1695//1878
f 1696//1879 1685//1879 1684//1879
f 1684//1880 1695//1880 1696//1880
f 1697//1881 1686//1881 1685//1881
f 1685//1882 1696//1882 1697//1882
f 1698//1883 1687//1883 1686//1883
f 1686//1884 1697//1884 1698//1884
f 1699//1885 1688//1885 1687//1885
f 1687//1886 1698//1886 1699//1886
f 1700//1887 1689//1887 1690//1887
f 1690//1888 1701//1888 1700//1888
f 1702//1889 1691//1889 1689//1889
f 1689//1890 1700//1890 1702//1890
f 1703//1891 1692//1891 1691//1891
f 1691//1892 1702//1892 1703//1892
f 1704//1893 1693//1893 1692//1893
f 1692//1894 1703//1894 1704//1894
f 1705//1895 1694//1895 1693//1895
f 1693//1896 1704//1896 1705//1896
f 1706//1897 1695//1897 1694//1897
f 1694//1898 1705//1898 1706//1898
f 1707//1899 1696//1899 1695//1899
f 1695//1900 1706//1900 1707//1900
f 1708//1901 1697//1901 1696//1901
f 1696//1902 1707//1902 1708//1902
f 1709//1903 1698//1903 1697//1903
f 1697//1904 1708//1904 1709//1904
f 1710//1905 1699//1905 1698//1905
f 1698//1906 1709//1906 1710//1906
f 1711//1907 1700//1907 1701//1907
f 1701//1908 1712//1908 1711//1908
f 1713//1909 1702//1909 1700//1909
f 1700//1910 1711//1910 1713//1910
f 1714//1911 1703//1911 1702//1911
f 1702//1912 1713//1912 1714//1912
f 1715//1913 1704//1913 1703//1913
f 1703//1914 1714//1914 1715//1914
f 1716//1915 1705//1915 1704//1915
f 1704//1916 1715//1916 1716//1916
f 1717//1917 1706//1917 1705//1917
f 1705//1918 1716//1918 1717//1918
f 1718//1919 1707//1919 1706//1919
f 1706//1920 1717//1920 1718//1920
f 1719//1921 1708//1921 1707//1921
f 1707//1922 1718//1922 1719//1922
f 1720//1923 1709//1923 1708//1923
f 1708//1924 1719//1924 1720//1924
f 1721//1925 1710//1925 1709//1925
f 1709//1926 1720//1926 1721//1926
f 1722//1927 1711//1927 1712//1927
f 1712//1928 801//1928 1722//1928
f 1723//1929 1713//1929 1711//1929
f 1711//1930 1722//1930 1723//1930
f 1724//1931 1714//1931 1713//1931
f 1713//1932 1723//1932 1724//1932
f 1725//1933 1715//1933 1714//1933
f 1714//1934 1724//1934 1725//1934
f 1726//1935 1716//1935 1715//1935
f 1715//1936 1725//1936 1726//1936
f 1727//1937 1717//1937 1716//1937
f 1716//1938 1726//1938 1727//1938
f 1728//1939 1718//1939 1717//1939
f 1717//1940 1727//1940 1728//1940
f 1729//1941 1719//1941 1718//1941
f 1718//1942 1728//1942 1729//1942
f 1730//1943 1720//1943 1719//1943
f 1719//1944 1729//1944 1730//1944
f 1731//1945 1721//1945 1720//1945
f 1720//1946 1730//1946 1731//1946
f 1732//1947 1614//1947 1513//1947
f 1513//1948 1633//1948 1732//1948
f 1733//1949 1615//1949 1614//1949
f 1614//1950 1732//1950 1733//1950
f 1734//1951 1616//1951 1615//1951
f 1615//1952 1733//1952 1734//1952
f 1735//1953 1617//1953 1616//1953
f 1616//1954 1734//1954 1735//1954
f 1736//1955 1618//1955 1617//1955
f 1617//1956 1735//1956 1736//1956
f 1737//1957 1619//1957 1618//1957
f 1618//1958 1736//1958 1737//1958
f 1738//1959 1620//1959 1619//1959
f 1619//1960 1737//1960 1738//1960
f 1739//1961 1621//1961 1620//1961
f 1620//1962 1738//1962 1739//1962
f 1740//1963 1622//1963 1621//1963
f 1621//1964 1739//1964 1740//1964
f 1624//1965 1504//1965 1622//1965
f 1622//1966 1740//1966 1624//1966
f 1741//1967 1732//1967 1633//1967
f 1633//1968 1742//1968 1741//1968
f 1743//1969 1733//1969 1732//1969
f 1732//1970 1741//1970 1743//1970
f 1744//1971 1734//1971 1733//1971
f 1733//1972 1743//1972 1744//1972
f 1745//1973 1735//1973 1734//1973
f 1734//1974 1744//1974 1745//1974
f 1746//1975 1736//1975 1735//1975
f 1735//1976 1745//1976 1746//1976
f 1747//1977 1737//1977 1736//1977
f 1736//1978 1746//1978 1747//1978
f 1748//1979 1738//1979 1737//1979
f 1737//1980 1747//1980 1748//1980
f 1749//1981 1739//1981 1738//1981
f 1738//1982 1748//1982 1749//1982
f 1750//1983 1740//1983 1739//1983
f 1739//1984 1749//1984 1750//1984
f 1751//1985 1624//1985 1740//1985
f 1740//1986 1750//1986 1751//1986
f 1752//1987 1741//1987 1742//1987
f 1742//1988 1753//1988 1752//1988
f 1754//1989 1743//1989 1741//1989
f 1741//1990 1752//1990 1754//1990
f 1755//1991 1744//1991 1743//1991
f 1743//1992 1754//1992 1755//1992
f 1756//1993 1745//1993 1744//1993
f 1744//1994 1755//1994 1756//1994
f 1757//1995 1746//1995 1745//1995
f 1745//1996 1756//1996 1757//1996
f 1758//1997 1747//1997 1746//1997
f 1746//1998 1757//1998 1758//1998
f 1759//1999 1748//1999 1747//1999
f 1747//2000 1758//2000 1759//2000
f 1760//2001 1749//2001 1748//2001
f 1748//2002 1759//2002 1760//2002
f 1761//2003 1750//2003 1749//2003
f 1749//2004 1760//2004 1761//2004
f 1646//2005 1751//2005 1750//2005
f 1750//2006 1761//2006 1646//2006
f 1762//2007 1752//2007 1753//2007
f 1753//2008 1666//2008 1762//2008
f 1763//2009 1754//2009 1752//2009
f 1752//2010 1762//2010 1763//2010
f 1764//2011 1755//2011 1754//2011
f 1754//2012 1763//2012 1764//2012
f 1765//2013 1756//2013 1755//2013
f 1755//2014 1764//2014 1765//2014
f 1766//2015 1757//2015 1756//2015
f 1756//2016 1765//2016 1766//2016
f 1767//2017 1758//2017 1757//2017
f 1757//2018 1766//2018 1767//2018
f 1768//2019 1759//2019 1758//2019
f 1758//2020 1767//2020 1768//2020
f 1769//2021 1760//2021 1759//2021
f 1759//2022 1768//2022 1769//2022
f 1770//2023 1761//2023 1760//2023
f 1760//2024 1769//2024 1770//2024
f 1657//2025 1646//2025 1761//2025
f 1761//2026 1770//2026 1657//2026
f 1771//2027 1762//2027 1666//2027
f 1666//2028 1772//2028 1771//2028
f 1773//2029 1763//2029 1762//2029
f 1762//2030 1771//2030 1773//2030
f 1774//2031 1764//2031 1763//2031
f 1763//2032 1773//2032 1774//2032
f 1775//2033 1765//2033 1764//2033
f 1764//2034 1774//2034 1775//2034
f 1776//2035 1766//2035 1765//2035
f 1765//2036 1775//2036 1776//2036
f 1777//2037 1767//2037 1766//2037
f 1766//2038 1776//2038 1777//2038
f 1778//2039 1768//2039 1767//2039
f 1767//2040 1777//2040 1778//2040
f 1779//2041 1769//2041 1768//2041
f 1768//2042 1778//2042 1779//2042
f 1780//2043 1770//2043 1769//2043
f 1769//2044 1779//2044 1780//2044
f 1781//2045 1657//2045 1770//2045
f 1770//2046 1780//2046 1781//2046
f 1782//2047 1771//2047 1772//2047
f 1772//2048 1783//2048 1782//2048
f 1784//2049 1773//2049 1771//2049
f 1771//2050 1782//2050 1784//2050
f 1785//2051 1774//2051 1773//2051
f 1773//2052 1784//2052 1785//2052
f 1786//2053 1775//2053 1774//2053
f 1774//2054 1785//2054 1786//2054
f 1787//2055 1776//2055 1775//2055
f 1775//2056 1786//2056 1787//2056
f 1788//2057 1777//2057 1776//2057
f 1776//2058 1787//2058 1788//2058
f 1789//2059 1778//2059 1777//2059
f 1777//2060 1788//2060 1789//2060
f 1790//2061 1779//2061 1778//2061
f 1778//2062 1789//2062 1790//2062
f 1791//2063 1780//2063 1779//2063
f 1779//2064 1790//2064 1791//2064
f 1792//2065 1781//2065 1780//2065
f 1780//2066 1791//2066 1792//2066
f 1793//2067 1782//2067 1783//2067
f 1783//2068 1699//2068 1793//2068
f 1794//2069 1784//2069 1782//2069
f 1782//2070 1793//2070 1794//2070
f 1795//2071 1785//2071 1784//2071
f 1784//2072 1794//2072 1795//2072
f 1796//2073 1786//2073 1785//2073
f 1785//2074 1795//2074 1796//2074
f 1797//2075 1787//2075 1786//2075
f 1786//2076 1796//2076 1797//2076
f 1798//2077 1788//2077 1787//2077
f 1787//2078 1797//2078 1798//2078
f 1799//2079 1789//2079 1788//2079
f 1788//2080 1798//2080 1799//2080
f 1800//2081 1790//2081 1789//2081
f 1789//2082 1799//2082 1800//2082
f 1801//2083 1791//2083 1790//2083
f 1790//2084 1800//2084 1801//2084
f 1690//2085 1792//2085 1791//2085
f 1791//2086 1801//2086 1690//2086
f 1802//2087 1793//2087 1699//2087
f 1699//2088 1803//2088 1802//2088
f 1804//2089 1794//2089 1793//2089
f 1793//2090 1802//2090 1804//2090
f 1805//2091 1795//2091 1794//2091
f 1794//2092 1804//2092 1805//2092
f 1806//2093 1796//2093 1795//2093
f 1795//2094 1805//2094 1806//2094
f 1807//2095 1797//2095 1796//2095
f 1796//2096 1806//2096 1807//2096
f 1808//2097 1798//2097 1797//2097
f 1797//2098 1807//2098 1808//2098
f 1809//2099 1799//2099 1798//2099
f 1798//2100 1808//2100 1809//2100
f 1810//2101 1800//2101 1799//2101
f 1799//2102 1809//2102 1810//2102
f 1811//2103 1801//2103 1800//2103
f 1800//2104 1810//2104 1811//2104
f 1812//2105 1690//2105 1801//2105
f 1801//2106 1811//2106 1812//2106
f 1813//2107 1802//2107 1803//2107
f 1803//2108 1814//2108 1813//2108
f 1815//2109 1804//2109 1802//2109
f 1802//2110 1813//2110 1815//2110
f 1816//2111 1805//2111 1804//2111
f 1804//2112 1815//2112 1816//2112
f 1817//2113 1806//2113 1805//2113
f 1805//2114 1816//2114 1817//2114
f 1818//2115 1807//2115 1806//2115
f 1806//2116 1817//2116 1818//2116
f 1819//2117 1808//2117 1807//2117
f 1807//2118 1818//2118 1819//2118
f 1820//2119 1809//2119 1808//2119
f 1808//2120 1819//2120 1820//2120
f 1821//2121 1810//2121 1809//2121
f 1809//2122 1820//2122 1821//2122
f 1822//2123 1811//2123 1810//2123
f 1810//2124 1821//2124 1822//2124
f 1823//2125 1812//2125 1811//2125
f 1811//2126 1822//2126 1823//2126
f 1824//2127 1813//2127 1814//2127
f 1814//2128 1825//2128 1824//2128
f 1826//2129 1815//2129 1813//2129
f 1813//2130 1824//2130 1826//2130
f 1827//2131 1816//2131 1815//2131
f 1815//2132 1826//2132 1827//2132
f 1828//2133 1817//2133 1816//2133
f 1816//2134 1827//2134 1828//2134
f 1829//2135 1818//2135 1817//2135
f 1817//2136 1828//2136 1829//2136
f 1830//2137 1819//2137 1818//2137
f 1818//2138 1829//2138 1830//2138
f 1831//2139 1820//2139 1819//2139
f 1819//2140 1830//2140 1831//2140
f 1832//2141 1821//2141 1820//2141
f 1820//2142 1831//2142 1832//2142
f 1833//2143 1822//2143 1821//2143
f 1821//2144 1832//2144 1833//2144
f 1834//2145 1823//2145 1822//2145
f 1822//2146 1833//2146 1834//2146
f 1835//2147 1836//2147 1837//2147
f 1837//2148 1838//2148 1835//2148
f 1839//2149 1840//2149 1836//2149
f 1836//2150 1835//2150 1839//2150
f 1841//2151 1842//2151 1840//2151
f 1840//2152 1839//2152 1841//2152
f 1843//2153 1844//2153 1842//2153
f 1842//2154 1841//2154 1843//2154
f 1845//2155 1846//2155 1844//2155
f 1844//2156 1843//2156 1845//2156
f 1847//2157 1848//2157 1846//2157
f 1846//2158 1845//2158 1847//2158
f 1849//2159 1850//2159 1848//2159
f 1848//2160 1847//2160 1849//2160
f 1851//2161 1852//2161 1850//2161
f 1850//2162 1849//2162 1851//2162
f 1853//2163 1854//2163 1852//2163
f 1852//2164 1851//2164 1853//2164
f 1855//2165 1856//2165 1854//2165
f 1854//2166 1853//2166 1855//2166
f 1857//2167 1835//2167 1838//2167
f 1838//2168 1858//2168 1857//2168
f 1859//2169 1839//2169 1835//2169
f 1835//2170 1857//2170 1859//2170
f 1860//2171 1841//2171 1839//2171
f 1839//2172 1859//2172 1860//2172
f 1861//2173 1843//2173 1841//2173
f 1841//2174 1860//2174 1861//2174
f 1862//2175 1845//2175 1843//2175
f 1843//2176 1861//2176 1862//2176
f 1863//2177 1847//2177 1845//2177
f 1845//2178 1862//2178 1863//2178
f 1864//2179 1849//2179 1847//2179
f 1847//2180 1863//2180 1864//2180
f 1865//2181 1851//2181 1849//2181
f 1849//2182 1864//2182 1865//2182
f 1866//2183 1853//2183 1851//2183
f 1851//2184 1865//2184 1866//2184
f 1867//2185 1855//2185 1853//2185
f 1853//2186 1866//2186 1867//2186
f 1868//2187 1857//2187 1858//2187
f 1858//2188 1869//2188 1868//2188
f 1870//2189 1859//2189 1857//2189
f 1857//2190 1868//2190 1870//2190
f 1871//2191 1860//2191 1859//2191
f 1859//2192 1870//2192 1871//2192
f 1872//2193 1861//2193 1860//2193
f 1860//2194 1871//2194 1872//2194
f 1873//2195 1862//2195 1861//2195
f 1861//2196 1872//2196 1873//2196
f 1874//2197 1863//2197 1862//2197
f 1862//2198 1873//2198 1874//2198
f 1875//2199 1864//2199 1863//2199
f 1863//2200 1874//2200 1875//2200
f 1876//2201 1865//2201 1864//2201
f 1864//2202 1875//2202 1876//2202
f 1877//2203 1866//2203 1865//2203
f 1865//2204 1876//2204 1877//2204
f 1878//2205 1867//2205 1866//2205
f 1866//2206 1877//2206 1878//2206
f 1879//2207 1868//2207 1869//2207
f 1869//2208 1880//2208 1879//2208
f 1881//2209 1870//2209 1868//2209
f 1868//2210 1879//2210 1881//2210
f 1882//2211 1871//2211 1870//2211
f 1870//2212 1881//2212 1882//2212
f 1883//2213 1872//2213 1871//2213
f 1871//2214 1882//2214 1883//2214
f 1884//2215 1873//2215 1872//2215
f 1872//2216 1883//2216 1884//2216
f 1885//2217 1874//2217 1873//2217
f 1873//2218 1884//2218 1885//2218
f 1886//2219 1875//2219 1874//2219
f 1874//2220 1885//2220 1886//2220
f 1887//2221 1876//2221 1875//2221
f 1875//2222 1886//2222 1887//2222
f 1888//2223 1877//2223 1876//2223
f 1876//2224 1887//2224 1888//2224
f 1889//2225 1878//2225 1877//2225
f 1877//2226 1888//2226 1889//2226
f 1890//2227 1879//2227 1880//2227
f 1880//2228 1891//2228 1890//2228
f 1892//2229 1881//2229 1879//2229
f 1879//2230 1890//2230 1892//2230
f 1893//2231 1882//2231 1881//2231
f 1881//2232 1892//2232 1893//2232
f 1894//2233 1883//2233 1882//2233
f 1882//2234 1893//2234 1894//2234
f 1895//2235 1884//2235 1883//2235
f 1883//2236 1894//2236 1895//2236
f 1896//2237 1885//2237 1884//2237
f 1884//2238 1895//2238 1896//2238
f 1897//2239 1886//2239 1885//2239
f 1885//2240 1896//2240 1897//2240
f 1898//2241 1887//2241 1886//2241
f 1886//2242 1897//2242 1898//2242
f 1899//2243 1888//2243 1887//2243
f 1887//2244 1898//2244 1899//2244
f 1900//2245 1889//2245 1888//2245
f 1888//2246 1899//2246 1900//2246
f 1901//2247 1890//2247 1891//2247
f 1891//2248 1902//2248 1901//2248
f 1903//2249 1892//2249 1890//2249
f 1890//2250 1901//2250 1903//2250
f 1904//2251 1893//2251 1892//2251
f 1892//2252 1903//2252 1904//2252
f 1905//2253 1894//2253 1893//2253
f 1893//2254 1904//2254 1905//2254
f 1906//2255 1895//2255 1894//2255
f 1894//2256 1905//2256 1906//2256
f 1907//2257 1896//2257 1895//2257
f 1895//2258 1906//2258 1907//2258
f 1908//2259 1897//2259 1896//2259
f 1896//2260 1907//2260 1908//2260
f 1909//2261 1898//2261 1897//2261
f 1897//2262 1908//2262 1909//2262
f 1910//2263 1899//2263 1898//2263
f 1898//2264 1909//2264 1910//2264
f 1911//2265 1900//2265 1899//2265
f 1899//2266 1910//2266 1911//2266
f 1912//2267 1901//2267 1902//2267
f 1902//2268 1913//2268 1912//2268
f 1914//2269 1903//2269 1901//2269
f 1901//2270 1912//2270 1914//2270
f 1915//2271 1904//2271 1903//2271
f 1903//2272 1914//2272 1915//2272
f 1916//2273 1905//2273 1904//2273
f 1904//2274 1915//2274 1916//2274
f 1917//2275 1906//2275 1905//2275
f 1905//2276 1916//2276 1917//2276
f 1918//2277 1907//2277 1906//2277
f 1906//2278 1917//2278 1918//2278
f 1919//2279 1908//2279 1907//2279
f 1907//2280 1918//2280 1919//2280
f 1920//2281 1909//2281 1908//2281
f 1908//2282 1919//2282 1920//2282
f 1921//2283 1910//2283 1909//2283
f 1909//2284 1920//2284 1921//2284
f 1922//2285 1911//2285 1910//2285
f 1910//2286 1921//2286 1922//2286
f 1923//2287 1912//2287 1913//2287
f 1913//2288 1924//2288 1923//2288
f 1925//2289 1914//2289 1912//2289
f 1912//2290 1923//2290 1925//2290
f 1926//2291 1915//2291 1914//2291
f 1914//2292 1925//2292 1926//2292
f 1927//2293 1916//2293 1915//2293
f 1915//2294 1926//2294 1927//2294
f 1928//2295 1917//2295 1916//2295
f 1916//2296 1927//2296 1928//2296
f 1929//2297 1918//2297 1917//2297
f 1917//2298 1928//2298 1929//2298
f 1930//2299 1919//2299 1918//2299
f 1918//2300 1929//2300 1930//2300
f 1931//2301 1920//2301 1919//2301
f 1919//2302 1930//2302 1931//2302
f 1932//2303 1921//2303 1920//2303
f 1920//2304 1931//2304 1932//2304
f 1933//2305 1922//2305 1921//2305
f 1921//2306 1932//2306 1933//2306
f 1934//2307 1923//2307 1924//2307
f 1924//2308 1935//2308 1934//2308
f 1936//2309 1925//2309 1923//2309
f 1923//2310 1934//2310 1936//2310
f 1937//2311 1926//2311 1925//2311
f 1925//2312 1936//2312 1937//2312
f 1938//2313 1927//2313 1926//2313
f 1926//2314 1937//2314 1938//2314
f 1939//2315 1928//2315 1927//2315
f 1927//2316 1938//2316 1939//2316
f 1940//2317 1929//2317 1928//2317
f 1928//2318 1939//2318 1940//2318
f 1941//2319 1930//2319 1929//2319
f 1929//2320 1940//2320 1941//2320
f 1942//2321 1931//2321 1930//2321
f 1930//2322 1941//2322 1942//2322
f 1943//2323 1932//2323 1931//2323
f 1931//2324 1942//2324 1943//2324
f 1944//2325 1933//2325 1932//2325
f 1932//2326 1943//2326 1944//2326
f 1945//2327 1934//2327 1935//2327
f 1935//2328 1946//2328 1945//2328
f 1947//2329 1936//2329 1934//2329
f 1934//2330 1945//2330 1947//2330
f 1948//2331 1937//2331 1936//2331
f 1936//2332 1947//2332 1948//2332
f 1949//2333 1938//2333 1937//2333
f 1937//2334 1948//2334 1949//2334
f 1950//2335 1939//2335 1938//2335
f 1938//2336 1949//2336 1950//2336
f 1951//2337 1940//2337 1939//2337
f 1939//2338 1950//2338 1951//2338
f 1952//2339 1941//2339 1940//2339
f 1940//2340 1951//2340 1952//2340
f 1953//2341 1942//2341 1941//2341
f 1941//2342 1952//2342 1953//2342
f 1954//2343 1943//2343 1942//2343
f 1942//2344 1953//2344 1954//2344
f 1955//2345 1944//2345 1943//2345
f 1943//2346 1954//2346 1955//2346
f 1956//2347 1957//2347 1958//2347
f 1958//2348 1959//2348 1956//2348
f 1960//2349 1961//2349 1957//2349
f 1957//2350 1956//2350 1960//2350
f 1962//2351 1963//2351 1961//2351
f 1961//2352 1960//2352 1962//2352
f 1964//2353 1965//2353 1963//2353
f 1963//2354 1962//2354 1964//2354
f 1966//2355 1967//2355 1965//2355
f 1965//2356 1964//2356 1966//2356
f 1968//2357 1969//2357 1967//2357
f 1967//2358 1966//2358 1968//2358
f 1970//2359 1971//2359 1969//2359
f 1969//2360 1968//2360 1970//2360
f 1972//2361 1973//2361 1971//2361
f 1971//2362 1970//2362 1972//2362
f 1974//2363 1975//2363 1973//2363
f 1973//2364 1972//2364 1974//2364
f 1976//2365 1977//2365 1975//2365
f 1975//2366 1974//2366 1976//2366
f 1978//2367 1956//2367 1959//2367
f 1959//2368 1979//2368 1978//2368
f 1980//2369 1960//2369 1956//2369
f 1956//2370 1978//2370 1980//2370
f 1981//2371 1962//2371 1960//2371
f 1960//2372 1980//2372 1981//2372
f 1982//2373 1964//2373 1962//2373
f 1962//2374 1981//2374 1982//2374
f 1983//2375 1966//2375 1964//2375
f 1964//2376 1982//2376 1983//2376
f 1984//2377 1968//2377 1966//2377
f 1966//2378 1983//2378 1984//2378
f 1985//2379 1970//2379 1968//2379
f 1968//2380 1984//2380 1985//2380
f 1986//2381 1972//2381 1970//2381
f 1970//2382 1985//2382 1986//2382
f 1987//2383 1974//2383 1972//2383
f 1972//2384 1986//2384 1987//2384
f 1988//2385 1976//2385 1974//2385
f 1974//2386 1987//2386 1988//2386
f 1989//2387 1978//2387 1979//2387
f 1979//2388 1990//2388 1989//2388
f 1991//2389 1980//2389 1978//2389
f 1978//2390 1989//2390 1991//2390
f 1992//2391 1981//2391 1980//2391
f 1980//2392 1991//2392 1992//2392
f 1993//2393 1982//2393 1981//2393
f 1981//2394 1992//2394 1993//2394
f 1994//2395 1983//2395 1982//2395
f 1982//2396 1993//2396 1994//2396
f 1995//2397 1984//2397 1983//2397
f 1983//2398 1994//2398 1995//2398
f 1996//2399 1985//2399 1984//2399
f 1984//2400 1995//2400 1996//2400
f 1997//2401 1986//2401 1985//2401
f 1985//2402 1996//2402 1997//2402
f 1998//2403 1987//2403 1986//2403
f 1986//2404 1997//2404 1998//2404
f 1999//2405 1988//2405 1987//2405
f 1987//2406 1998//2406 1999//2406
f 2000//2407 1989//2407 1990//2407
f 1990//2408 2001//2408 2000//2408
f 2002//2409 1991//2409 1989//2409
f 1989//2410 2000//2410 2002//2410
f 2003//2411 1992//2411 1991//2411
f 1991//2412 2002//2412 2003//2412
f 2004//2413 1993//2413 1992//2413
f 1992//2414 2003//2414 2004//2414
f 2005//2415 1994//2415 1993//2415
f 1993//2416 2004//2416 2005//2416
f 2006//2417 1995//2417 1994//2417
f 1994//2418 2005//2418 2006//2418
f 2007//2419 1996//2419 1995//2419
f 1995//2420 2006//2420 2007//2420
f 2008//2421 1997//2421 1996//2421
f 1996//2422 2007//2422 2008//2422
f 2009//2423 1998//2423 1997//2423
f 1997//2424 2008//2424 2009//2424
f 2010//2425 1999//2425 1998//2425
f 1998//2426 2009//2426 2010//2426
f 2011//2427 2000//2427 2001//2427
f 2001//2428 2012//2428 2011//2428
f 2013//2429 2002//2429 2000//2429
f 2000//2430 2011//2430 2013//2430
f 2014//2431 2003//2431 2002//2431
f 2002//2432 2013//2432 2014//2432
f 2015//2433 2004//2433 2003//2433
f 2003//2434 2014//2434 2015//2434
f 2016//2435 2005//2435 2004//2435
f 2004//2436 2015//2436 2016//2436
f 2017//2437 2006//2437 2005//2437
f 2005//2438 2016//2438 2017//2438
f 2018//2439 2007//2439 2006//2439
f 2006//2440 2017//2440 2018//2440
f 2019//2441 2008//2441 2007//2441
f 2007//2442 2018//2442 2019//2442
f 2020//2443 2009//2443 2008//2443
f 2008//2444 2019//2444 2020//2444
f 2021//2445 2010//2445 2009//2445
f 2009//2446 2020//2446 2021//2446
f 2022//2447 2011//2447 2012//2447
f 2012//2448 2023//2448 2022//2448
f 2024//2449 2013//2449 2011//2449
f 2011//2450 2022//2450 2024//2450
f 2025//2451 2014//2451 2013//2451
f 2013//2452 2024//2452 2025//2452
f 2026//2453 2015//2453 2014//2453
f 2014//2454 2025//2454 2026//2454
f 2027//2455 2016//2455 2015//2455
f 2015//2456 2026//2456 2027//2456
f 2028//2457 2017//2457 2016//2457
f 2016//2458 2027//2458 2028//2458
f 2029//2459 2018//2459 2017//2459
f 2017//2460 2028//2460 2029//2460
f 2030//2461 2019//2461 2018//2461
f 2018//2462 2029//2462 2030//2462
f 2031//2463 2020//2463 2019//2463
f 2019//2464 2030//2464 2031//2464
f 2032//2465 2021//2465 2020//2465
f 2020//2466 2031//2466 2032//2466
f 2033//2467 2022//2467 2023//2467
f 2023//2468 2034//2468 2033//2468
f 2035//2469 2024//2469 2022//2469
f 2022//2470 2033//2470 2035//2470
f 2036//2471 2025//2471 2024//2471
f 2024//2472 2035//2472 2036//2472
f 2037//2473 2026//2473 2025//2473
f 2025//2474 2036//2474 2037//2474
f 2038//2475 2027//2475 2026//2475
f 2026//2476 2037//2476 2038//2476
f 2039//2477 2028//2477 2027//2477
f 2027//2478 2038//2478 2039//2478
f 2040//2479 2029//2479 2028//2479
f 2028//2480 2039//2480 2040//2480
f 2041//2481 2030//2481 2029//2481
f 2029//2482 2040//2482 2041//2482
f 2042//2483 2031//2483 2030//2483
f 2030//2484 2041//2484 2042//2484
f 2043//2485 2032//2485 2031//2485
f 2031//2486 2042//2486 2043//2486
f 2044//2487 2033//2487 2034//2487
f 2034//2488 1933//2488 2044//2488
f 2045//2489 2035//2489 2033//2489
f 2033//2490 2044//2490 2045//2490
f 2046//2491 2036//2491 2035//2491
f 2035//2492 2045//2492 2046//2492
f 2047//2493 2037//2493 2036//2493
f 2036//2494 2046//2494 2047//2494
f 2048//2495 2038//2495 2037//2495
f 2037//2496 2047//2496 2048//2496
f 2049//2497 2039//2497 2038//2497
f 2038//2498 2048//2498 2049//2498
f 2050//2499 2040//2499 2039//2499
f 2039//2500 2049//2500 2050//2500
f 2051//2501 2041//2501 2040//2501
f 2040//2502 2050//2502 2051//2502
f 2052//2503 2042//2503 2041//2503
f 2041//2504 2051//2504 2052//2504
f 1924//2505 2043//2505 2042//2505
f 2042//2506 2052//2506 1924//2506
f 2053//2507 2044//2507 1933//2507
f 1933//2508 2054//2508 2053//2508
f 2055//2509 2045//2509 2044//2509
f 2044//2510 2053//2510 2055//2510
f 2056//2511 2046//2511 2045//2511
f 2045//2512 2055//2512 2056//2512
f 2057//2513 2047//2513 2046//2513
f 2046//2514 2056//2514 2057//2514
f 2058//2515 2048//2515 2047//2515
f 2047//2516 2057//2516 2058//2516
f 2059//2517 2049//2517 2048//2517
f 2048//2518 2058//2518 2059//2518
f 2060//2519 2050//2519 2049//2519
f 2049//2520 2059//2520 2060//2520
f 2061//2521 2051//2521 2050//2521
f 2050//2522 2060//2522 2061//2522
f 2062//2523 2052//2523 2051//2523
f 2051//2524 2061//2524 2062//2524
f 2063//2525 1924//2525 2052//2525
f 2052//2526 2062//2526 2063//2526
f 2064//2527 2053//2527 2054//2527
f 2054//2528 2065//2528 2064//2528
f 2066//2529 2055//2529 2053//2529
f 2053//2530 2064//2530 2066//2530
f 2067//2531 2056//2531 2055//2531
f 2055//2532 2066//2532 2067//2532
f 2068//2533 2057//2533 2056//2533
f 2056//2534 2067//2534 2068//2534
f 2069//2535 2058//2535 2057//2535
f 2057//2536 2068//2536 2069//2536
f 2070//2537 2059//2537 2058//2537
f 2058//2538 2069//2538 2070//2538
f 2071//2539 2060//2539 2059//2539
f 2059//2540 2070//2540 2071//2540
f 2072//2541 2061//2541 2060//2541
f 2060//2542 2071//2542 2072//2542
f 2073//2543 2062//2543 2061//2543
f 2061//2544 2072//2544 2073//2544
f 2074//2545 2063//2545 2062//2545
f 2062//2546 2073//2546 2074//2546
f 2075//2547 2076//2547 2077//2547
f 2077//2548 2078//2548 2075//2548
f 2079//2549 2080//2549 2076//2549
f 2076//2550 2075//2550 2079//2550
f 2081//2551 2082//2551 2080//2551
f 2080//2552 2079//2552 2081//2552
f 2083//2553 2084//2553 2082//2553
f 2082//2554 2081//2554 2083//2554
f 2085//2555 2086//2555 2084//2555
f 2084//2556 2083//2556 2085//2556
f 2087//2557 2088//2557 2086//2557
f 2086//2558 2085//2558 2087//2558
f 2089//2559 2090//2559 2088//2559
f 2088//2560 2087//2560 2089//2560
f 2091//2561 2092//2561 2090//2561
f 2090//2562 2089//2562 2091//2562
f 2093//2563 2094//2563 2092//2563
f 2092//2564 2091//2564 2093//2564
f 2095//2565 2065//2565 2094//2565
f 2094//2566 2093//2566 2095//2566
f 2096//2567 2075//2567 2078//2567
f 2078//2568 2097//2568 2096//2568
f 2098//2569 2079//2569 2075//2569
f 2075//2570 2096//2570 2098//2570
f 2099//2571 2081//2571 2079//2571
f 2079//2572 2098//2572 2099//2572
f 2100//2573 2083//2573 2081//2573
f 2081//2574 2099//2574 2100//2574
f 2101//2575 2085//2575 2083//2575
f 2083//2576 2100//2576 2101//2576
f 2102//2577 2087//2577 2085//2577
f 2085//2578 2101//2578 2102//2578
f 2103//2579 2089//2579 2087//2579
f 2087//2580 2102//2580 2103//2580
f 2104//2581 2091//2581 2089//2581
f 2089//2582 2103//2582 2104//2582
f 2105//2583 2093//2583 2091//2583
f 2091//2584 2104//2584 2105//2584
f 2106//2585 2095//2585 2093//2585
f 2093//2586 2105//2586 2106//2586
f 2107//2587 2096//2587 2097//2587
f 2097//2588 2108//2588 2107//2588
f 2109//2589 2098//2589 2096//2589
f 2096//2590 2107//2590 2109//2590
f 2110//2591 2099//2591 2098//2591
f 2098//2592 2109//2592 2110//2592
f 2111//2593 2100//2593 2099//2593
f 2099//2594 2110//2594 2111//2594
f 2112//2595 2101//2595 2100//2595
f 2100//2596 2111//2596 2112//2596
f 2113//2597 2102//2597 2101//2597
f 2101//2598 2112//2598 2113//2598
f 2114//2599 2103//2599 2102//2599
f 2102//2600 2113//2600 2114//2600
f 2115//2601 2104//2601 2103//2601
f 2103//2602 2114//2602 2115//2602
f 2116//2603 2105//2603 2104//2603
f 2104//2604 2115//2604 2116//2604
f 2117//2605 2106//2605 2105//2605
f 2105//2606 2116//2606 2117//2606
f 2118//2607 2107//2607 2108//2607
f 2108//2608 2119//2608 2118//2608
f 2120//2609 2109//2609 2107//2609
f 2107//2610 2118//2610 2120//2610
f 2121//2611 2110//2611 2109//2611
f 2109//2612 2120//2612 2121//2612
f 2122//2613 2111//2613 2110//2613
f 2110//2614 2121//2614 2122//2614
f 2123//2615 2112//2615 2111//2615
f 2111//2616 2122//2616 2123//2616
f 2124//2617 2113//2617 2112//2617
f 2112//2618 2123//2618 2124//2618
f 2125//2619 2114//2619 2113//2619
f 2113//2620 2124//2620 2125//2620
f 2126//2621 2115//2621 2114//2621
f 2114//2622 2125//2622 2126//2622
f 2127//2623 2116//2623 2115//2623
f 2115//2624 2126//2624 2127//2624
f 2128//2625 2117//2625 2116//2625
f 2116//2626 2127//2626 2128//2626
f 2129//2627 2118//2627 2119//2627
f 2119//2628 2130//2628 2129//2628
f 2131//2629 2120//2629 2118//2629
f 2118//2630 2129//2630 2131//2630
f 2132//2631 2121//2631 2120//2631
f 2120//2632 2131//2632 2132//2632
f 2133//2633 2122//2633 2121//2633
f 2121//2634 2132//2634 2133//2634
f 2134//2635 2123//2635 2122//2635
f 2122//2636 2133//2636 2134//2636
f 2135//2637 2124//2637 2123//2637
f 2123//2638 2134//2638 2135//2638
f 2136//2639 2125//2639 2124//2639
f 2124//2640 2135//2640 2136//2640
f 2137//2641 2126//2641 2125//2641
f 2125//2642 2136//2642 2137//2642
f 2138//2643 2127//2643 2126//2643
f 2126//2644 2137//2644 2138//2644
f 2139//2645 2128//2645 2127//2645
f 2127//2646 2138//2646 2139//2646
f 2140//2647 2129//2647 2130//2647
f 2130//2648 2141//2648 2140//2648
f 2142//2649 2131//2649 2129//2649
f 2129//2650 2140//2650 2142//2650
f 2143//2651 2132//2651 2131//2651
f 2131//2652 2142//2652 2143//2652
f 2144//2653 2133//2653 2132//2653
f 2132//2654 2143//2654 2144//2654
f 2145//2655 2134//2655 2133//2655
f 2133//2656 2144//2656 2145//2656
f 2146//2657 2135//2657 2134//2657
f 2134//2658 2145//2658 2146//2658
f 2147//2659 2136//2659 2135//2659
f 2135//2660 2146//2660 2147//2660
f 2148//2661 2137//2661 2136//2661
f 2136//2662 2147//2662 2148//2662
f 2149//2663 2138//2663 2137//2663
f 2137//2664 2148//2664 2149//2664
f 2150//2665 2139//2665 2138//2665
f 2138//2666 2149//2666 2150//2666
f 2151//2667 2140//2667 2141//2667
f 2141//2668 2152//2668 2151//2668
f 2153//2669 2142//2669 2140//2669
f 2140//2670 2151//2670 2153//2670
f 2154//2671 2143//2671 2142//2671
f 2142//2672 2153//2672 2154//2672
f 2155//2673 2144//2673 2143//2673
f 2143//2674 2154//2674 2155//2674
f 2156//2675 2145//2675 2144//2675
f 2144//2676 2155//2676 2156//2676
f 2157//2677 2146//2677 2145//2677
f 2145//2678 2156//2678 2157//2678
f 2158//2679 2147//2679 2146//2679
f 2146//2680 2157//2680 2158//2680
f 2159//2681 2148//2681 2147//2681
f 2147//2682 2158//2682 2159//2682
f 2160//2683 2149//2683 2148//2683
f 2148//2684 2159//2684 2160//2684
f 2161//2685 2150//2685 2149//2685
f 2149//2686 2160//2686 2161//2686
f 2162//2687 2151//2687 2152//2687
f 2152//2688 2163//2688 2162//2688
f 2164//2689 2153//2689 2151//2689
f 2151//2690 2162//2690 2164//2690
f 2165//2691 2154//2691 2153//2691
f 2153//2692 2164//2692 2165//2692
f 2166//2693 2155//2693 2154//2693
f 2154//2694 2165//2694 2166//2694
f 2167//2695 2156//2695 2155//2695
f 2155//2696 2166//2696 2167//2696
f 2168//2697 2157//2697 2156//2697
f 2156//2698 2167//2698 2168//2698
f 2169//2699 2158//2699 2157//2699
f 2157//2700 2168//2700 2169//2700
f 2170//2701 2159//2701 2158//2701
f 2158//2702 2169//2702 2170//2702
f 2171//2703 2160//2703 2159//2703
f 2159//2704 2170//2704 2171//2704
f 2172//2705 2161//2705 2160//2705
f 2160//2705 2171//2705 2172//2705
f 2173//2706 2162//2706 2163//2706
f 2163//2707 2174//2707 2173//2707
f 2175//2708 2164//2708 2162//2708
f 2162//2709 2173//2709 2175//2709
f 2176//2710 2165//2710 2164//2710
f 2164//2711 2175//2711 2176//2711
f 2177//2712 2166//2712 2165//2712
f 2165//2713 2176//2713 2177//2713
f 2178//2714 2167//2714 2166//2714
f 2166//2715 2177//2715 2178//2715
f 2179//2716 2168//2716 2167//2716
f 2167//2717 2178//2717 2179//2717
f 2180//2718 2169//2718 2168//2718
f 2168//2719 2179//2719 2180//2719
f 2181//2720 2170//2720 2169//2720
f 2169//2721 2180//2721 2181//2721
f 2182//2722 2171//2722 2170//2722
f 2170//2723 2181//2723 2182//2723
f 2183//2724 2172//2724 2171//2724
f 2171//2725 2182//2725 2183//2725
f 2184//2726 2173//2726 2174//2726
f 2174//2727 2185//2727 2184//2727
f 2186//2728 2175//2728 2173//2728
f 2173//2729 2184//2729 2186//2729
f 2187//2730 2176//2730 2175//2730
f 2175//2731 2186//2731 2187//2731
f 2188//2732 2177//2732 2176//2732
f 2176//2733 2187//2733 2188//2733
f 2189//2734 2178//2734 2177//2734
f 2177//2735 2188//2735 2189//2735
f 2190//2736 2179//2736 2178//2736
f 2178//2737 2189//2737 2190//2737
f 2191//2738 2180//2738 2179//2738
f 2179//2739 2190//2739 2191//2739
f 2192//2740 2181//2740 2180//2740
f 2180//2741 2191//2741 2192//2741
f 2193//2742 2182//2742 2181//2742
f 2181//2743 2192//2743 2193//2743
f 2194//2744 2183//2744 2182//2744
f 2182//2745 2193//2745 2194//2745
f 2195//2746 2064//2746 2065//2746
f 2065//2747 2095//2747 2195//2747
f 2196//2748 2066//2748 2064//2748
f 2064//2749 2195//2749 2196//2749
f 2197//2750 2067//2750 2066//2750
f 2066//2751 2196//2751 2197//2751
f 2198//2752 2068//2752 2067//2752
f 2067//2753 2197//2753 2198//2753
f 2199//2754 2069//2754 2068//2754
f 2068//2755 2198//2755 2199//2755
f 2200//2756 2070//2756 2069//2756
f 2069//2757 2199//2757 2200//2757
f 2201//2758 2202//2758 2070//2758
f 2070//2759 2200//2759 2201//2759
f 2203//2760 2204//2760 2202//2760
f 2202//2761 2201//2761 2203//2761
f 2205//2762 2206//2762 2204//2762
f 2204//2763 2203//2763 2205//2763
f 2078//2764 2077//2764 2206//2764
f 2206//2765 2205//2765 2078//2765
f 2207//2766 2195//2766 2095//2766
f 2095//2767 2106//2767 2207//2767
f 2208//2768 2196//2768 2195//2768
f 2195//2769 2207//2769 2208//2769
f 2209//2770 2197//2770 2196//2770
f 2196//2771 2208//2771 2209//2771
f 2210//2772 2198//2772 2197//2772
f 2197//2773 2209//2773 2210//2773
f 2211//2774 2199//2774 2198//2774
f 2198//2775 2210//2775 2211//2775
f 2212//2776 2200//2776 2199//2776
f 2199//2777 2211//2777 2212//2777
f 2213//2778 2201//2778 2200//2778
f 2200//2779 2212//2779 2213//2779
f 2214//2780 2203//2780 2201//2780
f 2201//2781 2213//2781 2214//2781
f 2215//2782 2205//2782 2203//2782
f 2203//2783 2214//2783 2215//2783
f 2097//2784 2078//2784 2205//2784
f 2205//2785 2215//2785 2097//2785
f 2216//2786 2207//2786 2106//2786
f 2106//2787 2117//2787 2216//2787
f 2217//2788 2208//2788 2207//2788
f 2207//2789 2216//2789 2217//2789
f 2218//2790 2209//2790 2208//2790
f 2208//2791 2217//2791 2218//2791
f 2219//2792 2210//2792 2209//2792
f 2209//2793 2218//2793 2219//2793
f 2220//2794 2211//2794 2210//2794
f 2210//2795 2219//2795 2220//2795
f 2221//2796 2212//2796 2211//2796
f 2211//2797 2220//2797 2221//2797
f 2222//2798 2213//2798 2212//2798
f 2212//2799 2221//2799 2222//2799
f 2223//2800 2214//2800 2213//2800
f 2213//2801 2222//2801 2223//2801
f 2224//2802 2215//2802 2214//2802
f 2214//2803 2223//2803 2224//2803
f 2225//2804 2097//2804 2215//2804
f 2215//2805 2224//2805 2225//2805
f 2226//2806 2216//2806 2117//2806
f 2117//2807 2128//2807 2226//2807
f 2227//2808 2217//2808 2216//2808
f 2216//2809 2226//2809 2227//2809
f 2228//2810 2218//2810 2217//2810
f 2217//2811 2227//2811 2228//2811
f 2229//2812 2219//2812 2218//2812
f 2218//2813 2228//2813 2229//2813
f 2230//2814 2220//2814 2219//2814
f 2219//2815 2229//2815 2230//2815
f 2231//2816 2221//2816 2220//2816
f 2220//2817 2230//2817 2231//2817
f 2232//2818 2222//2818 2221//2818
f 2221//2819 2231//2819 2232//2819
f 2233//2820 2223//2820 2222//2820
f 2222//2821 2232//2821 2233//2821
f 2234//2822 2224//2822 2223//2822
f 2223//2823 2233//2823 2234//2823
f 2119//2824 2225//2824 2224//2824
f 2224//2825 2234//2825 2119//2825
f 2235//2826 2226//2826 2128//2826
f 2128//2827 2236//2827 2235//2827
f 2237//2828 2227//2828 2226//2828
f 2226//2829 2235//2829 2237//2829
f 2238//2830 2228//2830 2227//2830
f 2227//2831 2237//2831 2238//2831
f 2239//2832 2229//2832 2228//2832
f 2228//2833 2238//2833 2239//2833
f 2240//2834 2230//2834 2229//2834
f 2229//2835 2239//2835 2240//2835
f 2241//2836 2231//2836 2230//2836
f 2230//2837 2240//2837 2241//2837
f 2242//2838 2232//2838 2231//2838
f 2231//2839 2241//2839 2242//2839
f 2243//2840 2233//2840 2232//2840
f 2232//2841 2242//2841 2243//2841
f 2244//2842 2234//2842 2233//2842
f 2233//2843 2243//2843 2244//2843
f 2245//2844 2119//2844 2234//2844
f 2234//2845 2244//2845 2245//2845
f 2246//2846 2235//2846 2236//2846
f 2236//2847 2247//2847 2246//2847
f 2248//2848 2237//2848 2235//2848
f 2235//2849 2246//2849 2248//2849
f 2249//2850 2238//2850 2237//2850
f 2237//2851 2248//2851 2249//2851
f 2250//2852 2239//2852 2238//2852
f 2238//2853 2249//2853 2250//2853
f 2251//2854 2240//2854 2239//2854
f 2239//2855 2250//2855 2251//2855
f 2252//2856 2241//2856 2240//2856
f 2240//2857 2251//2857 2252//2857
f 2253//2858 2242//2858 2241//2858
f 2241//2859 2252//2859 2253//2859
f 2254//2860 2243//2860 2242//2860
f 2242//2861 2253//2861 2254//2861
f 2255//2862 2244//2862 2243//2862
f 2243//2863 2254//2863 2255//2863
f 2256//2864 2245//2864 2244//2864
f 2244//2865 2255//2865 2256//2865
f 2257//2866 2246//2866 2247//2866
f 2247//2867 2258//2867 2257//2867
f 2259//2868 2248//2868 2246//2868
f 2246//2869 2257//2869 2259//2869
f 2260//2870 2249//2870 2248//2870
f 2248//2871 2259//2871 2260//2871
f 2261//2872 2250//2872 2249//2872
f 2249//2873 2260//2873 2261//2873
f 2262//2874 2251//2874 2250//2874
f 2250//2875 2261//2875 2262//2875
f 2263//2876 2252//2876 2251//2876
f 2251//2877 2262//2877 2263//2877
f 2264//2878 2253//2878 2252//2878
f 2252//2879 2263//2879 2264//2879
f 2265//2880 2254//2880 2253//2880
f 2253//2881 2264//2881 2265//2881
f 2266//2882 2255//2882 2254//2882
f 2254//2883 2265//2883 2266//2883
f 2267//2884 2256//2884 2255//2884
f 2255//2885 2266//2885 2267//2885
f 2268//2886 2257//2886 2258//2886
f 2258//2886 2269//2886 2268//2886
f 2270//2887 2259//2887 2257//2887
f 2257//2888 2268//2888 2270//2888
f 2271//2889 2260//2889 2259//2889
f 2259//2890 2270//2890 2271//2890
f 2272//2891 2261//2891 2260//2891
f 2260//2892 2271//2892 2272//2892
f 2273//2893 2262//2893 2261//2893
f 2261//2894 2272//2894 2273//2894
f 2274//2895 2263//2895 2262//2895
f 2262//2896 2273//2896 2274//2896
f 2275//2897 2264//2897 2263//2897
f 2263//2898 2274//2898 2275//2898
f 2276//2899 2265//2899 2264//2899
f 2264//2900 2275//2900 2276//2900
f 2277//2901 2266//2901 2265//2901
f 2265//2902 2276//2902 2277//2902
f 2278//2903 2267//2903 2266//2903
f 2266//2904 2277//2904 2278//2904
f 2279//2905 2268//2905 2269//2905
f 2269//2906 2280//2906 2279//2906
f 2281//2907 2270//2907 2268//2907
f 2268//2908 2279//2908 2281//2908
f 2282//2909 2271//2909 2270//2909
f 2270//2910 2281//2910 2282//2910
f 2283//2911 2272//2911 2271//2911
f 2271//2912 2282//2912 2283//2912
f 2284//2913 2273//2913 2272//2913
f 2272//2914 2283//2914 2284//2914
f 2285//2915 2274//2915 2273//2915
f 2273//2916 2284//2916 2285//2916
f 2286//2917 2275//2917 2274//2917
f 2274//2918 2285//2918 2286//2918
f 2287//2919 2276//2919 2275//2919
f 2275//2920 2286//2920 2287//2920
f 2288//2921 2277//2921 2276//2921
f 2276//2922 2287//2922 2288//2922
f 2289//2923 2278//2923 2277//2923
f 2277//2924 2288//2924 2289//2924
f 2290//2925 2279//2925 2280//2925
f 2280//2926 2194//2926 2290//2926
f 2291//2927 2281//2927 2279//2927
f 2279//2928 2290//2928 2291//2928
f 2292//2929 2282//2929 2281//2929
f 2281//2930 2291//2930 2292//2930
f 2293//2931 2283//2931 2282//2931
f 2282//2932 2292//2932 2293//2932
f 2294//2933 2284//2933 2283//2933
f 2283//2934 2293//2934 2294//2934
f 2295//2935 2285//2935 2284//2935
f 2284//2936 2294//2936 2295//2936
f 2296//2937 2286//2937 2285//2937
f 2285//2938 2295//2938 2296//2938
f 2297//2939 2287//2939 2286//2939
f 2286//2940 2296//2940 2297//2940
f 2298//2941 2288//2941 2287//2941
f 2287//2942 2297//2942 2298//2942
f 2185//2943 2289//2943 2288//2943
f 2288//2944 2298//2944 2185//2944
f 2299//2945 2300//2945 2301//2945
f 2299//2946 2301//2946 2302//2946
f 2299//2947 2302//2947 2303//2947
f 2299//2948 2303//2948 2304//2948
f 2299//2949 2304//2949 2305//2949
f 2299//2950 2305//2950 2306//2950
f 2299//2951 2306//2951 2307//2951
f 2299//2952 2307//2952 2308//2952
f 2299//2953 2308//2953 2309//2953
f 2299//2954 2309//2954 2310//2954
f 2311//2955 2301//2955 2300//2955
f 2300//2955 2312//2955 2311//2955
f 2313//2956 2302//2956 2301//2956
f 2301//2956 2311//2956 2313//2956
f 2314//2957 2303//2957 2302//2957
f 2302//2957 2313//2957 2314//2957
f 2315//2958 2304//2958 2303//2958
f 2303//2958 2314//2958 2315//2958
f 2316//2959 2305//2959 2304//2959
f 2304//2959 2315//2959 2316//2959
f 2317//2960 2306//2960 2305//2960
f 2305//2960 2316//2960 2317//2960
f 2318//2961 2307//2961 2306//2961
f 2306//2961 2317//2961 2318//2961
f 2319//2962 2308//2962 2307//2962
f 2307//2962 2318//2962 2319//2962
f 2320//2963 2309//2963 2308//2963
f 2308//2963 2319//2963 2320//2963
f 2321//2964 2310//2964 2309//2964
f 2309//2964 2320//2964 2321//2964
f 2322//2965 2311//2965 2312//2965
f 2312//2966 2323//2966 2322//2966
f 2324//2967 2313//2967 2311//2967
f 2311//2967 2322//2967 2324//2967
f 2325//2968 2314//2968 2313//2968
f 2313//2968 2324//2968 2325//2968
f 2326//2969 2315//2969 2314//2969
f 2314//2969 2325//2969 2326//2969
f 2327//2970 2316//2970 2315//2970
f 2315//2970 2326//2970 2327//2970
f 2328//2971 2317//2971 2316//2971
f 2316//2971 2327//2971 2328//2971
f 2329//2972 2318//2972 2317//2972
f 2317//2972 2328//2972 2329//2972
f 2330//2973 2319//2973 2318//2973
f 2318//2974 2329//2974 2330//2974
f 2331//2975 2320//2975 2319//2975
f 2319//2975 2330//2975 2331//2975
f 2332//2976 2321//2976 2320//2976
f 2320//2977 2331//2977 2332//2977
f 2333//2978 2322//2978 2323//2978
f 2323//2978 2334//2978 2333//2978
f 2335//2979 2324//2979 2322//2979
f 2322//2980 2333//2980 2335//2980
f 2336//2981 2325//2981 2324//2981
f 2324//2981 2335//2981 2336//2981
f 2337//2982 2326//2982 2325//2982
f 2325//2983 2336//2983 2337//2983
f 2338//2984 2327//2984 2326//2984
f 2326//2985 2337//2985 2338//2985
f 2339//2986 2328//2986 2327//2986
f 2327//2986 2338//2986 2339//2986
f 2340//2987 2329//2987 2328//2987
f 2328//2988 2339//2988 2340//2988
f 2341//2989 2330//2989 2329//2989
f 2329//2989 2340//2989 2341//2989
f 2342//2990 2331//2990 2330//2990
f 2330//2991 2341//2991 2342//2991
f 2343//2992 2332//2992 2331//2992
f 2331//2992 2342//2992 2343//2992
f 2344//2993 2333//2993 2334//2993
f 2334//2993 2345//2993 2344//2993
f 2346//2994 2335//2994 2333//2994
f 2333//2995 2344//2995 2346//2995
f 2347//2996 2336//2996 2335//2996
f 2335//2997 2346//2997 2347//2997
f 2348//2998 2337//2998 2336//2998
f 2336//2999 2347//2999 2348//2999
f 2349//3000 2338//3000 2337//3000
f 2337//3001 2348//3001 2349//3001
f 2350//3002 2339//3002 2338//3002
f 2338//3003 2349//3003 2350//3003
f 2351//3004 2340//3004 2339//3004
f 2339//3005 2350//3005 2351//3005
f 2352//3006 2341//3006 2340//3006
f 2340//3007 2351//3007 2352//3007
f 2353//3008 2342//3008 2341//3008
f 2341//3009 2352//3009 2353//3009
f 2354//3010 2343//3010 2342//3010
f 2342//3010 2353//3010 2354//3010
f 2355//3011 2344//3011 2345//3011
f 2345//3011 2356//3011 2355//3011
f 2357//3012 2346//3012 2344//3012
f 2344//3013 2355//3013 2357//3013
f 2358//3014 2347//3014 2346//3014
f 2346//3015 2357//3015 2358//3015
f 2359//3016 2348//3016 2347//3016
f 2347//3017 2358//3017 2359//3017
f 2360//3018 2349//3018 2348//3018
f 2348//3019 2359//3019 2360//3019
f 2361//3020 2350//3020 2349//3020
f 2349//3020 2360//3020 2361//3020
f 2362//3021 2351//3021 2350//3021
f 2350//3022 2361//3022 2362//3022
f 2363//3023 2352//3023 2351//3023
f 2351//3024 2362//3024 2363//3024
f 2364//3025 2353//3025 2352//3025
f 2352//3026 2363//3026 2364//3026
f 2365//3027 2354//3027 2353//3027
f 2353//3027 2364//3027 2365//3027
f 2366//3028 2355//3028 2356//3028
f 2356//3029 2367//3029 2366//3029
f 2368//3030 2357//3030 2355//3030
f 2355//3031 2366//3031 2368//3031
f 2369//3032 2358//3032 2357//3032
f 2357//3033 2368//3033 2369//3033
f 2370//3034 2359//3034 2358//3034
f 2358//3035 2369//3035 2370//3035
f 2371//3036 2360//3036 2359//3036
f 2359//3037 2370//3037 2371//3037
f 2372//3038 2361//3038 2360//3038
f 2360//3039 2371//3039 2372//3039
f 2373//3040 2362//3040 2361//3040
f 2361//3041 2372//3041 2373//3041
f 2374//3042 2363//3042 2362//3042
f 2362//3043 2373//3043 2374//3043
f 2375//3044 2364//3044 2363//3044
f 2363//3045 2374//3045 2375//3045
f 2376//3046 2365//3046 2364//3046
f 2364//3047 2375//3047 2376//3047
f 2377//3048 2366//3048 2367//3048
f 2367//3049 2378//3049 2377//3049
f 2379//3050 2368//3050 2366//3050
f 2366//3051 2377//3051 2379//3051
f 2380//3052 2369//3052 2368//3052
f 2368//3053 2379//3053 2380//3053
f 2381//3054 2370//3054 2369//3054
f 2369//3055 2380//3055 2381//3055
f 2382//3056 2371//3056 2370//3056
f 2370//3057 2381//3057 2382//3057
f 2383//3058 2372//3058 2371//3058
f 2371//3059 2382//3059 2383//3059
f 2384//3060 2373//3060 2372//3060
f 2372//3061 2383//3061 2384//3061
f 2385//3062 2374//3062 2373//3062
f 2373//3063 2384//3063 2385//3063
f 2386//3064 2375//3064 2374//3064
f 2374//3065 2385//3065 2386//3065
f 2387//3066 2376//3066 2375//3066
f 2375//3067 2386//3067 2387//3067
f 2388//3068 2377//3068 2378//3068
f 2378//3069 2389//3069 2388//3069
f 2390//3070 2379//3070 2377//3070
f 2377//3071 2388//3071 2390//3071
f 2391//3072 2380//3072 2379//3072
f 2379//3073 2390//3073 2391//3073
f 2392//3074 2381//3074 2380//3074
f 2380//3075 2391//3075 2392//3075
f 2393//3076 2382//3076 2381//3076
f 2381//3077 2392//3077 2393//3077
f 2394//3078 2383//3078 2382//3078
f 2382//3079 2393//3079 2394//3079
f 2395//3080 2384//3080 2383//3080
f 2383//3081 2394//3081 2395//3081
f 2396//3082 2385//3082 2384//3082
f 2384//3083 2395//3083 2396//3083
f 2397//3084 2386//3084 2385//3084
f 2385//3085 2396//3085 2397//3085
f 2398//3086 2387//3086 2386//3086
f 2386//3087 2397//3087 2398//3087
f 2399//3088 2388//3088 2389//3088
f 2389//3088 2400//3088 2399//3088
f 2401//3089 2390//3089 2388//3089
f 2388//3090 2399//3090 2401//3090
f 2402//3091 2391//3091 2390//3091
f 2390//3092 2401//3092 2402//3092
f 2403//3093 2392//3093 2391//3093
f 2391//3094 2402//3094 2403//3094
f 2404//3095 2393//3095 2392//3095
f 2392//3095 2403//3095 2404//3095
f 2405//3096 2394//3096 2393//3096
f 2393//3096 2404//3096 2405//3096
f 2406//3097 2395//3097 2394//3097
f 2394//3098 2405//3098 2406//3098
f 2407//3099 2396//3099 2395//3099
f 2395//3100 2406//3100 2407//3100
f 2408//3101 2397//3101 2396//3101
f 2396//3102 2407//3102 2408//3102
f 2409//3103 2398//3103 2397//3103
f 2397//3104 2408//3104 2409//3104
f 2299//3105 2410//3105 2411//3105
f 2299//3106 2411//3106 2412//3106
f 2299//3107 2412//3107 2413//3107
f 2299//3108 2413//3108 2414//3108
f 2299//3109 2414//3109 2415//3109
f 2299//3110 2415//3110 2416//3110
f 2299//3111 2416//3111 2417//3111
f 2299//3112 2417//3112 2418//3112
f 2299//3113 2418//3113 2419//3113
f 2299//3114 2419//3114 2420//3114
f 2421//3115 2411//3115 2410//3115
f 2410//3115 2422//3115 2421//3115
f 2423//3116 2412//3116 2411//3116
f 2411//3116 2421//3116 2423//3116
f 2424//3117 2413//3117 2412//3117
f 2412//3117 2423//3117 2424//3117
f 2425//3118 2414//3118 2413//3118
f 2413//3118 2424//3118 2425//3118
f 2426//3119 2415//3119 2414//3119
f 2414//3119 2425//3119 2426//3119
f 2427//3120 2416//3120 2415//3120
f 2415//3120 2426//3120 2427//3120
f 2428//3121 2417//3121 2416//3121
f 2416//3121 2427//3121 2428//3121
f 2429//3122 2418//3122 2417//3122
f 2417//3122 2428//3122 2429//3122
f 2430//3123 2419//3123 2418//3123
f 2418//3123 2429//3123 2430//3123
f 2431//3124 2420//3124 2419//3124
f 2419//3124 2430//3124 2431//3124
f 2432//3125 2421//3125 2422//3125
f 2422//3125 2433//3125 2432//3125
f 2434//3126 2423//3126 2421//3126
f 2421//3126 2432//3126 2434//3126
f 2435//3127 2424//3127 2423//3127
f 2423//3127 2434//3127 2435//3127
f 2436//3128 2425//3128 2424//3128
f 2424//3128 2435//3128 2436//3128
f 2437//3129 2426//3129 2425//3129
f 2425//3129 2436//3129 2437//3129
f 2438//3130 2427//3130 2426//3130
f 2426//3130 2437//3130 2438//3130
f 2439//3131 2428//3131 2427//3131
f 2427//3131 2438//3131 2439//3131
f 2440//3132 2429//3132 2428//3132
f 2428//3133 2439//3133 2440//3133
f 2441//3134 2430//3134 2429//3134
f 2429//3134 2440//3134 2441//3134
f 2442//3135 2431//3135 2430//3135
f 2430//3136 2441//3136 2442//3136
f 2443//3137 2432//3137 2433//3137
f 2433//3137 2444//3137 2443//3137
f 2445//3138 2434//3138 2432//3138
f 2432//3139 2443//3139 2445//3139
f 2446//3140 2435//3140 2434//3140
f 2434//3140 2445//3140 2446//3140
f 2447//3141 2436//3141 2435//3141
f 2435//3142 2446//3142 2447//3142
f 2448//3143 2437//3143 2436//3143
f 2436//3143 2447//3143 2448//3143
f 2449//3144 2438//3144 2437//3144
f 2437//3145 2448//3145 2449//3145
f 2450//3146 2439//3146 2438//3146
f 2438//3147 2449//3147 2450//3147
f 2451//3148 2440//3148 2439//3148
f 2439//3148 2450//3148 2451//3148
f 2452//3149 2441//3149 2440//3149
f 2440//3150 2451//3150 2452//3150
f 2453//3151 2442//3151 2441//3151
f 2441//3151 2452//3151 2453//3151
f 2454//3152 2443//3152 2444//3152
f 2444//3152 2455//3152 2454//3152
f 2456//3153 2445//3153 2443//3153
f 2443//3154 2454//3154 2456//3154
f 2457//3155 2446//3155 2445//3155
f 2445//3156 2456//3156 2457//3156
f 2458//3157 2447//3157 2446//3157
f 2446//3158 2457//3158 2458//3158
f 2459//3159 2448//3159 2447//3159
f 2447//3159 2458//3159 2459//3159
f 2460//3160 2449//3160 2448//3160
f 2448//3161 2459//3161 2460//3161
f 2461//3162 2450//3162 2449//3162
f 2449//3163 2460//3163 2461//3163
f 2462//3164 2451//3164 2450//3164
f 2450//3165 2461//3165 2462//3165
f 2463//3166 2452//3166 2451//3166
f 2451//3167 2462//3167 2463//3167
f 2464//3168 2453//3168 2452//3168
f 2452//3168 2463//3168 2464//3168
f 2465//3169 2454//3169 2455//3169
f 2455//3169 2466//3169 2465//3169
f 2467//3170 2456//3170 2454//3170
f 2454//3171 2465//3171 2467//3171
f 2468//3172 2457//3172 2456//3172
f 2456//3173 2467//3173 2468//3173
f 2469//3174 2458//3174 2457//3174
f 2457//3175 2468//3175 2469//3175
f 2470//3176 2459//3176 2458//3176
f 2458//3176 2469//3176 2470//3176
f 2471//3177 2460//3177 2459//3177
f 2459//3178 2470//3178 2471//3178
f 2472//3179 2461//3179 2460//3179
f 2460//3180 2471//3180 2472//3180
f 2473//3181 2462//3181 2461//3181
f 2461//3182 2472//3182 2473//3182
f 2474//3183 2463//3183 2462//3183
f 2462//3184 2473//3184 2474//3184
f 2475//3185 2464//3185 2463//3185
f 2463//3185 2474//3185 2475//3185
f 2476//3186 2465//3186 2466//3186
f 2466//3187 2477//3187 2476//3187
f 2478//3188 2467//3188 2465//3188
f 2465//3189 2476//3189 2478//3189
f 2479//3190 2468//3190 2467//3190
f 2467//3191 2478//3191 2479//3191
f 2480//3192 2469//3192 2468//3192
f 2468//3193 2479//3193 2480//3193
f 2481//3194 2470//3194 2469//3194
f 2469//3195 2480//3195 2481//3195
f 2482//3196 2471//3196 2470//3196
f 2470//3197 2481//3197 2482//3197
f 2483//3198 2472//3198 2471//3198
f 2471//3199 2482//3199 2483//3199
f 2484//3200 2473//3200 2472//3200
f 2472//3201 2483//3201 2484//3201
f 2485//3202 2474//3202 2473//3202
f 2473//3203 2484//3203 2485//3203
f 2486//3204 2475//3204 2474//3204
f 2474//3205 2485//3205 2486//3205
f 2487//3206 2476//3206 2477//3206
f 2477//3207 2488//3207 2487//3207
f 2489//3208 2478//3208 2476//3208
f 2476//3209 2487//3209 2489//3209
f 2490//3210 2479//3210 2478//3210
f 2478//3211 2489//3211 2490//3211
f 2491//3212 2480//3212 2479//3212
f 2479//3213 2490//3213 2491//3213
f 2492//3214 2481//3214 2480//3214
f 2480//3215 2491//3215 2492//3215
f 2493//3216 2482//3216 2481//3216
f 2481//3217 2492//3217 2493//3217
f 2494//3218 2483//3218 2482//3218
f 2482//3219 2493//3219 2494//3219
f 2495//3220 2484//3220 2483//3220
f 2483//3221 2494//3221 2495//3221
f 2496//3222 2485//3222 2484//3222
f 2484//3223 2495//3223 2496//3223
f 2497//3224 2486//3224 2485//3224
f 2485//3225 2496//3225 2497//3225
f 2498//3226 2487//3226 2488//3226
f 2488//3227 2499//3227 2498//3227
f 2500//3228 2489//3228 2487//3228
f 2487//3229 2498//3229 2500//3229
f 2501//3230 2490//3230 2489//3230
f 2489//3231 2500//3231 2501//3231
f 2502//3232 2491//3232 2490//3232
f 2490//3233 2501//3233 2502//3233
f 2503//3234 2492//3234 2491//3234
f 2491//3235 2502//3235 2503//3235
f 2504//3236 2493//3236 2492//3236
f 2492//3237 2503//3237 2504//3237
f 2505//3238 2494//3238 2493//3238
f 2493//3239 2504//3239 2505//3239
f 2506//3240 2495//3240 2494//3240
f 2494//3241 2505//3241 2506//3241
f 2507//3242 2496//3242 2495//3242
f 2495//3243 2506//3243 2507//3243
f 2508//3244 2497//3244 2496//3244
f 2496//3245 2507//3245 2508//3245
f 2509//3246 2498//3246 2499//3246
f 2499//3246 2510//3246 2509//3246
f 2511//3247 2500//3247 2498//3247
f 2498//3248 2509//3248 2511//3248
f 2512//3249 2501//3249 2500//3249
f 2500//3250 2511//3250 2512//3250
f 2513//3251 2502//3251 2501//3251
f 2501//3252 2512//3252 2513//3252
f 2514//3253 2503//3253 2502//3253
f 2502//3253 2513//3253 2514//3253
f 2515//3254 2504//3254 2503//3254
f 2503//3254 2514//3254 2515//3254
f 2516//3255 2505//3255 2504//3255
f 2504//3256 2515//3256 2516//3256
f 2517//3257 2506//3257 2505//3257
f 2505//3258 2516//3258 2517//3258
f 2518//3259 2507//3259 2506//3259
f 2506//3260 2517//3260 2518//3260
f 2519//3261 2508//3261 2507//3261
f 2507//3261 2518//3261 2519//3261
f 2299//3262 2520//3262 2521//3262
f 2299//3263 2521//3263 2522//3263
f 2299//3264 2522//3264 2523//3264
f 2299//3265 2523//3265 2524//3265
f 2299//3266 2524//3266 2525//3266
f 2299//3267 2525//3267 2526//3267
f 2299//3268 2526//3268 2527//3268
f 2299//3269 2527//3269 2528//3269
f 2299//3270 2528//3270 2529//3270
f 2299//3271 2529//3271 2530//3271
f 2531//3272 2521//3272 2520//3272
f 2520//3272 2532//3272 2531//3272
f 2533//3273 2522//3273 2521//3273
f 2521//3273 2531//3273 2533//3273
f 2534//3274 2523//3274 2522//3274
f 2522//3274 2533//3274 2534//3274
f 2535//3275 2524//3275 2523//3275
f 2523//3275 2534//3275 2535//3275
f 2536//3276 2525//3276 2524//3276
f 2524//3276 2535//3276 2536//3276
f 2537//3277 2526//3277 2525//3277
f 2525//3277 2536//3277 2537//3277
f 2538//3278 2527//3278 2526//3278
f 2526//3278 2537//3278 2538//3278
f 2539//3279 2528//3279 2527//3279
f 2527//3279 2538//3279 2539//3279
f 2540//3280 2529//3280 2528//3280
f 2528//3280 2539//3280 2540//3280
f 2541//3281 2530//3281 2529//3281
f 2529//3281 2540//3281 2541//3281
f 2542//3282 2531//3282 2532//3282
f 2532//3283 2543//3283 2542//3283
f 2544//3284 2533//3284 2531//3284
f 2531//3284 2542//3284 2544//3284
f 2545//3285 2534//3285 2533//3285
f 2533//3285 2544//3285 2545//3285
f 2546//3286 2535//3286 2534//3286
f 2534//3286 2545//3286 2546//3286
f 2547//3287 2536//3287 2535//3287
f 2535//3287 2546//3287 2547//3287
f 2548//3288 2537//3288 2536//3288
f 2536//3288 2547//3288 2548//3288
f 2549//3289 2538//3289 2537//3289
f 2537//3289 2548//3289 2549//3289
f 2550//3290 2539//3290 2538//3290
f 2538//3291 2549//3291 2550//3291
f 2551//3292 2540//3292 2539//3292
f 2539//3292 2550//3292 2551//3292
f 2552//3293 2541//3293 2540//3293
f 2540//3294 2551//3294 2552//3294
f 2553//3295 2542//3295 2543//3295
f 2543//3295 2554//3295 2553//3295
f 2555//3296 2544//3296 2542//3296
f 2542//3297 2553//3297 2555//3297
f 2556//3298 2545//3298 2544//3298
f 2544//3298 2555//3298 2556//3298
f 2557//3299 2546//3299 2545//3299
f 2545//3300 2556//3300 2557//3300
f 2558//3301 2547//3301 2546//3301
f 2546//3301 2557//3301 2558//3301
f 2559//3302 2548//3302 2547//3302
f 2547//3302 2558//3302 2559//3302
f 2560//3303 2549//3303 2548//3303
f 2548//3304 2559//3304 2560//3304
f 2561//3305 2550//3305 2549//3305
f 2549//3305 2560//3305 2561//3305
f 2562//3306 2551//3306 2550//3306
f 2550//3307 2561//3307 2562//3307
f 2563//3308 2552//3308 2551//3308
f 2551//3308 2562//3308 2563//3308
f 2564//3309 2553//3309 2554//3309
f 2554//3309 2565//3309 2564//3309
f 2566//3310 2555//3310 2553//3310
f 2553//3311 2564//3311 2566//3311
f 2567//3312 2556//3312 2555//3312
f 2555//3313 2566//3313 2567//3313
f 2568//3314 2557//3314 2556//3314
f 2556//3315 2567//3315 2568//3315
f 2569//3316 2558//3316 2557//3316
f 2557//3317 2568//3317 2569//3317
f 2570//3318 2559//3318 2558//3318
f 2558//3319 2569//3319 2570//3319
f 2571//3320 2560//3320 2559//3320
f 2559//3321 2570//3321 2571//3321
f 2572//3322 2561//3322 2560//3322
f 2560//3323 2571//3323 2572//3323
f 2573//3324 2562//3324 2561//3324
f 2561//3325 2572//3325 2573//3325
f 2574//3326 2563//3326 2562//3326
f 2562//3326 2573//3326 2574//3326
f 2575//3327 2564//3327 2565//3327
f 2565//3327 2576//3327 2575//3327
f 2577//3328 2566//3328 2564//3328
f 2564//3329 2575//3329 2577//3329
f 2578//3330 2567//3330 2566//3330
f 2566//3331 2577//3331 2578//3331
f 2579//3332 2568//3332 2567//3332
f 2567//3333 2578//3333 2579//3333
f 2580//3334 2569//3334 2568//3334
f 2568//3335 2579//3335 2580//3335
f 2581//3336 2570//3336 2569//3336
f 2569//3336 2580//3336 2581//3336
f 2582//3337 2571//3337 2570//3337
f 2570//3338 2581//3338 2582//3338
f 2583//3339 2572//3339 2571//3339
f 2571//3340 2582//3340 2583//3340
f 2584//3341 2573//3341 2572//3341
f 2572//3342 2583//3342 2584//3342
f 2585//3343 2574//3343 2573//3343
f 2573//3343 2584//3343 2585//3343
f 2586//3344 2575//3344 2576//3344
f 2576//3345 2587//3345 2586//3345
f 2588//3346 2577//3346 2575//3346
f 2575//3347 2586//3347 2588//3347
f 2589//3348 2578//3348 2577//3348
f 2577//3349 2588//3349 2589//3349
f 2590//3350 2579//3350 2578//3350
f 2578//3351 2589//3351 2590//3351
f 2591//3352 2580//3352 2579//3352
f 2579//3353 2590//3353 2591//3353
f 2592//3354 2581//3354 2580//3354
f 2580//3355 2591//3355 2592//3355
f 2593//3356 2582//3356 2581//3356
f 2581//3357 2592//3357 2593//3357
f 2594//3358 2583//3358 2582//3358
f 2582//3359 2593//3359 2594//3359
f 2595//3360 2584//3360 2583//3360
f 2583//3361 2594//3361 2595//3361
f 2596//3362 2585//3362 2584//3362
f 2584//3363 2595//3363 2596//3363
f 2597//3364 2586//3364 2587//3364
f 2587//3365 2598//3365 2597//3365
f 2599//3366 2588//3366 2586//3366
f 2586//3367 2597//3367 2599//3367
f 2600//3368 2589//3368 2588//3368
f 2588//3369 2599//3369 2600//3369
f 2601//3370 2590//3370 2589//3370
f 2589//3371 2600//3371 2601//3371
f 2602//3372 2591//3372 2590//3372
f 2590//3373 2601//3373 2602//3373
f 2603//3374 2592//3374 2591//3374
f 2591//3375 2602//3375 2603//3375
f 2604//3376 2593//3376 2592//3376
f 2592//3377 2603//3377 2604//3377
f 2605//3378 2594//3378 2593//3378
f 2593//3379 2604//3379 2605//3379
f 2606//3380 2595//3380 2594//3380
f 2594//3381 2605//3381 2606//3381
f 2607//3382 2596//3382 2595//3382
f 2595//3383 2606//3383 2607//3383
f 2608//3384 2597//3384 2598//3384
f 2598//3385 2609//3385 2608//3385
f 2610//3386 2599//3386 2597//3386
f 2597//3387 2608//3387 2610//3387
f 2611//3388 2600//3388 2599//3388
f 2599//3389 2610//3389 2611//3389
f 2612//3390 2601//3390 2600//3390
f 2600//3391 2611//3391 2612//3391
f 2613//3392 2602//3392 2601//3392
f 2601//3393 2612//3393 2613//3393
f 2614//3394 2603//3394 2602//3394
f 2602//3395 2613//3395 2614//3395
f 2615//3396 2604//3396 2603//3396
f 2603//3397 2614//3397 2615//3397
f 2616//3398 2605//3398 2604//3398
f 2604//3399 2615//3399 2616//3399
f 2617//3400 2606//3400 2605//3400
f 2605//3401 2616//3401 2617//3401
f 2618//3402 2607//3402 2606//3402
f 2606//3403 2617//3403 2618//3403
f 2619//3404 2608//3404 2609//3404
f 2609//3404 2620//3404 2619//3404
f 2621//3405 2610//3405 2608//3405
f 2608//3406 2619//3406 2621//3406
f 2622//3407 2611//3407 2610//3407
f 2610//3408 2621//3408 2622//3408
f 2623//3409 2612//3409 2611//3409
f 2611//3410 2622//3410 2623//3410
f 2624//3411 2613//3411 2612//3411
f 2612//3411 2623//3411 2624//3411
f 2625//3412 2614//3412 2613//3412
f 2613//3412 2624//3412 2625//3412
f 2626//3413 2615//3413 2614//3413
f 2614//3414 2625//3414 2626//3414
f 2627//3415 2616//3415 2615//3415
f 2615//3416 2626//3416 2627//3416
f 2628//3417 2617//3417 2616//3417
f 2616//3418 2627//3418 2628//3418
f 2629//3419 2618//3419 2617//3419
f 2617//3420 2628//3420 2629//3420
f 2299//3421 2630//3421 2631//3421
f 2299//3422 2631//3422 2632//3422
f 2299//3423 2632//3423 2633//3423
f 2299//3424 2633//3424 2634//3424
f 2299//3425 2634//3425 2635//3425
f 2299//3426 2635//3426 2636//3426
f 2299//3427 2636//3427 2637//3427
f 2299//3428 2637//3428 2638//3428
f 2299//3429 2638//3429 2639//3429
f 2299//3430 2639//3430 2640//3430
f 2641//3431 2631//3431 2630//3431
f 2630//3431 2642//3431 2641//3431
f 2643//3432 2632//3432 2631//3432
f 2631//3432 2641//3432 2643//3432
f 2644//3433 2633//3433 2632//3433
f 2632//3433 2643//3433 2644//3433
f 2645//3434 2634//3434 2633//3434
f 2633//3434 2644//3434 2645//3434
f 2646//3435 2635//3435 2634//3435
f 2634//3435 2645//3435 2646//3435
f 2647//3436 2636//3436 2635//3436
f 2635//3436 2646//3436 2647//3436
f 2648//3437 2637//3437 2636//3437
f 2636//3437 2647//3437 2648//3437
f 2649//3438 2638//3438 2637//3438
f 2637//3438 2648//3438 2649//3438
f 2650//3439 2639//3439 2638//3439
f 2638//3439 2649//3439 2650//3439
f 2651//3440 2640//3440 2639//3440
f 2639//3440 2650//3440 2651//3440
f 2652//3441 2641//3441 2642//3441
f 2642//3441 2653//3441 2652//3441
f 2654//3442 2643//3442 2641//3442
f 2641//3442 2652//3442 2654//3442
f 2655//3443 2644//3443 2643//3443
f 2643//3443 2654//3443 2655//3443
f 2656//3444 2645//3444 2644//3444
f 2644//3444 2655//3444 2656//3444
f 2657//3445 2646//3445 2645//3445
f 2645//3445 2656//3445 2657//3445
f 2658//3446 2647//3446 2646//3446
f 2646//3446 2657//3446 2658//3446
f 2659//3447 2648//3447 2647//3447
f 2647//3447 2658//3447 2659//3447
f 2660//3448 2649//3448 2648//3448
f 2648//3449 2659//3449 2660//3449
f 2661//3450 2650//3450 2649//3450
f 2649//3450 2660//3450 2661//3450
f 2662//3451 2651//3451 2650//3451
f 2650//3452 2661//3452 2662//3452
f 2663//3453 2652//3453 2653//3453
f 2653//3453 2664//3453 2663//3453
f 2665//3454 2654//3454 2652//3454
f 2652//3455 2663//3455 2665//3455
f 2666//3456 2655//3456 2654//3456
f 2654//3456 2665//3456 2666//3456
f 2667//3457 2656//3457 2655//3457
f 2655//3458 2666//3458 2667//3458
f 2668//3459 2657//3459 2656//3459
f 2656//3459 2667//3459 2668//3459
f 2669//3460 2658//3460 2657//3460
f 2657//3460 2668//3460 2669//3460
f 2670//3461 2659//3461 2658//3461
f 2658//3462 2669//3462 2670//3462
f 2671//3463 2660//3463 2659//3463
f 2659//3463 2670//3463 2671//3463
f 2672//3464 2661//3464 2660//3464
f 2660//3465 2671//3465 2672//3465
f 2673//3466 2662//3466 2661//3466
f 2661//3466 2672//3466 2673//3466
f 2674//3467 2663//3467 2664//3467
f 2664//3467 2675//3467 2674//3467
f 2676//3468 2665//3468 2663//3468
f 2663//3469 2674//3469 2676//3469
f 2677//3470 2666//3470 2665//3470
f 2665//3471 2676//3471 2677//3471
f 2678//3472 2667//3472 2666//3472
f 2666//3473 2677//3473 2678//3473
f 2679//3474 2668//3474 2667//3474
f 2667//3474 2678//3474 2679//3474
f 2680//3475 2669//3475 2668//3475
f 2668//3476 2679//3476 2680//3476
f 2681//3477 2670//3477 2669//3477
f 2669//3478 2680//3478 2681//3478
f 2682//3479 2671//3479 2670//3479
f 2670//3480 2681//3480 2682//3480
f 2683//3481 2672//3481 2671//3481
f 2671//3482 2682//3482 2683//3482
f 2684//3483 2673//3483 2672//3483
f 2672//3483 2683//3483 2684//3483
f 2685//3484 2674//3484 2675//3484
f 2675//3484 2686//3484 2685//3484
f 2687//3485 2676//3485 2674//3485
f 2674//3486 2685//3486 2687//3486
f 2688//3487 2677//3487 2676//3487
f 2676//3488 2687//3488 2688//3488
f 2689//3489 2678//3489 2677//3489
f 2677//3490 2688//3490 2689//3490
f 2690//3491 2679//3491 2678//3491
f 2678//3491 2689//3491 2690//3491
f 2691//3492 2680//3492 2679//3492
f 2679//3493 2690//3493 2691//3493
f 2692//3494 2681//3494 2680//3494
f 2680//3495 2691//3495 2692//3495
f 2693//3496 2682//3496 2681//3496
f 2681//3497 2692//3497 2693//3497
f 2694//3498 2683//3498 2682//3498
f 2682//3499 2693//3499 2694//3499
f 2695//3500 2684//3500 2683//3500
f 2683//3500 2694//3500 2695//3500
f 2696//3501 2685//3501 2686//3501
f 2686//3502 2697//3502 2696//3502
f 2698//3503 2687//3503 2685//3503
f 2685//3504 2696//3504 2698//3504
f 2699//3505 2688//3505 2687//3505
f 2687//3506 2698//3506 2699//3506
f 2700//3507 2689//3507 2688//3507
f 2688//3508 2699//3508 2700//3508
f 2701//3509 2690//3509 2689//3509
f 2689//3510 2700//3510 2701//3510
f 2702//3511 2691//3511 2690//3511
f 2690//3512 2701//3512 2702//3512
f 2703//3513 2692//3513 2691//3513
f 2691//3514 2702//3514 2703//3514
f 2704//3515 2693//3515 2692//3515
f 2692//3516 2703//3516 2704//3516
f 2705//3517 2694//3517 2693//3517
f 2693//3518 2704//3518 2705//3518
f 2706//3519 2695//3519 2694//3519
f 2694//3520 2705//3520 2706//3520
f 2707//3521 2696//3521 2697//3521
f 2697//3522 2708//3522 2707//3522
f 2709//3523 2698//3523 2696//3523
f 2696//3524 2707//3524 2709//3524
f 2710//3525 2699//3525 2698//3525
f 2698//3526 2709//3526 2710//3526
f 2711//3527 2700//3527 2699//3527
f 2699//3528 2710//3528 2711//3528
f 2712//3529 2701//3529 2700//3529
f 2700//3530 2711//3530 2712//3530
f 2713//3531 2702//3531 2701//3531
f 2701//3532 2712//3532 2713//3532
f 2714//3533 2703//3533 2702//3533
f 2702//3534 2713//3534 2714//3534
f 2715//3535 2704//3535 2703//3535
f 2703//3536 2714//3536 2715//3536
f 2716//3537 2705//3537 2704//3537
f 2704//3538 2715//3538 2716//3538
f 2717//3539 2706//3539 2705//3539
f 2705//3540 2716//3540 2717//3540
f 2718//3541 2707//3541 2708//3541
f 2708//3542 2719//3542 2718//3542
f 2720//3543 2709//3543 2707//3543
f 2707//3544 2718//3544 2720//3544
f 2721//3545 2710//3545 2709//3545
f 2709//3546 2720//3546 2721//3546
f 2722//3547 2711//3547 2710//3547
f 2710//3548 2721//3548 2722//3548
f 2723//3549 2712//3549 2711//3549
f 2711//3550 2722//3550 2723//3550
f 2724//3551 2713//3551 2712//3551
f 2712//3552 2723//3552 2724//3552
f 2725//3553 2714//3553 2713//3553
f 2713//3554 2724//3554 2725//3554
f 2726//3555 2715//3555 2714//3555
f 2714//3556 2725//3556 2726//3556
f 2727//3557 2716//3557 2715//3557
f 2715//3558 2726//3558 2727//3558
f 2728//3559 2717//3559 2716//3559
f 2716//3560 2727//3560 2728//3560
f 2729//3561 2718//3561 2719//3561
f 2719//3561 2730//3561 2729//3561
f 2731//3562 2720//3562 2718//3562
f 2718//3563 2729//3563 2731//3563
f 2732//3564 2721//3564 2720//3564
f 2720//3565 2731//3565 2732//3565
f 2733//3566 2722//3566 2721//3566
f 2721//3567 2732//3567 2733//3567
f 2734//3568 2723//3568 2722//3568
f 2722//3568 2733//3568 2734//3568
f 2735//3569 2724//3569 2723//3569
f 2723//3569 2734//3569 2735//3569
f 2736//3570 2725//3570 2724//3570
f 2724//3571 2735//3571 2736//3571
f 2737//3572 2726//3572 2725//3572
f 2725//3573 2736//3573 2737//3573
f 2738//3574 2727//3574 2726//3574
f 2726//3575 2737//3575 2738//3575
f 2739//3576 2728//3576 2727//3576
f 2727//3576 2738//3576 2739//3576
f 2740//3577 2741//3577 2742//3577
f 2742//3577 2743//3577 2740//3577
f 2744//3578 2745//3578 2741//3578
f 2741//3578 2740//3578 2744//3578
f 2746//3579 2747//3579 2745//3579
f 2745//3579 2744//3579 2746//3579
f 2748//3580 2749//3580 2747//3580
f 2747//3580 2746//3580 2748//3580
f 2750//3581 2751//3581 2749//3581
f 2749//3581 2748//3581 2750//3581
f 2752//3582 2753//3582 2751//3582
f 2751//3582 2750//3582 2752//3582
f 2754//3583 2755//3583 2753//3583
f 2753//3583 2752//3583 2754//3583
f 2756//3584 2757//3584 2755//3584
f 2755//3585 2754//3585 2756//3585
f 2758//3586 2759//3586 2757//3586
f 2757//3586 2756//3586 2758//3586
f 2760//3587 2761//3587 2759//3587
f 2759//3587 2758//3587 2760//3587
f 2762//3588 2740//3588 2743//3588
f 2743//3588 2763//3588 2762//3588
f 2764//3589 2744//3589 2740//3589
f 2740//3589 2762//3589 2764//3589
f 2765//3590 2746//3590 2744//3590
f 2744//3590 2764//3590 2765//3590
f 2766//3591 2748//3591 2746//3591
f 2746//3591 2765//3591 2766//3591
f 2767//3592 2750//3592 2748//3592
f 2748//3592 2766//3592 2767//3592
f 2768//3593 2752//3593 2750//3593
f 2750//3593 2767//3593 2768//3593
f 2769//3594 2754//3594 2752//3594
f 2752//3594 2768//3594 2769//3594
f 2770//3595 2756//3595 2754//3595
f 2754//3595 2769//3595 2770//3595
f 2771//3596 2758//3596 2756//3596
f 2756//3596 2770//3596 2771//3596
f 2772//3597 2760//3597 2758//3597
f 2758//3597 2771//3597 2772//3597
f 2773//3598 2762//3598 2763//3598
f 2763//3598 2774//3598 2773//3598
f 2775//3599 2764//3599 2762//3599
f 2762//3599 2773//3599 2775//3599
f 2776//3600 2765//3600 2764//3600
f 2764//3600 2775//3600 2776//3600
f 2777//3601 2766//3601 2765//3601
f 2765//3601 2776//3601 2777//3601
f 2778//3602 2767//3602 2766//3602
f 2766//3603 2777//3603 2778//3603
f 2779//3604 2768//3604 2767//3604
f 2767//3604 2778//3604 2779//3604
f 2780//3605 2769//3605 2768//3605
f 2768//3605 2779//3605 2780//3605
f 2781//3606 2770//3606 2769//3606
f 2769//3606 2780//3606 2781//3606
f 2782//3607 2771//3607 2770//3607
f 2770//3608 2781//3608 2782//3608
f 2783//3609 2772//3609 2771//3609
f 2771//3609 2782//3609 2783//3609
f 2784//3610 2773//3610 2774//3610
f 2774//3610 2785//3610 2784//3610
f 2786//3611 2775//3611 2773//3611
f 2773//3611 2784//3611 2786//3611
f 2787//3612 2776//3612 2775//3612
f 2775//3612 2786//3612 2787//3612
f 2788//3613 2777//3613 2776//3613
f 2776//3613 2787//3613 2788//3613
f 2789//3614 2778//3614 2777//3614
f 2777//3614 2788//3614 2789//3614
f 2790//3615 2779//3615 2778//3615
f 2778//3615 2789//3615 2790//3615
f 2791//3616 2780//3616 2779//3616
f 2779//3616 2790//3616 2791//3616
f 2792//3617 2781//3617 2780//3617
f 2780//3617 2791//3617 2792//3617
f 2793//3618 2782//3618 2781//3618
f 2781//3618 2792//3618 2793//3618
f 2794//3619 2783//3619 2782//3619
f 2782//3619 2793//3619 2794//3619
f 2795//3620 2784//3620 2785//3620
f 2785//3620 2796//3620 2795//3620
f 2797//3621 2786//3621 2784//3621
f 2784//3621 2795//3621 2797//3621
f 2798//3622 2787//3622 2786//3622
f 2786//3622 2797//3622 2798//3622
f 2799//3623 2788//3623 2787//3623
f 2787//3623 2798//3623 2799//3623
f 2800//3624 2789//3624 2788//3624
f 2788//3624 2799//3624 2800//3624
f 2801//3625 2790//3625 2789//3625
f 2789//3625 2800//3625 2801//3625
f 2802//3626 2791//3626 2790//3626
f 2790//3626 2801//3626 2802//3626
f 2803//3627 2792//3627 2791//3627
f 2791//3627 2802//3627 2803//3627
f 2804//3628 2793//3628 2792//3628
f 2792//3628 2803//3628 2804//3628
f 2805//3629 2794//3629 2793//3629
f 2793//3629 2804//3629 2805//3629
f 2806//3630 2795//3630 2796//3630
f 2796//3630 2807//3630 2806//3630
f 2808//3631 2797//3631 2795//3631
f 2795//3631 2806//3631 2808//3631
f 2809//3632 2798//3632 2797//3632
f 2797//3632 2808//3632 2809//3632
f 2810//3633 2799//3633 2798//3633
f 2798//3633 2809//3633 2810//3633
f 2811//3634 2800//3634 2799//3634
f 2799//3634 2810//3634 2811//3634
f 2812//3635 2801//3635 2800//3635
f 2800//3635 2811//3635 2812//3635
f 2813//3636 2802//3636 2801//3636
f 2801//3636 2812//3636 2813//3636
f 2814//3637 2803//3637 2802//3637
f 2802//3637 2813//3637 2814//3637
f 2815//3638 2804//3638 2803//3638
f 2803//3638 2814//3638 2815//3638
f 2816//3639 2805//3639 2804//3639
f 2804//3639 2815//3639 2816//3639
f 2817//3640 2806//3640 2807//3640
f 2807//3640 2818//3640 2817//3640
f 2819//3641 2808//3641 2806//3641
f 2806//3641 2817//3641 2819//3641
f 2820//3642 2809//3642 2808//3642
f 2808//3642 2819//3642 2820//3642
f 2821//3643 2810//3643 2809//3643
f 2809//3643 2820//3643 2821//3643
f 2822//3644 2811//3644 2810//3644
f 2810//3644 2821//3644 2822//3644
f 2823//3645 2812//3645 2811//3645
f 2811//3645 2822//3645 2823//3645
f 2824//3646 2813//3646 2812//3646
f 2812//3646 2823//3646 2824//3646
f 2825//3647 2814//3647 2813//3647
f 2813//3647 2824//3647 2825//3647
f 2826//3648 2815//3648 2814//3648
f 2814//3648 2825//3648 2826//3648
f 2827//3649 2816//3649 2815//3649
f 2815//3649 2826//3649 2827//3649
f 2828//3650 2817//3650 2818//3650
f 2818//3650 2829//3650 2828//3650
f 2830//3651 2819//3651 2817//3651
f 2817//3651 2828//3651 2830//3651
f 2831//3652 2820//3652 2819//3652
f 2819//3652 2830//3652 2831//3652
f 2832//3653 2821//3653 2820//3653
f 2820//3653 2831//3653 2832//3653
f 2833//3654 2822//3654 2821//3654
f 2821//3654 2832//3654 2833//3654
f 2834//3655 2823//3655 2822//3655
f 2822//3655 2833//3655 2834//3655
f 2835//3656 2824//3656 2823//3656
f 2823//3656 2834//3656 2835//3656
f 2836//3657 2825//3657 2824//3657
f 2824//3657 2835//3657 2836//3657
f 2837//3658 2826//3658 2825//3658
f 2825//3658 2836//3658 2837//3658
f 2838//3659 2827//3659 2826//3659
f 2826//3660 2837//3660 2838//3660
f 2839//3661 2828//3661 2829//3661
f 2829//3661 2840//3661 2839//3661
f 2841//3662 2830//3662 2828//3662
f 2828//3662 2839//3662 2841//3662
f 2842//3663 2831//3663 2830//3663
f 2830//3663 2841//3663 2842//3663
f 2843//3664 2832//3664 2831//3664
f 2831//3664 2842//3664 2843//3664
f 2844//3665 2833//3665 2832//3665
f 2832//3665 2843//3665 2844//3665
f 2845//3666 2834//3666 2833//3666
f 2833//3666 2844//3666 2845//3666
f 2846//3667 2835//3667 2834//3667
f 2834//3667 2845//3667 2846//3667
f 2847//3668 2836//3668 2835//3668
f 2835//3668 2846//3668 2847//3668
f 2848//3669 2837//3669 2836//3669
f 2836//3669 2847//3669 2848//3669
f 2849//3670 2838//3670 2837//3670
f 2837//3670 2848//3670 2849//3670
f 2850//3671 2839//3671 2840//3671
f 2840//3671 2851//3671 2850//3671
f 2852//3672 2841//3672 2839//3672
f 2839//3672 2850//3672 2852//3672
f 2853//3673 2842//3673 2841//3673
f 2841//3673 2852//3673 2853//3673
f 2854//3674 2843//3674 2842//3674
f 2842//3674 2853//3674 2854//3674
f 2855//3675 2844//3675 2843//3675
f 2843//3675 2854//3675 2855//3675
f 2856//3676 2845//3676 2844//3676
f 2844//3676 2855//3676 2856//3676
f 2857//3677 2846//3677 2845//3677
f 2845//3677 2856//3677 2857//3677
f 2858//3678 2847//3678 2846//3678
f 2846//3678 2857//3678 2858//3678
f 2859//3679 2848//3679 2847//3679
f 2847//3679 2858//3679 2859//3679
f 2860//3680 2849//3680 2848//3680
f 2848//3680 2859//3680 2860//3680
f 2861//3681 2862//3681 2863//3681
f 2863//3681 2760//3681 2861//3681
f 2864//3682 2865//3682 2862//3682
f 2862//3682 2861//3682 2864//3682
f 2866//3683 2867//3683 2865//3683
f 2865//3684 2864//3684 2866//3684
f 2868//3685 2869//3685 2867//3685
f 2867//3685 2866//3685 2868//3685
f 2870//3686 2871//3686 2869//3686
f 2869//3686 2868//3686 2870//3686
f 2872//3687 2873//3687 2871//3687
f 2871//3687 2870//3687 2872//3687
f 2874//3688 2875//3688 2873//3688
f 2873//3688 2872//3688 2874//3688
f 2876//3689 2877//3689 2875//3689
f 2875//3690 2874//3690 2876//3690
f 2878//3691 2879//3691 2877//3691
f 2877//3691 2876//3691 2878//3691
f 2880//3692 2881//3692 2879//3692
f 2879//3692 2878//3692 2880//3692
f 2882//3693 2861//3693 2760//3693
f 2760//3693 2883//3693 2882//3693
f 2884//3694 2864//3694 2861//3694
f 2861//3694 2882//3694 2884//3694
f 2885//3695 2866//3695 2864//3695
f 2864//3695 2884//3695 2885//3695
f 2886//3696 2868//3696 2866//3696
f 2866//3696 2885//3696 2886//3696
f 2887//3697 2870//3697 2868//3697
f 2868//3697 2886//3697 2887//3697
f 2888//3698 2872//3698 2870//3698
f 2870//3698 2887//3698 2888//3698
f 2889//3699 2874//3699 2872//3699
f 2872//3699 2888//3699 2889//3699
f 2890//3700 2876//3700 2874//3700
f 2874//3700 2889//3700 2890//3700
f 2891//3701 2878//3701 2876//3701
f 2876//3701 2890//3701 2891//3701
f 2892//3702 2880//3702 2878//3702
f 2878//3702 2891//3702 2892//3702
f 2893//3703 2882//3703 2883//3703
f 2883//3703 2894//3703 2893//3703
f 2895//3704 2884//3704 2882//3704
f 2882//3705 2893//3705 2895//3705
f 2896//3706 2885//3706 2884//3706
f 2884//3706 2895//3706 2896//3706
f 2897//3707 2886//3707 2885//3707
f 2885//3707 2896//3707 2897//3707
f 2898//3708 2887//3708 2886//3708
f 2886//3708 2897//3708 2898//3708
f 2899//3709 2888//3709 2887//3709
f 2887//3709 2898//3709 2899//3709
f 2900//3710 2889//3710 2888//3710
f 2888//3710 2899//3710 2900//3710
f 2901//3711 2890//3711 2889//3711
f 2889//3711 2900//3711 2901//3711
f 2902//3712 2891//3712 2890//3712
f 2890//3712 2901//3712 2902//3712
f 2903//3713 2892//3713 2891//3713
f 2891//3713 2902//3713 2903//3713
f 2904//3714 2893//3714 2894//3714
f 2894//3714 2905//3714 2904//3714
f 2906//3715 2895//3715 2893//3715
f 2893//3715 2904//3715 2906//3715
f 2907//3716 2896//3716 2895//3716
f 2895//3716 2906//3716 2907//3716
f 2908//3717 2897//3717 2896//3717
f 2896//3717 2907//3717 2908//3717
f 2909//3718 2898//3718 2897//3718
f 2897//3718 2908//3718 2909//3718
f 2910//3719 2899//3719 2898//3719
f 2898//3719 2909//3719 2910//3719
f 2911//3720 2900//3720 2899//3720
f 2899//3720 2910//3720 2911//3720
f 2912//3721 2901//3721 2900//3721
f 2900//3721 2911//3721 2912//3721
f 2913//3722 2902//3722 2901//3722
f 2901//3722 2912//3722 2913//3722
f 2914//3723 2903//3723 2902//3723
f 2902//3723 2913//3723 2914//3723
f 2915//3724 2904//3724 2905//3724
f 2905//3724 2916//3724 2915//3724
f 2917//3725 2906//3725 2904//3725
f 2904//3725 2915//3725 2917//3725
f 2918//3726 2907//3726 2906//3726
f 2906//3726 2917//3726 2918//3726
f 2919//3727 2908//3727 2907//3727
f 2907//3727 2918//3727 2919//3727
f 2920//3728 2909//3728 2908//3728
f 2908//3728 2919//3728 2920//3728
f 2921//3729 2910//3729 2909//3729
f 2909//3729 2920//3729 2921//3729
f 2922//3730 2911//3730 2910//3730
f 2910//3730 2921//3730 2922//3730
f 2923//3731 2912//3731 2911//3731
f 2911//3731 2922//3731 2923//3731
f 2924//3732 2913//3732 2912//3732
f 2912//3732 2923//3732 2924//3732
f 2925//3733 2914//3733 2913//3733
f 2913//3733 2924//3733 2925//3733
f 2926//3734 2915//3734 2916//3734
f 2916//3734 2927//3734 2926//3734
f 2928//3735 2917//3735 2915//3735
f 2915//3735 2926//3735 2928//3735
f 2929//3736 2918//3736 2917//3736
f 2917//3736 2928//3736 2929//3736
f 2930//3737 2919//3737 2918//3737
f 2918//3737 2929//3737 2930//3737
f 2931//3738 2920//3738 2919//3738
f 2919//3738 2930//3738 2931//3738
f 2932//3739 2921//3739 2920//3739
f 2920//3739 2931//3739 2932//3739
f 2933//3740 2922//3740 2921//3740
f 2921//3740 2932//3740 2933//3740
f 2934//3741 2923//3741 2922//3741
f 2922//3741 2933//3741 2934//3741
f 2935//3742 2924//3742 2923//3742
f 2923//3742 2934//3742 2935//3742
f 2936//3743 2925//3743 2924//3743
f 2924//3743 2935//3743 2936//3743
f 2937//3744 2926//3744 2927//3744
f 2927//3744 2938//3744 2937//3744
f 2939//3745 2928//3745 2926//3745
f 2926//3745 2937//3745 2939//3745
f 2940//3746 2929//3746 2928//3746
f 2928//3746 2939//3746 2940//3746
f 2941//3747 2930//3747 2929//3747
f 2929//3747 2940//3747 2941//3747
f 2942//3748 2931//3748 2930//3748
f 2930//3748 2941//3748 2942//3748
f 2943//3749 2932//3749 2931//3749
f 2931//3749 2942//3749 2943//3749
f 2944//3750 2933//3750 2932//3750
f 2932//3750 2943//3750 2944//3750
f 2945//3751 2934//3751 2933//3751
f 2933//3751 2944//3751 2945//3751
f 2946//3752 2935//3752 2934//3752
f 2934//3752 2945//3752 2946//3752
f 2947//3753 2936//3753 2935//3753
f 2935//3753 2946//3753 2947//3753
f 2948//3754 2937//3754 2938//3754
f 2938//3754 2949//3754 2948//3754
f 2950//3755 2939//3755 2937//3755
f 2937//3755 2948//3755 2950//3755
f 2951//3756 2940//3756 2939//3756
f 2939//3756 2950//3756 2951//3756
f 2952//3757 2941//3757 2940//3757
f 2940//3757 2951//3757 2952//3757
f 2953//3758 2942//3758 2941//3758
f 2941//3758 2952//3758 2953//3758
f 2954//3759 2943//3759 2942//3759
f 2942//3759 2953//3759 2954//3759
f 2955//3760 2944//3760 2943//3760
f 2943//3760 2954//3760 2955//3760
f 2956//3761 2945//3761 2944//3761
f 2944//3761 2955//3761 2956//3761
f 2957//3762 2946//3762 2945//3762
f 2945//3762 2956//3762 2957//3762
f 2958//3763 2947//3763 2946//3763
f 2946//3763 2957//3763 2958//3763
f 2959//3764 2948//3764 2949//3764
f 2949//3764 2960//3764 2959//3764
f 2961//3765 2950//3765 2948//3765
f 2948//3765 2959//3765 2961//3765
f 2962//3766 2951//3766 2950//3766
f 2950//3766 2961//3766 2962//3766
f 2963//3767 2952//3767 2951//3767
f 2951//3767 2962//3767 2963//3767
f 2964//3768 2953//3768 2952//3768
f 2952//3768 2963//3768 2964//3768
f 2965//3769 2954//3769 2953//3769
f 2953//3769 2964//3769 2965//3769
f 2966//3770 2955//3770 2954//3770
f 2954//3770 2965//3770 2966//3770
f 2967//3771 2956//3771 2955//3771
f 2955//3771 2966//3771 2967//3771
f 2968//3772 2957//3772 2956//3772
f 2956//3772 2967//3772 2968//3772
f 2969//3773 2958//3773 2957//3773
f 2957//3773 2968//3773 2969//3773
f 2970//3774 2959//3774 2960//3774
f 2960//3775 2971//3775 2970//3775
f 2972//3776 2961//3776 2959//3776
f 2959//3776 2970//3776 2972//3776
f 2973//3777 2962//3777 2961//3777
f 2961//3777 2972//3777 2973//3777
f 2974//3778 2963//3778 2962//3778
f 2962//3778 2973//3778 2974//3778
f 2975//3779 2964//3779 2963//3779
f 2963//3779 2974//3779 2975//3779
f 2976//3780 2965//3780 2964//3780
f 2964//3780 2975//3780 2976//3780
f 2977//3781 2966//3781 2965//3781
f 2965//3781 2976//3781 2977//3781
f 2978//3782 2967//3782 2966//3782
f 2966//3782 2977//3782 2978//3782
f 2979//3783 2968//3783 2967//3783
f 2967//3783 2978//3783 2979//3783
f 2980//3784 2969//3784 2968//3784
f 2968//3785 2979//3785 2980//3785
f 2981//3786 2982//3786 2983//3786
f 2983//3786 2880//3786 2981//3786
f 2984//3787 2985//3787 2982//3787
f 2982//3787 2981//3787 2984//3787
f 2986//3788 2987//3788 2985//3788
f 2985//3788 2984//3788 2986//3788
f 2988//3789 2989//3789 2987//3789
f 2987//3789 2986//3789 2988//3789
f 2990//3790 2991//3790 2989//3790
f 2989//3790 2988//3790 2990//3790
f 2992//3791 2993//3791 2991//3791
f 2991//3791 2990//3791 2992//3791
f 2994//3792 2995//3792 2993//3792
f 2993//3792 2992//3792 2994//3792
f 2996//3793 2997//3793 2995//3793
f 2995//3794 2994//3794 2996//3794
f 2998//3795 2999//3795 2997//3795
f 2997//3795 2996//3795 2998//3795
f 3000//3796 3001//3796 2999//3796
f 2999//3796 2998//3796 3000//3796
f 3002//3797 2981//3797 2880//3797
f 2880//3797 3003//3797 3002//3797
f 3004//3798 2984//3798 2981//3798
f 2981//3798 3002//3798 3004//3798
f 3005//3799 2986//3799 2984//3799
f 2984//3799 3004//3799 3005//3799
f 3006//3800 2988//3800 2986//3800
f 2986//3800 3005//3800 3006//3800
f 3007//3801 2990//3801 2988//3801
f 2988//3801 3006//3801 3007//3801
f 3008//3802 2992//3802 2990//3802
f 2990//3802 3007//3802 3008//3802
f 3009//3803 2994//3803 2992//3803
f 2992//3803 3008//3803 3009//3803
f 3010//3804 2996//3804 2994//3804
f 2994//3804 3009//3804 3010//3804
f 3011//3805 2998//3805 2996//3805
f 2996//3805 3010//3805 3011//3805
f 3012//3806 3000//3806 2998//3806
f 2998//3806 3011//3806 3012//3806
f 3013//3807 3002//3807 3003//3807
f 3003//3807 3014//3807 3013//3807
f 3015//3808 3004//3808 3002//3808
f 3002//3808 3013//3808 3015//3808
f 3016//3809 3005//3809 3004//3809
f 3004//3809 3015//3809 3016//3809
f 3017//3810 3006//3810 3005//3810
f 3005//3810 3016//3810 3017//3810
f 3018//3811 3007//3811 3006//3811
f 3006//3812 3017//3812 3018//3812
f 3019//3813 3008//3813 3007//3813
f 3007//3813 3018//3813 3019//3813
f 3020//3814 3009//3814 3008//3814
f 3008//3814 3019//3814 3020//3814
f 3021//3815 3010//3815 3009//3815
f 3009//3815 3020//3815 3021//3815
f 3022//3816 3011//3816 3010//3816
f 3010//3817 3021//3817 3022//3817
f 3023//3818 3012//3818 3011//3818
f 3011//3818 3022//3818 3023//3818
f 3024//3819 3013//3819 3014//3819
f 3014//3819 3025//3819 3024//3819
f 3026//3820 3015//3820 3013//3820
f 3013//3820 3024//3820 3026//3820
f 3027//3821 3016//3821 3015//3821
f 3015//3821 3026//3821 3027//3821
f 3028//3822 3017//3822 3016//3822
f 3016//3822 3027//3822 3028//3822
f 3029//3823 3018//3823 3017//3823
f 3017//3823 3028//3823 3029//3823
f 3030//3824 3019//3824 3018//3824
f 3018//3824 3029//3824 3030//3824
f 3031//3825 3020//3825 3019//3825
f 3019//3825 3030//3825 3031//3825
f 3032//3826 3021//3826 3020//3826
f 3020//3826 3031//3826 3032//3826
f 3033//3827 3022//3827 3021//3827
f 3021//3827 3032//3827 3033//3827
f 3034//3828 3023//3828 3022//3828
f 3022//3828 3033//3828 3034//3828
f 3035//3829 3024//3829 3025//3829
f 3025//3829 3036//3829 3035//3829
f 3037//3830 3026//3830 3024//3830
f 3024//3830 3035//3830 3037//3830
f 3038//3831 3027//3831 3026//3831
f 3026//3831 3037//3831 3038//3831
f 3039//3832 3028//3832 3027//3832
f 3027//3832 3038//3832 3039//3832
f 3040//3833 3029//3833 3028//3833
f 3028//3833 3039//3833 3040//3833
f 3041//3834 3030//3834 3029//3834
f 3029//3834 3040//3834 3041//3834
f 3042//3835 3031//3835 3030//3835
f 3030//3835 3041//3835 3042//3835
f 3043//3836 3032//3836 3031//3836
f 3031//3836 3042//3836 3043//3836
f 3044//3837 3033//3837 3032//3837
f 3032//3837 3043//3837 3044//3837
f 3045//3838 3034//3838 3033//3838
f 3033//3838 3044//3838 3045//3838
f 3046//3839 3035//3839 3036//3839
f 3036//3839 3047//3839 3046//3839
f 3048//3840 3037//3840 3035//3840
f 3035//3840 3046//3840 3048//3840
f 3049//3841 3038//3841 3037//3841
f 3037//3841 3048//3841 3049//3841
f 3050//3842 3039//3842 3038//3842
f 3038//3842 3049//3842 3050//3842
f 3051//3843 3040//3843 3039//3843
f 3039//3843 3050//3843 3051//3843
f 3052//3844 3041//3844 3040//3844
f 3040//3844 3051//3844 3052//3844
f 3053//3845 3042//3845 3041//3845
f 3041//3845 3052//3845 3053//3845
f 3054//3846 3043//3846 3042//3846
f 3042//3846 3053//3846 3054//3846
f 3055//3847 3044//3847 3043//3847
f 3043//3847 3054//3847 3055//3847
f 3056//3848 3045//3848 3044//3848
f 3044//3848 3055//3848 3056//3848
f 3057//3849 3046//3849 3047//3849
f 3047//3849 3058//3849 3057//3849
f 3059//3850 3048//3850 3046//3850
f 3046//3850 3057//3850 3059//3850
f 3060//3851 3049//3851 3048//3851
f 3048//3851 3059//3851 3060//3851
f 3061//3852 3050//3852 3049//3852
f 3049//3852 3060//3852 3061//3852
f 3062//3853 3051//3853 3050//3853
f 3050//3853 3061//3853 3062//3853
f 3063//3854 3052//3854 3051//3854
f 3051//3854 3062//3854 3063//3854
f 3064//3855 3053//3855 3052//3855
f 3052//3855 3063//3855 3064//3855
f 3065//3856 3054//3856 3053//3856
f 3053//3856 3064//3856 3065//3856
f 3066//3857 3055//3857 3054//3857
f 3054//3857 3065//3857 3066//3857
f 3067//3858 3056//3858 3055//3858
f 3055//3858 3066//3858 3067//3858
f 3068//3859 3057//3859 3058//3859
f 3058//3859 3069//3859 3068//3859
f 3070//3860 3059//3860 3057//3860
f 3057//3860 3068//3860 3070//3860
f 3071//3861 3060//3861 3059//3861
f 3059//3861 3070//3861 3071//3861
f 3072//3862 3061//3862 3060//3862
f 3060//3862 3071//3862 3072//3862
f 3073//3863 3062//3863 3061//3863
f 3061//3863 3072//3863 3073//3863
f 3074//3864 3063//3864 3062//3864
f 3062//3864 3073//3864 3074//3864
f 3075//3865 3064//3865 3063//3865
f 3063//3865 3074//3865 3075//3865
f 3076//3866 3065//3866 3064//3866
f 3064//3866 3075//3866 3076//3866
f 3077//3867 3066//3867 3065//3867
f 3065//3867 3076//3867 3077//3867
f 3078//3868 3067//3868 3066//3868
f 3066//3868 3077//3868 3078//3868
f 3079//3869 3068//3869 3069//3869
f 3069//3869 3080//3869 3079//3869
f 3081//3870 3070//3870 3068//3870
f 3068//3870 3079//3870 3081//3870
f 3082//3871 3071//3871 3070//3871
f 3070//3871 3081//3871 3082//3871
f 3083//3872 3072//3872 3071//3872
f 3071//3872 3082//3872 3083//3872
f 3084//3873 3073//3873 3072//3873
f 3072//3873 3083//3873 3084//3873
f 3085//3874 3074//3874 3073//3874
f 3073//3874 3084//3874 3085//3874
f 3086//3875 3075//3875 3074//3875
f 3074//3875 3085//3875 3086//3875
f 3087//3876 3076//3876 3075//3876
f 3075//3876 3086//3876 3087//3876
f 3088//3877 3077//3877 3076//3877
f 3076//3877 3087//3877 3088//3877
f 3089//3878 3078//3878 3077//3878
f 3077//3878 3088//3878 3089//3878
f 3090//3879 3079//3879 3080//3879
f 3080//3879 3091//3879 3090//3879
f 3092//3880 3081//3880 3079//3880
f 3079//3880 3090//3880 3092//3880
f 3093//3881 3082//3881 3081//3881
f 3081//3881 3092//3881 3093//3881
f 3094//3882 3083//3882 3082//3882
f 3082//3882 3093//3882 3094//3882
f 3095//3883 3084//3883 3083//3883
f 3083//3883 3094//3883 3095//3883
f 3096//3884 3085//3884 3084//3884
f 3084//3884 3095//3884 3096//3884
f 3097//3885 3086//3885 3085//3885
f 3085//3885 3096//3885 3097//3885
f 3098//3886 3087//3886 3086//3886
f 3086//3886 3097//3886 3098//3886
f 3099//3887 3088//3887 3087//3887
f 3087//3887 3098//3887 3099//3887
f 3100//3888 3089//3888 3088//3888
f 3088//3888 3099//3888 3100//3888
f 3101//3889 3102//3889 3103//3889
f 3103//3889 3000//3889 3101//3889
f 3104//3890 3105//3890 3102//3890
f 3102//3890 3101//3890 3104//3890
f 3106//3891 3107//3891 3105//3891
f 3105//3891 3104//3891 3106//3891
f 3108//3892 3109//3892 3107//3892
f 3107//3892 3106//3892 3108//3892
f 3110//3893 3111//3893 3109//3893
f 3109//3893 3108//3893 3110//3893
f 3112//3894 3113//3894 3111//3894
f 3111//3894 3110//3894 3112//3894
f 3114//3895 3115//3895 3113//3895
f 3113//3895 3112//3895 3114//3895
f 3116//3896 3117//3896 3115//3896
f 3115//3897 3114//3897 3116//3897
f 3118//3898 3119//3898 3117//3898
f 3117//3898 3116//3898 3118//3898
f 2743//3899 3120//3899 3119//3899
f 3119//3899 3118//3899 2743//3899
f 3121//3900 3101//3900 3000//3900
f 3000//3900 3122//3900 3121//3900
f 3123//3901 3104//3901 3101//3901
f 3101//3901 3121//3901 3123//3901
f 3124//3902 3106//3902 3104//3902
f 3104//3902 3123//3902 3124//3902
f 3125//3903 3108//3903 3106//3903
f 3106//3903 3124//3903 3125//3903
f 3126//3904 3110//3904 3108//3904
f 3108//3904 3125//3904 3126//3904
f 3127//3905 3112//3905 3110//3905
f 3110//3905 3126//3905 3127//3905
f 3128//3906 3114//3906 3112//3906
f 3112//3906 3127//3906 3128//3906
f 3129//3907 3116//3907 3114//3907
f 3114//3907 3128//3907 3129//3907
f 3130//3908 3118//3908 3116//3908
f 3116//3908 3129//3908 3130//3908
f 3131//3909 2743//3909 3118//3909
f 3118//3909 3130//3909 3131//3909
f 3132//3910 3121//3910 3122//3910
f 3122//3910 3133//3910 3132//3910
f 3134//3911 3123//3911 3121//3911
f 3121//3912 3132//3912 3134//3912
f 3135//3913 3124//3913 3123//3913
f 3123//3913 3134//3913 3135//3913
f 3136//3914 3125//3914 3124//3914
f 3124//3914 3135//3914 3136//3914
f 3137//3915 3126//3915 3125//3915
f 3125//3915 3136//3915 3137//3915
f 3138//3916 3127//3916 3126//3916
f 3126//3916 3137//3916 3138//3916
f 3139//3917 3128//3917 3127//3917
f 3127//3917 3138//3917 3139//3917
f 3140//3918 3129//3918 3128//3918
f 3128//3918 3139//3918 3140//3918
f 3141//3919 3130//3919 3129//3919
f 3129//3919 3140//3919 3141//3919
f 3142//3920 3131//3920 3130//3920
f 3130//3920 3141//3920 3142//3920
f 3143//3921 3132//3921 3133//3921
f 3133//3921 3144//3921 3143//3921
f 3145//3922 3134//3922 3132//3922
f 3132//3922 3143//3922 3145//3922
f 3146//3923 3135//3923 3134//3923
f 3134//3923 3145//3923 3146//3923
f 3147//3924 3136//3924 3135//3924
f 3135//3924 3146//3924 3147//3924
f 3148//3925 3137//3925 3136//3925
f 3136//3925 3147//3925 3148//3925
f 3149//3926 3138//3926 3137//3926
f 3137//3926 3148//3926 3149//3926
f 3150//3927 3139//3927 3138//3927
f 3138//3927 3149//3927 3150//3927
f 3151//3928 3140//3928 3139//3928
f 3139//3928 3150//3928 3151//3928
f 3152//3929 3141//3929 3140//3929
f 3140//3929 3151//3929 3152//3929
f 3153//3930 3142//3930 3141//3930
f 3141//3930 3152//3930 3153//3930
f 3154//3931 3143//3931 3144//3931
f 3144//3931 3155//3931 3154//3931
f 3156//3932 3145//3932 3143//3932
f 3143//3932 3154//3932 3156//3932
f 3157//3933 3146//3933 3145//3933
f 3145//3933 3156//3933 3157//3933
f 3158//3934 3147//3934 3146//3934
f 3146//3934 3157//3934 3158//3934
f 3159//3935 3148//3935 3147//3935
f 3147//3935 3158//3935 3159//3935
f 3160//3936 3149//3936 3148//3936
f 3148//3936 3159//3936 3160//3936
f 3161//3937 3150//3937 3149//3937
f 3149//3937 3160//3937 3161//3937
f 3162//3938 3151//3938 3150//3938
f 3150//3938 3161//3938 3162//3938
f 3163//3939 3152//3939 3151//3939
f 3151//3939 3162//3939 3163//3939
f 3164//3940 3153//3940 3152//3940
f 3152//3940 3163//3940 3164//3940
f 3165//3941 3154//3941 3155//3941
f 3155//3941 3166//3941 3165//3941
f 3167//3942 3156//3942 3154//3942
f 3154//3942 3165//3942 3167//3942
f 3168//3943 3157//3943 3156//3943
f 3156//3943 3167//3943 3168//3943
f 3169//3944 3158//3944 3157//3944
f 3157//3944 3168//3944 3169//3944
f 3170//3945 3159//3945 3158//3945
f 3158//3945 3169//3945 3170//3945
f 3171//3946 3160//3946 3159//3946
f 3159//3946 3170//3946 3171//3946
f 3172//3947 3161//3947 3160//3947
f 3160//3947 3171//3947 3172//3947
f 3173//3948 3162//3948 3161//3948
f 3161//3948 3172//3948 3173//3948
f 3174//3949 3163//3949 3162//3949
f 3162//3949 3173//3949 3174//3949
f 3175//3950 3164//3950 3163//3950
f 3163//3950 3174//3950 3175//3950
f 3176//3951 3165//3951 3166//3951
f 3166//3951 3177//3951 3176//3951
f 3178//3952 3167//3952 3165//3952
f 3165//3952 3176//3952 3178//3952
f 3179//3953 3168//3953 3167//3953
f 3167//3953 3178//3953 3179//3953
f 3180//3954 3169//3954 3168//3954
f 3168//3954 3179//3954 3180//3954
f 3181//3955 3170//3955 3169//3955
f 3169//3955 3180//3955 3181//3955
f 3182//3956 3171//3956 3170//3956
f 3170//3956 3181//3956 3182//3956
f 3183//3957 3172//3957 3171//3957
f 3171//3957 3182//3957 3183//3957
f 3184//3958 3173//3958 3172//3958
f 3172//3958 3183//3958 3184//3958
f 3185//3959 3174//3959 3173//3959
f 3173//3959 3184//3959 3185//3959
f 3186//3960 3175//3960 3174//3960
f 3174//3960 3185//3960 3186//3960
f 3187//3961 3176//3961 3177//3961
f 3177//3961 3188//3961 3187//3961
f 3189//3962 3178//3962 3176//3962
f 3176//3962 3187//3962 3189//3962
f 3190//3963 3179//3963 3178//3963
f 3178//3963 3189//3963 3190//3963
f 3191//3964 3180//3964 3179//3964
f 3179//3964 3190//3964 3191//3964
f 3192//3965 3181//3965 3180//3965
f 3180//3965 3191//3965 3192//3965
f 3193//3966 3182//3966 3181//3966
f 3181//3966 3192//3966 3193//3966
f 3194//3967 3183//3967 3182//3967
f 3182//3967 3193//3967 3194//3967
f 3195//3968 3184//3968 3183//3968
f 3183//3968 3194//3968 3195//3968
f 3196//3969 3185//3969 3184//3969
f 3184//3969 3195//3969 3196//3969
f 3197//3970 3186//3970 3185//3970
f 3185//3970 3196//3970 3197//3970
f 3198//3971 3187//3971 3188//3971
f 3188//3971 3199//3971 3198//3971
f 3200//3972 3189//3972 3187//3972
f 3187//3972 3198//3972 3200//3972
f 3201//3973 3190//3973 3189//3973
f 3189//3973 3200//3973 3201//3973
f 3202//3974 3191//3974 3190//3974
f 3190//3974 3201//3974 3202//3974
f 3203//3975 3192//3975 3191//3975
f 3191//3975 3202//3975 3203//3975
f 3204//3976 3193//3976 3192//3976
f 3192//3976 3203//3976 3204//3976
f 3205//3977 3194//3977 3193//3977
f 3193//3977 3204//3977 3205//3977
f 3206//3978 3195//3978 3194//3978
f 3194//3978 3205//3978 3206//3978
f 3207//3979 3196//3979 3195//3979
f 3195//3979 3206//3979 3207//3979
f 3208//3980 3197//3980 3196//3980
f 3196//3980 3207//3980 3208//3980
f 3209//3981 3198//3981 3199//3981
f 3199//3982 3210//3982 3209//3982
f 3211//3983 3200//3983 3198//3983
f 3198//3983 3209//3983 3211//3983
f 3212//3984 3201//3984 3200//3984
f 3200//3984 3211//3984 3212//3984
f 3213//3985 3202//3985 3201//3985
f 3201//3985 3212//3985 3213//3985
f 3214//3986 3203//3986 3202//3986
f 3202//3986 3213//3986 3214//3986
f 3215//3987 3204//3987 3203//3987
f 3203//3987 3214//3987 3215//3987
f 3216//3988 3205//3988 3204//3988
f 3204//3988 3215//3988 3216//3988
f 3217//3989 3206//3989 3205//3989
f 3205//3989 3216//3989 3217//3989
f 3218//3990 3207//3990 3206//3990
f 3206//3990 3217//3990 3218//3990
f 3219//3991 3208//3991 3207//3991
f 3207//3991 3218//3991 3219//3991
f 3220//3992 3221//3992 3222//3992
f 3220//3993 3222//3993 3223//3993
f 3220//3994 3223//3994 3224//3994
f 3220//3995 3224//3995 3225//3995
f 3220//3996 3225//3996 3226//3996
f 3220//3997 3226//3997 3227//3997
f 3220//3998 3227//3998 3228//3998
f 3220//3999 3228//3999 3229//3999
f 3220//4000 3229//4000 3230//4000
f 3220//4001 3230//4001 3231//4001
f 3232//4002 3222//4002 3221//4002
f 3221//4003 3233//4003 3232//4003
f 3234//4004 3223//4004 3222//4004
f 3222//4004 3232//4004 3234//4004
f 3235//4005 3224//4005 3223//4005
f 3223//4005 3234//4005 3235//4005
f 3236//4006 3225//4006 3224//4006
f 3224//4006 3235//4006 3236//4006
f 3237//4007 3226//4007 3225//4007
f 3225//4007 3236//4007 3237//4007
f 3238//4008 3227//4008 3226//4008
f 3226//4008 3237//4008 3238//4008
f 3239//4009 3228//4009 3227//4009
f 3227//4010 3238//4010 3239//4010
f 3240//4011 3229//4011 3228//4011
f 3228//4011 3239//4011 3240//4011
f 3241//4012 3230//4012 3229//4012
f 3229//4012 3240//4012 3241//4012
f 3242//4013 3231//4013 3230//4013
f 3230//4013 3241//4013 3242//4013
f 3243//4014 3232//4014 3233//4014
f 3233//4014 3244//4014 3243//4014
f 3245//4015 3234//4015 3232//4015
f 3232//4016 3243//4016 3245//4016
f 3246//4017 3235//4017 3234//4017
f 3234//4018 3245//4018 3246//4018
f 3247//4019 3236//4019 3235//4019
f 3235//4019 3246//4019 3247//4019
f 3248//4020 3237//4020 3236//4020
f 3236//4020 3247//4020 3248//4020
f 3249//4021 3238//4021 3237//4021
f 3237//4021 3248//4021 3249//4021
f 3250//4022 3239//4022 3238//4022
f 3238//4022 3249//4022 3250//4022
f 3251//4023 3240//4023 3239//4023
f 3239//4023 3250//4023 3251//4023
f 3252//4024 3241//4024 3240//4024
f 3240//4024 3251//4024 3252//4024
f 3253//4025 3242//4025 3241//4025
f 3241//4025 3252//4025 3253//4025
f 3254//4026 3243//4026 3244//4026
f 3244//4026 3255//4026 3254//4026
f 3256//4027 3245//4027 3243//4027
f 3243//4027 3254//4027 3256//4027
f 3257//4028 3246//4028 3245//4028
f 3245//4028 3256//4028 3257//4028
f 3258//4029 3247//4029 3246//4029
f 3246//4029 3257//4029 3258//4029
f 3259//4030 3248//4030 3247//4030
f 3247//4030 3258//4030 3259//4030
f 3260//4031 3249//4031 3248//4031
f 3248//4031 3259//4031 3260//4031
f 3261//4032 3250//4032 3249//4032
f 3249//4032 3260//4032 3261//4032
f 3262//4033 3251//4033 3250//4033
f 3250//4033 3261//4033 3262//4033
f 3263//4034 3252//4034 3251//4034
f 3251//4034 3262//4034 3263//4034
f 3264//4035 3253//4035 3252//4035
f 3252//4035 3263//4035 3264//4035
f 3265//4036 3254//4036 3255//4036
f 3255//4036 3266//4036 3265//4036
f 3267//4037 3256//4037 3254//4037
f 3254//4037 3265//4037 3267//4037
f 3268//4038 3257//4038 3256//4038
f 3256//4038 3267//4038 3268//4038
f 3269//4039 3258//4039 3257//4039
f 3257//4039 3268//4039 3269//4039
f 3270//4040 3259//4040 3258//4040
f 3258//4040 3269//4040 3270//4040
f 3271//4041 3260//4041 3259//4041
f 3259//4041 3270//4041 3271//4041
f 3272//4042 3261//4042 3260//4042
f 3260//4042 3271//4042 3272//4042
f 3273//4043 3262//4043 3261//4043
f 3261//4043 3272//4043 3273//4043
f 3274//4044 3263//4044 3262//4044
f 3262//4044 3273//4044 3274//4044
f 3275//4045 3264//4045 3263//4045
f 3263//4045 3274//4045 3275//4045
f 3276//4046 3265//4046 3266//4046
f 3266//4046 3277//4046 3276//4046
f 3278//4047 3267//4047 3265//4047
f 3265//4047 3276//4047 3278//4047
f 3279//4048 3268//4048 3267//4048
f 3267//4048 3278//4048 3279//4048
f 3280//4049 3269//4049 3268//4049
f 3268//4049 3279//4049 3280//4049
f 3281//4050 3270//4050 3269//4050
f 3269//4050 3280//4050 3281//4050
f 3282//4051 3271//4051 3270//4051
f 3270//4051 3281//4051 3282//4051
f 3283//4052 3272//4052 3271//4052
f 3271//4052 3282//4052 3283//4052
f 3284//4053 3273//4053 3272//4053
f 3272//4053 3283//4053 3284//4053
f 3285//4054 3274//4054 3273//4054
f 3273//4054 3284//4054 3285//4054
f 3286//4055 3275//4055 3274//4055
f 3274//4055 3285//4055 3286//4055
f 3287//4056 3276//4056 3277//4056
f 3277//4056 3288//4056 3287//4056
f 3289//4057 3278//4057 3276//4057
f 3276//4057 3287//4057 3289//4057
f 3290//4058 3279//4058 3278//4058
f 3278//4058 3289//4058 3290//4058
f 3291//4059 3280//4059 3279//4059
f 3279//4059 3290//4059 3291//4059
f 3292//4060 3281//4060 3280//4060
f 3280//4060 3291//4060 3292//4060
f 3293//4061 3282//4061 3281//4061
f 3281//4061 3292//4061 3293//4061
f 3294//4062 3283//4062 3282//4062
f 3282//4062 3293//4062 3294//4062
f 3295//4063 3284//4063 3283//4063
f 3283//4063 3294//4063 3295//4063
f 3296//4064 3285//4064 3284//4064
f 3284//4064 3295//4064 3296//4064
f 3297//4065 3286//4065 3285//4065
f 3285//4065 3296//4065 3297//4065
f 3298//4066 3287//4066 3288//4066
f 3288//4066 3299//4066 3298//4066
f 3300//4067 3289//4067 3287//4067
f 3287//4067 3298//4067 3300//4067
f 3301//4068 3290//4068 3289//4068
f 3289//4068 3300//4068 3301//4068
f 3302//4069 3291//4069 3290//4069
f 3290//4069 3301//4069 3302//4069
f 3303//4070 3292//4070 3291//4070
f 3291//4070 3302//4070 3303//4070
f 3304//4071 3293//4071 3292//4071
f 3292//4071 3303//4071 3304//4071
f 3305//4072 3294//4072 3293//4072
f 3293//4072 3304//4072 3305//4072
f 3306//4073 3295//4073 3294//4073
f 3294//4073 3305//4073 3306//4073
f 3307//4074 3296//4074 3295//4074
f 3295//4074 3306//4074 3307//4074
f 3308//4075 3297//4075 3296//4075
f 3296//4075 3307//4075 3308//4075
f 3309//4076 3298//4076 3299//4076
f 3299//4076 3310//4076 3309//4076
f 3311//4077 3300//4077 3298//4077
f 3298//4078 3309//4078 3311//4078
f 3312//4079 3301//4079 3300//4079
f 3300//4079 3311//4079 3312//4079
f 3313//4080 3302//4080 3301//4080
f 3301//4080 3312//4080 3313//4080
f 3314//4081 3303//4081 3302//4081
f 3302//4081 3313//4081 3314//4081
f 3315//4082 3304//4082 3303//4082
f 3303//4082 3314//4082 3315//4082
f 3316//4083 3305//4083 3304//4083
f 3304//4083 3315//4083 3316//4083
f 3317//4084 3306//4084 3305//4084
f 3305//4084 3316//4084 3317//4084
f 3318//4085 3307//4085 3306//4085
f 3306//4086 3317//4086 3318//4086
f 3319//4087 3308//4087 3307//4087
f 3307//4087 3318//4087 3319//4087
f 3320//4088 3309//4088 3310//4088
f 3310//4088 1392//4088 3320//4088
f 3321//4089 3311//4089 3309//4089
f 3309//4089 3320//4089 3321//4089
f 3322//4090 3312//4090 3311//4090
f 3311//4090 3321//4090 3322//4090
f 3323//4091 3313//4091 3312//4091
f 3312//4091 3322//4091 3323//4091
f 1387//4092 3314//4092 3313//4092
f 3313//4092 3323//4092 1387//4092
f 3324//4093 3315//4093 3314//4093
f 3314//4093 1387//4093 3324//4093
f 3325//4094 3316//4094 3315//4094
f 3315//4094 3324//4094 3325//4094
f 3326//4095 3317//4095 3316//4095
f 3316//4095 3325//4095 3326//4095
f 3327//4096 3318//4096 3317//4096
f 3317//4096 3326//4096 3327//4096
f 1274//4097 3319//4097 3318//4097
f 3318//4097 3327//4097 1274//4097
f 3220//4098 3328//4098 3329//4098
f 3220//4099 3329//4099 3330//4099
f 3220//4100 3330//4100 3331//4100
f 3220//4101 3331//4101 3332//4101
f 3220//4102 3332//4102 3333//4102
f 3220//4103 3333//4103 3334//4103
f 3220//4104 3334//4104 3335//4104
f 3220//4105 3335//4105 3336//4105
f 3220//4106 3336//4106 3337//4106
f 3220//4107 3337//4107 3338//4107
f 3339//4108 3329//4108 3328//4108
f 3328//4108 3242//4108 3339//4108
f 3340//4109 3330//4109 3329//4109
f 3329//4109 3339//4109 3340//4109
f 3341//4110 3331//4110 3330//4110
f 3330//4110 3340//4110 3341//4110
f 3342//4111 3332//4111 3331//4111
f 3331//4112 3341//4112 3342//4112
f 3343//4113 3333//4113 3332//4113
f 3332//4113 3342//4113 3343//4113
f 3344//4114 3334//4114 3333//4114
f 3333//4114 3343//4114 3344//4114
f 3345//4115 3335//4115 3334//4115
f 3334//4116 3344//4116 3345//4116
f 3346//4117 3336//4117 3335//4117
f 3335//4117 3345//4117 3346//4117
f 3347//4118 3337//4118 3336//4118
f 3336//4118 3346//4118 3347//4118
f 3348//4119 3338//4119 3337//4119
f 3337//4120 3347//4120 3348//4120
f 3349//4121 3339//4121 3242//4121
f 3242//4121 3350//4121 3349//4121
f 3351//4122 3340//4122 3339//4122
f 3339//4122 3349//4122 3351//4122
f 3352//4123 3341//4123 3340//4123
f 3340//4123 3351//4123 3352//4123
f 3353//4124 3342//4124 3341//4124
f 3341//4124 3352//4124 3353//4124
f 3354//4125 3343//4125 3342//4125
f 3342//4125 3353//4125 3354//4125
f 3355//4126 3344//4126 3343//4126
f 3343//4126 3354//4126 3355//4126
f 3356//4127 3345//4127 3344//4127
f 3344//4127 3355//4127 3356//4127
f 3357//4128 3346//4128 3345//4128
f 3345//4128 3356//4128 3357//4128
f 3358//4129 3347//4129 3346//4129
f 3346//4130 3357//4130 3358//4130
f 3359//4131 3348//4131 3347//4131
f 3347//4131 3358//4131 3359//4131
f 3360//4132 3349//4132 3350//4132
f 3350//4132 3361//4132 3360//4132
f 3362//4133 3351//4133 3349//4133
f 3349//4133 3360//4133 3362//4133
f 3363//4134 3352//4134 3351//4134
f 3351//4134 3362//4134 3363//4134
f 3364//4135 3353//4135 3352//4135
f 3352//4135 3363//4135 3364//4135
f 3365//4136 3354//4136 3353//4136
f 3353//4136 3364//4136 3365//4136
f 3366//4137 3355//4137 3354//4137
f 3354//4137 3365//4137 3366//4137
f 3367//4138 3356//4138 3355//4138
f 3355//4138 3366//4138 3367//4138
f 3368//4139 3357//4139 3356//4139
f 3356//4139 3367//4139 3368//4139
f 3369//4140 3358//4140 3357//4140
f 3357//4140 3368//4140 3369//4140
f 3370//4141 3359//4141 3358//4141
f 3358//4141 3369//4141 3370//4141
f 3371//4142 3360//4142 3361//4142
f 3361//4142 3372//4142 3371//4142
f 3373//4143 3362//4143 3360//4143
f 3360//4143 3371//4143 3373//4143
f 3374//4144 3363//4144 3362//4144
f 3362//4144 3373//4144 3374//4144
f 3375//4145 3364//4145 3363//4145
f 3363//4145 3374//4145 3375//4145
f 3376//4146 3365//4146 3364//4146
f 3364//4146 3375//4146 3376//4146
f 3377//4147 3366//4147 3365//4147
f 3365//4147 3376//4147 3377//4147
f 3378//4148 3367//4148 3366//4148
f 3366//4148 3377//4148 3378//4148
f 3379//4149 3368//4149 3367//4149
f 3367//4149 3378//4149 3379//4149
f 3380//4150 3369//4150 3368//4150
f 3368//4150 3379//4150 3380//4150
f 3381//4151 3370//4151 3369//4151
f 3369//4151 3380//4151 3381//4151
f 3382//4152 3371//4152 3372//4152
f 3372//4152 3383//4152 3382//4152
f 3384//4153 3373//4153 3371//4153
f 3371//4153 3382//4153 3384//4153
f 3385//4154 3374//4154 3373//4154
f 3373//4154 3384//4154 3385//4154
f 3386//4155 3375//4155 3374//4155
f 3374//4155 3385//4155 3386//4155
f 3387//4156 3376//4156 3375//4156
f 3375//4156 3386//4156 3387//4156
f 3388//4157 3377//4157 3376//4157
f 3376//4157 3387//4157 3388//4157
f 3389//4158 3378//4158 3377//4158
f 3377//4158 3388//4158 3389//4158
f 3390//4159 3379//4159 3378//4159
f 3378//4159 3389//4159 3390//4159
f 3391//4160 3380//4160 3379//4160
f 3379//4160 3390//4160 3391//4160
f 3392//4161 3381//4161 3380//4161
f 3380//4161 3391//4161 3392//4161
f 3393//4162 3382//4162 3383//4162
f 3383//4162 3394//4162 3393//4162
f 3395//4163 3384//4163 3382//4163
f 3382//4163 3393//4163 3395//4163
f 3396//4164 3385//4164 3384//4164
f 3384//4164 3395//4164 3396//4164
f 3397//4165 3386//4165 3385//4165
f 3385//4165 3396//4165 3397//4165
f 3398//4166 3387//4166 3386//4166
f 3386//4166 3397//4166 3398//4166
f 3399//4167 3388//4167 3387//4167
f 3387//4167 3398//4167 3399//4167
f 3400//4168 3389//4168 3388//4168
f 3388//4169 3399//4169 3400//4169
f 3401//4170 3390//4170 3389//4170
f 3389//4170 3400//4170 3401//4170
f 3402//4171 3391//4171 3390//4171
f 3390//4171 3401//4171 3402//4171
f 3403//4172 3392//4172 3391//4172
f 3391//4172 3402//4172 3403//4172
f 3404//4173 3393//4173 3394//4173
f 3394//4173 3405//4173 3404//4173
f 3406//4174 3395//4174 3393//4174
f 3393//4174 3404//4174 3406//4174
f 3407//4175 3396//4175 3395//4175
f 3395//4175 3406//4175 3407//4175
f 3408//4176 3397//4176 3396//4176
f 3396//4176 3407//4176 3408//4176
f 3409//4177 3398//4177 3397//4177
f 3397//4178 3408//4178 3409//4178
f 3410//4179 3399//4179 3398//4179
f 3398//4179 3409//4179 3410//4179
f 3411//4180 3400//4180 3399//4180
f 3399//4180 3410//4180 3411//4180
f 3412//4181 3401//4181 3400//4181
f 3400//4181 3411//4181 3412//4181
f 3413//4182 3402//4182 3401//4182
f 3401//4182 3412//4182 3413//4182
f 3414//4183 3403//4183 3402//4183
f 3402//4183 3413//4183 3414//4183
f 3415//4184 3404//4184 3405//4184
f 3405//4184 3416//4184 3415//4184
f 3417//4185 3406//4185 3404//4185
f 3404//4186 3415//4186 3417//4186
f 3418//4187 3407//4187 3406//4187
f 3406//4187 3417//4187 3418//4187
f 3419//4188 3408//4188 3407//4188
f 3407//4188 3418//4188 3419//4188
f 3420//4189 3409//4189 3408//4189
f 3408//4189 3419//4189 3420//4189
f 3421//4190 3410//4190 3409//4190
f 3409//4190 3420//4190 3421//4190
f 3422//4191 3411//4191 3410//4191
f 3410//4191 3421//4191 3422//4191
f 3423//4192 3412//4192 3411//4192
f 3411//4192 3422//4192 3423//4192
f 3424//4193 3413//4193 3412//4193
f 3412//4194 3423//4194 3424//4194
f 3425//4195 3414//4195 3413//4195
f 3413//4195 3424//4195 3425//4195
f 3426//4196 3415//4196 3416//4196
f 3416//4196 1274//4196 3426//4196
f 3427//4197 3417//4197 3415//4197
f 3415//4197 3426//4197 3427//4197
f 3428//4198 3418//4198 3417//4198
f 3417//4198 3427//4198 3428//4198
f 3429//4199 3419//4199 3418//4199
f 3418//4199 3428//4199 3429//4199
f 1269//4200 3420//4200 3419//4200
f 3419//4200 3429//4200 1269//4200
f 3430//4201 3421//4201 3420//4201
f 3420//4201 1269//4201 3430//4201
f 3431//4202 3422//4202 3421//4202
f 3421//4202 3430//4202 3431//4202
f 3432//4203 3423//4203 3422//4203
f 3422//4203 3431//4203 3432//4203
f 3433//4204 3424//4204 3423//4204
f 3423//4204 3432//4204 3433//4204
f 1156//4205 3425//4205 3424//4205
f 3424//4205 3433//4205 1156//4205
f 3220//4206 3434//4206 3435//4206
f 3220//4207 3435//4207 3436//4207
f 3220//4208 3436//4208 3437//4208
f 3220//4209 3437//4209 3438//4209
f 3220//4210 3438//4210 3439//4210
f 3220//4211 3439//4211 3440//4211
f 3220//4212 3440//4212 3441//4212
f 3220//4213 3441//4213 3442//4213
f 3220//4214 3442//4214 3443//4214
f 3220//4215 3443//4215 3444//4215
f 3445//4216 3435//4216 3434//4216
f 3434//4217 3348//4217 3445//4217
f 3446//4218 3436//4218 3435//4218
f 3435//4218 3445//4218 3446//4218
f 3447//4219 3437//4219 3436//4219
f 3436//4219 3446//4219 3447//4219
f 3448//4220 3438//4220 3437//4220
f 3437//4220 3447//4220 3448//4220
f 3449//4221 3439//4221 3438//4221
f 3438//4221 3448//4221 3449//4221
f 3450//4222 3440//4222 3439//4222
f 3439//4222 3449//4222 3450//4222
f 3451//4223 3441//4223 3440//4223
f 3440//4223 3450//4223 3451//4223
f 3452//4224 3442//4224 3441//4224
f 3441//4224 3451//4224 3452//4224
f 3453//4225 3443//4225 3442//4225
f 3442//4225 3452//4225 3453//4225
f 3454//4226 3444//4226 3443//4226
f 3443//4226 3453//4226 3454//4226
f 3455//4227 3445//4227 3348//4227
f 3348//4227 3456//4227 3455//4227
f 3457//4228 3446//4228 3445//4228
f 3445//4229 3455//4229 3457//4229
f 3458//4230 3447//4230 3446//4230
f 3446//4230 3457//4230 3458//4230
f 3459//4231 3448//4231 3447//4231
f 3447//4231 3458//4231 3459//4231
f 3460//4232 3449//4232 3448//4232
f 3448//4232 3459//4232 3460//4232
f 3461//4233 3450//4233 3449//4233
f 3449//4233 3460//4233 3461//4233
f 3462//4234 3451//4234 3450//4234
f 3450//4234 3461//4234 3462//4234
f 3463//4235 3452//4235 3451//4235
f 3451//4235 3462//4235 3463//4235
f 3464//4236 3453//4236 3452//4236
f 3452//4236 3463//4236 3464//4236
f 3465//4237 3454//4237 3453//4237
f 3453//4237 3464//4237 3465//4237
f 3466//4238 3455//4238 3456//4238
f 3456//4238 3467//4238 3466//4238
f 3468//4239 3457//4239 3455//4239
f 3455//4239 3466//4239 3468//4239
f 3469//4240 3458//4240 3457//4240
f 3457//4240 3468//4240 3469//4240
f 3470//4241 3459//4241 3458//4241
f 3458//4241 3469//4241 3470//4241
f 3471//4242 3460//4242 3459//4242
f 3459//4242 3470//4242 3471//4242
f 3472//4243 3461//4243 3460//4243
f 3460//4243 3471//4243 3472//4243
f 3473//4244 3462//4244 3461//4244
f 3461//4244 3472//4244 3473//4244
f 3474//4245 3463//4245 3462//4245
f 3462//4245 3473//4245 3474//4245
f 3475//4246 3464//4246 3463//4246
f 3463//4246 3474//4246 3475//4246
f 3476//4247 3465//4247 3464//4247
f 3464//4247 3475//4247 3476//4247
f 3477//4248 3466//4248 3467//4248
f 3467//4248 3478//4248 3477//4248
f 3479//4249 3468//4249 3466//4249
f 3466//4249 3477//4249 3479//4249
f 3480//4250 3469//4250 3468//4250
f 3468//4250 3479//4250 3480//4250
f 3481//4251 3470//4251 3469//4251
f 3469//4251 3480//4251 3481//4251
f 3482//4252 3471//4252 3470//4252
f 3470//4252 3481//4252 3482//4252
f 3483//4253 3472//4253 3471//4253
f 3471//4253 3482//4253 3483//4253
f 3484//4254 3473//4254 3472//4254
f 3472//4254 3483//4254 3484//4254
f 3485//4255 3474//4255 3473//4255
f 3473//4255 3484//4255 3485//4255
f 3486//4256 3475//4256 3474//4256
f 3474//4256 3485//4256 3486//4256
f 3487//4257 3476//4257 3475//4257
f 3475//4257 3486//4257 3487//4257
f 3488//4258 3477//4258 3478//4258
f 3478//4258 3489//4258 3488//4258
f 3490//4259 3479//4259 3477//4259
f 3477//4259 3488//4259 3490//4259
f 3491//4260 3480//4260 3479//4260
f 3479//4260 3490//4260 3491//4260
f 3492//4261 3481//4261 3480//4261
f 3480//4261 3491//4261 3492//4261
f 3493//4262 3482//4262 3481//4262
f 3481//4262 3492//4262 3493//4262
f 3494//4263 3483//4263 3482//4263
f 3482//4263 3493//4263 3494//4263
f 3495//4264 3484//4264 3483//4264
f 3483//4264 3494//4264 3495//4264
f 3496//4265 3485//4265 3484//4265
f 3484//4265 3495//4265 3496//4265
f 3497//4266 3486//4266 3485//4266
f 3485//4266 3496//4266 3497//4266
f 3498//4267 3487//4267 3486//4267
f 3486//4267 3497//4267 3498//4267
f 3499//4268 3488//4268 3489//4268
f 3489//4268 3500//4268 3499//4268
f 3501//4269 3490//4269 3488//4269
f 3488//4269 3499//4269 3501//4269
f 3502//4270 3491//4270 3490//4270
f 3490//4270 3501//4270 3502//4270
f 3503//4271 3492//4271 3491//4271
f 3491//4271 3502//4271 3503//4271
f 3504//4272 3493//4272 3492//4272
f 3492//4272 3503//4272 3504//4272
f 3505//4273 3494//4273 3493//4273
f 3493//4273 3504//4273 3505//4273
f 3506//4274 3495//4274 3494//4274
f 3494//4274 3505//4274 3506//4274
f 3507//4275 3496//4275 3495//4275
f 3495//4275 3506//4275 3507//4275
f 3508//4276 3497//4276 3496//4276
f 3496//4276 3507//4276 3508//4276
f 3509//4277 3498//4277 3497//4277
f 3497//4277 3508//4277 3509//4277
f 3510//4278 3499//4278 3500//4278
f 3500//4278 3511//4278 3510//4278
f 3512//4279 3501//4279 3499//4279
f 3499//4279 3510//4279 3512//4279
f 3513//4280 3502//4280 3501//4280
f 3501//4280 3512//4280 3513//4280
f 3514//4281 3503//4281 3502//4281
f 3502//4281 3513//4281 3514//4281
f 3515//4282 3504//4282 3503//4282
f 3503//4282 3514//4282 3515//4282
f 3516//4283 3505//4283 3504//4283
f 3504//4284 3515//4284 3516//4284
f 3517//4285 3506//4285 3505//4285
f 3505//4285 3516//4285 3517//4285
f 3518//4286 3507//4286 3506//4286
f 3506//4286 3517//4286 3518//4286
f 3519//4287 3508//4287 3507//4287
f 3507//4287 3518//4287 3519//4287
f 3520//4288 3509//4288 3508//4288
f 3508//4288 3519//4288 3520//4288
f 3521//4289 3510//4289 3511//4289
f 3511//4289 3522//4289 3521//4289
f 3523//4290 3512//4290 3510//4290
f 3510//4291 3521//4291 3523//4291
f 3524//4292 3513//4292 3512//4292
f 3512//4292 3523//4292 3524//4292
f 3525//4293 3514//4293 3513//4293
f 3513//4293 3524//4293 3525//4293
f 3526//4294 3515//4294 3514//4294
f 3514//4294 3525//4294 3526//4294
f 3527//4295 3516//4295 3515//4295
f 3515//4295 3526//4295 3527//4295
f 3528//4296 3517//4296 3516//4296
f 3516//4296 3527//4296 3528//4296
f 3529//4297 3518//4297 3517//4297
f 3517//4297 3528//4297 3529//4297
f 3530//4298 3519//4298 3518//4298
f 3518//4299 3529//4299 3530//4299
f 3531//4300 3520//4300 3519//4300
f 3519//4300 3530//4300 3531//4300
f 3532//4301 3521//4301 3522//4301
f 3522//4301 1156//4301 3532//4301
f 3533//4302 3523//4302 3521//4302
f 3521//4302 3532//4302 3533//4302
f 3534//4303 3524//4303 3523//4303
f 3523//4303 3533//4303 3534//4303
f 3535//4304 3525//4304 3524//4304
f 3524//4304 3534//4304 3535//4304
f 1151//4305 3526//4305 3525//4305
f 3525//4305 3535//4305 1151//4305
f 3536//4306 3527//4306 3526//4306
f 3526//4306 1151//4306 3536//4306
f 3537//4307 3528//4307 3527//4307
f 3527//4307 3536//4307 3537//4307
f 3538//4308 3529//4308 3528//4308
f 3528//4308 3537//4308 3538//4308
f 3539//4309 3530//4309 3529//4309
f 3529//4309 3538//4309 3539//4309
f 1038//4310 3531//4310 3530//4310
f 3530//4310 3539//4310 1038//4310
f 3220//4311 3540//4311 3541//4311
f 3220//4312 3541//4312 3542//4312
f 3220//4313 3542//4313 3543//4313
f 3220//4314 3543//4314 3544//4314
f 3220//4315 3544//4315 3545//4315
f 3220//4316 3545//4316 3546//4316
f 3220//4317 3546//4317 3547//4317
f 3220//4318 3547//4318 3548//4318
f 3220//4319 3548//4319 3549//4319
f 3220//4320 3549//4320 3550//4320
f 3551//4321 3541//4321 3540//4321
f 3540//4321 3454//4321 3551//4321
f 3552//4322 3542//4322 3541//4322
f 3541//4322 3551//4322 3552//4322
f 3553//4323 3543//4323 3542//4323
f 3542//4323 3552//4323 3553//4323
f 3554//4324 3544//4324 3543//4324
f 3543//4324 3553//4324 3554//4324
f 3555//4325 3545//4325 3544//4325
f 3544//4325 3554//4325 3555//4325
f 3556//4326 3546//4326 3545//4326
f 3545//4326 3555//4326 3556//4326
f 3557//4327 3547//4327 3546//4327
f 3546//4328 3556//4328 3557//4328
f 3558//4329 3548//4329 3547//4329
f 3547//4329 3557//4329 3558//4329
f 3559//4330 3549//4330 3548//4330
f 3548//4330 3558//4330 3559//4330
f 3233//4331 3550//4331 3549//4331
f 3549//4332 3559//4332 3233//4332
f 3560//4333 3551//4333 3454//4333
f 3454//4333 3561//4333 3560//4333
f 3562//4334 3552//4334 3551//4334
f 3551//4334 3560//4334 3562//4334
f 3563//4335 3553//4335 3552//4335
f 3552//4335 3562//4335 3563//4335
f 3564//4336 3554//4336 3553//4336
f 3553//4336 3563//4336 3564//4336
f 3565//4337 3555//4337 3554//4337
f 3554//4337 3564//4337 3565//4337
f 3566//4338 3556//4338 3555//4338
f 3555//4338 3565//4338 3566//4338
f 3567//4339 3557//4339 3556//4339
f 3556//4339 3566//4339 3567//4339
f 3568//4340 3558//4340 3557//4340
f 3557//4340 3567//4340 3568//4340
f 3569//4341 3559//4341 3558//4341
f 3558//4341 3568//4341 3569//4341
f 3570//4342 3233//4342 3559//4342
f 3559//4342 3569//4342 3570//4342
f 3571//4343 3560//4343 3561//4343
f 3561//4343 3572//4343 3571//4343
f 3573//4344 3562//4344 3560//4344
f 3560//4344 3571//4344 3573//4344
f 3574//4345 3563//4345 3562//4345
f 3562//4345 3573//4345 3574//4345
f 3575//4346 3564//4346 3563//4346
f 3563//4346 3574//4346 3575//4346
f 3576//4347 3565//4347 3564//4347
f 3564//4347 3575//4347 3576//4347
f 3577//4348 3566//4348 3565//4348
f 3565//4348 3576//4348 3577//4348
f 3578//4349 3567//4349 3566//4349
f 3566//4349 3577//4349 3578//4349
f 3579//4350 3568//4350 3567//4350
f 3567//4350 3578//4350 3579//4350
f 3580//4351 3569//4351 3568//4351
f 3568//4351 3579//4351 3580//4351
f 3581//4352 3570//4352 3569//4352
f 3569//4352 3580//4352 3581//4352
f 3582//4353 3571//4353 3572//4353
f 3572//4353 3583//4353 3582//4353
f 3584//4354 3573//4354 3571//4354
f 3571//4354 3582//4354 3584//4354
f 3585//4355 3574//4355 3573//4355
f 3573//4355 3584//4355 3585//4355
f 3586//4356 3575//4356 3574//4356
f 3574//4356 3585//4356 3586//4356
f 3587//4357 3576//4357 3575//4357
f 3575//4357 3586//4357 3587//4357
f 3588//4358 3577//4358 3576//4358
f 3576//4358 3587//4358 3588//4358
f 3589//4359 3578//4359 3577//4359
f 3577//4359 3588//4359 3589//4359
f 3590//4360 3579//4360 3578//4360
f 3578//4360 3589//4360 3590//4360
f 3591//4361 3580//4361 3579//4361
f 3579//4361 3590//4361 3591//4361
f 3592//4362 3581//4362 3580//4362
f 3580//4362 3591//4362 3592//4362
f 3593//4363 3582//4363 3583//4363
f 3583//4363 3594//4363 3593//4363
f 3595//4364 3584//4364 3582//4364
f 3582//4364 3593//4364 3595//4364
f 3596//4365 3585//4365 3584//4365
f 3584//4365 3595//4365 3596//4365
f 3597//4366 3586//4366 3585//4366
f 3585//4366 3596//4366 3597//4366
f 3598//4367 3587//4367 3586//4367
f 3586//4367 3597//4367 3598//4367
f 3599//4368 3588//4368 3587//4368
f 3587//4368 3598//4368 3599//4368
f 3600//4369 3589//4369 3588//4369
f 3588//4369 3599//4369 3600//4369
f 3601//4370 3590//4370 3589//4370
f 3589//4370 3600//4370 3601//4370
f 3602//4371 3591//4371 3590//4371
f 3590//4371 3601//4371 3602//4371
f 3603//4372 3592//4372 3591//4372
f 3591//4372 3602//4372 3603//4372
f 3604//4373 3593//4373 3594//4373
f 3594//4373 3605//4373 3604//4373
f 3606//4374 3595//4374 3593//4374
f 3593//4374 3604//4374 3606//4374
f 3607//4375 3596//4375 3595//4375
f 3595//4375 3606//4375 3607//4375
f 3608//4376 3597//4376 3596//4376
f 3596//4376 3607//4376 3608//4376
f 3609//4377 3598//4377 3597//4377
f 3597//4377 3608//4377 3609//4377
f 3610//4378 3599//4378 3598//4378
f 3598//4378 3609//4378 3610//4378
f 3611//4379 3600//4379 3599//4379
f 3599//4379 3610//4379 3611//4379
f 3612//4380 3601//4380 3600//4380
f 3600//4380 3611//4380 3612//4380
f 3613//4381 3602//4381 3601//4381
f 3601//4381 3612//4381 3613//4381
f 3614//4382 3603//4382 3602//4382
f 3602//4382 3613//4382 3614//4382
f 3615//4383 3604//4383 3605//4383
f 3605//4383 3616//4383 3615//4383
f 3617//4384 3606//4384 3604//4384
f 3604//4384 3615//4384 3617//4384
f 3618//4385 3607//4385 3606//4385
f 3606//4385 3617//4385 3618//4385
f 3619//4386 3608//4386 3607//4386
f 3607//4386 3618//4386 3619//4386
f 3620//4387 3609//4387 3608//4387
f 3608//4388 3619//4388 3620//4388
f 3621//4389 3610//4389 3609//4389
f 3609//4389 3620//4389 3621//4389
f 3622//4390 3611//4390 3610//4390
f 3610//4390 3621//4390 3622//4390
f 3623//4391 3612//4391 3611//4391
f 3611//4391 3622//4391 3623//4391
f 3624//4392 3613//4392 3612//4392
f 3612//4392 3623//4392 3624//4392
f 3625//4393 3614//4393 3613//4393
f 3613//4393 3624//4393 3625//4393
f 3626//4394 3615//4394 3616//4394
f 3616//4394 3627//4394 3626//4394
f 3628//4395 3617//4395 3615//4395
f 3615//4396 3626//4396 3628//4396
f 3629//4397 3618//4397 3617//4397
f 3617//4397 3628//4397 3629//4397
f 3630//4398 3619//4398 3618//4398
f 3618//4398 3629//4398 3630//4398
f 3631//4399 3620//4399 3619//4399
f 3619//4399 3630//4399 3631//4399
f 3632//4400 3621//4400 3620//4400
f 3620//4400 3631//4400 3632//4400
f 3633//4401 3622//4401 3621//4401
f 3621//4401 3632//4401 3633//4401
f 3634//4402 3623//4402 3622//4402
f 3622//4402 3633//4402 3634//4402
f 3635//4403 3624//4403 3623//4403
f 3623//4404 3634//4404 3635//4404
f 3636//4405 3625//4405 3624//4405
f 3624//4405 3635//4405 3636//4405
f 3637//4406 3626//4406 3627//4406
f 3627//4406 1038//4406 3637//4406
f 3638//4407 3628//4407 3626//4407
f 3626//4407 3637//4407 3638//4407
f 3639//4408 3629//4408 3628//4408
f 3628//4408 3638//4408 3639//4408
f 3640//4409 3630//4409 3629//4409
f 3629//4409 3639//4409 3640//4409
f 1033//4410 3631//4410 3630//4410
f 3630//4410 3640//4410 1033//4410
f 3641//4411 3632//4411 3631//4411
f 3631//4411 1033//4411 3641//4411
f 3642//4412 3633//4412 3632//4412
f 3632//4412 3641//4412 3642//4412
f 3643//4413 3634//4413 3633//4413
f 3633//4413 3642//4413 3643//4413
f 3644//4414 3635//4414 3634//4414
f 3634//4414 3643//4414 3644//4414
f 1392//4415 3636//4415 3635//4415
f 3635//4415 3644//4415 1392//4415
