# Blender v3.2.2 OBJ File: ''
# www.blender.org
o teapot
v -1.368074 1.035437 0.227403
v -1.381968 1.000000 0.229712
v -1.400000 1.000000 0.000000
v -1.385925 1.035437 0.000000
v -1.316296 1.035437 0.442166
v -1.329664 1.000000 0.446656
v -1.233252 1.035437 0.641628
v -1.245776 1.000000 0.648144
v -1.121601 1.035437 0.823129
v -1.132992 1.000000 0.831488
v -0.984007 1.035437 0.984007
v -0.994000 1.000000 0.994000
v -0.823129 1.035437 1.121601
v -0.831488 1.000000 1.132992
v -0.641628 1.035437 1.233252
v -0.648144 1.000000 1.245776
v -0.442166 1.035437 1.316296
v -0.446656 1.000000 1.329664
v -0.227403 1.035437 1.368074
v -0.229712 1.000000 1.381968
v 0.000000 1.035437 1.385925
v 0.000000 1.000000 1.400000
v -1.362620 1.063000 0.226496
v -1.380400 1.063000 0.000000
v -1.311049 1.063000 0.440403
v -1.228335 1.063000 0.639070
v -1.117130 1.063000 0.819847
v -0.980084 1.063000 0.980084
v -0.819847 1.063000 1.117130
v -0.639070 1.063000 1.228335
v -0.440403 1.063000 1.311049
v -0.226496 1.063000 1.362620
v 0.000000 1.063000 1.380400
v -1.364422 1.082687 0.226795
v -1.382225 1.082687 0.000000
v -1.312782 1.082687 0.440985
v -1.229959 1.082687 0.639915
v -1.118607 1.082687 0.820931
v -0.981380 1.082687 0.981380
v -0.820931 1.082687 1.118607
v -0.639915 1.082687 1.229959
v -0.440985 1.082687 1.312782
v -0.226795 1.082687 1.364422
v 0.000000 1.082687 1.382225
v -1.372294 1.094500 0.228104
v -1.390200 1.094500 0.000000
v -1.320356 1.094500 0.443529
v -1.237056 1.094500 0.643607
v -1.125061 1.094500 0.825668
v -0.987042 1.094500 0.987042
v -0.825668 1.094500 1.125061
v -0.643607 1.094500 1.237056
v -0.443529 1.094500 1.320356
v -0.228104 1.094500 1.372294
v 0.000000 1.094500 1.390200
v -1.385053 1.098438 0.230225
v -1.403125 1.098438 0.000000
v -1.332632 1.098438 0.447653
v -1.248557 1.098438 0.649591
v -1.135521 1.098438 0.833344
v -0.996219 1.098438 0.996219
v -0.833344 1.098438 1.135521
v -0.649591 1.098438 1.248557
v -0.447653 1.098438 1.332632
v -0.230225 1.098438 1.385053
v 0.000000 1.098438 1.403125
v -1.401513 1.094500 0.232961
v -1.419800 1.094500 0.000000
v -1.348469 1.094500 0.452973
v -0.452973 1.094500 1.348469
v -0.232961 1.094500 1.401513
v 0.000000 1.094500 1.419800
v -1.420490 1.082687 0.236115
v -1.439025 1.082687 0.000000
v -1.366728 1.082687 0.459107
v -1.280502 1.082687 0.666211
v -1.164574 1.082687 0.854666
v -1.021708 1.082687 1.021708
v -0.854666 1.082687 1.164574
v -0.666211 1.082687 1.280502
v -0.459107 1.082687 1.366728
v -0.236115 1.082687 1.420490
v 0.000000 1.082687 1.439025
v -1.440800 1.063000 0.239491
v -1.459600 1.063000 0.000000
v -1.386270 1.063000 0.465671
v -1.298810 1.063000 0.675736
v -1.181225 1.063000 0.866886
v -1.036316 1.063000 1.036316
v -0.866886 1.063000 1.181225
v -0.675736 1.063000 1.298810
v -0.465671 1.063000 1.386270
v -0.239491 1.063000 1.440800
v 0.000000 1.063000 1.459600
v -1.461258 1.035437 0.242892
v -1.480325 1.035437 0.000000
v -1.405953 1.035437 0.472283
v -1.317252 1.035437 0.685331
v -1.197997 1.035437 0.879195
v -1.051031 1.035437 1.051031
v -0.879195 1.035437 1.197997
v -0.685331 1.035437 1.317252
v -0.472283 1.035437 1.405953
v -0.242892 1.035437 1.461258
v 0.000000 1.035437 1.480325
v -1.480680 1.000000 0.246120
v -1.500000 1.000000 0.000000
v -1.424640 1.000000 0.478560
v -1.334760 1.000000 0.694440
v -1.213920 1.000000 0.890880
v -1.065000 1.000000 1.065000
v -0.890880 1.000000 1.213920
v -0.694440 1.000000 1.334760
v -0.478560 1.000000 1.424640
v -0.246120 1.000000 1.480680
v 0.000000 1.000000 1.500000
v 0.227403 1.035437 1.368074
v 0.229712 1.000000 1.381968
v 0.442166 1.035437 1.316296
v 0.446656 1.000000 1.329664
v 0.641628 1.035437 1.233252
v 0.648144 1.000000 1.245776
v 0.823129 1.035437 1.121601
v 0.831488 1.000000 1.132992
v 0.984007 1.035437 0.984007
v 0.994000 1.000000 0.994000
v 1.121601 1.035437 0.823129
v 1.132992 1.000000 0.831488
v 1.233252 1.035437 0.641628
v 1.245776 1.000000 0.648144
v 1.316296 1.035437 0.442166
v 1.329664 1.000000 0.446656
v 1.368074 1.035437 0.227403
v 1.381968 1.000000 0.229712
v 1.385925 1.035437 0.000000
v 1.400000 1.000000 0.000000
v 0.226496 1.063000 1.362620
v 0.440403 1.063000 1.311049
v 0.639070 1.063000 1.228335
v 0.819847 1.063000 1.117130
v 0.980084 1.063000 0.980084
v 1.117130 1.063000 0.819847
v 1.228335 1.063000 0.639070
v 1.311049 1.063000 0.440403
v 1.362620 1.063000 0.226496
v 1.380400 1.063000 0.000000
v 0.226795 1.082687 1.364422
v 0.440985 1.082687 1.312782
v 0.639915 1.082687 1.229959
v 0.820931 1.082687 1.118607
v 0.981380 1.082687 0.981380
v 1.118607 1.082687 0.820931
v 1.229959 1.082687 0.639915
v 1.312782 1.082687 0.440985
v 1.364422 1.082687 0.226795
v 1.382225 1.082687 0.000000
v 0.228104 1.094500 1.372294
v 0.443529 1.094500 1.320356
v 0.643607 1.094500 1.237056
v 0.825668 1.094500 1.125061
v 0.987042 1.094500 0.987042
v 1.125061 1.094500 0.825668
v 1.237056 1.094500 0.643607
v 1.320356 1.094500 0.443529
v 1.372294 1.094500 0.228104
v 1.390200 1.094500 0.000000
v 0.230225 1.098438 1.385053
v 0.447653 1.098438 1.332632
v 0.649591 1.098438 1.248557
v 0.833344 1.098438 1.135521
v 0.996219 1.098438 0.996219
v 1.135521 1.098438 0.833344
v 1.248557 1.098438 0.649591
v 1.332632 1.098438 0.447653
v 1.385053 1.098438 0.230225
v 1.403125 1.098438 0.000000
v 0.232961 1.094500 1.401513
v 0.452973 1.094500 1.348469
v 1.348469 1.094500 0.452973
v 1.401513 1.094500 0.232961
v 1.419800 1.094500 0.000000
v 0.236115 1.082687 1.420490
v 0.459107 1.082687 1.366728
v 0.666211 1.082687 1.280502
v 0.854666 1.082687 1.164574
v 1.021708 1.082687 1.021708
v 1.164574 1.082687 0.854666
v 1.280502 1.082687 0.666211
v 1.366728 1.082687 0.459107
v 1.420490 1.082687 0.236115
v 1.439025 1.082687 0.000000
v 0.239491 1.063000 1.440800
v 0.465671 1.063000 1.386270
v 0.675736 1.063000 1.298810
v 0.866886 1.063000 1.181225
v 1.036316 1.063000 1.036316
v 1.181225 1.063000 0.866886
v 1.298810 1.063000 0.675736
v 1.386270 1.063000 0.465671
v 1.440800 1.063000 0.239491
v 1.459600 1.063000 0.000000
v 0.242892 1.035437 1.461258
v 0.472283 1.035437 1.405953
v 0.685331 1.035437 1.317252
v 0.879195 1.035437 1.197997
v 1.051031 1.035437 1.051031
v 1.197997 1.035437 0.879195
v 1.317252 1.035437 0.685331
v 1.405953 1.035437 0.472283
v 1.461258 1.035437 0.242892
v 1.480325 1.035437 0.000000
v 0.246120 1.000000 1.480680
v 0.478560 1.000000 1.424640
v 0.694440 1.000000 1.334760
v 0.890880 1.000000 1.213920
v 1.065000 1.000000 1.065000
v 1.213920 1.000000 0.890880
v 1.334760 1.000000 0.694440
v 1.424640 1.000000 0.478560
v 1.480680 1.000000 0.246120
v 1.500000 1.000000 0.000000
v 1.368074 1.035437 -0.227403
v 1.381968 1.000000 -0.229712
v 1.316296 1.035437 -0.442166
v 1.329664 1.000000 -0.446656
v 1.233252 1.035437 -0.641628
v 1.245776 1.000000 -0.648144
v 1.121601 1.035437 -0.823129
v 1.132992 1.000000 -0.831488
v 0.984007 1.035437 -0.984007
v 0.994000 1.000000 -0.994000
v 0.823129 1.035437 -1.121601
v 0.831488 1.000000 -1.132992
v 0.641628 1.035437 -1.233252
v 0.648144 1.000000 -1.245776
v 0.442166 1.035437 -1.316296
v 0.446656 1.000000 -1.329664
v 0.227403 1.035437 -1.368074
v 0.229712 1.000000 -1.381968
v 0.000000 1.035437 -1.385925
v 0.000000 1.000000 -1.400000
v 1.362620 1.063000 -0.226496
v 1.311049 1.063000 -0.440403
v 1.228335 1.063000 -0.639070
v 1.117130 1.063000 -0.819847
v 0.980084 1.063000 -0.980084
v 0.819847 1.063000 -1.117130
v 0.639070 1.063000 -1.228335
v 0.440403 1.063000 -1.311049
v 0.226496 1.063000 -1.362620
v 0.000000 1.063000 -1.380400
v 1.364422 1.082687 -0.226795
v 1.312782 1.082687 -0.440985
v 1.229959 1.082687 -0.639915
v 1.118607 1.082687 -0.820931
v 0.981380 1.082687 -0.981380
v 0.820931 1.082687 -1.118607
v 0.639915 1.082687 -1.229959
v 0.440985 1.082687 -1.312782
v 0.226795 1.082687 -1.364422
v 0.000000 1.082687 -1.382225
v 1.372294 1.094500 -0.228104
v 1.320356 1.094500 -0.443529
v 1.237056 1.094500 -0.643607
v 1.125061 1.094500 -0.825668
v 0.987042 1.094500 -0.987042
v 0.825668 1.094500 -1.125061
v 0.643607 1.094500 -1.237056
v 0.443529 1.094500 -1.320356
v 0.228104 1.094500 -1.372294
v 0.000000 1.094500 -1.390200
v 1.385053 1.098438 -0.230225
v 1.332632 1.098438 -0.447653
v 1.248557 1.098438 -0.649591
v 1.135521 1.098438 -0.833344
v 0.996219 1.098438 -0.996219
v 0.833344 1.098438 -1.135521
v 0.649591 1.098438 -1.248557
v 0.447653 1.098438 -1.332632
v 0.230225 1.098438 -1.385053
v 0.000000 1.098438 -1.403125
v 1.401513 1.094500 -0.232961
v 1.348469 1.094500 -0.452973
v 0.452973 1.094500 -1.348469
v 0.232961 1.094500 -1.401513
v 0.000000 1.094500 -1.419800
v 1.420490 1.082687 -0.236115
v 1.366728 1.082687 -0.459107
v 1.280502 1.082687 -0.666211
v 1.164574 1.082687 -0.854666
v 1.021708 1.082687 -1.021708
v 0.854666 1.082687 -1.164574
v 0.666211 1.082687 -1.280502
v 0.459107 1.082687 -1.366728
v 0.236115 1.082687 -1.420490
v 0.000000 1.082687 -1.439025
v 1.440800 1.063000 -0.239491
v 1.386270 1.063000 -0.465671
v 1.298810 1.063000 -0.675736
v 1.181225 1.063000 -0.866886
v 1.036316 1.063000 -1.036316
v 0.866886 1.063000 -1.181225
v 0.675736 1.063000 -1.298810
v 0.465671 1.063000 -1.386270
v 0.239491 1.063000 -1.440800
v 0.000000 1.063000 -1.459600
v 1.461258 1.035437 -0.242892
v 1.405953 1.035437 -0.472283
v 1.317252 1.035437 -0.685331
v 1.197997 1.035437 -0.879195
v 1.051031 1.035437 -1.051031
v 0.879195 1.035437 -1.197997
v 0.685331 1.035437 -1.317252
v 0.472283 1.035437 -1.405953
v 0.242892 1.035437 -1.461258
v 0.000000 1.035437 -1.480325
v 1.480680 1.000000 -0.246120
v 1.424640 1.000000 -0.478560
v 1.334760 1.000000 -0.694440
v 1.213920 1.000000 -0.890880
v 1.065000 1.000000 -1.065000
v 0.890880 1.000000 -1.213920
v 0.694440 1.000000 -1.334760
v 0.478560 1.000000 -1.424640
v 0.246120 1.000000 -1.480680
v 0.000000 1.000000 -1.500000
v -0.227403 1.035437 -1.368074
v -0.229712 1.000000 -1.381968
v -0.442166 1.035437 -1.316296
v -0.446656 1.000000 -1.329664
v -0.641628 1.035437 -1.233252
v -0.648144 1.000000 -1.245776
v -0.823129 1.035437 -1.121601
v -0.831488 1.000000 -1.132992
v -0.984007 1.035437 -0.984007
v -0.994000 1.000000 -0.994000
v -1.121601 1.035437 -0.823129
v -1.132992 1.000000 -0.831488
v -1.233252 1.035437 -0.641628
v -1.245776 1.000000 -0.648144
v -1.316296 1.035437 -0.442166
v -1.329664 1.000000 -0.446656
v -1.368074 1.035437 -0.227403
v -1.381968 1.000000 -0.229712
v -0.226496 1.063000 -1.362620
v -0.440403 1.063000 -1.311049
v -0.639070 1.063000 -1.228335
v -0.819847 1.063000 -1.117130
v -0.980084 1.063000 -0.980084
v -1.117130 1.063000 -0.819847
v -1.228335 1.063000 -0.639070
v -1.311049 1.063000 -0.440403
v -1.362620 1.063000 -0.226496
v -0.226795 1.082687 -1.364422
v -0.440985 1.082687 -1.312782
v -0.639915 1.082687 -1.229959
v -0.820931 1.082687 -1.118607
v -0.981380 1.082687 -0.981380
v -1.118607 1.082687 -0.820931
v -1.229959 1.082687 -0.639915
v -1.312782 1.082687 -0.440985
v -1.364422 1.082687 -0.226795
v -0.228104 1.094500 -1.372294
v -0.443529 1.094500 -1.320356
v -0.643607 1.094500 -1.237056
v -0.825668 1.094500 -1.125061
v -0.987042 1.094500 -0.987042
v -1.125061 1.094500 -0.825668
v -1.237056 1.094500 -0.643607
v -1.320356 1.094500 -0.443529
v -1.372294 1.094500 -0.228104
v -0.230225 1.098438 -1.385053
v -0.447653 1.098438 -1.332632
v -0.649591 1.098438 -1.248557
v -0.833344 1.098438 -1.135521
v -0.996219 1.098438 -0.996219
v -1.135521 1.098438 -0.833344
v -1.248557 1.098438 -0.649591
v -1.332632 1.098438 -0.447653
v -1.385053 1.098438 -0.230225
v -0.232961 1.094500 -1.401513
v -0.452973 1.094500 -1.348469
v -1.348469 1.094500 -0.452973
v -1.401513 1.094500 -0.232961
v -0.236115 1.082687 -1.420490
v -0.459107 1.082687 -1.366728
v -0.666211 1.082687 -1.280502
v -0.854666 1.082687 -1.164574
v -1.021708 1.082687 -1.021708
v -1.164574 1.082687 -0.854666
v -1.280502 1.082687 -0.666211
v -1.366728 1.082687 -0.459107
v -1.420490 1.082687 -0.236115
v -0.239491 1.063000 -1.440800
v -0.465671 1.063000 -1.386270
v -0.675736 1.063000 -1.298810
v -0.866886 1.063000 -1.181225
v -1.036316 1.063000 -1.036316
v -1.181225 1.063000 -0.866886
v -1.298810 1.063000 -0.675736
v -1.386270 1.063000 -0.465671
v -1.440800 1.063000 -0.239491
v -0.242892 1.035437 -1.461258
v -0.472283 1.035437 -1.405953
v -0.685331 1.035437 -1.317252
v -0.879195 1.035437 -1.197997
v -1.051031 1.035437 -1.051031
v -1.197997 1.035437 -0.879195
v -1.317252 1.035437 -0.685331
v -1.405953 1.035437 -0.472283
v -1.461258 1.035437 -0.242892
v -0.246120 1.000000 -1.480680
v -0.478560 1.000000 -1.424640
v -0.694440 1.000000 -1.334760
v -0.890880 1.000000 -1.213920
v -1.065000 1.000000 -1.065000
v -1.213920 1.000000 -0.890880
v -1.334760 1.000000 -0.694440
v -1.424640 1.000000 -0.478560
v -1.480680 1.000000 -0.246120
v -1.820003 0.221875 0.302523
v -1.843750 0.221875 0.000000
v -1.751120 0.221875 0.588230
v -1.640643 0.221875 0.853583
v -1.492110 0.221875 1.095040
v -1.309063 0.221875 1.309063
v -1.095040 0.221875 1.492110
v -0.853583 0.221875 1.640643
v -0.588230 0.221875 1.751120
v -0.302522 0.221875 1.820003
v 0.000000 0.221875 1.843750
v -1.914272 -0.076775 0.318192
v -1.939250 -0.076775 -0.000000
v -1.841822 -0.076775 0.618698
v -1.725622 -0.076775 0.897795
v -1.569396 -0.076775 1.151759
v -1.376867 -0.076775 1.376868
v -1.151759 -0.076775 1.569396
v -0.897795 -0.076775 1.725622
v -0.618698 -0.076775 1.841822
v -0.318192 -0.076775 1.914272
v 0.000000 -0.076775 1.939250
v -1.967083 -0.362825 0.326970
v -1.992750 -0.362825 -0.000000
v -1.892634 -0.362825 0.635767
v -1.773229 -0.362825 0.922564
v -1.612693 -0.362825 1.183534
v -1.414853 -0.362825 1.414853
v -1.183534 -0.362825 1.612693
v -0.922564 -0.362825 1.773229
v -0.635767 -0.362825 1.892634
v -0.326970 -0.362825 1.967083
v 0.000000 -0.362825 1.992750
v -1.974240 -0.500000 0.328160
v -2.000000 -0.500000 -0.000000
v -1.899520 -0.500000 0.638080
v -1.779680 -0.500000 0.925920
v -1.618560 -0.500000 1.187840
v -1.420000 -0.500000 1.420000
v -1.187840 -0.500000 1.618560
v -0.925920 -0.500000 1.779680
v -0.638080 -0.500000 1.899520
v -0.328160 -0.500000 1.974240
v 0.000000 -0.500000 2.000000
v 0.302523 0.221875 1.820003
v 0.588230 0.221875 1.751120
v 0.853583 0.221875 1.640643
v 1.095040 0.221875 1.492110
v 1.309063 0.221875 1.309063
v 1.492110 0.221875 1.095040
v 1.640643 0.221875 0.853583
v 1.751120 0.221875 0.588230
v 1.820003 0.221875 0.302522
v 1.843750 0.221875 0.000000
v 0.318192 -0.076775 1.914272
v 0.618698 -0.076775 1.841822
v 0.897795 -0.076775 1.725622
v 1.151759 -0.076775 1.569396
v 1.376868 -0.076775 1.376867
v 1.569396 -0.076775 1.151759
v 1.725622 -0.076775 0.897795
v 1.841822 -0.076775 0.618698
v 1.914272 -0.076775 0.318192
v 1.939250 -0.076775 -0.000000
v 0.326970 -0.362825 1.967083
v 0.635767 -0.362825 1.892634
v 0.922564 -0.362825 1.773229
v 1.183534 -0.362825 1.612693
v 1.414853 -0.362825 1.414853
v 1.612693 -0.362825 1.183534
v 1.773229 -0.362825 0.922564
v 1.892634 -0.362825 0.635767
v 1.967083 -0.362825 0.326970
v 1.992750 -0.362825 -0.000000
v 0.328160 -0.500000 1.974240
v 0.638080 -0.500000 1.899520
v 0.925920 -0.500000 1.779680
v 1.187840 -0.500000 1.618560
v 1.420000 -0.500000 1.420000
v 1.618560 -0.500000 1.187840
v 1.779680 -0.500000 0.925920
v 1.899520 -0.500000 0.638080
v 1.974240 -0.500000 0.328160
v 2.000000 -0.500000 -0.000000
v 1.820003 0.221875 -0.302523
v 1.751120 0.221875 -0.588230
v 1.640643 0.221875 -0.853583
v 1.492110 0.221875 -1.095040
v 1.309063 0.221875 -1.309063
v 1.095040 0.221875 -1.492110
v 0.853583 0.221875 -1.640643
v 0.588230 0.221875 -1.751120
v 0.302522 0.221875 -1.820003
v 0.000000 0.221875 -1.843750
v 1.914272 -0.076775 -0.318192
v 1.841822 -0.076775 -0.618698
v 1.725622 -0.076775 -0.897795
v 1.569396 -0.076775 -1.151759
v 1.376867 -0.076775 -1.376868
v 1.151759 -0.076775 -1.569396
v 0.897795 -0.076775 -1.725622
v 0.618698 -0.076775 -1.841822
v 0.318192 -0.076775 -1.914272
v 0.000000 -0.076775 -1.939250
v 1.967083 -0.362825 -0.326970
v 1.892634 -0.362825 -0.635767
v 1.773229 -0.362825 -0.922564
v 1.612693 -0.362825 -1.183534
v 1.414853 -0.362825 -1.414853
v 1.183534 -0.362825 -1.612693
v 0.922564 -0.362825 -1.773229
v 0.635767 -0.362825 -1.892634
v 0.326970 -0.362825 -1.967083
v 0.000000 -0.362825 -1.992750
v 1.974240 -0.500000 -0.328160
v 1.899520 -0.500000 -0.638080
v 1.779680 -0.500000 -0.925920
v 1.618560 -0.500000 -1.187840
v 1.420000 -0.500000 -1.420000
v 1.187840 -0.500000 -1.618560
v 0.925920 -0.500000 -1.779680
v 0.638080 -0.500000 -1.899520
v 0.328160 -0.500000 -1.974240
v 0.000000 -0.500000 -2.000000
v -0.302523 0.221875 -1.820003
v -0.588230 0.221875 -1.751120
v -0.853583 0.221875 -1.640643
v -1.095040 0.221875 -1.492110
v -1.309063 0.221875 -1.309063
v -1.492110 0.221875 -1.095040
v -1.640643 0.221875 -0.853583
v -1.751120 0.221875 -0.588230
v -1.820003 0.221875 -0.302522
v -0.318192 -0.076775 -1.914272
v -0.618698 -0.076775 -1.841822
v -0.897795 -0.076775 -1.725622
v -1.151759 -0.076775 -1.569396
v -1.376868 -0.076775 -1.376867
v -1.569396 -0.076775 -1.151759
v -1.725622 -0.076775 -0.897795
v -1.841822 -0.076775 -0.618698
v -1.914272 -0.076775 -0.318192
v -0.326970 -0.362825 -1.967083
v -0.635767 -0.362825 -1.892634
v -0.922564 -0.362825 -1.773229
v -1.183534 -0.362825 -1.612693
v -1.414853 -0.362825 -1.414853
v -1.612693 -0.362825 -1.183534
v -1.773229 -0.362825 -0.922564
v -1.892634 -0.362825 -0.635767
v -1.967083 -0.362825 -0.326970
v -0.328160 -0.500000 -1.974240
v -0.638080 -0.500000 -1.899520
v -0.925920 -0.500000 -1.779680
v -1.187840 -0.500000 -1.618560
v -1.420000 -0.500000 -1.420000
v -1.618560 -0.500000 -1.187840
v -1.779680 -0.500000 -0.925920
v -1.899520 -0.500000 -0.638080
v -1.974240 -0.500000 -0.328160
v -1.960420 -0.628325 0.325863
v -1.986000 -0.628325 -0.000000
v -1.886223 -0.628325 0.633613
v -1.767222 -0.628325 0.919439
v -1.607230 -0.628325 1.179525
v -1.410060 -0.628325 1.410060
v -1.179525 -0.628325 1.607230
v -0.919439 -0.628325 1.767222
v -0.633613 -0.628325 1.886223
v -0.325863 -0.628325 1.960420
v 0.000000 -0.628325 1.986000
v -1.922910 -0.743600 0.319628
v -1.948000 -0.743600 -0.000000
v -1.850132 -0.743600 0.621490
v -1.733408 -0.743600 0.901846
v -1.576477 -0.743600 1.156956
v -1.383080 -0.743600 1.383080
v -1.156956 -0.743600 1.576477
v -0.901846 -0.743600 1.733408
v -0.621490 -0.743600 1.850132
v -0.319628 -0.743600 1.922910
v 0.000000 -0.743600 1.948000
v -1.867631 -0.846275 0.310439
v -1.892000 -0.846275 -0.000000
v -1.796946 -0.846275 0.603624
v -1.683577 -0.846275 0.875920
v -1.531158 -0.846275 1.123697
v -1.343320 -0.846275 1.343320
v -1.123697 -0.846275 1.531158
v -0.875920 -0.846275 1.683577
v -0.603624 -0.846275 1.796946
v -0.310439 -0.846275 1.867631
v 0.000000 -0.846275 1.892000
v -1.800507 -0.936800 0.299282
v -1.824000 -0.936800 -0.000000
v -1.732362 -0.936800 0.581929
v -1.623068 -0.936800 0.844439
v -1.476127 -0.936800 1.083310
v -1.295040 -0.936800 1.295040
v -1.083310 -0.936800 1.476127
v -0.844439 -0.936800 1.623068
v -0.581929 -0.936800 1.732362
v -0.299282 -0.936800 1.800507
v 0.000000 -0.936800 1.824000
v -1.727460 -1.015625 0.287140
v -1.750000 -1.015625 -0.000000
v -1.662080 -1.015625 0.558320
v -1.557220 -1.015625 0.810180
v -1.416240 -1.015625 1.039360
v -1.242500 -1.015625 1.242500
v -1.039360 -1.015625 1.416240
v -0.810180 -1.015625 1.557220
v -0.558320 -1.015625 1.662080
v -0.287140 -1.015625 1.727460
v 0.000000 -1.015625 1.750000
v -1.494500 -1.222925 0.248417
v -1.514000 -1.222925 -0.000000
v -1.437937 -1.222925 0.483027
v -1.347218 -1.222925 0.700921
v -1.225250 -1.222925 0.899195
v -1.074940 -1.222925 1.074940
v -0.899195 -1.222925 1.225250
v -0.700921 -1.222925 1.347218
v -0.483027 -1.222925 1.437937
v -0.248417 -1.222925 1.494500
v 0.000000 -1.222925 1.514000
v -1.480680 -1.250000 0.246120
v -1.500000 -1.250000 -0.000000
v -1.424640 -1.250000 0.478560
v -1.334760 -1.250000 0.694440
v -1.213920 -1.250000 0.890880
v -1.065000 -1.250000 1.065000
v -0.890880 -1.250000 1.213920
v -0.694440 -1.250000 1.334760
v -0.478560 -1.250000 1.424640
v -0.246120 -1.250000 1.480680
v 0.000000 -1.250000 1.500000
v 0.325863 -0.628325 1.960420
v 0.633613 -0.628325 1.886223
v 0.919439 -0.628325 1.767222
v 1.179525 -0.628325 1.607230
v 1.410060 -0.628325 1.410060
v 1.607230 -0.628325 1.179525
v 1.767222 -0.628325 0.919439
v 1.886223 -0.628325 0.633613
v 1.960420 -0.628325 0.325863
v 1.986000 -0.628325 -0.000000
v 0.319628 -0.743600 1.922910
v 0.621490 -0.743600 1.850132
v 0.901846 -0.743600 1.733408
v 1.156956 -0.743600 1.576477
v 1.383080 -0.743600 1.383080
v 1.576477 -0.743600 1.156956
v 1.733408 -0.743600 0.901846
v 1.850132 -0.743600 0.621490
v 1.922910 -0.743600 0.319628
v 1.948000 -0.743600 -0.000000
v 0.310439 -0.846275 1.867631
v 0.603624 -0.846275 1.796946
v 0.875920 -0.846275 1.683577
v 1.123697 -0.846275 1.531158
v 1.343320 -0.846275 1.343320
v 1.531158 -0.846275 1.123697
v 1.683577 -0.846275 0.875920
v 1.796946 -0.846275 0.603624
v 1.867631 -0.846275 0.310439
v 1.892000 -0.846275 -0.000000
v 0.299282 -0.936800 1.800507
v 0.581929 -0.936800 1.732362
v 0.844439 -0.936800 1.623068
v 1.083310 -0.936800 1.476127
v 1.295040 -0.936800 1.295040
v 1.476127 -0.936800 1.083310
v 1.623068 -0.936800 0.844439
v 1.732362 -0.936800 0.581929
v 1.800507 -0.936800 0.299282
v 1.824000 -0.936800 -0.000000
v 0.287140 -1.015625 1.727460
v 0.558320 -1.015625 1.662080
v 0.810180 -1.015625 1.557220
v 1.039360 -1.015625 1.416240
v 1.242500 -1.015625 1.242500
v 1.416240 -1.015625 1.039360
v 1.557220 -1.015625 0.810180
v 1.662080 -1.015625 0.558320
v 1.727460 -1.015625 0.287140
v 1.750000 -1.015625 -0.000000
v 0.248417 -1.222925 1.494500
v 0.483027 -1.222925 1.437937
v 0.700921 -1.222925 1.347218
v 0.899195 -1.222925 1.225250
v 1.074940 -1.222925 1.074940
v 1.225250 -1.222925 0.899195
v 1.347218 -1.222925 0.700921
v 1.437937 -1.222925 0.483027
v 1.494500 -1.222925 0.248417
v 1.514000 -1.222925 -0.000000
v 0.246120 -1.250000 1.480680
v 0.478560 -1.250000 1.424640
v 0.694440 -1.250000 1.334760
v 0.890880 -1.250000 1.213920
v 1.065000 -1.250000 1.065000
v 1.213920 -1.250000 0.890880
v 1.334760 -1.250000 0.694440
v 1.424640 -1.250000 0.478560
v 1.480680 -1.250000 0.246120
v 1.500000 -1.250000 -0.000000
v 1.960420 -0.628325 -0.325863
v 1.886223 -0.628325 -0.633613
v 1.767222 -0.628325 -0.919439
v 1.607230 -0.628325 -1.179525
v 1.410060 -0.628325 -1.410060
v 1.179525 -0.628325 -1.607230
v 0.919439 -0.628325 -1.767222
v 0.633613 -0.628325 -1.886223
v 0.325863 -0.628325 -1.960420
v 0.000000 -0.628325 -1.986000
v 1.922910 -0.743600 -0.319628
v 1.850132 -0.743600 -0.621490
v 1.733408 -0.743600 -0.901846
v 1.576477 -0.743600 -1.156956
v 1.383080 -0.743600 -1.383080
v 1.156956 -0.743600 -1.576477
v 0.901846 -0.743600 -1.733408
v 0.621490 -0.743600 -1.850132
v 0.319628 -0.743600 -1.922910
v 0.000000 -0.743600 -1.948000
v 1.867631 -0.846275 -0.310439
v 1.796946 -0.846275 -0.603624
v 1.683577 -0.846275 -0.875920
v 1.531158 -0.846275 -1.123697
v 1.343320 -0.846275 -1.343320
v 1.123697 -0.846275 -1.531158
v 0.875920 -0.846275 -1.683577
v 0.603624 -0.846275 -1.796946
v 0.310439 -0.846275 -1.867631
v 0.000000 -0.846275 -1.892000
v 1.800507 -0.936800 -0.299282
v 1.732362 -0.936800 -0.581929
v 1.623068 -0.936800 -0.844439
v 1.476127 -0.936800 -1.083310
v 1.295040 -0.936800 -1.295040
v 1.083310 -0.936800 -1.476127
v 0.844439 -0.936800 -1.623068
v 0.581929 -0.936800 -1.732362
v 0.299282 -0.936800 -1.800507
v 0.000000 -0.936800 -1.824000
v 1.727460 -1.015625 -0.287140
v 1.662080 -1.015625 -0.558320
v 1.557220 -1.015625 -0.810180
v 1.416240 -1.015625 -1.039360
v 1.242500 -1.015625 -1.242500
v 1.039360 -1.015625 -1.416240
v 0.810180 -1.015625 -1.557220
v 0.558320 -1.015625 -1.662080
v 0.287140 -1.015625 -1.727460
v 0.000000 -1.015625 -1.750000
v 1.494500 -1.222925 -0.248417
v 1.437937 -1.222925 -0.483027
v 1.347218 -1.222925 -0.700921
v 1.225250 -1.222925 -0.899195
v 1.074940 -1.222925 -1.074940
v 0.899195 -1.222925 -1.225250
v 0.700921 -1.222925 -1.347218
v 0.483027 -1.222925 -1.437937
v 0.248417 -1.222925 -1.494500
v 0.000000 -1.222925 -1.514000
v 1.480680 -1.250000 -0.246120
v 1.424640 -1.250000 -0.478560
v 1.334760 -1.250000 -0.694440
v 1.213920 -1.250000 -0.890880
v 1.065000 -1.250000 -1.065000
v 0.890880 -1.250000 -1.213920
v 0.694440 -1.250000 -1.334760
v 0.478560 -1.250000 -1.424640
v 0.246120 -1.250000 -1.480680
v 0.000000 -1.250000 -1.500000
v -0.325863 -0.628325 -1.960420
v -0.633613 -0.628325 -1.886223
v -0.919439 -0.628325 -1.767222
v -1.179525 -0.628325 -1.607230
v -1.410060 -0.628325 -1.410060
v -1.607230 -0.628325 -1.179525
v -1.767222 -0.628325 -0.919439
v -1.886223 -0.628325 -0.633613
v -1.960420 -0.628325 -0.325863
v -0.319628 -0.743600 -1.922910
v -0.621490 -0.743600 -1.850132
v -0.901846 -0.743600 -1.733408
v -1.156956 -0.743600 -1.576477
v -1.383080 -0.743600 -1.383080
v -1.576477 -0.743600 -1.156956
v -1.733408 -0.743600 -0.901846
v -1.850132 -0.743600 -0.621490
v -1.922910 -0.743600 -0.319628
v -0.310439 -0.846275 -1.867631
v -0.603624 -0.846275 -1.796946
v -0.875920 -0.846275 -1.683577
v -1.123697 -0.846275 -1.531158
v -1.343320 -0.846275 -1.343320
v -1.531158 -0.846275 -1.123697
v -1.683577 -0.846275 -0.875920
v -1.796946 -0.846275 -0.603624
v -1.867631 -0.846275 -0.310439
v -0.299282 -0.936800 -1.800507
v -0.581929 -0.936800 -1.732362
v -0.844439 -0.936800 -1.623068
v -1.083310 -0.936800 -1.476127
v -1.295040 -0.936800 -1.295040
v -1.476127 -0.936800 -1.083310
v -1.623068 -0.936800 -0.844439
v -1.732362 -0.936800 -0.581929
v -1.800507 -0.936800 -0.299282
v -0.287140 -1.015625 -1.727460
v -0.558320 -1.015625 -1.662080
v -0.810180 -1.015625 -1.557220
v -1.039360 -1.015625 -1.416240
v -1.242500 -1.015625 -1.242500
v -1.416240 -1.015625 -1.039360
v -1.557220 -1.015625 -0.810180
v -1.662080 -1.015625 -0.558320
v -1.727460 -1.015625 -0.287140
v -0.248417 -1.222925 -1.494500
v -0.483027 -1.222925 -1.437937
v -0.700921 -1.222925 -1.347218
v -0.899195 -1.222925 -1.225250
v -1.074940 -1.222925 -1.074940
v -1.225250 -1.222925 -0.899195
v -1.347218 -1.222925 -0.700921
v -1.437937 -1.222925 -0.483027
v -1.494500 -1.222925 -0.248417
v -0.246120 -1.250000 -1.480680
v -0.478560 -1.250000 -1.424640
v -0.694440 -1.250000 -1.334760
v -0.890880 -1.250000 -1.213920
v -1.065000 -1.250000 -1.065000
v -1.213920 -1.250000 -0.890880
v -1.334760 -1.250000 -0.694440
v -1.424640 -1.250000 -0.478560
v -1.480680 -1.250000 -0.246120
v 1.597200 0.631300 0.081000
v 1.600000 0.625000 0.000000
v 1.589600 0.648400 0.144000
v 1.578400 0.673600 0.189000
v 1.564800 0.704200 0.216000
v 1.550000 0.737500 0.225000
v 1.535200 0.770800 0.216000
v 1.521600 0.801400 0.189000
v 1.510400 0.826600 0.144000
v 1.502800 0.843700 0.081000
v 1.500000 0.850000 0.000000
v 2.294371 0.616497 0.081000
v 2.289600 0.610600 0.000000
v 2.307322 0.632502 0.144000
v 2.326406 0.656090 0.189000
v 2.349581 0.684731 0.216000
v 2.400019 0.747069 0.216000
v 2.423194 0.775710 0.189000
v 2.442278 0.799298 0.144000
v 2.455229 0.815303 0.081000
v 2.460000 0.821200 0.000000
v 2.418450 0.602387 0.081000
v 2.412500 0.596875 0.000000
v 2.434600 0.617350 0.144000
v 2.579100 0.751225 0.189000
v 2.602900 0.773275 0.144000
v 2.619050 0.788238 0.081000
v 2.625000 0.793750 0.000000
v 2.521277 0.581339 0.081000
v 2.514400 0.576400 0.000000
v 2.539942 0.594746 0.144000
v 2.567450 0.614502 0.189000
v 2.600851 0.638493 0.216000
v 2.637200 0.664600 0.225000
v 2.673549 0.690707 0.216000
v 2.706950 0.714698 0.189000
v 2.734458 0.734454 0.144000
v 2.753123 0.747861 0.081000
v 2.760000 0.752800 0.000000
v 2.602268 0.551964 0.081000
v 2.594700 0.547825 0.000000
v 2.622811 0.563199 0.144000
v 2.653085 0.579755 0.189000
v 2.689846 0.599859 0.216000
v 2.769854 0.643616 0.216000
v 2.806615 0.663720 0.189000
v 2.836889 0.680276 0.144000
v 2.857432 0.691511 0.081000
v 2.865000 0.695650 0.000000
v 2.660842 0.512874 0.081000
v 2.652800 0.509800 0.000000
v 2.682669 0.521219 0.144000
v 2.714835 0.533517 0.189000
v 2.753894 0.548450 0.216000
v 2.796400 0.564700 0.225000
v 2.838906 0.580950 0.216000
v 2.877965 0.595883 0.189000
v 2.910131 0.608181 0.144000
v 2.931958 0.616526 0.081000
v 2.940000 0.619600 0.000000
v 2.696413 0.462682 0.081000
v 2.688100 0.460975 0.000000
v 2.718978 0.467316 0.144000
v 2.752230 0.474146 0.189000
v 2.792609 0.482438 0.216000
v 2.836550 0.491463 0.225000
v 2.880491 0.500487 0.216000
v 2.920870 0.508779 0.189000
v 2.954122 0.515609 0.144000
v 2.976687 0.520243 0.081000
v 2.985000 0.521950 0.000000
v 2.708400 0.400000 0.081000
v 2.700000 0.400000 0.000000
v 2.731200 0.400000 0.144000
v 2.764800 0.400000 0.189000
v 2.805600 0.400000 0.216000
v 2.894400 0.400000 0.216000
v 2.935200 0.400000 0.189000
v 2.968800 0.400000 0.144000
v 2.991600 0.400000 0.081000
v 3.000000 0.400000 0.000000
v 1.502800 0.843700 -0.081000
v 1.510400 0.826600 -0.144000
v 1.521600 0.801400 -0.189000
v 1.535200 0.770800 -0.216000
v 1.550000 0.737500 -0.225000
v 1.564800 0.704200 -0.216000
v 1.578400 0.673600 -0.189000
v 1.589600 0.648400 -0.144000
v 1.597200 0.631300 -0.081000
v 2.455229 0.815303 -0.081000
v 2.442278 0.799298 -0.144000
v 2.423194 0.775710 -0.189000
v 2.400019 0.747069 -0.216000
v 2.349581 0.684731 -0.216000
v 2.326406 0.656090 -0.189000
v 2.307322 0.632502 -0.144000
v 2.294371 0.616497 -0.081000
v 2.619050 0.788238 -0.081000
v 2.602900 0.773275 -0.144000
v 2.579100 0.751225 -0.189000
v 2.434600 0.617350 -0.144000
v 2.418450 0.602388 -0.081000
v 2.753123 0.747861 -0.081000
v 2.734458 0.734454 -0.144000
v 2.706950 0.714698 -0.189000
v 2.673549 0.690707 -0.216000
v 2.637200 0.664600 -0.225000
v 2.600851 0.638493 -0.216000
v 2.567450 0.614502 -0.189000
v 2.539942 0.594746 -0.144000
v 2.521277 0.581339 -0.081000
v 2.857432 0.691511 -0.081000
v 2.836889 0.680276 -0.144000
v 2.806615 0.663720 -0.189000
v 2.769854 0.643616 -0.216000
v 2.689846 0.599859 -0.216000
v 2.653085 0.579755 -0.189000
v 2.622811 0.563199 -0.144000
v 2.602268 0.551964 -0.081000
v 2.931958 0.616526 -0.081000
v 2.910131 0.608181 -0.144000
v 2.877965 0.595883 -0.189000
v 2.838906 0.580950 -0.216000
v 2.796400 0.564700 -0.225000
v 2.753894 0.548450 -0.216000
v 2.714835 0.533517 -0.189000
v 2.682669 0.521219 -0.144000
v 2.660842 0.512874 -0.081000
v 2.976687 0.520243 -0.081000
v 2.954122 0.515609 -0.144000
v 2.920870 0.508779 -0.189000
v 2.880491 0.500487 -0.216000
v 2.836550 0.491463 -0.225000
v 2.792609 0.482438 -0.216000
v 2.752230 0.474146 -0.189000
v 2.718978 0.467316 -0.144000
v 2.696413 0.462682 -0.081000
v 2.991600 0.400000 -0.081000
v 2.968800 0.400000 -0.144000
v 2.935200 0.400000 -0.189000
v 2.894400 0.400000 -0.216000
v 2.850000 0.400000 -0.225000
v 2.805600 0.400000 -0.216000
v 2.764800 0.400000 -0.189000
v 2.731200 0.400000 -0.144000
v 2.708400 0.400000 -0.081000
v 2.702175 0.324519 0.081000
v 2.693900 0.326200 0.000000
v 2.724637 0.319956 0.144000
v 2.757739 0.313232 0.189000
v 2.925611 0.279131 0.189000
v 2.958713 0.272406 0.144000
v 2.981175 0.267844 0.081000
v 2.989450 0.266162 0.000000
v 2.683107 0.238610 0.081000
v 2.675200 0.241600 0.000000
v 2.704570 0.230493 0.144000
v 2.736198 0.218531 0.189000
v 2.774605 0.204006 0.216000
v 2.816400 0.188200 0.225000
v 2.858195 0.172394 0.216000
v 2.896602 0.157869 0.189000
v 2.928230 0.145907 0.144000
v 2.949693 0.137790 0.081000
v 2.957600 0.134800 0.000000
v 2.650604 0.144903 0.081000
v 2.643300 0.148900 0.000000
v 2.670428 0.134053 0.144000
v 2.699644 0.118063 0.189000
v 2.773725 0.077519 0.225000
v 2.812331 0.056390 0.216000
v 2.847806 0.036974 0.189000
v 2.877022 0.020985 0.144000
v 2.896846 0.010135 0.081000
v 2.904150 0.006137 0.000000
v 2.604074 0.046029 0.081000
v 2.597600 0.050800 0.000000
v 2.621645 0.033078 0.144000
v 2.647539 0.013994 0.189000
v 2.678982 -0.009181 0.216000
v 2.747418 -0.059619 0.216000
v 2.778861 -0.082794 0.189000
v 2.804755 -0.101878 0.144000
v 2.822326 -0.114829 0.081000
v 2.828800 -0.119600 -0.000000
v 2.542925 -0.055381 0.081000
v 2.537500 -0.050000 -0.000000
v 2.557650 -0.069987 0.144000
v 2.579350 -0.091512 0.189000
v 2.689400 -0.200675 0.189000
v 2.711100 -0.222200 0.144000
v 2.725825 -0.236806 0.081000
v 2.731250 -0.242187 -0.000000
v 2.466566 -0.156697 0.081000
v 2.462400 -0.150800 -0.000000
v 2.477875 -0.172702 0.144000
v 2.494541 -0.196290 0.189000
v 2.514778 -0.224931 0.216000
v 2.536800 -0.256100 0.225000
v 2.558822 -0.287269 0.216000
v 2.579059 -0.315910 0.189000
v 2.595725 -0.339498 0.144000
v 2.607034 -0.355503 0.081000
v 2.611200 -0.361400 -0.000000
v 2.374406 -0.255287 0.081000
v 2.371700 -0.248900 -0.000000
v 2.381752 -0.272624 0.144000
v 2.392576 -0.298172 0.189000
v 2.465644 -0.470625 0.081000
v 2.468350 -0.477013 -0.000000
v 2.265853 -0.348522 0.081000
v 2.264800 -0.341600 -0.000000
v 2.268710 -0.367309 0.144000
v 2.272922 -0.394995 0.189000
v 2.278035 -0.428614 0.216000
v 2.289165 -0.501786 0.216000
v 2.294278 -0.535405 0.189000
v 2.298490 -0.563091 0.144000
v 2.301347 -0.581878 0.081000
v 2.302400 -0.588800 -0.000000
v 2.140315 -0.433769 0.081000
v 2.141100 -0.426200 -0.000000
v 2.138183 -0.454315 0.144000
v 2.135041 -0.484593 0.189000
v 1.997200 -0.508400 0.081000
v 1.989600 -0.531200 0.144000
v 1.978400 -0.564800 0.189000
v 1.964800 -0.605600 0.216000
v 1.950000 -0.650000 0.225000
v 1.935200 -0.694400 0.216000
v 1.921600 -0.735200 0.189000
v 1.910400 -0.768800 0.144000
v 1.902800 -0.791600 0.081000
v 1.900000 -0.800000 -0.000000
v 2.981175 0.267844 -0.081000
v 2.958713 0.272406 -0.144000
v 2.925611 0.279131 -0.189000
v 2.757739 0.313232 -0.189000
v 2.724637 0.319956 -0.144000
v 2.702175 0.324519 -0.081000
v 2.949693 0.137790 -0.081000
v 2.928230 0.145907 -0.144000
v 2.896602 0.157869 -0.189000
v 2.858195 0.172394 -0.216000
v 2.774605 0.204006 -0.216000
v 2.736198 0.218531 -0.189000
v 2.704570 0.230493 -0.144000
v 2.683107 0.238610 -0.081000
v 2.896846 0.010135 -0.081000
v 2.877022 0.020985 -0.144000
v 2.847806 0.036974 -0.189000
v 2.812331 0.056390 -0.216000
v 2.773725 0.077519 -0.225000
v 2.699644 0.118063 -0.189000
v 2.670428 0.134053 -0.144000
v 2.650604 0.144903 -0.081000
v 2.822326 -0.114829 -0.081000
v 2.804755 -0.101878 -0.144000
v 2.778861 -0.082794 -0.189000
v 2.747418 -0.059619 -0.216000
v 2.713200 -0.034400 -0.225000
v 2.678982 -0.009181 -0.216000
v 2.647539 0.013994 -0.189000
v 2.621645 0.033078 -0.144000
v 2.604074 0.046029 -0.081000
v 2.725825 -0.236806 -0.081000
v 2.711100 -0.222200 -0.144000
v 2.689400 -0.200675 -0.189000
v 2.579350 -0.091512 -0.189000
v 2.557650 -0.069987 -0.144000
v 2.542925 -0.055381 -0.081000
v 2.607034 -0.355503 -0.081000
v 2.595725 -0.339498 -0.144000
v 2.579059 -0.315910 -0.189000
v 2.558822 -0.287269 -0.216000
v 2.536800 -0.256100 -0.225000
v 2.514778 -0.224931 -0.216000
v 2.494541 -0.196290 -0.189000
v 2.477875 -0.172702 -0.144000
v 2.466566 -0.156697 -0.081000
v 2.465644 -0.470625 -0.081000
v 2.392576 -0.298172 -0.189000
v 2.381752 -0.272624 -0.144000
v 2.374406 -0.255287 -0.081000
v 2.301347 -0.581878 -0.081000
v 2.298490 -0.563091 -0.144000
v 2.294278 -0.535405 -0.189000
v 2.289165 -0.501786 -0.216000
v 2.278035 -0.428614 -0.216000
v 2.272922 -0.394995 -0.189000
v 2.268710 -0.367309 -0.144000
v 2.265853 -0.348522 -0.081000
v 2.135041 -0.484593 -0.189000
v 2.138183 -0.454315 -0.144000
v 2.140315 -0.433769 -0.081000
v 1.902800 -0.791600 -0.081000
v 1.910400 -0.768800 -0.144000
v 1.921600 -0.735200 -0.189000
v 1.935200 -0.694400 -0.216000
v 1.950000 -0.650000 -0.225000
v 1.964800 -0.605600 -0.216000
v 1.978400 -0.564800 -0.189000
v 1.989600 -0.531200 -0.144000
v 1.997200 -0.508400 -0.081000
v -1.939394 0.023221 0.175100
v -1.700000 0.001900 0.178200
v -1.700000 0.025000 0.000000
v -1.935900 0.044200 0.000000
v -1.948879 -0.033722 0.311290
v -1.700000 -0.060800 0.316800
v -1.962857 -0.117638 0.408568
v -1.700000 -0.153200 0.415800
v -1.700000 -0.265400 0.475200
v -1.998300 -0.330425 0.486390
v -1.700000 -0.387500 0.495000
v -2.016770 -0.441314 0.466934
v -1.700000 -0.509600 0.475200
v -2.033743 -0.543212 0.408568
v -1.700000 -0.621800 0.415800
v -2.047721 -0.627128 0.311290
v -1.700000 -0.714200 0.316800
v -2.057206 -0.684071 0.175100
v -1.700000 -0.776900 0.178200
v -2.060700 -0.705050 -0.000000
v -1.700000 -0.800000 -0.000000
v -2.116979 0.079120 0.166687
v -2.111200 0.097600 0.000000
v -2.132666 0.028960 0.296333
v -2.155782 -0.044960 0.388937
v -2.183853 -0.134720 0.444499
v -2.214400 -0.232400 0.463020
v -2.244947 -0.330080 0.444499
v -2.273018 -0.419840 0.388937
v -2.296134 -0.493760 0.296333
v -2.311821 -0.543920 0.166687
v -2.317600 -0.562400 -0.000000
v -2.244457 0.163171 0.154289
v -2.237300 0.178900 0.000000
v -2.263882 0.120478 0.274291
v -2.292510 0.057562 0.360007
v -2.327271 -0.018836 0.411437
v -2.365100 -0.101975 0.428580
v -2.402929 -0.185114 0.411437
v -2.437690 -0.261512 0.360007
v -2.466318 -0.324428 0.274291
v -2.485743 -0.367121 0.154289
v -2.492900 -0.382850 -0.000000
v -2.333530 0.268948 0.139234
v -2.325600 0.281800 0.000000
v -2.355053 0.234064 0.247526
v -2.386771 0.182656 0.324878
v -2.425286 0.120232 0.371290
v -2.467200 0.052300 0.386760
v -2.509114 -0.015632 0.371290
v -2.547629 -0.078056 0.324878
v -2.579347 -0.129464 0.247526
v -2.600870 -0.164348 0.139234
v -2.608800 -0.177200 -0.000000
v -2.395900 0.390025 0.122850
v -2.387500 0.400000 0.000000
v -2.418700 0.362950 0.218400
v -2.452300 0.323050 0.286650
v -2.581900 0.169150 0.327600
v -2.592800 0.398200 0.295740
v -2.639686 0.360016 0.283910
v -2.682771 0.324928 0.248422
v -2.487343 0.652375 0.091411
v -2.513518 0.639550 0.162509
v -2.700871 0.547750 0.243763
v -2.747710 0.524800 0.213293
v -2.786282 0.505900 0.162509
v -2.812457 0.493075 0.091411
v -2.822100 0.488350 0.000000
v -2.539821 0.780796 0.079013
v -2.528800 0.783400 0.000000
v -2.569734 0.773728 0.140467
v -2.613818 0.763312 0.184363
v -2.725600 0.736900 0.219480
v -2.783853 0.723136 0.210701
v -2.837382 0.710488 0.184363
v -2.881466 0.700072 0.140467
v -2.911379 0.693004 0.079013
v -2.922400 0.690400 0.000000
v -2.612406 0.898813 0.070600
v -2.599100 0.899800 0.000000
v -2.648521 0.896134 0.125510
v -2.701743 0.892186 0.164732
v -2.766370 0.887392 0.188266
v -2.836700 0.882175 0.196110
v -2.907030 0.876958 0.188266
v -2.971657 0.872164 0.164732
v -3.024879 0.868216 0.125510
v -3.060994 0.865537 0.070600
v -3.074300 0.864550 0.000000
v -2.716800 1.000000 0.067500
v -2.700000 1.000000 0.000000
v -2.762400 1.000000 0.120000
v -2.829600 1.000000 0.157500
v -2.911200 1.000000 0.180000
v -3.088800 1.000000 0.180000
v -3.170400 1.000000 0.157500
v -3.237600 1.000000 0.120000
v -3.283200 1.000000 0.067500
v -3.300000 1.000000 0.000000
v -2.057206 -0.684071 -0.175100
v -1.700000 -0.776900 -0.178200
v -2.047721 -0.627128 -0.311290
v -1.700000 -0.714200 -0.316800
v -2.033743 -0.543212 -0.408568
v -1.700000 -0.621800 -0.415800
v -2.016770 -0.441314 -0.466934
v -1.700000 -0.509600 -0.475200
v -1.998300 -0.330425 -0.486390
v -1.700000 -0.387500 -0.495000
v -1.700000 -0.265400 -0.475200
v -1.962857 -0.117638 -0.408568
v -1.700000 -0.153200 -0.415800
v -1.948879 -0.033722 -0.311290
v -1.700000 -0.060800 -0.316800
v -1.939394 0.023221 -0.175100
v -1.700000 0.001900 -0.178200
v -2.311821 -0.543920 -0.166687
v -2.296134 -0.493760 -0.296333
v -2.273018 -0.419840 -0.388937
v -2.244947 -0.330080 -0.444499
v -2.214400 -0.232400 -0.463020
v -2.183853 -0.134720 -0.444499
v -2.155782 -0.044960 -0.388937
v -2.132666 0.028960 -0.296333
v -2.116979 0.079120 -0.166687
v -2.485743 -0.367121 -0.154289
v -2.466318 -0.324428 -0.274291
v -2.437690 -0.261512 -0.360007
v -2.402929 -0.185114 -0.411437
v -2.365100 -0.101975 -0.428580
v -2.327271 -0.018836 -0.411437
v -2.292510 0.057562 -0.360007
v -2.263882 0.120478 -0.274291
v -2.244457 0.163171 -0.154289
v -2.600870 -0.164348 -0.139234
v -2.579347 -0.129464 -0.247526
v -2.547629 -0.078056 -0.324878
v -2.509114 -0.015632 -0.371290
v -2.467200 0.052300 -0.386760
v -2.425286 0.120232 -0.371290
v -2.386771 0.182656 -0.324878
v -2.355053 0.234064 -0.247526
v -2.333530 0.268948 -0.139234
v -2.656300 0.080800 -0.218400
v -2.622700 0.120700 -0.286650
v -2.537500 0.221875 -0.341250
v -2.452300 0.323050 -0.286650
v -2.418700 0.362950 -0.218400
v -2.395900 0.390025 -0.122850
v -2.718253 0.296032 -0.189274
v -2.682771 0.324928 -0.248422
v -2.639686 0.360016 -0.283910
v -2.592800 0.398200 -0.295740
v -2.812457 0.493075 -0.091411
v -2.786282 0.505900 -0.162509
v -2.747710 0.524800 -0.213293
v -2.700871 0.547750 -0.243763
v -2.649900 0.572725 -0.253920
v -2.598929 0.597700 -0.243763
v -2.552090 0.620650 -0.213293
v -2.513518 0.639550 -0.162509
v -2.911379 0.693004 -0.079013
v -2.881466 0.700072 -0.140467
v -2.837382 0.710488 -0.184363
v -2.783853 0.723136 -0.210701
v -2.725600 0.736900 -0.219480
v -2.667347 0.750664 -0.210701
v -2.613818 0.763312 -0.184363
v -2.569734 0.773728 -0.140467
v -2.539821 0.780796 -0.079013
v -3.060994 0.865537 -0.070600
v -3.024879 0.868216 -0.125510
v -2.971657 0.872164 -0.164732
v -2.907030 0.876958 -0.188266
v -2.836700 0.882175 -0.196110
v -2.701743 0.892186 -0.164732
v -2.648521 0.896134 -0.125510
v -2.612406 0.898813 -0.070600
v -3.283200 1.000000 -0.067500
v -3.237600 1.000000 -0.120000
v -3.170400 1.000000 -0.157500
v -2.911200 1.000000 -0.180000
v -2.829600 1.000000 -0.157500
v -2.762400 1.000000 -0.120000
v -2.716800 1.000000 -0.067500
v -2.747407 1.020406 0.066744
v -2.729800 1.020250 0.000000
v -2.795198 1.020829 0.118656
v -2.865626 1.021453 0.155736
v -2.951146 1.022210 0.177984
v -3.044212 1.023034 0.185400
v -3.137279 1.023859 0.177984
v -3.222799 1.024616 0.155736
v -3.293227 1.025240 0.118656
v -3.341018 1.025663 0.066744
v -2.776365 1.036302 0.064692
v -2.758400 1.036000 0.000000
v -2.825126 1.037123 0.115008
v -2.896986 1.038333 0.150948
v -2.984243 1.039802 0.172512
v -3.079200 1.041400 0.179700
v -3.174157 1.042998 0.172512
v -3.261414 1.044467 0.150948
v -3.333274 1.045677 0.115008
v -3.382035 1.046498 0.064692
v -3.400000 1.046800 0.000000
v -2.802528 1.047680 0.061668
v -2.784600 1.047250 0.000000
v -2.851189 1.048847 0.109632
v -2.922899 1.050567 0.143892
v -3.009977 1.052655 0.164448
v -3.104737 1.054928 0.171300
v -3.199498 1.057201 0.164448
v -3.286576 1.059289 0.143892
v -3.358286 1.061009 0.109632
v -3.406947 1.062176 0.061668
v -3.424875 1.062606 0.000000
v -2.824750 1.054529 0.057996
v -2.807200 1.054000 0.000000
v -2.872387 1.055966 0.103104
v -2.942589 1.058082 0.135324
v -3.027834 1.060653 0.154656
v -3.120600 1.063450 0.161100
v -3.213366 1.066247 0.154656
v -3.298611 1.068818 0.135324
v -3.368813 1.070934 0.103104
v -3.416450 1.072371 0.057996
v -3.434000 1.072900 0.000000
v -2.841887 1.056841 0.054000
v -2.825000 1.056250 0.000000
v -2.887725 1.058444 0.096000
v -3.037300 1.063675 0.144000
v -3.215825 1.069919 0.144000
v -3.297850 1.072787 0.126000
v -3.365400 1.075150 0.096000
v -3.411237 1.076753 0.054000
v -3.428125 1.077344 0.000000
v -2.852794 1.054605 0.050004
v -2.836800 1.054000 0.000000
v -2.896205 1.056246 0.088896
v -2.960179 1.058666 0.116676
v -3.037862 1.061603 0.133344
v -3.122400 1.064800 0.138900
v -3.206938 1.067997 0.133344
v -3.284621 1.070934 0.116676
v -3.348595 1.073354 0.088896
v -3.392006 1.074995 0.050004
v -3.408000 1.075600 0.000000
v -2.856323 1.047812 0.046332
v -2.841400 1.047250 0.000000
v -2.896829 1.049338 0.082368
v -2.956523 1.051588 0.108108
v -3.029007 1.054319 0.123552
v -3.107887 1.057291 0.128700
v -3.186768 1.060263 0.123552
v -3.259252 1.062994 0.108108
v -3.318946 1.065243 0.082368
v -3.359452 1.066769 0.046332
v -3.374375 1.067331 0.000000
v -2.851331 1.036454 0.043308
v -2.837600 1.036000 0.000000
v -2.888602 1.037685 0.076992
v -2.943526 1.039499 0.101052
v -3.010221 1.041702 0.115488
v -3.082800 1.044100 0.120300
v -3.155379 1.046498 0.115488
v -3.222074 1.048701 0.101052
v -3.276998 1.050515 0.076992
v -3.314269 1.051746 0.043308
v -2.836672 1.020519 0.041256
v -2.824200 1.020250 0.000000
v -2.870524 1.021250 0.073344
v -2.920412 1.022328 0.096264
v -2.980990 1.023636 0.110016
v -3.046912 1.025059 0.114600
v -3.112835 1.026483 0.110016
v -3.173413 1.027791 0.096264
v -3.223301 1.028868 0.073344
v -2.811200 1.000000 0.040500
v -2.800000 1.000000 0.000000
v -2.841600 1.000000 0.072000
v -2.886400 1.000000 0.094500
v -2.940800 1.000000 0.108000
v -3.000000 1.000000 0.112500
v -3.059200 1.000000 0.108000
v -3.113600 1.000000 0.094500
v -3.158400 1.000000 0.072000
v -3.188800 1.000000 0.040500
v -3.200000 1.000000 0.000000
v -3.341018 1.025663 -0.066744
v -3.293227 1.025240 -0.118656
v -3.222799 1.024616 -0.155736
v -3.137279 1.023859 -0.177984
v -3.044212 1.023034 -0.185400
v -2.951146 1.022210 -0.177984
v -2.865626 1.021453 -0.155736
v -2.795198 1.020829 -0.118656
v -2.747407 1.020406 -0.066744
v -3.382035 1.046498 -0.064692
v -3.333274 1.045677 -0.115008
v -3.261414 1.044467 -0.150948
v -3.174157 1.042998 -0.172512
v -3.079200 1.041400 -0.179700
v -2.984243 1.039802 -0.172512
v -2.896986 1.038333 -0.150948
v -2.825126 1.037123 -0.115008
v -2.776365 1.036302 -0.064692
v -3.406947 1.062176 -0.061668
v -3.358286 1.061009 -0.109632
v -3.286576 1.059289 -0.143892
v -3.199498 1.057201 -0.164448
v -3.104738 1.054928 -0.171300
v -3.009977 1.052655 -0.164448
v -2.922899 1.050567 -0.143892
v -2.851189 1.048847 -0.109632
v -2.802528 1.047680 -0.061668
v -3.416450 1.072371 -0.057996
v -3.368813 1.070934 -0.103104
v -3.298611 1.068818 -0.135324
v -3.213366 1.066247 -0.154656
v -3.120600 1.063450 -0.161100
v -3.027834 1.060653 -0.154656
v -2.942589 1.058082 -0.135324
v -2.872387 1.055966 -0.103104
v -2.824750 1.054529 -0.057996
v -3.411237 1.076753 -0.054000
v -3.365400 1.075150 -0.096000
v -3.297850 1.072788 -0.126000
v -3.215825 1.069919 -0.144000
v -3.126562 1.066797 -0.150000
v -3.037300 1.063675 -0.144000
v -2.887725 1.058444 -0.096000
v -2.841887 1.056841 -0.054000
v -3.392006 1.074995 -0.050004
v -3.348595 1.073354 -0.088896
v -3.284621 1.070934 -0.116676
v -3.206938 1.067997 -0.133344
v -3.122400 1.064800 -0.138900
v -3.037862 1.061603 -0.133344
v -2.960179 1.058666 -0.116676
v -2.896205 1.056246 -0.088896
v -2.852794 1.054605 -0.050004
v -3.359452 1.066769 -0.046332
v -3.318946 1.065243 -0.082368
v -3.259252 1.062994 -0.108108
v -3.186768 1.060263 -0.123552
v -3.107887 1.057291 -0.128700
v -3.029007 1.054319 -0.123552
v -2.956523 1.051588 -0.108108
v -2.896829 1.049338 -0.082368
v -2.856323 1.047812 -0.046332
v -3.314269 1.051746 -0.043308
v -3.276998 1.050515 -0.076992
v -3.222074 1.048701 -0.101052
v -3.155379 1.046498 -0.115488
v -3.082800 1.044100 -0.120300
v -3.010221 1.041702 -0.115488
v -2.943526 1.039499 -0.101052
v -2.888602 1.037685 -0.076992
v -2.851331 1.036454 -0.043308
v -3.223301 1.028868 -0.073344
v -3.173413 1.027791 -0.096264
v -3.112835 1.026483 -0.110016
v -3.046912 1.025059 -0.114600
v -2.980990 1.023636 -0.110016
v -2.920412 1.022328 -0.096264
v -2.870524 1.021250 -0.073344
v -2.836672 1.020519 -0.041256
v -3.188800 1.000000 -0.040500
v -3.158400 1.000000 -0.072000
v -3.113600 1.000000 -0.094500
v -3.059200 1.000000 -0.108000
v -3.000000 1.000000 -0.112500
v -2.940800 1.000000 -0.108000
v -2.886400 1.000000 -0.094500
v -2.841600 1.000000 -0.072000
v -2.811200 1.000000 -0.040500
v -0.192107 1.741450 0.032047
v -0.157626 1.741450 0.115786
v -0.062272 1.741450 0.184869
v -0.304843 1.717600 0.050854
v -0.308800 1.717600 -0.000001
v -0.293360 1.717600 0.098813
v -0.274928 1.717600 0.143300
v -0.250127 1.717600 0.183733
v -0.219536 1.717600 0.219535
v -0.183734 1.717600 0.250126
v -0.143301 1.717600 0.274927
v -0.098814 1.717600 0.293359
v -0.050855 1.717600 0.304843
v 0.000000 1.717600 0.308800
v -0.353610 1.681150 0.058987
v -0.358200 1.681150 -0.000001
v -0.340289 1.681150 0.114619
v -0.318907 1.681150 0.166220
v -0.290138 1.681150 0.213122
v -0.254653 1.681150 0.254653
v -0.213123 1.681150 0.290137
v -0.166221 1.681150 0.318906
v -0.114619 1.681150 0.340288
v -0.058988 1.681150 0.353610
v 0.000000 1.681150 0.358200
v -0.353807 1.634800 0.059016
v -0.358400 1.634800 0.000000
v -0.340477 1.634800 0.114676
v -0.319082 1.634800 0.166306
v -0.290295 1.634800 0.213234
v -0.254788 1.634800 0.254788
v -0.213234 1.634800 0.290294
v -0.166306 1.634800 0.319081
v -0.114676 1.634800 0.340476
v -0.059016 1.634800 0.353806
v 0.000000 1.634800 0.358399
v -0.320834 1.581250 0.053508
v -0.325000 1.581250 0.000000
v -0.308744 1.581250 0.103976
v -0.289340 1.581250 0.150793
v -0.263232 1.581250 0.193348
v -0.231031 1.581250 0.231031
v -0.193348 1.581250 0.263232
v -0.150793 1.581250 0.289340
v -0.103976 1.581250 0.308744
v -0.053508 1.581250 0.320834
v 0.000000 1.581250 0.325000
v -0.216979 1.463350 0.036157
v -0.219800 1.463350 0.000000
v -0.208794 1.463350 0.070270
v -0.195658 1.463350 0.101925
v -0.177989 1.463350 0.130707
v -0.156200 1.463350 0.156200
v -0.130707 1.463350 0.177989
v -0.101925 1.463350 0.195658
v -0.070270 1.463350 0.208794
v -0.036157 1.463350 0.216979
v 0.000000 1.463350 0.219800
v -0.176897 1.404400 0.029450
v -0.179200 1.404400 0.000000
v -0.170215 1.404400 0.057246
v -0.159496 1.404400 0.083047
v -0.145078 1.404400 0.106513
v -0.127304 1.404400 0.127304
v -0.106513 1.404400 0.145078
v -0.083047 1.404400 0.159496
v -0.057246 1.404400 0.170215
v -0.029450 1.404400 0.176897
v 0.000000 1.404400 0.179200
v -0.165245 1.349050 0.027480
v -0.167400 1.349050 0.000000
v -0.158995 1.349050 0.053428
v -0.148969 1.349050 0.077523
v -0.135489 1.349050 0.099446
v -0.118874 1.349050 0.118874
v -0.099446 1.349050 0.135489
v -0.077523 1.349050 0.148969
v -0.053428 1.349050 0.158995
v -0.027480 1.349050 0.165245
v 0.000000 1.349050 0.167400
v -0.197424 1.300000 0.032816
v -0.200000 1.300000 0.000000
v -0.189952 1.300000 0.063808
v -0.177968 1.300000 0.092592
v -0.161856 1.300000 0.118784
v -0.142000 1.300000 0.142000
v -0.118784 1.300000 0.161856
v -0.092592 1.300000 0.177968
v -0.063808 1.300000 0.189952
v -0.032816 1.300000 0.197424
v 0.000000 1.300000 0.200000
v 0.032048 1.741450 0.192107
v 0.115787 1.741450 0.157625
v 0.192107 1.741450 0.032047
v 0.050855 1.717600 0.304843
v 0.098814 1.717600 0.293359
v 0.143301 1.717600 0.274927
v 0.183734 1.717600 0.250126
v 0.219536 1.717600 0.219535
v 0.250127 1.717600 0.183733
v 0.274928 1.717600 0.143300
v 0.293360 1.717600 0.098813
v 0.304843 1.717600 0.050854
v 0.308800 1.717600 -0.000001
v 0.058988 1.681150 0.353610
v 0.114619 1.681150 0.340288
v 0.166221 1.681150 0.318906
v 0.213123 1.681150 0.290137
v 0.254653 1.681150 0.254653
v 0.290138 1.681150 0.213122
v 0.318907 1.681150 0.166220
v 0.340289 1.681150 0.114619
v 0.353610 1.681150 0.058987
v 0.358200 1.681150 -0.000001
v 0.059016 1.634800 0.353806
v 0.114676 1.634800 0.340476
v 0.166306 1.634800 0.319081
v 0.213234 1.634800 0.290294
v 0.254788 1.634800 0.254788
v 0.290295 1.634800 0.213234
v 0.319082 1.634800 0.166306
v 0.340477 1.634800 0.114676
v 0.353807 1.634800 0.059016
v 0.358400 1.634800 0.000000
v 0.053508 1.581250 0.320834
v 0.103976 1.581250 0.308744
v 0.150793 1.581250 0.289340
v 0.193348 1.581250 0.263232
v 0.231031 1.581250 0.231031
v 0.263232 1.581250 0.193348
v 0.289340 1.581250 0.150793
v 0.308744 1.581250 0.103976
v 0.320834 1.581250 0.053508
v 0.325000 1.581250 0.000000
v 0.036157 1.463350 0.216979
v 0.070270 1.463350 0.208794
v 0.101925 1.463350 0.195658
v 0.130707 1.463350 0.177989
v 0.156200 1.463350 0.156200
v 0.177989 1.463350 0.130707
v 0.195658 1.463350 0.101925
v 0.208794 1.463350 0.070270
v 0.216979 1.463350 0.036157
v 0.219800 1.463350 0.000000
v 0.029450 1.404400 0.176897
v 0.057246 1.404400 0.170215
v 0.083047 1.404400 0.159496
v 0.106513 1.404400 0.145078
v 0.127304 1.404400 0.127304
v 0.145078 1.404400 0.106513
v 0.159496 1.404400 0.083047
v 0.170215 1.404400 0.057246
v 0.176897 1.404400 0.029450
v 0.179200 1.404400 0.000000
v 0.027480 1.349050 0.165245
v 0.053428 1.349050 0.158995
v 0.077523 1.349050 0.148969
v 0.099446 1.349050 0.135489
v 0.118874 1.349050 0.118874
v 0.135489 1.349050 0.099446
v 0.148969 1.349050 0.077523
v 0.158995 1.349050 0.053428
v 0.165245 1.349050 0.027480
v 0.167400 1.349050 0.000000
v 0.032816 1.300000 0.197424
v 0.063808 1.300000 0.189952
v 0.092592 1.300000 0.177968
v 0.118784 1.300000 0.161856
v 0.142000 1.300000 0.142000
v 0.161856 1.300000 0.118784
v 0.177968 1.300000 0.092592
v 0.189952 1.300000 0.063808
v 0.197424 1.300000 0.032816
v 0.200000 1.300000 0.000000
v 0.184870 1.741450 -0.062273
v 0.115787 1.741450 -0.157627
v 0.304843 1.717600 -0.050856
v 0.293360 1.717600 -0.098815
v 0.274928 1.717600 -0.143302
v 0.250127 1.717600 -0.183735
v 0.219536 1.717600 -0.219537
v 0.183734 1.717600 -0.250127
v 0.143301 1.717600 -0.274929
v 0.098814 1.717600 -0.293361
v 0.050855 1.717600 -0.304844
v 0.000000 1.717600 -0.308801
v 0.353610 1.681150 -0.058989
v 0.340289 1.681150 -0.114620
v 0.318907 1.681150 -0.166221
v 0.290138 1.681150 -0.213124
v 0.254653 1.681150 -0.254654
v 0.213123 1.681150 -0.290139
v 0.166221 1.681150 -0.318907
v 0.114619 1.681150 -0.340290
v 0.058988 1.681150 -0.353611
v 0.000000 1.681150 -0.358201
v 0.353807 1.634800 -0.059016
v 0.340477 1.634800 -0.114676
v 0.319082 1.634800 -0.166306
v 0.290295 1.634800 -0.213234
v 0.254788 1.634800 -0.254789
v 0.213234 1.634800 -0.290296
v 0.166306 1.634800 -0.319082
v 0.114676 1.634800 -0.340477
v 0.059016 1.634800 -0.353808
v 0.000000 1.634800 -0.358400
v 0.320834 1.581250 -0.053508
v 0.308744 1.581250 -0.103976
v 0.289340 1.581250 -0.150793
v 0.263232 1.581250 -0.193348
v 0.231031 1.581250 -0.231031
v 0.193348 1.581250 -0.263232
v 0.150793 1.581250 -0.289340
v 0.103976 1.581250 -0.308744
v 0.053508 1.581250 -0.320834
v 0.000000 1.581250 -0.325000
v 0.216979 1.463350 -0.036157
v 0.208794 1.463350 -0.070270
v 0.195658 1.463350 -0.101925
v 0.177989 1.463350 -0.130707
v 0.156200 1.463350 -0.156200
v 0.130707 1.463350 -0.177989
v 0.101925 1.463350 -0.195658
v 0.070270 1.463350 -0.208794
v 0.036157 1.463350 -0.216979
v 0.000000 1.463350 -0.219800
v 0.176897 1.404400 -0.029450
v 0.170215 1.404400 -0.057246
v 0.159496 1.404400 -0.083047
v 0.145078 1.404400 -0.106513
v 0.127304 1.404400 -0.127304
v 0.106513 1.404400 -0.145078
v 0.083047 1.404400 -0.159496
v 0.057246 1.404400 -0.170215
v 0.029450 1.404400 -0.176897
v 0.000000 1.404400 -0.179200
v 0.165245 1.349050 -0.027480
v 0.158995 1.349050 -0.053428
v 0.148969 1.349050 -0.077523
v 0.135489 1.349050 -0.099446
v 0.118874 1.349050 -0.118874
v 0.099446 1.349050 -0.135489
v 0.077523 1.349050 -0.148969
v 0.053428 1.349050 -0.158995
v 0.027480 1.349050 -0.165245
v 0.000000 1.349050 -0.167400
v 0.197424 1.300000 -0.032816
v 0.189952 1.300000 -0.063808
v 0.177968 1.300000 -0.092592
v 0.161856 1.300000 -0.118784
v 0.142000 1.300000 -0.142000
v 0.118784 1.300000 -0.161856
v 0.092592 1.300000 -0.177968
v 0.063808 1.300000 -0.189952
v 0.032816 1.300000 -0.197424
v 0.000000 1.300000 -0.200000
v -0.032048 1.741450 -0.192108
v -0.115787 1.741450 -0.157627
v -0.184870 1.741450 -0.062273
v -0.050855 1.717600 -0.304844
v -0.098814 1.717600 -0.293361
v -0.143301 1.717600 -0.274929
v -0.183734 1.717600 -0.250127
v -0.219536 1.717600 -0.219537
v -0.250127 1.717600 -0.183735
v -0.274928 1.717600 -0.143302
v -0.293360 1.717600 -0.098815
v -0.304843 1.717600 -0.050856
v -0.058988 1.681150 -0.353611
v -0.114619 1.681150 -0.340290
v -0.166221 1.681150 -0.318907
v -0.213123 1.681150 -0.290139
v -0.254653 1.681150 -0.254654
v -0.290138 1.681150 -0.213124
v -0.318907 1.681150 -0.166221
v -0.340289 1.681150 -0.114620
v -0.353610 1.681150 -0.058989
v -0.059016 1.634800 -0.353808
v -0.114676 1.634800 -0.340477
v -0.166306 1.634800 -0.319082
v -0.213234 1.634800 -0.290296
v -0.254788 1.634800 -0.254789
v -0.290295 1.634800 -0.213234
v -0.319082 1.634800 -0.166306
v -0.340477 1.634800 -0.114676
v -0.353807 1.634800 -0.059016
v -0.053508 1.581250 -0.320834
v -0.103976 1.581250 -0.308744
v -0.150793 1.581250 -0.289340
v -0.193348 1.581250 -0.263232
v -0.231031 1.581250 -0.231031
v -0.263232 1.581250 -0.193348
v -0.289340 1.581250 -0.150793
v -0.308744 1.581250 -0.103976
v -0.320834 1.581250 -0.053508
v -0.036157 1.463350 -0.216979
v -0.070270 1.463350 -0.208794
v -0.101925 1.463350 -0.195658
v -0.130707 1.463350 -0.177989
v -0.156200 1.463350 -0.156200
v -0.177989 1.463350 -0.130707
v -0.195658 1.463350 -0.101925
v -0.208794 1.463350 -0.070270
v -0.216979 1.463350 -0.036157
v -0.029450 1.404400 -0.176897
v -0.057246 1.404400 -0.170215
v -0.083047 1.404400 -0.159496
v -0.106513 1.404400 -0.145078
v -0.127304 1.404400 -0.127304
v -0.145078 1.404400 -0.106513
v -0.159496 1.404400 -0.083047
v -0.170215 1.404400 -0.057246
v -0.176897 1.404400 -0.029450
v -0.027480 1.349050 -0.165245
v -0.053428 1.349050 -0.158995
v -0.077523 1.349050 -0.148969
v -0.099446 1.349050 -0.135489
v -0.118874 1.349050 -0.118874
v -0.135489 1.349050 -0.099446
v -0.148969 1.349050 -0.077523
v -0.158995 1.349050 -0.053428
v -0.165245 1.349050 -0.027480
v -0.032816 1.300000 -0.197424
v -0.063808 1.300000 -0.189952
v -0.092592 1.300000 -0.177968
v -0.118784 1.300000 -0.161856
v -0.142000 1.300000 -0.142000
v -0.161856 1.300000 -0.118784
v -0.177968 1.300000 -0.092592
v -0.189952 1.300000 -0.063808
v -0.197424 1.300000 -0.032816
v -0.275801 1.259200 0.045844
v -0.265363 1.259200 0.089140
v -0.226113 1.259200 0.165941
v -0.165941 1.259200 0.226113
v -0.089140 1.259200 0.265363
v -0.045844 1.259200 0.275801
v -0.386161 1.225600 0.064188
v -0.316590 1.225600 0.232342
v -0.232342 1.225600 0.316590
v -0.064188 1.225600 0.386161
v -1.086029 1.102600 0.180521
v -0.890370 1.102600 0.653431
v -0.653431 1.102600 0.890370
v -0.180521 1.102600 1.086029
v -1.189282 1.074400 0.197684
v -1.144271 1.074400 0.384379
v -0.975021 1.074400 0.715555
v -0.715555 1.074400 0.975021
v -0.384379 1.074400 1.144271
v -0.197684 1.074400 1.189282
v -1.258183 1.040800 0.209136
v -1.274600 1.040800 0.000000
v -1.210564 1.040800 0.406648
v -1.134190 1.040800 0.590089
v -1.031508 1.040800 0.757010
v -0.904966 1.040800 0.904966
v -0.757010 1.040800 1.031508
v -0.590089 1.040800 1.134190
v -0.406648 1.040800 1.210564
v -0.209136 1.040800 1.258183
v 0.000000 1.040800 1.274600
v -1.283256 1.000000 0.213304
v -1.300000 1.000000 0.000000
v -1.234688 1.000000 0.414752
v -1.156792 1.000000 0.601848
v -1.052064 1.000000 0.772096
v -0.923000 1.000000 0.923000
v -0.772096 1.000000 1.052064
v -0.601848 1.000000 1.156792
v -0.414752 1.000000 1.234688
v -0.213304 1.000000 1.283256
v 0.000000 1.000000 1.300000
v 0.045844 1.259200 0.275801
v 0.089140 1.259200 0.265363
v 0.165941 1.259200 0.226113
v 0.226113 1.259200 0.165941
v 0.265363 1.259200 0.089140
v 0.275801 1.259200 0.045844
v 0.064188 1.225600 0.386161
v 0.232342 1.225600 0.316590
v 0.316590 1.225600 0.232342
v 0.386161 1.225600 0.064188
v 0.180521 1.102600 1.086029
v 0.653431 1.102600 0.890370
v 0.890370 1.102600 0.653431
v 1.086029 1.102600 0.180521
v 0.197684 1.074400 1.189282
v 0.384379 1.074400 1.144271
v 0.715555 1.074400 0.975021
v 0.975021 1.074400 0.715555
v 1.144271 1.074400 0.384379
v 1.189282 1.074400 0.197684
v 0.209136 1.040800 1.258183
v 0.406648 1.040800 1.210564
v 0.590089 1.040800 1.134190
v 0.757010 1.040800 1.031508
v 0.904966 1.040800 0.904966
v 1.031508 1.040800 0.757010
v 1.134190 1.040800 0.590089
v 1.210564 1.040800 0.406648
v 1.258183 1.040800 0.209136
v 1.274600 1.040800 0.000000
v 0.213304 1.000000 1.283256
v 0.414752 1.000000 1.234688
v 0.601848 1.000000 1.156792
v 0.772096 1.000000 1.052064
v 0.923000 1.000000 0.923000
v 1.052064 1.000000 0.772096
v 1.156792 1.000000 0.601848
v 1.234688 1.000000 0.414752
v 1.283256 1.000000 0.213304
v 1.300000 1.000000 0.000000
v 0.275801 1.259200 -0.045844
v 0.265363 1.259200 -0.089140
v 0.226113 1.259200 -0.165941
v 0.165941 1.259200 -0.226113
v 0.089140 1.259200 -0.265363
v 0.045844 1.259200 -0.275801
v 0.386161 1.225600 -0.064188
v 0.316590 1.225600 -0.232342
v 0.232342 1.225600 -0.316590
v 0.064188 1.225600 -0.386161
v 1.086029 1.102600 -0.180521
v 0.890370 1.102600 -0.653431
v 0.653431 1.102600 -0.890370
v 0.180521 1.102600 -1.086029
v 1.189282 1.074400 -0.197684
v 1.144271 1.074400 -0.384379
v 0.975021 1.074400 -0.715555
v 0.715555 1.074400 -0.975021
v 0.384379 1.074400 -1.144271
v 0.197684 1.074400 -1.189282
v 1.258183 1.040800 -0.209136
v 1.210564 1.040800 -0.406648
v 1.134190 1.040800 -0.590089
v 1.031508 1.040800 -0.757010
v 0.904966 1.040800 -0.904966
v 0.757010 1.040800 -1.031508
v 0.590089 1.040800 -1.134190
v 0.406648 1.040800 -1.210564
v 0.209136 1.040800 -1.258183
v 0.000000 1.040800 -1.274600
v 1.283256 1.000000 -0.213304
v 1.234688 1.000000 -0.414752
v 1.156792 1.000000 -0.601848
v 1.052064 1.000000 -0.772096
v 0.923000 1.000000 -0.923000
v 0.772096 1.000000 -1.052064
v 0.601848 1.000000 -1.156792
v 0.414752 1.000000 -1.234688
v 0.213304 1.000000 -1.283256
v 0.000000 1.000000 -1.300000
v -0.045844 1.259200 -0.275801
v -0.089140 1.259200 -0.265363
v -0.165941 1.259200 -0.226113
v -0.226113 1.259200 -0.165941
v -0.265363 1.259200 -0.089140
v -0.275801 1.259200 -0.045844
v -0.064188 1.225600 -0.386161
v -0.232342 1.225600 -0.316590
v -0.316590 1.225600 -0.232342
v -0.386161 1.225600 -0.064188
v -0.180521 1.102600 -1.086029
v -0.653431 1.102600 -0.890370
v -0.890370 1.102600 -0.653431
v -1.086029 1.102600 -0.180521
v -0.197684 1.074400 -1.189282
v -0.384379 1.074400 -1.144271
v -0.715555 1.074400 -0.975021
v -0.975021 1.074400 -0.715555
v -1.144271 1.074400 -0.384379
v -1.189282 1.074400 -0.197684
v -0.209136 1.040800 -1.258183
v -0.406648 1.040800 -1.210564
v -0.590089 1.040800 -1.134190
v -0.757010 1.040800 -1.031508
v -0.904966 1.040800 -0.904966
v -1.031508 1.040800 -0.757010
v -1.134190 1.040800 -0.590089
v -1.210564 1.040800 -0.406648
v -1.258183 1.040800 -0.209136
v -0.213304 1.000000 -1.283256
v -0.414752 1.000000 -1.234688
v -0.601848 1.000000 -1.156792
v -0.772096 1.000000 -1.052064
v -0.923000 1.000000 -0.923000
v -1.052064 1.000000 -0.772096
v -1.156792 1.000000 -0.601848
v -1.234688 1.000000 -0.414752
v -1.283256 1.000000 -0.213304
v -1.039419 -1.353125 -0.762816
v -0.762816 -1.353125 -1.039419
v -1.364595 -1.335200 -0.226824
v -1.118749 -1.335200 -0.821035
v -0.821035 -1.335200 -1.118749
v -0.226824 -1.335200 -1.364595
v -1.426709 -1.315475 -0.237149
v -1.372712 -1.315475 -0.461116
v -1.169673 -1.315475 -0.858407
v -0.858407 -1.315475 -1.169673
v -0.461116 -1.315475 -1.372712
v -0.237149 -1.315475 -1.426709
v -1.461727 -1.294400 -0.242970
v -1.480800 -1.294400 -0.000000
v -1.406405 -1.294400 -0.472434
v -1.317675 -1.294400 -0.685551
v -1.198382 -1.294400 -0.879477
v -1.051368 -1.294400 -1.051368
v -0.879477 -1.294400 -1.198382
v -0.685551 -1.294400 -1.317675
v -0.472434 -1.294400 -1.406405
v -0.242970 -1.294400 -1.461727
v 0.000000 -1.294400 -1.480800
v -1.477200 -1.272425 -0.245542
v -1.496475 -1.272425 -0.000000
v -1.421292 -1.272425 -0.477435
v -1.331623 -1.272425 -0.692808
v -1.211067 -1.272425 -0.888786
v -1.062497 -1.272425 -1.062497
v -0.888786 -1.272425 -1.211067
v -0.692808 -1.272425 -1.331623
v -0.477435 -1.272425 -1.421292
v -0.245542 -1.272425 -1.477200
v 0.000000 -1.272425 -1.496475
v 0.762816 -1.353125 -1.039419
v 1.039419 -1.353125 -0.762816
v 1.267832 -1.353125 -0.210740
v 0.226824 -1.335200 -1.364595
v 0.821035 -1.335200 -1.118749
v 1.118749 -1.335200 -0.821035
v 1.364595 -1.335200 -0.226824
v 0.237149 -1.315475 -1.426709
v 0.461116 -1.315475 -1.372712
v 0.858407 -1.315475 -1.169673
v 1.169673 -1.315475 -0.858407
v 1.372712 -1.315475 -0.461116
v 1.426709 -1.315475 -0.237149
v 0.242970 -1.294400 -1.461727
v 0.472434 -1.294400 -1.406405
v 0.685551 -1.294400 -1.317675
v 0.879477 -1.294400 -1.198382
v 1.051368 -1.294400 -1.051368
v 1.198382 -1.294400 -0.879477
v 1.317675 -1.294400 -0.685551
v 1.406405 -1.294400 -0.472434
v 1.461727 -1.294400 -0.242970
v 1.480800 -1.294400 -0.000000
v 0.245542 -1.272425 -1.477200
v 0.477435 -1.272425 -1.421292
v 0.692808 -1.272425 -1.331623
v 0.888786 -1.272425 -1.211067
v 1.062497 -1.272425 -1.062497
v 1.211067 -1.272425 -0.888786
v 1.331623 -1.272425 -0.692808
v 1.421292 -1.272425 -0.477435
v 1.477200 -1.272425 -0.245542
v 1.496475 -1.272425 -0.000000
v 1.267832 -1.353125 0.210740
v 0.762816 -1.353125 1.039419
v 0.210740 -1.353125 1.267832
v 1.364595 -1.335200 0.226824
v 1.118749 -1.335200 0.821035
v 0.821035 -1.335200 1.118749
v 0.226824 -1.335200 1.364595
v 1.426709 -1.315475 0.237149
v 1.372712 -1.315475 0.461116
v 1.169673 -1.315475 0.858407
v 0.858407 -1.315475 1.169673
v 0.461116 -1.315475 1.372712
v 0.237149 -1.315475 1.426709
v 1.461727 -1.294400 0.242970
v 1.406405 -1.294400 0.472434
v 1.317675 -1.294400 0.685551
v 1.198382 -1.294400 0.879477
v 1.051368 -1.294400 1.051368
v 0.879477 -1.294400 1.198382
v 0.685551 -1.294400 1.317675
v 0.472434 -1.294400 1.406405
v 0.242970 -1.294400 1.461727
v 0.000000 -1.294400 1.480800
v 1.477200 -1.272425 0.245542
v 1.421292 -1.272425 0.477435
v 1.331623 -1.272425 0.692808
v 1.211067 -1.272425 0.888786
v 1.062497 -1.272425 1.062497
v 0.888786 -1.272425 1.211067
v 0.692808 -1.272425 1.331623
v 0.477435 -1.272425 1.421292
v 0.245542 -1.272425 1.477200
v 0.000000 -1.272425 1.496475
v -0.762816 -1.353125 1.039419
v -0.226824 -1.335200 1.364595
v -0.821035 -1.335200 1.118749
v -1.118749 -1.335200 0.821035
v -1.364595 -1.335200 0.226824
v -0.237149 -1.315475 1.426709
v -0.461116 -1.315475 1.372712
v -0.858407 -1.315475 1.169673
v -1.169673 -1.315475 0.858407
v -1.372712 -1.315475 0.461116
v -1.426709 -1.315475 0.237149
v -0.242970 -1.294400 1.461727
v -0.472434 -1.294400 1.406405
v -0.685551 -1.294400 1.317675
v -0.879477 -1.294400 1.198382
v -1.051368 -1.294400 1.051368
v -1.198382 -1.294400 0.879477
v -1.317675 -1.294400 0.685551
v -1.406405 -1.294400 0.472434
v -1.461727 -1.294400 0.242970
v -0.245542 -1.272425 1.477200
v -0.477435 -1.272425 1.421292
v -0.692808 -1.272425 1.331623
v -0.888786 -1.272425 1.211067
v -1.062497 -1.272425 1.062497
v -1.211067 -1.272425 0.888786
v -1.331623 -1.272425 0.692808
v -1.421292 -1.272425 0.477435
v -1.477200 -1.272425 0.245542
s 1
f 363 364 355
f 2041 2042 2037
f 1576 1566 1565
f 745 746 736
f 189 200 190
f 222 243 224
f 391 401 392
f 1933 1941 1934
f 2080 2081 2075
f 2022 2032 2023
f 485 486 476
f 838 830 829
f 1228 1237 1229
f 157 158 148
f 1574 1575 1564
f 945 954 946
f 353 362 35
f 2076 2046 2057
f 108 109 98
f 715 706 705
f 420 553 422
f 796 2093 2092
f 250 261 251
f 1936 1971 1967
f 467 215 214
f 653 652 2159
f 815 593 582
f 1555 1567 1556
f 654 2158 2157
f 464 495 485
f 1594 1606 1595
f 758 769 759
f 15 18 16
f 100 112 101
f 1650 1641 1640
f 1635 1637 1800
f 2109 2081 2091
f 532 543 533
f 393 74 384
f 1823 1833 1824
f 1419 1430 1431
f 466 214 213
f 621 611 610
f 121 140 123
f 120 121 122
f 11 13 14
f 1764 1765 1755
f 149 140 139
f 305 315 316
f 131 134 132
f 1605 1617 1606
f 1587 1577 1576
f 1242 1243 1233
f 532 542 543
f 1147 1158 1159
f 1983 1984 1975
f 248 249 236
f 486 477 476
f 602 613 678
f 2001 1873 1872
f 714 715 705
f 42 53 54
f 290 291 276
f 171 172 161
f 917 907 906
f 630 631 620
f 21 137 117
f 713 704 703
f 1657 1740 1730
f 1686 1677 1676
f 695 686 685
f 1569 1582 1571
f 1057 1050 1049
f 1586 1576 1575
f 1901 1902 1892
f 646 718 708
f 1808 1817 1818
f 2000 1871 1870
f 828 838 829
f 1836 1837 1828
f 1606 1618 1607
f 1441 1450 1451
f 483 493 494
f 2151 2152 2143
f 593 604 603
f 328 329 330
f 1688 1698 1699
f 351 352 341
f 103 115 104
f 1751 1762 1752
f 310 311 301
f 57 56 45
f 2129 721 2130
f 1811 1559 1548
f 1746 1747 1737
f 1680 1691 1681
f 143 154 144
f 610 600 599
f 1801 1800 1804
f 397 389 388
f 2067 852 797
f 2088 2099 2089
f 2004 2007 2008
f 753 744 743
f 1543 1446 1437
f 1643 1654 1644
f 2028 2029 2020
f 152 163 153
f 148 139 138
f 871 951 942
f 440 452 441
f 1723 1718 1722
f 684 675 674
f 593 603 592
f 1917 1709 1708
f 1302 1294 1293
f 93 104 105
f 677 748 738
f 820 821 812
f 761 772 762
f 1694 1685 1684
f 101 113 102
f 678 689 679
f 1290 1281 1279
f 1920 1925 1921
f 1996 2017 1986
f 228 246 230
f 1622 1612 1611
f 91 103 92
f 1947 1938 1937
f 403 404 395
f 1341 1333 1332
f 1666 1657 1656
f 792 783 782
f 1787 1798 1788
f 1903 1915 1904
f 2074 2080 2070
f 206 217 207
f 510 521 511
f 1579 1668 1658
f 1648 1659 1649
f 837 847 838
f 1704 1715 1705
f 1423 1435 1424
f 1595 1607 1596
f 86 76 75
f 660 671 661
f 2141 2142 2137
f 373 372 382
f 495 496 486
f 561 570 571
f 145 156 146
f 46 45 34
f 350 351 339
f 2063 855 2064
f 748 759 749
f 1710 1701 1700
f 122 121 123
f 136 222 223
f 728 739 729
f 1662 1653 1652
f 286 285 296
f 850 842 841
f 241 240 327
f 101 112 113
f 1833 1843 1834
f 200 211 201
f 196 206 207
f 2077 2078 2073
f 1692 1683 1682
f 2095 2096 2086
f 1999 1869 1868
f 1772 1783 1773
f 1827 1819 1818
f 1868 1869 1860
f 643 644 633
f 29 40 41
f 1624 1626 1615
f 1645 1656 1646
f 2079 2088 2080
f 153 163 164
f 1006 1101 1007
f 764 765 755
f 32 21 19
f 145 135 133
f 1979 1980 1973
f 442 430 441
f 1941 1951 1952
f 408 418 409
f 45 36 34
f 1013 940 939
f 840 841 832
f 226 245 228
f 230 233 231
f 273 272 283
f 311 321 322
f 2061 2051 2050
f 2123 2133 2134
f 1559 1547 1548
f 100 111 112
f 1902 1903 1893
f 202 193 192
f 712 713 703
f 1696 1687 1686
f 2054 2055 2045
f 1555 1566 1567
f 1812 1804 1803
f 1703 1694 1693
f 1774 1775 1765
f 2150 2151 2143
f 830 831 822
f 1823 1832 1833
f 205 196 195
f 1807 1808 1801
f 2144 2153 2154
f 544 737 798
f 857 856 2063
f 227 228 229
f 324 513 325
f 2046 2056 2057
f 1518 1519 1510
f 1327 1336 1315
f 1049 1050 1040
f 555 547 546
f 1213 1214 1202
f 2128 2119 2118
f 2028 2020 2019
f 279 269 268
f 1925 1919 1924
f 268 267 278
f 573 574 565
f 1562 1552 1551
f 1584 1596 1585
f 1477 1486 1487
f 1518 1509 1425
f 1531 1524 1523
f 1756 1747 1746
f 667 677 738
f 585 597 586
f 13 15 16
f 2081 2090 2091
f 1134 1148 1135
f 174 175 164
f 142 143 129
f 548 416 415
f 352 343 341
f 1642 1652 1653
f 1776 1767 1766
f 522 533 523
f 1055 1057 1049
f 1758 1759 1749
f 1792 1783 1782
f 1826 1827 1818
f 1943 1944 1935
f 246 257 247
f 1603 1614 1613
f 2121 2131 2132
f 706 707 697
f 1138 1150 1143
f 162 172 173
f 1813 1823 1814
f 998 1007 933
f 1815 1825 1816
f 536 527 526
f 2109 2110 2105
f 309 300 299
f 1742 1753 1743
f 353 4 343
f 1740 1751 1741
f 822 814 813
f 782 771 781
f 609 599 598
f 2017 2012 2011
f 357 358 349
f 1765 1756 1755
f 479 490 480
f 1342 1348 1349
f 1702 1693 1692
f 2118 2119 2111
f 440 451 452
f 354 346 345
f 171 170 185
f 547 415 414
f 2120 2131 2121
f 1988 1979 1978
f 1863 1873 1864
f 1598 1588 1587
f 687 758 748
f 1229 1222 1220
f 961 966 967
f 406 398 397
f 1744 1735 1734
f 655 656 645
f 1784 1775 1774
f 1785 1776 1775
f 1724 1735 1725
f 1797 1961 1962
f 430 114 429
f 92 103 104
f 2065 854 853
f 1982 1983 1974
f 350 360 351
f 1602 1613 1615
f 1949 1940 1939
f 722 723 713
f 1717 1780 1707
f 334 335 336
f 529 539 540
f 339 342 340
f 10 11 12
f 2111 2107 2106
f 567 577 568
f 1304 1296 1295
f 561 571 562
f 2158 2150 2149
f 2160 650 2161
f 1815 1807 1806
f 995 1004 1005
f 2154 2059 2048
f 773 764 763
f 1421 1432 1433
f 763 754 753
f 2131 719 2132
f 1788 1799 1789
f 638 650 639
f 1804 1805 1801
f 150 141 140
f 1852 1853 1844
f 1697 1780 1770
f 1899 1900 1891
f 625 636 638
f 659 669 670
f 362 46 35
f 1264 1265 1255
f 605 617 606
f 343 3 344
f 919 920 909
f 427 438 439
f 1727 1738 1728
f 1400 1391 1390
f 1733 1734 1724
f 1405 1404 1395
f 335 337 338
f 1855 1847 1846
f 143 153 154
f 821 822 813
f 349 337 335
f 847 839 838
f 2106 2107 2103
f 889 891 884
f 432 423 421
f 1957 1791 1790
f 279 278 284
f 378 379 369
f 1825 1817 1816
f 1561 1562 1551
f 312 323 313
f 1842 1852 1843
f 1413 1424 1425
f 516 507 506
f 1935 1945 1936
f 801 811 802
f 725 726 716
f 1894 1931 1927
f 694 685 684
f 303 314 304
f 1835 1827 1826
f 1917 1708 1634
f 1330 1339 1340
f 544 563 534
f 383 393 384
f 1649 1640 1639
f 360 370 361
f 341 344 342
f 1826 1818 1817
f 144 154 155
f 1644 1654 1655
f 937 938 928
f 1853 1845 1844
f 1067 1066 1055
f 256 267 257
f 494 515 484
f 1678 1688 1689
f 1760 1770 1771
f 198 208 209
f 607 618 619
f 352 362 353
f 1785 1796 1786
f 1585 1575 1574
f 536 537 527
f 1665 1656 1655
f 1225 1230 1226
f 400 410 401
f 497 661 498
f 484 505 474
f 1866 1858 1857
f 1053 1054 1046
f 181 191 282
f 2145 2037 2139
f 1174 1173 1172
f 418 552 419
f 1661 1672 1662
f 572 564 563
f 1477 1487 1478
f 276 277 266
f 1213 1212 1223
f 723 714 713
f 1552 1564 1553
f 586 587 460
f 1767 1758 1757
f 2002 1875 1625
f 591 668 658
f 672 673 663
f 1 25 5
f 1291 1188 1169
f 1743 1754 1744
f 611 612 601
f 54 65 66
f 2101 2115 2091
f 642 632 631
f 94 182 83
f 1865 1625 1614
f 922 921 910
f 731 741 742
f 1674 1675 1665
f 735 543 542
f 1965 1966 1961
f 362 371 46
f 736 544 543
f 207 218 208
f 280 270 269
f 1632 1879 1880
f 95 86 84
f 395 387 386
f 1763 1773 1774
f 913 914 904
f 8 9 10
f 664 502 501
f 1828 1820 1819
f 795 786 785
f 1719 1718 1723
f 1960 1964 1965
f 1893 1903 1904
f 1425 1455 1518
f 2122 2133 2123
f 1175 1174 1191
f 73 69 67
f 1771 1781 1782
f 670 681 671
f 613 688 678
f 1927 1932 1928
f 379 380 370
f 2071 2102 2104
f 2119 2129 2130
f 82 94 83
f 372 373 364
f 190 201 191
f 103 114 115
f 64 63 70
f 1387 1388 1377
f 2092 2083 2082
f 312 322 323
f 232 235 233
f 42 54 43
f 1437 1446 1445
f 1345 1456 1457
f 1749 1759 1830
f 37 27 26
f 1797 1962 1798
f 1373 1375 1364
f 809 818 819
f 907 908 898
f 601 602 591
f 1621 1611 1610
f 741 751 752
f 2162 647 2163
f 316 394 306
f 29 41 30
f 2146 2147 2141
f 1891 1900 1892
f 141 127 125
f 423 109 108
f 661 671 672
f 1799 1857 1789
f 333 349 335
f 2021 2031 2022
f 1679 1689 1690
f 637 648 647
f 767 834 825
f 159 158 168
f 1302 1303 1294
f 1399 1409 1410
f 1762 1773 1763
f 779 790 780
f 171 161 170
f 203 204 194
f 300 291 290
f 974 982 983
f 1834 1835 1826
f 1664 1665 1655
f 1902 1914 1903
f 1361 1371 1372
f 1898 1899 1891
f 842 615 833
f 564 556 555
f 456 584 457
f 1963 1964 1958
f 941 1015 1096
f 1967 1972 1968
f 2074 2079 2080
f 554 555 546
f 785 776 775
f 457 447 446
f 740 751 741
f 1311 1303 1310
f 353 24 4
f 672 663 662
f 774 775 765
f 247 248 234
f 793 2096 2095
f 1523 1524 1515
f 1539 1540 1531
f 831 832 823
f 1711 1702 1701
f 355 347 346
f 2145 2041 2037
f 247 234 232
f 116 212 202
f 1648 1649 1639
f 410 419 420
f 1960 1795 1794
f 2160 651 650
f 1554 1566 1555
f 364 365 356
f 1788 1798 1799
f 517 508 507
f 224 244 226
f 813 805 804
f 2108 2136 2104
f 2098 790 789
f 770 780 781
f 1966 1997 1962
f 546 414 413
f 927 928 917
f 160 151 150
f 686 687 677
f 1584 1595 1596
f 1768 1769 1759
f 2019 2020 2013
f 2004 2000 1999
f 496 497 487
f 714 705 704
f 2115 2110 2109
f 481 491 492
f 2111 2112 2107
f 2042 2038 2035
f 1108 1117 1109
f 1868 1860 1859
f 538 539 529
f 482 493 483
f 1627 1626 1876
f 2088 2098 2099
f 725 2127 2126
f 490 501 491
f 754 745 744
f 209 220 210
f 1094 1095 1081
f 1497 1488 1487
f 691 702 692
f 444 443 432
f 660 670 671
f 666 504 503
f 1529 1530 1522
f 522 532 533
f 1559 1570 1569
f 1397 1406 1407
f 526 517 516
f 559 569 560
f 1398 1408 1409
f 1924 1923 1927
f 1814 1806 1805
f 1076 1090 1060
f 628 640 629
f 1100 1109 1101
f 814 806 805
f 659 670 660
f 1981 1991 1992
f 1792 1791 1958
f 710 721 711
f 1723 1724 1719
f 736 737 544
f 489 500 490
f 783 774 773
f 331 348 333
f 816 825 826
f 429 113 428
f 518 509 508
f 1 23 25
f 2126 2117 2116
f 2142 2150 2143
f 2040 2076 2072
f 1812 1822 1813
f 575 802 576
f 1956 1987 1977
f 387 375 374
f 407 416 417
f 444 432 433
f 9 27 28
f 594 605 606
f 46 34 35
f 1181 1195 1196
f 521 531 532
f 2016 1896 1889
f 1239 1225 1213
f 492 502 503
f 322 511 323
f 560 570 561
f 747 816 807
f 1997 1866 1799
f 2152 2162 2153
f 1964 1959 1958
f 2077 2084 2078
f 1304 1305 1296
f 1410 1421 1422
f 794 793 2095
f 92 104 93
f 925 926 915
f 2130 720 2131
f 149 150 140
f 1625 1874 2002
f 1529 1522 1521
f 1214 1203 1202
f 1704 1714 1715
f 1798 1962 1799
f 1208 1283 1197
f 1357 1250 1260
f 424 110 109
f 1974 1969 1968
f 1943 1954 1944
f 428 440 429
f 1986 2017 2011
f 975 984 976
f 465 213 212
f 1557 1638 1635
f 523 534 524
f 817 826 827
f 1836 1828 1827
f 1561 1551 1550
f 262 253 252
f 748 758 759
f 1727 1737 1738
f 1884 1917 1880
f 634 624 623
f 1948 1939 1938
f 1295 1296 1287
f 1359 1263 1262
f 135 146 242
f 996 1005 1006
f 219 472 473
f 1545 1544 1549
f 849 850 841
f 744 735 734
f 994 1004 995
f 827 836 837
f 1844 1836 1835
f 203 194 193
f 356 348 347
f 1268 1270 1271
f 1667 1750 1740
f 450 462 451
f 166 252 156
f 476 467 466
f 1304 1303 1311
f 1004 1106 1099
f 2059 2058 2047
f 529 540 530
f 1597 1587 1586
f 1945 1956 1946
f 1560 1550 1549
f 2135 2139 2035
f 1864 1865 1856
f 261 354 345
f 1634 1698 1623
f 1812 1821 1822
f 520 531 521
f 618 630 619
f 685 676 675
f 969 968 977
f 1091 1092 1078
f 256 266 267
f 417 551 418
f 1842 1851 1852
f 988 997 998
f 3 1 2
f 145 146 135
f 1879 1632 1631
f 957 962 963
f 487 478 477
f 78 90 79
f 1536 1537 1528
f 829 830 821
f 136 135 222
f 1046 1127 1118
f 217 470 471
f 1787 1788 1778
f 1622 1634 1623
f 2081 2109 2105
f 818 828 819
f 1909 1910 1899
f 877 895 885
f 1956 1977 1946
f 538 732 539
f 2119 2130 2120
f 1985 1996 1986
f 441 452 453
f 1589 1579 1578
f 2000 2001 1872
f 1909 1899 1898
f 425 111 110
f 443 434 432
f 369 368 378
f 1455 1425 1435
f 516 517 507
f 2119 2120 2112
f 1657 1720 1647
f 728 738 739
f 1959 1793 1792
f 363 355 354
f 1648 1639 1638
f 1771 1782 1772
f 822 823 814
f 166 262 252
f 57 45 46
f 1969 1975 1970
f 1342 1350 1343
f 274 265 264
f 1022 1023 1012
f 78 89 90
f 1733 1724 1723
f 637 647 636
f 977 986 987
f 188 198 199
f 337 339 340
f 246 232 230
f 210 221 211
f 1065 1071 1142
f 1740 1750 1751
f 1877 1628 1627
f 530 541 531
f 513 524 514
f 1319 1312 1318
f 5 26 7
f 1299 1300 1291
f 895 894 905
f 632 622 621
f 257 268 258
f 401 410 411
f 416 550 417
f 1769 1779 1848
f 441 453 442
f 1757 1748 1747
f 1908 1898 1897
f 1624 1615 1613
f 698 708 709
f 1685 1676 1675
f 1824 1833 1834
f 910 912 902
f 745 736 735
f 560 569 570
f 153 164 154
f 573 565 564
f 1308 1309 1300
f 1249 1213 1223
f 1731 1722 1721
f 2013 2021 2014
f 2024 2033 2034
f 204 205 195
f 260 270 271
f 1843 1835 1834
f 387 388 375
f 824 593 815
f 99 89 88
f 80 92 81
f 589 463 462
f 1246 1245 1235
f 1482 1491 1385
f 1260 1250 1249
f 2135 2137 2138
f 185 186 171
f 1650 1651 1641
f 1751 1761 1762
f 391 383 378
f 1102 1110 1111
f 1887 1893 1888
f 247 258 248
f 1444 1453 1454
f 1960 1961 1796
f 509 520 510
f 1973 1972 1979
f 131 133 134
f 1046 1054 1127
f 1400 1399 1411
f 351 341 339
f 800 809 810
f 125 128 126
f 1417 1429 1418
f 1908 1909 1898
f 1000 1097 1098
f 816 826 817
f 1966 1962 1961
f 1399 1398 1409
f 575 801 802
f 2136 2137 2135
f 1406 1417 1418
f 1731 1732 1722
f 937 1022 1012
f 2078 2086 2079
f 468 469 216
f 1728 1739 1729
f 1739 1812 1803
f 144 155 145
f 284 294 295
f 599 589 588
f 2007 2012 2008
f 451 463 452
f 2065 853 2066
f 596 608 597
f 1228 1235 1237
f 1981 1992 1982
f 295 306 296
f 1622 1623 1612
f 2083 2084 2077
f 2158 2159 2150
f 434 424 423
f 505 318 317
f 846 856 847
f 364 356 355
f 488 489 479
f 376 367 375
f 584 595 596
f 1340 1459 1460
f 1808 1818 1809
f 537 731 538
f 226 244 245
f 2027 2019 2018
f 2084 2085 2078
f 752 743 742
f 1748 1749 1739
f 583 595 584
f 454 583 456
f 657 2155 2134
f 734 542 541
f 331 347 348
f 1989 1980 1979
f 584 596 585
f 1156 1165 504
f 1336 1221 1315
f 809 819 810
f 2024 2034 2025
f 1336 1344 1246
f 1658 1669 1659
f 296 385 381
f 485 476 475
f 1328 1338 1329
f 546 547 414
f 359 369 360
f 653 2159 2158
f 1352 1354 1258
f 681 691 692
f 1996 2026 2017
f 729 739 740
f 478 469 468
f 999 1097 1000
f 1875 1624 1625
f 221 307 211
f 1966 1970 2007
f 2105 2071 2075
f 383 380 379
f 489 499 500
f 837 846 847
f 1205 1216 1217
f 2047 2049 2042
f 305 316 306
f 776 767 766
f 2110 2117 2111
f 2091 2115 2109
f 367 366 375
f 1997 1998 1867
f 127 130 128
f 1494 1493 1501
f 549 558 559
f 1643 1653 1654
f 1904 1915 1916
f 2108 2114 2140
f 169 159 168
f 326 412 403
f 1208 1292 1283
f 2023 2024 2015
f 982 991 992
f 31 43 32
f 1573 1584 1585
f 612 602 601
f 2054 2066 2055
f 582 592 581
f 94 192 182
f 366 367 358
f 756 757 747
f 68 384 74
f 464 658 495
f 174 173 179
f 2058 2049 2047
f 2035 2037 2042
f 2026 2027 2018
f 2132 718 2133
f 523 533 534
f 596 607 608
f 388 389 376
f 333 348 349
f 2121 2122 2113
f 706 697 696
f 631 621 620
f 1706 1716 1717
f 1831 1841 1832
f 958 883 873
f 620 610 609
f 70 82 71
f 716 707 706
f 628 639 640
f 922 910 911
f 634 635 624
f 483 494 484
f 824 604 593
f 2098 789 2099
f 630 620 619
f 488 479 478
f 321 510 322
f 2087 2088 2079
f 358 368 359
f 2153 2163 2154
f 1493 1492 1500
f 1570 1580 1569
f 2086 2087 2079
f 1762 1772 1773
f 1832 1842 1833
f 1670 1681 1671
f 734 735 542
f 669 680 670
f 675 666 665
f 1800 1801 1802
f 439 451 440
f 1348 1333 1341
f 1759 1839 1830
f 31 19 17
f 1568 1658 1648
f 779 789 790
f 658 669 659
f 5 25 26
f 156 242 146
f 1830 1840 1831
f 1591 1604 1593
f 1139 1143 1144
f 953 961 954
f 1676 1667 1666
f 581 594 583
f 320 311 310
f 652 642 641
f 361 370 371
f 806 455 580
f 839 831 830
f 2093 2094 2084
f 1731 1741 1742
f 1970 1966 1965
f 1644 1655 1645
f 1254 1255 1244
f 1619 1630 1631
f 636 647 649
f 1229 1220 1228
f 455 581 454
f 2006 1881 1875
f 228 245 246
f 2081 2105 2075
f 257 267 268
f 2053 2065 2054
f 88 89 78
f 971 979 980
f 1422 1433 1434
f 2117 2118 2111
f 2105 2110 2106
f 1582 1594 1583
f 1715 1922 1716
f 1841 1851 1842
f 1358 1262 1261
f 2116 2117 2110
f 844 854 845
f 455 443 444
f 778 789 779
f 240 345 327
f 1837 1838 1829
f 1527 1528 1520
f 643 633 632
f 1349 1462 1463
f 519 530 520
f 566 567 558
f 1765 1766 1756
f 1618 1608 1607
f 1408 1419 1420
f 2006 1875 2002
f 1942 1953 1943
f 176 175 181
f 323 512 324
f 1750 1761 1751
f 47 48 37
f 563 555 554
f 1460 1461 1348
f 886 887 880
f 1581 1591 1580
f 617 629 618
f 1706 1717 1707
f 1910 1900 1899
f 1758 1749 1748
f 249 260 250
f 133 136 134
f 7 27 9
f 2090 2100 2101
f 1921 1715 1714
f 1886 1885 1890
f 1645 1655 1656
f 1203 1192 1191
f 939 940 930
f 1907 1895 1896
f 602 678 668
f 493 504 494
f 759 769 770
f 1385 1491 1396
f 1466 1476 1467
f 537 730 731
f 1959 1960 1794
f 1892 1893 1887
f 1144 1152 1153
f 592 605 594
f 611 601 600
f 823 815 814
f 743 734 733
f 328 327 329
f 1541 1542 1533
f 1588 1578 1577
f 310 301 300
f 431 465 212
f 531 542 532
f 1237 1238 1229
f 554 546 545
f 443 445 434
f 365 366 357
f 2111 2119 2112
f 2067 797 2068
f 732 733 540
f 1146 1157 1158
f 524 545 514
f 1592 1602 1591
f 1433 1444 1434
f 267 277 278
f 291 301 302
f 834 844 835
f 142 129 127
f 41 53 42
f 1072 1074 1068
f 2134 2146 2124
f 1876 1877 1627
f 1770 1780 1781
f 442 465 431
f 313 324 314
f 722 713 712
f 1920 1713 1712
f 2153 2162 2163
f 1703 1714 1704
f 567 576 577
f 1843 1844 1835
f 2012 2013 2008
f 999 1096 1097
f 775 776 766
f 1074 1075 1069
f 951 959 960
f 1041 1059 1060
f 1807 1816 1817
f 398 407 408
f 633 623 622
f 1619 1609 1608
f 303 313 314
f 712 703 702
f 434 435 424
f 911 910 900
f 1115 1124 1125
f 39 50 51
f 759 770 760
f 638 649 650
f 32 44 33
f 1608 1598 1597
f 486 487 477
f 449 460 461
f 1343 1350 1351
f 214 205 204
f 66 167 157
f 1829 1559 1820
f 215 216 206
f 1937 1932 1931
f 1009 1008 932
f 1784 1795 1785
f 635 708 698
f 641 631 630
f 295 305 306
f 781 792 782
f 85 73 74
f 55 147 44
f 1220 1221 1228
f 192 183 182
f 1636 1641 1642
f 421 108 106
f 281 363 271
f 927 926 937
f 1402 1401 1413
f 1925 1926 1921
f 1303 1302 1310
f 1785 1786 1776
f 2152 2161 2162
f 804 579 578
f 632 633 622
f 1950 1941 1940
f 1558 1571 1560
f 213 204 203
f 1286 1287 1274
f 2120 2121 2112
f 454 581 583
f 1846 1838 1837
f 102 114 103
f 186 197 187
f 466 467 214
f 2057 2082 2076
f 35 34 23
f 1320 1328 1329
f 404 396 395
f 1892 1902 1893
f 1612 1698 1688
f 84 86 75
f 644 634 633
f 787 852 843
f 667 738 728
f 570 580 571
f 687 697 758
f 2125 2116 2115
f 1331 1340 1341
f 2127 2118 2117
f 425 426 111
f 1796 1795 1960
f 1555 1556 1546
f 1312 1305 1304
f 1890 1897 1898
f 456 583 584
f 1435 1454 1455
f 740 750 751
f 32 33 21
f 508 321 320
f 793 784 783
f 1903 1914 1915
f 755 746 745
f 2043 2039 2038
f 544 798 572
f 210 220 221
f 557 558 549
f 254 245 244
f 697 707 768
f 491 502 492
f 1221 1236 1228
f 717 788 778
f 2133 657 2134
f 850 851 842
f 1154 1163 1164
f 1667 1677 1750
f 813 814 805
f 411 420 107
f 595 607 596
f 623 613 612
f 819 829 820
f 860 2060 2058
f 513 523 524
f 147 138 137
f 1005 1004 1099
f 211 307 297
f 724 723 2128
f 315 325 326
f 1052 1053 1045
f 991 1000 1001
f 2025 1896 2016
f 654 653 2158
f 1861 1871 1862
f 1718 1719 1800
f 1968 1964 1967
f 2040 2046 2076
f 826 836 827
f 535 728 729
f 1935 1934 1943
f 1814 1824 1815
f 15 17 18
f 212 203 202
f 629 641 630
f 477 468 467
f 438 450 439
f 1777 1768 1767
f 1124 1123 1130
f 537 528 527
f 1932 1938 1939
f 1732 1733 1723
f 1750 1760 1761
f 843 853 844
f 673 664 663
f 97 87 86
f 1540 1541 1532
f 349 358 359
f 1948 1949 1939
f 229 228 230
f 656 2156 2155
f 858 850 849
f 1315 1221 1210
f 1905 1937 1931
f 799 809 800
f 890 882 883
f 739 750 740
f 1538 1539 1530
f 848 840 839
f 657 656 2155
f 725 724 2127
f 2099 788 2100
f 624 698 688
f 1930 1929 1935
f 614 625 627
f 572 799 573
f 607 619 608
f 674 665 664
f 827 837 828
f 88 78 77
f 859 851 850
f 798 808 799
f 840 832 831
f 116 202 105
f 422 106 107
f 678 688 689
f 1706 1707 1697
f 782 772 771
f 1875 1626 1624
f 2163 648 2059
f 1916 1937 1905
f 498 662 499
f 846 855 856
f 224 243 244
f 453 485 475
f 950 958 873
f 1888 1883 1887
f 1939 1940 1933
f 1470 1479 1480
f 783 784 774
f 117 138 119
f 1894 1927 1888
f 326 403 316
f 108 98 97
f 586 460 459
f 2141 2148 2142
f 1234 1320 1301
f 1755 1746 1745
f 769 780 770
f 160 161 151
f 498 489 488
f 857 2063 2062
f 2056 2068 2057
f 431 212 116
f 1128 1134 1135
f 860 637 851
f 507 508 320
f 1672 1663 1662
f 1664 1655 1654
f 1468 1477 1478
f 786 777 776
f 293 294 284
f 794 785 784
f 1359 1360 1263
f 1941 1952 1942
f 69 76 59
f 511 522 512
f 896 897 886
f 2123 2134 2124
f 1115 1107 1106
f 1610 1611 1600
f 603 614 616
f 1412 1424 1413
f 1473 1482 1374
f 872 863 861
f 1149 1161 1137
f 1284 1270 1268
f 699 709 710
f 959 964 965
f 38 39 28
f 1828 1829 1820
f 317 318 308
f 1513 1505 1504
f 393 402 85
f 1884 1927 1923
f 709 719 720
f 2156 2148 2147
f 1101 1017 1009
f 825 834 835
f 1097 1104 1098
f 2140 2114 2124
f 1187 1200 1189
f 1984 1994 1995
f 1291 1169 1281
f 653 654 643
f 1410 1422 1411
f 1398 1388 1387
f 504 1082 1083
f 2003 2004 1998
f 1635 1636 1637
f 319 320 310
f 1568 1579 1658
f 1879 1878 1883
f 1485 1495 1486
f 696 697 687
f 2005 2009 2010
f 1639 1640 1636
f 1096 1103 1097
f 1136 1149 1137
f 916 917 906
f 1577 1578 1567
f 1517 1405 1508
f 1104 1112 1113
f 1167 1166 1170
f 1270 1272 1273
f 1407 1419 1408
f 1850 1859 1860
f 939 930 929
f 1791 1792 1782
f 1141 1067 1056
f 1024 1025 1014
f 886 880 879
f 392 401 402
f 1358 1359 1262
f 2157 2158 2149
f 1307 1299 1298
f 701 711 712
f 1109 1028 1017
f 225 224 226
f 995 1005 996
f 1481 1490 1491
f 1193 1204 1205
f 997 1006 1007
f 1373 1364 1362
f 1324 1318 1323
f 957 963 958
f 1498 1507 1508
f 1928 1929 1925
f 1977 1978 1972
f 1532 1533 1525
f 1469 1478 1479
f 1349 1463 1350
f 184 185 170
f 1292 1284 1283
f 1745 1746 1736
f 1156 504 1083
f 2015 2016 2010
f 931 941 999
f 405 406 397
f 844 853 854
f 897 898 887
f 283 288 289
f 873 872 861
f 1344 1257 1246
f 848 849 840
f 1178 1179 1180
f 957 956 962
f 1194 1206 1195
f 942 951 952
f 1907 1906 1895
f 933 932 921
f 2156 2157 2148
f 1432 1442 1443
f 1298 1290 1289
f 1389 1388 1398
f 974 983 975
f 1883 1884 1879
f 390 399 400
f 1678 1668 1590
f 2106 2103 2102
f 1077 1078 1062
f 1239 1230 1225
f 806 582 455
f 1303 1295 1294
f 156 252 242
f 1118 1128 1119
f 944 953 954
f 1339 1347 1459
f 1248 1249 1238
f 1171 1172 1173
f 537 538 528
f 1935 1936 1930
f 882 884 874
f 1116 1126 1117
f 904 914 915
f 963 890 883
f 2089 2099 2100
f 1648 1658 1659
f 1190 1201 1202
f 924 914 913
f 2133 718 657
f 1068 1058 1057
f 691 701 702
f 873 861 862
f 3 4 1
f 1180 1181 1182
f 1848 1857 1858
f 1526 1416 1517
f 1333 1342 1334
f 1204 1216 1205
f 438 449 450
f 617 628 629
f 859 860 851
f 206 216 217
f 1530 1531 1523
f 1080 1071 1070
f 573 799 800
f 882 874 872
f 2051 2052 2043
f 1523 1515 1514
f 1930 1963 1926
f 1813 1822 1823
f 1582 1593 1594
f 1318 1304 1311
f 717 727 788
f 623 624 613
f 1426 1436 1438
f 341 343 344
f 1314 1315 1309
f 1244 1337 1328
f 1499 1491 1490
f 148 149 139
f 934 935 924
f 1166 1189 1170
f 892 875 884
f 1108 1116 1117
f 1864 1873 1874
f 1018 1011 1010
f 194 195 185
f 935 925 924
f 1134 1133 1142
f 929 919 918
f 1217 1232 1233
f 1465 1475 1466
f 1506 1498 1497
f 1198 1211 1200
f 2100 788 727
f 1666 1667 1657
f 218 471 472
f 1048 1037 1038
f 2064 855 854
f 992 1002 993
f 1572 1583 1584
f 1060 1042 1031
f 1124 1130 1131
f 1283 1268 1266
f 61 62 50
f 1774 1765 1764
f 668 678 679
f 1966 2003 1997
f 456 446 445
f 306 394 385
f 187 198 188
f 946 954 968
f 726 727 717
f 1989 1990 1980
f 248 236 234
f 504 525 494
f 399 409 400
f 1183 1197 1185
f 1741 1751 1752
f 1354 1259 1258
f 955 947 946
f 1300 1188 1291
f 662 663 500
f 1688 1699 1689
f 1638 1639 1635
f 417 550 551
f 569 578 579
f 504 667 728
f 1114 1113 1122
f 857 858 849
f 436 437 426
f 1468 1478 1469
f 588 589 462
f 2113 2123 2114
f 1427 1437 1436
f 1106 1107 1099
f 692 693 683
f 548 549 416
f 1975 1984 1985
f 883 872 873
f 1643 1644 1636
f 879 870 869
f 1681 1691 1692
f 1199 1209 1198
f 1583 1594 1595
f 1884 1888 1927
f 1059 1041 1050
f 1528 1521 1520
f 690 700 701
f 998 933 922
f 1378 1379 1368
f 1155 1165 1156
f 175 180 181
f 2010 1885 1881
f 1761 1771 1772
f 1022 937 1021
f 574 575 566
f 801 810 811
f 435 436 425
f 1034 1025 1024
f 223 222 224
f 937 928 927
f 836 845 846
f 1213 1249 1239
f 1309 1210 1199
f 1831 1840 1841
f 6 5 7
f 1168 1166 1167
f 1153 1156 1083
f 1384 1375 1373
f 2039 2044 2045
f 1308 1300 1299
f 1011 1019 1020
f 950 873 862
f 1149 1160 1161
f 982 992 983
f 30 41 42
f 1043 1034 1033
f 1651 1661 1662
f 1406 1418 1407
f 900 902 891
f 1211 1223 1212
f 1525 1526 1517
f 1054 1133 1127
f 1620 1621 1610
f 1102 1111 1103
f 1628 1629 1618
f 1162 1163 1154
f 1514 1515 1506
f 923 913 912
f 1276 1288 1277
f 1201 1213 1202
f 1520 1521 1512
f 1016 1010 1008
f 1637 1636 1644
f 31 32 19
f 449 438 437
f 926 916 915
f 1027 1029 1018
f 954 961 967
f 1026 1036 1110
f 1012 938 937
f 989 998 922
f 464 591 658
f 640 651 652
f 1132 1056 1048
f 1877 1878 1629
f 1063 1053 1052
f 1363 1362 1352
f 1192 1204 1193
f 1519 1520 1511
f 964 974 965
f 906 907 897
f 1633 1880 1634
f 762 763 753
f 990 1000 991
f 2068 2092 2082
f 63 64 52
f 892 893 876
f 1294 1286 1285
f 1728 1729 1800
f 1148 1160 1149
f 1257 1256 1245
f 1405 1395 1396
f 898 899 888
f 911 900 901
f 1092 1093 1079
f 1060 1059 1076
f 990 999 1000
f 41 52 53
f 1118 1127 1128
f 896 886 885
f 1480 1489 1490
f 938 929 928
f 1607 1608 1597
f 1299 1291 1290
f 514 326 325
f 1439 1449 1440
f 1478 1487 1488
f 1205 1217 1206
f 1460 1469 1470
f 1254 1244 1243
f 1790 1791 1781
f 1345 1457 1346
f 1069 1075 1076
f 1020 1019 1030
f 1506 1507 1498
f 1800 1544 1635
f 1926 1925 1930
f 1077 1062 1061
f 1784 1794 1795
f 1061 1062 1051
f 1198 1209 1211
f 80 70 63
f 1353 1352 1256
f 1491 1499 1396
f 1810 1819 1820
f 1416 1426 1415
f 178 184 169
f 1814 1823 1824
f 1045 1046 1036
f 1170 1190 1172
f 1971 1972 1967
f 1657 1667 1740
f 1438 1447 1448
f 1499 1405 1396
f 1456 1465 1466
f 1119 1129 1120
f 1201 1212 1213
f 1316 1310 1301
f 793 794 784
f 1685 1686 1676
f 1191 1202 1203
f 959 965 960
f 912 913 903
f 1081 1157 1146
f 49 50 39
f 742 743 733
f 1693 1694 1684
f 652 653 642
f 1618 1629 1630
f 1533 1526 1525
f 2023 2032 2033
f 1385 1373 1374
f 304 314 315
f 1036 1118 1110
f 1161 1162 1150
f 209 219 220
f 952 960 961
f 885 879 878
f 184 170 169
f 966 976 967
f 1479 1488 1489
f 933 921 922
f 553 420 419
f 616 628 617
f 1863 1855 1854
f 201 297 287
f 1197 1266 1185
f 234 236 237
f 1460 1470 1461
f 43 54 55
f 390 400 391
f 1933 1932 1939
f 1000 1098 1001
f 803 804 578
f 241 327 328
f 2015 2014 2023
f 204 195 194
f 1320 1329 1321
f 777 787 843
f 1285 1272 1270
f 1645 1646 1637
f 1546 1635 1544
f 78 79 61
f 236 238 239
f 458 459 448
f 2148 2149 2142
f 1578 1579 1568
f 1366 1357 1356
f 124 123 125
f 1023 1013 1012
f 446 447 436
f 1177 1194 1179
f 1114 1122 1123
f 368 377 378
f 2016 1889 1885
f 1790 1781 1780
f 835 844 845
f 888 964 959
f 474 505 317
f 1103 1112 1104
f 979 988 989
f 121 139 140
f 1253 1254 1243
f 1080 1081 1071
f 943 952 953
f 1093 1080 1079
f 1710 1709 1918
f 920 990 981
f 2161 650 649
f 1033 1024 1023
f 1519 1518 1527
f 2070 2069 2074
f 1420 1431 1432
f 1580 1593 1582
f 291 292 276
f 881 959 951
f 1732 1742 1743
f 2122 2132 2133
f 751 761 762
f 1052 1045 1044
f 908 909 899
f 1225 1224 1214
f 1036 1046 1118
f 1340 1460 1341
f 1414 1500 1492
f 1527 1520 1519
f 1521 1522 1513
f 1145 1073 1067
f 413 414 405
f 376 375 388
f 866 865 876
f 1534 1427 1526
f 1297 1298 1289
f 1377 1367 1366
f 1402 1403 1394
f 677 687 748
f 1625 1624 1613
f 1002 1105 1003
f 902 903 892
f 249 259 260
f 1093 1094 1080
f 978 988 979
f 635 646 708
f 793 792 2096
f 102 113 114
f 1209 1222 1211
f 178 183 184
f 1515 1507 1506
f 1087 1088 1085
f 1140 1145 1141
f 1068 1069 1058
f 205 206 196
f 992 1001 1002
f 1516 1508 1507
f 1511 1512 1503
f 1101 1109 1017
f 4 24 23
f 1166 1187 1189
f 1255 1265 1345
f 2120 2130 2131
f 1239 1240 1230
f 431 115 430
f 2020 2021 2013
f 2142 2138 2137
f 80 91 92
f 1412 1423 1424
f 1085 1088 1089
f 1037 1029 1027
f 1346 1457 1458
f 664 665 502
f 1919 1920 1712
f 875 865 864
f 213 214 204
f 646 657 718
f 878 879 869
f 1490 1489 1498
f 1008 1010 934
f 1405 1415 1404
f 1504 1505 1496
f 1814 1815 1806
f 624 635 698
f 1414 1402 1413
f 1496 1497 1487
f 782 773 772
f 2012 2018 2019
f 928 918 917
f 1512 1513 1504
f 430 115 114
f 948 956 957
f 1330 1340 1331
f 1759 1769 1839
f 1809 1810 1802
f 1703 1713 1714
f 965 975 966
f 1729 1803 1800
f 986 995 996
f 693 694 684
f 984 994 985
f 90 101 102
f 2058 2060 2049
f 1204 1215 1216
f 1925 1924 1928
f 744 745 735
f 1338 1347 1339
f 482 492 493
f 927 917 916
f 1489 1497 1498
f 1234 1328 1320
f 1524 1525 1516
f 1130 1140 1131
f 581 592 594
f 1367 1358 1357
f 804 805 579
f 1313 1308 1307
f 876 893 894
f 1210 1220 1209
f 265 266 256
f 1064 1054 1053
f 197 207 208
f 713 714 704
f 2107 2113 2103
f 1257 1245 1246
f 271 270 281
f 1936 1967 1930
f 823 824 815
f 1193 1205 1194
f 899 909 973
f 973 982 974
f 1203 1214 1215
f 1078 1063 1062
f 1894 1904 1905
f 1167 1170 1171
f 1385 1384 1373
f 934 924 923
f 1428 1438 1439
f 2082 2083 2077
f 155 165 166
f 1512 1504 1503
f 1997 2003 1998
f 1885 1889 1890
f 79 90 91
f 1107 1116 1108
f 1287 1296 1288
f 1366 1367 1357
f 955 969 970
f 1599 1589 1588
f 151 161 162
f 1586 1587 1576
f 1695 1696 1686
f 1099 1107 1108
f 1042 1043 1033
f 63 62 80
f 1251 1250 1357
f 935 936 925
f 746 747 737
f 1650 1660 1661
f 144 145 133
f 1849 1859 1850
f 571 580 455
f 1023 1024 1013
f 1384 1386 1375
f 512 522 523
f 1689 1700 1690
f 615 626 625
f 19 22 20
f 98 88 87
f 1988 1989 1979
f 1640 1641 1636
f 470 480 481
f 457 584 585
f 1958 1959 1792
f 1813 1814 1805
f 533 544 534
f 1727 1728 1719
f 2045 2055 2056
f 1524 1516 1515
f 1121 1136 1137
f 1057 1058 1050
f 297 298 288
f 1509 1501 1500
f 1987 1988 1978
f 1432 1443 1433
f 83 182 177
f 1061 1042 1060
f 1990 1991 1981
f 1480 1490 1481
f 2052 2063 2064
f 1324 1319 1318
f 433 432 421
f 1961 1960 1965
f 274 275 265
f 2104 2103 2113
f 154 164 165
f 1519 1511 1510
f 454 456 445
f 878 869 868
f 797 796 2092
f 1363 1352 1353
f 445 446 435
f 948 957 949
f 1112 1120 1121
f 1184 1185 1186
f 77 78 61
f 1459 1469 1460
f 1976 2011 2007
f 1467 1477 1468
f 1033 1023 1032
f 1266 1269 1267
f 1276 1274 1288
f 324 512 513
f 918 919 908
f 1028 1016 1017
f 1484 1493 1494
f 1045 1036 1035
f 1900 1911 1912
f 1532 1525 1524
f 1399 1400 1390
f 858 859 850
f 1127 1133 1134
f 1463 1473 1464
f 1720 1721 1718
f 901 889 890
f 663 664 501
f 1464 1363 1353
f 1673 1674 1664
f 2099 789 788
f 1719 1725 1726
f 1964 1963 1967
f 1140 1144 1145
f 1591 1602 1604
f 894 893 904
f 919 909 908
f 298 299 289
f 1401 1400 1412
f 390 391 377
f 380 371 370
f 1462 1471 1472
f 1785 1795 1796
f 923 924 913
f 735 736 543
f 1465 1474 1475
f 1044 1035 1034
f 1070 1071 1065
f 518 519 509
f 1216 1215 1224
f 1324 1323 1332
f 97 98 87
f 987 997 988
f 755 756 746
f 860 859 2060
f 2142 2143 2138
f 876 894 866
f 1609 1610 1599
f 1083 1072 1073
f 294 304 305
f 1297 1289 1288
f 1266 1268 1269
f 1541 1533 1532
f 819 828 829
f 1049 1040 1039
f 641 642 631
f 1404 1417 1406
f 1227 1224 1226
f 1711 1919 1712
f 967 976 968
f 2053 2064 2065
f 2110 2111 2106
f 360 369 370
f 1676 1677 1667
f 1415 1428 1417
f 1090 1091 1077
f 986 996 987
f 1628 1877 1629
f 1315 1210 1309
f 1708 1709 1699
f 1522 1514 1513
f 2113 2114 2108
f 986 985 995
f 192 193 183
f 273 283 274
f 1882 1881 1885
f 903 893 892
f 1117 1126 1038
f 1127 1134 1128
f 921 912 910
f 1718 1637 1647
f 1597 1598 1587
f 2075 2071 2080
f 1894 1888 1893
f 1530 1523 1522
f 924 925 914
f 1369 1360 1359
f 1357 1358 1261
f 1117 1038 1028
f 1671 1681 1682
f 1930 1967 1963
f 1206 1217 1218
f 284 280 279
f 1931 1894 1905
f 358 367 368
f 1937 1938 1932
f 1348 1462 1349
f 1436 1445 1447
f 1415 1426 1428
f 1170 1189 1190
f 894 895 877
f 2132 719 718
f 877 868 867
f 455 454 443
f 1388 1378 1377
f 1396 1395 1384
f 1209 1220 1222
f 109 110 99
f 1206 1218 1207
f 1351 1464 1353
f 1085 1089 1076
f 1296 1297 1288
f 1429 1440 1430
f 98 99 88
f 1880 1917 1634
f 1637 1718 1800
f 981 991 982
f 168 178 169
f 1306 1298 1297
f 926 925 936
f 526 527 517
f 799 808 809
f 1436 1447 1438
f 1116 1125 1126
f 1418 1430 1419
f 866 894 877
f 1470 1480 1471
f 1593 1604 1605
f 2009 2014 2015
f 264 265 255
f 391 400 401
f 308 309 299
f 1086 1084 1082
f 1131 1140 1141
f 1443 1453 1444
f 1337 1345 1346
f 899 973 964
f 1411 1422 1423
f 1950 1951 1941
f 2078 2079 2074
f 997 1007 998
f 1364 1365 1355
f 989 922 911
f 1218 1233 1234
f 495 658 659
f 293 303 304
f 141 151 152
f 2010 1881 2006
f 978 987 988
f 1152 1155 1156
f 1389 1379 1378
f 1533 1534 1526
f 916 906 905
f 1777 1778 1768
f 1767 1768 1758
f 1294 1295 1286
f 897 887 886
f 1442 1451 1452
f 1569 1580 1582
f 2014 2009 2008
f 1029 1019 1018
f 1017 1016 1008
f 1932 1933 1928
f 940 941 931
f 1526 1427 1416
f 1071 1081 1146
f 1511 1503 1502
f 61 60 77
f 908 899 898
f 129 131 132
f 1346 1458 1347
f 884 891 892
f 1462 1472 1463
f 1464 1473 1363
f 1560 1561 1550
f 1184 1183 1185
f 1515 1516 1507
f 1056 1055 1047
f 944 954 945
f 1281 1169 1168
f 1272 1275 1273
f 1003 1114 1106
f 1005 1100 1006
f 568 577 578
f 940 931 930
f 62 51 50
f 1848 1858 1849
f 2040 2072 2069
f 1077 1061 1060
f 575 576 567
f 1219 1292 1208
f 1562 1573 1574
f 1175 1193 1177
f 1039 1040 1030
f 968 976 985
f 1326 1333 1334
f 21 33 137
f 904 915 894
f 1082 1074 1072
f 2108 2104 2113
f 1478 1488 1479
f 1443 1452 1453
f 1203 1215 1204
f 1461 1470 1471
f 1469 1479 1470
f 89 100 101
f 1278 1276 1277
f 1733 1743 1744
f 1026 1110 1102
f 1982 1992 1993
f 1099 1108 1100
f 389 398 399
f 87 88 77
f 1196 1207 1208
f 1056 1047 1048
f 1279 1281 1282
f 1537 1538 1529
f 1684 1675 1674
f 1227 1226 1231
f 826 835 836
f 2022 2031 2032
f 477 478 468
f 1003 1105 1114
f 1197 1283 1266
f 1437 1445 1436
f 172 187 188
f 1355 1260 1259
f 947 955 956
f 1038 1027 1028
f 301 311 312
f 1016 1018 1010
f 956 970 962
f 1182 1183 1184
f 1383 1394 1483
f 57 380 68
f 1113 1121 1122
f 1660 1670 1671
f 1360 1264 1263
f 553 433 422
f 188 179 173
f 1236 1235 1228
f 1606 1617 1618
f 1661 1671 1672
f 524 554 545
f 1539 1531 1530
f 1489 1488 1497
f 1195 1207 1196
f 1663 1664 1654
f 1154 1164 1155
f 1066 1068 1057
f 379 370 369
f 621 622 611
f 1284 1285 1270
f 356 357 348
f 1301 1302 1293
f 1372 1383 1474
f 1064 1065 1054
f 838 839 830
f 851 637 626
f 1694 1695 1685
f 1063 1064 1053
f 230 232 233
f 1594 1605 1606
f 1540 1532 1531
f 246 256 257
f 55 157 147
f 1286 1274 1272
f 1704 1705 1695
f 352 361 362
f 1219 1301 1292
f 1020 936 1011
f 2071 2070 2080
f 1050 1058 1059
f 1146 1158 1147
f 966 975 976
f 761 771 772
f 1115 1125 1116
f 1516 1517 1508
f 439 450 451
f 152 162 163
f 2115 2116 2110
f 1226 1230 1231
f 70 71 65
f 1227 1231 1232
f 1074 1069 1068
f 1347 1458 1459
f 1301 1293 1292
f 993 1002 1003
f 1634 1708 1698
f 1499 1508 1405
f 1223 1238 1249
f 352 353 343
f 1242 1233 1232
f 1576 1577 1566
f 616 627 628
f 1868 1867 1998
f 888 899 964
f 1275 1274 1276
f 1310 1316 1311
f 1808 1809 1802
f 1241 1231 1230
f 1230 1240 1241
f 1242 1232 1231
f 1231 1241 1242
f 1425 1424 1435
f 2061 2062 2051
f 85 84 73
f 1599 1600 1589
f 2162 649 647
f 2127 2128 2118
f 1247 1237 1235
f 1235 1245 1247
f 1248 1238 1237
f 1237 1247 1248
f 795 796 786
f 1327 1315 1314
f 1441 1451 1442
f 252 253 243
f 985 986 977
f 1226 1224 1225
f 1252 1241 1240
f 1240 1251 1252
f 1253 1242 1241
f 1241 1252 1253
f 1335 1344 1336
f 1999 2000 1870
f 1846 1847 1838
f 1177 1193 1194
f 1393 1383 1382
f 281 372 363
f 1258 1247 1245
f 1245 1256 1258
f 1259 1248 1247
f 1247 1258 1259
f 1260 1249 1248
f 1248 1259 1260
f 839 840 831
f 389 390 376
f 1974 1968 1973
f 1055 1049 1047
f 1262 1252 1251
f 1251 1261 1262
f 1263 1253 1252
f 1252 1262 1263
f 2038 2036 2035
f 186 187 171
f 631 632 621
f 1522 1523 1514
f 1135 1149 1136
f 1709 1710 1700
f 1429 1439 1440
f 1274 1287 1288
f 1336 1246 1236
f 1418 1429 1430
f 390 377 376
f 1457 1466 1467
f 1838 1581 1570
f 1004 1003 1106
f 1472 1482 1473
f 1319 1325 1306
f 642 643 632
f 929 930 919
f 910 902 900
f 595 606 607
f 1223 1222 1229
f 1320 1321 1316
f 926 927 916
f 1440 1449 1450
f 1179 1195 1181
f 158 159 149
f 1960 1959 1964
f 50 49 60
f 1200 1212 1201
f 598 599 588
f 95 97 86
f 1644 1645 1637
f 2104 2035 2071
f 220 473 474
f 1264 1255 1254
f 903 904 893
f 1830 1839 1840
f 1534 1437 1427
f 1957 1958 1791
f 1492 1403 1414
f 219 473 220
f 1179 1194 1195
f 1246 1235 1236
f 394 395 386
f 1293 1285 1284
f 1944 1954 1955
f 1126 1048 1038
f 558 567 568
f 605 616 617
f 179 180 175
f 400 409 410
f 533 543 544
f 70 65 64
f 1192 1203 1204
f 1365 1356 1355
f 64 53 52
f 1326 1313 1325
f 1467 1476 1477
f 1110 1119 1111
f 1390 1389 1399
f 1456 1345 1265
f 491 481 480
f 1374 1373 1362
f 2086 2096 2097
f 1457 1467 1458
f 1918 1919 1710
f 179 175 174
f 994 993 1003
f 794 795 785
f 1097 1103 1104
f 383 392 393
f 658 668 669
f 2101 2125 2115
f 985 994 995
f 1072 1068 1066
f 1103 1111 1112
f 962 972 963
f 936 1020 1021
f 107 106 95
f 535 536 526
f 1176 1175 1177
f 1786 1787 1777
f 188 189 179
f 2006 2005 2010
f 73 75 69
f 683 684 674
f 52 51 63
f 1863 1864 1855
f 1812 1813 1804
f 1945 1955 1956
f 1587 1588 1577
f 544 572 563
f 1394 1492 1483
f 1041 1031 1020
f 1404 1415 1417
f 1810 1811 1802
f 1139 1144 1140
f 2137 2136 2141
f 955 970 956
f 987 996 997
f 1863 1872 1873
f 1646 1647 1637
f 1514 1506 1505
f 704 705 695
f 1800 1719 1728
f 1047 1049 1039
f 2069 2073 2074
f 1028 1027 1016
f 892 876 875
f 906 897 896
f 1559 1558 1547
f 1558 1560 1549
f 754 755 745
f 1021 926 936
f 1702 1712 1713
f 972 901 890
f 875 874 884
f 1458 1467 1468
f 334 333 335
f 620 621 610
f 1802 1801 1808
f 781 791 792
f 1665 1666 1656
f 1497 1496 1505
f 1405 1416 1415
f 1105 1113 1114
f 976 984 985
f 1217 1233 1218
f 29 30 15
f 1316 1321 1322
f 1431 1441 1442
f 484 515 505
f 648 860 2058
f 1428 1439 1429
f 1677 1687 1760
f 925 915 914
f 1375 1365 1364
f 520 530 531
f 874 864 863
f 1485 1494 1495
f 1487 1486 1496
f 490 500 501
f 1079 1080 1070
f 1076 1075 1085
f 292 293 277
f 1726 1727 1719
f 1332 1323 1331
f 547 548 415
f 1330 1322 1321
f 1321 1329 1330
f 181 180 191
f 1322 1330 1331
f 673 674 664
f 1263 1254 1253
f 1032 1042 1033
f 960 966 961
f 1926 1963 1957
f 1288 1289 1277
f 1217 1216 1227
f 1686 1687 1677
f 1081 1095 1157
f 1327 1335 1336
f 1458 1468 1459
f 65 54 53
f 1335 1334 1343
f 1498 1499 1490
f 1941 1942 1934
f 2017 2018 2012
f 1339 1330 1329
f 1329 1338 1339
f 1253 1243 1242
f 828 837 838
f 157 167 158
f 1417 1428 1429
f 1017 1008 1009
f 968 969 955
f 1459 1468 1469
f 289 290 275
f 1743 1753 1754
f 1334 1342 1343
f 970 971 962
f 1869 1999 1870
f 591 602 668
f 147 148 138
f 1585 1586 1575
f 1272 1274 1275
f 168 167 178
f 1900 1901 1892
f 1121 1129 1136
f 1801 1806 1807
f 1147 1159 1148
f 497 660 661
f 964 973 974
f 313 323 324
f 885 886 879
f 1143 1151 1152
f 320 321 311
f 792 793 783
f 1343 1351 1344
f 282 283 272
f 1305 1306 1297
f 289 275 274
f 1370 1361 1360
f 739 749 750
f 1087 1085 1084
f 1296 1305 1297
f 1143 1152 1144
f 778 788 789
f 1216 1224 1227
f 2092 2093 2083
f 710 720 721
f 669 679 680
f 1461 1471 1462
f 1129 1135 1136
f 942 952 943
f 782 783 773
f 429 114 113
f 2126 2127 2117
f 958 963 883
f 70 81 82
f 321 509 510
f 1210 1221 1220
f 1071 1146 1142
f 1611 1612 1601
f 508 509 321
f 1381 1382 1371
f 1383 1483 1474
f 769 779 780
f 1525 1517 1516
f 442 475 465
f 227 226 228
f 51 62 63
f 1188 1198 1187
f 1596 1597 1586
f 1084 1075 1074
f 270 280 281
f 1981 1982 1974
f 847 848 839
f 1250 1240 1239
f 1224 1215 1214
f 284 285 280
f 890 889 882
f 1277 1280 1278
f 1604 1615 1616
f 79 80 62
f 730 740 741
f 685 686 676
f 1044 1045 1035
f 1243 1234 1233
f 1849 1858 1859
f 980 911 901
f 1471 1480 1481
f 1382 1372 1371
f 1382 1383 1372
f 278 277 293
f 1076 1089 1090
f 1380 1369 1368
f 1368 1379 1380
f 1381 1370 1369
f 1369 1380 1381
f 1402 1394 1393
f 82 93 94
f 1388 1389 1378
f 980 989 911
f 1333 1324 1332
f 689 699 700
f 874 875 864
f 2040 2039 2045
f 1307 1306 1313
f 380 384 68
f 1070 1065 1064
f 1646 1656 1657
f 1404 1397 1395
f 1042 1061 1051
f 943 953 944
f 8 7 9
f 1391 1380 1379
f 1379 1390 1391
f 1392 1381 1380
f 1380 1391 1392
f 1393 1382 1381
f 1381 1392 1393
f 871 881 951
f 421 423 108
f 1399 1389 1398
f 111 426 427
f 1442 1452 1443
f 1691 1701 1702
f 1689 1699 1700
f 1335 1326 1334
f 1289 1279 1277
f 1403 1402 1414
f 1426 1438 1428
f 629 640 641
f 1888 1884 1883
f 1882 1886 1887
f 1023 1022 1032
f 1505 1506 1497
f 1401 1392 1391
f 1579 1590 1668
f 1402 1393 1392
f 1392 1401 1402
f 1142 1147 1134
f 1924 1927 1928
f 1376 1366 1365
f 1510 1511 1502
f 900 891 889
f 1043 1042 1051
f 1265 1361 1372
f 572 798 799
f 1178 1177 1179
f 1132 1141 1056
f 1295 1287 1286
f 1107 1115 1116
f 872 874 863
f 1175 1192 1193
f 1410 1411 1399
f 1289 1290 1279
f 991 1001 992
f 287 288 283
f 1217 1227 1232
f 1138 1123 1122
f 880 871 870
f 1626 1627 1616
f 2102 2105 2106
f 1125 1131 1132
f 656 655 2156
f 1684 1685 1675
f 1419 1431 1420
f 1376 1377 1366
f 1386 1376 1375
f 2150 2159 2160
f 1901 1912 1913
f 179 189 190
f 1181 1196 1183
f 1917 1923 1918
f 1724 1725 1719
f 1397 1398 1387
f 1929 1928 1933
f 471 481 482
f 1409 1421 1410
f 1923 1924 1918
f 1207 1218 1219
f 760 770 771
f 996 1006 997
f 177 178 167
f 1051 1044 1043
f 1060 1090 1077
f 1144 1153 1145
f 1384 1385 1396
f 1543 1437 1534
f 867 866 877
f 932 923 921
f 1142 1146 1147
f 1126 1132 1048
f 1861 1862 1853
f 1811 1548 1802
f 1387 1386 1397
f 447 448 437
f 597 598 587
f 800 810 801
f 601 591 590
f 562 444 433
f 1340 1339 1459
f 895 896 885
f 212 213 203
f 905 896 895
f 843 852 853
f 1150 1162 1154
f 19 21 22
f 1268 1271 1269
f 1542 1543 1534
f 618 629 630
f 2066 853 852
f 494 525 515
f 82 83 71
f 1176 1177 1178
f 1788 1789 1779
f 752 753 743
f 1821 1830 1831
f 931 999 990
f 199 209 210
f 1270 1273 1271
f 173 172 188
f 970 979 971
f 1171 1170 1172
f 2104 2136 2135
f 938 939 929
f 907 898 897
f 1082 1084 1074
f 960 965 966
f 1548 1547 1544
f 283 289 274
f 44 147 137
f 1065 1142 1133
f 711 721 722
f 1189 1201 1190
f 1151 1154 1155
f 1073 1066 1067
f 515 516 506
f 1234 1301 1219
f 1137 1161 1150
f 1479 1489 1480
f 514 545 412
f 1364 1355 1354
f 1059 1058 1069
f 1509 1510 1501
f 972 980 901
f 1190 1202 1191
f 1110 1118 1119
f 1092 1079 1078
f 104 115 116
f 1306 1325 1313
f 68 67 56
f 613 624 688
f 1306 1307 1298
f 1537 1529 1528
f 1320 1316 1301
f 1047 1039 1037
f 920 931 990
f 952 961 953
f 1264 1361 1265
f 1481 1491 1482
f 1687 1697 1770
f 2043 2052 2044
f 1265 1372 1456
f 1542 1534 1533
f 1377 1378 1367
f 969 978 970
f 64 65 53
f 220 474 221
f 1365 1366 1356
f 1704 1695 1694
f 1682 1683 1673
f 1463 1472 1473
f 1120 1129 1121
f 1069 1076 1059
f 901 900 889
f 1314 1309 1308
f 1647 1720 1718
f 1180 1179 1181
f 48 49 38
f 1027 1018 1016
f 1430 1440 1441
f 476 477 467
f 1123 1124 1115
f 1703 1704 1694
f 2004 2005 2000
f 912 903 902
f 666 667 504
f 1344 1351 1257
f 1151 1150 1154
f 1218 1234 1219
f 606 617 618
f 1066 1057 1055
f 2094 2095 2085
f 1353 1256 1257
f 1305 1312 1306
f 1471 1481 1472
f 1312 1319 1306
f 1316 1317 1311
f 259 269 270
f 1486 1495 1496
f 1755 1756 1746
f 1484 1475 1474
f 1474 1483 1484
f 1485 1476 1475
f 1475 1484 1485
f 189 199 200
f 202 203 193
f 1342 1333 1348
f 563 564 555
f 675 676 666
f 1086 1087 1084
f 1510 1502 1501
f 1946 1977 1971
f 898 888 887
f 216 469 470
f 1420 1432 1421
f 1015 1026 1102
f 1535 1536 1527
f 1875 1881 1876
f 1381 1371 1370
f 190 200 201
f 1493 1484 1483
f 1483 1492 1493
f 445 435 434
f 200 210 211
f 120 119 121
f 1927 1931 1932
f 250 260 261
f 1713 1920 1714
f 979 989 980
f 1048 1047 1037
f 670 680 681
f 981 990 991
f 1430 1441 1431
f 969 977 978
f 1169 1187 1166
f 1553 1564 1565
f 314 324 325
f 176 272 262
f 796 795 2093
f 1323 1317 1322
f 1513 1514 1505
f 318 319 309
f 1113 1105 1104
f 1518 1535 1527
f 1456 1466 1457
f 1372 1465 1456
f 918 908 907
f 1883 1882 1887
f 1929 1934 1935
f 1369 1370 1360
f 1128 1135 1129
f 431 116 115
f 1536 1528 1527
f 1244 1255 1337
f 1125 1132 1126
f 1037 1039 1029
f 1494 1501 1502
f 1113 1112 1121
f 1726 1736 1737
f 1705 1715 1716
f 983 993 984
f 2114 2123 2124
f 930 920 919
f 1945 1946 1936
f 1185 1267 1186
f 587 588 461
f 1421 1433 1422
f 1386 1384 1395
f 1942 1952 1953
f 72 83 177
f 1387 1377 1376
f 1705 1706 1696
f 1835 1836 1827
f 1370 1371 1361
f 889 884 882
f 1029 1030 1019
f 1372 1474 1465
f 1169 1188 1187
f 1386 1387 1376
f 1786 1797 1787
f 810 819 820
f 1035 1026 1025
f 414 415 406
f 309 310 300
f 2041 2145 2048
f 222 242 243
f 1188 1199 1198
f 971 980 972
f 2112 2113 2107
f 977 987 978
f 1925 1929 1930
f 1717 1790 1780
f 1920 1921 1714
f 1357 1261 1251
f 2134 2155 2146
f 1558 1569 1571
f 1325 1333 1326
f 1024 1014 1013
f 1568 1648 1638
f 1841 1850 1851
f 28 29 13
f 1281 1168 1282
f 1111 1119 1120
f 1890 1891 1886
f 784 785 775
f 1039 1030 1029
f 475 476 466
f 1151 1155 1152
f 963 972 890
f 1337 1346 1338
f 141 142 127
f 1368 1359 1358
f 432 434 423
f 1172 1191 1174
f 207 217 218
f 510 520 521
f 1083 1082 1072
f 1207 1219 1208
f 258 268 269
f 1255 1345 1337
f 1005 1099 1100
f 1861 1870 1871
f 1317 1323 1318
f 1279 1282 1280
f 1310 1302 1301
f 1520 1512 1511
f 2145 2154 2048
f 1498 1508 1499
f 875 876 865
f 695 696 686
f 80 81 70
f 1878 1630 1629
f 1934 1942 1943
f 1696 1697 1687
f 1865 1874 1625
f 1416 1427 1426
f 1348 1461 1462
f 1368 1369 1359
f 1440 1450 1441
f 396 397 388
f 1111 1120 1112
f 497 498 488
f 1521 1513 1512
f 45 56 47
f 1152 1156 1153
f 802 803 577
f 1153 1083 1073
f 881 888 959
f 1917 1918 1709
f 1438 1448 1439
f 343 4 3
f 416 549 550
f 1809 1818 1819
f 1869 1870 1861
f 90 102 91
f 515 506 505
f 1977 1972 1971
f 640 652 641
f 48 38 37
f 1673 1664 1663
f 1895 1897 1890
f 109 99 98
f 413 405 404
f 475 466 465
f 412 404 403
f 1702 1703 1693
f 1571 1583 1572
f 2130 721 720
f 330 329 331
f 1553 1554 1546
f 614 627 616
f 1545 1551 1552
f 756 747 746
f 2045 2046 2040
f 1558 1549 1547
f 107 95 96
f 143 144 131
f 2163 647 648
f 1678 1590 1601
f 663 501 500
f 79 91 80
f 1131 1141 1132
f 104 116 105
f 902 892 891
f 2064 854 2065
f 1728 1738 1739
f 836 846 837
f 1609 1599 1598
f 558 568 559
f 455 582 581
f 472 482 483
f 1745 1736 1735
f 392 402 393
f 2023 2033 2024
f 1612 1623 1698
f 612 613 602
f 458 585 586
f 254 255 245
f 1572 1584 1573
f 1096 1102 1103
f 2027 2028 2019
f 1607 1597 1596
f 1677 1760 1750
f 1342 1349 1350
f 1404 1406 1397
f 2113 2122 2123
f 1618 1630 1619
f 287 283 282
f 1604 1616 1605
f 1106 1123 1115
f 2014 2022 2023
f 683 674 673
f 606 618 607
f 1862 1863 1854
f 89 101 90
f 758 768 769
f 1663 1654 1653
f 730 741 731
f 495 659 496
f 528 529 519
f 742 733 732
f 1856 1603 1592
f 293 304 294
f 2056 2067 2068
f 808 817 818
f 1620 1632 1621
f 1338 1346 1347
f 2082 2077 2076
f 1895 1890 1889
f 351 360 361
f 1675 1666 1665
f 1304 1318 1312
f 402 411 96
f 1651 1662 1652
f 1007 1101 1009
f 1845 1837 1836
f 2088 2089 2080
f 182 178 177
f 484 474 473
f 2015 2025 2016
f 106 97 95
f 465 466 213
f 1659 1670 1660
f 1603 1613 1602
f 68 74 67
f 688 699 689
f 1974 1983 1975
f 249 250 238
f 1091 1078 1077
f 1084 1085 1075
f 560 551 550
f 589 590 463
f 59 49 48
f 1538 1530 1529
f 2096 792 791
f 2104 2135 2035
f 877 878 868
f 2 5 6
f 1001 1098 1002
f 1983 1994 1984
f 1757 1758 1748
f 159 150 149
f 448 460 449
f 1649 1660 1650
f 1326 1327 1314
f 2015 2024 2025
f 122 123 124
f 1800 1803 1804
f 1200 1211 1212
f 173 174 163
f 1119 1128 1129
f 262 272 263
f 472 483 473
f 519 529 530
f 1660 1671 1661
f 157 148 147
f 1150 1151 1143
f 1678 1689 1679
f 928 929 918
f 151 162 152
f 1292 1293 1284
f 196 207 197
f 1012 1013 939
f 656 646 645
f 820 812 811
f 418 551 552
f 238 241 239
f 1658 1668 1669
f 274 264 273
f 1642 1653 1643
f 143 131 129
f 655 645 644
f 478 479 469
f 353 35 24
f 726 717 716
f 1659 1669 1670
f 123 140 141
f 1844 1845 1836
f 397 398 389
f 1690 1701 1691
f 467 468 215
f 292 277 276
f 395 396 387
f 223 224 225
f 797 2092 2068
f 1336 1236 1221
f 1628 1618 1617
f 28 13 11
f 1598 1599 1588
f 46 371 57
f 2076 2077 2072
f 141 152 142
f 1929 1933 1934
f 1595 1606 1607
f 1766 1767 1757
f 851 626 842
f 1650 1661 1651
f 833 615 604
f 491 501 502
f 857 849 848
f 693 684 683
f 169 170 160
f 1646 1657 1647
f 1705 1696 1695
f 1621 1632 1633
f 2 1 5
f 704 695 694
f 1708 1699 1698
f 195 196 186
f 711 722 712
f 1922 1957 1717
f 1423 1434 1435
f 2025 2034 1907
f 633 634 623
f 2053 2054 2044
f 1691 1702 1692
f 1172 1190 1191
f 1752 1762 1763
f 1008 934 932
f 619 620 609
f 197 208 198
f 1799 1866 1857
f 294 305 295
f 1175 1176 1174
f 1620 1610 1609
f 859 858 2061
f 1695 1686 1685
f 469 479 480
f 1263 1264 1254
f 1544 1802 1548
f 396 388 387
f 415 416 407
f 883 882 872
f 1753 1764 1754
f 448 459 460
f 565 557 556
f 749 760 750
f 253 244 243
f 1556 1557 1546
f 802 577 576
f 1561 1572 1573
f 1243 1244 1234
f 1753 1763 1764
f 1973 1980 1981
f 59 60 49
f 1974 1973 1981
f 1730 1740 1741
f 1277 1279 1280
f 253 254 244
f 1949 1950 1940
f 2048 2047 2041
f 574 800 801
f 2096 791 2097
f 560 550 559
f 497 488 487
f 1730 1741 1731
f 48 47 58
f 29 15 13
f 248 259 249
f 2094 2085 2084
f 1360 1361 1264
f 1593 1605 1594
f 622 623 612
f 249 238 236
f 1773 1784 1774
f 1013 1014 940
f 1561 1573 1562
f 608 598 597
f 949 957 958
f 1455 1535 1518
f 329 347 331
f 1690 1700 1701
f 2050 2051 2043
f 1577 1567 1566
f 552 561 562
f 299 290 289
f 2149 2150 2142
f 69 75 76
f 9 28 11
f 772 763 762
f 1619 1631 1620
f 247 257 258
f 327 346 329
f 1760 1771 1761
f 776 777 767
f 1754 1745 1744
f 1182 1181 1183
f 284 295 285
f 1303 1304 1295
f 259 270 260
f 260 271 261
f 1545 1546 1544
f 1731 1742 1732
f 1763 1774 1764
f 307 298 297
f 723 2129 2128
f 507 320 319
f 1362 1354 1352
f 1747 1738 1737
f 1732 1723 1722
f 1787 1778 1777
f 1679 1668 1678
f 831 823 822
f 429 441 430
f 278 279 268
f 2054 2065 2066
f 2049 2050 2042
f 1834 1826 1825
f 37 38 27
f 420 422 107
f 1025 1026 1015
f 1768 1759 1758
f 93 105 94
f 753 754 744
f 118 117 119
f 585 596 597
f 1775 1776 1766
f 686 677 676
f 688 698 699
f 707 717 778
f 572 573 564
f 2093 2084 2083
f 1025 1015 1014
f 1651 1652 1642
f 361 371 362
f 1824 1834 1825
f 374 365 373
f 765 766 756
f 661 672 662
f 521 532 522
f 592 603 605
f 604 615 614
f 1878 1882 1883
f 625 638 627
f 366 358 357
f 1861 1853 1852
f 2154 2163 2059
f 1015 1102 1096
f 525 526 516
f 1687 1770 1760
f 302 312 313
f 359 368 369
f 751 762 752
f 292 302 303
f 301 312 302
f 265 256 255
f 573 800 574
f 298 289 288
f 1671 1682 1672
f 1611 1601 1600
f 22 21 117
f 491 480 490
f 1550 1551 1545
f 248 258 259
f 1815 1824 1825
f 749 759 760
f 1250 1251 1240
f 59 48 58
f 921 923 912
f 56 58 47
f 514 325 513
f 565 566 557
f 1773 1783 1784
f 236 239 237
f 1518 1510 1509
f 496 659 660
f 845 855 846
f 1904 1916 1905
f 1947 1948 1938
f 2144 2154 2145
f 665 666 503
f 1352 1258 1256
f 1864 1856 1855
f 1906 1897 1895
f 700 710 711
f 1683 1674 1673
f 1809 1819 1810
f 11 14 12
f 1862 1871 1872
f 1189 1200 1201
f 1822 1832 1823
f 40 52 41
f 2005 2004 2008
f 795 2094 2093
f 4 23 1
f 1581 1592 1591
f 2052 2053 2044
f 552 562 553
f 1746 1737 1736
f 365 357 356
f 263 254 253
f 1957 1790 1717
f 412 413 404
f 96 84 85
f 150 151 141
f 1786 1796 1797
f 2080 2089 2090
f 737 807 798
f 1098 1104 1105
f 697 768 758
f 379 378 383
f 174 164 163
f 1793 1784 1783
f 1679 1669 1668
f 1769 1848 1839
f 1145 1153 1073
f 798 807 808
f 35 23 24
f 365 364 373
f 528 519 518
f 261 345 251
f 7 26 27
f 47 37 36
f 1775 1766 1765
f 1034 1035 1025
f 2060 2050 2049
f 2159 652 651
f 1840 1850 1841
f 1867 1868 1859
f 385 382 381
f 266 275 276
f 410 420 411
f 2062 2063 2052
f 983 992 993
f 350 339 337
f 1807 1817 1808
f 723 724 714
f 1002 1098 1105
f 406 407 398
f 405 397 396
f 401 411 402
f 1155 1164 1165
f 1730 1731 1721
f 1825 1826 1817
f 2035 2070 2071
f 1325 1319 1324
f 72 177 167
f 1356 1357 1260
f 702 703 693
f 574 801 575
f 1139 1138 1143
f 40 51 52
f 1873 2001 2002
f 1501 1493 1500
f 1482 1385 1374
f 2069 2035 2036
f 1413 1425 1414
f 2055 2066 2067
f 411 107 96
f 1433 1443 1444
f 398 408 399
f 186 196 197
f 1786 1777 1776
f 645 646 635
f 1976 1970 1975
f 2102 2103 2104
f 163 162 173
f 772 773 763
f 545 546 413
f 1672 1673 1663
f 1554 1555 1546
f 349 350 337
f 1341 1332 1331
f 1957 1963 1958
f 1925 1920 1919
f 936 935 1011
f 1549 1550 1545
f 746 737 736
f 504 728 535
f 68 56 57
f 2150 2160 2151
f 1850 1860 1851
f 276 275 290
f 1621 1622 1611
f 318 309 308
f 570 579 580
f 394 386 385
f 653 643 642
f 1916 1947 1937
f 2078 2074 2073
f 1935 1944 1945
f 762 753 752
f 738 748 749
f 1283 1284 1268
f 1680 1670 1669
f 2089 2100 2090
f 374 375 366
f 129 132 130
f 1135 1148 1149
f 1718 1721 1722
f 1553 1565 1554
f 286 296 381
f 1124 1131 1125
f 1791 1782 1781
f 1838 1570 1829
f 1866 1867 1858
f 1033 1034 1024
f 1693 1684 1683
f 2068 2082 2057
f 994 1003 1004
f 1411 1423 1412
f 277 267 266
f 308 299 298
f 1919 1711 1710
f 1840 1849 1850
f 1562 1574 1563
f 1984 1995 1985
f 947 956 948
f 258 269 259
f 784 775 774
f 690 701 691
f 1976 2007 1970
f 428 439 440
f 1864 1874 1865
f 1021 1031 1022
f 1936 1946 1971
f 1400 1401 1391
f 514 412 326
f 814 815 806
f 984 993 994
f 1394 1403 1492
f 1810 1820 1811
f 32 43 44
f 2161 649 2162
f 319 310 309
f 2157 2149 2148
f 1709 1700 1699
f 587 461 460
f 79 62 61
f 194 185 184
f 1556 1567 1568
f 1495 1494 1502
f 2001 2000 2005
f 553 419 552
f 1378 1368 1367
f 1811 1820 1559
f 975 983 984
f 6 7 8
f 306 385 296
f 349 359 350
f 556 548 547
f 1739 1821 1812
f 747 757 816
f 750 760 761
f 266 265 275
f 1547 1549 1544
f 1130 1139 1140
f 1600 1590 1589
f 1855 1856 1847
f 155 166 156
f 1770 1781 1771
f 796 797 787
f 1680 1690 1691
f 1674 1665 1664
f 112 427 428
f 426 438 427
f 1293 1294 1285
f 433 421 422
f 389 399 390
f 1742 1752 1753
f 1833 1842 1843
f 1588 1589 1578
f 1805 1806 1801
f 2100 727 2101
f 327 345 346
f 1560 1571 1572
f 1309 1199 1300
f 1351 1353 1257
f 435 425 424
f 1827 1828 1819
f 307 308 298
f 1715 1921 1922
f 1681 1692 1682
f 1625 1613 1614
f 1900 1912 1901
f 1137 1150 1138
f 498 661 662
f 1878 1877 1882
f 1901 1913 1902
f 458 448 447
f 218 472 219
f 1884 1880 1879
f 860 648 637
f 767 777 834
f 216 470 217
f 180 190 191
f 2052 2064 2053
f 689 700 690
f 726 725 2126
f 1906 1908 1897
f 1517 1416 1405
f 671 681 682
f 304 315 305
f 449 437 448
f 474 317 221
f 1078 1079 1063
f 1484 1494 1485
f 225 226 227
f 1643 1636 1642
f 1961 1797 1796
f 429 440 441
f 453 475 442
f 1573 1585 1574
f 449 461 450
f 954 967 968
f 427 439 428
f 468 216 215
f 1035 1036 1026
f 193 194 184
f 1409 1420 1421
f 1316 1322 1317
f 724 2128 2127
f 1354 1355 1259
f 2087 2098 2088
f 84 75 73
f 626 636 625
f 1335 1343 1344
f 495 486 485
f 566 558 557
f 1528 1529 1521
f 322 510 511
f 832 824 823
f 1311 1317 1318
f 452 464 453
f 1756 1757 1747
f 250 240 238
f 582 593 592
f 378 377 391
f 263 264 254
f 2159 651 2160
f 106 108 97
f 1778 1779 1769
f 727 2125 2101
f 1635 1546 1557
f 264 263 273
f 408 417 418
f 1747 1748 1738
f 732 540 539
f 2026 2018 2017
f 2139 2135 2138
f 498 499 489
f 858 857 2062
f 962 971 972
f 905 906 896
f 481 492 482
f 1192 1175 1191
f 834 843 844
f 217 471 218
f 299 300 290
f 316 403 394
f 1300 1199 1188
f 1784 1785 1775
f 1847 1581 1838
f 1397 1407 1398
f 424 425 110
f 363 372 364
f 818 827 828
f 1962 1997 1799
f 757 825 816
f 750 761 751
f 55 54 66
f 1966 2007 2003
f 811 803 802
f 119 138 139
f 391 392 383
f 374 366 365
f 1393 1394 1383
f 295 296 285
f 1926 1922 1921
f 557 549 548
f 1821 1831 1822
f 1744 1745 1735
f 1882 1877 1876
f 1114 1123 1106
f 105 202 192
f 446 436 435
f 297 288 287
f 2124 2146 2140
f 1987 1978 1977
f 67 69 56
f 2014 2008 2013
f 1788 1779 1778
f 674 675 665
f 1031 1032 1022
f 705 696 695
f 133 135 136
f 10 9 11
f 1717 1716 1922
f 496 487 486
f 817 827 818
f 1123 1138 1130
f 1985 1995 1996
f 880 881 871
f 1862 1872 1863
f 291 302 292
f 31 42 43
f 145 155 156
f 733 541 540
f 302 313 303
f 679 689 690
f 538 529 528
f 2097 791 790
f 1439 1448 1449
f 534 563 554
f 1997 1867 1866
f 1100 1108 1109
f 1910 1911 1900
f 36 26 25
f 1298 1299 1290
f 2042 2043 2038
f 1562 1563 1552
f 181 272 176
f 2060 2061 2050
f 968 985 977
f 2066 852 2067
f 337 340 338
f 456 457 446
f 1793 1794 1784
f 1234 1244 1328
f 1199 1210 1209
f 807 816 817
f 504 1086 1082
f 1238 1223 1229
f 833 604 824
f 600 590 589
f 2136 2140 2141
f 1054 1065 1133
f 1397 1386 1395
f 2004 1999 1998
f 471 482 472
f 2010 2009 2015
f 1374 1362 1363
f 382 386 387
f 87 77 76
f 314 325 315
f 1944 1955 1945
f 1943 1953 1954
f 447 437 436
f 1972 1978 1979
f 2038 2039 2036
f 1733 1744 1734
f 1183 1196 1197
f 1610 1600 1599
f 1702 1713 1703
f 1041 1040 1050
f 191 287 282
f 30 42 31
f 509 519 520
f 1878 1879 1631
f 1732 1743 1733
f 76 77 60
f 414 406 405
f 627 638 639
f 422 421 106
f 454 445 443
f 1982 1993 1983
f 1618 1619 1608
f 1503 1504 1496
f 1583 1595 1584
f 1148 1159 1160
f 2138 2143 2144
f 696 687 686
f 1975 1985 1976
f 763 764 754
f 2016 1885 2010
f 1568 1638 1557
f 1137 1122 1121
f 786 787 777
f 648 2058 2059
f 111 427 112
f 555 556 547
f 1822 1831 1832
f 708 718 719
f 1225 1214 1213
f 1030 1040 1041
f 2043 2044 2039
f 599 600 589
f 50 60 61
f 1896 1895 1889
f 1924 1919 1918
f 1401 1412 1413
f 382 387 374
f 1772 1782 1783
f 1473 1374 1363
f 1168 1169 1166
f 76 60 59
f 1472 1481 1482
f 1620 1631 1632
f 1875 1876 1626
f 737 747 807
f 436 426 425
f 144 133 131
f 49 39 38
f 199 210 200
f 44 137 33
f 1970 1965 1969
f 252 243 242
f 176 262 166
f 317 308 307
f 1965 1964 1969
f 30 31 17
f 556 557 548
f 2125 2126 2116
f 1362 1364 1354
f 930 931 920
f 34 25 23
f 2029 2021 2020
f 609 610 599
f 1014 941 940
f 373 382 374
f 1854 1855 1846
f 610 611 600
f 2086 2097 2087
f 662 500 499
f 1726 1737 1727
f 1575 1565 1564
f 470 481 471
f 264 255 254
f 1323 1322 1331
f 1578 1568 1567
f 1998 1999 1868
f 377 368 367
f 1073 1072 1066
f 1990 1981 1980
f 575 567 566
f 271 363 354
f 1596 1586 1585
f 2147 2148 2141
f 381 382 372
f 124 125 126
f 2007 2011 2012
f 574 566 565
f 1626 1616 1615
f 72 71 83
f 393 85 74
f 1211 1222 1223
f 535 526 525
f 701 712 702
f 1109 1117 1028
f 1328 1337 1338
f 777 843 834
f 946 968 955
f 1431 1442 1432
f 154 165 155
f 825 835 826
f 1926 1957 1922
f 1375 1376 1365
f 1589 1590 1579
f 588 462 461
f 1631 1630 1878
f 142 153 143
f 293 284 278
f 743 744 734
f 1571 1582 1583
f 723 722 2129
f 208 219 209
f 286 372 281
f 38 28 27
f 766 767 757
f 1761 1772 1762
f 1851 1860 1861
f 569 579 570
f 1042 1032 1031
f 603 616 605
f 1600 1601 1590
f 1649 1650 1640
f 117 137 138
f 1601 1688 1678
f 1793 1959 1794
f 371 380 57
f 551 561 552
f 1141 1145 1067
f 385 386 382
f 527 518 517
f 1196 1208 1197
f 598 588 587
f 1326 1335 1327
f 426 437 438
f 1503 1495 1502
f 1350 1463 1464
f 699 710 700
f 597 587 586
f 724 725 715
f 504 535 525
f 110 100 99
f 2155 2147 2146
f 1649 1659 1660
f 1031 1021 1020
f 805 580 579
f 17 20 18
f 179 190 180
f 1832 1841 1842
f 214 215 205
f 2144 2145 2139
f 1892 1886 1891
f 1705 1716 1706
f 2063 856 855
f 656 657 646
f 506 507 319
f 1314 1313 1326
f 1711 1712 1702
f 536 730 537
f 655 2157 2156
f 608 609 598
f 887 881 880
f 17 19 20
f 166 165 176
f 286 381 372
f 165 175 176
f 281 280 286
f 1575 1576 1565
f 887 888 881
f 1881 1882 1876
f 457 585 458
f 1670 1680 1681
f 568 578 569
f 1063 1079 1070
f 553 562 433
f 1341 1460 1348
f 1194 1205 1206
f 354 355 346
f 158 149 148
f 234 237 235
f 2128 2129 2119
f 1552 1563 1564
f 1779 1857 1848
f 2069 2036 2040
f 1741 1752 1742
f 272 273 263
f 1752 1763 1753
f 1636 1635 1639
f 2139 2037 2035
f 2045 2056 2046
f 2151 2160 2161
f 525 516 515
f 645 635 634
f 201 287 191
f 404 405 396
f 619 609 608
f 780 790 791
f 1307 1308 1299
f 96 95 84
f 757 767 825
f 1367 1368 1358
f 493 503 504
f 1839 1848 1849
f 694 695 685
f 615 625 614
f 402 96 85
f 859 2061 2060
f 221 317 307
f 676 677 667
f 785 786 776
f 1682 1673 1672
f 169 160 159
f 1724 1734 1735
f 1787 1797 1798
f 1754 1755 1745
f 894 915 905
f 43 55 44
f 442 431 430
f 692 683 682
f 1627 1628 1617
f 842 626 615
f 1554 1565 1566
f 709 720 710
f 1407 1408 1398
f 760 771 761
f 2055 2067 2056
f 571 455 444
f 1313 1314 1308
f 1865 1603 1856
f 708 719 709
f 511 521 522
f 1062 1052 1051
f 1891 1890 1898
f 355 356 347
f 1873 2002 1874
f 255 246 245
f 1350 1464 1351
f 1064 1063 1070
f 530 540 541
f 1552 1553 1545
f 604 614 603
f 2021 2022 2014
f 796 787 786
f 1839 1849 1840
f 1496 1495 1503
f 682 683 673
f 682 673 672
f 2151 2161 2152
f 1869 1861 1860
f 399 408 409
f 808 818 809
f 81 93 82
f 2152 2153 2144
f 665 503 502
f 858 2062 2061
f 2044 2054 2045
f 2013 2012 2019
f 1018 1019 1011
f 66 157 55
f 627 639 628
f 845 854 855
f 680 691 681
f 549 559 550
f 1862 1854 1853
f 450 461 462
f 622 612 611
f 654 644 643
f 2006 2002 2001
f 2036 2039 2040
f 1014 1015 941
f 805 806 580
f 34 36 25
f 208 218 219
f 1886 1882 1885
f 280 285 286
f 909 981 973
f 2155 2156 2147
f 1427 1436 1426
f 1580 1591 1593
f 167 168 158
f 479 489 490
f 707 778 768
f 1851 1861 1852
f 787 797 852
f 1976 1985 1986
f 590 464 463
f 232 234 235
f 1764 1755 1754
f 676 667 666
f 39 51 40
f 1285 1286 1272
f 1748 1739 1738
f 271 354 261
f 988 998 989
f 807 817 808
f 794 2095 2094
f 65 71 72
f 407 417 408
f 941 1096 999
f 1865 1614 1603
f 559 568 569
f 965 974 975
f 2025 1907 1896
f 469 480 470
f 716 717 707
f 1425 1509 1500
f 1621 1633 1622
f 768 779 769
f 951 960 952
f 879 880 870
f 1856 1592 1847
f 255 256 246
f 487 488 478
f 22 117 118
f 562 571 444
f 1710 1711 1701
f 810 820 811
f 1725 1735 1736
f 705 706 696
f 2008 2009 2005
f 496 660 497
f 849 841 840
f 127 129 130
f 626 637 636
f 457 458 447
f 727 726 2125
f 1776 1777 1767
f 409 418 419
f 913 904 903
f 1632 1880 1633
f 1407 1418 1419
f 91 102 103
f 545 413 412
f 451 462 463
f 1053 1046 1045
f 415 407 406
f 1697 1707 1780
f 1964 1968 1969
f 1195 1206 1207
f 1570 1581 1580
f 832 833 824
f 195 186 185
f 2095 2086 2085
f 423 424 109
f 856 857 848
f 118 119 120
f 1574 1564 1563
f 1902 1913 1914
f 2090 2101 2091
f 1974 1975 1969
f 644 645 634
f 856 848 847
f 30 17 15
f 1619 1620 1609
f 2005 2006 2001
f 187 197 198
f 1454 1435 1444
f 409 419 410
f 159 160 150
f 339 341 342
f 1355 1356 1260
f 915 916 905
f 2138 2144 2139
f 2059 2047 2048
f 702 693 692
f 1067 1055 1056
f 1884 1923 1917
f 105 192 94
f 917 918 907
f 403 395 394
f 1852 1844 1843
f 66 65 72
f 181 282 272
f 1837 1829 1828
f 1627 1617 1616
f 534 554 524
f 2085 2086 2078
f 1662 1663 1653
f 2069 2070 2035
f 1425 1500 1414
f 536 729 730
f 1845 1846 1837
f 142 152 153
f 182 183 178
f 1601 1612 1688
f 1422 1434 1423
f 110 111 100
f 1010 935 934
f 1847 1592 1581
f 1675 1676 1666
f 2047 2042 2041
f 949 958 950
f 28 40 29
f 2108 2140 2136
f 1657 1730 1720
f 780 791 781
f 188 199 189
f 2097 790 2098
f 135 242 222
f 594 606 595
f 279 280 269
f 262 263 253
f 229 230 231
f 535 729 536
f 1739 1749 1821
f 1725 1736 1726
f 28 39 40
f 172 162 161
f 1466 1475 1476
f 1062 1063 1052
f 2112 2121 2113
f 841 833 832
f 729 740 730
f 724 715 714
f 357 349 348
f 1476 1485 1486
f 2129 722 721
f 878 877 885
f 311 322 312
f 1012 939 938
f 1829 1570 1559
f 680 690 691
f 1007 1009 933
f 240 251 345
f 1622 1633 1634
f 1038 1037 1027
f 741 752 742
f 2011 1976 1986
f 1680 1669 1679
f 246 247 232
f 684 685 675
f 175 165 164
f 731 742 732
f 332 331 333
f 1546 1545 1553
f 811 812 803
f 2062 2052 2051
f 639 650 651
f 238 240 241
f 1815 1816 1807
f 1778 1769 1768
f 1333 1325 1324
f 765 756 755
f 1871 2000 1872
f 2131 720 719
f 1605 1616 1617
f 1138 1139 1130
f 452 463 464
f 1559 1569 1558
f 211 297 201
f 725 716 715
f 1972 1973 1968
f 775 766 765
f 1250 1239 1249
f 703 704 694
f 332 333 334
f 538 731 732
f 335 338 336
f 600 601 590
f 1476 1486 1477
f 795 794 2094
f 1043 1044 1034
f 187 172 171
f 2080 2090 2081
f 909 920 981
f 2021 2030 2031
f 841 842 833
f 215 206 205
f 292 303 293
f 835 845 836
f 1651 1642 1641
f 1683 1684 1674
f 1411 1412 1400
f 1544 1800 1802
f 668 679 669
f 74 73 67
f 829 821 820
f 830 822 821
f 1094 1081 1080
f 1592 1603 1602
f 492 503 493
f 1766 1757 1756
f 123 141 125
f 773 774 764
f 112 428 113
f 36 37 26
f 351 361 352
f 1779 1789 1857
f 1408 1420 1409
f 1892 1887 1886
f 329 346 347
f 551 560 561
f 2029 2030 2021
f 527 528 518
f 1138 1122 1137
f 655 654 2157
f 2072 2073 2069
f 726 2126 2125
f 1060 1031 1041
f 458 586 459
f 2121 2132 2122
f 1983 1993 1994
f 815 582 806
f 517 518 508
f 766 757 756
f 703 694 693
f 86 87 76
f 2072 2077 2073
f 484 473 483
f 698 709 699
f 2087 2097 2098
f 636 649 638
f 583 594 595
f 774 765 764
f 1041 1020 1030
f 1854 1846 1845
f 1608 1609 1598
f 590 591 464
f 2143 2152 2144
f 970 978 979
f 932 934 923
f 383 384 380
f 1389 1390 1379
f 58 69 59
f 639 651 640
f 564 565 556
f 1749 1830 1821
f 1006 1100 1101
f 1730 1721 1720
f 654 655 644
f 2105 2102 2071
f 1867 1859 1858
f 250 251 240
f 506 319 318
f 1679 1690 1680
f 768 778 779
f 300 301 291
f 125 127 128
f 531 541 542
f 733 734 541
f 58 56 69
f 1290 1291 1281
f 193 184 183
f 45 47 36
f 671 682 672
f 1010 1011 935
f 770 781 771
f 376 377 367
f 1187 1198 1200
f 99 100 89
f 2004 2003 2007
f 1560 1572 1561
f 700 711 701
f 1940 1941 1933
f 72 167 66
f 1051 1052 1044
f 681 692 682
f 13 16 14
f 1435 1434 1444
f 1706 1697 1696
f 1692 1693 1683
f 1792 1793 1783
f 1853 1854 1845
f 315 326 316
f 119 139 121
f 1009 932 933
f 738 749 739
f 1893 1904 1894
f 198 209 199
f 821 813 812
f 1602 1615 1604
f 81 92 93
f 679 690 680
f 161 160 170
f 926 1021 937
f 2042 2050 2043
f 1739 1803 1729
f 330 331 332
f 812 804 803
f 715 716 706
f 464 485 453
f 2146 2141 2140
f 1185 1266 1267
f 1813 1805 1804
f 764 755 754
f 323 511 512
f 1556 1568 1557
f 812 813 804
f 1531 1532 1524
f 512 523 513
f 350 359 360
f 1134 1147 1148
f 505 506 318
f 803 578 577
f 973 981 982
