# Blender v3.2.2 OBJ File: ''
# www.blender.org
o teapot
v -1.368074 1.035437 0.227403
v -1.381968 1.000000 0.229712
v -1.400000 1.000000 0.000000
v -1.316296 1.035437 0.442166
v -1.329664 1.000000 0.446656
v -1.233252 1.035437 0.641628
v -1.245776 1.000000 0.648144
v -1.121601 1.035437 0.823129
v -1.132992 1.000000 0.831488
v -0.984007 1.035437 0.984007
v -0.994000 1.000000 0.994000
v -0.823129 1.035437 1.121601
v -0.831488 1.000000 1.132992
v -0.641628 1.035437 1.233252
v -0.648144 1.000000 1.245776
v -0.442166 1.035437 1.316296
v -0.446656 1.000000 1.329664
v -0.227403 1.035437 1.368074
v -0.229712 1.000000 1.381968
v 0.000000 1.035437 1.385925
v 0.000000 1.000000 1.400000
v -1.362620 1.063000 0.226496
v -1.311049 1.063000 0.440403
v -1.228335 1.063000 0.639070
v -1.117130 1.063000 0.819847
v -0.980084 1.063000 0.980084
v -0.819847 1.063000 1.117130
v -0.639070 1.063000 1.228335
v -0.440403 1.063000 1.311049
v -0.226496 1.063000 1.362620
v -1.364422 1.082687 0.226795
v -1.312782 1.082687 0.440985
v -1.229959 1.082687 0.639915
v -1.118607 1.082687 0.820931
v -0.981380 1.082687 0.981380
v -0.820931 1.082687 1.118607
v -0.639915 1.082687 1.229959
v -0.440985 1.082687 1.312782
v -0.226795 1.082687 1.364422
v -1.372294 1.094500 0.228104
v -1.390200 1.094500 0.000000
v -1.320356 1.094500 0.443529
v -1.237056 1.094500 0.643607
v -1.125061 1.094500 0.825668
v -0.987042 1.094500 0.987042
v -0.825668 1.094500 1.125061
v -0.643607 1.094500 1.237056
v -0.443529 1.094500 1.320356
v -0.228104 1.094500 1.372294
v 0.000000 1.094500 1.390200
v -1.385053 1.098438 0.230225
v -1.403125 1.098438 0.000000
v -1.332632 1.098438 0.447653
v -1.248557 1.098438 0.649591
v -1.135521 1.098438 0.833344
v -0.996219 1.098438 0.996219
v -0.833344 1.098438 1.135521
v -0.649591 1.098438 1.248557
v -0.447653 1.098438 1.332632
v -0.230225 1.098438 1.385053
v 0.000000 1.098438 1.403125
v -1.401513 1.094500 0.232961
v -1.419800 1.094500 0.000000
v -1.348469 1.094500 0.452973
v -1.263395 1.094500 0.657311
v -1.149016 1.094500 0.843248
v -1.008058 1.094500 1.008058
v -0.843248 1.094500 1.149016
v -0.657311 1.094500 1.263395
v -0.452973 1.094500 1.348469
v -0.232961 1.094500 1.401513
v -1.420490 1.082687 0.236115
v -1.439025 1.082687 0.000000
v -1.366728 1.082687 0.459107
v -1.280502 1.082687 0.666211
v -1.164574 1.082687 0.854666
v -1.021708 1.082687 1.021708
v -0.854666 1.082687 1.164574
v -0.666211 1.082687 1.280502
v -0.459107 1.082687 1.366728
v -0.236115 1.082687 1.420490
v 0.000000 1.082687 1.439025
v -1.440800 1.063000 0.239491
v -1.386270 1.063000 0.465671
v -1.298810 1.063000 0.675736
v -1.181225 1.063000 0.866886
v -1.036316 1.063000 1.036316
v -0.866886 1.063000 1.181225
v -0.675736 1.063000 1.298810
v -0.465671 1.063000 1.386270
v -0.239491 1.063000 1.440800
v -1.461258 1.035437 0.242892
v -1.480325 1.035437 0.000000
v -1.405953 1.035437 0.472283
v -1.317252 1.035437 0.685331
v -1.197997 1.035437 0.879195
v -1.051031 1.035437 1.051031
v -0.879195 1.035437 1.197997
v -0.685331 1.035437 1.317252
v -0.472283 1.035437 1.405953
v -0.242892 1.035437 1.461258
v 0.000000 1.035437 1.480325
v -1.480680 1.000000 0.246120
v -1.424640 1.000000 0.478560
v -1.334760 1.000000 0.694440
v -1.213920 1.000000 0.890880
v -1.065000 1.000000 1.065000
v -0.890880 1.000000 1.213920
v -0.694440 1.000000 1.334760
v -0.478560 1.000000 1.424640
v -0.246120 1.000000 1.480680
v 0.227403 1.035437 1.368074
v 0.229712 1.000000 1.381968
v 0.442166 1.035437 1.316296
v 0.446656 1.000000 1.329664
v 0.641628 1.035437 1.233252
v 0.648144 1.000000 1.245776
v 0.823129 1.035437 1.121601
v 0.831488 1.000000 1.132992
v 0.984007 1.035437 0.984007
v 0.994000 1.000000 0.994000
v 1.121601 1.035437 0.823129
v 1.132992 1.000000 0.831488
v 1.233252 1.035437 0.641628
v 1.245776 1.000000 0.648144
v 1.316296 1.035437 0.442166
v 1.329664 1.000000 0.446656
v 1.368074 1.035437 0.227403
v 1.381968 1.000000 0.229712
v 1.400000 1.000000 0.000000
v 0.226496 1.063000 1.362620
v 0.000000 1.063000 1.380400
v 0.440403 1.063000 1.311049
v 0.639070 1.063000 1.228335
v 0.819847 1.063000 1.117130
v 0.980084 1.063000 0.980084
v 1.117130 1.063000 0.819847
v 1.228335 1.063000 0.639070
v 1.311049 1.063000 0.440403
v 1.362620 1.063000 0.226496
v 0.226795 1.082687 1.364422
v 0.000000 1.082687 1.382225
v 0.440985 1.082687 1.312782
v 0.639915 1.082687 1.229959
v 0.820931 1.082687 1.118607
v 0.981380 1.082687 0.981380
v 1.118607 1.082687 0.820931
v 1.229959 1.082687 0.639915
v 1.312782 1.082687 0.440985
v 1.364422 1.082687 0.226795
v 0.228104 1.094500 1.372294
v 0.443529 1.094500 1.320356
v 0.643607 1.094500 1.237056
v 0.825668 1.094500 1.125061
v 0.987042 1.094500 0.987042
v 1.125061 1.094500 0.825668
v 1.237056 1.094500 0.643607
v 1.320356 1.094500 0.443529
v 1.372294 1.094500 0.228104
v 0.230225 1.098438 1.385053
v 0.447653 1.098438 1.332632
v 0.649591 1.098438 1.248557
v 0.833344 1.098438 1.135521
v 0.996219 1.098438 0.996219
v 1.135521 1.098438 0.833344
v 1.248557 1.098438 0.649591
v 1.332632 1.098438 0.447653
v 1.385053 1.098438 0.230225
v 0.232961 1.094500 1.401513
v 0.000000 1.094500 1.419800
v 0.452973 1.094500 1.348469
v 0.657311 1.094500 1.263395
v 0.843248 1.094500 1.149016
v 1.008058 1.094500 1.008058
v 1.149016 1.094500 0.843248
v 1.263395 1.094500 0.657311
v 1.348469 1.094500 0.452973
v 1.401513 1.094500 0.232961
v 1.419800 1.094500 0.000000
v 0.236115 1.082687 1.420490
v 0.459107 1.082687 1.366728
v 0.666211 1.082687 1.280502
v 0.854666 1.082687 1.164574
v 1.021708 1.082687 1.021708
v 1.164574 1.082687 0.854666
v 1.280502 1.082687 0.666211
v 1.366728 1.082687 0.459107
v 1.420490 1.082687 0.236115
v 1.439025 1.082687 0.000000
v 0.239491 1.063000 1.440800
v 0.000000 1.063000 1.459600
v 0.465671 1.063000 1.386270
v 0.675736 1.063000 1.298810
v 0.866886 1.063000 1.181225
v 1.036316 1.063000 1.036316
v 1.181225 1.063000 0.866886
v 1.298810 1.063000 0.675736
v 1.386270 1.063000 0.465671
v 1.440800 1.063000 0.239491
v 0.242892 1.035437 1.461258
v 0.472283 1.035437 1.405953
v 0.685331 1.035437 1.317252
v 0.879195 1.035437 1.197997
v 1.051031 1.035437 1.051031
v 1.197997 1.035437 0.879195
v 1.317252 1.035437 0.685331
v 1.405953 1.035437 0.472283
v 1.461258 1.035437 0.242892
v 0.246120 1.000000 1.480680
v 0.000000 1.000000 1.500000
v 0.478560 1.000000 1.424640
v 0.694440 1.000000 1.334760
v 0.890880 1.000000 1.213920
v 1.065000 1.000000 1.065000
v 1.213920 1.000000 0.890880
v 1.334760 1.000000 0.694440
v 1.424640 1.000000 0.478560
v 1.480680 1.000000 0.246120
v 1.368074 1.035437 -0.227403
v 1.381968 1.000000 -0.229712
v 1.385925 1.035437 0.000000
v 1.316296 1.035437 -0.442166
v 1.329664 1.000000 -0.446656
v 1.233252 1.035437 -0.641628
v 1.245776 1.000000 -0.648144
v 1.121601 1.035437 -0.823129
v 1.132992 1.000000 -0.831488
v 0.984007 1.035437 -0.984007
v 0.994000 1.000000 -0.994000
v 0.823129 1.035437 -1.121601
v 0.831488 1.000000 -1.132992
v 0.641628 1.035437 -1.233252
v 0.648144 1.000000 -1.245776
v 0.442166 1.035437 -1.316296
v 0.446656 1.000000 -1.329664
v 0.227403 1.035437 -1.368074
v 0.229712 1.000000 -1.381968
v 0.000000 1.035437 -1.385925
v 0.000000 1.000000 -1.400000
v 1.362620 1.063000 -0.226496
v 1.380400 1.063000 0.000000
v 1.311049 1.063000 -0.440403
v 1.228335 1.063000 -0.639070
v 1.117130 1.063000 -0.819847
v 0.980084 1.063000 -0.980084
v 0.819847 1.063000 -1.117130
v 0.639070 1.063000 -1.228335
v 0.440403 1.063000 -1.311049
v 0.226496 1.063000 -1.362620
v 0.000000 1.063000 -1.380400
v 1.364422 1.082687 -0.226795
v 1.382225 1.082687 0.000000
v 1.312782 1.082687 -0.440985
v 1.229959 1.082687 -0.639915
v 1.118607 1.082687 -0.820931
v 0.981380 1.082687 -0.981380
v 0.820931 1.082687 -1.118607
v 0.639915 1.082687 -1.229959
v 0.440985 1.082687 -1.312782
v 0.226795 1.082687 -1.364422
v 0.000000 1.082687 -1.382225
v 1.372294 1.094500 -0.228104
v 1.390200 1.094500 0.000000
v 1.320356 1.094500 -0.443529
v 1.237056 1.094500 -0.643607
v 1.125061 1.094500 -0.825668
v 0.987042 1.094500 -0.987042
v 0.825668 1.094500 -1.125061
v 0.643607 1.094500 -1.237056
v 0.443529 1.094500 -1.320356
v 0.228104 1.094500 -1.372294
v 0.000000 1.094500 -1.390200
v 1.385053 1.098438 -0.230225
v 1.403125 1.098438 0.000000
v 1.332632 1.098438 -0.447653
v 1.248557 1.098438 -0.649591
v 1.135521 1.098438 -0.833344
v 0.996219 1.098438 -0.996219
v 0.833344 1.098438 -1.135521
v 0.649591 1.098438 -1.248557
v 0.447653 1.098438 -1.332632
v 0.230225 1.098438 -1.385053
v 1.401513 1.094500 -0.232961
v 1.348469 1.094500 -0.452973
v 1.263395 1.094500 -0.657311
v 1.149016 1.094500 -0.843248
v 1.008058 1.094500 -1.008058
v 0.843248 1.094500 -1.149016
v 0.657311 1.094500 -1.263395
v 0.452973 1.094500 -1.348469
v 0.232961 1.094500 -1.401513
v 1.420490 1.082687 -0.236115
v 1.366728 1.082687 -0.459107
v 1.280502 1.082687 -0.666211
v 1.164574 1.082687 -0.854666
v 1.021708 1.082687 -1.021708
v 0.854666 1.082687 -1.164574
v 0.666211 1.082687 -1.280502
v 0.459107 1.082687 -1.366728
v 0.236115 1.082687 -1.420490
v 0.000000 1.082687 -1.439025
v 1.440800 1.063000 -0.239491
v 1.459600 1.063000 0.000000
v 1.386270 1.063000 -0.465671
v 1.298810 1.063000 -0.675736
v 1.181225 1.063000 -0.866886
v 1.036316 1.063000 -1.036316
v 0.866886 1.063000 -1.181225
v 0.675736 1.063000 -1.298810
v 0.465671 1.063000 -1.386270
v 0.239491 1.063000 -1.440800
v 0.000000 1.063000 -1.459600
v 1.461258 1.035437 -0.242892
v 1.480325 1.035437 0.000000
v 1.405953 1.035437 -0.472283
v 1.317252 1.035437 -0.685331
v 1.197997 1.035437 -0.879195
v 1.051031 1.035437 -1.051031
v 0.879195 1.035437 -1.197997
v 0.685331 1.035437 -1.317252
v 0.472283 1.035437 -1.405953
v 0.242892 1.035437 -1.461258
v 1.480680 1.000000 -0.246120
v 1.500000 1.000000 0.000000
v 1.424640 1.000000 -0.478560
v 1.334760 1.000000 -0.694440
v 1.213920 1.000000 -0.890880
v 1.065000 1.000000 -1.065000
v 0.890880 1.000000 -1.213920
v 0.694440 1.000000 -1.334760
v 0.478560 1.000000 -1.424640
v 0.246120 1.000000 -1.480680
v 0.000000 1.000000 -1.500000
v -0.227403 1.035437 -1.368074
v -0.229712 1.000000 -1.381968
v -0.442166 1.035437 -1.316296
v -0.446656 1.000000 -1.329664
v -0.641628 1.035437 -1.233252
v -0.648144 1.000000 -1.245776
v -0.823129 1.035437 -1.121601
v -0.831488 1.000000 -1.132992
v -0.984007 1.035437 -0.984007
v -0.994000 1.000000 -0.994000
v -1.121601 1.035437 -0.823129
v -1.132992 1.000000 -0.831488
v -1.233252 1.035437 -0.641628
v -1.245776 1.000000 -0.648144
v -1.316296 1.035437 -0.442166
v -1.329664 1.000000 -0.446656
v -1.368074 1.035437 -0.227403
v -1.381968 1.000000 -0.229712
v -1.385925 1.035437 0.000000
v -0.226496 1.063000 -1.362620
v -0.440403 1.063000 -1.311049
v -0.639070 1.063000 -1.228335
v -0.819847 1.063000 -1.117130
v -0.980084 1.063000 -0.980084
v -1.117130 1.063000 -0.819847
v -1.228335 1.063000 -0.639070
v -1.311049 1.063000 -0.440403
v -1.362620 1.063000 -0.226496
v -1.380400 1.063000 0.000000
v -0.226795 1.082687 -1.364422
v -0.440985 1.082687 -1.312782
v -0.639915 1.082687 -1.229959
v -0.820931 1.082687 -1.118607
v -0.981380 1.082687 -0.981380
v -1.118607 1.082687 -0.820931
v -1.229959 1.082687 -0.639915
v -1.312782 1.082687 -0.440985
v -1.364422 1.082687 -0.226795
v -1.382225 1.082687 0.000000
v -0.228104 1.094500 -1.372294
v -0.443529 1.094500 -1.320356
v -0.643607 1.094500 -1.237056
v -0.825668 1.094500 -1.125061
v -0.987042 1.094500 -0.987042
v -1.125061 1.094500 -0.825668
v -1.237056 1.094500 -0.643607
v -1.320356 1.094500 -0.443529
v -1.372294 1.094500 -0.228104
v -0.230225 1.098438 -1.385053
v 0.000000 1.098438 -1.403125
v -0.447653 1.098438 -1.332632
v -0.649591 1.098438 -1.248557
v -0.833344 1.098438 -1.135521
v -0.996219 1.098438 -0.996219
v -1.135521 1.098438 -0.833344
v -1.248557 1.098438 -0.649591
v -1.332632 1.098438 -0.447653
v -1.385053 1.098438 -0.230225
v -0.232961 1.094500 -1.401513
v 0.000000 1.094500 -1.419800
v -0.452973 1.094500 -1.348469
v -0.657311 1.094500 -1.263395
v -0.843248 1.094500 -1.149016
v -1.008058 1.094500 -1.008058
v -1.149016 1.094500 -0.843248
v -1.263395 1.094500 -0.657311
v -1.348469 1.094500 -0.452973
v -1.401513 1.094500 -0.232961
v -0.236115 1.082687 -1.420490
v -0.459107 1.082687 -1.366728
v -0.666211 1.082687 -1.280502
v -0.854666 1.082687 -1.164574
v -1.021708 1.082687 -1.021708
v -1.164574 1.082687 -0.854666
v -1.280502 1.082687 -0.666211
v -1.366728 1.082687 -0.459107
v -1.420490 1.082687 -0.236115
v -0.239491 1.063000 -1.440800
v -0.465671 1.063000 -1.386270
v -0.675736 1.063000 -1.298810
v -0.866886 1.063000 -1.181225
v -1.036316 1.063000 -1.036316
v -1.181225 1.063000 -0.866886
v -1.298810 1.063000 -0.675736
v -1.386270 1.063000 -0.465671
v -1.440800 1.063000 -0.239491
v -1.459600 1.063000 0.000000
v -0.242892 1.035437 -1.461258
v 0.000000 1.035437 -1.480325
v -0.472283 1.035437 -1.405953
v -0.685331 1.035437 -1.317252
v -0.879195 1.035437 -1.197997
v -1.051031 1.035437 -1.051031
v -1.197997 1.035437 -0.879195
v -1.317252 1.035437 -0.685331
v -1.405953 1.035437 -0.472283
v -1.461258 1.035437 -0.242892
v -0.246120 1.000000 -1.480680
v -0.478560 1.000000 -1.424640
v -0.694440 1.000000 -1.334760
v -0.890880 1.000000 -1.213920
v -1.065000 1.000000 -1.065000
v -1.213920 1.000000 -0.890880
v -1.334760 1.000000 -0.694440
v -1.424640 1.000000 -0.478560
v -1.480680 1.000000 -0.246120
v -1.500000 1.000000 0.000000
v -1.554467 0.842575 0.258385
v -1.574750 0.842575 0.000000
v -1.495635 0.842575 0.502408
v -1.401276 0.842575 0.729046
v -1.274414 0.842575 0.935276
v -1.118073 0.842575 1.118073
v -0.935276 0.842575 1.274414
v -0.729046 0.842575 1.401276
v -0.502408 0.842575 1.495635
v -0.258385 0.842575 1.554467
v -1.626774 0.685600 0.270404
v -1.648000 0.685600 0.000000
v -1.565204 0.685600 0.525778
v -1.466456 0.685600 0.762958
v -1.333693 0.685600 0.978780
v -1.170080 0.685600 1.170080
v -0.978780 0.685600 1.333693
v -0.762958 0.685600 1.466456
v -0.525778 0.685600 1.565204
v -0.270404 0.685600 1.626774
v 0.000000 0.685600 1.648000
v -1.696119 0.529525 0.281930
v -1.718250 0.529525 0.000000
v -1.631925 0.529525 0.548190
v -1.528968 0.529525 0.795481
v -1.390545 0.529525 1.020503
v -1.219958 0.529525 1.219958
v -1.020503 0.529525 1.390545
v -0.795481 0.529525 1.528968
v -0.548190 0.529525 1.631925
v -0.281930 0.529525 1.696119
v 0.000000 0.529525 1.718250
v -1.761022 0.374800 0.292719
v -1.694372 0.374800 0.569167
v -1.587475 0.374800 0.825921
v -1.443756 0.374800 1.059553
v -1.266640 0.374800 1.266640
v -1.059553 0.374800 1.443756
v -0.825921 0.374800 1.587475
v -0.569167 0.374800 1.694372
v -0.292719 0.374800 1.761022
v 0.000000 0.374800 1.784000
v -1.820003 0.221875 0.302523
v -1.843750 0.221875 0.000000
v -1.751120 0.221875 0.588230
v -1.640643 0.221875 0.853583
v -1.492110 0.221875 1.095040
v -1.309063 0.221875 1.309063
v -1.095040 0.221875 1.492110
v -0.853583 0.221875 1.640643
v -0.588230 0.221875 1.751120
v -0.302522 0.221875 1.820003
v -1.871580 0.071200 0.311096
v -1.896000 0.071200 0.000000
v -1.800745 0.071200 0.604900
v -1.687137 0.071200 0.877772
v -1.534395 0.071200 1.126072
v -1.346160 0.071200 1.346160
v -1.126072 0.071200 1.534395
v -0.877772 0.071200 1.687137
v -0.604900 0.071200 1.800745
v -0.311096 0.071200 1.871580
v 0.000000 0.071200 1.896000
v -1.914272 -0.076775 0.318192
v -1.841822 -0.076775 0.618698
v -1.725622 -0.076775 0.897795
v -1.569396 -0.076775 1.151759
v -1.376867 -0.076775 1.376868
v -1.151759 -0.076775 1.569396
v -0.897795 -0.076775 1.725622
v -0.618698 -0.076775 1.841822
v -0.318192 -0.076775 1.914272
v 0.000000 -0.076775 1.939250
v -1.946601 -0.221600 0.323566
v -1.872927 -0.221600 0.629147
v -1.754764 -0.221600 0.912957
v -1.595900 -0.221600 1.171210
v -1.400120 -0.221600 1.400120
v -1.171210 -0.221600 1.595900
v -0.912957 -0.221600 1.754764
v -0.629147 -0.221600 1.872927
v -0.323566 -0.221600 1.946601
v 0.000000 -0.221600 1.972000
v -1.967083 -0.362825 0.326970
v -1.992750 -0.362825 -0.000000
v -1.892634 -0.362825 0.635767
v -1.773229 -0.362825 0.922564
v -1.612693 -0.362825 1.183534
v -1.414853 -0.362825 1.414853
v -1.183534 -0.362825 1.612693
v -0.922564 -0.362825 1.773229
v -0.635767 -0.362825 1.892634
v -0.326970 -0.362825 1.967083
v 0.000000 -0.362825 1.992750
v -1.974240 -0.500000 0.328160
v -2.000000 -0.500000 -0.000000
v -1.779680 -0.500000 0.925920
v -1.618560 -0.500000 1.187840
v -1.420000 -0.500000 1.420000
v -0.328160 -0.500000 1.974240
v 0.000000 -0.500000 2.000000
v 0.258385 0.842575 1.554467
v 0.000000 0.842575 1.574750
v 0.502408 0.842575 1.495635
v 0.729046 0.842575 1.401276
v 0.935276 0.842575 1.274414
v 1.118073 0.842575 1.118073
v 1.274414 0.842575 0.935276
v 1.401276 0.842575 0.729046
v 1.495635 0.842575 0.502408
v 1.554467 0.842575 0.258385
v 0.270404 0.685600 1.626774
v 0.525778 0.685600 1.565204
v 0.762958 0.685600 1.466456
v 0.978780 0.685600 1.333693
v 1.170080 0.685600 1.170080
v 1.333693 0.685600 0.978780
v 1.466456 0.685600 0.762958
v 1.565204 0.685600 0.525778
v 1.626774 0.685600 0.270404
v 1.648000 0.685600 0.000000
v 0.281930 0.529525 1.696119
v 0.548190 0.529525 1.631925
v 0.795481 0.529525 1.528968
v 1.020503 0.529525 1.390545
v 1.219958 0.529525 1.219958
v 1.390545 0.529525 1.020503
v 1.528968 0.529525 0.795481
v 1.631925 0.529525 0.548190
v 1.696119 0.529525 0.281930
v 1.718250 0.529525 0.000000
v 0.292719 0.374800 1.761022
v 0.569167 0.374800 1.694372
v 0.825921 0.374800 1.587475
v 1.059553 0.374800 1.443756
v 1.266640 0.374800 1.266640
v 1.443756 0.374800 1.059553
v 1.587475 0.374800 0.825921
v 1.694372 0.374800 0.569167
v 1.761022 0.374800 0.292719
v 1.784000 0.374800 0.000000
v 0.302523 0.221875 1.820003
v 0.000000 0.221875 1.843750
v 0.588230 0.221875 1.751120
v 0.853583 0.221875 1.640643
v 1.095040 0.221875 1.492110
v 1.309063 0.221875 1.309063
v 1.492110 0.221875 1.095040
v 1.640643 0.221875 0.853583
v 1.751120 0.221875 0.588230
v 1.820003 0.221875 0.302522
v 1.843750 0.221875 0.000000
v 0.311096 0.071200 1.871580
v 0.604900 0.071200 1.800745
v 0.877772 0.071200 1.687137
v 1.126072 0.071200 1.534395
v 1.346160 0.071200 1.346160
v 1.534395 0.071200 1.126072
v 1.687137 0.071200 0.877772
v 1.800745 0.071200 0.604900
v 1.871580 0.071200 0.311096
v 0.318192 -0.076775 1.914272
v 0.618698 -0.076775 1.841822
v 0.897795 -0.076775 1.725622
v 1.151759 -0.076775 1.569396
v 1.376868 -0.076775 1.376867
v 1.569396 -0.076775 1.151759
v 1.725622 -0.076775 0.897795
v 1.841822 -0.076775 0.618698
v 1.914272 -0.076775 0.318192
v 1.939250 -0.076775 -0.000000
v 0.323566 -0.221600 1.946601
v 0.629147 -0.221600 1.872927
v 0.912957 -0.221600 1.754764
v 1.171210 -0.221600 1.595900
v 1.400120 -0.221600 1.400120
v 1.595900 -0.221600 1.171210
v 1.754764 -0.221600 0.912957
v 1.872927 -0.221600 0.629147
v 1.946601 -0.221600 0.323566
v 0.326970 -0.362825 1.967083
v 0.635767 -0.362825 1.892634
v 0.922564 -0.362825 1.773229
v 1.183534 -0.362825 1.612693
v 1.414853 -0.362825 1.414853
v 1.612693 -0.362825 1.183534
v 1.773229 -0.362825 0.922564
v 1.892634 -0.362825 0.635767
v 1.967083 -0.362825 0.326970
v 0.328160 -0.500000 1.974240
v 0.925920 -0.500000 1.779680
v 1.618560 -0.500000 1.187840
v 1.899520 -0.500000 0.638080
v 1.974240 -0.500000 0.328160
v 2.000000 -0.500000 -0.000000
v 1.554467 0.842575 -0.258385
v 1.574750 0.842575 0.000000
v 1.495635 0.842575 -0.502408
v 1.401276 0.842575 -0.729046
v 1.274414 0.842575 -0.935276
v 1.118073 0.842575 -1.118073
v 0.935276 0.842575 -1.274414
v 0.729046 0.842575 -1.401276
v 0.502408 0.842575 -1.495635
v 0.258385 0.842575 -1.554467
v 1.626774 0.685600 -0.270404
v 1.565204 0.685600 -0.525778
v 1.466456 0.685600 -0.762958
v 1.333693 0.685600 -0.978780
v 1.170080 0.685600 -1.170080
v 0.978780 0.685600 -1.333693
v 0.762958 0.685600 -1.466456
v 0.525778 0.685600 -1.565204
v 0.270404 0.685600 -1.626774
v 0.000000 0.685600 -1.648000
v 1.696119 0.529525 -0.281930
v 1.631925 0.529525 -0.548190
v 1.528968 0.529525 -0.795481
v 1.390545 0.529525 -1.020503
v 1.219958 0.529525 -1.219958
v 1.020503 0.529525 -1.390545
v 0.795481 0.529525 -1.528968
v 0.548190 0.529525 -1.631925
v 0.281930 0.529525 -1.696119
v 0.000000 0.529525 -1.718250
v 1.761022 0.374800 -0.292719
v 1.694372 0.374800 -0.569167
v 1.587475 0.374800 -0.825921
v 1.443756 0.374800 -1.059553
v 1.266640 0.374800 -1.266640
v 1.059553 0.374800 -1.443756
v 0.825921 0.374800 -1.587475
v 0.569167 0.374800 -1.694372
v 0.292719 0.374800 -1.761022
v 0.000000 0.374800 -1.784000
v 1.820003 0.221875 -0.302523
v 1.751120 0.221875 -0.588230
v 1.640643 0.221875 -0.853583
v 1.492110 0.221875 -1.095040
v 1.309063 0.221875 -1.309063
v 1.095040 0.221875 -1.492110
v 0.853583 0.221875 -1.640643
v 0.588230 0.221875 -1.751120
v 0.302522 0.221875 -1.820003
v 0.000000 0.221875 -1.843750
v 1.871580 0.071200 -0.311096
v 1.896000 0.071200 0.000000
v 1.800745 0.071200 -0.604900
v 1.687137 0.071200 -0.877772
v 1.534395 0.071200 -1.126072
v 1.346160 0.071200 -1.346160
v 1.126072 0.071200 -1.534395
v 0.877772 0.071200 -1.687137
v 0.604900 0.071200 -1.800745
v 0.311096 0.071200 -1.871580
v 0.000000 0.071200 -1.896000
v 1.914272 -0.076775 -0.318192
v 1.841822 -0.076775 -0.618698
v 1.725622 -0.076775 -0.897795
v 1.569396 -0.076775 -1.151759
v 1.376867 -0.076775 -1.376868
v 1.151759 -0.076775 -1.569396
v 0.897795 -0.076775 -1.725622
v 0.618698 -0.076775 -1.841822
v 0.318192 -0.076775 -1.914272
v 0.000000 -0.076775 -1.939250
v 1.946601 -0.221600 -0.323566
v 1.972000 -0.221600 -0.000000
v 1.872927 -0.221600 -0.629147
v 1.754764 -0.221600 -0.912957
v 1.595900 -0.221600 -1.171210
v 1.400120 -0.221600 -1.400120
v 1.171210 -0.221600 -1.595900
v 0.912957 -0.221600 -1.754764
v 0.629147 -0.221600 -1.872927
v 0.323566 -0.221600 -1.946601
v 1.967083 -0.362825 -0.326970
v 1.992750 -0.362825 -0.000000
v 1.892634 -0.362825 -0.635767
v 1.773229 -0.362825 -0.922564
v 1.612693 -0.362825 -1.183534
v 1.414853 -0.362825 -1.414853
v 1.183534 -0.362825 -1.612693
v 0.922564 -0.362825 -1.773229
v 0.635767 -0.362825 -1.892634
v 0.326970 -0.362825 -1.967083
v 1.974240 -0.500000 -0.328160
v 1.779680 -0.500000 -0.925920
v 1.618560 -0.500000 -1.187840
v 0.328160 -0.500000 -1.974240
v -0.258385 0.842575 -1.554467
v 0.000000 0.842575 -1.574750
v -0.502408 0.842575 -1.495635
v -0.729046 0.842575 -1.401276
v -0.935276 0.842575 -1.274414
v -1.118073 0.842575 -1.118073
v -1.274414 0.842575 -0.935276
v -1.401276 0.842575 -0.729046
v -1.495635 0.842575 -0.502408
v -1.554467 0.842575 -0.258385
v -0.270404 0.685600 -1.626774
v -0.525778 0.685600 -1.565204
v -0.762958 0.685600 -1.466456
v -0.978780 0.685600 -1.333693
v -1.170080 0.685600 -1.170080
v -1.333693 0.685600 -0.978780
v -1.466456 0.685600 -0.762958
v -1.565204 0.685600 -0.525778
v -1.626774 0.685600 -0.270404
v -0.281930 0.529525 -1.696119
v -0.548190 0.529525 -1.631925
v -0.795481 0.529525 -1.528968
v -1.020503 0.529525 -1.390545
v -1.219958 0.529525 -1.219958
v -1.390545 0.529525 -1.020503
v -1.528968 0.529525 -0.795481
v -1.631925 0.529525 -0.548190
v -1.696119 0.529525 -0.281930
v -0.292719 0.374800 -1.761022
v -0.569167 0.374800 -1.694372
v -0.825921 0.374800 -1.587475
v -1.059553 0.374800 -1.443756
v -1.266640 0.374800 -1.266640
v -1.443756 0.374800 -1.059553
v -1.587475 0.374800 -0.825921
v -1.694372 0.374800 -0.569167
v -1.761022 0.374800 -0.292719
v -1.784000 0.374800 0.000000
v -0.302523 0.221875 -1.820003
v -0.588230 0.221875 -1.751120
v -0.853583 0.221875 -1.640643
v -1.095040 0.221875 -1.492110
v -1.309063 0.221875 -1.309063
v -1.492110 0.221875 -1.095040
v -1.640643 0.221875 -0.853583
v -1.751120 0.221875 -0.588230
v -1.820003 0.221875 -0.302522
v -0.311096 0.071200 -1.871580
v -0.604900 0.071200 -1.800745
v -0.877772 0.071200 -1.687137
v -1.126072 0.071200 -1.534395
v -1.346160 0.071200 -1.346160
v -1.534395 0.071200 -1.126072
v -1.687137 0.071200 -0.877772
v -1.800745 0.071200 -0.604900
v -1.871580 0.071200 -0.311096
v -0.318192 -0.076775 -1.914272
v -0.618698 -0.076775 -1.841822
v -0.897795 -0.076775 -1.725622
v -1.151759 -0.076775 -1.569396
v -1.376868 -0.076775 -1.376867
v -1.569396 -0.076775 -1.151759
v -1.725622 -0.076775 -0.897795
v -1.841822 -0.076775 -0.618698
v -1.914272 -0.076775 -0.318192
v -1.939250 -0.076775 -0.000000
v -0.323566 -0.221600 -1.946601
v 0.000000 -0.221600 -1.972000
v -0.629147 -0.221600 -1.872927
v -0.912957 -0.221600 -1.754764
v -1.171210 -0.221600 -1.595900
v -1.400120 -0.221600 -1.400120
v -1.595900 -0.221600 -1.171210
v -1.754764 -0.221600 -0.912957
v -1.872927 -0.221600 -0.629147
v -1.946601 -0.221600 -0.323566
v -1.972000 -0.221600 -0.000000
v -0.326970 -0.362825 -1.967083
v 0.000000 -0.362825 -1.992750
v -0.635767 -0.362825 -1.892634
v -0.922564 -0.362825 -1.773229
v -1.183534 -0.362825 -1.612693
v -1.414853 -0.362825 -1.414853
v -1.612693 -0.362825 -1.183534
v -1.773229 -0.362825 -0.922564
v -1.892634 -0.362825 -0.635767
v -1.967083 -0.362825 -0.326970
v -0.328160 -0.500000 -1.974240
v 0.000000 -0.500000 -2.000000
v -1.187840 -0.500000 -1.618560
v -1.618560 -0.500000 -1.187840
v -1.899520 -0.500000 -0.638080
v -1.960420 -0.628325 0.325863
v -1.886223 -0.628325 0.633613
v -1.899520 -0.500000 0.638080
v -1.767222 -0.628325 0.919439
v -1.607230 -0.628325 1.179525
v -1.410060 -0.628325 1.410060
v -1.179525 -0.628325 1.607230
v -1.187840 -0.500000 1.618560
v -0.919439 -0.628325 1.767222
v -0.925920 -0.500000 1.779680
v -0.633613 -0.628325 1.886223
v -0.638080 -0.500000 1.899520
v -0.325863 -0.628325 1.960420
v 0.000000 -0.628325 1.986000
v -1.922910 -0.743600 0.319628
v -1.850132 -0.743600 0.621490
v -1.733408 -0.743600 0.901846
v -1.576477 -0.743600 1.156956
v -1.383080 -0.743600 1.383080
v -1.156956 -0.743600 1.576477
v -0.901846 -0.743600 1.733408
v -0.621490 -0.743600 1.850132
v -0.319628 -0.743600 1.922910
v 0.000000 -0.743600 1.948000
v -1.867631 -0.846275 0.310439
v -1.892000 -0.846275 -0.000000
v -1.796946 -0.846275 0.603624
v -1.683577 -0.846275 0.875920
v -1.531158 -0.846275 1.123697
v -1.343320 -0.846275 1.343320
v -1.123697 -0.846275 1.531158
v -0.875920 -0.846275 1.683577
v -0.603624 -0.846275 1.796946
v -0.310439 -0.846275 1.867631
v 0.000000 -0.846275 1.892000
v -1.800507 -0.936800 0.299282
v -1.732362 -0.936800 0.581929
v -1.623068 -0.936800 0.844439
v -1.476127 -0.936800 1.083310
v -1.295040 -0.936800 1.295040
v -1.083310 -0.936800 1.476127
v -0.844439 -0.936800 1.623068
v -0.581929 -0.936800 1.732362
v -0.299282 -0.936800 1.800507
v 0.000000 -0.936800 1.824000
v -1.727460 -1.015625 0.287140
v -1.662080 -1.015625 0.558320
v -1.557220 -1.015625 0.810180
v -1.416240 -1.015625 1.039360
v -1.242500 -1.015625 1.242500
v -1.039360 -1.015625 1.416240
v -0.810180 -1.015625 1.557220
v -0.558320 -1.015625 1.662080
v -0.287140 -1.015625 1.727460
v -1.654413 -1.083200 0.274998
v -1.676000 -1.083200 -0.000000
v -1.591798 -1.083200 0.534711
v -1.491372 -1.083200 0.775921
v -1.356353 -1.083200 0.995410
v -1.189960 -1.083200 1.189960
v -0.995410 -1.083200 1.356353
v -0.775921 -1.083200 1.491372
v -0.534711 -1.083200 1.591798
v -0.274998 -1.083200 1.654413
v -1.587289 -1.139975 0.263841
v -1.608000 -1.139975 -0.000000
v -1.527214 -1.139975 0.513016
v -1.430863 -1.139975 0.744440
v -1.301322 -1.139975 0.955023
v -1.141680 -1.139975 1.141680
v -0.955023 -1.139975 1.301322
v -0.744440 -1.139975 1.430863
v -0.513016 -1.139975 1.527214
v -0.263841 -1.139975 1.587289
v 0.000000 -1.139975 1.608000
v -1.532010 -1.186400 0.254652
v -1.474028 -1.186400 0.495150
v -1.381032 -1.186400 0.718514
v -1.256003 -1.186400 0.921764
v -1.101920 -1.186400 1.101920
v -0.921764 -1.186400 1.256003
v -0.718514 -1.186400 1.381032
v -0.495150 -1.186400 1.474028
v -0.254652 -1.186400 1.532010
v -1.494500 -1.222925 0.248417
v -1.514000 -1.222925 -0.000000
v -1.437937 -1.222925 0.483027
v -1.347218 -1.222925 0.700921
v -1.225250 -1.222925 0.899195
v -1.074940 -1.222925 1.074940
v -0.899195 -1.222925 1.225250
v -0.700921 -1.222925 1.347218
v -0.483027 -1.222925 1.437937
v -0.248417 -1.222925 1.494500
v 0.000000 -1.222925 1.514000
v -1.213920 -1.250000 0.890880
v -1.065000 -1.250000 1.065000
v -0.890880 -1.250000 1.213920
v -0.694440 -1.250000 1.334760
v -0.246120 -1.250000 1.480680
v 0.000000 -1.250000 1.500000
v 0.325863 -0.628325 1.960420
v 0.633613 -0.628325 1.886223
v 0.638080 -0.500000 1.899520
v 0.919439 -0.628325 1.767222
v 1.179525 -0.628325 1.607230
v 1.187840 -0.500000 1.618560
v 1.410060 -0.628325 1.410060
v 1.420000 -0.500000 1.420000
v 1.607230 -0.628325 1.179525
v 1.767222 -0.628325 0.919439
v 1.779680 -0.500000 0.925920
v 1.886223 -0.628325 0.633613
v 1.960420 -0.628325 0.325863
v 0.319628 -0.743600 1.922910
v 0.621490 -0.743600 1.850132
v 0.901846 -0.743600 1.733408
v 1.156956 -0.743600 1.576477
v 1.383080 -0.743600 1.383080
v 1.576477 -0.743600 1.156956
v 1.733408 -0.743600 0.901846
v 1.850132 -0.743600 0.621490
v 1.922910 -0.743600 0.319628
v 0.310439 -0.846275 1.867631
v 0.603624 -0.846275 1.796946
v 0.875920 -0.846275 1.683577
v 1.123697 -0.846275 1.531158
v 1.343320 -0.846275 1.343320
v 1.531158 -0.846275 1.123697
v 1.683577 -0.846275 0.875920
v 1.796946 -0.846275 0.603624
v 1.867631 -0.846275 0.310439
v 0.299282 -0.936800 1.800507
v 0.581929 -0.936800 1.732362
v 0.844439 -0.936800 1.623068
v 1.083310 -0.936800 1.476127
v 1.295040 -0.936800 1.295040
v 1.476127 -0.936800 1.083310
v 1.623068 -0.936800 0.844439
v 1.732362 -0.936800 0.581929
v 1.800507 -0.936800 0.299282
v 0.287140 -1.015625 1.727460
v 0.000000 -1.015625 1.750000
v 0.558320 -1.015625 1.662080
v 0.810180 -1.015625 1.557220
v 1.039360 -1.015625 1.416240
v 1.242500 -1.015625 1.242500
v 1.416240 -1.015625 1.039360
v 1.557220 -1.015625 0.810180
v 1.662080 -1.015625 0.558320
v 1.727460 -1.015625 0.287140
v 0.274998 -1.083200 1.654413
v 0.000000 -1.083200 1.676000
v 0.534711 -1.083200 1.591798
v 0.775921 -1.083200 1.491372
v 0.995410 -1.083200 1.356353
v 1.189960 -1.083200 1.189960
v 1.356353 -1.083200 0.995410
v 1.491372 -1.083200 0.775921
v 1.591798 -1.083200 0.534711
v 1.654413 -1.083200 0.274998
v 0.263841 -1.139975 1.587289
v 0.513016 -1.139975 1.527214
v 0.744440 -1.139975 1.430863
v 0.955023 -1.139975 1.301322
v 1.141680 -1.139975 1.141680
v 1.301322 -1.139975 0.955023
v 1.430863 -1.139975 0.744440
v 1.527214 -1.139975 0.513016
v 1.587289 -1.139975 0.263841
v 0.254652 -1.186400 1.532010
v 0.000000 -1.186400 1.552000
v 0.495150 -1.186400 1.474028
v 0.718514 -1.186400 1.381032
v 0.921764 -1.186400 1.256003
v 1.101920 -1.186400 1.101920
v 1.256003 -1.186400 0.921764
v 1.381032 -1.186400 0.718514
v 1.474028 -1.186400 0.495150
v 1.532010 -1.186400 0.254652
v 1.552000 -1.186400 -0.000000
v 0.248417 -1.222925 1.494500
v 0.483027 -1.222925 1.437937
v 0.700921 -1.222925 1.347218
v 0.899195 -1.222925 1.225250
v 1.074940 -1.222925 1.074940
v 1.225250 -1.222925 0.899195
v 1.347218 -1.222925 0.700921
v 1.437937 -1.222925 0.483027
v 1.494500 -1.222925 0.248417
v 0.246120 -1.250000 1.480680
v 0.694440 -1.250000 1.334760
v 0.890880 -1.250000 1.213920
v 1.065000 -1.250000 1.065000
v 1.213920 -1.250000 0.890880
v 1.334760 -1.250000 0.694440
v 1.424640 -1.250000 0.478560
v 1.480680 -1.250000 0.246120
v 1.500000 -1.250000 -0.000000
v 1.960420 -0.628325 -0.325863
v 1.986000 -0.628325 -0.000000
v 1.886223 -0.628325 -0.633613
v 1.899520 -0.500000 -0.638080
v 1.767222 -0.628325 -0.919439
v 1.607230 -0.628325 -1.179525
v 1.410060 -0.628325 -1.410060
v 1.420000 -0.500000 -1.420000
v 1.179525 -0.628325 -1.607230
v 1.187840 -0.500000 -1.618560
v 0.919439 -0.628325 -1.767222
v 0.925920 -0.500000 -1.779680
v 0.633613 -0.628325 -1.886223
v 0.638080 -0.500000 -1.899520
v 0.325863 -0.628325 -1.960420
v 1.922910 -0.743600 -0.319628
v 1.948000 -0.743600 -0.000000
v 1.850132 -0.743600 -0.621490
v 1.733408 -0.743600 -0.901846
v 1.576477 -0.743600 -1.156956
v 1.383080 -0.743600 -1.383080
v 1.156956 -0.743600 -1.576477
v 0.901846 -0.743600 -1.733408
v 0.621490 -0.743600 -1.850132
v 0.319628 -0.743600 -1.922910
v 1.867631 -0.846275 -0.310439
v 1.892000 -0.846275 -0.000000
v 1.796946 -0.846275 -0.603624
v 1.683577 -0.846275 -0.875920
v 1.531158 -0.846275 -1.123697
v 1.343320 -0.846275 -1.343320
v 1.123697 -0.846275 -1.531158
v 0.875920 -0.846275 -1.683577
v 0.603624 -0.846275 -1.796946
v 0.310439 -0.846275 -1.867631
v 1.800507 -0.936800 -0.299282
v 1.824000 -0.936800 -0.000000
v 1.732362 -0.936800 -0.581929
v 1.623068 -0.936800 -0.844439
v 1.476127 -0.936800 -1.083310
v 1.295040 -0.936800 -1.295040
v 1.083310 -0.936800 -1.476127
v 0.844439 -0.936800 -1.623068
v 0.581929 -0.936800 -1.732362
v 0.299282 -0.936800 -1.800507
v 0.000000 -0.936800 -1.824000
v 1.727460 -1.015625 -0.287140
v 1.750000 -1.015625 -0.000000
v 1.662080 -1.015625 -0.558320
v 1.557220 -1.015625 -0.810180
v 1.416240 -1.015625 -1.039360
v 1.242500 -1.015625 -1.242500
v 1.039360 -1.015625 -1.416240
v 0.810180 -1.015625 -1.557220
v 0.558320 -1.015625 -1.662080
v 0.287140 -1.015625 -1.727460
v 1.654413 -1.083200 -0.274998
v 1.676000 -1.083200 -0.000000
v 1.591798 -1.083200 -0.534711
v 1.491372 -1.083200 -0.775921
v 1.356353 -1.083200 -0.995410
v 1.189960 -1.083200 -1.189960
v 0.995410 -1.083200 -1.356353
v 0.775921 -1.083200 -1.491372
v 0.534711 -1.083200 -1.591798
v 0.274998 -1.083200 -1.654413
v 1.587289 -1.139975 -0.263841
v 1.608000 -1.139975 -0.000000
v 1.527214 -1.139975 -0.513016
v 1.430863 -1.139975 -0.744440
v 1.301322 -1.139975 -0.955023
v 1.141680 -1.139975 -1.141680
v 0.955023 -1.139975 -1.301322
v 0.744440 -1.139975 -1.430863
v 0.513016 -1.139975 -1.527214
v 0.263841 -1.139975 -1.587289
v 1.532010 -1.186400 -0.254652
v 1.474028 -1.186400 -0.495150
v 1.381032 -1.186400 -0.718514
v 1.256003 -1.186400 -0.921764
v 1.101920 -1.186400 -1.101920
v 0.921764 -1.186400 -1.256003
v 0.718514 -1.186400 -1.381032
v 0.495150 -1.186400 -1.474028
v 0.254652 -1.186400 -1.532010
v 0.000000 -1.186400 -1.552000
v 1.494500 -1.222925 -0.248417
v 1.514000 -1.222925 -0.000000
v 1.437937 -1.222925 -0.483027
v 1.347218 -1.222925 -0.700921
v 1.225250 -1.222925 -0.899195
v 1.074940 -1.222925 -1.074940
v 0.899195 -1.222925 -1.225250
v 0.700921 -1.222925 -1.347218
v 0.483027 -1.222925 -1.437937
v 0.248417 -1.222925 -1.494500
v 0.000000 -1.222925 -1.514000
v 1.424640 -1.250000 -0.478560
v 1.334760 -1.250000 -0.694440
v 1.213920 -1.250000 -0.890880
v 1.065000 -1.250000 -1.065000
v 0.890880 -1.250000 -1.213920
v -0.325863 -0.628325 -1.960420
v 0.000000 -0.628325 -1.986000
v -0.633613 -0.628325 -1.886223
v -0.638080 -0.500000 -1.899520
v -0.919439 -0.628325 -1.767222
v -0.925920 -0.500000 -1.779680
v -1.179525 -0.628325 -1.607230
v -1.410060 -0.628325 -1.410060
v -1.420000 -0.500000 -1.420000
v -1.607230 -0.628325 -1.179525
v -1.767222 -0.628325 -0.919439
v -1.779680 -0.500000 -0.925920
v -1.886223 -0.628325 -0.633613
v -1.960420 -0.628325 -0.325863
v -1.974240 -0.500000 -0.328160
v -1.986000 -0.628325 -0.000000
v -0.319628 -0.743600 -1.922910
v 0.000000 -0.743600 -1.948000
v -0.621490 -0.743600 -1.850132
v -0.901846 -0.743600 -1.733408
v -1.156956 -0.743600 -1.576477
v -1.383080 -0.743600 -1.383080
v -1.576477 -0.743600 -1.156956
v -1.733408 -0.743600 -0.901846
v -1.850132 -0.743600 -0.621490
v -1.922910 -0.743600 -0.319628
v -1.948000 -0.743600 -0.000000
v -0.310439 -0.846275 -1.867631
v 0.000000 -0.846275 -1.892000
v -0.603624 -0.846275 -1.796946
v -0.875920 -0.846275 -1.683577
v -1.123697 -0.846275 -1.531158
v -1.343320 -0.846275 -1.343320
v -1.531158 -0.846275 -1.123697
v -1.683577 -0.846275 -0.875920
v -1.796946 -0.846275 -0.603624
v -1.867631 -0.846275 -0.310439
v -0.299282 -0.936800 -1.800507
v -0.581929 -0.936800 -1.732362
v -0.844439 -0.936800 -1.623068
v -1.083310 -0.936800 -1.476127
v -1.295040 -0.936800 -1.295040
v -1.476127 -0.936800 -1.083310
v -1.623068 -0.936800 -0.844439
v -1.732362 -0.936800 -0.581929
v -1.800507 -0.936800 -0.299282
v -1.824000 -0.936800 -0.000000
v -0.287140 -1.015625 -1.727460
v 0.000000 -1.015625 -1.750000
v -0.558320 -1.015625 -1.662080
v -0.810180 -1.015625 -1.557220
v -1.039360 -1.015625 -1.416240
v -1.242500 -1.015625 -1.242500
v -1.416240 -1.015625 -1.039360
v -1.557220 -1.015625 -0.810180
v -1.662080 -1.015625 -0.558320
v -1.727460 -1.015625 -0.287140
v -1.750000 -1.015625 -0.000000
v -0.274998 -1.083200 -1.654413
v 0.000000 -1.083200 -1.676000
v -0.534711 -1.083200 -1.591798
v -0.775921 -1.083200 -1.491372
v -0.995410 -1.083200 -1.356353
v -1.189960 -1.083200 -1.189960
v -1.356353 -1.083200 -0.995410
v -1.491372 -1.083200 -0.775921
v -1.591798 -1.083200 -0.534711
v -1.654413 -1.083200 -0.274998
v -0.263841 -1.139975 -1.587289
v 0.000000 -1.139975 -1.608000
v -0.513016 -1.139975 -1.527214
v -0.744440 -1.139975 -1.430863
v -0.955023 -1.139975 -1.301322
v -1.141680 -1.139975 -1.141680
v -1.301322 -1.139975 -0.955023
v -1.430863 -1.139975 -0.744440
v -1.527214 -1.139975 -0.513016
v -1.587289 -1.139975 -0.263841
v -0.254652 -1.186400 -1.532010
v -0.495150 -1.186400 -1.474028
v -0.718514 -1.186400 -1.381032
v -0.921764 -1.186400 -1.256003
v -1.101920 -1.186400 -1.101920
v -1.256003 -1.186400 -0.921764
v -1.381032 -1.186400 -0.718514
v -1.474028 -1.186400 -0.495150
v -1.532010 -1.186400 -0.254652
v -1.552000 -1.186400 -0.000000
v -0.248417 -1.222925 -1.494500
v -0.483027 -1.222925 -1.437937
v -0.700921 -1.222925 -1.347218
v -0.899195 -1.222925 -1.225250
v -1.074940 -1.222925 -1.074940
v -1.225250 -1.222925 -0.899195
v -1.347218 -1.222925 -0.700921
v -1.437937 -1.222925 -0.483027
v -1.494500 -1.222925 -0.248417
v -0.246120 -1.250000 -1.480680
v 0.000000 -1.250000 -1.500000
v -0.478560 -1.250000 -1.424640
v -0.890880 -1.250000 -1.213920
v -1.065000 -1.250000 -1.065000
v -1.334760 -1.250000 -0.694440
v -1.480680 -1.250000 -0.246120
v -1.500000 -1.250000 -0.000000
v 1.800455 0.631069 0.081000
v 1.597200 0.631300 0.081000
v 1.600000 0.625000 0.000000
v 1.800900 0.624775 0.000000
v 1.799246 0.648152 0.144000
v 1.589600 0.648400 0.144000
v 1.797466 0.673326 0.189000
v 1.578400 0.673600 0.189000
v 1.795303 0.703896 0.216000
v 1.564800 0.704200 0.216000
v 1.792950 0.737163 0.225000
v 1.550000 0.737500 0.225000
v 1.790597 0.770429 0.216000
v 1.535200 0.770800 0.216000
v 1.788434 0.800999 0.189000
v 1.521600 0.801400 0.189000
v 1.786654 0.826173 0.144000
v 1.510400 0.826600 0.144000
v 1.785445 0.843256 0.081000
v 1.502800 0.843700 0.081000
v 1.785000 0.849550 0.000000
v 1.500000 0.850000 0.000000
v 1.984790 0.629450 0.081000
v 1.983200 0.623200 0.000000
v 1.989107 0.646413 0.144000
v 1.995469 0.671411 0.189000
v 2.003194 0.701766 0.216000
v 2.011600 0.734800 0.225000
v 2.020006 0.767834 0.216000
v 2.027731 0.798189 0.189000
v 2.034093 0.823187 0.144000
v 2.038410 0.840150 0.081000
v 2.149624 0.625055 0.081000
v 2.146300 0.618925 0.000000
v 2.158645 0.641693 0.144000
v 2.171939 0.666213 0.189000
v 2.188082 0.695987 0.216000
v 2.205650 0.728388 0.225000
v 2.223218 0.760788 0.216000
v 2.239361 0.790562 0.189000
v 2.252655 0.815082 0.144000
v 2.261676 0.831720 0.081000
v 2.265000 0.837850 0.000000
v 2.294371 0.616497 0.081000
v 2.289600 0.610600 0.000000
v 2.307322 0.632502 0.144000
v 2.326406 0.656090 0.189000
v 2.349581 0.684731 0.216000
v 2.374800 0.715900 0.225000
v 2.400019 0.747069 0.216000
v 2.423194 0.775710 0.189000
v 2.442278 0.799298 0.144000
v 2.455229 0.815303 0.081000
v 2.418450 0.602387 0.081000
v 2.434600 0.617350 0.144000
v 2.458400 0.639400 0.189000
v 2.487300 0.666175 0.216000
v 2.518750 0.695312 0.225000
v 2.550200 0.724450 0.216000
v 2.579100 0.751225 0.189000
v 2.602900 0.773275 0.144000
v 2.619050 0.788238 0.081000
v 2.625000 0.793750 0.000000
v 2.521277 0.581339 0.081000
v 2.539942 0.594746 0.144000
v 2.567450 0.614502 0.189000
v 2.600851 0.638493 0.216000
v 2.637200 0.664600 0.225000
v 2.673549 0.690707 0.216000
v 2.706950 0.714698 0.189000
v 2.734458 0.734454 0.144000
v 2.753123 0.747861 0.081000
v 2.760000 0.752800 0.000000
v 2.602268 0.551964 0.081000
v 2.594700 0.547825 0.000000
v 2.622811 0.563199 0.144000
v 2.653085 0.579755 0.189000
v 2.689846 0.599859 0.216000
v 2.729850 0.621737 0.225000
v 2.769854 0.643616 0.216000
v 2.806615 0.663720 0.189000
v 2.836889 0.680276 0.144000
v 2.857432 0.691511 0.081000
v 2.865000 0.695650 0.000000
v 2.660842 0.512874 0.081000
v 2.682669 0.521219 0.144000
v 2.714835 0.533517 0.189000
v 2.753894 0.548450 0.216000
v 2.796400 0.564700 0.225000
v 2.838906 0.580950 0.216000
v 2.877965 0.595883 0.189000
v 2.910131 0.608181 0.144000
v 2.931958 0.616526 0.081000
v 2.940000 0.619600 0.000000
v 2.696413 0.462682 0.081000
v 2.688100 0.460975 0.000000
v 2.718978 0.467316 0.144000
v 2.752230 0.474146 0.189000
v 2.792609 0.482438 0.216000
v 2.836550 0.491463 0.225000
v 2.880491 0.500487 0.216000
v 2.920870 0.508779 0.189000
v 2.954122 0.515609 0.144000
v 2.976687 0.520243 0.081000
v 2.708400 0.400000 0.081000
v 2.700000 0.400000 0.000000
v 2.731200 0.400000 0.144000
v 2.764800 0.400000 0.189000
v 2.805600 0.400000 0.216000
v 2.850000 0.400000 0.225000
v 2.894400 0.400000 0.216000
v 2.935200 0.400000 0.189000
v 2.968800 0.400000 0.144000
v 2.991600 0.400000 0.081000
v 3.000000 0.400000 0.000000
v 1.785445 0.843256 -0.081000
v 1.502800 0.843700 -0.081000
v 1.786654 0.826173 -0.144000
v 1.510400 0.826600 -0.144000
v 1.788434 0.800999 -0.189000
v 1.521600 0.801400 -0.189000
v 1.790597 0.770429 -0.216000
v 1.535200 0.770800 -0.216000
v 1.792950 0.737163 -0.225000
v 1.550000 0.737500 -0.225000
v 1.795303 0.703896 -0.216000
v 1.564800 0.704200 -0.216000
v 1.797466 0.673326 -0.189000
v 1.578400 0.673600 -0.189000
v 1.799246 0.648152 -0.144000
v 1.589600 0.648400 -0.144000
v 1.800455 0.631069 -0.081000
v 1.597200 0.631300 -0.081000
v 2.038410 0.840150 -0.081000
v 2.040000 0.846400 0.000000
v 2.034093 0.823187 -0.144000
v 2.027731 0.798189 -0.189000
v 2.020006 0.767834 -0.216000
v 2.011600 0.734800 -0.225000
v 2.003194 0.701766 -0.216000
v 1.995469 0.671411 -0.189000
v 1.989107 0.646413 -0.144000
v 1.984790 0.629450 -0.081000
v 2.261676 0.831720 -0.081000
v 2.252655 0.815082 -0.144000
v 2.239361 0.790562 -0.189000
v 2.223218 0.760788 -0.216000
v 2.205650 0.728387 -0.225000
v 2.188082 0.695987 -0.216000
v 2.171939 0.666213 -0.189000
v 2.158645 0.641693 -0.144000
v 2.149624 0.625055 -0.081000
v 2.455229 0.815303 -0.081000
v 2.460000 0.821200 0.000000
v 2.442278 0.799298 -0.144000
v 2.423194 0.775710 -0.189000
v 2.400019 0.747069 -0.216000
v 2.374800 0.715900 -0.225000
v 2.349581 0.684731 -0.216000
v 2.326406 0.656090 -0.189000
v 2.307322 0.632502 -0.144000
v 2.294371 0.616497 -0.081000
v 2.619050 0.788238 -0.081000
v 2.602900 0.773275 -0.144000
v 2.579100 0.751225 -0.189000
v 2.550200 0.724450 -0.216000
v 2.518750 0.695312 -0.225000
v 2.487300 0.666175 -0.216000
v 2.458400 0.639400 -0.189000
v 2.434600 0.617350 -0.144000
v 2.418450 0.602388 -0.081000
v 2.412500 0.596875 0.000000
v 2.753123 0.747861 -0.081000
v 2.734458 0.734454 -0.144000
v 2.706950 0.714698 -0.189000
v 2.673549 0.690707 -0.216000
v 2.637200 0.664600 -0.225000
v 2.600851 0.638493 -0.216000
v 2.567450 0.614502 -0.189000
v 2.539942 0.594746 -0.144000
v 2.521277 0.581339 -0.081000
v 2.514400 0.576400 0.000000
v 2.857432 0.691511 -0.081000
v 2.836889 0.680276 -0.144000
v 2.806615 0.663720 -0.189000
v 2.769854 0.643616 -0.216000
v 2.729850 0.621737 -0.225000
v 2.689846 0.599859 -0.216000
v 2.653085 0.579755 -0.189000
v 2.622811 0.563199 -0.144000
v 2.602268 0.551964 -0.081000
v 2.931958 0.616526 -0.081000
v 2.910131 0.608181 -0.144000
v 2.877965 0.595883 -0.189000
v 2.838906 0.580950 -0.216000
v 2.796400 0.564700 -0.225000
v 2.753894 0.548450 -0.216000
v 2.714835 0.533517 -0.189000
v 2.682669 0.521219 -0.144000
v 2.660842 0.512874 -0.081000
v 2.652800 0.509800 0.000000
v 2.976687 0.520243 -0.081000
v 2.985000 0.521950 0.000000
v 2.954122 0.515609 -0.144000
v 2.920870 0.508779 -0.189000
v 2.880491 0.500487 -0.216000
v 2.836550 0.491463 -0.225000
v 2.792609 0.482438 -0.216000
v 2.752230 0.474146 -0.189000
v 2.718978 0.467316 -0.144000
v 2.696413 0.462682 -0.081000
v 2.991600 0.400000 -0.081000
v 2.968800 0.400000 -0.144000
v 2.935200 0.400000 -0.189000
v 2.894400 0.400000 -0.216000
v 2.850000 0.400000 -0.225000
v 2.805600 0.400000 -0.216000
v 2.764800 0.400000 -0.189000
v 2.731200 0.400000 -0.144000
v 2.708400 0.400000 -0.081000
v 2.702175 0.324519 0.081000
v 2.693900 0.326200 0.000000
v 2.724637 0.319956 0.144000
v 2.757739 0.313232 0.189000
v 2.797934 0.305067 0.216000
v 2.841675 0.296181 0.225000
v 2.885416 0.287296 0.216000
v 2.925611 0.279131 0.189000
v 2.958713 0.272406 0.144000
v 2.981175 0.267844 0.081000
v 2.989450 0.266162 0.000000
v 2.683107 0.238610 0.081000
v 2.675200 0.241600 0.000000
v 2.704570 0.230493 0.144000
v 2.736198 0.218531 0.189000
v 2.774605 0.204006 0.216000
v 2.816400 0.188200 0.225000
v 2.858195 0.172394 0.216000
v 2.896602 0.157869 0.189000
v 2.928230 0.145907 0.144000
v 2.949693 0.137790 0.081000
v 2.957600 0.134800 0.000000
v 2.650604 0.144903 0.081000
v 2.643300 0.148900 0.000000
v 2.670428 0.134053 0.144000
v 2.699644 0.118063 0.189000
v 2.735119 0.098648 0.216000
v 2.773725 0.077519 0.225000
v 2.812331 0.056390 0.216000
v 2.847806 0.036974 0.189000
v 2.877022 0.020985 0.144000
v 2.896846 0.010135 0.081000
v 2.904150 0.006137 0.000000
v 2.604074 0.046029 0.081000
v 2.597600 0.050800 0.000000
v 2.621645 0.033078 0.144000
v 2.647539 0.013994 0.189000
v 2.678982 -0.009181 0.216000
v 2.713200 -0.034400 0.225000
v 2.747418 -0.059619 0.216000
v 2.778861 -0.082794 0.189000
v 2.804755 -0.101878 0.144000
v 2.822326 -0.114829 0.081000
v 2.828800 -0.119600 -0.000000
v 2.542925 -0.055381 0.081000
v 2.537500 -0.050000 -0.000000
v 2.557650 -0.069987 0.144000
v 2.579350 -0.091512 0.189000
v 2.605700 -0.117650 0.216000
v 2.634375 -0.146094 0.225000
v 2.663050 -0.174537 0.216000
v 2.689400 -0.200675 0.189000
v 2.711100 -0.222200 0.144000
v 2.725825 -0.236806 0.081000
v 2.731250 -0.242187 -0.000000
v 2.466566 -0.156697 0.081000
v 2.477875 -0.172702 0.144000
v 2.494541 -0.196290 0.189000
v 2.514778 -0.224931 0.216000
v 2.536800 -0.256100 0.225000
v 2.558822 -0.287269 0.216000
v 2.579059 -0.315910 0.189000
v 2.595725 -0.339498 0.144000
v 2.607034 -0.355503 0.081000
v 2.374406 -0.255287 0.081000
v 2.371700 -0.248900 -0.000000
v 2.381752 -0.272624 0.144000
v 2.392576 -0.298172 0.189000
v 2.405721 -0.329196 0.216000
v 2.420025 -0.362956 0.225000
v 2.434329 -0.396717 0.216000
v 2.447474 -0.427740 0.189000
v 2.458298 -0.453289 0.144000
v 2.465644 -0.470625 0.081000
v 2.468350 -0.477013 -0.000000
v 2.265853 -0.348522 0.081000
v 2.268710 -0.367309 0.144000
v 2.272922 -0.394995 0.189000
v 2.278035 -0.428614 0.216000
v 2.283600 -0.465200 0.225000
v 2.289165 -0.501786 0.216000
v 2.294278 -0.535405 0.189000
v 2.298490 -0.563091 0.144000
v 2.301347 -0.581878 0.081000
v 2.140315 -0.433769 0.081000
v 2.141100 -0.426200 -0.000000
v 2.138183 -0.454315 0.144000
v 2.135041 -0.484593 0.189000
v 2.131226 -0.521359 0.216000
v 2.127075 -0.561369 0.225000
v 2.122924 -0.601379 0.216000
v 2.119109 -0.638145 0.189000
v 2.115967 -0.668422 0.144000
v 2.113835 -0.688968 0.081000
v 1.997200 -0.508400 0.081000
v 1.989600 -0.531200 0.144000
v 1.978400 -0.564800 0.189000
v 1.964800 -0.605600 0.216000
v 1.950000 -0.650000 0.225000
v 1.935200 -0.694400 0.216000
v 1.921600 -0.735200 0.189000
v 1.910400 -0.768800 0.144000
v 1.902800 -0.791600 0.081000
v 1.900000 -0.800000 -0.000000
v 2.981175 0.267844 -0.081000
v 2.958713 0.272406 -0.144000
v 2.925611 0.279131 -0.189000
v 2.885416 0.287296 -0.216000
v 2.841675 0.296181 -0.225000
v 2.797934 0.305067 -0.216000
v 2.757739 0.313232 -0.189000
v 2.724637 0.319956 -0.144000
v 2.702175 0.324519 -0.081000
v 2.949693 0.137790 -0.081000
v 2.928230 0.145907 -0.144000
v 2.896602 0.157869 -0.189000
v 2.858195 0.172394 -0.216000
v 2.816400 0.188200 -0.225000
v 2.774605 0.204006 -0.216000
v 2.736198 0.218531 -0.189000
v 2.704570 0.230493 -0.144000
v 2.683107 0.238610 -0.081000
v 2.896846 0.010135 -0.081000
v 2.877022 0.020985 -0.144000
v 2.847806 0.036974 -0.189000
v 2.812331 0.056390 -0.216000
v 2.773725 0.077519 -0.225000
v 2.735119 0.098648 -0.216000
v 2.699644 0.118063 -0.189000
v 2.670428 0.134053 -0.144000
v 2.650604 0.144903 -0.081000
v 2.822326 -0.114829 -0.081000
v 2.804755 -0.101878 -0.144000
v 2.778861 -0.082794 -0.189000
v 2.747418 -0.059619 -0.216000
v 2.713200 -0.034400 -0.225000
v 2.678982 -0.009181 -0.216000
v 2.647539 0.013994 -0.189000
v 2.621645 0.033078 -0.144000
v 2.604074 0.046029 -0.081000
v 2.725825 -0.236806 -0.081000
v 2.711100 -0.222200 -0.144000
v 2.689400 -0.200675 -0.189000
v 2.663050 -0.174537 -0.216000
v 2.634375 -0.146094 -0.225000
v 2.605700 -0.117650 -0.216000
v 2.579350 -0.091512 -0.189000
v 2.557650 -0.069987 -0.144000
v 2.542925 -0.055381 -0.081000
v 2.607034 -0.355503 -0.081000
v 2.611200 -0.361400 -0.000000
v 2.595725 -0.339498 -0.144000
v 2.579059 -0.315910 -0.189000
v 2.558822 -0.287269 -0.216000
v 2.536800 -0.256100 -0.225000
v 2.514778 -0.224931 -0.216000
v 2.494541 -0.196290 -0.189000
v 2.477875 -0.172702 -0.144000
v 2.466566 -0.156697 -0.081000
v 2.462400 -0.150800 -0.000000
v 2.465644 -0.470625 -0.081000
v 2.458298 -0.453289 -0.144000
v 2.447474 -0.427740 -0.189000
v 2.434329 -0.396717 -0.216000
v 2.420025 -0.362956 -0.225000
v 2.405721 -0.329196 -0.216000
v 2.392576 -0.298172 -0.189000
v 2.381752 -0.272624 -0.144000
v 2.374406 -0.255287 -0.081000
v 2.301347 -0.581878 -0.081000
v 2.302400 -0.588800 -0.000000
v 2.298490 -0.563091 -0.144000
v 2.294278 -0.535405 -0.189000
v 2.289165 -0.501786 -0.216000
v 2.283600 -0.465200 -0.225000
v 2.278035 -0.428614 -0.216000
v 2.272922 -0.394995 -0.189000
v 2.268710 -0.367309 -0.144000
v 2.265853 -0.348522 -0.081000
v 2.264800 -0.341600 -0.000000
v 2.113835 -0.688968 -0.081000
v 2.113050 -0.696537 -0.000000
v 2.115967 -0.668422 -0.144000
v 2.119109 -0.638145 -0.189000
v 2.122924 -0.601379 -0.216000
v 2.127075 -0.561369 -0.225000
v 2.131226 -0.521359 -0.216000
v 2.135041 -0.484593 -0.189000
v 2.138183 -0.454315 -0.144000
v 2.140315 -0.433769 -0.081000
v 1.902800 -0.791600 -0.081000
v 1.910400 -0.768800 -0.144000
v 1.921600 -0.735200 -0.189000
v 1.935200 -0.694400 -0.216000
v 1.950000 -0.650000 -0.225000
v 1.964800 -0.605600 -0.216000
v 1.978400 -0.564800 -0.189000
v 1.989600 -0.531200 -0.144000
v 1.997200 -0.508400 -0.081000
v -1.939394 0.023221 0.175100
v -1.700000 0.001900 0.178200
v -1.700000 0.025000 0.000000
v -1.935900 0.044200 0.000000
v -1.948879 -0.033722 0.311290
v -1.700000 -0.060800 0.316800
v -1.962857 -0.117638 0.408568
v -1.700000 -0.153200 0.415800
v -1.979830 -0.219536 0.466934
v -1.700000 -0.265400 0.475200
v -1.998300 -0.330425 0.486390
v -1.700000 -0.387500 0.495000
v -2.016770 -0.441314 0.466934
v -1.700000 -0.509600 0.475200
v -2.033743 -0.543212 0.408568
v -1.700000 -0.621800 0.415800
v -2.047721 -0.627128 0.311290
v -1.700000 -0.714200 0.316800
v -2.057206 -0.684071 0.175100
v -1.700000 -0.776900 0.178200
v -2.060700 -0.705050 -0.000000
v -1.700000 -0.800000 -0.000000
v -2.116979 0.079120 0.166687
v -2.111200 0.097600 0.000000
v -2.132666 0.028960 0.296333
v -2.155782 -0.044960 0.388937
v -2.183853 -0.134720 0.444499
v -2.214400 -0.232400 0.463020
v -2.244947 -0.330080 0.444499
v -2.273018 -0.419840 0.388937
v -2.296134 -0.493760 0.296333
v -2.311821 -0.543920 0.166687
v -2.244457 0.163171 0.154289
v -2.237300 0.178900 0.000000
v -2.263882 0.120478 0.274291
v -2.292510 0.057562 0.360007
v -2.327271 -0.018836 0.411437
v -2.365100 -0.101975 0.428580
v -2.402929 -0.185114 0.411437
v -2.437690 -0.261512 0.360007
v -2.466318 -0.324428 0.274291
v -2.485743 -0.367121 0.154289
v -2.333530 0.268948 0.139234
v -2.325600 0.281800 0.000000
v -2.355053 0.234064 0.247526
v -2.386771 0.182656 0.324878
v -2.425286 0.120232 0.371290
v -2.467200 0.052300 0.386760
v -2.509114 -0.015632 0.371290
v -2.547629 -0.078056 0.324878
v -2.579347 -0.129464 0.247526
v -2.600870 -0.164348 0.139234
v -2.608800 -0.177200 -0.000000
v -2.395900 0.390025 0.122850
v -2.387500 0.400000 0.000000
v -2.418700 0.362950 0.218400
v -2.452300 0.323050 0.286650
v -2.493100 0.274600 0.327600
v -2.537500 0.221875 0.341250
v -2.581900 0.169150 0.327600
v -2.622700 0.120700 0.286650
v -2.656300 0.080800 0.218400
v -2.679100 0.053725 0.122850
v -2.687500 0.043750 0.000000
v -2.443270 0.519976 0.106466
v -2.467347 0.500368 0.189274
v -2.502829 0.471472 0.248422
v -2.545914 0.436384 0.283910
v -2.592800 0.398200 0.295740
v -2.639686 0.360016 0.283910
v -2.682771 0.324928 0.248422
v -2.718253 0.296032 0.189274
v -2.742330 0.276424 0.106466
v -2.487343 0.652375 0.091411
v -2.513518 0.639550 0.162509
v -2.552090 0.620650 0.213293
v -2.598929 0.597700 0.243763
v -2.649900 0.572725 0.253920
v -2.700871 0.547750 0.243763
v -2.747710 0.524800 0.213293
v -2.786282 0.505900 0.162509
v -2.812457 0.493075 0.091411
v -2.539821 0.780796 0.079013
v -2.528800 0.783400 0.000000
v -2.569734 0.773728 0.140467
v -2.613818 0.763312 0.184363
v -2.667347 0.750664 0.210701
v -2.725600 0.736900 0.219480
v -2.783853 0.723136 0.210701
v -2.837382 0.710488 0.184363
v -2.881466 0.700072 0.140467
v -2.911379 0.693004 0.079013
v -2.922400 0.690400 0.000000
v -2.612406 0.898813 0.070600
v -2.599100 0.899800 0.000000
v -2.648521 0.896134 0.125510
v -2.701743 0.892186 0.164732
v -2.766370 0.887392 0.188266
v -2.836700 0.882175 0.196110
v -2.907030 0.876958 0.188266
v -2.971657 0.872164 0.164732
v -3.024879 0.868216 0.125510
v -3.060994 0.865537 0.070600
v -3.283200 1.000000 0.067500
v -2.057206 -0.684071 -0.175100
v -1.700000 -0.776900 -0.178200
v -2.047721 -0.627128 -0.311290
v -1.700000 -0.714200 -0.316800
v -2.033743 -0.543212 -0.408568
v -1.700000 -0.621800 -0.415800
v -2.016770 -0.441314 -0.466934
v -1.700000 -0.509600 -0.475200
v -1.998300 -0.330425 -0.486390
v -1.700000 -0.387500 -0.495000
v -1.979830 -0.219536 -0.466934
v -1.700000 -0.265400 -0.475200
v -1.962857 -0.117638 -0.408568
v -1.700000 -0.153200 -0.415800
v -1.948879 -0.033722 -0.311290
v -1.700000 -0.060800 -0.316800
v -1.939394 0.023221 -0.175100
v -1.700000 0.001900 -0.178200
v -2.311821 -0.543920 -0.166687
v -2.317600 -0.562400 -0.000000
v -2.296134 -0.493760 -0.296333
v -2.273018 -0.419840 -0.388937
v -2.244947 -0.330080 -0.444499
v -2.214400 -0.232400 -0.463020
v -2.183853 -0.134720 -0.444499
v -2.155782 -0.044960 -0.388937
v -2.132666 0.028960 -0.296333
v -2.116979 0.079120 -0.166687
v -2.485743 -0.367121 -0.154289
v -2.492900 -0.382850 -0.000000
v -2.466318 -0.324428 -0.274291
v -2.437690 -0.261512 -0.360007
v -2.402929 -0.185114 -0.411437
v -2.365100 -0.101975 -0.428580
v -2.327271 -0.018836 -0.411437
v -2.292510 0.057562 -0.360007
v -2.263882 0.120478 -0.274291
v -2.244457 0.163171 -0.154289
v -2.600870 -0.164348 -0.139234
v -2.579347 -0.129464 -0.247526
v -2.547629 -0.078056 -0.324878
v -2.509114 -0.015632 -0.371290
v -2.467200 0.052300 -0.386760
v -2.425286 0.120232 -0.371290
v -2.386771 0.182656 -0.324878
v -2.355053 0.234064 -0.247526
v -2.333530 0.268948 -0.139234
v -2.679100 0.053725 -0.122850
v -2.656300 0.080800 -0.218400
v -2.622700 0.120700 -0.286650
v -2.581900 0.169150 -0.327600
v -2.537500 0.221875 -0.341250
v -2.493100 0.274600 -0.327600
v -2.452300 0.323050 -0.286650
v -2.418700 0.362950 -0.218400
v -2.395900 0.390025 -0.122850
v -2.742330 0.276424 -0.106466
v -2.751200 0.269200 0.000000
v -2.718253 0.296032 -0.189274
v -2.682771 0.324928 -0.248422
v -2.639686 0.360016 -0.283910
v -2.592800 0.398200 -0.295740
v -2.545914 0.436384 -0.283910
v -2.502829 0.471472 -0.248422
v -2.467347 0.500368 -0.189274
v -2.443270 0.519976 -0.106466
v -2.434400 0.527200 0.000000
v -2.812457 0.493075 -0.091411
v -2.822100 0.488350 0.000000
v -2.786282 0.505900 -0.162509
v -2.747710 0.524800 -0.213293
v -2.700871 0.547750 -0.243763
v -2.649900 0.572725 -0.253920
v -2.598929 0.597700 -0.243763
v -2.552090 0.620650 -0.213293
v -2.513518 0.639550 -0.162509
v -2.487343 0.652375 -0.091411
v -2.477700 0.657100 0.000000
v -2.911379 0.693004 -0.079013
v -2.881466 0.700072 -0.140467
v -2.837382 0.710488 -0.184363
v -2.783853 0.723136 -0.210701
v -2.725600 0.736900 -0.219480
v -2.667347 0.750664 -0.210701
v -2.613818 0.763312 -0.184363
v -2.569734 0.773728 -0.140467
v -2.539821 0.780796 -0.079013
v -3.060994 0.865537 -0.070600
v -3.074300 0.864550 0.000000
v -3.024879 0.868216 -0.125510
v -2.971657 0.872164 -0.164732
v -2.907030 0.876958 -0.188266
v -2.836700 0.882175 -0.196110
v -2.766370 0.887392 -0.188266
v -2.701743 0.892186 -0.164732
v -2.648521 0.896134 -0.125510
v -2.612406 0.898813 -0.070600
v -3.283200 1.000000 -0.067500
v -3.300000 1.000000 0.000000
v -3.237600 1.000000 -0.120000
v -3.170400 1.000000 -0.157500
v -3.088800 1.000000 -0.180000
v -3.000000 1.000000 -0.187500
v -2.911200 1.000000 -0.180000
v -2.829600 1.000000 -0.157500
v -2.762400 1.000000 -0.120000
v -2.716800 1.000000 -0.067500
v -2.747407 1.020406 0.066744
v -2.716800 1.000000 0.067500
v -2.700000 1.000000 0.000000
v -2.729800 1.020250 0.000000
v -2.795198 1.020829 0.118656
v -2.762400 1.000000 0.120000
v -2.865626 1.021453 0.155736
v -2.829600 1.000000 0.157500
v -2.951146 1.022210 0.177984
v -2.911200 1.000000 0.180000
v -3.044212 1.023034 0.185400
v -3.000000 1.000000 0.187500
v -3.137279 1.023859 0.177984
v -3.088800 1.000000 0.180000
v -3.222799 1.024616 0.155736
v -3.170400 1.000000 0.157500
v -3.293227 1.025240 0.118656
v -3.237600 1.000000 0.120000
v -3.341018 1.025663 0.066744
v -3.358625 1.025819 0.000000
v -2.776365 1.036302 0.064692
v -2.758400 1.036000 0.000000
v -2.825126 1.037123 0.115008
v -2.896986 1.038333 0.150948
v -2.984243 1.039802 0.172512
v -3.079200 1.041400 0.179700
v -3.174157 1.042998 0.172512
v -3.261414 1.044467 0.150948
v -3.333274 1.045677 0.115008
v -3.382035 1.046498 0.064692
v -3.400000 1.046800 0.000000
v -2.802528 1.047680 0.061668
v -2.784600 1.047250 0.000000
v -2.851189 1.048847 0.109632
v -2.922899 1.050567 0.143892
v -3.009977 1.052655 0.164448
v -3.104737 1.054928 0.171300
v -3.199498 1.057201 0.164448
v -3.286576 1.059289 0.143892
v -3.358286 1.061009 0.109632
v -3.406947 1.062176 0.061668
v -3.424875 1.062606 0.000000
v -2.824750 1.054529 0.057996
v -2.807200 1.054000 0.000000
v -2.872387 1.055966 0.103104
v -2.942589 1.058082 0.135324
v -3.027834 1.060653 0.154656
v -3.120600 1.063450 0.161100
v -3.213366 1.066247 0.154656
v -3.298611 1.068818 0.135324
v -3.368813 1.070934 0.103104
v -3.416450 1.072371 0.057996
v -3.434000 1.072900 0.000000
v -2.841887 1.056841 0.054000
v -2.887725 1.058444 0.096000
v -2.955275 1.060806 0.126000
v -3.037300 1.063675 0.144000
v -3.126562 1.066797 0.150000
v -3.215825 1.069919 0.144000
v -3.297850 1.072787 0.126000
v -3.365400 1.075150 0.096000
v -3.411237 1.076753 0.054000
v -2.852794 1.054605 0.050004
v -2.896205 1.056246 0.088896
v -2.960179 1.058666 0.116676
v -3.037862 1.061603 0.133344
v -3.122400 1.064800 0.138900
v -3.206938 1.067997 0.133344
v -3.284621 1.070934 0.116676
v -3.348595 1.073354 0.088896
v -3.392006 1.074995 0.050004
v -2.856323 1.047812 0.046332
v -2.896829 1.049338 0.082368
v -2.956523 1.051588 0.108108
v -3.029007 1.054319 0.123552
v -3.107887 1.057291 0.128700
v -3.186768 1.060263 0.123552
v -3.259252 1.062994 0.108108
v -3.318946 1.065243 0.082368
v -3.359452 1.066769 0.046332
v -2.851331 1.036454 0.043308
v -2.837600 1.036000 0.000000
v -2.888602 1.037685 0.076992
v -2.943526 1.039499 0.101052
v -3.010221 1.041702 0.115488
v -3.082800 1.044100 0.120300
v -3.155379 1.046498 0.115488
v -3.222074 1.048701 0.101052
v -3.276998 1.050515 0.076992
v -3.314269 1.051746 0.043308
v -3.328000 1.052200 0.000000
v -2.836672 1.020519 0.041256
v -2.824200 1.020250 0.000000
v -2.870524 1.021250 0.073344
v -2.920412 1.022328 0.096264
v -2.980990 1.023636 0.110016
v -3.046912 1.025059 0.114600
v -3.112835 1.026483 0.110016
v -3.173413 1.027791 0.096264
v -3.223301 1.028868 0.073344
v -3.257153 1.029599 0.041256
v -3.269625 1.029869 0.000000
v -2.811200 1.000000 0.040500
v -2.800000 1.000000 0.000000
v -2.841600 1.000000 0.072000
v -2.886400 1.000000 0.094500
v -2.940800 1.000000 0.108000
v -3.000000 1.000000 0.112500
v -3.059200 1.000000 0.108000
v -3.113600 1.000000 0.094500
v -3.158400 1.000000 0.072000
v -3.188800 1.000000 0.040500
v -3.200000 1.000000 0.000000
v -3.341018 1.025663 -0.066744
v -3.293227 1.025240 -0.118656
v -3.222799 1.024616 -0.155736
v -3.137279 1.023859 -0.177984
v -3.044212 1.023034 -0.185400
v -2.951146 1.022210 -0.177984
v -2.865626 1.021453 -0.155736
v -2.795198 1.020829 -0.118656
v -2.747407 1.020406 -0.066744
v -3.382035 1.046498 -0.064692
v -3.333274 1.045677 -0.115008
v -3.261414 1.044467 -0.150948
v -3.174157 1.042998 -0.172512
v -3.079200 1.041400 -0.179700
v -2.984243 1.039802 -0.172512
v -2.896986 1.038333 -0.150948
v -2.825126 1.037123 -0.115008
v -2.776365 1.036302 -0.064692
v -3.406947 1.062176 -0.061668
v -3.358286 1.061009 -0.109632
v -3.286576 1.059289 -0.143892
v -3.199498 1.057201 -0.164448
v -3.104738 1.054928 -0.171300
v -3.009977 1.052655 -0.164448
v -2.922899 1.050567 -0.143892
v -2.851189 1.048847 -0.109632
v -2.802528 1.047680 -0.061668
v -3.416450 1.072371 -0.057996
v -3.368813 1.070934 -0.103104
v -3.298611 1.068818 -0.135324
v -3.213366 1.066247 -0.154656
v -3.120600 1.063450 -0.161100
v -3.027834 1.060653 -0.154656
v -2.942589 1.058082 -0.135324
v -2.872387 1.055966 -0.103104
v -2.824750 1.054529 -0.057996
v -3.411237 1.076753 -0.054000
v -3.428125 1.077344 0.000000
v -3.365400 1.075150 -0.096000
v -3.297850 1.072788 -0.126000
v -3.215825 1.069919 -0.144000
v -3.126562 1.066797 -0.150000
v -3.037300 1.063675 -0.144000
v -2.955275 1.060806 -0.126000
v -2.887725 1.058444 -0.096000
v -2.841887 1.056841 -0.054000
v -2.825000 1.056250 0.000000
v -3.392006 1.074995 -0.050004
v -3.408000 1.075600 0.000000
v -3.348595 1.073354 -0.088896
v -3.284621 1.070934 -0.116676
v -3.206938 1.067997 -0.133344
v -3.122400 1.064800 -0.138900
v -3.037862 1.061603 -0.133344
v -2.960179 1.058666 -0.116676
v -2.896205 1.056246 -0.088896
v -2.852794 1.054605 -0.050004
v -2.836800 1.054000 0.000000
v -3.359452 1.066769 -0.046332
v -3.374375 1.067331 0.000000
v -3.318946 1.065243 -0.082368
v -3.259252 1.062994 -0.108108
v -3.186768 1.060263 -0.123552
v -3.107887 1.057291 -0.128700
v -3.029007 1.054319 -0.123552
v -2.956523 1.051588 -0.108108
v -2.896829 1.049338 -0.082368
v -2.856323 1.047812 -0.046332
v -2.841400 1.047250 0.000000
v -3.314269 1.051746 -0.043308
v -3.276998 1.050515 -0.076992
v -3.222074 1.048701 -0.101052
v -3.155379 1.046498 -0.115488
v -3.082800 1.044100 -0.120300
v -3.010221 1.041702 -0.115488
v -2.943526 1.039499 -0.101052
v -2.888602 1.037685 -0.076992
v -2.851331 1.036454 -0.043308
v -3.257153 1.029599 -0.041256
v -3.223301 1.028868 -0.073344
v -3.173413 1.027791 -0.096264
v -3.112835 1.026483 -0.110016
v -3.046912 1.025059 -0.114600
v -2.980990 1.023636 -0.110016
v -2.920412 1.022328 -0.096264
v -2.870524 1.021250 -0.073344
v -2.836672 1.020519 -0.041256
v -3.188800 1.000000 -0.040500
v -3.158400 1.000000 -0.072000
v -3.113600 1.000000 -0.094500
v -3.059200 1.000000 -0.108000
v -3.000000 1.000000 -0.112500
v -2.940800 1.000000 -0.108000
v -2.886400 1.000000 -0.094500
v -2.841600 1.000000 -0.072000
v -2.811200 1.000000 -0.040500
v 0.000000 1.750000 -0.000001
v -0.192107 1.741450 0.032047
v -0.184870 1.741450 0.062271
v -0.173255 1.741450 0.090305
v -0.157626 1.741450 0.115786
v -0.138348 1.741450 0.138347
v -0.115787 1.741450 0.157625
v -0.090306 1.741450 0.173254
v -0.062272 1.741450 0.184869
v -0.032048 1.741450 0.192107
v 0.000000 1.741450 0.194599
v -0.304843 1.717600 0.050854
v -0.308800 1.717600 -0.000001
v -0.293360 1.717600 0.098813
v -0.274928 1.717600 0.143300
v -0.250127 1.717600 0.183733
v -0.219536 1.717600 0.219535
v -0.183734 1.717600 0.250126
v -0.143301 1.717600 0.274927
v -0.098814 1.717600 0.293359
v -0.050855 1.717600 0.304843
v 0.000000 1.717600 0.308800
v -0.353610 1.681150 0.058987
v -0.358200 1.681150 -0.000001
v -0.340289 1.681150 0.114619
v -0.318907 1.681150 0.166220
v -0.290138 1.681150 0.213122
v -0.254653 1.681150 0.254653
v -0.213123 1.681150 0.290137
v -0.166221 1.681150 0.318906
v -0.114619 1.681150 0.340288
v -0.058988 1.681150 0.353610
v -0.353807 1.634800 0.059016
v -0.358400 1.634800 0.000000
v -0.340477 1.634800 0.114676
v -0.319082 1.634800 0.166306
v -0.290295 1.634800 0.213234
v -0.254788 1.634800 0.254788
v -0.213234 1.634800 0.290294
v -0.166306 1.634800 0.319081
v -0.114676 1.634800 0.340476
v -0.059016 1.634800 0.353806
v 0.000000 1.634800 0.358399
v -0.320834 1.581250 0.053508
v -0.325000 1.581250 0.000000
v -0.308744 1.581250 0.103976
v -0.289340 1.581250 0.150793
v -0.263232 1.581250 0.193348
v -0.231031 1.581250 0.231031
v -0.193348 1.581250 0.263232
v -0.150793 1.581250 0.289340
v -0.103976 1.581250 0.308744
v -0.053508 1.581250 0.320834
v 0.000000 1.581250 0.325000
v -0.270092 1.523200 0.045032
v -0.273600 1.523200 0.000000
v -0.259910 1.523200 0.087511
v -0.243569 1.523200 0.126920
v -0.221585 1.523200 0.162745
v -0.194472 1.523200 0.194472
v -0.162745 1.523200 0.221585
v -0.126920 1.523200 0.243569
v -0.087511 1.523200 0.259910
v -0.045032 1.523200 0.270092
v 0.000000 1.523200 0.273600
v -0.216979 1.463350 0.036157
v -0.219800 1.463350 0.000000
v -0.208794 1.463350 0.070270
v -0.195658 1.463350 0.101925
v -0.177989 1.463350 0.130707
v -0.156200 1.463350 0.156200
v -0.130707 1.463350 0.177989
v -0.101925 1.463350 0.195658
v -0.070270 1.463350 0.208794
v -0.036157 1.463350 0.216979
v 0.000000 1.463350 0.219800
v -0.176897 1.404400 0.029450
v -0.179200 1.404400 0.000000
v -0.170215 1.404400 0.057246
v -0.159496 1.404400 0.083047
v -0.145078 1.404400 0.106513
v -0.127304 1.404400 0.127304
v -0.106513 1.404400 0.145078
v -0.083047 1.404400 0.159496
v -0.057246 1.404400 0.170215
v -0.029450 1.404400 0.176897
v 0.000000 1.404400 0.179200
v -0.165245 1.349050 0.027480
v -0.167400 1.349050 0.000000
v -0.158995 1.349050 0.053428
v -0.148969 1.349050 0.077523
v -0.135489 1.349050 0.099446
v -0.118874 1.349050 0.118874
v -0.099446 1.349050 0.135489
v -0.077523 1.349050 0.148969
v -0.053428 1.349050 0.158995
v -0.027480 1.349050 0.165245
v 0.000000 1.349050 0.167400
v -0.197424 1.300000 0.032816
v -0.189952 1.300000 0.063808
v -0.142000 1.300000 0.142000
v -0.118784 1.300000 0.161856
v -0.092592 1.300000 0.177968
v -0.032816 1.300000 0.197424
v 0.032048 1.741450 0.192107
v 0.062272 1.741450 0.184869
v 0.090306 1.741450 0.173254
v 0.115787 1.741450 0.157625
v 0.138348 1.741450 0.138347
v 0.157626 1.741450 0.115786
v 0.173255 1.741450 0.090305
v 0.184870 1.741450 0.062271
v 0.192107 1.741450 0.032047
v 0.194600 1.741450 -0.000001
v 0.050855 1.717600 0.304843
v 0.098814 1.717600 0.293359
v 0.143301 1.717600 0.274927
v 0.183734 1.717600 0.250126
v 0.219536 1.717600 0.219535
v 0.250127 1.717600 0.183733
v 0.274928 1.717600 0.143300
v 0.293360 1.717600 0.098813
v 0.304843 1.717600 0.050854
v 0.058988 1.681150 0.353610
v 0.000000 1.681150 0.358200
v 0.114619 1.681150 0.340288
v 0.166221 1.681150 0.318906
v 0.213123 1.681150 0.290137
v 0.254653 1.681150 0.254653
v 0.290138 1.681150 0.213122
v 0.318907 1.681150 0.166220
v 0.340289 1.681150 0.114619
v 0.353610 1.681150 0.058987
v 0.358200 1.681150 -0.000001
v 0.059016 1.634800 0.353806
v 0.114676 1.634800 0.340476
v 0.166306 1.634800 0.319081
v 0.213234 1.634800 0.290294
v 0.254788 1.634800 0.254788
v 0.290295 1.634800 0.213234
v 0.319082 1.634800 0.166306
v 0.340477 1.634800 0.114676
v 0.353807 1.634800 0.059016
v 0.053508 1.581250 0.320834
v 0.103976 1.581250 0.308744
v 0.150793 1.581250 0.289340
v 0.193348 1.581250 0.263232
v 0.231031 1.581250 0.231031
v 0.263232 1.581250 0.193348
v 0.289340 1.581250 0.150793
v 0.308744 1.581250 0.103976
v 0.320834 1.581250 0.053508
v 0.045032 1.523200 0.270092
v 0.087511 1.523200 0.259910
v 0.126920 1.523200 0.243569
v 0.162745 1.523200 0.221585
v 0.194472 1.523200 0.194472
v 0.221585 1.523200 0.162745
v 0.243569 1.523200 0.126920
v 0.259910 1.523200 0.087511
v 0.270092 1.523200 0.045032
v 0.273600 1.523200 0.000000
v 0.036157 1.463350 0.216979
v 0.070270 1.463350 0.208794
v 0.101925 1.463350 0.195658
v 0.130707 1.463350 0.177989
v 0.156200 1.463350 0.156200
v 0.177989 1.463350 0.130707
v 0.195658 1.463350 0.101925
v 0.208794 1.463350 0.070270
v 0.216979 1.463350 0.036157
v 0.219800 1.463350 0.000000
v 0.029450 1.404400 0.176897
v 0.057246 1.404400 0.170215
v 0.083047 1.404400 0.159496
v 0.106513 1.404400 0.145078
v 0.127304 1.404400 0.127304
v 0.145078 1.404400 0.106513
v 0.159496 1.404400 0.083047
v 0.170215 1.404400 0.057246
v 0.176897 1.404400 0.029450
v 0.179200 1.404400 0.000000
v 0.027480 1.349050 0.165245
v 0.053428 1.349050 0.158995
v 0.077523 1.349050 0.148969
v 0.099446 1.349050 0.135489
v 0.118874 1.349050 0.118874
v 0.135489 1.349050 0.099446
v 0.148969 1.349050 0.077523
v 0.158995 1.349050 0.053428
v 0.165245 1.349050 0.027480
v 0.167400 1.349050 0.000000
v 0.063808 1.300000 0.189952
v 0.092592 1.300000 0.177968
v 0.118784 1.300000 0.161856
v 0.142000 1.300000 0.142000
v 0.189952 1.300000 0.063808
v 0.197424 1.300000 0.032816
v 0.192107 1.741450 -0.032049
v 0.184870 1.741450 -0.062273
v 0.173255 1.741450 -0.090307
v 0.157626 1.741450 -0.115788
v 0.138348 1.741450 -0.138349
v 0.115787 1.741450 -0.157627
v 0.090306 1.741450 -0.173256
v 0.062272 1.741450 -0.184871
v 0.032048 1.741450 -0.192108
v 0.304843 1.717600 -0.050856
v 0.308800 1.717600 -0.000001
v 0.293360 1.717600 -0.098815
v 0.274928 1.717600 -0.143302
v 0.250127 1.717600 -0.183735
v 0.219536 1.717600 -0.219537
v 0.183734 1.717600 -0.250127
v 0.143301 1.717600 -0.274929
v 0.098814 1.717600 -0.293361
v 0.050855 1.717600 -0.304844
v 0.000000 1.717600 -0.308801
v 0.353610 1.681150 -0.058989
v 0.340289 1.681150 -0.114620
v 0.318907 1.681150 -0.166221
v 0.290138 1.681150 -0.213124
v 0.254653 1.681150 -0.254654
v 0.213123 1.681150 -0.290139
v 0.166221 1.681150 -0.318907
v 0.114619 1.681150 -0.340290
v 0.058988 1.681150 -0.353611
v 0.353807 1.634800 -0.059016
v 0.358400 1.634800 0.000000
v 0.340477 1.634800 -0.114676
v 0.319082 1.634800 -0.166306
v 0.290295 1.634800 -0.213234
v 0.254788 1.634800 -0.254789
v 0.213234 1.634800 -0.290296
v 0.166306 1.634800 -0.319082
v 0.114676 1.634800 -0.340477
v 0.059016 1.634800 -0.353808
v 0.320834 1.581250 -0.053508
v 0.325000 1.581250 0.000000
v 0.308744 1.581250 -0.103976
v 0.289340 1.581250 -0.150793
v 0.263232 1.581250 -0.193348
v 0.231031 1.581250 -0.231031
v 0.193348 1.581250 -0.263232
v 0.150793 1.581250 -0.289340
v 0.103976 1.581250 -0.308744
v 0.053508 1.581250 -0.320834
v 0.000000 1.581250 -0.325000
v 0.270092 1.523200 -0.045032
v 0.259910 1.523200 -0.087511
v 0.243569 1.523200 -0.126920
v 0.221585 1.523200 -0.162745
v 0.194472 1.523200 -0.194472
v 0.162745 1.523200 -0.221585
v 0.126920 1.523200 -0.243569
v 0.087511 1.523200 -0.259910
v 0.045032 1.523200 -0.270092
v 0.216979 1.463350 -0.036157
v 0.208794 1.463350 -0.070270
v 0.195658 1.463350 -0.101925
v 0.177989 1.463350 -0.130707
v 0.156200 1.463350 -0.156200
v 0.130707 1.463350 -0.177989
v 0.101925 1.463350 -0.195658
v 0.070270 1.463350 -0.208794
v 0.036157 1.463350 -0.216979
v 0.176897 1.404400 -0.029450
v 0.170215 1.404400 -0.057246
v 0.159496 1.404400 -0.083047
v 0.145078 1.404400 -0.106513
v 0.127304 1.404400 -0.127304
v 0.106513 1.404400 -0.145078
v 0.083047 1.404400 -0.159496
v 0.057246 1.404400 -0.170215
v 0.029450 1.404400 -0.176897
v 0.165245 1.349050 -0.027480
v 0.158995 1.349050 -0.053428
v 0.148969 1.349050 -0.077523
v 0.135489 1.349050 -0.099446
v 0.118874 1.349050 -0.118874
v 0.099446 1.349050 -0.135489
v 0.077523 1.349050 -0.148969
v 0.053428 1.349050 -0.158995
v 0.027480 1.349050 -0.165245
v 0.000000 1.349050 -0.167400
v 0.197424 1.300000 -0.032816
v 0.189952 1.300000 -0.063808
v 0.142000 1.300000 -0.142000
v 0.092592 1.300000 -0.177968
v 0.063808 1.300000 -0.189952
v 0.032816 1.300000 -0.197424
v 0.000000 1.741450 -0.194601
v -0.032048 1.741450 -0.192108
v -0.062272 1.741450 -0.184871
v -0.090306 1.741450 -0.173256
v -0.115787 1.741450 -0.157627
v -0.138348 1.741450 -0.138349
v -0.157626 1.741450 -0.115788
v -0.173255 1.741450 -0.090307
v -0.184870 1.741450 -0.062273
v -0.192107 1.741450 -0.032049
v -0.194600 1.741450 -0.000001
v -0.050855 1.717600 -0.304844
v -0.098814 1.717600 -0.293361
v -0.143301 1.717600 -0.274929
v -0.183734 1.717600 -0.250127
v -0.219536 1.717600 -0.219537
v -0.250127 1.717600 -0.183735
v -0.274928 1.717600 -0.143302
v -0.293360 1.717600 -0.098815
v -0.304843 1.717600 -0.050856
v -0.058988 1.681150 -0.353611
v 0.000000 1.681150 -0.358201
v -0.114619 1.681150 -0.340290
v -0.166221 1.681150 -0.318907
v -0.213123 1.681150 -0.290139
v -0.254653 1.681150 -0.254654
v -0.290138 1.681150 -0.213124
v -0.318907 1.681150 -0.166221
v -0.340289 1.681150 -0.114620
v -0.353610 1.681150 -0.058989
v -0.059016 1.634800 -0.353808
v 0.000000 1.634800 -0.358400
v -0.114676 1.634800 -0.340477
v -0.166306 1.634800 -0.319082
v -0.213234 1.634800 -0.290296
v -0.254788 1.634800 -0.254789
v -0.290295 1.634800 -0.213234
v -0.319082 1.634800 -0.166306
v -0.340477 1.634800 -0.114676
v -0.353807 1.634800 -0.059016
v -0.053508 1.581250 -0.320834
v -0.103976 1.581250 -0.308744
v -0.150793 1.581250 -0.289340
v -0.193348 1.581250 -0.263232
v -0.231031 1.581250 -0.231031
v -0.263232 1.581250 -0.193348
v -0.289340 1.581250 -0.150793
v -0.308744 1.581250 -0.103976
v -0.320834 1.581250 -0.053508
v -0.045032 1.523200 -0.270092
v 0.000000 1.523200 -0.273600
v -0.087511 1.523200 -0.259910
v -0.126920 1.523200 -0.243569
v -0.162745 1.523200 -0.221585
v -0.194472 1.523200 -0.194472
v -0.221585 1.523200 -0.162745
v -0.243569 1.523200 -0.126920
v -0.259910 1.523200 -0.087511
v -0.270092 1.523200 -0.045032
v -0.036157 1.463350 -0.216979
v 0.000000 1.463350 -0.219800
v -0.070270 1.463350 -0.208794
v -0.101925 1.463350 -0.195658
v -0.130707 1.463350 -0.177989
v -0.156200 1.463350 -0.156200
v -0.177989 1.463350 -0.130707
v -0.195658 1.463350 -0.101925
v -0.208794 1.463350 -0.070270
v -0.216979 1.463350 -0.036157
v -0.029450 1.404400 -0.176897
v 0.000000 1.404400 -0.179200
v -0.057246 1.404400 -0.170215
v -0.083047 1.404400 -0.159496
v -0.106513 1.404400 -0.145078
v -0.127304 1.404400 -0.127304
v -0.145078 1.404400 -0.106513
v -0.159496 1.404400 -0.083047
v -0.170215 1.404400 -0.057246
v -0.176897 1.404400 -0.029450
v -0.027480 1.349050 -0.165245
v -0.053428 1.349050 -0.158995
v -0.077523 1.349050 -0.148969
v -0.099446 1.349050 -0.135489
v -0.118874 1.349050 -0.118874
v -0.135489 1.349050 -0.099446
v -0.148969 1.349050 -0.077523
v -0.158995 1.349050 -0.053428
v -0.165245 1.349050 -0.027480
v -0.092592 1.300000 -0.177968
v -0.200000 1.300000 0.000000
v -0.275801 1.259200 0.045844
v -0.279400 1.259200 0.000000
v -0.265363 1.259200 0.089140
v -0.248621 1.259200 0.129351
v -0.177968 1.300000 0.092592
v -0.226113 1.259200 0.165941
v -0.161856 1.300000 0.118784
v -0.198374 1.259200 0.198374
v -0.165941 1.259200 0.226113
v -0.129351 1.259200 0.248621
v -0.089140 1.259200 0.265363
v -0.063808 1.300000 0.189952
v -0.045844 1.259200 0.275801
v 0.000000 1.259200 0.279400
v 0.000000 1.300000 0.200000
v -0.386161 1.225600 0.064188
v -0.371546 1.225600 0.124808
v -0.348105 1.225600 0.181110
v -0.316590 1.225600 0.232342
v -0.277752 1.225600 0.277752
v -0.232342 1.225600 0.316590
v -0.181110 1.225600 0.348105
v -0.124808 1.225600 0.371546
v -0.064188 1.225600 0.386161
v 0.000000 1.225600 0.391200
v -0.519028 1.197400 0.086273
v -0.499384 1.197400 0.167751
v -0.467878 1.197400 0.243424
v -0.425519 1.197400 0.312283
v -0.373318 1.197400 0.373318
v -0.312283 1.197400 0.425519
v -0.243424 1.197400 0.467878
v -0.167751 1.197400 0.499384
v -0.086273 1.197400 0.519028
v 0.000000 1.197400 0.525800
v -0.664924 1.172800 0.110524
v -0.639758 1.172800 0.214905
v -0.599396 1.172800 0.311850
v -0.545131 1.172800 0.400065
v -0.478256 1.172800 0.478256
v -0.400065 1.172800 0.545131
v -0.311850 1.172800 0.599396
v -0.214905 1.172800 0.639758
v -0.110524 1.172800 0.664924
v 0.000000 1.172800 0.673600
v -0.814374 1.150000 0.135366
v -0.783552 1.150000 0.263208
v -0.734118 1.150000 0.381942
v -0.667656 1.150000 0.489984
v -0.585750 1.150000 0.585750
v -0.489984 1.150000 0.667656
v -0.381942 1.150000 0.734118
v -0.263208 1.150000 0.783552
v -0.135366 1.150000 0.814374
v 0.000000 1.150000 0.825000
v -0.957901 1.127200 0.159223
v -0.921647 1.127200 0.309596
v -0.863501 1.127200 0.449256
v -0.785325 1.127200 0.576340
v -0.688984 1.127200 0.688984
v -0.576340 1.127200 0.785325
v -0.449256 1.127200 0.863501
v -0.309596 1.127200 0.921647
v -0.159223 1.127200 0.957901
v 0.000000 1.127200 0.970400
v -1.086029 1.102600 0.180521
v -1.044926 1.102600 0.351008
v -0.979002 1.102600 0.509349
v -0.890370 1.102600 0.653431
v -0.781142 1.102600 0.781142
v -0.653431 1.102600 0.890370
v -0.509349 1.102600 0.979002
v -0.351008 1.102600 1.044926
v -0.180521 1.102600 1.086029
v 0.000000 1.102600 1.100200
v -1.189282 1.074400 0.197684
v -1.204800 1.074400 0.000000
v -1.144271 1.074400 0.384379
v -1.072079 1.074400 0.557774
v -0.975021 1.074400 0.715555
v -0.855408 1.074400 0.855408
v -0.715555 1.074400 0.975021
v -0.557774 1.074400 1.072079
v -0.384379 1.074400 1.144271
v -0.197684 1.074400 1.189282
v 0.000000 1.074400 1.204800
v -1.258183 1.040800 0.209136
v -1.274600 1.040800 0.000000
v -1.210564 1.040800 0.406648
v -1.134190 1.040800 0.590089
v -1.031508 1.040800 0.757010
v -0.904966 1.040800 0.904966
v -0.757010 1.040800 1.031508
v -0.590089 1.040800 1.134190
v -0.406648 1.040800 1.210564
v -0.209136 1.040800 1.258183
v 0.000000 1.040800 1.274600
v -1.283256 1.000000 0.213304
v -1.234688 1.000000 0.414752
v -1.156792 1.000000 0.601848
v -1.052064 1.000000 0.772096
v -0.923000 1.000000 0.923000
v -0.772096 1.000000 1.052064
v -0.601848 1.000000 1.156792
v -0.414752 1.000000 1.234688
v -0.213304 1.000000 1.283256
v 0.045844 1.259200 0.275801
v 0.032816 1.300000 0.197424
v 0.089140 1.259200 0.265363
v 0.129351 1.259200 0.248621
v 0.165941 1.259200 0.226113
v 0.198374 1.259200 0.198374
v 0.226113 1.259200 0.165941
v 0.161856 1.300000 0.118784
v 0.248621 1.259200 0.129351
v 0.177968 1.300000 0.092592
v 0.265363 1.259200 0.089140
v 0.275801 1.259200 0.045844
v 0.279400 1.259200 0.000000
v 0.064188 1.225600 0.386161
v 0.124808 1.225600 0.371546
v 0.181110 1.225600 0.348105
v 0.232342 1.225600 0.316590
v 0.277752 1.225600 0.277752
v 0.316590 1.225600 0.232342
v 0.348105 1.225600 0.181110
v 0.371546 1.225600 0.124808
v 0.386161 1.225600 0.064188
v 0.086273 1.197400 0.519028
v 0.167751 1.197400 0.499384
v 0.243424 1.197400 0.467878
v 0.312283 1.197400 0.425519
v 0.373318 1.197400 0.373318
v 0.425519 1.197400 0.312283
v 0.467878 1.197400 0.243424
v 0.499384 1.197400 0.167751
v 0.519028 1.197400 0.086273
v 0.525800 1.197400 0.000000
v 0.110524 1.172800 0.664924
v 0.214905 1.172800 0.639758
v 0.311850 1.172800 0.599396
v 0.400065 1.172800 0.545131
v 0.478256 1.172800 0.478256
v 0.545131 1.172800 0.400065
v 0.599396 1.172800 0.311850
v 0.639758 1.172800 0.214905
v 0.664924 1.172800 0.110524
v 0.135366 1.150000 0.814374
v 0.263208 1.150000 0.783552
v 0.381942 1.150000 0.734118
v 0.489984 1.150000 0.667656
v 0.585750 1.150000 0.585750
v 0.667656 1.150000 0.489984
v 0.734118 1.150000 0.381942
v 0.783552 1.150000 0.263208
v 0.814374 1.150000 0.135366
v 0.825000 1.150000 0.000000
v 0.159223 1.127200 0.957901
v 0.309596 1.127200 0.921647
v 0.449256 1.127200 0.863501
v 0.576340 1.127200 0.785325
v 0.688984 1.127200 0.688984
v 0.785325 1.127200 0.576340
v 0.863501 1.127200 0.449256
v 0.921647 1.127200 0.309596
v 0.957901 1.127200 0.159223
v 0.970400 1.127200 0.000000
v 0.180521 1.102600 1.086029
v 0.351008 1.102600 1.044926
v 0.509349 1.102600 0.979002
v 0.653431 1.102600 0.890370
v 0.781142 1.102600 0.781142
v 0.890370 1.102600 0.653431
v 0.979002 1.102600 0.509349
v 1.044926 1.102600 0.351008
v 1.086029 1.102600 0.180521
v 1.100200 1.102600 0.000000
v 0.197684 1.074400 1.189282
v 0.384379 1.074400 1.144271
v 0.557774 1.074400 1.072079
v 0.715555 1.074400 0.975021
v 0.855408 1.074400 0.855408
v 0.975021 1.074400 0.715555
v 1.072079 1.074400 0.557774
v 1.144271 1.074400 0.384379
v 1.189282 1.074400 0.197684
v 1.204800 1.074400 0.000000
v 0.209136 1.040800 1.258183
v 0.406648 1.040800 1.210564
v 0.590089 1.040800 1.134190
v 0.757010 1.040800 1.031508
v 0.904966 1.040800 0.904966
v 1.031508 1.040800 0.757010
v 1.134190 1.040800 0.590089
v 1.210564 1.040800 0.406648
v 1.258183 1.040800 0.209136
v 1.274600 1.040800 0.000000
v 0.213304 1.000000 1.283256
v 0.000000 1.000000 1.300000
v 0.414752 1.000000 1.234688
v 0.601848 1.000000 1.156792
v 0.772096 1.000000 1.052064
v 0.923000 1.000000 0.923000
v 1.052064 1.000000 0.772096
v 1.156792 1.000000 0.601848
v 1.234688 1.000000 0.414752
v 1.283256 1.000000 0.213304
v 1.300000 1.000000 0.000000
v 0.275801 1.259200 -0.045844
v 0.200000 1.300000 0.000000
v 0.265363 1.259200 -0.089140
v 0.248621 1.259200 -0.129351
v 0.177968 1.300000 -0.092592
v 0.226113 1.259200 -0.165941
v 0.161856 1.300000 -0.118784
v 0.198374 1.259200 -0.198374
v 0.165941 1.259200 -0.226113
v 0.118784 1.300000 -0.161856
v 0.129351 1.259200 -0.248621
v 0.089140 1.259200 -0.265363
v 0.045844 1.259200 -0.275801
v 0.000000 1.259200 -0.279400
v 0.386161 1.225600 -0.064188
v 0.391200 1.225600 0.000000
v 0.371546 1.225600 -0.124808
v 0.348105 1.225600 -0.181110
v 0.316590 1.225600 -0.232342
v 0.277752 1.225600 -0.277752
v 0.232342 1.225600 -0.316590
v 0.181110 1.225600 -0.348105
v 0.124808 1.225600 -0.371546
v 0.064188 1.225600 -0.386161
v 0.519028 1.197400 -0.086273
v 0.499384 1.197400 -0.167751
v 0.467878 1.197400 -0.243424
v 0.425519 1.197400 -0.312283
v 0.373318 1.197400 -0.373318
v 0.312283 1.197400 -0.425519
v 0.243424 1.197400 -0.467878
v 0.167751 1.197400 -0.499384
v 0.086273 1.197400 -0.519028
v 0.000000 1.197400 -0.525800
v 0.664924 1.172800 -0.110524
v 0.673600 1.172800 0.000000
v 0.639758 1.172800 -0.214905
v 0.599396 1.172800 -0.311850
v 0.545131 1.172800 -0.400065
v 0.478256 1.172800 -0.478256
v 0.400065 1.172800 -0.545131
v 0.311850 1.172800 -0.599396
v 0.214905 1.172800 -0.639758
v 0.110524 1.172800 -0.664924
v 0.814374 1.150000 -0.135366
v 0.783552 1.150000 -0.263208
v 0.734118 1.150000 -0.381942
v 0.667656 1.150000 -0.489984
v 0.585750 1.150000 -0.585750
v 0.489984 1.150000 -0.667656
v 0.381942 1.150000 -0.734118
v 0.263208 1.150000 -0.783552
v 0.135366 1.150000 -0.814374
v 0.000000 1.150000 -0.825000
v 0.957901 1.127200 -0.159223
v 0.921647 1.127200 -0.309596
v 0.863501 1.127200 -0.449256
v 0.785325 1.127200 -0.576340
v 0.688984 1.127200 -0.688984
v 0.576340 1.127200 -0.785325
v 0.449256 1.127200 -0.863501
v 0.309596 1.127200 -0.921647
v 0.159223 1.127200 -0.957901
v 1.086029 1.102600 -0.180521
v 1.044926 1.102600 -0.351008
v 0.979002 1.102600 -0.509349
v 0.890370 1.102600 -0.653431
v 0.781142 1.102600 -0.781142
v 0.653431 1.102600 -0.890370
v 0.509349 1.102600 -0.979002
v 0.351008 1.102600 -1.044926
v 0.180521 1.102600 -1.086029
v 1.189282 1.074400 -0.197684
v 1.144271 1.074400 -0.384379
v 1.072079 1.074400 -0.557774
v 0.975021 1.074400 -0.715555
v 0.855408 1.074400 -0.855408
v 0.715555 1.074400 -0.975021
v 0.557774 1.074400 -1.072079
v 0.384379 1.074400 -1.144271
v 0.197684 1.074400 -1.189282
v 0.000000 1.074400 -1.204800
v 1.258183 1.040800 -0.209136
v 1.210564 1.040800 -0.406648
v 1.134190 1.040800 -0.590089
v 1.031508 1.040800 -0.757010
v 0.904966 1.040800 -0.904966
v 0.757010 1.040800 -1.031508
v 0.590089 1.040800 -1.134190
v 0.406648 1.040800 -1.210564
v 0.209136 1.040800 -1.258183
v 0.000000 1.040800 -1.274600
v 1.283256 1.000000 -0.213304
v 1.234688 1.000000 -0.414752
v 1.156792 1.000000 -0.601848
v 1.052064 1.000000 -0.772096
v 0.923000 1.000000 -0.923000
v 0.772096 1.000000 -1.052064
v 0.601848 1.000000 -1.156792
v 0.414752 1.000000 -1.234688
v 0.213304 1.000000 -1.283256
v 0.000000 1.000000 -1.300000
v -0.045844 1.259200 -0.275801
v -0.032816 1.300000 -0.197424
v 0.000000 1.300000 -0.200000
v -0.089140 1.259200 -0.265363
v -0.063808 1.300000 -0.189952
v -0.129351 1.259200 -0.248621
v -0.165941 1.259200 -0.226113
v -0.118784 1.300000 -0.161856
v -0.198374 1.259200 -0.198374
v -0.142000 1.300000 -0.142000
v -0.226113 1.259200 -0.165941
v -0.161856 1.300000 -0.118784
v -0.248621 1.259200 -0.129351
v -0.177968 1.300000 -0.092592
v -0.265363 1.259200 -0.089140
v -0.189952 1.300000 -0.063808
v -0.275801 1.259200 -0.045844
v -0.197424 1.300000 -0.032816
v -0.064188 1.225600 -0.386161
v 0.000000 1.225600 -0.391200
v -0.124808 1.225600 -0.371546
v -0.181110 1.225600 -0.348105
v -0.232342 1.225600 -0.316590
v -0.277752 1.225600 -0.277752
v -0.316590 1.225600 -0.232342
v -0.348105 1.225600 -0.181110
v -0.371546 1.225600 -0.124808
v -0.386161 1.225600 -0.064188
v -0.391200 1.225600 0.000000
v -0.086273 1.197400 -0.519028
v -0.167751 1.197400 -0.499384
v -0.243424 1.197400 -0.467878
v -0.312283 1.197400 -0.425519
v -0.373318 1.197400 -0.373318
v -0.425519 1.197400 -0.312283
v -0.467878 1.197400 -0.243424
v -0.499384 1.197400 -0.167751
v -0.519028 1.197400 -0.086273
v -0.525800 1.197400 0.000000
v -0.110524 1.172800 -0.664924
v 0.000000 1.172800 -0.673600
v -0.214905 1.172800 -0.639758
v -0.311850 1.172800 -0.599396
v -0.400065 1.172800 -0.545131
v -0.478256 1.172800 -0.478256
v -0.545131 1.172800 -0.400065
v -0.599396 1.172800 -0.311850
v -0.639758 1.172800 -0.214905
v -0.664924 1.172800 -0.110524
v -0.673600 1.172800 0.000000
v -0.135366 1.150000 -0.814374
v -0.263208 1.150000 -0.783552
v -0.381942 1.150000 -0.734118
v -0.489984 1.150000 -0.667656
v -0.585750 1.150000 -0.585750
v -0.667656 1.150000 -0.489984
v -0.734118 1.150000 -0.381942
v -0.783552 1.150000 -0.263208
v -0.814374 1.150000 -0.135366
v -0.825000 1.150000 0.000000
v -0.159223 1.127200 -0.957901
v 0.000000 1.127200 -0.970400
v -0.309596 1.127200 -0.921647
v -0.449256 1.127200 -0.863501
v -0.576340 1.127200 -0.785325
v -0.688984 1.127200 -0.688984
v -0.785325 1.127200 -0.576340
v -0.863501 1.127200 -0.449256
v -0.921647 1.127200 -0.309596
v -0.957901 1.127200 -0.159223
v -0.970400 1.127200 0.000000
v -0.180521 1.102600 -1.086029
v 0.000000 1.102600 -1.100200
v -0.351008 1.102600 -1.044926
v -0.509349 1.102600 -0.979002
v -0.653431 1.102600 -0.890370
v -0.781142 1.102600 -0.781142
v -0.890370 1.102600 -0.653431
v -0.979002 1.102600 -0.509349
v -1.044926 1.102600 -0.351008
v -1.086029 1.102600 -0.180521
v -1.100200 1.102600 0.000000
v -0.197684 1.074400 -1.189282
v -0.384379 1.074400 -1.144271
v -0.557774 1.074400 -1.072079
v -0.715555 1.074400 -0.975021
v -0.855408 1.074400 -0.855408
v -0.975021 1.074400 -0.715555
v -1.072079 1.074400 -0.557774
v -1.144271 1.074400 -0.384379
v -1.189282 1.074400 -0.197684
v -0.209136 1.040800 -1.258183
v -0.406648 1.040800 -1.210564
v -0.590089 1.040800 -1.134190
v -0.757010 1.040800 -1.031508
v -0.904966 1.040800 -0.904966
v -1.031508 1.040800 -0.757010
v -1.134190 1.040800 -0.590089
v -1.210564 1.040800 -0.406648
v -1.258183 1.040800 -0.209136
v -0.213304 1.000000 -1.283256
v -0.414752 1.000000 -1.234688
v -0.601848 1.000000 -1.156792
v -0.772096 1.000000 -1.052064
v -0.923000 1.000000 -0.923000
v -1.052064 1.000000 -0.772096
v -1.156792 1.000000 -0.601848
v -1.234688 1.000000 -0.414752
v -1.283256 1.000000 -0.213304
v -1.300000 1.000000 0.000000
v 0.000000 -1.400000 -0.000000
v -0.383274 -1.397825 -0.063708
v -0.368768 -1.397825 -0.123875
v -0.345503 -1.397825 -0.179756
v -0.314223 -1.397825 -0.230604
v -0.275675 -1.397825 -0.275675
v -0.230604 -1.397825 -0.314223
v -0.179756 -1.397825 -0.345503
v -0.123875 -1.397825 -0.368768
v -0.063708 -1.397825 -0.383274
v -0.694143 -1.391600 -0.115381
v -0.703200 -1.391600 -0.000000
v -0.667871 -1.391600 -0.224349
v -0.625735 -1.391600 -0.325553
v -0.569086 -1.391600 -0.417645
v -0.499272 -1.391600 -0.499272
v -0.417645 -1.391600 -0.569086
v -0.325553 -1.391600 -0.625735
v -0.224349 -1.391600 -0.667871
v -0.115381 -1.391600 -0.694143
v 0.000000 -1.391600 -0.703200
v -0.940158 -1.381775 -0.156274
v -0.904575 -1.381775 -0.303862
v -0.847506 -1.381775 -0.440935
v -0.770779 -1.381775 -0.565664
v -0.676222 -1.381775 -0.676222
v -0.565664 -1.381775 -0.770779
v -0.440935 -1.381775 -0.847506
v -0.303862 -1.381775 -0.904575
v -0.156274 -1.381775 -0.940158
v 0.000000 -1.381775 -0.952425
v -1.128870 -1.368800 -0.187642
v -1.143600 -1.368800 -0.000000
v -1.086146 -1.368800 -0.364854
v -1.017621 -1.368800 -0.529441
v -0.925493 -1.368800 -0.679207
v -0.811956 -1.368800 -0.811956
v -0.679207 -1.368800 -0.925493
v -0.529441 -1.368800 -1.017621
v -0.364854 -1.368800 -1.086146
v -0.187642 -1.368800 -1.128870
v -1.267832 -1.353125 -0.210740
v -1.284375 -1.353125 -0.000000
v -1.219848 -1.353125 -0.409767
v -1.142888 -1.353125 -0.594614
v -1.039419 -1.353125 -0.762816
v -0.911906 -1.353125 -0.911906
v -0.762816 -1.353125 -1.039419
v -0.594614 -1.353125 -1.142888
v -0.409767 -1.353125 -1.219848
v -0.210740 -1.353125 -1.267832
v -1.364595 -1.335200 -0.226824
v -1.382400 -1.335200 -0.000000
v -1.312948 -1.335200 -0.441041
v -1.230115 -1.335200 -0.639996
v -1.118749 -1.335200 -0.821035
v -0.981504 -1.335200 -0.981504
v -0.821035 -1.335200 -1.118749
v -0.639996 -1.335200 -1.230115
v -0.441041 -1.335200 -1.312948
v -0.226824 -1.335200 -1.364595
v -1.426709 -1.315475 -0.237149
v -1.372712 -1.315475 -0.461116
v -1.286108 -1.315475 -0.669128
v -1.169673 -1.315475 -0.858407
v -1.026181 -1.315475 -1.026181
v -0.858407 -1.315475 -1.169673
v -0.669128 -1.315475 -1.286108
v -0.461116 -1.315475 -1.372712
v -0.237149 -1.315475 -1.426709
v -1.461727 -1.294400 -0.242970
v -1.480800 -1.294400 -0.000000
v -1.406405 -1.294400 -0.472434
v -1.317675 -1.294400 -0.685551
v -1.198382 -1.294400 -0.879477
v -1.051368 -1.294400 -1.051368
v -0.879477 -1.294400 -1.198382
v -0.685551 -1.294400 -1.317675
v -0.472434 -1.294400 -1.406405
v -0.242970 -1.294400 -1.461727
v -1.477200 -1.272425 -0.245542
v -1.496475 -1.272425 -0.000000
v -1.421292 -1.272425 -0.477435
v -1.331623 -1.272425 -0.692808
v -1.211067 -1.272425 -0.888786
v -1.062497 -1.272425 -1.062497
v -0.888786 -1.272425 -1.211067
v -0.692808 -1.272425 -1.331623
v -0.477435 -1.272425 -1.421292
v -0.245542 -1.272425 -1.477200
v -1.424640 -1.250000 -0.478560
v -1.213920 -1.250000 -0.890880
v -0.694440 -1.250000 -1.334760
v 0.000000 -1.397825 -0.388275
v 0.063708 -1.397825 -0.383274
v 0.123875 -1.397825 -0.368768
v 0.179756 -1.397825 -0.345503
v 0.230604 -1.397825 -0.314223
v 0.275675 -1.397825 -0.275675
v 0.314223 -1.397825 -0.230604
v 0.345503 -1.397825 -0.179756
v 0.368768 -1.397825 -0.123875
v 0.383274 -1.397825 -0.063708
v 0.388275 -1.397825 -0.000000
v 0.115381 -1.391600 -0.694143
v 0.224349 -1.391600 -0.667871
v 0.325553 -1.391600 -0.625735
v 0.417645 -1.391600 -0.569086
v 0.499272 -1.391600 -0.499272
v 0.569086 -1.391600 -0.417645
v 0.625735 -1.391600 -0.325553
v 0.667871 -1.391600 -0.224349
v 0.694143 -1.391600 -0.115381
v 0.703200 -1.391600 -0.000000
v 0.156274 -1.381775 -0.940158
v 0.303862 -1.381775 -0.904575
v 0.440935 -1.381775 -0.847506
v 0.565664 -1.381775 -0.770779
v 0.676222 -1.381775 -0.676222
v 0.770779 -1.381775 -0.565664
v 0.847506 -1.381775 -0.440935
v 0.904575 -1.381775 -0.303862
v 0.940158 -1.381775 -0.156274
v 0.187642 -1.368800 -1.128870
v 0.000000 -1.368800 -1.143600
v 0.364854 -1.368800 -1.086146
v 0.529441 -1.368800 -1.017621
v 0.679207 -1.368800 -0.925493
v 0.811956 -1.368800 -0.811956
v 0.925493 -1.368800 -0.679207
v 1.017621 -1.368800 -0.529441
v 1.086146 -1.368800 -0.364854
v 1.128870 -1.368800 -0.187642
v 1.143600 -1.368800 -0.000000
v 0.210740 -1.353125 -1.267832
v 0.000000 -1.353125 -1.284375
v 0.409767 -1.353125 -1.219848
v 0.594614 -1.353125 -1.142888
v 0.762816 -1.353125 -1.039419
v 0.911906 -1.353125 -0.911906
v 1.039419 -1.353125 -0.762816
v 1.142888 -1.353125 -0.594614
v 1.219848 -1.353125 -0.409767
v 1.267832 -1.353125 -0.210740
v 1.284375 -1.353125 -0.000000
v 0.226824 -1.335200 -1.364595
v 0.000000 -1.335200 -1.382400
v 0.441041 -1.335200 -1.312948
v 0.639996 -1.335200 -1.230115
v 0.821035 -1.335200 -1.118749
v 0.981504 -1.335200 -0.981504
v 1.118749 -1.335200 -0.821035
v 1.230115 -1.335200 -0.639996
v 1.312948 -1.335200 -0.441041
v 1.364595 -1.335200 -0.226824
v 0.237149 -1.315475 -1.426709
v 0.000000 -1.315475 -1.445325
v 0.461116 -1.315475 -1.372712
v 0.669128 -1.315475 -1.286108
v 0.858407 -1.315475 -1.169673
v 1.026181 -1.315475 -1.026181
v 1.169673 -1.315475 -0.858407
v 1.286108 -1.315475 -0.669128
v 1.372712 -1.315475 -0.461116
v 1.426709 -1.315475 -0.237149
v 0.242970 -1.294400 -1.461727
v 0.000000 -1.294400 -1.480800
v 0.472434 -1.294400 -1.406405
v 0.685551 -1.294400 -1.317675
v 0.879477 -1.294400 -1.198382
v 1.051368 -1.294400 -1.051368
v 1.198382 -1.294400 -0.879477
v 1.317675 -1.294400 -0.685551
v 1.406405 -1.294400 -0.472434
v 1.461727 -1.294400 -0.242970
v 0.245542 -1.272425 -1.477200
v 0.000000 -1.272425 -1.496475
v 0.477435 -1.272425 -1.421292
v 0.692808 -1.272425 -1.331623
v 0.888786 -1.272425 -1.211067
v 1.062497 -1.272425 -1.062497
v 1.211067 -1.272425 -0.888786
v 1.331623 -1.272425 -0.692808
v 1.421292 -1.272425 -0.477435
v 1.477200 -1.272425 -0.245542
v 0.246120 -1.250000 -1.480680
v 0.478560 -1.250000 -1.424640
v 0.694440 -1.250000 -1.334760
v 1.480680 -1.250000 -0.246120
v 0.383274 -1.397825 0.063708
v 0.368768 -1.397825 0.123875
v 0.345503 -1.397825 0.179756
v 0.314223 -1.397825 0.230604
v 0.275675 -1.397825 0.275675
v 0.230604 -1.397825 0.314223
v 0.179756 -1.397825 0.345503
v 0.123875 -1.397825 0.368768
v 0.063708 -1.397825 0.383274
v 0.694143 -1.391600 0.115381
v 0.667871 -1.391600 0.224349
v 0.625735 -1.391600 0.325553
v 0.569086 -1.391600 0.417645
v 0.499272 -1.391600 0.499272
v 0.417645 -1.391600 0.569086
v 0.325553 -1.391600 0.625735
v 0.224349 -1.391600 0.667871
v 0.115381 -1.391600 0.694143
v 0.000000 -1.391600 0.703200
v 0.940158 -1.381775 0.156274
v 0.952425 -1.381775 -0.000000
v 0.904575 -1.381775 0.303862
v 0.847506 -1.381775 0.440935
v 0.770779 -1.381775 0.565664
v 0.676222 -1.381775 0.676222
v 0.565664 -1.381775 0.770779
v 0.440935 -1.381775 0.847506
v 0.303862 -1.381775 0.904575
v 0.156274 -1.381775 0.940158
v 0.000000 -1.381775 0.952425
v 1.128870 -1.368800 0.187642
v 1.086146 -1.368800 0.364854
v 1.017621 -1.368800 0.529441
v 0.925493 -1.368800 0.679207
v 0.811956 -1.368800 0.811956
v 0.679207 -1.368800 0.925493
v 0.529441 -1.368800 1.017621
v 0.364854 -1.368800 1.086146
v 0.187642 -1.368800 1.128870
v 1.267832 -1.353125 0.210740
v 1.219848 -1.353125 0.409767
v 1.142888 -1.353125 0.594614
v 1.039419 -1.353125 0.762816
v 0.911906 -1.353125 0.911906
v 0.762816 -1.353125 1.039419
v 0.594614 -1.353125 1.142888
v 0.409767 -1.353125 1.219848
v 0.210740 -1.353125 1.267832
v 0.000000 -1.353125 1.284375
v 1.364595 -1.335200 0.226824
v 1.382400 -1.335200 -0.000000
v 1.312948 -1.335200 0.441041
v 1.230115 -1.335200 0.639996
v 1.118749 -1.335200 0.821035
v 0.981504 -1.335200 0.981504
v 0.821035 -1.335200 1.118749
v 0.639996 -1.335200 1.230115
v 0.441041 -1.335200 1.312948
v 0.226824 -1.335200 1.364595
v 0.000000 -1.335200 1.382400
v 1.426709 -1.315475 0.237149
v 1.445325 -1.315475 -0.000000
v 1.372712 -1.315475 0.461116
v 1.286108 -1.315475 0.669128
v 1.169673 -1.315475 0.858407
v 1.026181 -1.315475 1.026181
v 0.858407 -1.315475 1.169673
v 0.669128 -1.315475 1.286108
v 0.461116 -1.315475 1.372712
v 0.237149 -1.315475 1.426709
v 0.000000 -1.315475 1.445325
v 1.461727 -1.294400 0.242970
v 1.480800 -1.294400 -0.000000
v 1.406405 -1.294400 0.472434
v 1.317675 -1.294400 0.685551
v 1.198382 -1.294400 0.879477
v 1.051368 -1.294400 1.051368
v 0.879477 -1.294400 1.198382
v 0.685551 -1.294400 1.317675
v 0.472434 -1.294400 1.406405
v 0.242970 -1.294400 1.461727
v 1.477200 -1.272425 0.245542
v 1.496475 -1.272425 -0.000000
v 1.421292 -1.272425 0.477435
v 1.331623 -1.272425 0.692808
v 1.211067 -1.272425 0.888786
v 1.062497 -1.272425 1.062497
v 0.888786 -1.272425 1.211067
v 0.692808 -1.272425 1.331623
v 0.477435 -1.272425 1.421292
v 0.245542 -1.272425 1.477200
v 0.000000 -1.272425 1.496475
v 0.478560 -1.250000 1.424640
v 0.000000 -1.397825 0.388275
v -0.063708 -1.397825 0.383274
v -0.123875 -1.397825 0.368768
v -0.179756 -1.397825 0.345503
v -0.230604 -1.397825 0.314223
v -0.275675 -1.397825 0.275675
v -0.314223 -1.397825 0.230604
v -0.345503 -1.397825 0.179756
v -0.368768 -1.397825 0.123875
v -0.383274 -1.397825 0.063708
v -0.388275 -1.397825 -0.000000
v -0.115381 -1.391600 0.694143
v -0.224349 -1.391600 0.667871
v -0.325553 -1.391600 0.625735
v -0.417645 -1.391600 0.569086
v -0.499272 -1.391600 0.499272
v -0.569086 -1.391600 0.417645
v -0.625735 -1.391600 0.325553
v -0.667871 -1.391600 0.224349
v -0.694143 -1.391600 0.115381
v -0.156274 -1.381775 0.940158
v -0.303862 -1.381775 0.904575
v -0.440935 -1.381775 0.847506
v -0.565664 -1.381775 0.770779
v -0.676222 -1.381775 0.676222
v -0.770779 -1.381775 0.565664
v -0.847506 -1.381775 0.440935
v -0.904575 -1.381775 0.303862
v -0.940158 -1.381775 0.156274
v -0.952425 -1.381775 -0.000000
v -0.187642 -1.368800 1.128870
v 0.000000 -1.368800 1.143600
v -0.364854 -1.368800 1.086146
v -0.529441 -1.368800 1.017621
v -0.679207 -1.368800 0.925493
v -0.811956 -1.368800 0.811956
v -0.925493 -1.368800 0.679207
v -1.017621 -1.368800 0.529441
v -1.086146 -1.368800 0.364854
v -1.128870 -1.368800 0.187642
v -0.210740 -1.353125 1.267832
v -0.409767 -1.353125 1.219848
v -0.594614 -1.353125 1.142888
v -0.762816 -1.353125 1.039419
v -0.911906 -1.353125 0.911906
v -1.039419 -1.353125 0.762816
v -1.142888 -1.353125 0.594614
v -1.219848 -1.353125 0.409767
v -1.267832 -1.353125 0.210740
v -0.226824 -1.335200 1.364595
v -0.441041 -1.335200 1.312948
v -0.639996 -1.335200 1.230115
v -0.821035 -1.335200 1.118749
v -0.981504 -1.335200 0.981504
v -1.118749 -1.335200 0.821035
v -1.230115 -1.335200 0.639996
v -1.312948 -1.335200 0.441041
v -1.364595 -1.335200 0.226824
v -0.237149 -1.315475 1.426709
v -0.461116 -1.315475 1.372712
v -0.669128 -1.315475 1.286108
v -0.858407 -1.315475 1.169673
v -1.026181 -1.315475 1.026181
v -1.169673 -1.315475 0.858407
v -1.286108 -1.315475 0.669128
v -1.372712 -1.315475 0.461116
v -1.426709 -1.315475 0.237149
v -1.445325 -1.315475 -0.000000
v -0.242970 -1.294400 1.461727
v 0.000000 -1.294400 1.480800
v -0.472434 -1.294400 1.406405
v -0.685551 -1.294400 1.317675
v -0.879477 -1.294400 1.198382
v -1.051368 -1.294400 1.051368
v -1.198382 -1.294400 0.879477
v -1.317675 -1.294400 0.685551
v -1.406405 -1.294400 0.472434
v -1.461727 -1.294400 0.242970
v -0.245542 -1.272425 1.477200
v -0.477435 -1.272425 1.421292
v -0.692808 -1.272425 1.331623
v -0.888786 -1.272425 1.211067
v -1.062497 -1.272425 1.062497
v -1.211067 -1.272425 0.888786
v -1.331623 -1.272425 0.692808
v -1.421292 -1.272425 0.477435
v -1.477200 -1.272425 0.245542
v -0.478560 -1.250000 1.424640
v -1.334760 -1.250000 0.694440
v -1.424640 -1.250000 0.478560
v -1.480680 -1.250000 0.246120
s 1
f 1 2 3
f 3 352 1
f 4 5 2
f 2 1 4
f 6 7 5
f 5 4 6
f 8 9 7
f 7 6 8
f 10 11 9
f 9 8 10
f 12 13 11
f 11 10 12
f 14 15 13
f 13 12 14
f 16 17 15
f 15 14 16
f 18 19 17
f 17 16 18
f 20 21 19
f 19 18 20
f 22 1 352
f 352 362 22
f 23 4 1
f 1 22 23
f 24 6 4
f 4 23 24
f 25 8 6
f 6 24 25
f 26 10 8
f 8 25 26
f 27 12 10
f 10 26 27
f 28 14 12
f 12 27 28
f 29 16 14
f 14 28 29
f 30 18 16
f 16 29 30
f 132 20 18
f 18 30 132
f 31 22 362
f 362 372 31
f 32 23 22
f 22 31 32
f 33 24 23
f 23 32 33
f 34 25 24
f 24 33 34
f 35 26 25
f 25 34 35
f 36 27 26
f 26 35 36
f 37 28 27
f 27 36 37
f 38 29 28
f 28 37 38
f 39 30 29
f 29 38 39
f 142 132 30
f 30 39 142
f 40 31 372
f 372 41 40
f 42 32 31
f 31 40 42
f 43 33 32
f 32 42 43
f 44 34 33
f 33 43 44
f 45 35 34
f 34 44 45
f 46 36 35
f 35 45 46
f 47 37 36
f 36 46 47
f 48 38 37
f 37 47 48
f 49 39 38
f 38 48 49
f 50 142 39
f 39 49 50
f 51 40 41
f 41 52 51
f 53 42 40
f 40 51 53
f 54 43 42
f 42 53 54
f 55 44 43
f 43 54 55
f 56 45 44
f 44 55 56
f 57 46 45
f 45 56 57
f 58 47 46
f 46 57 58
f 59 48 47
f 47 58 59
f 60 49 48
f 48 59 60
f 61 50 49
f 49 60 61
f 62 51 52
f 52 63 62
f 64 53 51
f 51 62 64
f 65 54 53
f 53 64 65
f 66 55 54
f 54 65 66
f 67 56 55
f 55 66 67
f 68 57 56
f 56 67 68
f 69 58 57
f 57 68 69
f 70 59 58
f 58 69 70
f 71 60 59
f 59 70 71
f 170 61 60
f 60 71 170
f 72 62 63
f 63 73 72
f 74 64 62
f 62 72 74
f 75 65 64
f 64 74 75
f 76 66 65
f 65 75 76
f 77 67 66
f 66 76 77
f 78 68 67
f 67 77 78
f 79 69 68
f 68 78 79
f 80 70 69
f 69 79 80
f 81 71 70
f 70 80 81
f 82 170 71
f 71 81 82
f 83 72 73
f 73 420 83
f 84 74 72
f 72 83 84
f 85 75 74
f 74 84 85
f 86 76 75
f 75 85 86
f 87 77 76
f 76 86 87
f 88 78 77
f 77 87 88
f 89 79 78
f 78 88 89
f 90 80 79
f 79 89 90
f 91 81 80
f 80 90 91
f 191 82 81
f 81 91 191
f 92 83 420
f 420 93 92
f 94 84 83
f 83 92 94
f 95 85 84
f 84 94 95
f 96 86 85
f 85 95 96
f 97 87 86
f 86 96 97
f 98 88 87
f 87 97 98
f 99 89 88
f 88 98 99
f 100 90 89
f 89 99 100
f 101 91 90
f 90 100 101
f 102 191 91
f 91 101 102
f 103 92 93
f 93 440 103
f 104 94 92
f 92 103 104
f 105 95 94
f 94 104 105
f 106 96 95
f 95 105 106
f 107 97 96
f 96 106 107
f 108 98 97
f 97 107 108
f 109 99 98
f 98 108 109
f 110 100 99
f 99 109 110
f 111 101 100
f 100 110 111
f 210 102 101
f 101 111 210
f 112 113 21
f 21 20 112
f 114 115 113
f 113 112 114
f 116 117 115
f 115 114 116
f 118 119 117
f 117 116 118
f 120 121 119
f 119 118 120
f 122 123 121
f 121 120 122
f 124 125 123
f 123 122 124
f 126 127 125
f 125 124 126
f 128 129 127
f 127 126 128
f 221 130 129
f 129 128 221
f 131 112 20
f 20 132 131
f 133 114 112
f 112 131 133
f 134 116 114
f 114 133 134
f 135 118 116
f 116 134 135
f 136 120 118
f 118 135 136
f 137 122 120
f 120 136 137
f 138 124 122
f 122 137 138
f 139 126 124
f 124 138 139
f 140 128 126
f 126 139 140
f 241 221 128
f 128 140 241
f 141 131 132
f 132 142 141
f 143 133 131
f 131 141 143
f 144 134 133
f 133 143 144
f 145 135 134
f 134 144 145
f 146 136 135
f 135 145 146
f 147 137 136
f 136 146 147
f 148 138 137
f 137 147 148
f 149 139 138
f 138 148 149
f 150 140 139
f 139 149 150
f 252 241 140
f 140 150 252
f 151 141 142
f 142 50 151
f 152 143 141
f 141 151 152
f 153 144 143
f 143 152 153
f 154 145 144
f 144 153 154
f 155 146 145
f 145 154 155
f 156 147 146
f 146 155 156
f 157 148 147
f 147 156 157
f 158 149 148
f 148 157 158
f 159 150 149
f 149 158 159
f 263 252 150
f 150 159 263
f 160 151 50
f 50 61 160
f 161 152 151
f 151 160 161
f 162 153 152
f 152 161 162
f 163 154 153
f 153 162 163
f 164 155 154
f 154 163 164
f 165 156 155
f 155 164 165
f 166 157 156
f 156 165 166
f 167 158 157
f 157 166 167
f 168 159 158
f 158 167 168
f 274 263 159
f 159 168 274
f 169 160 61
f 61 170 169
f 171 161 160
f 160 169 171
f 172 162 161
f 161 171 172
f 173 163 162
f 162 172 173
f 174 164 163
f 163 173 174
f 175 165 164
f 164 174 175
f 176 166 165
f 165 175 176
f 177 167 166
f 166 176 177
f 178 168 167
f 167 177 178
f 179 274 168
f 168 178 179
f 180 169 170
f 170 82 180
f 181 171 169
f 169 180 181
f 182 172 171
f 171 181 182
f 183 173 172
f 172 182 183
f 184 174 173
f 173 183 184
f 185 175 174
f 174 184 185
f 186 176 175
f 175 185 186
f 187 177 176
f 176 186 187
f 188 178 177
f 177 187 188
f 189 179 178
f 178 188 189
f 190 180 82
f 82 191 190
f 192 181 180
f 180 190 192
f 193 182 181
f 181 192 193
f 194 183 182
f 182 193 194
f 195 184 183
f 183 194 195
f 196 185 184
f 184 195 196
f 197 186 185
f 185 196 197
f 198 187 186
f 186 197 198
f 199 188 187
f 187 198 199
f 303 189 188
f 188 199 303
f 200 190 191
f 191 102 200
f 201 192 190
f 190 200 201
f 202 193 192
f 192 201 202
f 203 194 193
f 193 202 203
f 204 195 194
f 194 203 204
f 205 196 195
f 195 204 205
f 206 197 196
f 196 205 206
f 207 198 197
f 197 206 207
f 208 199 198
f 198 207 208
f 314 303 199
f 199 208 314
f 209 200 102
f 102 210 209
f 211 201 200
f 200 209 211
f 212 202 201
f 201 211 212
f 213 203 202
f 202 212 213
f 214 204 203
f 203 213 214
f 215 205 204
f 204 214 215
f 216 206 205
f 205 215 216
f 217 207 206
f 206 216 217
f 218 208 207
f 207 217 218
f 324 314 208
f 208 218 324
f 219 220 130
f 130 221 219
f 222 223 220
f 220 219 222
f 224 225 223
f 223 222 224
f 226 227 225
f 225 224 226
f 228 229 227
f 227 226 228
f 230 231 229
f 229 228 230
f 232 233 231
f 231 230 232
f 234 235 233
f 233 232 234
f 236 237 235
f 235 234 236
f 238 239 237
f 237 236 238
f 240 219 221
f 221 241 240
f 242 222 219
f 219 240 242
f 243 224 222
f 222 242 243
f 244 226 224
f 224 243 244
f 245 228 226
f 226 244 245
f 246 230 228
f 228 245 246
f 247 232 230
f 230 246 247
f 248 234 232
f 232 247 248
f 249 236 234
f 234 248 249
f 250 238 236
f 236 249 250
f 251 240 241
f 241 252 251
f 253 242 240
f 240 251 253
f 254 243 242
f 242 253 254
f 255 244 243
f 243 254 255
f 256 245 244
f 244 255 256
f 257 246 245
f 245 256 257
f 258 247 246
f 246 257 258
f 259 248 247
f 247 258 259
f 260 249 248
f 248 259 260
f 261 250 249
f 249 260 261
f 262 251 252
f 252 263 262
f 264 253 251
f 251 262 264
f 265 254 253
f 253 264 265
f 266 255 254
f 254 265 266
f 267 256 255
f 255 266 267
f 268 257 256
f 256 267 268
f 269 258 257
f 257 268 269
f 270 259 258
f 258 269 270
f 271 260 259
f 259 270 271
f 272 261 260
f 260 271 272
f 273 262 263
f 263 274 273
f 275 264 262
f 262 273 275
f 276 265 264
f 264 275 276
f 277 266 265
f 265 276 277
f 278 267 266
f 266 277 278
f 279 268 267
f 267 278 279
f 280 269 268
f 268 279 280
f 281 270 269
f 269 280 281
f 282 271 270
f 270 281 282
f 383 272 271
f 271 282 383
f 283 273 274
f 274 179 283
f 284 275 273
f 273 283 284
f 285 276 275
f 275 284 285
f 286 277 276
f 276 285 286
f 287 278 277
f 277 286 287
f 288 279 278
f 278 287 288
f 289 280 279
f 279 288 289
f 290 281 280
f 280 289 290
f 291 282 281
f 281 290 291
f 393 383 282
f 282 291 393
f 292 283 179
f 179 189 292
f 293 284 283
f 283 292 293
f 294 285 284
f 284 293 294
f 295 286 285
f 285 294 295
f 296 287 286
f 286 295 296
f 297 288 287
f 287 296 297
f 298 289 288
f 288 297 298
f 299 290 289
f 289 298 299
f 300 291 290
f 290 299 300
f 301 393 291
f 291 300 301
f 302 292 189
f 189 303 302
f 304 293 292
f 292 302 304
f 305 294 293
f 293 304 305
f 306 295 294
f 294 305 306
f 307 296 295
f 295 306 307
f 308 297 296
f 296 307 308
f 309 298 297
f 297 308 309
f 310 299 298
f 298 309 310
f 311 300 299
f 299 310 311
f 312 301 300
f 300 311 312
f 313 302 303
f 303 314 313
f 315 304 302
f 302 313 315
f 316 305 304
f 304 315 316
f 317 306 305
f 305 316 317
f 318 307 306
f 306 317 318
f 319 308 307
f 307 318 319
f 320 309 308
f 308 319 320
f 321 310 309
f 309 320 321
f 322 311 310
f 310 321 322
f 422 312 311
f 311 322 422
f 323 313 314
f 314 324 323
f 325 315 313
f 313 323 325
f 326 316 315
f 315 325 326
f 327 317 316
f 316 326 327
f 328 318 317
f 317 327 328
f 329 319 318
f 318 328 329
f 330 320 319
f 319 329 330
f 331 321 320
f 320 330 331
f 332 322 321
f 321 331 332
f 333 422 322
f 322 332 333
f 334 335 239
f 239 238 334
f 336 337 335
f 335 334 336
f 338 339 337
f 337 336 338
f 340 341 339
f 339 338 340
f 342 343 341
f 341 340 342
f 344 345 343
f 343 342 344
f 346 347 345
f 345 344 346
f 348 349 347
f 347 346 348
f 350 351 349
f 349 348 350
f 352 3 351
f 351 350 352
f 353 334 238
f 238 250 353
f 354 336 334
f 334 353 354
f 355 338 336
f 336 354 355
f 356 340 338
f 338 355 356
f 357 342 340
f 340 356 357
f 358 344 342
f 342 357 358
f 359 346 344
f 344 358 359
f 360 348 346
f 346 359 360
f 361 350 348
f 348 360 361
f 362 352 350
f 350 361 362
f 363 353 250
f 250 261 363
f 364 354 353
f 353 363 364
f 365 355 354
f 354 364 365
f 366 356 355
f 355 365 366
f 367 357 356
f 356 366 367
f 368 358 357
f 357 367 368
f 369 359 358
f 358 368 369
f 370 360 359
f 359 369 370
f 371 361 360
f 360 370 371
f 372 362 361
f 361 371 372
f 373 363 261
f 261 272 373
f 374 364 363
f 363 373 374
f 375 365 364
f 364 374 375
f 376 366 365
f 365 375 376
f 377 367 366
f 366 376 377
f 378 368 367
f 367 377 378
f 379 369 368
f 368 378 379
f 380 370 369
f 369 379 380
f 381 371 370
f 370 380 381
f 41 372 371
f 371 381 41
f 382 373 272
f 272 383 382
f 384 374 373
f 373 382 384
f 385 375 374
f 374 384 385
f 386 376 375
f 375 385 386
f 387 377 376
f 376 386 387
f 388 378 377
f 377 387 388
f 389 379 378
f 378 388 389
f 390 380 379
f 379 389 390
f 391 381 380
f 380 390 391
f 52 41 381
f 381 391 52
f 392 382 383
f 383 393 392
f 394 384 382
f 382 392 394
f 395 385 384
f 384 394 395
f 396 386 385
f 385 395 396
f 397 387 386
f 386 396 397
f 398 388 387
f 387 397 398
f 399 389 388
f 388 398 399
f 400 390 389
f 389 399 400
f 401 391 390
f 390 400 401
f 63 52 391
f 391 401 63
f 402 392 393
f 393 301 402
f 403 394 392
f 392 402 403
f 404 395 394
f 394 403 404
f 405 396 395
f 395 404 405
f 406 397 396
f 396 405 406
f 407 398 397
f 397 406 407
f 408 399 398
f 398 407 408
f 409 400 399
f 399 408 409
f 410 401 400
f 400 409 410
f 73 63 401
f 401 410 73
f 411 402 301
f 301 312 411
f 412 403 402
f 402 411 412
f 413 404 403
f 403 412 413
f 414 405 404
f 404 413 414
f 415 406 405
f 405 414 415
f 416 407 406
f 406 415 416
f 417 408 407
f 407 416 417
f 418 409 408
f 408 417 418
f 419 410 409
f 409 418 419
f 420 73 410
f 410 419 420
f 421 411 312
f 312 422 421
f 423 412 411
f 411 421 423
f 424 413 412
f 412 423 424
f 425 414 413
f 413 424 425
f 426 415 414
f 414 425 426
f 427 416 415
f 415 426 427
f 428 417 416
f 416 427 428
f 429 418 417
f 417 428 429
f 430 419 418
f 418 429 430
f 93 420 419
f 419 430 93
f 431 421 422
f 422 333 431
f 432 423 421
f 421 431 432
f 433 424 423
f 423 432 433
f 434 425 424
f 424 433 434
f 435 426 425
f 425 434 435
f 436 427 426
f 426 435 436
f 437 428 427
f 427 436 437
f 438 429 428
f 428 437 438
f 439 430 429
f 429 438 439
f 440 93 430
f 430 439 440
f 441 103 440
f 440 442 441
f 443 104 103
f 103 441 443
f 444 105 104
f 104 443 444
f 445 106 105
f 105 444 445
f 446 107 106
f 106 445 446
f 447 108 107
f 107 446 447
f 448 109 108
f 108 447 448
f 449 110 109
f 109 448 449
f 450 111 110
f 110 449 450
f 543 210 111
f 111 450 543
f 451 441 442
f 442 452 451
f 453 443 441
f 441 451 453
f 454 444 443
f 443 453 454
f 455 445 444
f 444 454 455
f 456 446 445
f 445 455 456
f 457 447 446
f 446 456 457
f 458 448 447
f 447 457 458
f 459 449 448
f 448 458 459
f 460 450 449
f 449 459 460
f 461 543 450
f 450 460 461
f 462 451 452
f 452 463 462
f 464 453 451
f 451 462 464
f 465 454 453
f 453 464 465
f 466 455 454
f 454 465 466
f 467 456 455
f 455 466 467
f 468 457 456
f 456 467 468
f 469 458 457
f 457 468 469
f 470 459 458
f 458 469 470
f 471 460 459
f 459 470 471
f 472 461 460
f 460 471 472
f 473 462 463
f 463 768 473
f 474 464 462
f 462 473 474
f 475 465 464
f 464 474 475
f 476 466 465
f 465 475 476
f 477 467 466
f 466 476 477
f 478 468 467
f 467 477 478
f 479 469 468
f 468 478 479
f 480 470 469
f 469 479 480
f 481 471 470
f 470 480 481
f 482 472 471
f 471 481 482
f 483 473 768
f 768 484 483
f 485 474 473
f 473 483 485
f 486 475 474
f 474 485 486
f 487 476 475
f 475 486 487
f 488 477 476
f 476 487 488
f 489 478 477
f 477 488 489
f 490 479 478
f 478 489 490
f 491 480 479
f 479 490 491
f 492 481 480
f 480 491 492
f 583 482 481
f 481 492 583
f 493 483 484
f 484 494 493
f 495 485 483
f 483 493 495
f 496 486 485
f 485 495 496
f 497 487 486
f 486 496 497
f 498 488 487
f 487 497 498
f 499 489 488
f 488 498 499
f 500 490 489
f 489 499 500
f 501 491 490
f 490 500 501
f 502 492 491
f 491 501 502
f 503 583 492
f 492 502 503
f 504 493 494
f 494 796 504
f 505 495 493
f 493 504 505
f 506 496 495
f 495 505 506
f 507 497 496
f 496 506 507
f 508 498 497
f 497 507 508
f 509 499 498
f 498 508 509
f 510 500 499
f 499 509 510
f 511 501 500
f 500 510 511
f 512 502 501
f 501 511 512
f 513 503 502
f 502 512 513
f 514 504 796
f 796 807 514
f 515 505 504
f 504 514 515
f 516 506 505
f 505 515 516
f 517 507 506
f 506 516 517
f 518 508 507
f 507 517 518
f 519 509 508
f 508 518 519
f 520 510 509
f 509 519 520
f 521 511 510
f 510 520 521
f 522 512 511
f 511 521 522
f 523 513 512
f 512 522 523
f 524 514 807
f 807 525 524
f 526 515 514
f 514 524 526
f 527 516 515
f 515 526 527
f 528 517 516
f 516 527 528
f 529 518 517
f 517 528 529
f 530 519 518
f 518 529 530
f 531 520 519
f 519 530 531
f 532 521 520
f 520 531 532
f 533 522 521
f 521 532 533
f 534 523 522
f 522 533 534
f 535 524 525
f 525 536 535
f 825 526 524
f 524 535 825
f 537 527 526
f 526 825 537
f 538 528 527
f 527 537 538
f 539 529 528
f 528 538 539
f 830 530 529
f 529 539 830
f 832 531 530
f 530 830 832
f 834 532 531
f 531 832 834
f 540 533 532
f 532 834 540
f 541 534 533
f 533 540 541
f 542 209 210
f 210 543 542
f 544 211 209
f 209 542 544
f 545 212 211
f 211 544 545
f 546 213 212
f 212 545 546
f 547 214 213
f 213 546 547
f 548 215 214
f 214 547 548
f 549 216 215
f 215 548 549
f 550 217 216
f 216 549 550
f 551 218 217
f 217 550 551
f 637 324 218
f 218 551 637
f 552 542 543
f 543 461 552
f 553 544 542
f 542 552 553
f 554 545 544
f 544 553 554
f 555 546 545
f 545 554 555
f 556 547 546
f 546 555 556
f 557 548 547
f 547 556 557
f 558 549 548
f 548 557 558
f 559 550 549
f 549 558 559
f 560 551 550
f 550 559 560
f 561 637 551
f 551 560 561
f 562 552 461
f 461 472 562
f 563 553 552
f 552 562 563
f 564 554 553
f 553 563 564
f 565 555 554
f 554 564 565
f 566 556 555
f 555 565 566
f 567 557 556
f 556 566 567
f 568 558 557
f 557 567 568
f 569 559 558
f 558 568 569
f 570 560 559
f 559 569 570
f 571 561 560
f 560 570 571
f 572 562 472
f 472 482 572
f 573 563 562
f 562 572 573
f 574 564 563
f 563 573 574
f 575 565 564
f 564 574 575
f 576 566 565
f 565 575 576
f 577 567 566
f 566 576 577
f 578 568 567
f 567 577 578
f 579 569 568
f 568 578 579
f 580 570 569
f 569 579 580
f 581 571 570
f 570 580 581
f 582 572 482
f 482 583 582
f 584 573 572
f 572 582 584
f 585 574 573
f 573 584 585
f 586 575 574
f 574 585 586
f 587 576 575
f 575 586 587
f 588 577 576
f 576 587 588
f 589 578 577
f 577 588 589
f 590 579 578
f 578 589 590
f 591 580 579
f 579 590 591
f 592 581 580
f 580 591 592
f 593 582 583
f 583 503 593
f 594 584 582
f 582 593 594
f 595 585 584
f 584 594 595
f 596 586 585
f 585 595 596
f 597 587 586
f 586 596 597
f 598 588 587
f 587 597 598
f 599 589 588
f 588 598 599
f 600 590 589
f 589 599 600
f 601 591 590
f 590 600 601
f 687 592 591
f 591 601 687
f 602 593 503
f 503 513 602
f 603 594 593
f 593 602 603
f 604 595 594
f 594 603 604
f 605 596 595
f 595 604 605
f 606 597 596
f 596 605 606
f 607 598 597
f 597 606 607
f 608 599 598
f 598 607 608
f 609 600 599
f 599 608 609
f 610 601 600
f 600 609 610
f 611 687 601
f 601 610 611
f 612 602 513
f 513 523 612
f 613 603 602
f 602 612 613
f 614 604 603
f 603 613 614
f 615 605 604
f 604 614 615
f 616 606 605
f 605 615 616
f 617 607 606
f 606 616 617
f 618 608 607
f 607 617 618
f 619 609 608
f 608 618 619
f 620 610 609
f 609 619 620
f 708 611 610
f 610 620 708
f 621 612 523
f 523 534 621
f 622 613 612
f 612 621 622
f 623 614 613
f 613 622 623
f 624 615 614
f 614 623 624
f 625 616 615
f 615 624 625
f 626 617 616
f 616 625 626
f 627 618 617
f 617 626 627
f 628 619 618
f 618 627 628
f 629 620 619
f 619 628 629
f 718 708 620
f 620 629 718
f 630 621 534
f 534 541 630
f 926 622 621
f 621 630 926
f 631 623 622
f 622 926 631
f 929 624 623
f 623 631 929
f 931 625 624
f 624 929 931
f 632 626 625
f 625 931 632
f 934 627 626
f 626 632 934
f 633 628 627
f 627 934 633
f 634 629 628
f 628 633 634
f 635 718 629
f 629 634 635
f 636 323 324
f 324 637 636
f 638 325 323
f 323 636 638
f 639 326 325
f 325 638 639
f 640 327 326
f 326 639 640
f 641 328 327
f 327 640 641
f 642 329 328
f 328 641 642
f 643 330 329
f 329 642 643
f 644 331 330
f 330 643 644
f 645 332 331
f 331 644 645
f 732 333 332
f 332 645 732
f 646 636 637
f 637 561 646
f 647 638 636
f 636 646 647
f 648 639 638
f 638 647 648
f 649 640 639
f 639 648 649
f 650 641 640
f 640 649 650
f 651 642 641
f 641 650 651
f 652 643 642
f 642 651 652
f 653 644 643
f 643 652 653
f 654 645 644
f 644 653 654
f 655 732 645
f 645 654 655
f 656 646 561
f 561 571 656
f 657 647 646
f 646 656 657
f 658 648 647
f 647 657 658
f 659 649 648
f 648 658 659
f 660 650 649
f 649 659 660
f 661 651 650
f 650 660 661
f 662 652 651
f 651 661 662
f 663 653 652
f 652 662 663
f 664 654 653
f 653 663 664
f 665 655 654
f 654 664 665
f 666 656 571
f 571 581 666
f 667 657 656
f 656 666 667
f 668 658 657
f 657 667 668
f 669 659 658
f 658 668 669
f 670 660 659
f 659 669 670
f 671 661 660
f 660 670 671
f 672 662 661
f 661 671 672
f 673 663 662
f 662 672 673
f 674 664 663
f 663 673 674
f 675 665 664
f 664 674 675
f 676 666 581
f 581 592 676
f 677 667 666
f 666 676 677
f 678 668 667
f 667 677 678
f 679 669 668
f 668 678 679
f 680 670 669
f 669 679 680
f 681 671 670
f 670 680 681
f 682 672 671
f 671 681 682
f 683 673 672
f 672 682 683
f 684 674 673
f 673 683 684
f 685 675 674
f 674 684 685
f 686 676 592
f 592 687 686
f 688 677 676
f 676 686 688
f 689 678 677
f 677 688 689
f 690 679 678
f 678 689 690
f 691 680 679
f 679 690 691
f 692 681 680
f 680 691 692
f 693 682 681
f 681 692 693
f 694 683 682
f 682 693 694
f 695 684 683
f 683 694 695
f 696 685 684
f 684 695 696
f 697 686 687
f 687 611 697
f 698 688 686
f 686 697 698
f 699 689 688
f 688 698 699
f 700 690 689
f 689 699 700
f 701 691 690
f 690 700 701
f 702 692 691
f 691 701 702
f 703 693 692
f 692 702 703
f 704 694 693
f 693 703 704
f 705 695 694
f 694 704 705
f 706 696 695
f 695 705 706
f 707 697 611
f 611 708 707
f 709 698 697
f 697 707 709
f 710 699 698
f 698 709 710
f 711 700 699
f 699 710 711
f 712 701 700
f 700 711 712
f 713 702 701
f 701 712 713
f 714 703 702
f 702 713 714
f 715 704 703
f 703 714 715
f 716 705 704
f 704 715 716
f 798 706 705
f 705 716 798
f 717 707 708
f 708 718 717
f 719 709 707
f 707 717 719
f 720 710 709
f 709 719 720
f 721 711 710
f 710 720 721
f 722 712 711
f 711 721 722
f 723 713 712
f 712 722 723
f 724 714 713
f 713 723 724
f 725 715 714
f 714 724 725
f 726 716 715
f 715 725 726
f 809 798 716
f 716 726 809
f 727 717 718
f 718 635 727
f 1025 719 717
f 717 727 1025
f 728 720 719
f 719 1025 728
f 729 721 720
f 720 728 729
f 1029 722 721
f 721 729 1029
f 1031 723 722
f 722 1029 1031
f 1033 724 723
f 723 1031 1033
f 1035 725 724
f 724 1033 1035
f 730 726 725
f 725 1035 730
f 819 809 726
f 726 730 819
f 731 431 333
f 333 732 731
f 733 432 431
f 431 731 733
f 734 433 432
f 432 733 734
f 735 434 433
f 433 734 735
f 736 435 434
f 434 735 736
f 737 436 435
f 435 736 737
f 738 437 436
f 436 737 738
f 739 438 437
f 437 738 739
f 740 439 438
f 438 739 740
f 442 440 439
f 439 740 442
f 741 731 732
f 732 655 741
f 742 733 731
f 731 741 742
f 743 734 733
f 733 742 743
f 744 735 734
f 734 743 744
f 745 736 735
f 735 744 745
f 746 737 736
f 736 745 746
f 747 738 737
f 737 746 747
f 748 739 738
f 738 747 748
f 749 740 739
f 739 748 749
f 452 442 740
f 740 749 452
f 750 741 655
f 655 665 750
f 751 742 741
f 741 750 751
f 752 743 742
f 742 751 752
f 753 744 743
f 743 752 753
f 754 745 744
f 744 753 754
f 755 746 745
f 745 754 755
f 756 747 746
f 746 755 756
f 757 748 747
f 747 756 757
f 758 749 748
f 748 757 758
f 463 452 749
f 749 758 463
f 759 750 665
f 665 675 759
f 760 751 750
f 750 759 760
f 761 752 751
f 751 760 761
f 762 753 752
f 752 761 762
f 763 754 753
f 753 762 763
f 764 755 754
f 754 763 764
f 765 756 755
f 755 764 765
f 766 757 756
f 756 765 766
f 767 758 757
f 757 766 767
f 768 463 758
f 758 767 768
f 769 759 675
f 675 685 769
f 770 760 759
f 759 769 770
f 771 761 760
f 760 770 771
f 772 762 761
f 761 771 772
f 773 763 762
f 762 772 773
f 774 764 763
f 763 773 774
f 775 765 764
f 764 774 775
f 776 766 765
f 765 775 776
f 777 767 766
f 766 776 777
f 484 768 767
f 767 777 484
f 778 769 685
f 685 696 778
f 779 770 769
f 769 778 779
f 780 771 770
f 770 779 780
f 781 772 771
f 771 780 781
f 782 773 772
f 772 781 782
f 783 774 773
f 773 782 783
f 784 775 774
f 774 783 784
f 785 776 775
f 775 784 785
f 786 777 776
f 776 785 786
f 494 484 777
f 777 786 494
f 787 778 696
f 696 706 787
f 788 779 778
f 778 787 788
f 789 780 779
f 779 788 789
f 790 781 780
f 780 789 790
f 791 782 781
f 781 790 791
f 792 783 782
f 782 791 792
f 793 784 783
f 783 792 793
f 794 785 784
f 784 793 794
f 795 786 785
f 785 794 795
f 796 494 786
f 786 795 796
f 797 787 706
f 706 798 797
f 799 788 787
f 787 797 799
f 800 789 788
f 788 799 800
f 801 790 789
f 789 800 801
f 802 791 790
f 790 801 802
f 803 792 791
f 791 802 803
f 804 793 792
f 792 803 804
f 805 794 793
f 793 804 805
f 806 795 794
f 794 805 806
f 807 796 795
f 795 806 807
f 808 797 798
f 798 809 808
f 810 799 797
f 797 808 810
f 811 800 799
f 799 810 811
f 812 801 800
f 800 811 812
f 813 802 801
f 801 812 813
f 814 803 802
f 802 813 814
f 815 804 803
f 803 814 815
f 816 805 804
f 804 815 816
f 817 806 805
f 805 816 817
f 525 807 806
f 806 817 525
f 818 808 809
f 809 819 818
f 1127 810 808
f 808 818 1127
f 1129 811 810
f 810 1127 1129
f 820 812 811
f 811 1129 820
f 1132 813 812
f 812 820 1132
f 821 814 813
f 813 1132 821
f 1135 815 814
f 814 821 1135
f 822 816 815
f 815 1135 822
f 1138 817 816
f 816 822 1138
f 536 525 817
f 817 1138 536
f 823 535 536
f 536 1139 823
f 824 825 535
f 535 823 824
f 826 537 825
f 825 824 826
f 827 538 537
f 537 826 827
f 828 539 538
f 538 827 828
f 829 830 539
f 539 828 829
f 831 832 830
f 830 829 831
f 833 834 832
f 832 831 833
f 835 540 834
f 834 833 835
f 836 541 540
f 540 835 836
f 837 823 1139
f 1139 1150 837
f 838 824 823
f 823 837 838
f 839 826 824
f 824 838 839
f 840 827 826
f 826 839 840
f 841 828 827
f 827 840 841
f 842 829 828
f 828 841 842
f 843 831 829
f 829 842 843
f 844 833 831
f 831 843 844
f 845 835 833
f 833 844 845
f 846 836 835
f 835 845 846
f 847 837 1150
f 1150 848 847
f 849 838 837
f 837 847 849
f 850 839 838
f 838 849 850
f 851 840 839
f 839 850 851
f 852 841 840
f 840 851 852
f 853 842 841
f 841 852 853
f 854 843 842
f 842 853 854
f 855 844 843
f 843 854 855
f 856 845 844
f 844 855 856
f 857 846 845
f 845 856 857
f 858 847 848
f 848 1170 858
f 859 849 847
f 847 858 859
f 860 850 849
f 849 859 860
f 861 851 850
f 850 860 861
f 862 852 851
f 851 861 862
f 863 853 852
f 852 862 863
f 864 854 853
f 853 863 864
f 865 855 854
f 854 864 865
f 866 856 855
f 855 865 866
f 867 857 856
f 856 866 867
f 868 858 1170
f 1170 1181 868
f 869 859 858
f 858 868 869
f 870 860 859
f 859 869 870
f 871 861 860
f 860 870 871
f 872 862 861
f 861 871 872
f 873 863 862
f 862 872 873
f 874 864 863
f 863 873 874
f 875 865 864
f 864 874 875
f 876 866 865
f 865 875 876
f 965 867 866
f 866 876 965
f 877 868 1181
f 1181 878 877
f 879 869 868
f 868 877 879
f 880 870 869
f 869 879 880
f 881 871 870
f 870 880 881
f 882 872 871
f 871 881 882
f 883 873 872
f 872 882 883
f 884 874 873
f 873 883 884
f 885 875 874
f 874 884 885
f 886 876 875
f 875 885 886
f 975 965 876
f 876 886 975
f 887 877 878
f 878 888 887
f 889 879 877
f 877 887 889
f 890 880 879
f 879 889 890
f 891 881 880
f 880 890 891
f 892 882 881
f 881 891 892
f 893 883 882
f 882 892 893
f 894 884 883
f 883 893 894
f 895 885 884
f 884 894 895
f 896 886 885
f 885 895 896
f 897 975 886
f 886 896 897
f 898 887 888
f 888 1211 898
f 899 889 887
f 887 898 899
f 900 890 889
f 889 899 900
f 901 891 890
f 890 900 901
f 902 892 891
f 891 901 902
f 903 893 892
f 892 902 903
f 904 894 893
f 893 903 904
f 905 895 894
f 894 904 905
f 906 896 895
f 895 905 906
f 994 897 896
f 896 906 994
f 907 898 1211
f 1211 908 907
f 909 899 898
f 898 907 909
f 910 900 899
f 899 909 910
f 911 901 900
f 900 910 911
f 912 902 901
f 901 911 912
f 913 903 902
f 902 912 913
f 914 904 903
f 903 913 914
f 915 905 904
f 904 914 915
f 916 906 905
f 905 915 916
f 917 994 906
f 906 916 917
f 3241 907 908
f 908 1228 3241
f 3240 909 907
f 907 3241 3240
f 3239 910 909
f 909 3240 3239
f 918 911 910
f 910 3239 918
f 919 912 911
f 911 918 919
f 920 913 912
f 912 919 920
f 921 914 913
f 913 920 921
f 3238 915 914
f 914 921 3238
f 922 916 915
f 915 3238 922
f 923 917 916
f 916 922 923
f 924 630 541
f 541 836 924
f 925 926 630
f 630 924 925
f 927 631 926
f 926 925 927
f 928 929 631
f 631 927 928
f 930 931 929
f 929 928 930
f 932 632 931
f 931 930 932
f 933 934 632
f 632 932 933
f 935 633 934
f 934 933 935
f 936 634 633
f 633 935 936
f 1023 635 634
f 634 936 1023
f 937 924 836
f 836 846 937
f 938 925 924
f 924 937 938
f 939 927 925
f 925 938 939
f 940 928 927
f 927 939 940
f 941 930 928
f 928 940 941
f 942 932 930
f 930 941 942
f 943 933 932
f 932 942 943
f 944 935 933
f 933 943 944
f 945 936 935
f 935 944 945
f 1038 1023 936
f 936 945 1038
f 946 937 846
f 846 857 946
f 947 938 937
f 937 946 947
f 948 939 938
f 938 947 948
f 949 940 939
f 939 948 949
f 950 941 940
f 940 949 950
f 951 942 941
f 941 950 951
f 952 943 942
f 942 951 952
f 953 944 943
f 943 952 953
f 954 945 944
f 944 953 954
f 1048 1038 945
f 945 954 1048
f 955 946 857
f 857 867 955
f 956 947 946
f 946 955 956
f 957 948 947
f 947 956 957
f 958 949 948
f 948 957 958
f 959 950 949
f 949 958 959
f 960 951 950
f 950 959 960
f 961 952 951
f 951 960 961
f 962 953 952
f 952 961 962
f 963 954 953
f 953 962 963
f 1058 1048 954
f 954 963 1058
f 964 955 867
f 867 965 964
f 966 956 955
f 955 964 966
f 967 957 956
f 956 966 967
f 968 958 957
f 957 967 968
f 969 959 958
f 958 968 969
f 970 960 959
f 959 969 970
f 971 961 960
f 960 970 971
f 972 962 961
f 961 971 972
f 973 963 962
f 962 972 973
f 1069 1058 963
f 963 973 1069
f 974 964 965
f 965 975 974
f 976 966 964
f 964 974 976
f 977 967 966
f 966 976 977
f 978 968 967
f 967 977 978
f 979 969 968
f 968 978 979
f 980 970 969
f 969 979 980
f 981 971 970
f 970 980 981
f 982 972 971
f 971 981 982
f 983 973 972
f 972 982 983
f 1079 1069 973
f 973 983 1079
f 984 974 975
f 975 897 984
f 985 976 974
f 974 984 985
f 986 977 976
f 976 985 986
f 987 978 977
f 977 986 987
f 988 979 978
f 978 987 988
f 989 980 979
f 979 988 989
f 990 981 980
f 980 989 990
f 991 982 981
f 981 990 991
f 992 983 982
f 982 991 992
f 1089 1079 983
f 983 992 1089
f 993 984 897
f 897 994 993
f 995 985 984
f 984 993 995
f 996 986 985
f 985 995 996
f 997 987 986
f 986 996 997
f 998 988 987
f 987 997 998
f 999 989 988
f 988 998 999
f 1000 990 989
f 989 999 1000
f 1001 991 990
f 990 1000 1001
f 1002 992 991
f 991 1001 1002
f 1003 1089 992
f 992 1002 1003
f 1004 993 994
f 994 917 1004
f 1005 995 993
f 993 1004 1005
f 1006 996 995
f 995 1005 1006
f 1007 997 996
f 996 1006 1007
f 1008 998 997
f 997 1007 1008
f 1009 999 998
f 998 1008 1009
f 1010 1000 999
f 999 1009 1010
f 1011 1001 1000
f 1000 1010 1011
f 1012 1002 1001
f 1001 1011 1012
f 1109 1003 1002
f 1002 1012 1109
f 1013 1004 917
f 917 923 1013
f 3150 1005 1004
f 1004 1013 3150
f 1014 1006 1005
f 1005 3150 1014
f 1015 1007 1006
f 1006 1014 1015
f 1016 1008 1007
f 1007 1015 1016
f 1017 1009 1008
f 1008 1016 1017
f 1018 1010 1009
f 1009 1017 1018
f 1019 1011 1010
f 1010 1018 1019
f 1020 1012 1011
f 1011 1019 1020
f 1021 1109 1012
f 1012 1020 1021
f 1022 727 635
f 635 1023 1022
f 1024 1025 727
f 727 1022 1024
f 1026 728 1025
f 1025 1024 1026
f 1027 729 728
f 728 1026 1027
f 1028 1029 729
f 729 1027 1028
f 1030 1031 1029
f 1029 1028 1030
f 1032 1033 1031
f 1031 1030 1032
f 1034 1035 1033
f 1033 1032 1034
f 1036 730 1035
f 1035 1034 1036
f 1125 819 730
f 730 1036 1125
f 1037 1022 1023
f 1023 1038 1037
f 1039 1024 1022
f 1022 1037 1039
f 1040 1026 1024
f 1024 1039 1040
f 1041 1027 1026
f 1026 1040 1041
f 1042 1028 1027
f 1027 1041 1042
f 1043 1030 1028
f 1028 1042 1043
f 1044 1032 1030
f 1030 1043 1044
f 1045 1034 1032
f 1032 1044 1045
f 1046 1036 1034
f 1034 1045 1046
f 1141 1125 1036
f 1036 1046 1141
f 1047 1037 1038
f 1038 1048 1047
f 1049 1039 1037
f 1037 1047 1049
f 1050 1040 1039
f 1039 1049 1050
f 1051 1041 1040
f 1040 1050 1051
f 1052 1042 1041
f 1041 1051 1052
f 1053 1043 1042
f 1042 1052 1053
f 1054 1044 1043
f 1043 1053 1054
f 1055 1045 1044
f 1044 1054 1055
f 1056 1046 1045
f 1045 1055 1056
f 1152 1141 1046
f 1046 1056 1152
f 1057 1047 1048
f 1048 1058 1057
f 1059 1049 1047
f 1047 1057 1059
f 1060 1050 1049
f 1049 1059 1060
f 1061 1051 1050
f 1050 1060 1061
f 1062 1052 1051
f 1051 1061 1062
f 1063 1053 1052
f 1052 1062 1063
f 1064 1054 1053
f 1053 1063 1064
f 1065 1055 1054
f 1054 1064 1065
f 1066 1056 1055
f 1055 1065 1066
f 1067 1152 1056
f 1056 1066 1067
f 1068 1057 1058
f 1058 1069 1068
f 1070 1059 1057
f 1057 1068 1070
f 1071 1060 1059
f 1059 1070 1071
f 1072 1061 1060
f 1060 1071 1072
f 1073 1062 1061
f 1061 1072 1073
f 1074 1063 1062
f 1062 1073 1074
f 1075 1064 1063
f 1063 1074 1075
f 1076 1065 1064
f 1064 1075 1076
f 1077 1066 1065
f 1065 1076 1077
f 1172 1067 1066
f 1066 1077 1172
f 1078 1068 1069
f 1069 1079 1078
f 1080 1070 1068
f 1068 1078 1080
f 1081 1071 1070
f 1070 1080 1081
f 1082 1072 1071
f 1071 1081 1082
f 1083 1073 1072
f 1072 1082 1083
f 1084 1074 1073
f 1073 1083 1084
f 1085 1075 1074
f 1074 1084 1085
f 1086 1076 1075
f 1075 1085 1086
f 1087 1077 1076
f 1076 1086 1087
f 1183 1172 1077
f 1077 1087 1183
f 1088 1078 1079
f 1079 1089 1088
f 1090 1080 1078
f 1078 1088 1090
f 1091 1081 1080
f 1080 1090 1091
f 1092 1082 1081
f 1081 1091 1092
f 1093 1083 1082
f 1082 1092 1093
f 1094 1084 1083
f 1083 1093 1094
f 1095 1085 1084
f 1084 1094 1095
f 1096 1086 1085
f 1085 1095 1096
f 1097 1087 1086
f 1086 1096 1097
f 1193 1183 1087
f 1087 1097 1193
f 1098 1088 1089
f 1089 1003 1098
f 1099 1090 1088
f 1088 1098 1099
f 1100 1091 1090
f 1090 1099 1100
f 1101 1092 1091
f 1091 1100 1101
f 1102 1093 1092
f 1092 1101 1102
f 1103 1094 1093
f 1093 1102 1103
f 1104 1095 1094
f 1094 1103 1104
f 1105 1096 1095
f 1095 1104 1105
f 1106 1097 1096
f 1096 1105 1106
f 1107 1193 1097
f 1097 1106 1107
f 1108 1098 1003
f 1003 1109 1108
f 1110 1099 1098
f 1098 1108 1110
f 1111 1100 1099
f 1099 1110 1111
f 1112 1101 1100
f 1100 1111 1112
f 1113 1102 1101
f 1101 1112 1113
f 1114 1103 1102
f 1102 1113 1114
f 1115 1104 1103
f 1103 1114 1115
f 1116 1105 1104
f 1104 1115 1116
f 1117 1106 1105
f 1105 1116 1117
f 1118 1107 1106
f 1106 1117 1118
f 3057 1108 1109
f 1109 1021 3057
f 1119 1110 1108
f 1108 3057 1119
f 1120 1111 1110
f 1110 1119 1120
f 1121 1112 1111
f 1111 1120 1121
f 1122 1113 1112
f 1112 1121 1122
f 1123 1114 1113
f 1113 1122 1123
f 3056 1115 1114
f 1114 1123 3056
f 3055 1116 1115
f 1115 3056 3055
f 3054 1117 1116
f 1116 3055 3054
f 1222 1118 1117
f 1117 3054 1222
f 1124 818 819
f 819 1125 1124
f 1126 1127 818
f 818 1124 1126
f 1128 1129 1127
f 1127 1126 1128
f 1130 820 1129
f 1129 1128 1130
f 1131 1132 820
f 820 1130 1131
f 1133 821 1132
f 1132 1131 1133
f 1134 1135 821
f 821 1133 1134
f 1136 822 1135
f 1135 1134 1136
f 1137 1138 822
f 822 1136 1137
f 1139 536 1138
f 1138 1137 1139
f 1140 1124 1125
f 1125 1141 1140
f 1142 1126 1124
f 1124 1140 1142
f 1143 1128 1126
f 1126 1142 1143
f 1144 1130 1128
f 1128 1143 1144
f 1145 1131 1130
f 1130 1144 1145
f 1146 1133 1131
f 1131 1145 1146
f 1147 1134 1133
f 1133 1146 1147
f 1148 1136 1134
f 1134 1147 1148
f 1149 1137 1136
f 1136 1148 1149
f 1150 1139 1137
f 1137 1149 1150
f 1151 1140 1141
f 1141 1152 1151
f 1153 1142 1140
f 1140 1151 1153
f 1154 1143 1142
f 1142 1153 1154
f 1155 1144 1143
f 1143 1154 1155
f 1156 1145 1144
f 1144 1155 1156
f 1157 1146 1145
f 1145 1156 1157
f 1158 1147 1146
f 1146 1157 1158
f 1159 1148 1147
f 1147 1158 1159
f 1160 1149 1148
f 1148 1159 1160
f 848 1150 1149
f 1149 1160 848
f 1161 1151 1152
f 1152 1067 1161
f 1162 1153 1151
f 1151 1161 1162
f 1163 1154 1153
f 1153 1162 1163
f 1164 1155 1154
f 1154 1163 1164
f 1165 1156 1155
f 1155 1164 1165
f 1166 1157 1156
f 1156 1165 1166
f 1167 1158 1157
f 1157 1166 1167
f 1168 1159 1158
f 1158 1167 1168
f 1169 1160 1159
f 1159 1168 1169
f 1170 848 1160
f 1160 1169 1170
f 1171 1161 1067
f 1067 1172 1171
f 1173 1162 1161
f 1161 1171 1173
f 1174 1163 1162
f 1162 1173 1174
f 1175 1164 1163
f 1163 1174 1175
f 1176 1165 1164
f 1164 1175 1176
f 1177 1166 1165
f 1165 1176 1177
f 1178 1167 1166
f 1166 1177 1178
f 1179 1168 1167
f 1167 1178 1179
f 1180 1169 1168
f 1168 1179 1180
f 1181 1170 1169
f 1169 1180 1181
f 1182 1171 1172
f 1172 1183 1182
f 1184 1173 1171
f 1171 1182 1184
f 1185 1174 1173
f 1173 1184 1185
f 1186 1175 1174
f 1174 1185 1186
f 1187 1176 1175
f 1175 1186 1187
f 1188 1177 1176
f 1176 1187 1188
f 1189 1178 1177
f 1177 1188 1189
f 1190 1179 1178
f 1178 1189 1190
f 1191 1180 1179
f 1179 1190 1191
f 878 1181 1180
f 1180 1191 878
f 1192 1182 1183
f 1183 1193 1192
f 1194 1184 1182
f 1182 1192 1194
f 1195 1185 1184
f 1184 1194 1195
f 1196 1186 1185
f 1185 1195 1196
f 1197 1187 1186
f 1186 1196 1197
f 1198 1188 1187
f 1187 1197 1198
f 1199 1189 1188
f 1188 1198 1199
f 1200 1190 1189
f 1189 1199 1200
f 1201 1191 1190
f 1190 1200 1201
f 888 878 1191
f 1191 1201 888
f 1202 1192 1193
f 1193 1107 1202
f 1203 1194 1192
f 1192 1202 1203
f 1204 1195 1194
f 1194 1203 1204
f 1205 1196 1195
f 1195 1204 1205
f 1206 1197 1196
f 1196 1205 1206
f 1207 1198 1197
f 1197 1206 1207
f 1208 1199 1198
f 1198 1207 1208
f 1209 1200 1199
f 1199 1208 1209
f 1210 1201 1200
f 1200 1209 1210
f 1211 888 1201
f 1201 1210 1211
f 1212 1202 1107
f 1107 1118 1212
f 1213 1203 1202
f 1202 1212 1213
f 1214 1204 1203
f 1203 1213 1214
f 1215 1205 1204
f 1204 1214 1215
f 1216 1206 1205
f 1205 1215 1216
f 1217 1207 1206
f 1206 1216 1217
f 1218 1208 1207
f 1207 1217 1218
f 1219 1209 1208
f 1208 1218 1219
f 1220 1210 1209
f 1209 1219 1220
f 908 1211 1210
f 1210 1220 908
f 1221 1212 1118
f 1118 1222 1221
f 1223 1213 1212
f 1212 1221 1223
f 2961 1214 1213
f 1213 1223 2961
f 1224 1215 1214
f 1214 2961 1224
f 1225 1216 1215
f 1215 1224 1225
f 2960 1217 1216
f 1216 1225 2960
f 1226 1218 1217
f 1217 2960 1226
f 2959 1219 1218
f 1218 1226 2959
f 1227 1220 1219
f 1219 2959 1227
f 1228 908 1220
f 1220 1227 1228
f 1229 1230 1231
f 1231 1232 1229
f 1233 1234 1230
f 1230 1229 1233
f 1235 1236 1234
f 1234 1233 1235
f 1237 1238 1236
f 1236 1235 1237
f 1239 1240 1238
f 1238 1237 1239
f 1241 1242 1240
f 1240 1239 1241
f 1243 1244 1242
f 1242 1241 1243
f 1245 1246 1244
f 1244 1243 1245
f 1247 1248 1246
f 1246 1245 1247
f 1249 1250 1248
f 1248 1247 1249
f 1251 1229 1232
f 1232 1252 1251
f 1253 1233 1229
f 1229 1251 1253
f 1254 1235 1233
f 1233 1253 1254
f 1255 1237 1235
f 1235 1254 1255
f 1256 1239 1237
f 1237 1255 1256
f 1257 1241 1239
f 1239 1256 1257
f 1258 1243 1241
f 1241 1257 1258
f 1259 1245 1243
f 1243 1258 1259
f 1260 1247 1245
f 1245 1259 1260
f 1363 1249 1247
f 1247 1260 1363
f 1261 1251 1252
f 1252 1262 1261
f 1263 1253 1251
f 1251 1261 1263
f 1264 1254 1253
f 1253 1263 1264
f 1265 1255 1254
f 1254 1264 1265
f 1266 1256 1255
f 1255 1265 1266
f 1267 1257 1256
f 1256 1266 1267
f 1268 1258 1257
f 1257 1267 1268
f 1269 1259 1258
f 1258 1268 1269
f 1270 1260 1259
f 1259 1269 1270
f 1271 1363 1260
f 1260 1270 1271
f 1272 1261 1262
f 1262 1273 1272
f 1274 1263 1261
f 1261 1272 1274
f 1275 1264 1263
f 1263 1274 1275
f 1276 1265 1264
f 1264 1275 1276
f 1277 1266 1265
f 1265 1276 1277
f 1278 1267 1266
f 1266 1277 1278
f 1279 1268 1267
f 1267 1278 1279
f 1280 1269 1268
f 1268 1279 1280
f 1281 1270 1269
f 1269 1280 1281
f 1382 1271 1270
f 1270 1281 1382
f 1282 1272 1273
f 1273 1400 1282
f 1283 1274 1272
f 1272 1282 1283
f 1284 1275 1274
f 1274 1283 1284
f 1285 1276 1275
f 1275 1284 1285
f 1286 1277 1276
f 1276 1285 1286
f 1287 1278 1277
f 1277 1286 1287
f 1288 1279 1278
f 1278 1287 1288
f 1289 1280 1279
f 1279 1288 1289
f 1290 1281 1280
f 1280 1289 1290
f 1291 1382 1281
f 1281 1290 1291
f 1292 1282 1400
f 1400 1410 1292
f 1293 1283 1282
f 1282 1292 1293
f 1294 1284 1283
f 1283 1293 1294
f 1295 1285 1284
f 1284 1294 1295
f 1296 1286 1285
f 1285 1295 1296
f 1297 1287 1286
f 1286 1296 1297
f 1298 1288 1287
f 1287 1297 1298
f 1299 1289 1288
f 1288 1298 1299
f 1300 1290 1289
f 1289 1299 1300
f 1301 1291 1290
f 1290 1300 1301
f 1302 1292 1410
f 1410 1303 1302
f 1304 1293 1292
f 1292 1302 1304
f 1305 1294 1293
f 1293 1304 1305
f 1306 1295 1294
f 1294 1305 1306
f 1307 1296 1295
f 1295 1306 1307
f 1308 1297 1296
f 1296 1307 1308
f 1309 1298 1297
f 1297 1308 1309
f 1310 1299 1298
f 1298 1309 1310
f 1311 1300 1299
f 1299 1310 1311
f 1312 1301 1300
f 1300 1311 1312
f 1313 1302 1303
f 1303 1429 1313
f 1314 1304 1302
f 1302 1313 1314
f 1315 1305 1304
f 1304 1314 1315
f 1316 1306 1305
f 1305 1315 1316
f 1317 1307 1306
f 1306 1316 1317
f 1318 1308 1307
f 1307 1317 1318
f 1319 1309 1308
f 1308 1318 1319
f 1320 1310 1309
f 1309 1319 1320
f 1321 1311 1310
f 1310 1320 1321
f 1322 1312 1311
f 1311 1321 1322
f 1323 1313 1429
f 1429 1324 1323
f 1325 1314 1313
f 1313 1323 1325
f 1326 1315 1314
f 1314 1325 1326
f 1327 1316 1315
f 1315 1326 1327
f 1328 1317 1316
f 1316 1327 1328
f 1329 1318 1317
f 1317 1328 1329
f 1330 1319 1318
f 1318 1329 1330
f 1331 1320 1319
f 1319 1330 1331
f 1332 1321 1320
f 1320 1331 1332
f 1431 1322 1321
f 1321 1332 1431
f 1333 1323 1324
f 1324 1334 1333
f 1335 1325 1323
f 1323 1333 1335
f 1336 1326 1325
f 1325 1335 1336
f 1337 1327 1326
f 1326 1336 1337
f 1338 1328 1327
f 1327 1337 1338
f 1339 1329 1328
f 1328 1338 1339
f 1340 1330 1329
f 1329 1339 1340
f 1341 1331 1330
f 1330 1340 1341
f 1342 1332 1331
f 1331 1341 1342
f 1343 1431 1332
f 1332 1342 1343
f 1344 1345 1250
f 1250 1249 1344
f 1346 1347 1345
f 1345 1344 1346
f 1348 1349 1347
f 1347 1346 1348
f 1350 1351 1349
f 1349 1348 1350
f 1352 1353 1351
f 1351 1350 1352
f 1354 1355 1353
f 1353 1352 1354
f 1356 1357 1355
f 1355 1354 1356
f 1358 1359 1357
f 1357 1356 1358
f 1360 1361 1359
f 1359 1358 1360
f 1232 1231 1361
f 1361 1360 1232
f 1362 1344 1249
f 1249 1363 1362
f 1364 1346 1344
f 1344 1362 1364
f 1365 1348 1346
f 1346 1364 1365
f 1366 1350 1348
f 1348 1365 1366
f 1367 1352 1350
f 1350 1366 1367
f 1368 1354 1352
f 1352 1367 1368
f 1369 1356 1354
f 1354 1368 1369
f 1370 1358 1356
f 1356 1369 1370
f 1371 1360 1358
f 1358 1370 1371
f 1252 1232 1360
f 1360 1371 1252
f 1372 1362 1363
f 1363 1271 1372
f 1373 1364 1362
f 1362 1372 1373
f 1374 1365 1364
f 1364 1373 1374
f 1375 1366 1365
f 1365 1374 1375
f 1376 1367 1366
f 1366 1375 1376
f 1377 1368 1367
f 1367 1376 1377
f 1378 1369 1368
f 1368 1377 1378
f 1379 1370 1369
f 1369 1378 1379
f 1380 1371 1370
f 1370 1379 1380
f 1262 1252 1371
f 1371 1380 1262
f 1381 1372 1271
f 1271 1382 1381
f 1383 1373 1372
f 1372 1381 1383
f 1384 1374 1373
f 1373 1383 1384
f 1385 1375 1374
f 1374 1384 1385
f 1386 1376 1375
f 1375 1385 1386
f 1387 1377 1376
f 1376 1386 1387
f 1388 1378 1377
f 1377 1387 1388
f 1389 1379 1378
f 1378 1388 1389
f 1390 1380 1379
f 1379 1389 1390
f 1273 1262 1380
f 1380 1390 1273
f 1391 1381 1382
f 1382 1291 1391
f 1392 1383 1381
f 1381 1391 1392
f 1393 1384 1383
f 1383 1392 1393
f 1394 1385 1384
f 1384 1393 1394
f 1395 1386 1385
f 1385 1394 1395
f 1396 1387 1386
f 1386 1395 1396
f 1397 1388 1387
f 1387 1396 1397
f 1398 1389 1388
f 1388 1397 1398
f 1399 1390 1389
f 1389 1398 1399
f 1400 1273 1390
f 1390 1399 1400
f 1401 1391 1291
f 1291 1301 1401
f 1402 1392 1391
f 1391 1401 1402
f 1403 1393 1392
f 1392 1402 1403
f 1404 1394 1393
f 1393 1403 1404
f 1405 1395 1394
f 1394 1404 1405
f 1406 1396 1395
f 1395 1405 1406
f 1407 1397 1396
f 1396 1406 1407
f 1408 1398 1397
f 1397 1407 1408
f 1409 1399 1398
f 1398 1408 1409
f 1410 1400 1399
f 1399 1409 1410
f 1411 1401 1301
f 1301 1312 1411
f 1412 1402 1401
f 1401 1411 1412
f 1413 1403 1402
f 1402 1412 1413
f 1414 1404 1403
f 1403 1413 1414
f 1415 1405 1404
f 1404 1414 1415
f 1416 1406 1405
f 1405 1415 1416
f 1417 1407 1406
f 1406 1416 1417
f 1418 1408 1407
f 1407 1417 1418
f 1419 1409 1408
f 1408 1418 1419
f 1303 1410 1409
f 1409 1419 1303
f 1420 1411 1312
f 1312 1322 1420
f 1421 1412 1411
f 1411 1420 1421
f 1422 1413 1412
f 1412 1421 1422
f 1423 1414 1413
f 1413 1422 1423
f 1424 1415 1414
f 1414 1423 1424
f 1425 1416 1415
f 1415 1424 1425
f 1426 1417 1416
f 1416 1425 1426
f 1427 1418 1417
f 1417 1426 1427
f 1428 1419 1418
f 1418 1427 1428
f 1429 1303 1419
f 1419 1428 1429
f 1430 1420 1322
f 1322 1431 1430
f 1432 1421 1420
f 1420 1430 1432
f 1433 1422 1421
f 1421 1432 1433
f 1434 1423 1422
f 1422 1433 1434
f 1435 1424 1423
f 1423 1434 1435
f 1436 1425 1424
f 1424 1435 1436
f 1437 1426 1425
f 1425 1436 1437
f 1438 1427 1426
f 1426 1437 1438
f 1439 1428 1427
f 1427 1438 1439
f 1324 1429 1428
f 1428 1439 1324
f 1440 1430 1431
f 1431 1343 1440
f 1441 1432 1430
f 1430 1440 1441
f 1442 1433 1432
f 1432 1441 1442
f 1443 1434 1433
f 1433 1442 1443
f 1444 1435 1434
f 1434 1443 1444
f 1445 1436 1435
f 1435 1444 1445
f 1446 1437 1436
f 1436 1445 1446
f 1447 1438 1437
f 1437 1446 1447
f 1448 1439 1438
f 1438 1447 1448
f 1334 1324 1439
f 1439 1448 1334
f 1449 1333 1334
f 1334 1450 1449
f 1451 1335 1333
f 1333 1449 1451
f 1452 1336 1335
f 1335 1451 1452
f 1453 1337 1336
f 1336 1452 1453
f 1454 1338 1337
f 1337 1453 1454
f 1455 1339 1338
f 1338 1454 1455
f 1456 1340 1339
f 1339 1455 1456
f 1457 1341 1340
f 1340 1456 1457
f 1458 1342 1341
f 1341 1457 1458
f 1459 1343 1342
f 1342 1458 1459
f 1460 1449 1450
f 1450 1461 1460
f 1462 1451 1449
f 1449 1460 1462
f 1463 1452 1451
f 1451 1462 1463
f 1464 1453 1452
f 1452 1463 1464
f 1465 1454 1453
f 1453 1464 1465
f 1466 1455 1454
f 1454 1465 1466
f 1467 1456 1455
f 1455 1466 1467
f 1468 1457 1456
f 1456 1467 1468
f 1469 1458 1457
f 1457 1468 1469
f 1470 1459 1458
f 1458 1469 1470
f 1471 1460 1461
f 1461 1472 1471
f 1473 1462 1460
f 1460 1471 1473
f 1474 1463 1462
f 1462 1473 1474
f 1475 1464 1463
f 1463 1474 1475
f 1476 1465 1464
f 1464 1475 1476
f 1477 1466 1465
f 1465 1476 1477
f 1478 1467 1466
f 1466 1477 1478
f 1479 1468 1467
f 1467 1478 1479
f 1480 1469 1468
f 1468 1479 1480
f 1481 1470 1469
f 1469 1480 1481
f 1482 1471 1472
f 1472 1483 1482
f 1484 1473 1471
f 1471 1482 1484
f 1485 1474 1473
f 1473 1484 1485
f 1486 1475 1474
f 1474 1485 1486
f 1487 1476 1475
f 1475 1486 1487
f 1488 1477 1476
f 1476 1487 1488
f 1489 1478 1477
f 1477 1488 1489
f 1490 1479 1478
f 1478 1489 1490
f 1491 1480 1479
f 1479 1490 1491
f 1492 1481 1480
f 1480 1491 1492
f 1493 1482 1483
f 1483 1494 1493
f 1495 1484 1482
f 1482 1493 1495
f 1496 1485 1484
f 1484 1495 1496
f 1497 1486 1485
f 1485 1496 1497
f 1498 1487 1486
f 1486 1497 1498
f 1499 1488 1487
f 1487 1498 1499
f 1500 1489 1488
f 1488 1499 1500
f 1501 1490 1489
f 1489 1500 1501
f 1502 1491 1490
f 1490 1501 1502
f 1503 1492 1491
f 1491 1502 1503
f 1504 1493 1494
f 1494 1608 1504
f 1505 1495 1493
f 1493 1504 1505
f 1506 1496 1495
f 1495 1505 1506
f 1507 1497 1496
f 1496 1506 1507
f 1508 1498 1497
f 1497 1507 1508
f 1509 1499 1498
f 1498 1508 1509
f 1510 1500 1499
f 1499 1509 1510
f 1511 1501 1500
f 1500 1510 1511
f 1512 1502 1501
f 1501 1511 1512
f 1599 1503 1502
f 1502 1512 1599
f 1513 1504 1608
f 1608 1514 1513
f 1515 1505 1504
f 1504 1513 1515
f 1516 1506 1505
f 1505 1515 1516
f 1517 1507 1506
f 1506 1516 1517
f 1518 1508 1507
f 1507 1517 1518
f 1519 1509 1508
f 1508 1518 1519
f 1520 1510 1509
f 1509 1519 1520
f 1521 1511 1510
f 1510 1520 1521
f 1522 1512 1511
f 1511 1521 1522
f 1523 1599 1512
f 1512 1522 1523
f 1524 1513 1514
f 1514 1628 1524
f 1525 1515 1513
f 1513 1524 1525
f 1526 1516 1515
f 1515 1525 1526
f 1527 1517 1516
f 1516 1526 1527
f 1528 1518 1517
f 1517 1527 1528
f 1529 1519 1518
f 1518 1528 1529
f 1530 1520 1519
f 1519 1529 1530
f 1531 1521 1520
f 1520 1530 1531
f 1532 1522 1521
f 1521 1531 1532
f 1619 1523 1522
f 1522 1532 1619
f 1533 1524 1628
f 1628 1534 1533
f 1535 1525 1524
f 1524 1533 1535
f 1536 1526 1525
f 1525 1535 1536
f 1537 1527 1526
f 1526 1536 1537
f 1538 1528 1527
f 1527 1537 1538
f 1539 1529 1528
f 1528 1538 1539
f 1540 1530 1529
f 1529 1539 1540
f 1541 1531 1530
f 1530 1540 1541
f 1542 1532 1531
f 1531 1541 1542
f 1630 1619 1532
f 1532 1542 1630
f 1543 1533 1534
f 1534 635 1543
f 1544 1535 1533
f 1533 1543 1544
f 1545 1536 1535
f 1535 1544 1545
f 1546 1537 1536
f 1536 1545 1546
f 1547 1538 1537
f 1537 1546 1547
f 1548 1539 1538
f 1538 1547 1548
f 1549 1540 1539
f 1539 1548 1549
f 1550 1541 1540
f 1540 1549 1550
f 1551 1542 1541
f 1541 1550 1551
f 1552 1630 1542
f 1542 1551 1552
f 1553 1440 1343
f 1343 1459 1553
f 1554 1441 1440
f 1440 1553 1554
f 1555 1442 1441
f 1441 1554 1555
f 1556 1443 1442
f 1442 1555 1556
f 1557 1444 1443
f 1443 1556 1557
f 1558 1445 1444
f 1444 1557 1558
f 1559 1446 1445
f 1445 1558 1559
f 1560 1447 1446
f 1446 1559 1560
f 1561 1448 1447
f 1447 1560 1561
f 1450 1334 1448
f 1448 1561 1450
f 1562 1553 1459
f 1459 1470 1562
f 1563 1554 1553
f 1553 1562 1563
f 1564 1555 1554
f 1554 1563 1564
f 1565 1556 1555
f 1555 1564 1565
f 1566 1557 1556
f 1556 1565 1566
f 1567 1558 1557
f 1557 1566 1567
f 1568 1559 1558
f 1558 1567 1568
f 1569 1560 1559
f 1559 1568 1569
f 1570 1561 1560
f 1560 1569 1570
f 1461 1450 1561
f 1561 1570 1461
f 1571 1562 1470
f 1470 1481 1571
f 1572 1563 1562
f 1562 1571 1572
f 1573 1564 1563
f 1563 1572 1573
f 1574 1565 1564
f 1564 1573 1574
f 1575 1566 1565
f 1565 1574 1575
f 1576 1567 1566
f 1566 1575 1576
f 1577 1568 1567
f 1567 1576 1577
f 1578 1569 1568
f 1568 1577 1578
f 1579 1570 1569
f 1569 1578 1579
f 1472 1461 1570
f 1570 1579 1472
f 1580 1571 1481
f 1481 1492 1580
f 1581 1572 1571
f 1571 1580 1581
f 1582 1573 1572
f 1572 1581 1582
f 1583 1574 1573
f 1573 1582 1583
f 1584 1575 1574
f 1574 1583 1584
f 1585 1576 1575
f 1575 1584 1585
f 1586 1577 1576
f 1576 1585 1586
f 1587 1578 1577
f 1577 1586 1587
f 1588 1579 1578
f 1578 1587 1588
f 1483 1472 1579
f 1579 1588 1483
f 1589 1580 1492
f 1492 1503 1589
f 1590 1581 1580
f 1580 1589 1590
f 1591 1582 1581
f 1581 1590 1591
f 1592 1583 1582
f 1582 1591 1592
f 1593 1584 1583
f 1583 1592 1593
f 1594 1585 1584
f 1584 1593 1594
f 1595 1586 1585
f 1585 1594 1595
f 1596 1587 1586
f 1586 1595 1596
f 1597 1588 1587
f 1587 1596 1597
f 1494 1483 1588
f 1588 1597 1494
f 1598 1589 1503
f 1503 1599 1598
f 1600 1590 1589
f 1589 1598 1600
f 1601 1591 1590
f 1590 1600 1601
f 1602 1592 1591
f 1591 1601 1602
f 1603 1593 1592
f 1592 1602 1603
f 1604 1594 1593
f 1593 1603 1604
f 1605 1595 1594
f 1594 1604 1605
f 1606 1596 1595
f 1595 1605 1606
f 1607 1597 1596
f 1596 1606 1607
f 1608 1494 1597
f 1597 1607 1608
f 1609 1598 1599
f 1599 1523 1609
f 1610 1600 1598
f 1598 1609 1610
f 1611 1601 1600
f 1600 1610 1611
f 1612 1602 1601
f 1601 1611 1612
f 1613 1603 1602
f 1602 1612 1613
f 1614 1604 1603
f 1603 1613 1614
f 1615 1605 1604
f 1604 1614 1615
f 1616 1606 1605
f 1605 1615 1616
f 1617 1607 1606
f 1606 1616 1617
f 1514 1608 1607
f 1607 1617 1514
f 1618 1609 1523
f 1523 1619 1618
f 1620 1610 1609
f 1609 1618 1620
f 1621 1611 1610
f 1610 1620 1621
f 1622 1612 1611
f 1611 1621 1622
f 1623 1613 1612
f 1612 1622 1623
f 1624 1614 1613
f 1613 1623 1624
f 1625 1615 1614
f 1614 1624 1625
f 1626 1616 1615
f 1615 1625 1626
f 1627 1617 1616
f 1616 1626 1627
f 1628 1514 1617
f 1617 1627 1628
f 1629 1618 1619
f 1619 1630 1629
f 1631 1620 1618
f 1618 1629 1631
f 1632 1621 1620
f 1620 1631 1632
f 1633 1622 1621
f 1621 1632 1633
f 1634 1623 1622
f 1622 1633 1634
f 1635 1624 1623
f 1623 1634 1635
f 1636 1625 1624
f 1624 1635 1636
f 1637 1626 1625
f 1625 1636 1637
f 1638 1627 1626
f 1626 1637 1638
f 1534 1628 1627
f 1627 1638 1534
f 1639 1629 1630
f 1630 1552 1639
f 1640 1631 1629
f 1629 1639 1640
f 1641 1632 1631
f 1631 1640 1641
f 1642 1633 1632
f 1632 1641 1642
f 1643 1634 1633
f 1633 1642 1643
f 1644 1635 1634
f 1634 1643 1644
f 1645 1636 1635
f 1635 1644 1645
f 1646 1637 1636
f 1636 1645 1646
f 1647 1638 1637
f 1637 1646 1647
f 635 1534 1638
f 1638 1647 635
f 1648 1649 1650
f 1650 1651 1648
f 1652 1653 1649
f 1649 1648 1652
f 1654 1655 1653
f 1653 1652 1654
f 1656 1657 1655
f 1655 1654 1656
f 1658 1659 1657
f 1657 1656 1658
f 1660 1661 1659
f 1659 1658 1660
f 1662 1663 1661
f 1661 1660 1662
f 1664 1665 1663
f 1663 1662 1664
f 1666 1667 1665
f 1665 1664 1666
f 1668 1669 1667
f 1667 1666 1668
f 1670 1648 1651
f 1651 1671 1670
f 1672 1652 1648
f 1648 1670 1672
f 1673 1654 1652
f 1652 1672 1673
f 1674 1656 1654
f 1654 1673 1674
f 1675 1658 1656
f 1656 1674 1675
f 1676 1660 1658
f 1658 1675 1676
f 1677 1662 1660
f 1660 1676 1677
f 1678 1664 1662
f 1662 1677 1678
f 1679 1666 1664
f 1664 1678 1679
f 1771 1668 1666
f 1666 1679 1771
f 1680 1670 1671
f 1671 1681 1680
f 1682 1672 1670
f 1670 1680 1682
f 1683 1673 1672
f 1672 1682 1683
f 1684 1674 1673
f 1673 1683 1684
f 1685 1675 1674
f 1674 1684 1685
f 1686 1676 1675
f 1675 1685 1686
f 1687 1677 1676
f 1676 1686 1687
f 1688 1678 1677
f 1677 1687 1688
f 1689 1679 1678
f 1678 1688 1689
f 1781 1771 1679
f 1679 1689 1781
f 1690 1680 1681
f 1681 1691 1690
f 1692 1682 1680
f 1680 1690 1692
f 1693 1683 1682
f 1682 1692 1693
f 1694 1684 1683
f 1683 1693 1694
f 1695 1685 1684
f 1684 1694 1695
f 1696 1686 1685
f 1685 1695 1696
f 1697 1687 1686
f 1686 1696 1697
f 1698 1688 1687
f 1687 1697 1698
f 1699 1689 1688
f 1688 1698 1699
f 1700 1781 1689
f 1689 1699 1700
f 1701 1690 1691
f 1691 1702 1701
f 1703 1692 1690
f 1690 1701 1703
f 1704 1693 1692
f 1692 1703 1704
f 1705 1694 1693
f 1693 1704 1705
f 1706 1695 1694
f 1694 1705 1706
f 1707 1696 1695
f 1695 1706 1707
f 1708 1697 1696
f 1696 1707 1708
f 1709 1698 1697
f 1697 1708 1709
f 1710 1699 1698
f 1698 1709 1710
f 1711 1700 1699
f 1699 1710 1711
f 1712 1701 1702
f 1702 1818 1712
f 1713 1703 1701
f 1701 1712 1713
f 1714 1704 1703
f 1703 1713 1714
f 1715 1705 1704
f 1704 1714 1715
f 1716 1706 1705
f 1705 1715 1716
f 1717 1707 1706
f 1706 1716 1717
f 1718 1708 1707
f 1707 1717 1718
f 1719 1709 1708
f 1708 1718 1719
f 1720 1710 1709
f 1709 1719 1720
f 1809 1711 1710
f 1710 1720 1809
f 1721 1712 1818
f 1818 1829 1721
f 1722 1713 1712
f 1712 1721 1722
f 1723 1714 1713
f 1713 1722 1723
f 1724 1715 1714
f 1714 1723 1724
f 1725 1716 1715
f 1715 1724 1725
f 1726 1717 1716
f 1716 1725 1726
f 1727 1718 1717
f 1717 1726 1727
f 1728 1719 1718
f 1718 1727 1728
f 1729 1720 1719
f 1719 1728 1729
f 1820 1809 1720
f 1720 1729 1820
f 1730 1721 1829
f 1829 1731 1730
f 1732 1722 1721
f 1721 1730 1732
f 1733 1723 1722
f 1722 1732 1733
f 1734 1724 1723
f 1723 1733 1734
f 1735 1725 1724
f 1724 1734 1735
f 1736 1726 1725
f 1725 1735 1736
f 1737 1727 1726
f 1726 1736 1737
f 1738 1728 1727
f 1727 1737 1738
f 1739 1729 1728
f 1728 1738 1739
f 1740 1820 1729
f 1729 1739 1740
f 1741 1730 1731
f 1731 1742 1741
f 1743 1732 1730
f 1730 1741 1743
f 1744 1733 1732
f 1732 1743 1744
f 1745 1734 1733
f 1733 1744 1745
f 1746 1735 1734
f 1734 1745 1746
f 1747 1736 1735
f 1735 1746 1747
f 1748 1737 1736
f 1736 1747 1748
f 1749 1738 1737
f 1737 1748 1749
f 1750 1739 1738
f 1738 1749 1750
f 1840 1740 1739
f 1739 1750 1840
f 1860 1741 1742
f 1742 1861 1860
f 1864 1743 1741
f 1741 1860 1864
f 1866 1744 1743
f 1743 1864 1866
f 1868 1745 1744
f 1744 1866 1868
f 1870 1746 1745
f 1745 1868 1870
f 1872 1747 1746
f 1746 1870 1872
f 1874 1748 1747
f 1747 1872 1874
f 1876 1749 1748
f 1748 1874 1876
f 1751 1750 1749
f 1749 1876 1751
f 1850 1840 1750
f 1750 1751 1850
f 1752 1753 1669
f 1669 1668 1752
f 1754 1755 1753
f 1753 1752 1754
f 1756 1757 1755
f 1755 1754 1756
f 1758 1759 1757
f 1757 1756 1758
f 1760 1761 1759
f 1759 1758 1760
f 1762 1763 1761
f 1761 1760 1762
f 1764 1765 1763
f 1763 1762 1764
f 1766 1767 1765
f 1765 1764 1766
f 1768 1769 1767
f 1767 1766 1768
f 1651 1650 1769
f 1769 1768 1651
f 1770 1752 1668
f 1668 1771 1770
f 1772 1754 1752
f 1752 1770 1772
f 1773 1756 1754
f 1754 1772 1773
f 1774 1758 1756
f 1756 1773 1774
f 1775 1760 1758
f 1758 1774 1775
f 1776 1762 1760
f 1760 1775 1776
f 1777 1764 1762
f 1762 1776 1777
f 1778 1766 1764
f 1764 1777 1778
f 1779 1768 1766
f 1766 1778 1779
f 1671 1651 1768
f 1768 1779 1671
f 1780 1770 1771
f 1771 1781 1780
f 1782 1772 1770
f 1770 1780 1782
f 1783 1773 1772
f 1772 1782 1783
f 1784 1774 1773
f 1773 1783 1784
f 1785 1775 1774
f 1774 1784 1785
f 1786 1776 1775
f 1775 1785 1786
f 1787 1777 1776
f 1776 1786 1787
f 1788 1778 1777
f 1777 1787 1788
f 1789 1779 1778
f 1778 1788 1789
f 1681 1671 1779
f 1779 1789 1681
f 1790 1780 1781
f 1781 1700 1790
f 1791 1782 1780
f 1780 1790 1791
f 1792 1783 1782
f 1782 1791 1792
f 1793 1784 1783
f 1783 1792 1793
f 1794 1785 1784
f 1784 1793 1794
f 1795 1786 1785
f 1785 1794 1795
f 1796 1787 1786
f 1786 1795 1796
f 1797 1788 1787
f 1787 1796 1797
f 1798 1789 1788
f 1788 1797 1798
f 1691 1681 1789
f 1789 1798 1691
f 1799 1790 1700
f 1700 1711 1799
f 1800 1791 1790
f 1790 1799 1800
f 1801 1792 1791
f 1791 1800 1801
f 1802 1793 1792
f 1792 1801 1802
f 1803 1794 1793
f 1793 1802 1803
f 1804 1795 1794
f 1794 1803 1804
f 1805 1796 1795
f 1795 1804 1805
f 1806 1797 1796
f 1796 1805 1806
f 1807 1798 1797
f 1797 1806 1807
f 1702 1691 1798
f 1798 1807 1702
f 1808 1799 1711
f 1711 1809 1808
f 1810 1800 1799
f 1799 1808 1810
f 1811 1801 1800
f 1800 1810 1811
f 1812 1802 1801
f 1801 1811 1812
f 1813 1803 1802
f 1802 1812 1813
f 1814 1804 1803
f 1803 1813 1814
f 1815 1805 1804
f 1804 1814 1815
f 1816 1806 1805
f 1805 1815 1816
f 1817 1807 1806
f 1806 1816 1817
f 1818 1702 1807
f 1807 1817 1818
f 1819 1808 1809
f 1809 1820 1819
f 1821 1810 1808
f 1808 1819 1821
f 1822 1811 1810
f 1810 1821 1822
f 1823 1812 1811
f 1811 1822 1823
f 1824 1813 1812
f 1812 1823 1824
f 1825 1814 1813
f 1813 1824 1825
f 1826 1815 1814
f 1814 1825 1826
f 1827 1816 1815
f 1815 1826 1827
f 1828 1817 1816
f 1816 1827 1828
f 1829 1818 1817
f 1817 1828 1829
f 1830 1819 1820
f 1820 1740 1830
f 1831 1821 1819
f 1819 1830 1831
f 1832 1822 1821
f 1821 1831 1832
f 1833 1823 1822
f 1822 1832 1833
f 1834 1824 1823
f 1823 1833 1834
f 1835 1825 1824
f 1824 1834 1835
f 1836 1826 1825
f 1825 1835 1836
f 1837 1827 1826
f 1826 1836 1837
f 1838 1828 1827
f 1827 1837 1838
f 1731 1829 1828
f 1828 1838 1731
f 1839 1830 1740
f 1740 1840 1839
f 1841 1831 1830
f 1830 1839 1841
f 1842 1832 1831
f 1831 1841 1842
f 1843 1833 1832
f 1832 1842 1843
f 1844 1834 1833
f 1833 1843 1844
f 1845 1835 1834
f 1834 1844 1845
f 1846 1836 1835
f 1835 1845 1846
f 1847 1837 1836
f 1836 1846 1847
f 1848 1838 1837
f 1837 1847 1848
f 1742 1731 1838
f 1838 1848 1742
f 1849 1839 1840
f 1840 1850 1849
f 1851 1841 1839
f 1839 1849 1851
f 1852 1842 1841
f 1841 1851 1852
f 1853 1843 1842
f 1842 1852 1853
f 1854 1844 1843
f 1843 1853 1854
f 1855 1845 1844
f 1844 1854 1855
f 1856 1846 1845
f 1845 1855 1856
f 1857 1847 1846
f 1846 1856 1857
f 1858 1848 1847
f 1847 1857 1858
f 1861 1742 1848
f 1848 1858 1861
f 1859 1860 1861
f 1861 1862 1859
f 1863 1864 1860
f 1860 1859 1863
f 1865 1866 1864
f 1864 1863 1865
f 1867 1868 1866
f 1866 1865 1867
f 1869 1870 1868
f 1868 1867 1869
f 1871 1872 1870
f 1870 1869 1871
f 1873 1874 1872
f 1872 1871 1873
f 1875 1876 1874
f 1874 1873 1875
f 1877 1751 1876
f 1876 1875 1877
f 1878 1850 1751
f 1751 1877 1878
f 1879 1859 1862
f 1862 1880 1879
f 1881 1863 1859
f 1859 1879 1881
f 1882 1865 1863
f 1863 1881 1882
f 1883 1867 1865
f 1865 1882 1883
f 1884 1869 1867
f 1867 1883 1884
f 1885 1871 1869
f 1869 1884 1885
f 1886 1873 1871
f 1871 1885 1886
f 1887 1875 1873
f 1873 1886 1887
f 1888 1877 1875
f 1875 1887 1888
f 1889 1878 1877
f 1877 1888 1889
f 1890 1879 1880
f 1880 1891 1890
f 1892 1881 1879
f 1879 1890 1892
f 1893 1882 1881
f 1881 1892 1893
f 1894 1883 1882
f 1882 1893 1894
f 1895 1884 1883
f 1883 1894 1895
f 1896 1885 1884
f 1884 1895 1896
f 1897 1886 1885
f 1885 1896 1897
f 1898 1887 1886
f 1886 1897 1898
f 1899 1888 1887
f 1887 1898 1899
f 1900 1889 1888
f 1888 1899 1900
f 1901 1890 1891
f 1891 1902 1901
f 1903 1892 1890
f 1890 1901 1903
f 1904 1893 1892
f 1892 1903 1904
f 1905 1894 1893
f 1893 1904 1905
f 1906 1895 1894
f 1894 1905 1906
f 1907 1896 1895
f 1895 1906 1907
f 1908 1897 1896
f 1896 1907 1908
f 1909 1898 1897
f 1897 1908 1909
f 1910 1899 1898
f 1898 1909 1910
f 1911 1900 1899
f 1899 1910 1911
f 1912 1901 1902
f 1902 2018 1912
f 1913 1903 1901
f 1901 1912 1913
f 1914 1904 1903
f 1903 1913 1914
f 1915 1905 1904
f 1904 1914 1915
f 1916 1906 1905
f 1905 1915 1916
f 1917 1907 1906
f 1906 1916 1917
f 1918 1908 1907
f 1907 1917 1918
f 1919 1909 1908
f 1908 1918 1919
f 1920 1910 1909
f 1909 1919 1920
f 2009 1911 1910
f 1910 1920 2009
f 1921 1912 2018
f 2018 2029 1921
f 1922 1913 1912
f 1912 1921 1922
f 1923 1914 1913
f 1913 1922 1923
f 1924 1915 1914
f 1914 1923 1924
f 1925 1916 1915
f 1915 1924 1925
f 1926 1917 1916
f 1916 1925 1926
f 1927 1918 1917
f 1917 1926 1927
f 1928 1919 1918
f 1918 1927 1928
f 1929 1920 1919
f 1919 1928 1929
f 2020 2009 1920
f 1920 1929 2020
f 1930 1921 2029
f 2029 2040 1930
f 1931 1922 1921
f 1921 1930 1931
f 1932 1923 1922
f 1922 1931 1932
f 1933 1924 1923
f 1923 1932 1933
f 1934 1925 1924
f 1924 1933 1934
f 1935 1926 1925
f 1925 1934 1935
f 1936 1927 1926
f 1926 1935 1936
f 1937 1928 1927
f 1927 1936 1937
f 1938 1929 1928
f 1928 1937 1938
f 2031 2020 1929
f 1929 1938 2031
f 1939 1930 2040
f 2040 1940 1939
f 1941 1931 1930
f 1930 1939 1941
f 1942 1932 1931
f 1931 1941 1942
f 1943 1933 1932
f 1932 1942 1943
f 1944 1934 1933
f 1933 1943 1944
f 1945 1935 1934
f 1934 1944 1945
f 1946 1936 1935
f 1935 1945 1946
f 1947 1937 1936
f 1936 1946 1947
f 1948 1938 1937
f 1937 1947 1948
f 1949 2031 1938
f 1938 1948 1949
f 1950 1939 1940
f 1940 1951 1950
f 1952 1941 1939
f 1939 1950 1952
f 1953 1942 1941
f 1941 1952 1953
f 1954 1943 1942
f 1942 1953 1954
f 1955 1944 1943
f 1943 1954 1955
f 1956 1945 1944
f 1944 1955 1956
f 1957 1946 1945
f 1945 1956 1957
f 1958 1947 1946
f 1946 1957 1958
f 1959 1948 1947
f 1947 1958 1959
f 1960 1949 1948
f 1948 1959 1960
f 1961 1950 1951
f 1951 1962 1961
f 1963 1952 1950
f 1950 1961 1963
f 1964 1953 1952
f 1952 1963 1964
f 1965 1954 1953
f 1953 1964 1965
f 1966 1955 1954
f 1954 1965 1966
f 1967 1956 1955
f 1955 1966 1967
f 1968 1957 1956
f 1956 1967 1968
f 1969 1958 1957
f 1957 1968 1969
f 1970 1959 1958
f 1958 1969 1970
f 1971 1960 1959
f 1959 1970 1971
f 1972 1849 1850
f 1850 1878 1972
f 1973 1851 1849
f 1849 1972 1973
f 1974 1852 1851
f 1851 1973 1974
f 1975 1853 1852
f 1852 1974 1975
f 1976 1854 1853
f 1853 1975 1976
f 1977 1855 1854
f 1854 1976 1977
f 1978 1856 1855
f 1855 1977 1978
f 1979 1857 1856
f 1856 1978 1979
f 1980 1858 1857
f 1857 1979 1980
f 1862 1861 1858
f 1858 1980 1862
f 1981 1972 1878
f 1878 1889 1981
f 1982 1973 1972
f 1972 1981 1982
f 1983 1974 1973
f 1973 1982 1983
f 1984 1975 1974
f 1974 1983 1984
f 1985 1976 1975
f 1975 1984 1985
f 1986 1977 1976
f 1976 1985 1986
f 1987 1978 1977
f 1977 1986 1987
f 1988 1979 1978
f 1978 1987 1988
f 1989 1980 1979
f 1979 1988 1989
f 1880 1862 1980
f 1980 1989 1880
f 1990 1981 1889
f 1889 1900 1990
f 1991 1982 1981
f 1981 1990 1991
f 1992 1983 1982
f 1982 1991 1992
f 1993 1984 1983
f 1983 1992 1993
f 1994 1985 1984
f 1984 1993 1994
f 1995 1986 1985
f 1985 1994 1995
f 1996 1987 1986
f 1986 1995 1996
f 1997 1988 1987
f 1987 1996 1997
f 1998 1989 1988
f 1988 1997 1998
f 1891 1880 1989
f 1989 1998 1891
f 1999 1990 1900
f 1900 1911 1999
f 2000 1991 1990
f 1990 1999 2000
f 2001 1992 1991
f 1991 2000 2001
f 2002 1993 1992
f 1992 2001 2002
f 2003 1994 1993
f 1993 2002 2003
f 2004 1995 1994
f 1994 2003 2004
f 2005 1996 1995
f 1995 2004 2005
f 2006 1997 1996
f 1996 2005 2006
f 2007 1998 1997
f 1997 2006 2007
f 1902 1891 1998
f 1998 2007 1902
f 2008 1999 1911
f 1911 2009 2008
f 2010 2000 1999
f 1999 2008 2010
f 2011 2001 2000
f 2000 2010 2011
f 2012 2002 2001
f 2001 2011 2012
f 2013 2003 2002
f 2002 2012 2013
f 2014 2004 2003
f 2003 2013 2014
f 2015 2005 2004
f 2004 2014 2015
f 2016 2006 2005
f 2005 2015 2016
f 2017 2007 2006
f 2006 2016 2017
f 2018 1902 2007
f 2007 2017 2018
f 2019 2008 2009
f 2009 2020 2019
f 2021 2010 2008
f 2008 2019 2021
f 2022 2011 2010
f 2010 2021 2022
f 2023 2012 2011
f 2011 2022 2023
f 2024 2013 2012
f 2012 2023 2024
f 2025 2014 2013
f 2013 2024 2025
f 2026 2015 2014
f 2014 2025 2026
f 2027 2016 2015
f 2015 2026 2027
f 2028 2017 2016
f 2016 2027 2028
f 2029 2018 2017
f 2017 2028 2029
f 2030 2019 2020
f 2020 2031 2030
f 2032 2021 2019
f 2019 2030 2032
f 2033 2022 2021
f 2021 2032 2033
f 2034 2023 2022
f 2022 2033 2034
f 2035 2024 2023
f 2023 2034 2035
f 2036 2025 2024
f 2024 2035 2036
f 2037 2026 2025
f 2025 2036 2037
f 2038 2027 2026
f 2026 2037 2038
f 2039 2028 2027
f 2027 2038 2039
f 2040 2029 2028
f 2028 2039 2040
f 2041 2030 2031
f 2031 1949 2041
f 2042 2032 2030
f 2030 2041 2042
f 2043 2033 2032
f 2032 2042 2043
f 2044 2034 2033
f 2033 2043 2044
f 2045 2035 2034
f 2034 2044 2045
f 2046 2036 2035
f 2035 2045 2046
f 2047 2037 2036
f 2036 2046 2047
f 2048 2038 2037
f 2037 2047 2048
f 2049 2039 2038
f 2038 2048 2049
f 1940 2040 2039
f 2039 2049 1940
f 2050 2041 1949
f 1949 1960 2050
f 2051 2042 2041
f 2041 2050 2051
f 2052 2043 2042
f 2042 2051 2052
f 2053 2044 2043
f 2043 2052 2053
f 2054 2045 2044
f 2044 2053 2054
f 2055 2046 2045
f 2045 2054 2055
f 2056 2047 2046
f 2046 2055 2056
f 2057 2048 2047
f 2047 2056 2057
f 2058 2049 2048
f 2048 2057 2058
f 1951 1940 2049
f 2049 2058 1951
f 2059 2050 1960
f 1960 1971 2059
f 2060 2051 2050
f 2050 2059 2060
f 2061 2052 2051
f 2051 2060 2061
f 2062 2053 2052
f 2052 2061 2062
f 2063 2054 2053
f 2053 2062 2063
f 2064 2055 2054
f 2054 2063 2064
f 2065 2056 2055
f 2055 2064 2065
f 2066 2057 2056
f 2056 2065 2066
f 2067 2058 2057
f 2057 2066 2067
f 1962 1951 2058
f 2058 2067 1962
f 2068 2369 2069
f 2068 2069 2070
f 2068 2070 2071
f 2068 2071 2072
f 2068 2072 2073
f 2068 2073 2074
f 2068 2074 2075
f 2068 2075 2076
f 2068 2076 2077
f 2068 2077 2078
f 2079 2069 2369
f 2369 2080 2079
f 2081 2070 2069
f 2069 2079 2081
f 2082 2071 2070
f 2070 2081 2082
f 2083 2072 2071
f 2071 2082 2083
f 2084 2073 2072
f 2072 2083 2084
f 2085 2074 2073
f 2073 2084 2085
f 2086 2075 2074
f 2074 2085 2086
f 2087 2076 2075
f 2075 2086 2087
f 2088 2077 2076
f 2076 2087 2088
f 2089 2078 2077
f 2077 2088 2089
f 2090 2079 2080
f 2080 2091 2090
f 2092 2081 2079
f 2079 2090 2092
f 2093 2082 2081
f 2081 2092 2093
f 2094 2083 2082
f 2082 2093 2094
f 2095 2084 2083
f 2083 2094 2095
f 2096 2085 2084
f 2084 2095 2096
f 2097 2086 2085
f 2085 2096 2097
f 2098 2087 2086
f 2086 2097 2098
f 2099 2088 2087
f 2087 2098 2099
f 2192 2089 2088
f 2088 2099 2192
f 2100 2090 2091
f 2091 2101 2100
f 2102 2092 2090
f 2090 2100 2102
f 2103 2093 2092
f 2092 2102 2103
f 2104 2094 2093
f 2093 2103 2104
f 2105 2095 2094
f 2094 2104 2105
f 2106 2096 2095
f 2095 2105 2106
f 2107 2097 2096
f 2096 2106 2107
f 2108 2098 2097
f 2097 2107 2108
f 2109 2099 2098
f 2098 2108 2109
f 2110 2192 2099
f 2099 2109 2110
f 2111 2100 2101
f 2101 2112 2111
f 2113 2102 2100
f 2100 2111 2113
f 2114 2103 2102
f 2102 2113 2114
f 2115 2104 2103
f 2103 2114 2115
f 2116 2105 2104
f 2104 2115 2116
f 2117 2106 2105
f 2105 2116 2117
f 2118 2107 2106
f 2106 2117 2118
f 2119 2108 2107
f 2107 2118 2119
f 2120 2109 2108
f 2108 2119 2120
f 2121 2110 2109
f 2109 2120 2121
f 2122 2111 2112
f 2112 2123 2122
f 2124 2113 2111
f 2111 2122 2124
f 2125 2114 2113
f 2113 2124 2125
f 2126 2115 2114
f 2114 2125 2126
f 2127 2116 2115
f 2115 2126 2127
f 2128 2117 2116
f 2116 2127 2128
f 2129 2118 2117
f 2117 2128 2129
f 2130 2119 2118
f 2118 2129 2130
f 2131 2120 2119
f 2119 2130 2131
f 2132 2121 2120
f 2120 2131 2132
f 2133 2122 2123
f 2123 2134 2133
f 2135 2124 2122
f 2122 2133 2135
f 2136 2125 2124
f 2124 2135 2136
f 2137 2126 2125
f 2125 2136 2137
f 2138 2127 2126
f 2126 2137 2138
f 2139 2128 2127
f 2127 2138 2139
f 2140 2129 2128
f 2128 2139 2140
f 2141 2130 2129
f 2129 2140 2141
f 2142 2131 2130
f 2130 2141 2142
f 2143 2132 2131
f 2131 2142 2143
f 2144 2133 2134
f 2134 2145 2144
f 2146 2135 2133
f 2133 2144 2146
f 2147 2136 2135
f 2135 2146 2147
f 2148 2137 2136
f 2136 2147 2148
f 2149 2138 2137
f 2137 2148 2149
f 2150 2139 2138
f 2138 2149 2150
f 2151 2140 2139
f 2139 2150 2151
f 2152 2141 2140
f 2140 2151 2152
f 2153 2142 2141
f 2141 2152 2153
f 2154 2143 2142
f 2142 2153 2154
f 2155 2144 2145
f 2145 2156 2155
f 2157 2146 2144
f 2144 2155 2157
f 2158 2147 2146
f 2146 2157 2158
f 2159 2148 2147
f 2147 2158 2159
f 2160 2149 2148
f 2148 2159 2160
f 2161 2150 2149
f 2149 2160 2161
f 2162 2151 2150
f 2150 2161 2162
f 2163 2152 2151
f 2151 2162 2163
f 2164 2153 2152
f 2152 2163 2164
f 2165 2154 2153
f 2153 2164 2165
f 2166 2155 2156
f 2156 2448 2166
f 2167 2157 2155
f 2155 2166 2167
f 2453 2158 2157
f 2157 2167 2453
f 2455 2159 2158
f 2158 2453 2455
f 2168 2160 2159
f 2159 2455 2168
f 2169 2161 2160
f 2160 2168 2169
f 2170 2162 2161
f 2161 2169 2170
f 2460 2163 2162
f 2162 2170 2460
f 2171 2164 2163
f 2163 2460 2171
f 2463 2165 2164
f 2164 2171 2463
f 2068 2078 2172
f 2068 2172 2173
f 2068 2173 2174
f 2068 2174 2175
f 2068 2175 2176
f 2068 2176 2177
f 2068 2177 2178
f 2068 2178 2179
f 2068 2179 2180
f 2068 2180 2181
f 2182 2172 2078
f 2078 2089 2182
f 2183 2173 2172
f 2172 2182 2183
f 2184 2174 2173
f 2173 2183 2184
f 2185 2175 2174
f 2174 2184 2185
f 2186 2176 2175
f 2175 2185 2186
f 2187 2177 2176
f 2176 2186 2187
f 2188 2178 2177
f 2177 2187 2188
f 2189 2179 2178
f 2178 2188 2189
f 2190 2180 2179
f 2179 2189 2190
f 2276 2181 2180
f 2180 2190 2276
f 2191 2182 2089
f 2089 2192 2191
f 2193 2183 2182
f 2182 2191 2193
f 2194 2184 2183
f 2183 2193 2194
f 2195 2185 2184
f 2184 2194 2195
f 2196 2186 2185
f 2185 2195 2196
f 2197 2187 2186
f 2186 2196 2197
f 2198 2188 2187
f 2187 2197 2198
f 2199 2189 2188
f 2188 2198 2199
f 2200 2190 2189
f 2189 2199 2200
f 2201 2276 2190
f 2190 2200 2201
f 2202 2191 2192
f 2192 2110 2202
f 2203 2193 2191
f 2191 2202 2203
f 2204 2194 2193
f 2193 2203 2204
f 2205 2195 2194
f 2194 2204 2205
f 2206 2196 2195
f 2195 2205 2206
f 2207 2197 2196
f 2196 2206 2207
f 2208 2198 2197
f 2197 2207 2208
f 2209 2199 2198
f 2198 2208 2209
f 2210 2200 2199
f 2199 2209 2210
f 2296 2201 2200
f 2200 2210 2296
f 2211 2202 2110
f 2110 2121 2211
f 2212 2203 2202
f 2202 2211 2212
f 2213 2204 2203
f 2203 2212 2213
f 2214 2205 2204
f 2204 2213 2214
f 2215 2206 2205
f 2205 2214 2215
f 2216 2207 2206
f 2206 2215 2216
f 2217 2208 2207
f 2207 2216 2217
f 2218 2209 2208
f 2208 2217 2218
f 2219 2210 2209
f 2209 2218 2219
f 2306 2296 2210
f 2210 2219 2306
f 2220 2211 2121
f 2121 2132 2220
f 2221 2212 2211
f 2211 2220 2221
f 2222 2213 2212
f 2212 2221 2222
f 2223 2214 2213
f 2213 2222 2223
f 2224 2215 2214
f 2214 2223 2224
f 2225 2216 2215
f 2215 2224 2225
f 2226 2217 2216
f 2216 2225 2226
f 2227 2218 2217
f 2217 2226 2227
f 2228 2219 2218
f 2218 2227 2228
f 2229 2306 2219
f 2219 2228 2229
f 2230 2220 2132
f 2132 2143 2230
f 2231 2221 2220
f 2220 2230 2231
f 2232 2222 2221
f 2221 2231 2232
f 2233 2223 2222
f 2222 2232 2233
f 2234 2224 2223
f 2223 2233 2234
f 2235 2225 2224
f 2224 2234 2235
f 2236 2226 2225
f 2225 2235 2236
f 2237 2227 2226
f 2226 2236 2237
f 2238 2228 2227
f 2227 2237 2238
f 2239 2229 2228
f 2228 2238 2239
f 2240 2230 2143
f 2143 2154 2240
f 2241 2231 2230
f 2230 2240 2241
f 2242 2232 2231
f 2231 2241 2242
f 2243 2233 2232
f 2232 2242 2243
f 2244 2234 2233
f 2233 2243 2244
f 2245 2235 2234
f 2234 2244 2245
f 2246 2236 2235
f 2235 2245 2246
f 2247 2237 2236
f 2236 2246 2247
f 2248 2238 2237
f 2237 2247 2248
f 2249 2239 2238
f 2238 2248 2249
f 2250 2240 2154
f 2154 2165 2250
f 2251 2241 2240
f 2240 2250 2251
f 2252 2242 2241
f 2241 2251 2252
f 2253 2243 2242
f 2242 2252 2253
f 2254 2244 2243
f 2243 2253 2254
f 2255 2245 2244
f 2244 2254 2255
f 2256 2246 2245
f 2245 2255 2256
f 2257 2247 2246
f 2246 2256 2257
f 2258 2248 2247
f 2247 2257 2258
f 2259 2249 2248
f 2248 2258 2259
f 2556 2250 2165
f 2165 2463 2556
f 2260 2251 2250
f 2250 2556 2260
f 2261 2252 2251
f 2251 2260 2261
f 2262 2253 2252
f 2252 2261 2262
f 2263 2254 2253
f 2253 2262 2263
f 2562 2255 2254
f 2254 2263 2562
f 2564 2256 2255
f 2255 2562 2564
f 2264 2257 2256
f 2256 2564 2264
f 2265 2258 2257
f 2257 2264 2265
f 2658 2259 2258
f 2258 2265 2658
f 2068 2181 2266
f 2068 2266 2267
f 2068 2267 2268
f 2068 2268 2269
f 2068 2269 2270
f 2068 2270 2271
f 2068 2271 2272
f 2068 2272 2273
f 2068 2273 2274
f 2068 2274 2359
f 2275 2266 2181
f 2181 2276 2275
f 2277 2267 2266
f 2266 2275 2277
f 2278 2268 2267
f 2267 2277 2278
f 2279 2269 2268
f 2268 2278 2279
f 2280 2270 2269
f 2269 2279 2280
f 2281 2271 2270
f 2270 2280 2281
f 2282 2272 2271
f 2271 2281 2282
f 2283 2273 2272
f 2272 2282 2283
f 2284 2274 2273
f 2273 2283 2284
f 2285 2359 2274
f 2274 2284 2285
f 2286 2275 2276
f 2276 2201 2286
f 2287 2277 2275
f 2275 2286 2287
f 2288 2278 2277
f 2277 2287 2288
f 2289 2279 2278
f 2278 2288 2289
f 2290 2280 2279
f 2279 2289 2290
f 2291 2281 2280
f 2280 2290 2291
f 2292 2282 2281
f 2281 2291 2292
f 2293 2283 2282
f 2282 2292 2293
f 2294 2284 2283
f 2283 2293 2294
f 2380 2285 2284
f 2284 2294 2380
f 2295 2286 2201
f 2201 2296 2295
f 2297 2287 2286
f 2286 2295 2297
f 2298 2288 2287
f 2287 2297 2298
f 2299 2289 2288
f 2288 2298 2299
f 2300 2290 2289
f 2289 2299 2300
f 2301 2291 2290
f 2290 2300 2301
f 2302 2292 2291
f 2291 2301 2302
f 2303 2293 2292
f 2292 2302 2303
f 2304 2294 2293
f 2293 2303 2304
f 2390 2380 2294
f 2294 2304 2390
f 2305 2295 2296
f 2296 2306 2305
f 2307 2297 2295
f 2295 2305 2307
f 2308 2298 2297
f 2297 2307 2308
f 2309 2299 2298
f 2298 2308 2309
f 2310 2300 2299
f 2299 2309 2310
f 2311 2301 2300
f 2300 2310 2311
f 2312 2302 2301
f 2301 2311 2312
f 2313 2303 2302
f 2302 2312 2313
f 2314 2304 2303
f 2303 2313 2314
f 2315 2390 2304
f 2304 2314 2315
f 2316 2305 2306
f 2306 2229 2316
f 2317 2307 2305
f 2305 2316 2317
f 2318 2308 2307
f 2307 2317 2318
f 2319 2309 2308
f 2308 2318 2319
f 2320 2310 2309
f 2309 2319 2320
f 2321 2311 2310
f 2310 2320 2321
f 2322 2312 2311
f 2311 2321 2322
f 2323 2313 2312
f 2312 2322 2323
f 2324 2314 2313
f 2313 2323 2324
f 2409 2315 2314
f 2314 2324 2409
f 2325 2316 2229
f 2229 2239 2325
f 2326 2317 2316
f 2316 2325 2326
f 2327 2318 2317
f 2317 2326 2327
f 2328 2319 2318
f 2318 2327 2328
f 2329 2320 2319
f 2319 2328 2329
f 2330 2321 2320
f 2320 2329 2330
f 2331 2322 2321
f 2321 2330 2331
f 2332 2323 2322
f 2322 2331 2332
f 2333 2324 2323
f 2323 2332 2333
f 2419 2409 2324
f 2324 2333 2419
f 2334 2325 2239
f 2239 2249 2334
f 2335 2326 2325
f 2325 2334 2335
f 2336 2327 2326
f 2326 2335 2336
f 2337 2328 2327
f 2327 2336 2337
f 2338 2329 2328
f 2328 2337 2338
f 2339 2330 2329
f 2329 2338 2339
f 2340 2331 2330
f 2330 2339 2340
f 2341 2332 2331
f 2331 2340 2341
f 2342 2333 2332
f 2332 2341 2342
f 2429 2419 2333
f 2333 2342 2429
f 2343 2334 2249
f 2249 2259 2343
f 2344 2335 2334
f 2334 2343 2344
f 2345 2336 2335
f 2335 2344 2345
f 2346 2337 2336
f 2336 2345 2346
f 2347 2338 2337
f 2337 2346 2347
f 2348 2339 2338
f 2338 2347 2348
f 2349 2340 2339
f 2339 2348 2349
f 2350 2341 2340
f 2340 2349 2350
f 2351 2342 2341
f 2341 2350 2351
f 2352 2429 2342
f 2342 2351 2352
f 2353 2343 2259
f 2259 2658 2353
f 2354 2344 2343
f 2343 2353 2354
f 2661 2345 2344
f 2344 2354 2661
f 2663 2346 2345
f 2345 2661 2663
f 2355 2347 2346
f 2346 2663 2355
f 2666 2348 2347
f 2347 2355 2666
f 2356 2349 2348
f 2348 2666 2356
f 2357 2350 2349
f 2349 2356 2357
f 2358 2351 2350
f 2350 2357 2358
f 2761 2352 2351
f 2351 2358 2761
f 2068 2359 2360
f 2068 2360 2361
f 2068 2361 2362
f 2068 2362 2363
f 2068 2363 2364
f 2068 2364 2365
f 2068 2365 2366
f 2068 2366 2367
f 2068 2367 2368
f 2068 2368 2369
f 2370 2360 2359
f 2359 2285 2370
f 2371 2361 2360
f 2360 2370 2371
f 2372 2362 2361
f 2361 2371 2372
f 2373 2363 2362
f 2362 2372 2373
f 2374 2364 2363
f 2363 2373 2374
f 2375 2365 2364
f 2364 2374 2375
f 2376 2366 2365
f 2365 2375 2376
f 2377 2367 2366
f 2366 2376 2377
f 2378 2368 2367
f 2367 2377 2378
f 2080 2369 2368
f 2368 2378 2080
f 2379 2370 2285
f 2285 2380 2379
f 2381 2371 2370
f 2370 2379 2381
f 2382 2372 2371
f 2371 2381 2382
f 2383 2373 2372
f 2372 2382 2383
f 2384 2374 2373
f 2373 2383 2384
f 2385 2375 2374
f 2374 2384 2385
f 2386 2376 2375
f 2375 2385 2386
f 2387 2377 2376
f 2376 2386 2387
f 2388 2378 2377
f 2377 2387 2388
f 2091 2080 2378
f 2378 2388 2091
f 2389 2379 2380
f 2380 2390 2389
f 2391 2381 2379
f 2379 2389 2391
f 2392 2382 2381
f 2381 2391 2392
f 2393 2383 2382
f 2382 2392 2393
f 2394 2384 2383
f 2383 2393 2394
f 2395 2385 2384
f 2384 2394 2395
f 2396 2386 2385
f 2385 2395 2396
f 2397 2387 2386
f 2386 2396 2397
f 2398 2388 2387
f 2387 2397 2398
f 2101 2091 2388
f 2388 2398 2101
f 2399 2389 2390
f 2390 2315 2399
f 2400 2391 2389
f 2389 2399 2400
f 2401 2392 2391
f 2391 2400 2401
f 2402 2393 2392
f 2392 2401 2402
f 2403 2394 2393
f 2393 2402 2403
f 2404 2395 2394
f 2394 2403 2404
f 2405 2396 2395
f 2395 2404 2405
f 2406 2397 2396
f 2396 2405 2406
f 2407 2398 2397
f 2397 2406 2407
f 2112 2101 2398
f 2398 2407 2112
f 2408 2399 2315
f 2315 2409 2408
f 2410 2400 2399
f 2399 2408 2410
f 2411 2401 2400
f 2400 2410 2411
f 2412 2402 2401
f 2401 2411 2412
f 2413 2403 2402
f 2402 2412 2413
f 2414 2404 2403
f 2403 2413 2414
f 2415 2405 2404
f 2404 2414 2415
f 2416 2406 2405
f 2405 2415 2416
f 2417 2407 2406
f 2406 2416 2417
f 2123 2112 2407
f 2407 2417 2123
f 2418 2408 2409
f 2409 2419 2418
f 2420 2410 2408
f 2408 2418 2420
f 2421 2411 2410
f 2410 2420 2421
f 2422 2412 2411
f 2411 2421 2422
f 2423 2413 2412
f 2412 2422 2423
f 2424 2414 2413
f 2413 2423 2424
f 2425 2415 2414
f 2414 2424 2425
f 2426 2416 2415
f 2415 2425 2426
f 2427 2417 2416
f 2416 2426 2427
f 2134 2123 2417
f 2417 2427 2134
f 2428 2418 2419
f 2419 2429 2428
f 2430 2420 2418
f 2418 2428 2430
f 2431 2421 2420
f 2420 2430 2431
f 2432 2422 2421
f 2421 2431 2432
f 2433 2423 2422
f 2422 2432 2433
f 2434 2424 2423
f 2423 2433 2434
f 2435 2425 2424
f 2424 2434 2435
f 2436 2426 2425
f 2425 2435 2436
f 2437 2427 2426
f 2426 2436 2437
f 2145 2134 2427
f 2427 2437 2145
f 2438 2428 2429
f 2429 2352 2438
f 2439 2430 2428
f 2428 2438 2439
f 2440 2431 2430
f 2430 2439 2440
f 2441 2432 2431
f 2431 2440 2441
f 2442 2433 2432
f 2432 2441 2442
f 2443 2434 2433
f 2433 2442 2443
f 2444 2435 2434
f 2434 2443 2444
f 2445 2436 2435
f 2435 2444 2445
f 2446 2437 2436
f 2436 2445 2446
f 2156 2145 2437
f 2437 2446 2156
f 2760 2438 2352
f 2352 2761 2760
f 2763 2439 2438
f 2438 2760 2763
f 2447 2440 2439
f 2439 2763 2447
f 2766 2441 2440
f 2440 2447 2766
f 2768 2442 2441
f 2441 2766 2768
f 2770 2443 2442
f 2442 2768 2770
f 2772 2444 2443
f 2443 2770 2772
f 2774 2445 2444
f 2444 2772 2774
f 2776 2446 2445
f 2445 2774 2776
f 2448 2156 2446
f 2446 2776 2448
f 2449 2166 2448
f 2448 2450 2449
f 2451 2167 2166
f 2166 2449 2451
f 2452 2453 2167
f 2167 2451 2452
f 2454 2455 2453
f 2453 2452 2454
f 2456 2168 2455
f 2455 2454 2456
f 2457 2169 2168
f 2168 2456 2457
f 2458 2170 2169
f 2169 2457 2458
f 2459 2460 2170
f 2170 2458 2459
f 2461 2171 2460
f 2460 2459 2461
f 2462 2463 2171
f 2171 2461 2462
f 2464 2449 2450
f 2450 2787 2464
f 2465 2451 2449
f 2449 2464 2465
f 2466 2452 2451
f 2451 2465 2466
f 2467 2454 2452
f 2452 2466 2467
f 2468 2456 2454
f 2454 2467 2468
f 2469 2457 2456
f 2456 2468 2469
f 2470 2458 2457
f 2457 2469 2470
f 2471 2459 2458
f 2458 2470 2471
f 2472 2461 2459
f 2459 2471 2472
f 2473 2462 2461
f 2461 2472 2473
f 2474 2464 2787
f 2787 2797 2474
f 2475 2465 2464
f 2464 2474 2475
f 2476 2466 2465
f 2465 2475 2476
f 2477 2467 2466
f 2466 2476 2477
f 2478 2468 2467
f 2467 2477 2478
f 2479 2469 2468
f 2468 2478 2479
f 2480 2470 2469
f 2469 2479 2480
f 2481 2471 2470
f 2470 2480 2481
f 2482 2472 2471
f 2471 2481 2482
f 2483 2473 2472
f 2472 2482 2483
f 2484 2474 2797
f 2797 2808 2484
f 2485 2475 2474
f 2474 2484 2485
f 2486 2476 2475
f 2475 2485 2486
f 2487 2477 2476
f 2476 2486 2487
f 2488 2478 2477
f 2477 2487 2488
f 2489 2479 2478
f 2478 2488 2489
f 2490 2480 2479
f 2479 2489 2490
f 2491 2481 2480
f 2480 2490 2491
f 2492 2482 2481
f 2481 2491 2492
f 2493 2483 2482
f 2482 2492 2493
f 2494 2484 2808
f 2808 2818 2494
f 2495 2485 2484
f 2484 2494 2495
f 2496 2486 2485
f 2485 2495 2496
f 2497 2487 2486
f 2486 2496 2497
f 2498 2488 2487
f 2487 2497 2498
f 2499 2489 2488
f 2488 2498 2499
f 2500 2490 2489
f 2489 2499 2500
f 2501 2491 2490
f 2490 2500 2501
f 2502 2492 2491
f 2491 2501 2502
f 2503 2493 2492
f 2492 2502 2503
f 2504 2494 2818
f 2818 2829 2504
f 2505 2495 2494
f 2494 2504 2505
f 2506 2496 2495
f 2495 2505 2506
f 2507 2497 2496
f 2496 2506 2507
f 2508 2498 2497
f 2497 2507 2508
f 2509 2499 2498
f 2498 2508 2509
f 2510 2500 2499
f 2499 2509 2510
f 2511 2501 2500
f 2500 2510 2511
f 2512 2502 2501
f 2501 2511 2512
f 2513 2503 2502
f 2502 2512 2513
f 2514 2504 2829
f 2829 2840 2514
f 2515 2505 2504
f 2504 2514 2515
f 2516 2506 2505
f 2505 2515 2516
f 2517 2507 2506
f 2506 2516 2517
f 2518 2508 2507
f 2507 2517 2518
f 2519 2509 2508
f 2508 2518 2519
f 2520 2510 2509
f 2509 2519 2520
f 2521 2511 2510
f 2510 2520 2521
f 2522 2512 2511
f 2511 2521 2522
f 2523 2513 2512
f 2512 2522 2523
f 2524 2514 2840
f 2840 2525 2524
f 2526 2515 2514
f 2514 2524 2526
f 2527 2516 2515
f 2515 2526 2527
f 2528 2517 2516
f 2516 2527 2528
f 2529 2518 2517
f 2517 2528 2529
f 2530 2519 2518
f 2518 2529 2530
f 2531 2520 2519
f 2519 2530 2531
f 2532 2521 2520
f 2520 2531 2532
f 2533 2522 2521
f 2521 2532 2533
f 2534 2523 2522
f 2522 2533 2534
f 2535 2524 2525
f 2525 2536 2535
f 2537 2526 2524
f 2524 2535 2537
f 2538 2527 2526
f 2526 2537 2538
f 2539 2528 2527
f 2527 2538 2539
f 2540 2529 2528
f 2528 2539 2540
f 2541 2530 2529
f 2529 2540 2541
f 2542 2531 2530
f 2530 2541 2542
f 2543 2532 2531
f 2531 2542 2543
f 2544 2533 2532
f 2532 2543 2544
f 2545 2534 2533
f 2533 2544 2545
f 2546 2535 2536
f 2536 2868 2546
f 2547 2537 2535
f 2535 2546 2547
f 2548 2538 2537
f 2537 2547 2548
f 2549 2539 2538
f 2538 2548 2549
f 2550 2540 2539
f 2539 2549 2550
f 2551 2541 2540
f 2540 2550 2551
f 2552 2542 2541
f 2541 2551 2552
f 2553 2543 2542
f 2542 2552 2553
f 2554 2544 2543
f 2543 2553 2554
f 2647 2545 2544
f 2544 2554 2647
f 2555 2556 2463
f 2463 2462 2555
f 2557 2260 2556
f 2556 2555 2557
f 2558 2261 2260
f 2260 2557 2558
f 2559 2262 2261
f 2261 2558 2559
f 2560 2263 2262
f 2262 2559 2560
f 2561 2562 2263
f 2263 2560 2561
f 2563 2564 2562
f 2562 2561 2563
f 2565 2264 2564
f 2564 2563 2565
f 2566 2265 2264
f 2264 2565 2566
f 2567 2658 2265
f 2265 2566 2567
f 2568 2555 2462
f 2462 2473 2568
f 2569 2557 2555
f 2555 2568 2569
f 2570 2558 2557
f 2557 2569 2570
f 2571 2559 2558
f 2558 2570 2571
f 2572 2560 2559
f 2559 2571 2572
f 2573 2561 2560
f 2560 2572 2573
f 2574 2563 2561
f 2561 2573 2574
f 2575 2565 2563
f 2563 2574 2575
f 2576 2566 2565
f 2565 2575 2576
f 2672 2567 2566
f 2566 2576 2672
f 2577 2568 2473
f 2473 2483 2577
f 2578 2569 2568
f 2568 2577 2578
f 2579 2570 2569
f 2569 2578 2579
f 2580 2571 2570
f 2570 2579 2580
f 2581 2572 2571
f 2571 2580 2581
f 2582 2573 2572
f 2572 2581 2582
f 2583 2574 2573
f 2573 2582 2583
f 2584 2575 2574
f 2574 2583 2584
f 2585 2576 2575
f 2575 2584 2585
f 2586 2672 2576
f 2576 2585 2586
f 2587 2577 2483
f 2483 2493 2587
f 2588 2578 2577
f 2577 2587 2588
f 2589 2579 2578
f 2578 2588 2589
f 2590 2580 2579
f 2579 2589 2590
f 2591 2581 2580
f 2580 2590 2591
f 2592 2582 2581
f 2581 2591 2592
f 2593 2583 2582
f 2582 2592 2593
f 2594 2584 2583
f 2583 2593 2594
f 2595 2585 2584
f 2584 2594 2595
f 2692 2586 2585
f 2585 2595 2692
f 2596 2587 2493
f 2493 2503 2596
f 2597 2588 2587
f 2587 2596 2597
f 2598 2589 2588
f 2588 2597 2598
f 2599 2590 2589
f 2589 2598 2599
f 2600 2591 2590
f 2590 2599 2600
f 2601 2592 2591
f 2591 2600 2601
f 2602 2593 2592
f 2592 2601 2602
f 2603 2594 2593
f 2593 2602 2603
f 2604 2595 2594
f 2594 2603 2604
f 2605 2692 2595
f 2595 2604 2605
f 2606 2596 2503
f 2503 2513 2606
f 2607 2597 2596
f 2596 2606 2607
f 2608 2598 2597
f 2597 2607 2608
f 2609 2599 2598
f 2598 2608 2609
f 2610 2600 2599
f 2599 2609 2610
f 2611 2601 2600
f 2600 2610 2611
f 2612 2602 2601
f 2601 2611 2612
f 2613 2603 2602
f 2602 2612 2613
f 2614 2604 2603
f 2603 2613 2614
f 2615 2605 2604
f 2604 2614 2615
f 2616 2606 2513
f 2513 2523 2616
f 2617 2607 2606
f 2606 2616 2617
f 2618 2608 2607
f 2607 2617 2618
f 2619 2609 2608
f 2608 2618 2619
f 2620 2610 2609
f 2609 2619 2620
f 2621 2611 2610
f 2610 2620 2621
f 2622 2612 2611
f 2611 2621 2622
f 2623 2613 2612
f 2612 2622 2623
f 2624 2614 2613
f 2613 2623 2624
f 2625 2615 2614
f 2614 2624 2625
f 2626 2616 2523
f 2523 2534 2626
f 2627 2617 2616
f 2616 2626 2627
f 2628 2618 2617
f 2617 2627 2628
f 2629 2619 2618
f 2618 2628 2629
f 2630 2620 2619
f 2619 2629 2630
f 2631 2621 2620
f 2620 2630 2631
f 2632 2622 2621
f 2621 2631 2632
f 2633 2623 2622
f 2622 2632 2633
f 2634 2624 2623
f 2623 2633 2634
f 2635 2625 2624
f 2624 2634 2635
f 2636 2626 2534
f 2534 2545 2636
f 2637 2627 2626
f 2626 2636 2637
f 2638 2628 2627
f 2627 2637 2638
f 2639 2629 2628
f 2628 2638 2639
f 2640 2630 2629
f 2629 2639 2640
f 2641 2631 2630
f 2630 2640 2641
f 2642 2632 2631
f 2631 2641 2642
f 2643 2633 2632
f 2632 2642 2643
f 2644 2634 2633
f 2633 2643 2644
f 2645 2635 2634
f 2634 2644 2645
f 2646 2636 2545
f 2545 2647 2646
f 2648 2637 2636
f 2636 2646 2648
f 2649 2638 2637
f 2637 2648 2649
f 2650 2639 2638
f 2638 2649 2650
f 2651 2640 2639
f 2639 2650 2651
f 2652 2641 2640
f 2640 2651 2652
f 2653 2642 2641
f 2641 2652 2653
f 2654 2643 2642
f 2642 2653 2654
f 2655 2644 2643
f 2643 2654 2655
f 2656 2645 2644
f 2644 2655 2656
f 2657 2353 2658
f 2658 2567 2657
f 2659 2354 2353
f 2353 2657 2659
f 2660 2661 2354
f 2354 2659 2660
f 2662 2663 2661
f 2661 2660 2662
f 2664 2355 2663
f 2663 2662 2664
f 2665 2666 2355
f 2355 2664 2665
f 2667 2356 2666
f 2666 2665 2667
f 2668 2357 2356
f 2356 2667 2668
f 2669 2358 2357
f 2357 2668 2669
f 2670 2761 2358
f 2358 2669 2670
f 2671 2657 2567
f 2567 2672 2671
f 2673 2659 2657
f 2657 2671 2673
f 2674 2660 2659
f 2659 2673 2674
f 2675 2662 2660
f 2660 2674 2675
f 2676 2664 2662
f 2662 2675 2676
f 2677 2665 2664
f 2664 2676 2677
f 2678 2667 2665
f 2665 2677 2678
f 2679 2668 2667
f 2667 2678 2679
f 2680 2669 2668
f 2668 2679 2680
f 2778 2670 2669
f 2669 2680 2778
f 2681 2671 2672
f 2672 2586 2681
f 2682 2673 2671
f 2671 2681 2682
f 2683 2674 2673
f 2673 2682 2683
f 2684 2675 2674
f 2674 2683 2684
f 2685 2676 2675
f 2675 2684 2685
f 2686 2677 2676
f 2676 2685 2686
f 2687 2678 2677
f 2677 2686 2687
f 2688 2679 2678
f 2678 2687 2688
f 2689 2680 2679
f 2679 2688 2689
f 2690 2778 2680
f 2680 2689 2690
f 2691 2681 2586
f 2586 2692 2691
f 2693 2682 2681
f 2681 2691 2693
f 2694 2683 2682
f 2682 2693 2694
f 2695 2684 2683
f 2683 2694 2695
f 2696 2685 2684
f 2684 2695 2696
f 2697 2686 2685
f 2685 2696 2697
f 2698 2687 2686
f 2686 2697 2698
f 2699 2688 2687
f 2687 2698 2699
f 2700 2689 2688
f 2688 2699 2700
f 2799 2690 2689
f 2689 2700 2799
f 2701 2691 2692
f 2692 2605 2701
f 2702 2693 2691
f 2691 2701 2702
f 2703 2694 2693
f 2693 2702 2703
f 2704 2695 2694
f 2694 2703 2704
f 2705 2696 2695
f 2695 2704 2705
f 2706 2697 2696
f 2696 2705 2706
f 2707 2698 2697
f 2697 2706 2707
f 2708 2699 2698
f 2698 2707 2708
f 2709 2700 2699
f 2699 2708 2709
f 2710 2799 2700
f 2700 2709 2710
f 2711 2701 2605
f 2605 2615 2711
f 2712 2702 2701
f 2701 2711 2712
f 2713 2703 2702
f 2702 2712 2713
f 2714 2704 2703
f 2703 2713 2714
f 2715 2705 2704
f 2704 2714 2715
f 2716 2706 2705
f 2705 2715 2716
f 2717 2707 2706
f 2706 2716 2717
f 2718 2708 2707
f 2707 2717 2718
f 2719 2709 2708
f 2708 2718 2719
f 2820 2710 2709
f 2709 2719 2820
f 2720 2711 2615
f 2615 2625 2720
f 2721 2712 2711
f 2711 2720 2721
f 2722 2713 2712
f 2712 2721 2722
f 2723 2714 2713
f 2713 2722 2723
f 2724 2715 2714
f 2714 2723 2724
f 2725 2716 2715
f 2715 2724 2725
f 2726 2717 2716
f 2716 2725 2726
f 2727 2718 2717
f 2717 2726 2727
f 2728 2719 2718
f 2718 2727 2728
f 2831 2820 2719
f 2719 2728 2831
f 2729 2720 2625
f 2625 2635 2729
f 2730 2721 2720
f 2720 2729 2730
f 2731 2722 2721
f 2721 2730 2731
f 2732 2723 2722
f 2722 2731 2732
f 2733 2724 2723
f 2723 2732 2733
f 2734 2725 2724
f 2724 2733 2734
f 2735 2726 2725
f 2725 2734 2735
f 2736 2727 2726
f 2726 2735 2736
f 2737 2728 2727
f 2727 2736 2737
f 2738 2831 2728
f 2728 2737 2738
f 2739 2729 2635
f 2635 2645 2739
f 2740 2730 2729
f 2729 2739 2740
f 2741 2731 2730
f 2730 2740 2741
f 2742 2732 2731
f 2731 2741 2742
f 2743 2733 2732
f 2732 2742 2743
f 2744 2734 2733
f 2733 2743 2744
f 2745 2735 2734
f 2734 2744 2745
f 2746 2736 2735
f 2735 2745 2746
f 2747 2737 2736
f 2736 2746 2747
f 2748 2738 2737
f 2737 2747 2748
f 2749 2739 2645
f 2645 2656 2749
f 2750 2740 2739
f 2739 2749 2750
f 2751 2741 2740
f 2740 2750 2751
f 2752 2742 2741
f 2741 2751 2752
f 2753 2743 2742
f 2742 2752 2753
f 2754 2744 2743
f 2743 2753 2754
f 2755 2745 2744
f 2744 2754 2755
f 2756 2746 2745
f 2745 2755 2756
f 2757 2747 2746
f 2746 2756 2757
f 2758 2748 2747
f 2747 2757 2758
f 2759 2760 2761
f 2761 2670 2759
f 2762 2763 2760
f 2760 2759 2762
f 2764 2447 2763
f 2763 2762 2764
f 2765 2766 2447
f 2447 2764 2765
f 2767 2768 2766
f 2766 2765 2767
f 2769 2770 2768
f 2768 2767 2769
f 2771 2772 2770
f 2770 2769 2771
f 2773 2774 2772
f 2772 2771 2773
f 2775 2776 2774
f 2774 2773 2775
f 2450 2448 2776
f 2776 2775 2450
f 2777 2759 2670
f 2670 2778 2777
f 2779 2762 2759
f 2759 2777 2779
f 2780 2764 2762
f 2762 2779 2780
f 2781 2765 2764
f 2764 2780 2781
f 2782 2767 2765
f 2765 2781 2782
f 2783 2769 2767
f 2767 2782 2783
f 2784 2771 2769
f 2769 2783 2784
f 2785 2773 2771
f 2771 2784 2785
f 2786 2775 2773
f 2773 2785 2786
f 2787 2450 2775
f 2775 2786 2787
f 2788 2777 2778
f 2778 2690 2788
f 2789 2779 2777
f 2777 2788 2789
f 2790 2780 2779
f 2779 2789 2790
f 2791 2781 2780
f 2780 2790 2791
f 2792 2782 2781
f 2781 2791 2792
f 2793 2783 2782
f 2782 2792 2793
f 2794 2784 2783
f 2783 2793 2794
f 2795 2785 2784
f 2784 2794 2795
f 2796 2786 2785
f 2785 2795 2796
f 2797 2787 2786
f 2786 2796 2797
f 2798 2788 2690
f 2690 2799 2798
f 2800 2789 2788
f 2788 2798 2800
f 2801 2790 2789
f 2789 2800 2801
f 2802 2791 2790
f 2790 2801 2802
f 2803 2792 2791
f 2791 2802 2803
f 2804 2793 2792
f 2792 2803 2804
f 2805 2794 2793
f 2793 2804 2805
f 2806 2795 2794
f 2794 2805 2806
f 2807 2796 2795
f 2795 2806 2807
f 2808 2797 2796
f 2796 2807 2808
f 2809 2798 2799
f 2799 2710 2809
f 2810 2800 2798
f 2798 2809 2810
f 2811 2801 2800
f 2800 2810 2811
f 2812 2802 2801
f 2801 2811 2812
f 2813 2803 2802
f 2802 2812 2813
f 2814 2804 2803
f 2803 2813 2814
f 2815 2805 2804
f 2804 2814 2815
f 2816 2806 2805
f 2805 2815 2816
f 2817 2807 2806
f 2806 2816 2817
f 2818 2808 2807
f 2807 2817 2818
f 2819 2809 2710
f 2710 2820 2819
f 2821 2810 2809
f 2809 2819 2821
f 2822 2811 2810
f 2810 2821 2822
f 2823 2812 2811
f 2811 2822 2823
f 2824 2813 2812
f 2812 2823 2824
f 2825 2814 2813
f 2813 2824 2825
f 2826 2815 2814
f 2814 2825 2826
f 2827 2816 2815
f 2815 2826 2827
f 2828 2817 2816
f 2816 2827 2828
f 2829 2818 2817
f 2817 2828 2829
f 2830 2819 2820
f 2820 2831 2830
f 2832 2821 2819
f 2819 2830 2832
f 2833 2822 2821
f 2821 2832 2833
f 2834 2823 2822
f 2822 2833 2834
f 2835 2824 2823
f 2823 2834 2835
f 2836 2825 2824
f 2824 2835 2836
f 2837 2826 2825
f 2825 2836 2837
f 2838 2827 2826
f 2826 2837 2838
f 2839 2828 2827
f 2827 2838 2839
f 2840 2829 2828
f 2828 2839 2840
f 2841 2830 2831
f 2831 2738 2841
f 2842 2832 2830
f 2830 2841 2842
f 2843 2833 2832
f 2832 2842 2843
f 2844 2834 2833
f 2833 2843 2844
f 2845 2835 2834
f 2834 2844 2845
f 2846 2836 2835
f 2835 2845 2846
f 2847 2837 2836
f 2836 2846 2847
f 2848 2838 2837
f 2837 2847 2848
f 2849 2839 2838
f 2838 2848 2849
f 2525 2840 2839
f 2839 2849 2525
f 2850 2841 2738
f 2738 2748 2850
f 2851 2842 2841
f 2841 2850 2851
f 2852 2843 2842
f 2842 2851 2852
f 2853 2844 2843
f 2843 2852 2853
f 2854 2845 2844
f 2844 2853 2854
f 2855 2846 2845
f 2845 2854 2855
f 2856 2847 2846
f 2846 2855 2856
f 2857 2848 2847
f 2847 2856 2857
f 2858 2849 2848
f 2848 2857 2858
f 2536 2525 2849
f 2849 2858 2536
f 2859 2850 2748
f 2748 2758 2859
f 2860 2851 2850
f 2850 2859 2860
f 2861 2852 2851
f 2851 2860 2861
f 2862 2853 2852
f 2852 2861 2862
f 2863 2854 2853
f 2853 2862 2863
f 2864 2855 2854
f 2854 2863 2864
f 2865 2856 2855
f 2855 2864 2865
f 2866 2857 2856
f 2856 2865 2866
f 2867 2858 2857
f 2857 2866 2867
f 2868 2536 2858
f 2858 2867 2868
f 2869 3161 2870
f 2869 2870 2871
f 2869 2871 2872
f 2869 2872 2873
f 2869 2873 2874
f 2869 2874 2875
f 2869 2875 2876
f 2869 2876 2877
f 2869 2877 2878
f 2869 2878 2962
f 2879 2870 3161
f 3161 2880 2879
f 2881 2871 2870
f 2870 2879 2881
f 2882 2872 2871
f 2871 2881 2882
f 2883 2873 2872
f 2872 2882 2883
f 2884 2874 2873
f 2873 2883 2884
f 2885 2875 2874
f 2874 2884 2885
f 2886 2876 2875
f 2875 2885 2886
f 2887 2877 2876
f 2876 2886 2887
f 2888 2878 2877
f 2877 2887 2888
f 2889 2962 2878
f 2878 2888 2889
f 2890 2879 2880
f 2880 3180 2890
f 2891 2881 2879
f 2879 2890 2891
f 2892 2882 2881
f 2881 2891 2892
f 2893 2883 2882
f 2882 2892 2893
f 2894 2884 2883
f 2883 2893 2894
f 2895 2885 2884
f 2884 2894 2895
f 2896 2886 2885
f 2885 2895 2896
f 2897 2887 2886
f 2886 2896 2897
f 2898 2888 2887
f 2887 2897 2898
f 2899 2889 2888
f 2888 2898 2899
f 2900 2890 3180
f 3180 2901 2900
f 2902 2891 2890
f 2890 2900 2902
f 2903 2892 2891
f 2891 2902 2903
f 2904 2893 2892
f 2892 2903 2904
f 2905 2894 2893
f 2893 2904 2905
f 2906 2895 2894
f 2894 2905 2906
f 2907 2896 2895
f 2895 2906 2907
f 2908 2897 2896
f 2896 2907 2908
f 2909 2898 2897
f 2897 2908 2909
f 2993 2899 2898
f 2898 2909 2993
f 2910 2900 2901
f 2901 2911 2910
f 2912 2902 2900
f 2900 2910 2912
f 2913 2903 2902
f 2902 2912 2913
f 2914 2904 2903
f 2903 2913 2914
f 2915 2905 2904
f 2904 2914 2915
f 2916 2906 2905
f 2905 2915 2916
f 2917 2907 2906
f 2906 2916 2917
f 2918 2908 2907
f 2907 2917 2918
f 2919 2909 2908
f 2908 2918 2919
f 3004 2993 2909
f 2909 2919 3004
f 2920 2910 2911
f 2911 2921 2920
f 2922 2912 2910
f 2910 2920 2922
f 2923 2913 2912
f 2912 2922 2923
f 2924 2914 2913
f 2913 2923 2924
f 2925 2915 2914
f 2914 2924 2925
f 2926 2916 2915
f 2915 2925 2926
f 2927 2917 2916
f 2916 2926 2927
f 2928 2918 2917
f 2917 2927 2928
f 2929 2919 2918
f 2918 2928 2929
f 3015 3004 2919
f 2919 2929 3015
f 2930 2920 2921
f 2921 3218 2930
f 2931 2922 2920
f 2920 2930 2931
f 2932 2923 2922
f 2922 2931 2932
f 2933 2924 2923
f 2923 2932 2933
f 2934 2925 2924
f 2924 2933 2934
f 2935 2926 2925
f 2925 2934 2935
f 2936 2927 2926
f 2926 2935 2936
f 2937 2928 2927
f 2927 2936 2937
f 2938 2929 2928
f 2928 2937 2938
f 3025 3015 2929
f 2929 2938 3025
f 2939 2930 3218
f 3218 2940 2939
f 2941 2931 2930
f 2930 2939 2941
f 2942 2932 2931
f 2931 2941 2942
f 2943 2933 2932
f 2932 2942 2943
f 2944 2934 2933
f 2933 2943 2944
f 2945 2935 2934
f 2934 2944 2945
f 2946 2936 2935
f 2935 2945 2946
f 2947 2937 2936
f 2936 2946 2947
f 2948 2938 2937
f 2937 2947 2948
f 3035 3025 2938
f 2938 2948 3035
f 2949 2939 2940
f 2940 2950 2949
f 2951 2941 2939
f 2939 2949 2951
f 2952 2942 2941
f 2941 2951 2952
f 2953 2943 2942
f 2942 2952 2953
f 2954 2944 2943
f 2943 2953 2954
f 2955 2945 2944
f 2944 2954 2955
f 2956 2946 2945
f 2945 2955 2956
f 2957 2947 2946
f 2946 2956 2957
f 2958 2948 2947
f 2947 2957 2958
f 3045 3035 2948
f 2948 2958 3045
f 1227 2949 2950
f 2950 1228 1227
f 2959 2951 2949
f 2949 1227 2959
f 1226 2952 2951
f 2951 2959 1226
f 2960 2953 2952
f 2952 1226 2960
f 1225 2954 2953
f 2953 2960 1225
f 1224 2955 2954
f 2954 1225 1224
f 2961 2956 2955
f 2955 1224 2961
f 1223 2957 2956
f 2956 2961 1223
f 1221 2958 2957
f 2957 1223 1221
f 1222 3045 2958
f 2958 1221 1222
f 2869 2962 2963
f 2869 2963 2964
f 2869 2964 2965
f 2869 2965 2966
f 2869 2966 2967
f 2869 2967 2968
f 2869 2968 2969
f 2869 2969 2970
f 2869 2970 2971
f 2869 2971 2972
f 2973 2963 2962
f 2962 2889 2973
f 2974 2964 2963
f 2963 2973 2974
f 2975 2965 2964
f 2964 2974 2975
f 2976 2966 2965
f 2965 2975 2976
f 2977 2967 2966
f 2966 2976 2977
f 2978 2968 2967
f 2967 2977 2978
f 2979 2969 2968
f 2968 2978 2979
f 2980 2970 2969
f 2969 2979 2980
f 2981 2971 2970
f 2970 2980 2981
f 2982 2972 2971
f 2971 2981 2982
f 2983 2973 2889
f 2889 2899 2983
f 2984 2974 2973
f 2973 2983 2984
f 2985 2975 2974
f 2974 2984 2985
f 2986 2976 2975
f 2975 2985 2986
f 2987 2977 2976
f 2976 2986 2987
f 2988 2978 2977
f 2977 2987 2988
f 2989 2979 2978
f 2978 2988 2989
f 2990 2980 2979
f 2979 2989 2990
f 2991 2981 2980
f 2980 2990 2991
f 3078 2982 2981
f 2981 2991 3078
f 2992 2983 2899
f 2899 2993 2992
f 2994 2984 2983
f 2983 2992 2994
f 2995 2985 2984
f 2984 2994 2995
f 2996 2986 2985
f 2985 2995 2996
f 2997 2987 2986
f 2986 2996 2997
f 2998 2988 2987
f 2987 2997 2998
f 2999 2989 2988
f 2988 2998 2999
f 3000 2990 2989
f 2989 2999 3000
f 3001 2991 2990
f 2990 3000 3001
f 3002 3078 2991
f 2991 3001 3002
f 3003 2992 2993
f 2993 3004 3003
f 3005 2994 2992
f 2992 3003 3005
f 3006 2995 2994
f 2994 3005 3006
f 3007 2996 2995
f 2995 3006 3007
f 3008 2997 2996
f 2996 3007 3008
f 3009 2998 2997
f 2997 3008 3009
f 3010 2999 2998
f 2998 3009 3010
f 3011 3000 2999
f 2999 3010 3011
f 3012 3001 3000
f 3000 3011 3012
f 3013 3002 3001
f 3001 3012 3013
f 3014 3003 3004
f 3004 3015 3014
f 3016 3005 3003
f 3003 3014 3016
f 3017 3006 3005
f 3005 3016 3017
f 3018 3007 3006
f 3006 3017 3018
f 3019 3008 3007
f 3007 3018 3019
f 3020 3009 3008
f 3008 3019 3020
f 3021 3010 3009
f 3009 3020 3021
f 3022 3011 3010
f 3010 3021 3022
f 3023 3012 3011
f 3011 3022 3023
f 3108 3013 3012
f 3012 3023 3108
f 3024 3014 3015
f 3015 3025 3024
f 3026 3016 3014
f 3014 3024 3026
f 3027 3017 3016
f 3016 3026 3027
f 3028 3018 3017
f 3017 3027 3028
f 3029 3019 3018
f 3018 3028 3029
f 3030 3020 3019
f 3019 3029 3030
f 3031 3021 3020
f 3020 3030 3031
f 3032 3022 3021
f 3021 3031 3032
f 3033 3023 3022
f 3022 3032 3033
f 3119 3108 3023
f 3023 3033 3119
f 3034 3024 3025
f 3025 3035 3034
f 3036 3026 3024
f 3024 3034 3036
f 3037 3027 3026
f 3026 3036 3037
f 3038 3028 3027
f 3027 3037 3038
f 3039 3029 3028
f 3028 3038 3039
f 3040 3030 3029
f 3029 3039 3040
f 3041 3031 3030
f 3030 3040 3041
f 3042 3032 3031
f 3031 3041 3042
f 3043 3033 3032
f 3032 3042 3043
f 3130 3119 3033
f 3033 3043 3130
f 3044 3034 3035
f 3035 3045 3044
f 3046 3036 3034
f 3034 3044 3046
f 3047 3037 3036
f 3036 3046 3047
f 3048 3038 3037
f 3037 3047 3048
f 3049 3039 3038
f 3038 3048 3049
f 3050 3040 3039
f 3039 3049 3050
f 3051 3041 3040
f 3040 3050 3051
f 3052 3042 3041
f 3041 3051 3052
f 3053 3043 3042
f 3042 3052 3053
f 3140 3130 3043
f 3043 3053 3140
f 3054 3044 3045
f 3045 1222 3054
f 3055 3046 3044
f 3044 3054 3055
f 3056 3047 3046
f 3046 3055 3056
f 1123 3048 3047
f 3047 3056 1123
f 1122 3049 3048
f 3048 1123 1122
f 1121 3050 3049
f 3049 1122 1121
f 1120 3051 3050
f 3050 1121 1120
f 1119 3052 3051
f 3051 1120 1119
f 3057 3053 3052
f 3052 1119 3057
f 1021 3140 3053
f 3053 3057 1021
f 2869 2972 3058
f 2869 3058 3059
f 2869 3059 3060
f 2869 3060 3061
f 2869 3061 3062
f 2869 3062 3063
f 2869 3063 3064
f 2869 3064 3065
f 2869 3065 3066
f 2869 3066 3151
f 3067 3058 2972
f 2972 2982 3067
f 3068 3059 3058
f 3058 3067 3068
f 3069 3060 3059
f 3059 3068 3069
f 3070 3061 3060
f 3060 3069 3070
f 3071 3062 3061
f 3061 3070 3071
f 3072 3063 3062
f 3062 3071 3072
f 3073 3064 3063
f 3063 3072 3073
f 3074 3065 3064
f 3064 3073 3074
f 3075 3066 3065
f 3065 3074 3075
f 3076 3151 3066
f 3066 3075 3076
f 3077 3067 2982
f 2982 3078 3077
f 3079 3068 3067
f 3067 3077 3079
f 3080 3069 3068
f 3068 3079 3080
f 3081 3070 3069
f 3069 3080 3081
f 3082 3071 3070
f 3070 3081 3082
f 3083 3072 3071
f 3071 3082 3083
f 3084 3073 3072
f 3072 3083 3084
f 3085 3074 3073
f 3073 3084 3085
f 3086 3075 3074
f 3074 3085 3086
f 3087 3076 3075
f 3075 3086 3087
f 3088 3077 3078
f 3078 3002 3088
f 3089 3079 3077
f 3077 3088 3089
f 3090 3080 3079
f 3079 3089 3090
f 3091 3081 3080
f 3080 3090 3091
f 3092 3082 3081
f 3081 3091 3092
f 3093 3083 3082
f 3082 3092 3093
f 3094 3084 3083
f 3083 3093 3094
f 3095 3085 3084
f 3084 3094 3095
f 3096 3086 3085
f 3085 3095 3096
f 3182 3087 3086
f 3086 3096 3182
f 3097 3088 3002
f 3002 3013 3097
f 3098 3089 3088
f 3088 3097 3098
f 3099 3090 3089
f 3089 3098 3099
f 3100 3091 3090
f 3090 3099 3100
f 3101 3092 3091
f 3091 3100 3101
f 3102 3093 3092
f 3092 3101 3102
f 3103 3094 3093
f 3093 3102 3103
f 3104 3095 3094
f 3094 3103 3104
f 3105 3096 3095
f 3095 3104 3105
f 3106 3182 3096
f 3096 3105 3106
f 3107 3097 3013
f 3013 3108 3107
f 3109 3098 3097
f 3097 3107 3109
f 3110 3099 3098
f 3098 3109 3110
f 3111 3100 3099
f 3099 3110 3111
f 3112 3101 3100
f 3100 3111 3112
f 3113 3102 3101
f 3101 3112 3113
f 3114 3103 3102
f 3102 3113 3114
f 3115 3104 3103
f 3103 3114 3115
f 3116 3105 3104
f 3104 3115 3116
f 3117 3106 3105
f 3105 3116 3117
f 3118 3107 3108
f 3108 3119 3118
f 3120 3109 3107
f 3107 3118 3120
f 3121 3110 3109
f 3109 3120 3121
f 3122 3111 3110
f 3110 3121 3122
f 3123 3112 3111
f 3111 3122 3123
f 3124 3113 3112
f 3112 3123 3124
f 3125 3114 3113
f 3113 3124 3125
f 3126 3115 3114
f 3114 3125 3126
f 3127 3116 3115
f 3115 3126 3127
f 3128 3117 3116
f 3116 3127 3128
f 3129 3118 3119
f 3119 3130 3129
f 3131 3120 3118
f 3118 3129 3131
f 3132 3121 3120
f 3120 3131 3132
f 3133 3122 3121
f 3121 3132 3133
f 3134 3123 3122
f 3122 3133 3134
f 3135 3124 3123
f 3123 3134 3135
f 3136 3125 3124
f 3124 3135 3136
f 3137 3126 3125
f 3125 3136 3137
f 3138 3127 3126
f 3126 3137 3138
f 3220 3128 3127
f 3127 3138 3220
f 3139 3129 3130
f 3130 3140 3139
f 3141 3131 3129
f 3129 3139 3141
f 3142 3132 3131
f 3131 3141 3142
f 3143 3133 3132
f 3132 3142 3143
f 3144 3134 3133
f 3133 3143 3144
f 3145 3135 3134
f 3134 3144 3145
f 3146 3136 3135
f 3135 3145 3146
f 3147 3137 3136
f 3136 3146 3147
f 3148 3138 3137
f 3137 3147 3148
f 3149 3220 3138
f 3138 3148 3149
f 1020 3139 3140
f 3140 1021 1020
f 1019 3141 3139
f 3139 1020 1019
f 1018 3142 3141
f 3141 1019 1018
f 1017 3143 3142
f 3142 1018 1017
f 1016 3144 3143
f 3143 1017 1016
f 1015 3145 3144
f 3144 1016 1015
f 1014 3146 3145
f 3145 1015 1014
f 3150 3147 3146
f 3146 1014 3150
f 1013 3148 3147
f 3147 3150 1013
f 923 3149 3148
f 3148 1013 923
f 2869 3151 3152
f 2869 3152 3153
f 2869 3153 3154
f 2869 3154 3155
f 2869 3155 3156
f 2869 3156 3157
f 2869 3157 3158
f 2869 3158 3159
f 2869 3159 3160
f 2869 3160 3161
f 3162 3152 3151
f 3151 3076 3162
f 3163 3153 3152
f 3152 3162 3163
f 3164 3154 3153
f 3153 3163 3164
f 3165 3155 3154
f 3154 3164 3165
f 3166 3156 3155
f 3155 3165 3166
f 3167 3157 3156
f 3156 3166 3167
f 3168 3158 3157
f 3157 3167 3168
f 3169 3159 3158
f 3158 3168 3169
f 3170 3160 3159
f 3159 3169 3170
f 2880 3161 3160
f 3160 3170 2880
f 3171 3162 3076
f 3076 3087 3171
f 3172 3163 3162
f 3162 3171 3172
f 3173 3164 3163
f 3163 3172 3173
f 3174 3165 3164
f 3164 3173 3174
f 3175 3166 3165
f 3165 3174 3175
f 3176 3167 3166
f 3166 3175 3176
f 3177 3168 3167
f 3167 3176 3177
f 3178 3169 3168
f 3168 3177 3178
f 3179 3170 3169
f 3169 3178 3179
f 3180 2880 3170
f 3170 3179 3180
f 3181 3171 3087
f 3087 3182 3181
f 3183 3172 3171
f 3171 3181 3183
f 3184 3173 3172
f 3172 3183 3184
f 3185 3174 3173
f 3173 3184 3185
f 3186 3175 3174
f 3174 3185 3186
f 3187 3176 3175
f 3175 3186 3187
f 3188 3177 3176
f 3176 3187 3188
f 3189 3178 3177
f 3177 3188 3189
f 3190 3179 3178
f 3178 3189 3190
f 2901 3180 3179
f 3179 3190 2901
f 3191 3181 3182
f 3182 3106 3191
f 3192 3183 3181
f 3181 3191 3192
f 3193 3184 3183
f 3183 3192 3193
f 3194 3185 3184
f 3184 3193 3194
f 3195 3186 3185
f 3185 3194 3195
f 3196 3187 3186
f 3186 3195 3196
f 3197 3188 3187
f 3187 3196 3197
f 3198 3189 3188
f 3188 3197 3198
f 3199 3190 3189
f 3189 3198 3199
f 2911 2901 3190
f 3190 3199 2911
f 3200 3191 3106
f 3106 3117 3200
f 3201 3192 3191
f 3191 3200 3201
f 3202 3193 3192
f 3192 3201 3202
f 3203 3194 3193
f 3193 3202 3203
f 3204 3195 3194
f 3194 3203 3204
f 3205 3196 3195
f 3195 3204 3205
f 3206 3197 3196
f 3196 3205 3206
f 3207 3198 3197
f 3197 3206 3207
f 3208 3199 3198
f 3198 3207 3208
f 2921 2911 3199
f 3199 3208 2921
f 3209 3200 3117
f 3117 3128 3209
f 3210 3201 3200
f 3200 3209 3210
f 3211 3202 3201
f 3201 3210 3211
f 3212 3203 3202
f 3202 3211 3212
f 3213 3204 3203
f 3203 3212 3213
f 3214 3205 3204
f 3204 3213 3214
f 3215 3206 3205
f 3205 3214 3215
f 3216 3207 3206
f 3206 3215 3216
f 3217 3208 3207
f 3207 3216 3217
f 3218 2921 3208
f 3208 3217 3218
f 3219 3209 3128
f 3128 3220 3219
f 3221 3210 3209
f 3209 3219 3221
f 3222 3211 3210
f 3210 3221 3222
f 3223 3212 3211
f 3211 3222 3223
f 3224 3213 3212
f 3212 3223 3224
f 3225 3214 3213
f 3213 3224 3225
f 3226 3215 3214
f 3214 3225 3226
f 3227 3216 3215
f 3215 3226 3227
f 3228 3217 3216
f 3216 3227 3228
f 2940 3218 3217
f 3217 3228 2940
f 3229 3219 3220
f 3220 3149 3229
f 3230 3221 3219
f 3219 3229 3230
f 3231 3222 3221
f 3221 3230 3231
f 3232 3223 3222
f 3222 3231 3232
f 3233 3224 3223
f 3223 3232 3233
f 3234 3225 3224
f 3224 3233 3234
f 3235 3226 3225
f 3225 3234 3235
f 3236 3227 3226
f 3226 3235 3236
f 3237 3228 3227
f 3227 3236 3237
f 2950 2940 3228
f 3228 3237 2950
f 922 3229 3149
f 3149 923 922
f 3238 3230 3229
f 3229 922 3238
f 921 3231 3230
f 3230 3238 921
f 920 3232 3231
f 3231 921 920
f 919 3233 3232
f 3232 920 919
f 918 3234 3233
f 3233 919 918
f 3239 3235 3234
f 3234 918 3239
f 3240 3236 3235
f 3235 3239 3240
f 3241 3237 3236
f 3236 3240 3241
f 1228 2950 3237
f 3237 3241 1228
