# Canyon test level terrain: a heightfield, 3.20 m cells, 3774 triangles.
# Vertex colors by height and slope, texture coordinates for a detail texture
# (6 m across), and smooth normals. Generated by tools/gen_canyon_level.py.
# Placed whole at the origin; the engine carves it by the level's sectors.
v 6.400 11.409 6.400 0.580 0.550 0.360
v 9.600 11.614 6.400 0.580 0.550 0.360
v 12.800 12.554 6.400 0.580 0.550 0.360
v 16.000 11.888 6.400 0.580 0.550 0.360
v 19.200 12.306 6.400 0.580 0.550 0.360
v 22.400 12.565 6.400 0.580 0.550 0.360
v 25.600 12.559 6.400 0.580 0.550 0.360
v 28.800 11.369 6.400 0.580 0.550 0.360
v 32.000 11.597 6.400 0.580 0.550 0.360
v 35.200 11.490 6.400 0.580 0.550 0.360
v 38.400 12.564 6.400 0.580 0.550 0.360
v 41.600 11.600 6.400 0.580 0.550 0.360
v 44.800 12.046 6.400 0.580 0.550 0.360
v 48.000 11.716 6.400 0.580 0.550 0.360
v 51.200 12.655 6.400 0.580 0.550 0.360
v 54.400 12.327 6.400 0.580 0.550 0.360
v 57.600 12.643 6.400 0.580 0.550 0.360
v 60.800 12.295 6.400 0.580 0.550 0.360
v 64.000 11.319 6.400 0.580 0.550 0.360
v 67.200 12.547 6.400 0.580 0.550 0.360
v 70.400 11.597 6.400 0.580 0.550 0.360
v 73.600 12.200 6.400 0.580 0.550 0.360
v 76.800 11.641 6.400 0.580 0.550 0.360
v 80.000 11.930 6.400 0.580 0.550 0.360
v 83.200 11.748 6.400 0.580 0.550 0.360
v 86.400 12.213 6.400 0.580 0.550 0.360
v 89.600 12.468 6.400 0.580 0.550 0.360
v 92.800 12.472 6.400 0.580 0.550 0.360
v 96.000 11.535 6.400 0.580 0.550 0.360
v 99.200 12.460 6.400 0.580 0.550 0.360
v 102.400 12.232 6.400 0.580 0.550 0.360
v 105.600 12.704 6.400 0.580 0.550 0.360
v 108.800 11.789 6.400 0.580 0.550 0.360
v 112.000 11.880 6.400 0.580 0.550 0.360
v 115.200 12.122 6.400 0.580 0.550 0.360
v 118.400 12.417 6.400 0.580 0.550 0.360
v 121.600 11.903 6.400 0.580 0.550 0.360
v 124.800 11.910 6.400 0.580 0.550 0.360
v 128.000 11.256 6.400 0.580 0.550 0.360
v 131.200 11.255 6.400 0.580 0.550 0.360
v 134.400 12.632 6.400 0.580 0.550 0.360
v 137.600 11.511 6.400 0.580 0.550 0.360
v 140.800 12.276 6.400 0.580 0.550 0.360
v 144.000 11.739 6.400 0.580 0.550 0.360
v 147.200 12.697 6.400 0.580 0.550 0.360
v 150.400 11.267 6.400 0.580 0.550 0.360
v 153.600 12.408 6.400 0.580 0.550 0.360
v 156.800 11.663 6.400 0.580 0.550 0.360
v 160.000 12.085 6.400 0.580 0.550 0.360
v 163.200 11.950 6.400 0.580 0.550 0.360
v 166.400 11.240 6.400 0.580 0.550 0.360
v 169.600 12.002 6.400 0.580 0.550 0.360
v 6.400 11.908 9.600 0.580 0.550 0.360
v 9.600 12.043 9.600 0.580 0.550 0.360
v 12.800 11.802 9.600 0.580 0.550 0.360
v 16.000 11.844 9.600 0.580 0.550 0.360
v 19.200 11.671 9.600 0.580 0.550 0.360
v 22.400 11.860 9.600 0.580 0.550 0.360
v 25.600 11.972 9.600 0.580 0.550 0.360
v 28.800 12.717 9.600 0.580 0.550 0.360
v 32.000 12.520 9.600 0.580 0.550 0.360
v 35.200 12.130 9.600 0.580 0.550 0.360
v 38.400 11.690 9.600 0.580 0.550 0.360
v 41.600 12.669 9.600 0.580 0.550 0.360
v 44.800 11.468 9.600 0.580 0.550 0.360
v 48.000 11.275 9.600 0.580 0.550 0.360
v 51.200 12.419 9.600 0.580 0.550 0.360
v 54.400 11.586 9.600 0.580 0.550 0.360
v 57.600 11.583 9.600 0.580 0.550 0.360
v 60.800 11.584 9.600 0.580 0.550 0.360
v 64.000 12.265 9.600 0.580 0.550 0.360
v 67.200 11.847 9.600 0.580 0.550 0.360
v 70.400 11.459 9.600 0.580 0.550 0.360
v 73.600 12.404 9.600 0.580 0.550 0.360
v 76.800 11.636 9.600 0.580 0.550 0.360
v 80.000 11.689 9.600 0.580 0.550 0.360
v 83.200 12.328 9.600 0.580 0.550 0.360
v 86.400 12.384 9.600 0.580 0.550 0.360
v 89.600 12.281 9.600 0.580 0.550 0.360
v 92.800 12.397 9.600 0.580 0.550 0.360
v 96.000 12.060 9.600 0.580 0.550 0.360
v 99.200 11.663 9.600 0.580 0.550 0.360
v 102.400 12.082 9.600 0.580 0.550 0.360
v 105.600 12.703 9.600 0.580 0.550 0.360
v 108.800 12.612 9.600 0.580 0.550 0.360
v 112.000 12.079 9.600 0.580 0.550 0.360
v 115.200 11.932 9.600 0.580 0.550 0.360
v 118.400 11.668 9.600 0.580 0.550 0.360
v 121.600 12.408 9.600 0.580 0.550 0.360
v 124.800 12.257 9.600 0.580 0.550 0.360
v 128.000 12.313 9.600 0.580 0.550 0.360
v 131.200 12.584 9.600 0.580 0.550 0.360
v 134.400 12.615 9.600 0.580 0.550 0.360
v 137.600 12.654 9.600 0.580 0.550 0.360
v 140.800 11.505 9.600 0.580 0.550 0.360
v 144.000 11.231 9.600 0.580 0.550 0.360
v 147.200 12.032 9.600 0.580 0.550 0.360
v 150.400 12.633 9.600 0.580 0.550 0.360
v 153.600 11.954 9.600 0.580 0.550 0.360
v 156.800 12.552 9.600 0.580 0.550 0.360
v 160.000 11.549 9.600 0.580 0.550 0.360
v 163.200 12.541 9.600 0.580 0.550 0.360
v 166.400 11.598 9.600 0.580 0.550 0.360
v 169.600 12.421 9.600 0.580 0.550 0.360
v 6.400 12.362 12.800 0.580 0.550 0.360
v 9.600 11.360 12.800 0.580 0.550 0.360
v 12.800 11.619 12.800 0.580 0.550 0.360
v 16.000 11.973 12.800 0.580 0.550 0.360
v 19.200 12.197 12.800 0.580 0.550 0.360
v 22.400 11.759 12.800 0.580 0.550 0.360
v 25.600 11.210 12.800 0.580 0.550 0.360
v 28.800 11.907 12.800 0.580 0.550 0.360
v 32.000 11.274 12.800 0.580 0.550 0.360
v 35.200 12.644 12.800 0.580 0.550 0.360
v 38.400 11.968 12.800 0.580 0.550 0.360
v 41.600 11.507 12.800 0.580 0.550 0.360
v 44.800 12.399 12.800 0.580 0.550 0.360
v 48.000 11.512 12.800 0.580 0.550 0.360
v 51.200 11.212 12.800 0.580 0.550 0.360
v 54.400 12.502 12.800 0.580 0.550 0.360
v 57.600 12.254 12.800 0.580 0.550 0.360
v 60.800 11.950 12.800 0.580 0.550 0.360
v 64.000 11.994 12.800 0.575 0.545 0.369
v 67.200 11.636 12.800 0.523 0.502 0.455
v 70.400 11.781 12.800 0.520 0.500 0.460
v 73.600 11.657 12.800 0.520 0.500 0.460
v 76.800 11.361 12.800 0.520 0.500 0.460
v 80.000 12.398 12.800 0.520 0.500 0.460
v 83.200 11.729 12.800 0.520 0.500 0.460
v 86.400 12.735 12.800 0.520 0.500 0.460
v 89.600 11.273 12.800 0.520 0.500 0.460
v 92.800 11.598 12.800 0.520 0.500 0.460
v 96.000 12.388 12.800 0.520 0.500 0.460
v 99.200 12.166 12.800 0.520 0.500 0.460
v 102.400 12.015 12.800 0.520 0.500 0.460
v 105.600 11.551 12.800 0.520 0.500 0.460
v 108.800 11.208 12.800 0.520 0.500 0.460
v 112.000 11.870 12.800 0.525 0.504 0.451
v 115.200 12.467 12.800 0.548 0.524 0.413
v 118.400 12.076 12.800 0.580 0.550 0.360
v 121.600 11.709 12.800 0.575 0.546 0.368
v 124.800 12.458 12.800 0.534 0.512 0.436
v 128.000 12.116 12.800 0.538 0.515 0.431
v 131.200 11.297 12.800 0.543 0.519 0.422
v 134.400 12.552 12.800 0.529 0.507 0.445
v 137.600 12.433 12.800 0.536 0.513 0.434
v 140.800 11.822 12.800 0.561 0.534 0.391
v 144.000 11.206 12.800 0.569 0.541 0.379
v 147.200 11.600 12.800 0.558 0.532 0.396
v 150.400 11.572 12.800 0.521 0.501 0.458
v 153.600 12.081 12.800 0.557 0.531 0.399
v 156.800 11.677 12.800 0.528 0.506 0.447
v 160.000 12.034 12.800 0.572 0.543 0.374
v 163.200 11.516 12.800 0.580 0.550 0.360
v 166.400 11.399 12.800 0.580 0.550 0.360
v 169.600 11.307 12.800 0.580 0.550 0.360
v 6.400 12.035 16.000 0.580 0.550 0.360
v 9.600 12.425 16.000 0.580 0.550 0.360
v 12.800 11.243 16.000 0.580 0.550 0.360
v 16.000 12.330 16.000 0.580 0.550 0.360
v 19.200 11.941 16.000 0.580 0.550 0.360
v 22.400 11.739 16.000 0.580 0.550 0.360
v 25.600 12.496 16.000 0.580 0.550 0.360
v 28.800 12.367 16.000 0.580 0.550 0.360
v 32.000 11.959 16.000 0.580 0.550 0.360
v 35.200 11.466 16.000 0.580 0.550 0.360
v 38.400 11.644 16.000 0.580 0.550 0.360
v 41.600 11.907 16.000 0.580 0.550 0.360
v 44.800 11.373 16.000 0.580 0.550 0.360
v 48.000 12.453 16.000 0.580 0.550 0.360
v 51.200 11.271 16.000 0.580 0.550 0.360
v 54.400 12.643 16.000 0.549 0.525 0.411
v 57.600 11.840 16.000 0.520 0.500 0.460
v 60.800 10.465 16.000 0.520 0.500 0.460
v 64.000 8.405 16.000 0.515 0.476 0.417
v 67.200 6.268 16.000 0.503 0.416 0.309
v 70.400 5.050 16.000 0.500 0.400 0.280
v 73.600 5.119 16.000 0.500 0.400 0.280
v 76.800 5.291 16.000 0.500 0.401 0.282
v 80.000 5.235 16.000 0.500 0.401 0.281
v 83.200 5.063 16.000 0.500 0.400 0.280
v 86.400 5.122 16.000 0.500 0.400 0.280
v 89.600 5.090 16.000 0.500 0.400 0.280
v 92.800 5.520 16.000 0.501 0.403 0.285
v 96.000 5.660 16.000 0.501 0.405 0.289
v 99.200 5.691 16.000 0.501 0.405 0.289
v 102.400 5.857 16.000 0.502 0.408 0.294
v 105.600 6.549 16.000 0.505 0.423 0.321
v 108.800 6.517 16.000 0.504 0.422 0.320
v 112.000 6.769 16.000 0.506 0.429 0.332
v 115.200 7.227 16.000 0.508 0.442 0.355
v 118.400 11.224 16.000 0.520 0.500 0.460
v 121.600 8.590 16.000 0.516 0.481 0.425
v 124.800 7.150 16.000 0.508 0.440 0.351
v 128.000 7.432 16.000 0.510 0.448 0.366
v 131.200 7.738 16.000 0.511 0.457 0.383
v 134.400 7.428 16.000 0.510 0.448 0.366
v 137.600 7.634 16.000 0.511 0.454 0.377
v 140.800 7.342 16.000 0.509 0.445 0.361
v 144.000 7.129 16.000 0.508 0.439 0.350
v 147.200 7.617 16.000 0.511 0.454 0.376
v 150.400 6.932 16.000 0.507 0.433 0.340
v 153.600 7.484 16.000 0.510 0.450 0.369
v 156.800 7.201 16.000 0.508 0.441 0.354
v 160.000 7.557 16.000 0.510 0.452 0.373
v 163.200 11.993 16.000 0.531 0.509 0.442
v 166.400 12.776 16.000 0.580 0.550 0.360
v 169.600 11.553 16.000 0.580 0.550 0.360
v 6.400 11.979 19.200 0.580 0.550 0.360
v 9.600 12.415 19.200 0.580 0.550 0.360
v 12.800 12.106 19.200 0.580 0.550 0.360
v 16.000 12.392 19.200 0.580 0.550 0.360
v 19.200 11.762 19.200 0.580 0.550 0.360
v 22.400 12.760 19.200 0.580 0.550 0.360
v 25.600 12.485 19.200 0.580 0.550 0.360
v 28.800 12.044 19.200 0.580 0.550 0.360
v 32.000 12.443 19.200 0.580 0.550 0.360
v 35.200 12.259 19.200 0.580 0.550 0.360
v 38.400 12.086 19.200 0.580 0.550 0.360
v 41.600 12.168 19.200 0.580 0.550 0.360
v 44.800 11.241 19.200 0.580 0.550 0.360
v 48.000 12.489 19.200 0.580 0.550 0.360
v 51.200 11.573 19.200 0.520 0.500 0.460
v 54.400 7.859 19.200 0.512 0.461 0.389
v 57.600 5.398 19.200 0.500 0.402 0.283
v 60.800 2.423 19.200 0.500 0.400 0.280
v 64.000 0.459 19.200 0.500 0.400 0.280
v 67.200 0.000 19.200 0.500 0.400 0.280
v 70.400 0.000 19.200 0.462 0.422 0.269
v 73.600 0.000 19.200 0.467 0.419 0.270
v 76.800 0.000 19.200 0.478 0.412 0.274
v 80.000 0.000 19.200 0.475 0.414 0.273
v 83.200 0.000 19.200 0.463 0.421 0.269
v 86.400 0.000 19.200 0.467 0.419 0.271
v 89.600 0.000 19.200 0.465 0.420 0.270
v 92.800 0.000 19.200 0.490 0.405 0.277
v 96.000 0.000 19.200 0.496 0.402 0.279
v 99.200 0.000 19.200 0.497 0.402 0.279
v 102.400 0.000 19.200 0.500 0.400 0.280
v 105.600 0.000 19.200 0.500 0.400 0.280
v 108.800 0.000 19.200 0.500 0.400 0.280
v 112.000 0.000 19.200 0.500 0.400 0.280
v 115.200 0.052 19.200 0.500 0.400 0.280
v 118.400 3.428 19.200 0.500 0.400 0.280
v 121.600 3.986 19.200 0.500 0.400 0.280
v 124.800 0.434 19.200 0.500 0.400 0.280
v 128.000 0.434 19.200 0.500 0.400 0.280
v 131.200 0.434 19.200 0.500 0.400 0.280
v 134.400 0.434 19.200 0.500 0.400 0.280
v 137.600 0.434 19.200 0.500 0.400 0.280
v 140.800 0.434 19.200 0.500 0.400 0.280
v 144.000 0.434 19.200 0.500 0.400 0.280
v 147.200 0.434 19.200 0.500 0.400 0.280
v 150.400 0.434 19.200 0.500 0.400 0.280
v 153.600 0.434 19.200 0.500 0.400 0.280
v 156.800 0.741 19.200 0.500 0.400 0.280
v 160.000 8.037 19.200 0.513 0.466 0.399
v 163.200 11.217 19.200 0.574 0.545 0.370
v 166.400 11.876 19.200 0.580 0.550 0.360
v 169.600 12.103 19.200 0.580 0.550 0.360
v 6.400 11.334 22.400 0.580 0.550 0.360
v 9.600 12.168 22.400 0.580 0.550 0.360
v 12.800 12.422 22.400 0.580 0.550 0.360
v 16.000 11.353 22.400 0.580 0.550 0.360
v 19.200 12.418 22.400 0.580 0.550 0.360
v 22.400 12.046 22.400 0.580 0.550 0.360
v 25.600 12.664 22.400 0.580 0.550 0.360
v 28.800 11.466 22.400 0.580 0.550 0.360
v 32.000 11.934 22.400 0.580 0.550 0.360
v 35.200 11.669 22.400 0.580 0.550 0.360
v 38.400 11.476 22.400 0.580 0.550 0.360
v 41.600 11.488 22.400 0.580 0.550 0.360
v 44.800 11.506 22.400 0.580 0.550 0.360
v 48.000 11.983 22.400 0.520 0.500 0.460
v 51.200 5.122 22.400 0.500 0.400 0.280
v 54.400 0.218 22.400 0.500 0.400 0.280
v 57.600 0.000 22.400 0.485 0.409 0.276
v 60.800 0.000 22.400 0.360 0.480 0.240
v 64.000 0.000 22.400 0.360 0.480 0.240
v 67.200 0.000 22.400 0.360 0.480 0.240
v 70.400 0.000 22.400 0.360 0.480 0.240
v 73.600 0.000 22.400 0.360 0.480 0.240
v 76.800 0.000 22.400 0.360 0.480 0.240
v 80.000 0.000 22.400 0.360 0.480 0.240
v 83.200 0.000 22.400 0.360 0.480 0.240
v 86.400 0.000 22.400 0.360 0.480 0.240
v 89.600 0.000 22.400 0.360 0.480 0.240
v 92.800 0.000 22.400 0.360 0.480 0.240
v 96.000 0.000 22.400 0.360 0.480 0.240
v 99.200 0.000 22.400 0.360 0.480 0.240
v 102.400 0.000 22.400 0.360 0.480 0.240
v 105.600 0.000 22.400 0.360 0.480 0.240
v 108.800 0.000 22.400 0.360 0.480 0.240
v 112.000 0.000 22.400 0.360 0.480 0.240
v 115.200 0.000 22.400 0.360 0.480 0.240
v 118.400 0.000 22.400 0.362 0.479 0.241
v 121.600 1.062 22.400 0.379 0.469 0.245
v 124.800 0.000 22.400 0.360 0.480 0.240
v 128.000 0.000 22.400 0.360 0.480 0.240
v 131.200 0.000 22.400 0.360 0.480 0.240
v 134.400 0.000 22.400 0.360 0.480 0.240
v 137.600 0.000 22.400 0.360 0.480 0.240
v 140.800 0.000 22.400 0.360 0.480 0.240
v 144.000 0.000 22.400 0.360 0.480 0.240
v 147.200 0.000 22.400 0.360 0.480 0.240
v 150.400 0.000 22.400 0.360 0.480 0.240
v 153.600 0.000 22.400 0.360 0.480 0.240
v 156.800 0.862 22.400 0.500 0.400 0.280
v 160.000 8.697 22.400 0.517 0.483 0.430
v 163.200 11.326 22.400 0.580 0.550 0.360
v 166.400 11.495 22.400 0.580 0.550 0.360
v 169.600 12.134 22.400 0.580 0.550 0.360
v 6.400 11.291 25.600 0.580 0.550 0.360
v 9.600 12.558 25.600 0.580 0.550 0.360
v 12.800 12.014 25.600 0.580 0.550 0.360
v 16.000 11.936 25.600 0.580 0.550 0.360
v 19.200 11.550 25.600 0.580 0.550 0.360
v 22.400 12.694 25.600 0.580 0.550 0.360
v 25.600 12.020 25.600 0.580 0.550 0.360
v 28.800 12.465 25.600 0.580 0.550 0.360
v 32.000 12.067 25.600 0.580 0.550 0.360
v 35.200 12.158 25.600 0.580 0.550 0.360
v 38.400 12.264 25.600 0.580 0.550 0.360
v 41.600 12.449 25.600 0.580 0.550 0.360
v 44.800 12.317 25.600 0.520 0.500 0.460
v 48.000 7.021 25.600 0.507 0.436 0.344
v 51.200 0.372 25.600 0.500 0.400 0.280
v 54.400 0.000 25.600 0.360 0.480 0.240
v 57.600 0.000 25.600 0.360 0.480 0.240
v 60.800 0.000 25.600 0.360 0.480 0.240
v 64.000 0.000 25.600 0.360 0.480 0.240
v 67.200 0.000 25.600 0.459 0.424 0.268
v 70.400 0.012 25.600 0.500 0.400 0.280
v 73.600 0.012 25.600 0.500 0.400 0.280
v 76.800 0.012 25.600 0.500 0.400 0.280
v 80.000 0.012 25.600 0.500 0.400 0.280
v 83.200 0.012 25.600 0.500 0.400 0.280
v 86.400 0.012 25.600 0.500 0.400 0.280
v 89.600 0.012 25.600 0.500 0.400 0.280
v 92.800 0.002 25.600 0.500 0.400 0.280
v 96.000 0.000 25.600 0.500 0.400 0.280
v 99.200 0.000 25.600 0.500 0.400 0.280
v 102.400 0.000 25.600 0.500 0.400 0.280
v 105.600 0.000 25.600 0.500 0.400 0.280
v 108.800 0.000 25.600 0.500 0.400 0.280
v 112.000 0.000 25.600 0.480 0.411 0.274
v 115.200 0.000 25.600 0.360 0.480 0.240
v 118.400 0.000 25.600 0.360 0.480 0.240
v 121.600 0.000 25.600 0.360 0.480 0.240
v 124.800 0.000 25.600 0.360 0.480 0.240
v 128.000 0.000 25.600 0.360 0.480 0.240
v 131.200 0.000 25.600 0.360 0.480 0.240
v 134.400 0.000 25.600 0.360 0.480 0.240
v 137.600 0.000 25.600 0.360 0.480 0.240
v 140.800 0.000 25.600 0.360 0.480 0.240
v 144.000 0.000 25.600 0.360 0.480 0.240
v 147.200 0.000 25.600 0.360 0.480 0.240
v 150.400 0.000 25.600 0.360 0.480 0.240
v 153.600 0.000 25.600 0.360 0.480 0.240
v 156.800 0.991 25.600 0.500 0.400 0.280
v 160.000 8.017 25.600 0.513 0.465 0.398
v 163.200 11.604 25.600 0.580 0.550 0.361
v 166.400 11.333 25.600 0.580 0.550 0.360
v 169.600 12.429 25.600 0.580 0.550 0.360
v 6.400 12.704 28.800 0.580 0.550 0.360
v 9.600 11.530 28.800 0.580 0.550 0.360
v 12.800 11.816 28.800 0.580 0.550 0.360
v 16.000 12.361 28.800 0.580 0.550 0.360
v 19.200 12.448 28.800 0.580 0.550 0.360
v 22.400 12.741 28.800 0.580 0.550 0.360
v 25.600 11.523 28.800 0.580 0.550 0.360
v 28.800 11.721 28.800 0.580 0.550 0.360
v 32.000 12.607 28.800 0.580 0.550 0.360
v 35.200 12.241 28.800 0.580 0.550 0.360
v 38.400 11.485 28.800 0.580 0.550 0.360
v 41.600 12.388 28.800 0.580 0.550 0.360
v 44.800 9.044 28.800 0.518 0.490 0.443
v 48.000 1.509 28.800 0.500 0.400 0.280
v 51.200 0.000 28.800 0.360 0.480 0.240
v 54.400 0.000 28.800 0.360 0.480 0.240
v 57.600 0.000 28.800 0.360 0.480 0.240
v 60.800 0.382 28.800 0.500 0.400 0.280
v 64.000 2.266 28.800 0.500 0.400 0.280
v 67.200 5.011 28.800 0.500 0.400 0.280
v 70.400 7.520 28.800 0.510 0.451 0.371
v 73.600 8.250 28.800 0.514 0.472 0.409
v 76.800 7.585 28.800 0.511 0.453 0.375
v 80.000 7.522 28.800 0.510 0.451 0.371
v 83.200 7.271 28.800 0.509 0.443 0.358
v 86.400 7.483 28.800 0.510 0.449 0.369
v 89.600 7.698 28.800 0.511 0.456 0.381
v 92.800 7.632 28.800 0.511 0.454 0.377
v 96.000 7.538 28.800 0.510 0.451 0.372
v 99.200 7.110 28.800 0.508 0.438 0.349
v 102.400 7.125 28.800 0.508 0.439 0.350
v 105.600 6.764 28.800 0.506 0.429 0.331
v 108.800 6.608 28.800 0.505 0.424 0.324
v 112.000 5.324 28.800 0.500 0.401 0.282
v 115.200 0.768 28.800 0.500 0.400 0.280
v 118.400 0.000 28.800 0.360 0.480 0.240
v 121.600 0.000 28.800 0.360 0.480 0.240
v 124.800 0.000 28.800 0.360 0.480 0.240
v 128.000 0.000 28.800 0.360 0.480 0.240
v 131.200 0.000 28.800 0.360 0.480 0.240
v 134.400 0.000 28.800 0.360 0.480 0.240
v 137.600 0.000 28.800 0.360 0.480 0.240
v 140.800 0.000 28.800 0.360 0.480 0.240
v 144.000 0.000 28.800 0.360 0.480 0.240
v 147.200 0.000 28.800 0.360 0.480 0.240
v 150.400 0.000 28.800 0.360 0.480 0.240
v 153.600 0.000 28.800 0.360 0.480 0.240
v 156.800 1.128 28.800 0.500 0.400 0.280
v 160.000 8.335 28.800 0.515 0.474 0.413
v 163.200 12.506 28.800 0.567 0.539 0.382
v 166.400 12.486 28.800 0.580 0.550 0.360
v 169.600 12.721 28.800 0.580 0.550 0.360
v 6.400 11.867 32.000 0.580 0.550 0.360
v 9.600 12.093 32.000 0.580 0.550 0.360
v 12.800 11.289 32.000 0.580 0.550 0.360
v 16.000 11.918 32.000 0.580 0.550 0.360
v 19.200 12.049 32.000 0.580 0.550 0.360
v 22.400 11.250 32.000 0.580 0.550 0.360
v 25.600 12.509 32.000 0.580 0.550 0.360
v 28.800 12.478 32.000 0.580 0.550 0.360
v 32.000 11.365 32.000 0.580 0.550 0.360
v 35.200 11.705 32.000 0.580 0.550 0.360
v 38.400 12.682 32.000 0.580 0.550 0.360
v 41.600 12.215 32.000 0.520 0.500 0.460
v 44.800 3.825 32.000 0.500 0.400 0.280
v 48.000 0.000 32.000 0.387 0.465 0.248
v 51.200 0.000 32.000 0.360 0.480 0.240
v 54.400 0.000 32.000 0.360 0.480 0.240
v 57.600 1.887 32.000 0.500 0.400 0.280
v 60.800 9.170 32.000 0.519 0.493 0.447
v 64.000 11.580 32.000 0.520 0.500 0.460
v 67.200 12.102 32.000 0.520 0.500 0.460
v 70.400 11.863 32.000 0.540 0.517 0.427
v 73.600 11.805 32.000 0.569 0.541 0.379
v 76.800 12.667 32.000 0.542 0.518 0.423
v 80.000 11.679 32.000 0.576 0.546 0.367
v 83.200 12.112 32.000 0.569 0.541 0.378
v 86.400 12.305 32.000 0.535 0.512 0.435
v 89.600 11.673 32.000 0.578 0.549 0.363
v 92.800 11.742 32.000 0.578 0.549 0.363
v 96.000 12.106 32.000 0.535 0.512 0.436
v 99.200 12.075 32.000 0.526 0.505 0.451
v 102.400 12.421 32.000 0.563 0.536 0.388
v 105.600 11.476 32.000 0.527 0.506 0.448
v 108.800 12.163 32.000 0.520 0.500 0.460
v 112.000 11.766 32.000 0.520 0.500 0.460
v 115.200 8.915 32.000 0.518 0.488 0.438
v 118.400 2.959 32.000 0.500 0.400 0.280
v 121.600 0.001 32.000 0.360 0.480 0.240
v 124.800 0.000 32.000 0.360 0.480 0.240
v 128.000 0.000 32.000 0.360 0.480 0.240
v 131.200 0.000 32.000 0.360 0.480 0.240
v 134.400 0.000 32.000 0.360 0.480 0.240
v 137.600 0.000 32.000 0.360 0.480 0.240
v 140.800 0.000 32.000 0.360 0.480 0.240
v 144.000 0.000 32.000 0.360 0.480 0.240
v 147.200 0.000 32.000 0.360 0.480 0.240
v 150.400 0.000 32.000 0.360 0.480 0.240
v 153.600 0.000 32.000 0.360 0.480 0.240
v 156.800 1.272 32.000 0.500 0.400 0.280
v 160.000 8.667 32.000 0.516 0.482 0.428
v 163.200 12.083 32.000 0.578 0.548 0.364
v 166.400 12.320 32.000 0.580 0.550 0.360
v 169.600 11.299 32.000 0.580 0.550 0.360
v 6.400 12.300 35.200 0.580 0.550 0.360
v 9.600 11.720 35.200 0.580 0.550 0.360
v 12.800 12.239 35.200 0.580 0.550 0.360
v 16.000 11.703 35.200 0.580 0.550 0.360
v 19.200 12.492 35.200 0.580 0.550 0.360
v 22.400 11.354 35.200 0.580 0.550 0.360
v 25.600 11.304 35.200 0.580 0.550 0.360
v 28.800 11.586 35.200 0.580 0.550 0.360
v 32.000 12.102 35.200 0.580 0.550 0.360
v 35.200 12.533 35.200 0.580 0.550 0.360
v 38.400 12.555 35.200 0.580 0.550 0.360
v 41.600 10.752 35.200 0.520 0.500 0.460
v 44.800 2.525 35.200 0.500 0.400 0.280
v 48.000 0.000 35.200 0.360 0.480 0.240
v 51.200 0.000 35.200 0.360 0.480 0.240
v 54.400 0.593 35.200 0.500 0.400 0.280
v 57.600 7.679 35.200 0.511 0.455 0.380
v 60.800 12.134 35.200 0.556 0.530 0.400
v 64.000 11.535 35.200 0.580 0.550 0.360
v 67.200 11.557 35.200 0.580 0.550 0.360
v 70.400 12.459 35.200 0.580 0.550 0.360
v 73.600 12.270 35.200 0.580 0.550 0.360
v 76.800 12.471 35.200 0.580 0.550 0.360
v 80.000 11.309 35.200 0.580 0.550 0.360
v 83.200 11.302 35.200 0.580 0.550 0.360
v 86.400 12.563 35.200 0.580 0.550 0.360
v 89.600 11.312 35.200 0.580 0.550 0.360
v 92.800 11.256 35.200 0.580 0.550 0.360
v 96.000 12.637 35.200 0.580 0.550 0.360
v 99.200 12.546 35.200 0.580 0.550 0.360
v 102.400 11.370 35.200 0.580 0.550 0.360
v 105.600 12.134 35.200 0.580 0.550 0.360
v 108.800 12.655 35.200 0.580 0.550 0.360
v 112.000 12.363 35.200 0.580 0.550 0.360
v 115.200 12.256 35.200 0.522 0.502 0.457
v 118.400 7.919 35.200 0.512 0.462 0.392
v 121.600 1.092 35.200 0.500 0.400 0.280
v 124.800 0.000 35.200 0.360 0.480 0.240
v 128.000 0.000 35.200 0.360 0.480 0.240
v 131.200 0.000 35.200 0.360 0.480 0.240
v 134.400 0.000 35.200 0.360 0.480 0.240
v 137.600 0.000 35.200 0.360 0.480 0.240
v 140.800 0.000 35.200 0.360 0.480 0.240
v 144.000 0.000 35.200 0.360 0.480 0.240
v 147.200 0.000 35.200 0.360 0.480 0.240
v 150.400 0.000 35.200 0.360 0.480 0.240
v 153.600 0.000 35.200 0.360 0.480 0.240
v 156.800 0.640 35.200 0.500 0.400 0.280
v 160.000 8.066 35.200 0.513 0.467 0.400
v 163.200 11.845 35.200 0.580 0.550 0.361
v 166.400 11.478 35.200 0.580 0.550 0.360
v 169.600 12.514 35.200 0.580 0.550 0.360
v 6.400 11.995 38.400 0.580 0.550 0.360
v 9.600 12.534 38.400 0.580 0.550 0.360
v 12.800 12.685 38.400 0.580 0.550 0.360
v 16.000 12.229 38.400 0.580 0.550 0.360
v 19.200 11.520 38.400 0.580 0.550 0.360
v 22.400 12.125 38.400 0.580 0.550 0.360
v 25.600 11.413 38.400 0.580 0.550 0.360
v 28.800 12.041 38.400 0.580 0.550 0.360
v 32.000 11.984 38.400 0.580 0.550 0.360
v 35.200 12.454 38.400 0.580 0.550 0.360
v 38.400 11.296 38.400 0.580 0.550 0.360
v 41.600 12.002 38.400 0.520 0.500 0.460
v 44.800 2.057 38.400 0.500 0.400 0.280
v 48.000 0.000 38.400 0.360 0.480 0.240
v 51.200 0.000 38.400 0.360 0.480 0.240
v 54.400 1.327 38.400 0.500 0.400 0.280
v 57.600 10.519 38.400 0.520 0.500 0.460
v 60.800 11.461 38.400 0.580 0.550 0.360
v 64.000 11.540 38.400 0.580 0.550 0.360
v 67.200 12.800 38.400 0.580 0.550 0.360
v 70.400 12.007 38.400 0.580 0.550 0.360
v 73.600 12.639 38.400 0.580 0.550 0.360
v 76.800 12.474 38.400 0.580 0.550 0.360
v 80.000 11.962 38.400 0.580 0.550 0.360
v 83.200 11.535 38.400 0.580 0.550 0.360
v 86.400 12.360 38.400 0.580 0.550 0.360
v 89.600 11.283 38.400 0.580 0.550 0.360
v 92.800 12.300 38.400 0.580 0.550 0.360
v 96.000 11.456 38.400 0.580 0.550 0.360
v 99.200 11.799 38.400 0.580 0.550 0.360
v 102.400 12.280 38.400 0.580 0.550 0.360
v 105.600 11.442 38.400 0.580 0.550 0.360
v 108.800 11.794 38.400 0.580 0.550 0.360
v 112.000 12.349 38.400 0.580 0.550 0.360
v 115.200 12.412 38.400 0.580 0.550 0.360
v 118.400 8.878 38.400 0.517 0.487 0.437
v 121.600 1.951 38.400 0.500 0.400 0.280
v 124.800 0.000 38.400 0.360 0.480 0.240
v 128.000 0.000 38.400 0.360 0.480 0.240
v 131.200 0.000 38.400 0.360 0.480 0.240
v 134.400 0.000 38.400 0.360 0.480 0.240
v 137.600 -0.150 38.400 0.360 0.480 0.240
v 140.800 -0.150 38.400 0.360 0.480 0.240
v 144.000 -0.150 38.400 0.360 0.480 0.240
v 147.200 -0.150 38.400 0.360 0.480 0.240
v 150.400 -0.150 38.400 0.360 0.480 0.240
v 153.600 -0.150 38.400 0.360 0.480 0.240
v 156.800 -0.150 38.400 0.360 0.480 0.240
v 160.000 -0.150 38.400 0.500 0.400 0.280
v 163.200 11.207 38.400 0.520 0.500 0.460
v 166.400 12.247 38.400 0.580 0.550 0.360
v 169.600 12.794 38.400 0.580 0.550 0.360
v 6.400 11.602 41.600 0.580 0.550 0.360
v 9.600 11.843 41.600 0.580 0.550 0.360
v 12.800 12.764 41.600 0.580 0.550 0.360
v 16.000 12.480 41.600 0.580 0.550 0.360
v 19.200 12.442 41.600 0.580 0.550 0.360
v 22.400 11.914 41.600 0.580 0.550 0.360
v 25.600 12.159 41.600 0.580 0.550 0.360
v 28.800 12.226 41.600 0.580 0.550 0.360
v 32.000 12.761 41.600 0.580 0.550 0.360
v 35.200 11.888 41.600 0.580 0.550 0.360
v 38.400 12.158 41.600 0.580 0.550 0.360
v 41.600 10.651 41.600 0.520 0.500 0.460
v 44.800 1.625 41.600 0.500 0.400 0.280
v 48.000 0.000 41.600 0.360 0.480 0.240
v 51.200 0.000 41.600 0.360 0.480 0.240
v 54.400 1.729 41.600 0.500 0.400 0.280
v 57.600 10.417 41.600 0.520 0.500 0.460
v 60.800 12.789 41.600 0.580 0.550 0.360
v 64.000 12.710 41.600 0.580 0.550 0.360
v 67.200 11.392 41.600 0.580 0.550 0.360
v 70.400 12.075 41.600 0.580 0.550 0.360
v 73.600 12.704 41.600 0.580 0.550 0.360
v 76.800 12.496 41.600 0.580 0.550 0.360
v 80.000 12.477 41.600 0.580 0.550 0.360
v 83.200 11.954 41.600 0.580 0.550 0.360
v 86.400 12.613 41.600 0.580 0.550 0.360
v 89.600 11.407 41.600 0.580 0.550 0.360
v 92.800 12.646 41.600 0.580 0.550 0.360
v 96.000 11.663 41.600 0.580 0.550 0.360
v 99.200 12.158 41.600 0.580 0.550 0.360
v 102.400 11.298 41.600 0.580 0.550 0.360
v 105.600 11.428 41.600 0.580 0.550 0.360
v 108.800 11.874 41.600 0.580 0.550 0.360
v 112.000 12.738 41.600 0.580 0.550 0.360
v 115.200 11.888 41.600 0.580 0.550 0.360
v 118.400 9.689 41.600 0.520 0.499 0.458
v 121.600 2.980 41.600 0.500 0.400 0.280
v 124.800 0.000 41.600 0.360 0.480 0.240
v 128.000 0.000 41.600 0.360 0.480 0.240
v 131.200 0.000 41.600 0.360 0.480 0.240
v 134.400 0.000 41.600 0.360 0.480 0.240
v 137.600 -0.150 41.600 0.360 0.480 0.240
v 140.800 -0.150 41.600 0.360 0.480 0.240
v 144.000 -0.150 41.600 0.360 0.480 0.240
v 147.200 -0.150 41.600 0.360 0.480 0.240
v 150.400 -0.150 41.600 0.360 0.480 0.240
v 153.600 -0.150 41.600 0.360 0.480 0.240
v 156.800 -0.150 41.600 0.360 0.480 0.240
v 160.000 -0.150 41.600 0.500 0.400 0.280
v 163.200 11.496 41.600 0.520 0.500 0.460
v 166.400 12.580 41.600 0.580 0.550 0.360
v 169.600 12.542 41.600 0.580 0.550 0.360
v 6.400 12.713 44.800 0.580 0.550 0.360
v 9.600 11.297 44.800 0.580 0.550 0.360
v 12.800 12.183 44.800 0.580 0.550 0.360
v 16.000 11.633 44.800 0.580 0.550 0.360
v 19.200 11.536 44.800 0.580 0.550 0.360
v 22.400 11.583 44.800 0.580 0.550 0.360
v 25.600 12.045 44.800 0.580 0.550 0.360
v 28.800 12.350 44.800 0.580 0.550 0.360
v 32.000 12.217 44.800 0.580 0.550 0.360
v 35.200 11.872 44.800 0.580 0.550 0.360
v 38.400 11.560 44.800 0.580 0.550 0.360
v 41.600 10.170 44.800 0.520 0.500 0.460
v 44.800 1.233 44.800 0.500 0.400 0.280
v 48.000 0.000 44.800 0.360 0.480 0.240
v 51.200 0.000 44.800 0.360 0.480 0.240
v 54.400 2.171 44.800 0.500 0.400 0.280
v 57.600 10.516 44.800 0.520 0.500 0.460
v 60.800 11.906 44.800 0.580 0.550 0.360
v 64.000 11.327 44.800 0.580 0.550 0.360
v 67.200 12.423 44.800 0.580 0.550 0.360
v 70.400 12.138 44.800 0.580 0.550 0.360
v 73.600 12.032 44.800 0.580 0.550 0.360
v 76.800 11.752 44.800 0.580 0.550 0.360
v 80.000 11.264 44.800 0.580 0.550 0.360
v 83.200 12.271 44.800 0.580 0.550 0.360
v 86.400 12.031 44.800 0.580 0.550 0.360
v 89.600 11.335 44.800 0.580 0.550 0.360
v 92.800 11.657 44.800 0.580 0.550 0.360
v 96.000 11.603 44.800 0.580 0.550 0.360
v 99.200 12.003 44.800 0.580 0.550 0.360
v 102.400 12.083 44.800 0.580 0.550 0.360
v 105.600 11.736 44.800 0.580 0.550 0.360
v 108.800 11.295 44.800 0.580 0.550 0.360
v 112.000 11.924 44.800 0.580 0.550 0.360
v 115.200 11.953 44.800 0.580 0.550 0.360
v 118.400 10.724 44.800 0.520 0.500 0.460
v 121.600 4.147 44.800 0.500 0.400 0.280
v 124.800 0.000 44.800 0.389 0.463 0.248
v 128.000 0.000 44.800 0.360 0.480 0.240
v 131.200 0.000 44.800 0.360 0.480 0.240
v 134.400 0.000 44.800 0.360 0.480 0.240
v 137.600 -0.150 44.800 0.360 0.480 0.240
v 140.800 -0.150 44.800 0.360 0.480 0.240
v 144.000 -0.150 44.800 0.360 0.480 0.240
v 147.200 -0.150 44.800 0.360 0.480 0.240
v 150.400 -0.150 44.800 0.360 0.480 0.240
v 153.600 -0.150 44.800 0.360 0.480 0.240
v 156.800 -0.150 44.800 0.360 0.480 0.240
v 160.000 -0.150 44.800 0.500 0.400 0.280
v 163.200 12.656 44.800 0.520 0.500 0.460
v 166.400 11.722 44.800 0.580 0.550 0.360
v 169.600 12.264 44.800 0.580 0.550 0.360
v 6.400 12.292 48.000 0.580 0.550 0.360
v 9.600 12.580 48.000 0.580 0.550 0.360
v 12.800 12.125 48.000 0.580 0.550 0.360
v 16.000 12.373 48.000 0.580 0.550 0.360
v 19.200 12.743 48.000 0.580 0.550 0.360
v 22.400 12.776 48.000 0.580 0.550 0.360
v 25.600 11.669 48.000 0.580 0.550 0.360
v 28.800 12.093 48.000 0.580 0.550 0.360
v 32.000 12.290 48.000 0.580 0.550 0.360
v 35.200 12.330 48.000 0.580 0.550 0.360
v 38.400 11.593 48.000 0.580 0.550 0.360
v 41.600 10.454 48.000 0.520 0.500 0.460
v 44.800 0.887 48.000 0.500 0.400 0.280
v 48.000 0.000 48.000 0.360 0.480 0.240
v 51.200 0.000 48.000 0.360 0.480 0.240
v 54.400 2.647 48.000 0.500 0.400 0.280
v 57.600 12.055 48.000 0.520 0.500 0.460
v 60.800 12.200 48.000 0.580 0.550 0.360
v 64.000 11.822 48.000 0.580 0.550 0.360
v 67.200 12.305 48.000 0.580 0.550 0.360
v 70.400 11.843 48.000 0.580 0.550 0.360
v 73.600 12.755 48.000 0.580 0.550 0.360
v 76.800 11.517 48.000 0.580 0.550 0.360
v 80.000 11.629 48.000 0.580 0.550 0.360
v 83.200 11.863 48.000 0.580 0.550 0.360
v 86.400 12.572 48.000 0.580 0.550 0.360
v 89.600 11.531 48.000 0.580 0.550 0.360
v 92.800 11.625 48.000 0.580 0.550 0.360
v 96.000 12.770 48.000 0.580 0.550 0.360
v 99.200 11.906 48.000 0.580 0.550 0.360
v 102.400 11.442 48.000 0.580 0.550 0.360
v 105.600 11.862 48.000 0.580 0.550 0.360
v 108.800 12.238 48.000 0.580 0.550 0.360
v 112.000 11.459 48.000 0.580 0.550 0.360
v 115.200 11.705 48.000 0.580 0.550 0.360
v 118.400 11.787 48.000 0.520 0.500 0.460
v 121.600 5.337 48.000 0.500 0.401 0.282
v 124.800 0.005 48.000 0.481 0.411 0.275
v 128.000 0.000 48.000 0.360 0.480 0.240
v 131.200 0.000 48.000 0.360 0.480 0.240
v 134.400 0.000 48.000 0.360 0.480 0.240
v 137.600 -0.150 48.000 0.360 0.480 0.240
v 140.800 -0.150 48.000 0.360 0.480 0.240
v 144.000 -0.150 48.000 0.360 0.480 0.240
v 147.200 -0.150 48.000 0.360 0.480 0.240
v 150.400 -0.150 48.000 0.360 0.480 0.240
v 153.600 -0.150 48.000 0.360 0.480 0.240
v 156.800 -0.150 48.000 0.360 0.480 0.240
v 160.000 -0.150 48.000 0.500 0.400 0.280
v 163.200 11.252 48.000 0.520 0.500 0.460
v 166.400 12.664 48.000 0.580 0.550 0.360
v 169.600 12.144 48.000 0.580 0.550 0.360
v 6.400 12.520 51.200 0.580 0.550 0.360
v 9.600 11.972 51.200 0.580 0.550 0.360
v 12.800 11.383 51.200 0.580 0.550 0.360
v 16.000 11.937 51.200 0.580 0.550 0.360
v 19.200 11.421 51.200 0.580 0.550 0.360
v 22.400 12.292 51.200 0.580 0.550 0.360
v 25.600 12.332 51.200 0.580 0.550 0.360
v 28.800 11.456 51.200 0.580 0.550 0.360
v 32.000 12.401 51.200 0.580 0.550 0.360
v 35.200 12.190 51.200 0.580 0.550 0.360
v 38.400 11.856 51.200 0.580 0.550 0.360
v 41.600 9.313 51.200 0.519 0.495 0.451
v 44.800 0.590 51.200 0.500 0.400 0.280
v 48.000 0.000 51.200 0.360 0.480 0.240
v 51.200 0.000 51.200 0.360 0.480 0.240
v 54.400 3.152 51.200 0.500 0.400 0.280
v 57.600 11.366 51.200 0.520 0.500 0.460
v 60.800 11.387 51.200 0.580 0.550 0.360
v 64.000 11.334 51.200 0.580 0.550 0.360
v 67.200 12.138 51.200 0.580 0.550 0.360
v 70.400 11.516 51.200 0.580 0.550 0.360
v 73.600 12.634 51.200 0.580 0.550 0.360
v 76.800 11.224 51.200 0.580 0.550 0.360
v 80.000 11.255 51.200 0.580 0.550 0.360
v 83.200 11.969 51.200 0.580 0.550 0.360
v 86.400 12.754 51.200 0.580 0.550 0.360
v 89.600 11.834 51.200 0.580 0.550 0.360
v 92.800 11.859 51.200 0.580 0.550 0.360
v 96.000 12.138 51.200 0.580 0.550 0.360
v 99.200 12.667 51.200 0.580 0.550 0.360
v 102.400 11.967 51.200 0.580 0.550 0.360
v 105.600 12.503 51.200 0.580 0.550 0.360
v 108.800 12.756 51.200 0.580 0.550 0.360
v 112.000 12.582 51.200 0.580 0.550 0.360
v 115.200 12.663 51.200 0.580 0.550 0.360
v 118.400 11.770 51.200 0.520 0.500 0.460
v 121.600 6.446 51.200 0.504 0.420 0.316
v 124.800 0.228 51.200 0.500 0.400 0.280
v 128.000 0.000 51.200 0.360 0.480 0.240
v 131.200 0.000 51.200 0.360 0.480 0.240
v 134.400 0.000 51.200 0.360 0.480 0.240
v 137.600 -0.150 51.200 0.360 0.480 0.240
v 140.800 -0.150 51.200 0.360 0.480 0.240
v 144.000 -0.150 51.200 0.360 0.480 0.240
v 147.200 -0.150 51.200 0.360 0.480 0.240
v 150.400 -0.150 51.200 0.360 0.480 0.240
v 153.600 -0.150 51.200 0.360 0.480 0.240
v 156.800 -0.150 51.200 0.360 0.480 0.240
v 160.000 -0.150 51.200 0.500 0.400 0.280
v 163.200 12.480 51.200 0.520 0.500 0.460
v 166.400 12.108 51.200 0.580 0.550 0.360
v 169.600 11.566 51.200 0.580 0.550 0.360
v 6.400 11.235 54.400 0.580 0.550 0.360
v 9.600 12.418 54.400 0.580 0.550 0.360
v 12.800 11.408 54.400 0.580 0.550 0.360
v 16.000 11.424 54.400 0.580 0.550 0.360
v 19.200 12.419 54.400 0.580 0.550 0.360
v 22.400 12.364 54.400 0.580 0.550 0.360
v 25.600 12.051 54.400 0.580 0.550 0.360
v 28.800 11.632 54.400 0.580 0.550 0.360
v 32.000 11.735 54.400 0.580 0.550 0.360
v 35.200 11.613 54.400 0.580 0.550 0.360
v 38.400 12.398 54.400 0.580 0.550 0.360
v 41.600 9.156 54.400 0.518 0.492 0.446
v 44.800 0.348 54.400 0.500 0.400 0.280
v 48.000 0.000 54.400 0.360 0.480 0.240
v 51.200 0.000 54.400 0.365 0.477 0.241
v 54.400 3.682 54.400 0.500 0.400 0.280
v 57.600 12.055 54.400 0.520 0.500 0.460
v 60.800 11.302 54.400 0.580 0.550 0.360
v 64.000 12.745 54.400 0.580 0.550 0.360
v 67.200 12.473 54.400 0.580 0.550 0.360
v 70.400 12.450 54.400 0.580 0.550 0.360
v 73.600 12.757 54.400 0.580 0.550 0.360
v 76.800 11.324 54.400 0.580 0.550 0.360
v 80.000 11.313 54.400 0.580 0.550 0.360
v 83.200 12.503 54.400 0.580 0.550 0.360
v 86.400 12.023 54.400 0.580 0.550 0.360
v 89.600 11.529 54.400 0.580 0.550 0.360
v 92.800 12.132 54.400 0.580 0.550 0.360
v 96.000 12.394 54.400 0.580 0.550 0.360
v 99.200 12.702 54.400 0.580 0.550 0.360
v 102.400 12.651 54.400 0.580 0.550 0.360
v 105.600 12.141 54.400 0.580 0.550 0.360
v 108.800 12.018 54.400 0.580 0.550 0.360
v 112.000 11.489 54.400 0.580 0.550 0.360
v 115.200 12.647 54.400 0.580 0.550 0.360
v 118.400 12.579 54.400 0.533 0.511 0.438
v 121.600 7.492 54.400 0.510 0.450 0.370
v 124.800 0.741 54.400 0.500 0.400 0.280
v 128.000 0.000 54.400 0.360 0.480 0.240
v 131.200 0.000 54.400 0.360 0.480 0.240
v 134.400 0.000 54.400 0.360 0.480 0.240
v 137.600 -0.150 54.400 0.360 0.480 0.240
v 140.800 -0.150 54.400 0.360 0.480 0.240
v 144.000 -0.150 54.400 0.360 0.480 0.240
v 147.200 -0.150 54.400 0.360 0.480 0.240
v 150.400 -0.150 54.400 0.360 0.480 0.240
v 153.600 -0.150 54.400 0.360 0.480 0.240
v 156.800 -0.150 54.400 0.360 0.480 0.240
v 160.000 -0.150 54.400 0.500 0.400 0.280
v 163.200 11.968 54.400 0.520 0.500 0.460
v 166.400 12.095 54.400 0.580 0.550 0.360
v 169.600 12.142 54.400 0.580 0.550 0.360
v 6.400 12.501 57.600 0.580 0.550 0.360
v 9.600 12.263 57.600 0.580 0.550 0.360
v 12.800 11.312 57.600 0.580 0.550 0.360
v 16.000 11.583 57.600 0.580 0.550 0.360
v 19.200 12.020 57.600 0.580 0.550 0.360
v 22.400 11.885 57.600 0.580 0.550 0.360
v 25.600 12.352 57.600 0.580 0.550 0.360
v 28.800 11.918 57.600 0.580 0.550 0.360
v 32.000 11.653 57.600 0.580 0.550 0.360
v 35.200 12.331 57.600 0.580 0.550 0.360
v 38.400 11.794 57.600 0.580 0.550 0.360
v 41.600 9.140 57.600 0.518 0.492 0.446
v 44.800 0.166 57.600 0.500 0.400 0.280
v 48.000 0.000 57.600 0.360 0.480 0.240
v 51.200 0.000 57.600 0.394 0.461 0.250
v 54.400 4.215 57.600 0.500 0.400 0.280
v 57.600 12.229 57.600 0.520 0.500 0.460
v 60.800 11.659 57.600 0.580 0.550 0.360
v 64.000 12.749 57.600 0.580 0.550 0.360
v 67.200 12.297 57.600 0.580 0.550 0.360
v 70.400 11.912 57.600 0.580 0.550 0.360
v 73.600 11.240 57.600 0.580 0.550 0.360
v 76.800 11.770 57.600 0.580 0.550 0.360
v 80.000 12.729 57.600 0.580 0.550 0.360
v 83.200 11.820 57.600 0.580 0.550 0.360
v 86.400 12.080 57.600 0.580 0.550 0.360
v 89.600 12.225 57.600 0.580 0.550 0.360
v 92.800 11.241 57.600 0.580 0.550 0.360
v 96.000 12.752 57.600 0.580 0.550 0.360
v 99.200 11.383 57.600 0.580 0.550 0.360
v 102.400 11.339 57.600 0.580 0.550 0.360
v 105.600 12.265 57.600 0.580 0.550 0.360
v 108.800 12.132 57.600 0.580 0.550 0.360
v 112.000 12.779 57.600 0.580 0.550 0.360
v 115.200 11.767 57.600 0.580 0.550 0.360
v 118.400 11.892 57.600 0.580 0.550 0.360
v 121.600 9.618 57.600 0.520 0.498 0.457
v 124.800 1.497 57.600 0.500 0.400 0.280
v 128.000 0.000 57.600 0.360 0.480 0.240
v 131.200 0.000 57.600 0.360 0.480 0.240
v 134.400 0.000 57.600 0.360 0.480 0.240
v 137.600 -0.150 57.600 0.360 0.480 0.240
v 140.800 -0.150 57.600 0.360 0.480 0.240
v 144.000 -0.150 57.600 0.360 0.480 0.240
v 147.200 -0.150 57.600 0.360 0.480 0.240
v 150.400 -0.150 57.600 0.360 0.480 0.240
v 153.600 -0.150 57.600 0.360 0.480 0.240
v 156.800 -0.150 57.600 0.360 0.480 0.240
v 160.000 -0.150 57.600 0.500 0.400 0.280
v 163.200 12.769 57.600 0.520 0.500 0.460
v 166.400 11.527 57.600 0.580 0.550 0.360
v 169.600 12.524 57.600 0.580 0.550 0.360
v 6.400 12.371 60.800 0.580 0.550 0.360
v 9.600 11.237 60.800 0.580 0.550 0.360
v 12.800 12.087 60.800 0.580 0.550 0.360
v 16.000 12.061 60.800 0.580 0.550 0.360
v 19.200 12.146 60.800 0.580 0.550 0.360
v 22.400 12.745 60.800 0.580 0.550 0.360
v 25.600 12.530 60.800 0.580 0.550 0.360
v 28.800 12.680 60.800 0.580 0.550 0.360
v 32.000 11.861 60.800 0.580 0.550 0.360
v 35.200 12.343 60.800 0.580 0.550 0.360
v 38.400 12.023 60.800 0.543 0.520 0.421
v 41.600 7.515 60.800 0.510 0.450 0.371
v 44.800 0.049 60.800 0.500 0.400 0.280
v 48.000 0.000 60.800 0.360 0.480 0.240
v 51.200 0.000 60.800 0.445 0.431 0.264
v 54.400 4.840 60.800 0.500 0.400 0.280
v 57.600 12.638 60.800 0.520 0.500 0.460
v 60.800 12.754 60.800 0.580 0.550 0.360
v 64.000 11.752 60.800 0.580 0.550 0.360
v 67.200 12.548 60.800 0.580 0.550 0.360
v 70.400 11.664 60.800 0.580 0.550 0.360
v 73.600 11.891 60.800 0.580 0.550 0.360
v 76.800 11.478 60.800 0.580 0.550 0.360
v 80.000 12.367 60.800 0.580 0.550 0.360
v 83.200 11.205 60.800 0.580 0.550 0.360
v 86.400 12.158 60.800 0.580 0.550 0.360
v 89.600 12.260 60.800 0.580 0.550 0.360
v 92.800 11.358 60.800 0.580 0.550 0.360
v 96.000 11.539 60.800 0.580 0.550 0.360
v 99.200 12.304 60.800 0.580 0.550 0.360
v 102.400 11.943 60.800 0.580 0.550 0.360
v 105.600 12.469 60.800 0.580 0.550 0.360
v 108.800 11.430 60.800 0.580 0.550 0.360
v 112.000 12.149 60.800 0.580 0.550 0.360
v 115.200 12.162 60.800 0.580 0.550 0.360
v 118.400 12.051 60.800 0.580 0.550 0.360
v 121.600 10.546 60.800 0.520 0.500 0.460
v 124.800 2.447 60.800 0.500 0.400 0.280
v 128.000 0.000 60.800 0.360 0.480 0.240
v 131.200 0.000 60.800 0.360 0.480 0.240
v 134.400 0.000 60.800 0.360 0.480 0.240
v 137.600 0.000 60.800 0.360 0.480 0.240
v 140.800 0.000 60.800 0.360 0.480 0.240
v 144.000 0.000 60.800 0.360 0.480 0.240
v 147.200 0.000 60.800 0.360 0.480 0.240
v 150.400 0.000 60.800 0.360 0.480 0.240
v 153.600 0.000 60.800 0.360 0.480 0.240
v 156.800 2.830 60.800 0.500 0.400 0.280
v 160.000 10.695 60.800 0.520 0.500 0.460
v 163.200 11.780 60.800 0.580 0.550 0.360
v 166.400 11.346 60.800 0.580 0.550 0.360
v 169.600 12.199 60.800 0.580 0.550 0.360
v 6.400 11.808 64.000 0.580 0.550 0.360
v 9.600 12.194 64.000 0.580 0.550 0.360
v 12.800 12.380 64.000 0.580 0.550 0.360
v 16.000 11.990 64.000 0.580 0.550 0.360
v 19.200 11.404 64.000 0.580 0.550 0.360
v 22.400 11.704 64.000 0.580 0.550 0.360
v 25.600 11.307 64.000 0.580 0.550 0.360
v 28.800 11.548 64.000 0.580 0.550 0.360
v 32.000 12.662 64.000 0.580 0.550 0.360
v 35.200 11.427 64.000 0.580 0.550 0.360
v 38.400 12.205 64.000 0.578 0.549 0.363
v 41.600 7.831 64.000 0.512 0.460 0.388
v 44.800 0.001 64.000 0.500 0.400 0.280
v 48.000 0.000 64.000 0.360 0.480 0.240
v 51.200 0.000 64.000 0.480 0.411 0.274
v 54.400 5.319 64.000 0.500 0.401 0.282
v 57.600 12.773 64.000 0.520 0.500 0.460
v 60.800 11.358 64.000 0.580 0.550 0.360
v 64.000 11.761 64.000 0.580 0.550 0.360
v 67.200 11.506 64.000 0.580 0.550 0.360
v 70.400 12.267 64.000 0.580 0.550 0.360
v 73.600 11.936 64.000 0.580 0.550 0.360
v 76.800 12.595 64.000 0.580 0.550 0.360
v 80.000 11.533 64.000 0.580 0.550 0.360
v 83.200 11.779 64.000 0.580 0.550 0.360
v 86.400 12.373 64.000 0.580 0.550 0.360
v 89.600 11.260 64.000 0.580 0.550 0.360
v 92.800 11.623 64.000 0.580 0.550 0.360
v 96.000 12.004 64.000 0.580 0.550 0.360
v 99.200 12.768 64.000 0.580 0.550 0.360
v 102.400 12.665 64.000 0.580 0.550 0.360
v 105.600 12.749 64.000 0.580 0.550 0.360
v 108.800 12.342 64.000 0.580 0.550 0.360
v 112.000 11.277 64.000 0.580 0.550 0.360
v 115.200 12.396 64.000 0.580 0.550 0.360
v 118.400 11.998 64.000 0.580 0.550 0.360
v 121.600 10.796 64.000 0.520 0.500 0.460
v 124.800 3.543 64.000 0.500 0.400 0.280
v 128.000 0.000 64.000 0.361 0.479 0.240
v 131.200 0.000 64.000 0.360 0.480 0.240
v 134.400 0.000 64.000 0.360 0.480 0.240
v 137.600 0.000 64.000 0.360 0.480 0.240
v 140.800 0.000 64.000 0.360 0.480 0.240
v 144.000 0.000 64.000 0.360 0.480 0.240
v 147.200 0.000 64.000 0.360 0.480 0.240
v 150.400 0.000 64.000 0.360 0.480 0.240
v 153.600 0.000 64.000 0.360 0.480 0.240
v 156.800 3.042 64.000 0.500 0.400 0.280
v 160.000 10.442 64.000 0.520 0.500 0.460
v 163.200 12.270 64.000 0.580 0.550 0.360
v 166.400 11.662 64.000 0.580 0.550 0.360
v 169.600 12.550 64.000 0.580 0.550 0.360
v 6.400 12.308 67.200 0.580 0.550 0.360
v 9.600 12.492 67.200 0.580 0.550 0.360
v 12.800 12.271 67.200 0.580 0.550 0.360
v 16.000 12.353 67.200 0.580 0.550 0.360
v 19.200 11.871 67.200 0.580 0.550 0.360
v 22.400 12.048 67.200 0.580 0.550 0.360
v 25.600 12.635 67.200 0.580 0.550 0.360
v 28.800 12.086 67.200 0.580 0.550 0.360
v 32.000 12.272 67.200 0.580 0.550 0.360
v 35.200 11.691 67.200 0.580 0.550 0.360
v 38.400 11.423 67.200 0.557 0.531 0.398
v 41.600 7.235 67.200 0.508 0.442 0.356
v 44.800 0.000 67.200 0.500 0.400 0.280
v 48.000 0.000 67.200 0.360 0.480 0.240
v 51.200 0.000 67.200 0.498 0.401 0.280
v 54.400 5.761 67.200 0.501 0.406 0.291
v 57.600 12.589 67.200 0.520 0.500 0.460
v 60.800 12.240 67.200 0.580 0.550 0.360
v 64.000 12.163 67.200 0.580 0.550 0.360
v 67.200 12.600 67.200 0.580 0.550 0.360
v 70.400 11.468 67.200 0.580 0.550 0.360
v 73.600 11.609 67.200 0.580 0.550 0.360
v 76.800 11.340 67.200 0.580 0.550 0.360
v 80.000 12.645 67.200 0.580 0.550 0.360
v 83.200 11.647 67.200 0.580 0.550 0.360
v 86.400 11.334 67.200 0.580 0.550 0.360
v 89.600 11.650 67.200 0.580 0.550 0.360
v 92.800 11.294 67.200 0.580 0.550 0.360
v 96.000 12.584 67.200 0.580 0.550 0.360
v 99.200 11.818 67.200 0.580 0.550 0.360
v 102.400 11.510 67.200 0.580 0.550 0.360
v 105.600 11.755 67.200 0.580 0.550 0.360
v 108.800 11.796 67.200 0.580 0.550 0.360
v 112.000 11.517 67.200 0.580 0.550 0.360
v 115.200 11.502 67.200 0.580 0.550 0.360
v 118.400 12.024 67.200 0.580 0.550 0.360
v 121.600 11.100 67.200 0.520 0.500 0.460
v 124.800 4.732 67.200 0.500 0.400 0.280
v 128.000 0.000 67.200 0.436 0.437 0.262
v 131.200 0.000 67.200 0.360 0.480 0.240
v 134.400 0.000 67.200 0.360 0.480 0.240
v 137.600 0.000 67.200 0.360 0.480 0.240
v 140.800 0.000 67.200 0.360 0.480 0.240
v 144.000 0.000 67.200 0.360 0.480 0.240
v 147.200 0.000 67.200 0.360 0.480 0.240
v 150.400 0.000 67.200 0.360 0.480 0.240
v 153.600 0.000 67.200 0.360 0.480 0.240
v 156.800 3.246 67.200 0.500 0.400 0.280
v 160.000 10.240 67.200 0.520 0.500 0.460
v 163.200 12.732 67.200 0.580 0.550 0.360
v 166.400 11.658 67.200 0.580 0.550 0.360
v 169.600 11.714 67.200 0.580 0.550 0.360
v 6.400 11.602 70.400 0.580 0.550 0.360
v 9.600 11.894 70.400 0.580 0.550 0.360
v 12.800 11.768 70.400 0.580 0.550 0.360
v 16.000 12.600 70.400 0.580 0.550 0.360
v 19.200 12.250 70.400 0.580 0.550 0.360
v 22.400 12.432 70.400 0.580 0.550 0.360
v 25.600 12.357 70.400 0.580 0.550 0.360
v 28.800 11.269 70.400 0.580 0.550 0.360
v 32.000 12.207 70.400 0.580 0.550 0.360
v 35.200 12.062 70.400 0.580 0.550 0.360
v 38.400 12.184 70.400 0.521 0.501 0.458
v 41.600 6.396 70.400 0.504 0.419 0.314
v 44.800 0.000 70.400 0.500 0.400 0.280
v 48.000 0.000 70.400 0.360 0.480 0.240
v 51.200 0.000 70.400 0.500 0.400 0.280
v 54.400 6.471 70.400 0.504 0.421 0.318
v 57.600 11.915 70.400 0.520 0.500 0.460
v 60.800 11.909 70.400 0.520 0.500 0.460
v 64.000 10.760 70.400 0.520 0.500 0.460
v 67.200 12.160 70.400 0.568 0.540 0.381
v 70.400 12.298 70.400 0.580 0.550 0.360
v 73.600 12.548 70.400 0.580 0.550 0.360
v 76.800 12.482 70.400 0.580 0.550 0.360
v 80.000 12.570 70.400 0.580 0.550 0.360
v 83.200 12.636 70.400 0.580 0.550 0.360
v 86.400 12.537 70.400 0.580 0.550 0.360
v 89.600 11.934 70.400 0.580 0.550 0.360
v 92.800 12.368 70.400 0.580 0.550 0.360
v 96.000 11.355 70.400 0.580 0.550 0.360
v 99.200 11.315 70.400 0.580 0.550 0.360
v 102.400 12.253 70.400 0.580 0.550 0.360
v 105.600 11.738 70.400 0.580 0.550 0.360
v 108.800 11.961 70.400 0.580 0.550 0.360
v 112.000 11.785 70.400 0.580 0.550 0.360
v 115.200 12.550 70.400 0.580 0.550 0.360
v 118.400 12.143 70.400 0.580 0.550 0.360
v 121.600 11.384 70.400 0.520 0.500 0.460
v 124.800 6.111 70.400 0.503 0.413 0.303
v 128.000 0.077 70.400 0.500 0.400 0.280
v 131.200 0.000 70.400 0.360 0.480 0.240
v 134.400 0.000 70.400 0.360 0.480 0.240
v 137.600 0.000 70.400 0.360 0.480 0.240
v 140.800 0.000 70.400 0.360 0.480 0.240
v 144.000 0.000 70.400 0.360 0.480 0.240
v 147.200 0.000 70.400 0.360 0.480 0.240
v 150.400 0.000 70.400 0.360 0.480 0.240
v 153.600 0.000 70.400 0.369 0.475 0.243
v 156.800 3.453 70.400 0.500 0.400 0.280
v 160.000 11.344 70.400 0.520 0.500 0.460
v 163.200 11.665 70.400 0.580 0.550 0.360
v 166.400 11.495 70.400 0.580 0.550 0.360
v 169.600 12.297 70.400 0.580 0.550 0.360
v 6.400 12.282 73.600 0.580 0.550 0.360
v 9.600 11.377 73.600 0.580 0.550 0.360
v 12.800 12.289 73.600 0.580 0.550 0.360
v 16.000 11.998 73.600 0.580 0.550 0.360
v 19.200 11.952 73.600 0.580 0.550 0.360
v 22.400 11.509 73.600 0.580 0.550 0.360
v 25.600 11.617 73.600 0.580 0.550 0.360
v 28.800 11.342 73.600 0.578 0.549 0.363
v 32.000 11.839 73.600 0.529 0.507 0.445
v 35.200 11.582 73.600 0.520 0.500 0.459
v 38.400 11.964 73.600 0.520 0.500 0.460
v 41.600 4.943 73.600 0.500 0.400 0.280
v 44.800 0.000 73.600 0.453 0.427 0.267
v 48.000 0.000 73.600 0.360 0.480 0.240
v 51.200 0.013 73.600 0.500 0.400 0.280
v 54.400 7.424 73.600 0.510 0.448 0.366
v 57.600 7.260 73.600 0.509 0.443 0.357
v 60.800 6.046 73.600 0.502 0.411 0.300
v 64.000 5.263 73.600 0.500 0.401 0.281
v 67.200 8.753 73.600 0.517 0.484 0.432
v 70.400 12.256 73.600 0.520 0.500 0.460
v 73.600 12.796 73.600 0.580 0.550 0.360
v 76.800 11.504 73.600 0.580 0.550 0.360
v 80.000 11.485 73.600 0.580 0.550 0.360
v 83.200 12.005 73.600 0.580 0.550 0.360
v 86.400 11.452 73.600 0.580 0.550 0.360
v 89.600 11.426 73.600 0.580 0.550 0.360
v 92.800 11.391 73.600 0.580 0.550 0.360
v 96.000 12.541 73.600 0.580 0.550 0.360
v 99.200 11.290 73.600 0.580 0.550 0.360
v 102.400 11.638 73.600 0.580 0.550 0.360
v 105.600 12.048 73.600 0.580 0.550 0.360
v 108.800 11.340 73.600 0.580 0.550 0.360
v 112.000 12.276 73.600 0.580 0.550 0.360
v 115.200 11.458 73.600 0.580 0.550 0.360
v 118.400 11.675 73.600 0.580 0.550 0.360
v 121.600 11.515 73.600 0.554 0.529 0.403
v 124.800 7.181 73.600 0.508 0.440 0.353
v 128.000 1.594 73.600 0.500 0.400 0.280
v 131.200 1.594 73.600 0.500 0.400 0.280
v 134.400 1.594 73.600 0.500 0.400 0.280
v 137.600 1.594 73.600 0.500 0.400 0.280
v 140.800 1.594 73.600 0.500 0.400 0.280
v 144.000 1.594 73.600 0.500 0.400 0.280
v 147.200 1.594 73.600 0.500 0.400 0.280
v 150.400 1.594 73.600 0.500 0.400 0.280
v 153.600 1.594 73.600 0.500 0.400 0.280
v 156.800 3.664 73.600 0.500 0.400 0.280
v 160.000 10.599 73.600 0.520 0.500 0.460
v 163.200 11.818 73.600 0.580 0.550 0.360
v 166.400 12.615 73.600 0.580 0.550 0.360
v 169.600 11.257 73.600 0.580 0.550 0.360
v 6.400 12.505 76.800 0.580 0.550 0.360
v 9.600 12.202 76.800 0.580 0.550 0.360
v 12.800 12.523 76.800 0.580 0.550 0.360
v 16.000 11.762 76.800 0.580 0.550 0.360
v 19.200 12.348 76.800 0.580 0.550 0.360
v 22.400 10.236 76.800 0.572 0.547 0.357
v 25.600 9.354 76.800 0.519 0.495 0.452
v 28.800 7.629 76.800 0.511 0.454 0.377
v 32.000 6.906 76.800 0.507 0.433 0.339
v 35.200 6.248 76.800 0.503 0.416 0.308
v 38.400 5.202 76.800 0.500 0.400 0.281
v 41.600 3.740 76.800 0.500 0.400 0.280
v 44.800 0.000 76.800 0.367 0.476 0.242
v 48.000 0.000 76.800 0.360 0.480 0.240
v 51.200 0.266 76.800 0.360 0.480 0.240
v 54.400 1.429 76.800 0.500 0.400 0.280
v 57.600 0.879 76.800 0.500 0.400 0.280
v 60.800 0.447 76.800 0.500 0.400 0.280
v 64.000 0.565 76.800 0.500 0.400 0.280
v 67.200 3.606 76.800 0.500 0.400 0.280
v 70.400 7.258 76.800 0.509 0.443 0.357
v 73.600 10.709 76.800 0.520 0.500 0.460
v 76.800 11.335 76.800 0.580 0.550 0.360
v 80.000 11.470 76.800 0.580 0.550 0.360
v 83.200 12.770 76.800 0.580 0.550 0.360
v 86.400 12.305 76.800 0.580 0.550 0.360
v 89.600 12.465 76.800 0.580 0.550 0.360
v 92.800 12.566 76.800 0.580 0.550 0.360
v 96.000 12.177 76.800 0.580 0.550 0.360
v 99.200 12.527 76.800 0.580 0.550 0.360
v 102.400 11.476 76.800 0.580 0.550 0.360
v 105.600 12.624 76.800 0.580 0.550 0.360
v 108.800 12.394 76.800 0.580 0.550 0.360
v 112.000 12.176 76.800 0.580 0.550 0.360
v 115.200 12.793 76.800 0.580 0.550 0.360
v 118.400 11.800 76.800 0.580 0.550 0.360
v 121.600 12.039 76.800 0.580 0.550 0.360
v 124.800 8.541 76.800 0.516 0.486 0.411
v 128.000 9.053 76.800 0.518 0.491 0.443
v 131.200 9.922 76.800 0.520 0.500 0.460
v 134.400 9.910 76.800 0.520 0.500 0.460
v 137.600 9.884 76.800 0.520 0.500 0.460
v 140.800 8.457 76.800 0.515 0.477 0.419
v 144.000 9.732 76.800 0.520 0.499 0.459
v 147.200 8.524 76.800 0.516 0.479 0.422
v 150.400 9.293 76.800 0.519 0.495 0.450
v 153.600 9.867 76.800 0.520 0.500 0.460
v 156.800 9.220 76.800 0.519 0.493 0.448
v 160.000 11.868 76.800 0.580 0.550 0.360
v 163.200 12.007 76.800 0.580 0.550 0.360
v 166.400 11.870 76.800 0.580 0.550 0.360
v 169.600 11.625 76.800 0.580 0.550 0.360
v 6.400 11.293 80.000 0.580 0.550 0.360
v 9.600 12.074 80.000 0.580 0.550 0.360
v 12.800 12.006 80.000 0.580 0.550 0.360
v 16.000 12.656 80.000 0.580 0.550 0.360
v 19.200 12.451 80.000 0.580 0.550 0.360
v 22.400 9.553 80.000 0.520 0.498 0.456
v 25.600 2.718 80.000 0.500 0.400 0.280
v 28.800 1.429 80.000 0.500 0.400 0.280
v 32.000 0.879 80.000 0.500 0.400 0.280
v 35.200 0.447 80.000 0.500 0.400 0.280
v 38.400 0.152 80.000 0.474 0.415 0.272
v 41.600 0.010 80.000 0.367 0.476 0.242
v 44.800 0.000 80.000 0.360 0.480 0.240
v 48.000 0.000 80.000 0.360 0.480 0.240
v 51.200 0.000 80.000 0.360 0.480 0.240
v 54.400 0.000 80.000 0.360 0.480 0.240
v 57.600 0.000 80.000 0.360 0.480 0.240
v 60.800 0.000 80.000 0.360 0.480 0.240
v 64.000 0.000 80.000 0.360 0.480 0.240
v 67.200 0.051 80.000 0.393 0.461 0.250
v 70.400 2.161 80.000 0.500 0.400 0.280
v 73.600 5.979 80.000 0.502 0.410 0.298
v 76.800 9.735 80.000 0.520 0.499 0.459
v 80.000 11.168 80.000 0.579 0.549 0.362
v 83.200 12.388 80.000 0.580 0.550 0.360
v 86.400 11.577 80.000 0.580 0.550 0.360
v 89.600 12.426 80.000 0.580 0.550 0.360
v 92.800 12.786 80.000 0.580 0.550 0.360
v 96.000 11.372 80.000 0.580 0.550 0.360
v 99.200 11.695 80.000 0.580 0.550 0.360
v 102.400 11.894 80.000 0.580 0.550 0.360
v 105.600 11.817 80.000 0.580 0.550 0.360
v 108.800 11.928 80.000 0.580 0.550 0.360
v 112.000 12.597 80.000 0.580 0.550 0.360
v 115.200 11.903 80.000 0.580 0.550 0.360
v 118.400 12.429 80.000 0.580 0.550 0.360
v 121.600 12.310 80.000 0.580 0.550 0.360
v 124.800 11.626 80.000 0.578 0.548 0.364
v 128.000 12.786 80.000 0.579 0.549 0.362
v 131.200 12.213 80.000 0.580 0.550 0.360
v 134.400 11.378 80.000 0.580 0.550 0.360
v 137.600 12.481 80.000 0.580 0.550 0.360
v 140.800 11.564 80.000 0.573 0.544 0.372
v 144.000 12.214 80.000 0.580 0.550 0.360
v 147.200 12.567 80.000 0.569 0.541 0.379
v 150.400 12.631 80.000 0.578 0.548 0.364
v 153.600 11.335 80.000 0.580 0.550 0.360
v 156.800 11.373 80.000 0.580 0.550 0.360
v 160.000 12.130 80.000 0.580 0.550 0.360
v 163.200 11.415 80.000 0.580 0.550 0.360
v 166.400 12.671 80.000 0.580 0.550 0.360
v 169.600 12.607 80.000 0.580 0.550 0.360
v 6.400 12.536 83.200 0.580 0.550 0.360
v 9.600 12.689 83.200 0.580 0.550 0.360
v 12.800 12.004 83.200 0.580 0.550 0.360
v 16.000 12.116 83.200 0.580 0.550 0.360
v 19.200 12.485 83.200 0.580 0.550 0.360
v 22.400 8.786 83.200 0.517 0.485 0.433
v 25.600 1.994 83.200 0.500 0.400 0.280
v 28.800 0.000 83.200 0.360 0.480 0.240
v 32.000 0.000 83.200 0.360 0.480 0.240
v 35.200 0.000 83.200 0.360 0.480 0.240
v 38.400 0.000 83.200 0.360 0.480 0.240
v 41.600 0.000 83.200 0.360 0.480 0.240
v 44.800 0.000 83.200 0.360 0.480 0.240
v 48.000 0.000 83.200 0.360 0.480 0.240
v 51.200 0.000 83.200 0.360 0.480 0.240
v 54.400 0.000 83.200 0.360 0.480 0.240
v 57.600 0.000 83.200 0.360 0.480 0.240
v 60.800 0.000 83.200 0.360 0.480 0.240
v 64.000 0.000 83.200 0.360 0.480 0.240
v 67.200 0.000 83.200 0.360 0.480 0.240
v 70.400 0.000 83.200 0.360 0.480 0.240
v 73.600 1.002 83.200 0.500 0.400 0.280
v 76.800 4.377 83.200 0.500 0.400 0.280
v 80.000 9.021 83.200 0.518 0.490 0.442
v 83.200 10.688 83.200 0.520 0.500 0.460
v 86.400 12.653 83.200 0.580 0.550 0.360
v 89.600 12.779 83.200 0.580 0.550 0.360
v 92.800 11.971 83.200 0.580 0.550 0.360
v 96.000 12.496 83.200 0.580 0.550 0.360
v 99.200 11.401 83.200 0.580 0.550 0.360
v 102.400 11.507 83.200 0.580 0.550 0.360
v 105.600 11.265 83.200 0.580 0.550 0.360
v 108.800 11.556 83.200 0.580 0.550 0.360
v 112.000 12.090 83.200 0.580 0.550 0.360
v 115.200 11.579 83.200 0.580 0.550 0.360
v 118.400 12.607 83.200 0.580 0.550 0.360
v 121.600 12.760 83.200 0.580 0.550 0.360
v 124.800 12.219 83.200 0.580 0.550 0.360
v 128.000 12.626 83.200 0.580 0.550 0.360
v 131.200 12.378 83.200 0.580 0.550 0.360
v 134.400 12.117 83.200 0.580 0.550 0.360
v 137.600 12.775 83.200 0.580 0.550 0.360
v 140.800 12.408 83.200 0.580 0.550 0.360
v 144.000 12.488 83.200 0.580 0.550 0.360
v 147.200 12.608 83.200 0.580 0.550 0.360
v 150.400 12.771 83.200 0.580 0.550 0.360
v 153.600 12.192 83.200 0.580 0.550 0.360
v 156.800 11.993 83.200 0.580 0.550 0.360
v 160.000 12.772 83.200 0.580 0.550 0.360
v 163.200 11.815 83.200 0.580 0.550 0.360
v 166.400 12.593 83.200 0.580 0.550 0.360
v 169.600 12.756 83.200 0.580 0.550 0.360
v 6.400 11.235 86.400 0.580 0.550 0.360
v 9.600 11.377 86.400 0.580 0.550 0.360
v 12.800 12.249 86.400 0.580 0.550 0.360
v 16.000 12.269 86.400 0.580 0.550 0.360
v 19.200 11.838 86.400 0.541 0.517 0.426
v 22.400 7.383 86.400 0.509 0.446 0.364
v 25.600 1.354 86.400 0.500 0.400 0.280
v 28.800 0.000 86.400 0.360 0.480 0.240
v 32.000 0.000 86.400 0.360 0.480 0.240
v 35.200 0.000 86.400 0.360 0.480 0.240
v 38.400 0.000 86.400 0.360 0.480 0.240
v 41.600 0.000 86.400 0.360 0.480 0.240
v 44.800 0.000 86.400 0.360 0.480 0.240
v 48.000 0.000 86.400 0.360 0.480 0.240
v 51.200 0.000 86.400 0.360 0.480 0.240
v 54.400 0.000 86.400 0.360 0.480 0.240
v 57.600 0.000 86.400 0.360 0.480 0.240
v 60.800 0.000 86.400 0.360 0.480 0.240
v 64.000 0.000 86.400 0.360 0.480 0.240
v 67.200 0.000 86.400 0.360 0.480 0.240
v 70.400 0.000 86.400 0.360 0.480 0.240
v 73.600 0.000 86.400 0.360 0.480 0.240
v 76.800 0.243 86.400 0.474 0.415 0.273
v 80.000 2.855 86.400 0.500 0.400 0.280
v 83.200 7.053 86.400 0.507 0.437 0.346
v 86.400 10.615 86.400 0.520 0.500 0.460
v 89.600 12.670 86.400 0.580 0.550 0.360
v 92.800 11.424 86.400 0.580 0.550 0.360
v 96.000 12.278 86.400 0.580 0.550 0.360
v 99.200 11.737 86.400 0.580 0.550 0.360
v 102.400 12.060 86.400 0.580 0.550 0.360
v 105.600 12.473 86.400 0.580 0.550 0.360
v 108.800 12.333 86.400 0.580 0.550 0.360
v 112.000 12.351 86.400 0.580 0.550 0.360
v 115.200 11.230 86.400 0.580 0.550 0.360
v 118.400 12.604 86.400 0.580 0.550 0.360
v 121.600 12.174 86.400 0.580 0.550 0.360
v 124.800 11.374 86.400 0.580 0.550 0.360
v 128.000 12.053 86.400 0.580 0.550 0.360
v 131.200 11.884 86.400 0.580 0.550 0.360
v 134.400 12.612 86.400 0.580 0.550 0.360
v 137.600 11.762 86.400 0.580 0.550 0.360
v 140.800 12.128 86.400 0.580 0.550 0.360
v 144.000 12.369 86.400 0.580 0.550 0.360
v 147.200 12.592 86.400 0.580 0.550 0.360
v 150.400 11.448 86.400 0.580 0.550 0.360
v 153.600 12.161 86.400 0.580 0.550 0.360
v 156.800 11.669 86.400 0.580 0.550 0.360
v 160.000 11.781 86.400 0.580 0.550 0.360
v 163.200 12.504 86.400 0.580 0.550 0.360
v 166.400 11.613 86.400 0.580 0.550 0.360
v 169.600 11.637 86.400 0.580 0.550 0.360
v 6.400 11.457 89.600 0.580 0.550 0.360
v 9.600 12.402 89.600 0.580 0.550 0.360
v 12.800 12.627 89.600 0.580 0.550 0.360
v 16.000 11.378 89.600 0.580 0.550 0.360
v 19.200 11.839 89.600 0.558 0.531 0.397
v 22.400 6.936 89.600 0.507 0.433 0.340
v 25.600 0.818 89.600 0.500 0.400 0.280
v 28.800 0.000 89.600 0.360 0.480 0.240
v 32.000 0.000 89.600 0.360 0.480 0.240
v 35.200 0.000 89.600 0.360 0.480 0.240
v 38.400 0.000 89.600 0.360 0.480 0.240
v 41.600 0.000 89.600 0.360 0.480 0.240
v 44.800 0.000 89.600 0.360 0.480 0.240
v 48.000 0.000 89.600 0.360 0.480 0.240
v 51.200 0.000 89.600 0.360 0.480 0.240
v 54.400 0.000 89.600 0.360 0.480 0.240
v 57.600 0.000 89.600 0.360 0.480 0.240
v 60.800 0.000 89.600 0.360 0.480 0.240
v 64.000 0.000 89.600 0.360 0.480 0.240
v 67.200 0.000 89.600 0.360 0.480 0.240
v 70.400 0.000 89.600 0.360 0.480 0.240
v 73.600 0.000 89.600 0.360 0.480 0.240
v 76.800 0.000 89.600 0.360 0.480 0.240
v 80.000 0.000 89.600 0.360 0.480 0.240
v 83.200 1.538 89.600 0.500 0.400 0.280
v 86.400 8.068 89.600 0.513 0.467 0.400
v 89.600 12.650 89.600 0.556 0.530 0.399
v 92.800 12.342 89.600 0.580 0.550 0.360
v 96.000 11.315 89.600 0.580 0.550 0.360
v 99.200 12.543 89.600 0.580 0.550 0.360
v 102.400 11.209 89.600 0.580 0.550 0.360
v 105.600 11.768 89.600 0.580 0.550 0.360
v 108.800 12.509 89.600 0.580 0.550 0.360
v 112.000 12.433 89.600 0.580 0.550 0.360
v 115.200 11.217 89.600 0.580 0.550 0.360
v 118.400 11.428 89.600 0.580 0.550 0.360
v 121.600 12.630 89.600 0.580 0.550 0.360
v 124.800 11.369 89.600 0.580 0.550 0.360
v 128.000 11.604 89.600 0.580 0.550 0.360
v 131.200 12.617 89.600 0.580 0.550 0.360
v 134.400 11.867 89.600 0.580 0.550 0.360
v 137.600 12.050 89.600 0.580 0.550 0.360
v 140.800 11.476 89.600 0.580 0.550 0.360
v 144.000 11.294 89.600 0.580 0.550 0.360
v 147.200 11.264 89.600 0.580 0.550 0.360
v 150.400 12.407 89.600 0.580 0.550 0.360
v 153.600 12.419 89.600 0.580 0.550 0.360
v 156.800 12.002 89.600 0.580 0.550 0.360
v 160.000 12.655 89.600 0.580 0.550 0.360
v 163.200 12.412 89.600 0.580 0.550 0.360
v 166.400 11.743 89.600 0.580 0.550 0.360
v 169.600 11.627 89.600 0.580 0.550 0.360
v 6.400 11.949 92.800 0.580 0.550 0.360
v 9.600 11.869 92.800 0.580 0.550 0.360
v 12.800 11.568 92.800 0.580 0.550 0.360
v 16.000 12.609 92.800 0.580 0.550 0.360
v 19.200 12.023 92.800 0.520 0.500 0.460
v 22.400 6.105 92.800 0.503 0.413 0.303
v 25.600 0.403 92.800 0.500 0.400 0.280
v 28.800 0.000 92.800 0.360 0.480 0.240
v 32.000 0.000 92.800 0.360 0.480 0.240
v 35.200 0.000 92.800 0.360 0.480 0.240
v 38.400 0.000 92.800 0.360 0.480 0.240
v 41.600 0.000 92.800 0.360 0.480 0.240
v 44.800 0.000 92.800 0.360 0.480 0.240
v 48.000 0.000 92.800 0.360 0.480 0.240
v 51.200 0.000 92.800 0.360 0.480 0.240
v 54.400 0.000 92.800 0.499 0.400 0.280
v 57.600 0.000 92.800 0.495 0.403 0.279
v 60.800 0.000 92.800 0.360 0.480 0.240
v 64.000 0.000 92.800 0.360 0.480 0.240
v 67.200 0.000 92.800 0.360 0.480 0.240
v 70.400 0.000 92.800 0.360 0.480 0.240
v 73.600 0.000 92.800 0.360 0.480 0.240
v 76.800 0.000 92.800 0.360 0.480 0.240
v 80.000 0.000 92.800 0.360 0.480 0.240
v 83.200 2.895 92.800 0.500 0.400 0.280
v 86.400 10.070 92.800 0.520 0.500 0.460
v 89.600 11.325 92.800 0.580 0.550 0.360
v 92.800 12.488 92.800 0.580 0.550 0.360
v 96.000 11.257 92.800 0.580 0.550 0.360
v 99.200 12.531 92.800 0.580 0.550 0.360
v 102.400 11.981 92.800 0.580 0.550 0.360
v 105.600 12.019 92.800 0.580 0.550 0.360
v 108.800 12.678 92.800 0.580 0.550 0.360
v 112.000 12.177 92.800 0.580 0.550 0.360
v 115.200 11.264 92.800 0.580 0.550 0.360
v 118.400 12.226 92.800 0.580 0.550 0.360
v 121.600 12.566 92.800 0.580 0.550 0.360
v 124.800 12.650 92.800 0.580 0.550 0.360
v 128.000 11.734 92.800 0.580 0.550 0.360
v 131.200 11.318 92.800 0.580 0.550 0.360
v 134.400 11.542 92.800 0.580 0.550 0.360
v 137.600 12.178 92.800 0.580 0.550 0.360
v 140.800 12.057 92.800 0.580 0.550 0.360
v 144.000 11.833 92.800 0.580 0.550 0.360
v 147.200 12.224 92.800 0.580 0.550 0.360
v 150.400 11.653 92.800 0.580 0.550 0.360
v 153.600 12.130 92.800 0.580 0.550 0.360
v 156.800 11.789 92.800 0.580 0.550 0.360
v 160.000 12.551 92.800 0.580 0.550 0.360
v 163.200 11.721 92.800 0.580 0.550 0.360
v 166.400 12.173 92.800 0.580 0.550 0.360
v 169.600 11.763 92.800 0.580 0.550 0.360
v 6.400 11.996 96.000 0.580 0.550 0.360
v 9.600 11.855 96.000 0.580 0.550 0.360
v 12.800 11.949 96.000 0.580 0.550 0.360
v 16.000 12.784 96.000 0.580 0.550 0.360
v 19.200 10.609 96.000 0.520 0.500 0.460
v 22.400 5.374 96.000 0.500 0.402 0.283
v 25.600 0.125 96.000 0.484 0.409 0.275
v 28.800 0.000 96.000 0.360 0.480 0.240
v 32.000 0.000 96.000 0.360 0.480 0.240
v 35.200 0.000 96.000 0.360 0.480 0.240
v 38.400 0.000 96.000 0.360 0.480 0.240
v 41.600 0.000 96.000 0.360 0.480 0.240
v 44.800 0.000 96.000 0.360 0.480 0.240
v 48.000 0.000 96.000 0.360 0.480 0.240
v 51.200 2.737 96.000 0.500 0.400 0.280
v 54.400 5.825 96.000 0.501 0.407 0.293
v 57.600 5.638 96.000 0.501 0.404 0.288
v 60.800 2.163 96.000 0.500 0.400 0.280
v 64.000 0.000 96.000 0.360 0.480 0.240
v 67.200 0.000 96.000 0.360 0.480 0.240
v 70.400 0.000 96.000 0.360 0.480 0.240
v 73.600 0.000 96.000 0.360 0.480 0.240
v 76.800 0.000 96.000 0.360 0.480 0.240
v 80.000 0.083 96.000 0.447 0.431 0.265
v 83.200 4.786 96.000 0.500 0.400 0.280
v 86.400 10.388 96.000 0.520 0.500 0.460
v 89.600 11.249 96.000 0.580 0.550 0.360
v 92.800 11.966 96.000 0.580 0.550 0.360
v 96.000 11.791 96.000 0.580 0.550 0.360
v 99.200 12.729 96.000 0.580 0.550 0.360
v 102.400 11.523 96.000 0.580 0.550 0.360
v 105.600 12.248 96.000 0.580 0.550 0.360
v 108.800 12.534 96.000 0.580 0.550 0.360
v 112.000 11.451 96.000 0.580 0.550 0.360
v 115.200 11.542 96.000 0.580 0.550 0.360
v 118.400 12.591 96.000 0.580 0.550 0.360
v 121.600 12.296 96.000 0.580 0.550 0.360
v 124.800 11.967 96.000 0.580 0.550 0.360
v 128.000 12.443 96.000 0.580 0.550 0.360
v 131.200 11.521 96.000 0.580 0.550 0.360
v 134.400 11.809 96.000 0.580 0.550 0.360
v 137.600 12.279 96.000 0.580 0.550 0.360
v 140.800 12.604 96.000 0.580 0.550 0.360
v 144.000 12.640 96.000 0.580 0.550 0.360
v 147.200 12.594 96.000 0.580 0.550 0.360
v 150.400 11.337 96.000 0.580 0.550 0.360
v 153.600 11.835 96.000 0.580 0.550 0.360
v 156.800 11.921 96.000 0.580 0.550 0.360
v 160.000 12.088 96.000 0.580 0.550 0.360
v 163.200 11.842 96.000 0.580 0.550 0.360
v 166.400 12.506 96.000 0.580 0.550 0.360
v 169.600 12.663 96.000 0.580 0.550 0.360
v 6.400 12.344 99.200 0.580 0.550 0.360
v 9.600 11.221 99.200 0.580 0.550 0.360
v 12.800 12.738 99.200 0.580 0.550 0.360
v 16.000 12.474 99.200 0.580 0.550 0.360
v 19.200 10.305 99.200 0.520 0.500 0.460
v 22.400 4.328 99.200 0.500 0.400 0.280
v 25.600 0.004 99.200 0.403 0.456 0.252
v 28.800 0.000 99.200 0.360 0.480 0.240
v 32.000 0.000 99.200 0.360 0.480 0.240
v 35.200 0.000 99.200 0.360 0.480 0.240
v 38.400 0.000 99.200 0.360 0.480 0.240
v 41.600 0.000 99.200 0.360 0.480 0.240
v 44.800 0.000 99.200 0.360 0.480 0.240
v 48.000 1.894 99.200 0.500 0.400 0.280
v 51.200 7.000 99.200 0.507 0.435 0.343
v 54.400 7.000 99.200 0.447 0.508 0.287
v 57.600 7.000 99.200 0.447 0.508 0.287
v 60.800 6.939 99.200 0.507 0.433 0.340
v 64.000 1.101 99.200 0.500 0.400 0.280
v 67.200 0.000 99.200 0.360 0.480 0.240
v 70.400 0.000 99.200 0.360 0.480 0.240
v 73.600 0.000 99.200 0.360 0.480 0.240
v 76.800 0.000 99.200 0.360 0.480 0.240
v 80.000 0.840 99.200 0.500 0.400 0.280
v 83.200 7.205 99.200 0.508 0.441 0.354
v 86.400 12.627 99.200 0.546 0.521 0.417
v 89.600 11.781 99.200 0.580 0.550 0.360
v 92.800 11.886 99.200 0.580 0.550 0.360
v 96.000 12.167 99.200 0.580 0.550 0.360
v 99.200 12.686 99.200 0.580 0.550 0.360
v 102.400 11.407 99.200 0.580 0.550 0.360
v 105.600 12.152 99.200 0.580 0.550 0.360
v 108.800 12.766 99.200 0.580 0.550 0.360
v 112.000 11.509 99.200 0.580 0.550 0.360
v 115.200 12.575 99.200 0.580 0.550 0.360
v 118.400 11.690 99.200 0.580 0.550 0.360
v 121.600 11.896 99.200 0.580 0.550 0.360
v 124.800 11.812 99.200 0.580 0.550 0.360
v 128.000 11.483 99.200 0.580 0.550 0.360
v 131.200 11.482 99.200 0.580 0.550 0.360
v 134.400 11.876 99.200 0.580 0.550 0.360
v 137.600 11.590 99.200 0.580 0.550 0.360
v 140.800 11.417 99.200 0.580 0.550 0.360
v 144.000 12.268 99.200 0.580 0.550 0.360
v 147.200 12.195 99.200 0.580 0.550 0.360
v 150.400 11.784 99.200 0.580 0.550 0.360
v 153.600 11.744 99.200 0.580 0.550 0.360
v 156.800 11.346 99.200 0.580 0.550 0.360
v 160.000 11.879 99.200 0.580 0.550 0.360
v 163.200 12.480 99.200 0.580 0.550 0.360
v 166.400 12.552 99.200 0.580 0.550 0.360
v 169.600 11.282 99.200 0.580 0.550 0.360
v 6.400 12.403 102.400 0.580 0.550 0.360
v 9.600 12.512 102.400 0.580 0.550 0.360
v 12.800 12.384 102.400 0.580 0.550 0.360
v 16.000 12.336 102.400 0.580 0.550 0.360
v 19.200 10.940 102.400 0.520 0.500 0.460
v 22.400 3.511 102.400 0.500 0.400 0.280
v 25.600 0.000 102.400 0.361 0.480 0.240
v 28.800 0.000 102.400 0.360 0.480 0.240
v 32.000 0.000 102.400 0.360 0.480 0.240
v 35.200 0.000 102.400 0.360 0.480 0.240
v 38.400 0.000 102.400 0.360 0.480 0.240
v 41.600 0.000 102.400 0.360 0.480 0.240
v 44.800 0.000 102.400 0.379 0.469 0.245
v 48.000 3.982 102.400 0.500 0.400 0.280
v 51.200 7.000 102.400 0.447 0.508 0.287
v 54.400 7.000 102.400 0.447 0.508 0.287
v 57.600 7.000 102.400 0.447 0.508 0.287
v 60.800 7.000 102.400 0.457 0.495 0.297
v 64.000 2.937 102.400 0.500 0.400 0.280
v 67.200 0.000 102.400 0.360 0.480 0.240
v 70.400 0.000 102.400 0.360 0.480 0.240
v 73.600 0.000 102.400 0.360 0.480 0.240
v 76.800 0.000 102.400 0.360 0.480 0.240
v 80.000 2.217 102.400 0.500 0.400 0.280
v 83.200 9.401 102.400 0.519 0.496 0.453
v 86.400 11.779 102.400 0.580 0.550 0.360
v 89.600 12.516 102.400 0.580 0.550 0.360
v 92.800 11.816 102.400 0.580 0.550 0.360
v 96.000 12.594 102.400 0.580 0.550 0.360
v 99.200 11.713 102.400 0.580 0.550 0.360
v 102.400 12.215 102.400 0.580 0.550 0.360
v 105.600 11.223 102.400 0.580 0.550 0.360
v 108.800 11.486 102.400 0.580 0.550 0.360
v 112.000 11.223 102.400 0.580 0.550 0.360
v 115.200 12.725 102.400 0.580 0.550 0.360
v 118.400 11.452 102.400 0.580 0.550 0.360
v 121.600 11.574 102.400 0.580 0.550 0.360
v 124.800 12.520 102.400 0.580 0.550 0.360
v 128.000 11.467 102.400 0.580 0.550 0.360
v 131.200 12.739 102.400 0.580 0.550 0.360
v 134.400 11.553 102.400 0.580 0.550 0.360
v 137.600 12.517 102.400 0.580 0.550 0.360
v 140.800 11.910 102.400 0.580 0.550 0.360
v 144.000 11.227 102.400 0.580 0.550 0.360
v 147.200 12.467 102.400 0.580 0.550 0.360
v 150.400 12.690 102.400 0.580 0.550 0.360
v 153.600 11.267 102.400 0.580 0.550 0.360
v 156.800 11.360 102.400 0.580 0.550 0.360
v 160.000 11.850 102.400 0.580 0.550 0.360
v 163.200 11.909 102.400 0.580 0.550 0.360
v 166.400 11.375 102.400 0.580 0.550 0.360
v 169.600 11.330 102.400 0.580 0.550 0.360
v 6.400 11.848 105.600 0.580 0.550 0.360
v 9.600 12.194 105.600 0.580 0.550 0.360
v 12.800 11.777 105.600 0.580 0.550 0.360
v 16.000 11.524 105.600 0.580 0.550 0.360
v 19.200 9.307 105.600 0.519 0.495 0.451
v 22.400 2.718 105.600 0.500 0.400 0.280
v 25.600 0.000 105.600 0.360 0.480 0.240
v 28.800 0.000 105.600 0.360 0.480 0.240
v 32.000 0.000 105.600 0.360 0.480 0.240
v 35.200 0.000 105.600 0.360 0.480 0.240
v 38.400 0.000 105.600 0.360 0.480 0.240
v 41.600 0.000 105.600 0.360 0.480 0.240
v 44.800 0.000 105.600 0.360 0.480 0.240
v 48.000 2.837 105.600 0.500 0.400 0.280
v 51.200 7.000 105.600 0.478 0.470 0.316
v 54.400 7.000 105.600 0.447 0.508 0.287
v 57.600 7.000 105.600 0.447 0.508 0.287
v 60.800 7.000 105.600 0.507 0.436 0.343
v 64.000 1.894 105.600 0.500 0.400 0.280
v 67.200 0.000 105.600 0.360 0.480 0.240
v 70.400 0.000 105.600 0.360 0.480 0.240
v 73.600 0.000 105.600 0.360 0.480 0.240
v 76.800 0.000 105.600 0.382 0.467 0.246
v 80.000 4.015 105.600 0.500 0.400 0.280
v 83.200 9.860 105.600 0.520 0.500 0.460
v 86.400 11.841 105.600 0.580 0.550 0.360
v 89.600 11.394 105.600 0.580 0.550 0.360
v 92.800 12.035 105.600 0.580 0.550 0.360
v 96.000 11.662 105.600 0.580 0.550 0.360
v 99.200 11.618 105.600 0.580 0.550 0.360
v 102.400 11.683 105.600 0.580 0.550 0.360
v 105.600 12.580 105.600 0.580 0.550 0.360
v 108.800 12.748 105.600 0.580 0.550 0.360
v 112.000 11.494 105.600 0.580 0.550 0.360
v 115.200 12.039 105.600 0.580 0.550 0.360
v 118.400 11.351 105.600 0.580 0.550 0.360
v 121.600 12.159 105.600 0.580 0.550 0.360
v 124.800 12.570 105.600 0.580 0.550 0.360
v 128.000 12.366 105.600 0.580 0.550 0.360
v 131.200 11.905 105.600 0.580 0.550 0.360
v 134.400 12.307 105.600 0.580 0.550 0.360
v 137.600 11.981 105.600 0.580 0.550 0.360
v 140.800 12.524 105.600 0.580 0.550 0.360
v 144.000 11.634 105.600 0.580 0.550 0.360
v 147.200 12.373 105.600 0.580 0.550 0.360
v 150.400 12.750 105.600 0.580 0.550 0.360
v 153.600 12.388 105.600 0.580 0.550 0.360
v 156.800 11.627 105.600 0.580 0.550 0.360
v 160.000 12.458 105.600 0.580 0.550 0.360
v 163.200 12.673 105.600 0.580 0.550 0.360
v 166.400 11.835 105.600 0.580 0.550 0.360
v 169.600 11.896 105.600 0.580 0.550 0.360
v 6.400 12.510 108.800 0.580 0.550 0.360
v 9.600 12.167 108.800 0.580 0.550 0.360
v 12.800 11.288 108.800 0.580 0.550 0.360
v 16.000 12.035 108.800 0.580 0.550 0.360
v 19.200 8.238 108.800 0.514 0.472 0.409
v 22.400 1.994 108.800 0.500 0.400 0.280
v 25.600 0.000 108.800 0.360 0.480 0.240
v 28.800 0.000 108.800 0.360 0.480 0.240
v 32.000 0.000 108.800 0.360 0.480 0.240
v 35.200 0.000 108.800 0.360 0.480 0.240
v 38.400 0.000 108.800 0.369 0.475 0.243
v 41.600 0.000 108.800 0.369 0.475 0.243
v 44.800 0.000 108.800 0.369 0.475 0.243
v 48.000 0.061 108.800 0.452 0.427 0.266
v 51.200 4.831 108.800 0.500 0.400 0.280
v 54.400 6.995 108.800 0.451 0.502 0.292
v 57.600 6.964 108.800 0.461 0.488 0.301
v 60.800 4.195 108.800 0.500 0.400 0.280
v 64.000 0.000 108.800 0.425 0.443 0.259
v 67.200 0.000 108.800 0.369 0.475 0.243
v 70.400 0.000 108.800 0.369 0.475 0.243
v 73.600 0.000 108.800 0.370 0.474 0.243
v 76.800 0.451 108.800 0.500 0.400 0.280
v 80.000 6.275 108.800 0.503 0.416 0.309
v 83.200 11.522 108.800 0.520 0.500 0.460
v 86.400 12.389 108.800 0.580 0.550 0.360
v 89.600 12.169 108.800 0.580 0.550 0.360
v 92.800 11.664 108.800 0.580 0.550 0.360
v 96.000 12.399 108.800 0.580 0.550 0.360
v 99.200 12.735 108.800 0.580 0.550 0.360
v 102.400 11.923 108.800 0.580 0.550 0.360
v 105.600 12.556 108.800 0.580 0.550 0.360
v 108.800 12.339 108.800 0.580 0.550 0.360
v 112.000 11.315 108.800 0.580 0.550 0.360
v 115.200 11.491 108.800 0.580 0.550 0.360
v 118.400 12.202 108.800 0.580 0.550 0.360
v 121.600 11.745 108.800 0.580 0.550 0.360
v 124.800 12.322 108.800 0.580 0.550 0.360
v 128.000 12.535 108.800 0.580 0.550 0.360
v 131.200 12.365 108.800 0.580 0.550 0.360
v 134.400 11.624 108.800 0.580 0.550 0.360
v 137.600 11.384 108.800 0.580 0.550 0.360
v 140.800 12.131 108.800 0.580 0.550 0.360
v 144.000 11.376 108.800 0.580 0.550 0.360
v 147.200 12.098 108.800 0.580 0.550 0.360
v 150.400 11.751 108.800 0.580 0.550 0.360
v 153.600 12.582 108.800 0.580 0.550 0.360
v 156.800 11.203 108.800 0.580 0.550 0.360
v 160.000 11.573 108.800 0.580 0.550 0.360
v 163.200 11.538 108.800 0.580 0.550 0.360
v 166.400 12.235 108.800 0.580 0.550 0.360
v 169.600 11.265 108.800 0.580 0.550 0.360
v 6.400 12.176 112.000 0.580 0.550 0.360
v 9.600 11.294 112.000 0.580 0.550 0.360
v 12.800 12.246 112.000 0.580 0.550 0.360
v 16.000 11.762 112.000 0.568 0.540 0.381
v 19.200 8.147 112.000 0.514 0.469 0.404
v 22.400 3.798 112.000 0.500 0.400 0.280
v 25.600 0.000 112.000 0.370 0.475 0.243
v 28.800 0.000 112.000 0.360 0.480 0.240
v 32.000 0.000 112.000 0.360 0.480 0.240
v 35.200 2.432 112.000 0.500 0.400 0.280
v 38.400 3.797 112.000 0.500 0.400 0.280
v 41.600 3.796 112.000 0.500 0.400 0.280
v 44.800 3.795 112.000 0.500 0.400 0.280
v 48.000 3.798 112.000 0.500 0.400 0.280
v 51.200 3.799 112.000 0.491 0.405 0.277
v 54.400 3.798 112.000 0.392 0.462 0.249
v 57.600 3.797 112.000 0.389 0.464 0.248
v 60.800 3.797 112.000 0.500 0.400 0.280
v 64.000 3.795 112.000 0.500 0.400 0.280
v 67.200 3.795 112.000 0.500 0.400 0.280
v 70.400 3.797 112.000 0.500 0.400 0.280
v 73.600 3.797 112.000 0.500 0.400 0.280
v 76.800 3.798 112.000 0.500 0.400 0.280
v 80.000 7.780 112.000 0.512 0.458 0.385
v 83.200 11.488 112.000 0.550 0.525 0.410
v 86.400 12.365 112.000 0.580 0.550 0.360
v 89.600 11.256 112.000 0.580 0.550 0.360
v 92.800 12.015 112.000 0.580 0.550 0.360
v 96.000 12.759 112.000 0.580 0.550 0.360
v 99.200 11.202 112.000 0.580 0.550 0.360
v 102.400 12.487 112.000 0.580 0.550 0.360
v 105.600 11.226 112.000 0.580 0.550 0.360
v 108.800 11.723 112.000 0.580 0.550 0.360
v 112.000 11.698 112.000 0.580 0.550 0.360
v 115.200 11.892 112.000 0.580 0.550 0.360
v 118.400 11.665 112.000 0.580 0.550 0.360
v 121.600 12.485 112.000 0.580 0.550 0.360
v 124.800 12.311 112.000 0.580 0.550 0.360
v 128.000 12.261 112.000 0.580 0.550 0.360
v 131.200 11.810 112.000 0.580 0.550 0.360
v 134.400 11.743 112.000 0.580 0.550 0.360
v 137.600 12.199 112.000 0.580 0.550 0.360
v 140.800 11.306 112.000 0.580 0.550 0.360
v 144.000 11.517 112.000 0.580 0.550 0.360
v 147.200 12.229 112.000 0.580 0.550 0.360
v 150.400 12.724 112.000 0.580 0.550 0.360
v 153.600 11.482 112.000 0.580 0.550 0.360
v 156.800 12.137 112.000 0.580 0.550 0.360
v 160.000 11.834 112.000 0.580 0.550 0.360
v 163.200 11.930 112.000 0.580 0.550 0.360
v 166.400 12.359 112.000 0.580 0.550 0.360
v 169.600 12.569 112.000 0.580 0.550 0.360
v 6.400 12.500 115.200 0.580 0.550 0.360
v 9.600 11.392 115.200 0.580 0.550 0.360
v 12.800 11.375 115.200 0.580 0.550 0.360
v 16.000 11.446 115.200 0.580 0.550 0.360
v 19.200 10.177 115.200 0.520 0.500 0.460
v 22.400 6.704 115.200 0.505 0.427 0.328
v 25.600 0.279 115.200 0.500 0.400 0.280
v 28.800 0.000 115.200 0.500 0.400 0.280
v 32.000 2.432 115.200 0.500 0.400 0.280
v 35.200 9.331 115.200 0.519 0.495 0.451
v 38.400 10.220 115.200 0.520 0.500 0.460
v 41.600 11.058 115.200 0.520 0.500 0.460
v 44.800 11.204 115.200 0.520 0.500 0.460
v 48.000 10.090 115.200 0.520 0.500 0.460
v 51.200 10.354 115.200 0.520 0.500 0.460
v 54.400 11.185 115.200 0.520 0.500 0.460
v 57.600 11.106 115.200 0.520 0.500 0.460
v 60.800 10.603 115.200 0.520 0.500 0.460
v 64.000 11.043 115.200 0.520 0.500 0.460
v 67.200 10.627 115.200 0.520 0.500 0.460
v 70.400 9.666 115.200 0.520 0.499 0.458
v 73.600 10.914 115.200 0.520 0.500 0.460
v 76.800 10.857 115.200 0.520 0.500 0.460
v 80.000 9.929 115.200 0.550 0.529 0.390
v 83.200 12.383 115.200 0.580 0.550 0.360
v 86.400 12.125 115.200 0.580 0.550 0.360
v 89.600 12.577 115.200 0.580 0.550 0.360
v 92.800 11.723 115.200 0.580 0.550 0.360
v 96.000 11.999 115.200 0.580 0.550 0.360
v 99.200 12.153 115.200 0.580 0.550 0.360
v 102.400 12.491 115.200 0.580 0.550 0.360
v 105.600 11.911 115.200 0.580 0.550 0.360
v 108.800 11.756 115.200 0.580 0.550 0.360
v 112.000 11.786 115.200 0.580 0.550 0.360
v 115.200 12.160 115.200 0.580 0.550 0.360
v 118.400 11.309 115.200 0.580 0.550 0.360
v 121.600 12.487 115.200 0.580 0.550 0.360
v 124.800 11.294 115.200 0.580 0.550 0.360
v 128.000 12.668 115.200 0.580 0.550 0.360
v 131.200 12.537 115.200 0.580 0.550 0.360
v 134.400 11.427 115.200 0.580 0.550 0.360
v 137.600 12.770 115.200 0.580 0.550 0.360
v 140.800 12.135 115.200 0.580 0.550 0.360
v 144.000 11.913 115.200 0.580 0.550 0.360
v 147.200 11.793 115.200 0.580 0.550 0.360
v 150.400 11.965 115.200 0.580 0.550 0.360
v 153.600 12.384 115.200 0.580 0.550 0.360
v 156.800 12.245 115.200 0.580 0.550 0.360
v 160.000 12.627 115.200 0.580 0.550 0.360
v 163.200 12.405 115.200 0.580 0.550 0.360
v 166.400 11.374 115.200 0.580 0.550 0.360
v 169.600 11.249 115.200 0.580 0.550 0.360
v 6.400 12.367 118.400 0.580 0.550 0.360
v 9.600 12.374 118.400 0.580 0.550 0.360
v 12.800 12.094 118.400 0.580 0.550 0.360
v 16.000 11.652 118.400 0.580 0.550 0.360
v 19.200 12.266 118.400 0.580 0.550 0.360
v 22.400 12.457 118.400 0.520 0.500 0.460
v 25.600 7.838 118.400 0.512 0.460 0.388
v 28.800 6.985 118.400 0.507 0.435 0.343
v 32.000 10.560 118.400 0.520 0.500 0.460
v 35.200 11.406 118.400 0.580 0.550 0.361
v 38.400 11.711 118.400 0.580 0.550 0.360
v 41.600 11.979 118.400 0.580 0.550 0.360
v 44.800 12.538 118.400 0.580 0.550 0.360
v 48.000 11.851 118.400 0.580 0.550 0.360
v 51.200 12.129 118.400 0.580 0.550 0.360
v 54.400 12.712 118.400 0.580 0.550 0.360
v 57.600 12.505 118.400 0.580 0.550 0.360
v 60.800 11.427 118.400 0.580 0.550 0.360
v 64.000 11.888 118.400 0.580 0.550 0.360
v 67.200 12.039 118.400 0.580 0.550 0.360
v 70.400 11.800 118.400 0.580 0.550 0.360
v 73.600 12.142 118.400 0.580 0.550 0.360
v 76.800 12.211 118.400 0.580 0.550 0.360
v 80.000 11.922 118.400 0.580 0.550 0.360
v 83.200 11.276 118.400 0.580 0.550 0.360
v 86.400 12.273 118.400 0.580 0.550 0.360
v 89.600 12.507 118.400 0.580 0.550 0.360
v 92.800 11.601 118.400 0.580 0.550 0.360
v 96.000 12.318 118.400 0.580 0.550 0.360
v 99.200 11.291 118.400 0.580 0.550 0.360
v 102.400 12.532 118.400 0.580 0.550 0.360
v 105.600 12.011 118.400 0.580 0.550 0.360
v 108.800 12.037 118.400 0.580 0.550 0.360
v 112.000 11.927 118.400 0.580 0.550 0.360
v 115.200 11.704 118.400 0.580 0.550 0.360
v 118.400 11.671 118.400 0.580 0.550 0.360
v 121.600 11.222 118.400 0.580 0.550 0.360
v 124.800 12.758 118.400 0.580 0.550 0.360
v 128.000 11.616 118.400 0.580 0.550 0.360
v 131.200 11.324 118.400 0.580 0.550 0.360
v 134.400 12.156 118.400 0.580 0.550 0.360
v 137.600 12.714 118.400 0.580 0.550 0.360
v 140.800 11.499 118.400 0.580 0.550 0.360
v 144.000 12.283 118.400 0.580 0.550 0.360
v 147.200 12.083 118.400 0.580 0.550 0.360
v 150.400 11.892 118.400 0.580 0.550 0.360
v 153.600 11.491 118.400 0.580 0.550 0.360
v 156.800 12.618 118.400 0.580 0.550 0.360
v 160.000 11.987 118.400 0.580 0.550 0.360
v 163.200 11.902 118.400 0.580 0.550 0.360
v 166.400 12.359 118.400 0.580 0.550 0.360
v 169.600 11.860 118.400 0.580 0.550 0.360
v 6.400 12.684 121.600 0.580 0.550 0.360
v 9.600 11.588 121.600 0.580 0.550 0.360
v 12.800 11.942 121.600 0.580 0.550 0.360
v 16.000 12.744 121.600 0.580 0.550 0.360
v 19.200 11.274 121.600 0.580 0.550 0.360
v 22.400 12.392 121.600 0.580 0.550 0.360
v 25.600 12.497 121.600 0.547 0.522 0.415
v 28.800 11.901 121.600 0.522 0.502 0.456
v 32.000 12.795 121.600 0.580 0.550 0.360
v 35.200 12.660 121.600 0.580 0.550 0.360
v 38.400 11.493 121.600 0.580 0.550 0.360
v 41.600 12.505 121.600 0.580 0.550 0.360
v 44.800 12.672 121.600 0.580 0.550 0.360
v 48.000 12.707 121.600 0.580 0.550 0.360
v 51.200 12.387 121.600 0.580 0.550 0.360
v 54.400 11.527 121.600 0.580 0.550 0.360
v 57.600 12.349 121.600 0.580 0.550 0.360
v 60.800 11.570 121.600 0.580 0.550 0.360
v 64.000 12.690 121.600 0.580 0.550 0.360
v 67.200 12.231 121.600 0.580 0.550 0.360
v 70.400 11.705 121.600 0.580 0.550 0.360
v 73.600 12.565 121.600 0.580 0.550 0.360
v 76.800 11.906 121.600 0.580 0.550 0.360
v 80.000 11.712 121.600 0.580 0.550 0.360
v 83.200 11.653 121.600 0.580 0.550 0.360
v 86.400 12.679 121.600 0.580 0.550 0.360
v 89.600 11.360 121.600 0.580 0.550 0.360
v 92.800 11.813 121.600 0.580 0.550 0.360
v 96.000 11.266 121.600 0.580 0.550 0.360
v 99.200 12.387 121.600 0.580 0.550 0.360
v 102.400 12.075 121.600 0.580 0.550 0.360
v 105.600 11.605 121.600 0.580 0.550 0.360
v 108.800 12.584 121.600 0.580 0.550 0.360
v 112.000 12.340 121.600 0.580 0.550 0.360
v 115.200 12.783 121.600 0.580 0.550 0.360
v 118.400 11.228 121.600 0.580 0.550 0.360
v 121.600 12.728 121.600 0.580 0.550 0.360
v 124.800 11.628 121.600 0.580 0.550 0.360
v 128.000 12.373 121.600 0.580 0.550 0.360
v 131.200 12.236 121.600 0.580 0.550 0.360
v 134.400 12.593 121.600 0.580 0.550 0.360
v 137.600 11.656 121.600 0.580 0.550 0.360
v 140.800 11.414 121.600 0.580 0.550 0.360
v 144.000 11.953 121.600 0.580 0.550 0.360
v 147.200 12.525 121.600 0.580 0.550 0.360
v 150.400 11.888 121.600 0.580 0.550 0.360
v 153.600 11.757 121.600 0.580 0.550 0.360
v 156.800 11.878 121.600 0.580 0.550 0.360
v 160.000 11.759 121.600 0.580 0.550 0.360
v 163.200 11.631 121.600 0.580 0.550 0.360
v 166.400 11.734 121.600 0.580 0.550 0.360
v 169.600 12.769 121.600 0.580 0.550 0.360
v 6.400 11.868 124.800 0.580 0.550 0.360
v 9.600 12.244 124.800 0.580 0.550 0.360
v 12.800 12.558 124.800 0.580 0.550 0.360
v 16.000 11.262 124.800 0.580 0.550 0.360
v 19.200 12.162 124.800 0.580 0.550 0.360
v 22.400 12.011 124.800 0.580 0.550 0.360
v 25.600 12.565 124.800 0.580 0.550 0.360
v 28.800 12.603 124.800 0.580 0.550 0.360
v 32.000 12.745 124.800 0.580 0.550 0.360
v 35.200 11.255 124.800 0.580 0.550 0.360
v 38.400 12.663 124.800 0.580 0.550 0.360
v 41.600 12.654 124.800 0.580 0.550 0.360
v 44.800 11.276 124.800 0.580 0.550 0.360
v 48.000 11.851 124.800 0.580 0.550 0.360
v 51.200 11.920 124.800 0.580 0.550 0.360
v 54.400 12.399 124.800 0.580 0.550 0.360
v 57.600 12.394 124.800 0.580 0.550 0.360
v 60.800 11.234 124.800 0.580 0.550 0.360
v 64.000 11.283 124.800 0.580 0.550 0.360
v 67.200 12.266 124.800 0.580 0.550 0.360
v 70.400 12.214 124.800 0.580 0.550 0.360
v 73.600 12.089 124.800 0.580 0.550 0.360
v 76.800 12.452 124.800 0.580 0.550 0.360
v 80.000 12.469 124.800 0.580 0.550 0.360
v 83.200 12.356 124.800 0.580 0.550 0.360
v 86.400 11.952 124.800 0.580 0.550 0.360
v 89.600 11.400 124.800 0.580 0.550 0.360
v 92.800 12.310 124.800 0.580 0.550 0.360
v 96.000 12.286 124.800 0.580 0.550 0.360
v 99.200 11.425 124.800 0.580 0.550 0.360
v 102.400 12.460 124.800 0.580 0.550 0.360
v 105.600 12.548 124.800 0.580 0.550 0.360
v 108.800 12.450 124.800 0.580 0.550 0.360
v 112.000 12.253 124.800 0.580 0.550 0.360
v 115.200 12.068 124.800 0.580 0.550 0.360
v 118.400 11.274 124.800 0.580 0.550 0.360
v 121.600 12.797 124.800 0.580 0.550 0.360
v 124.800 11.959 124.800 0.580 0.550 0.360
v 128.000 12.288 124.800 0.580 0.550 0.360
v 131.200 12.065 124.800 0.580 0.550 0.360
v 134.400 11.871 124.800 0.580 0.550 0.360
v 137.600 11.590 124.800 0.580 0.550 0.360
v 140.800 11.803 124.800 0.580 0.550 0.360
v 144.000 11.688 124.800 0.580 0.550 0.360
v 147.200 12.774 124.800 0.580 0.550 0.360
v 150.400 12.235 124.800 0.580 0.550 0.360
v 153.600 11.678 124.800 0.580 0.550 0.360
v 156.800 12.745 124.800 0.580 0.550 0.360
v 160.000 11.612 124.800 0.580 0.550 0.360
v 163.200 12.522 124.800 0.580 0.550 0.360
v 166.400 12.769 124.800 0.580 0.550 0.360
v 169.600 12.580 124.800 0.580 0.550 0.360
vt 1.0667 1.0667
vt 1.6000 1.0667
vt 2.1333 1.0667
vt 2.6667 1.0667
vt 3.2000 1.0667
vt 3.7333 1.0667
vt 4.2667 1.0667
vt 4.8000 1.0667
vt 5.3333 1.0667
vt 5.8667 1.0667
vt 6.4000 1.0667
vt 6.9333 1.0667
vt 7.4667 1.0667
vt 8.0000 1.0667
vt 8.5333 1.0667
vt 9.0667 1.0667
vt 9.6000 1.0667
vt 10.1333 1.0667
vt 10.6667 1.0667
vt 11.2000 1.0667
vt 11.7333 1.0667
vt 12.2667 1.0667
vt 12.8000 1.0667
vt 13.3333 1.0667
vt 13.8667 1.0667
vt 14.4000 1.0667
vt 14.9333 1.0667
vt 15.4667 1.0667
vt 16.0000 1.0667
vt 16.5333 1.0667
vt 17.0667 1.0667
vt 17.6000 1.0667
vt 18.1333 1.0667
vt 18.6667 1.0667
vt 19.2000 1.0667
vt 19.7333 1.0667
vt 20.2667 1.0667
vt 20.8000 1.0667
vt 21.3333 1.0667
vt 21.8667 1.0667
vt 22.4000 1.0667
vt 22.9333 1.0667
vt 23.4667 1.0667
vt 24.0000 1.0667
vt 24.5333 1.0667
vt 25.0667 1.0667
vt 25.6000 1.0667
vt 26.1333 1.0667
vt 26.6667 1.0667
vt 27.2000 1.0667
vt 27.7333 1.0667
vt 28.2667 1.0667
vt 1.0667 1.6000
vt 1.6000 1.6000
vt 2.1333 1.6000
vt 2.6667 1.6000
vt 3.2000 1.6000
vt 3.7333 1.6000
vt 4.2667 1.6000
vt 4.8000 1.6000
vt 5.3333 1.6000
vt 5.8667 1.6000
vt 6.4000 1.6000
vt 6.9333 1.6000
vt 7.4667 1.6000
vt 8.0000 1.6000
vt 8.5333 1.6000
vt 9.0667 1.6000
vt 9.6000 1.6000
vt 10.1333 1.6000
vt 10.6667 1.6000
vt 11.2000 1.6000
vt 11.7333 1.6000
vt 12.2667 1.6000
vt 12.8000 1.6000
vt 13.3333 1.6000
vt 13.8667 1.6000
vt 14.4000 1.6000
vt 14.9333 1.6000
vt 15.4667 1.6000
vt 16.0000 1.6000
vt 16.5333 1.6000
vt 17.0667 1.6000
vt 17.6000 1.6000
vt 18.1333 1.6000
vt 18.6667 1.6000
vt 19.2000 1.6000
vt 19.7333 1.6000
vt 20.2667 1.6000
vt 20.8000 1.6000
vt 21.3333 1.6000
vt 21.8667 1.6000
vt 22.4000 1.6000
vt 22.9333 1.6000
vt 23.4667 1.6000
vt 24.0000 1.6000
vt 24.5333 1.6000
vt 25.0667 1.6000
vt 25.6000 1.6000
vt 26.1333 1.6000
vt 26.6667 1.6000
vt 27.2000 1.6000
vt 27.7333 1.6000
vt 28.2667 1.6000
vt 1.0667 2.1333
vt 1.6000 2.1333
vt 2.1333 2.1333
vt 2.6667 2.1333
vt 3.2000 2.1333
vt 3.7333 2.1333
vt 4.2667 2.1333
vt 4.8000 2.1333
vt 5.3333 2.1333
vt 5.8667 2.1333
vt 6.4000 2.1333
vt 6.9333 2.1333
vt 7.4667 2.1333
vt 8.0000 2.1333
vt 8.5333 2.1333
vt 9.0667 2.1333
vt 9.6000 2.1333
vt 10.1333 2.1333
vt 10.6667 2.1333
vt 11.2000 2.1333
vt 11.7333 2.1333
vt 12.2667 2.1333
vt 12.8000 2.1333
vt 13.3333 2.1333
vt 13.8667 2.1333
vt 14.4000 2.1333
vt 14.9333 2.1333
vt 15.4667 2.1333
vt 16.0000 2.1333
vt 16.5333 2.1333
vt 17.0667 2.1333
vt 17.6000 2.1333
vt 18.1333 2.1333
vt 18.6667 2.1333
vt 19.2000 2.1333
vt 19.7333 2.1333
vt 20.2667 2.1333
vt 20.8000 2.1333
vt 21.3333 2.1333
vt 21.8667 2.1333
vt 22.4000 2.1333
vt 22.9333 2.1333
vt 23.4667 2.1333
vt 24.0000 2.1333
vt 24.5333 2.1333
vt 25.0667 2.1333
vt 25.6000 2.1333
vt 26.1333 2.1333
vt 26.6667 2.1333
vt 27.2000 2.1333
vt 27.7333 2.1333
vt 28.2667 2.1333
vt 1.0667 2.6667
vt 1.6000 2.6667
vt 2.1333 2.6667
vt 2.6667 2.6667
vt 3.2000 2.6667
vt 3.7333 2.6667
vt 4.2667 2.6667
vt 4.8000 2.6667
vt 5.3333 2.6667
vt 5.8667 2.6667
vt 6.4000 2.6667
vt 6.9333 2.6667
vt 7.4667 2.6667
vt 8.0000 2.6667
vt 8.5333 2.6667
vt 9.0667 2.6667
vt 9.6000 2.6667
vt 10.1333 2.6667
vt 10.6667 2.6667
vt 11.2000 2.6667
vt 11.7333 2.6667
vt 12.2667 2.6667
vt 12.8000 2.6667
vt 13.3333 2.6667
vt 13.8667 2.6667
vt 14.4000 2.6667
vt 14.9333 2.6667
vt 15.4667 2.6667
vt 16.0000 2.6667
vt 16.5333 2.6667
vt 17.0667 2.6667
vt 17.6000 2.6667
vt 18.1333 2.6667
vt 18.6667 2.6667
vt 19.2000 2.6667
vt 19.7333 2.6667
vt 20.2667 2.6667
vt 20.8000 2.6667
vt 21.3333 2.6667
vt 21.8667 2.6667
vt 22.4000 2.6667
vt 22.9333 2.6667
vt 23.4667 2.6667
vt 24.0000 2.6667
vt 24.5333 2.6667
vt 25.0667 2.6667
vt 25.6000 2.6667
vt 26.1333 2.6667
vt 26.6667 2.6667
vt 27.2000 2.6667
vt 27.7333 2.6667
vt 28.2667 2.6667
vt 1.0667 3.2000
vt 1.6000 3.2000
vt 2.1333 3.2000
vt 2.6667 3.2000
vt 3.2000 3.2000
vt 3.7333 3.2000
vt 4.2667 3.2000
vt 4.8000 3.2000
vt 5.3333 3.2000
vt 5.8667 3.2000
vt 6.4000 3.2000
vt 6.9333 3.2000
vt 7.4667 3.2000
vt 8.0000 3.2000
vt 8.5333 3.2000
vt 9.0667 3.2000
vt 9.6000 3.2000
vt 10.1333 3.2000
vt 10.6667 3.2000
vt 11.2000 3.2000
vt 11.7333 3.2000
vt 12.2667 3.2000
vt 12.8000 3.2000
vt 13.3333 3.2000
vt 13.8667 3.2000
vt 14.4000 3.2000
vt 14.9333 3.2000
vt 15.4667 3.2000
vt 16.0000 3.2000
vt 16.5333 3.2000
vt 17.0667 3.2000
vt 17.6000 3.2000
vt 18.1333 3.2000
vt 18.6667 3.2000
vt 19.2000 3.2000
vt 19.7333 3.2000
vt 20.2667 3.2000
vt 20.8000 3.2000
vt 21.3333 3.2000
vt 21.8667 3.2000
vt 22.4000 3.2000
vt 22.9333 3.2000
vt 23.4667 3.2000
vt 24.0000 3.2000
vt 24.5333 3.2000
vt 25.0667 3.2000
vt 25.6000 3.2000
vt 26.1333 3.2000
vt 26.6667 3.2000
vt 27.2000 3.2000
vt 27.7333 3.2000
vt 28.2667 3.2000
vt 1.0667 3.7333
vt 1.6000 3.7333
vt 2.1333 3.7333
vt 2.6667 3.7333
vt 3.2000 3.7333
vt 3.7333 3.7333
vt 4.2667 3.7333
vt 4.8000 3.7333
vt 5.3333 3.7333
vt 5.8667 3.7333
vt 6.4000 3.7333
vt 6.9333 3.7333
vt 7.4667 3.7333
vt 8.0000 3.7333
vt 8.5333 3.7333
vt 9.0667 3.7333
vt 9.6000 3.7333
vt 10.1333 3.7333
vt 10.6667 3.7333
vt 11.2000 3.7333
vt 11.7333 3.7333
vt 12.2667 3.7333
vt 12.8000 3.7333
vt 13.3333 3.7333
vt 13.8667 3.7333
vt 14.4000 3.7333
vt 14.9333 3.7333
vt 15.4667 3.7333
vt 16.0000 3.7333
vt 16.5333 3.7333
vt 17.0667 3.7333
vt 17.6000 3.7333
vt 18.1333 3.7333
vt 18.6667 3.7333
vt 19.2000 3.7333
vt 19.7333 3.7333
vt 20.2667 3.7333
vt 20.8000 3.7333
vt 21.3333 3.7333
vt 21.8667 3.7333
vt 22.4000 3.7333
vt 22.9333 3.7333
vt 23.4667 3.7333
vt 24.0000 3.7333
vt 24.5333 3.7333
vt 25.0667 3.7333
vt 25.6000 3.7333
vt 26.1333 3.7333
vt 26.6667 3.7333
vt 27.2000 3.7333
vt 27.7333 3.7333
vt 28.2667 3.7333
vt 1.0667 4.2667
vt 1.6000 4.2667
vt 2.1333 4.2667
vt 2.6667 4.2667
vt 3.2000 4.2667
vt 3.7333 4.2667
vt 4.2667 4.2667
vt 4.8000 4.2667
vt 5.3333 4.2667
vt 5.8667 4.2667
vt 6.4000 4.2667
vt 6.9333 4.2667
vt 7.4667 4.2667
vt 8.0000 4.2667
vt 8.5333 4.2667
vt 9.0667 4.2667
vt 9.6000 4.2667
vt 10.1333 4.2667
vt 10.6667 4.2667
vt 11.2000 4.2667
vt 11.7333 4.2667
vt 12.2667 4.2667
vt 12.8000 4.2667
vt 13.3333 4.2667
vt 13.8667 4.2667
vt 14.4000 4.2667
vt 14.9333 4.2667
vt 15.4667 4.2667
vt 16.0000 4.2667
vt 16.5333 4.2667
vt 17.0667 4.2667
vt 17.6000 4.2667
vt 18.1333 4.2667
vt 18.6667 4.2667
vt 19.2000 4.2667
vt 19.7333 4.2667
vt 20.2667 4.2667
vt 20.8000 4.2667
vt 21.3333 4.2667
vt 21.8667 4.2667
vt 22.4000 4.2667
vt 22.9333 4.2667
vt 23.4667 4.2667
vt 24.0000 4.2667
vt 24.5333 4.2667
vt 25.0667 4.2667
vt 25.6000 4.2667
vt 26.1333 4.2667
vt 26.6667 4.2667
vt 27.2000 4.2667
vt 27.7333 4.2667
vt 28.2667 4.2667
vt 1.0667 4.8000
vt 1.6000 4.8000
vt 2.1333 4.8000
vt 2.6667 4.8000
vt 3.2000 4.8000
vt 3.7333 4.8000
vt 4.2667 4.8000
vt 4.8000 4.8000
vt 5.3333 4.8000
vt 5.8667 4.8000
vt 6.4000 4.8000
vt 6.9333 4.8000
vt 7.4667 4.8000
vt 8.0000 4.8000
vt 8.5333 4.8000
vt 9.0667 4.8000
vt 9.6000 4.8000
vt 10.1333 4.8000
vt 10.6667 4.8000
vt 11.2000 4.8000
vt 11.7333 4.8000
vt 12.2667 4.8000
vt 12.8000 4.8000
vt 13.3333 4.8000
vt 13.8667 4.8000
vt 14.4000 4.8000
vt 14.9333 4.8000
vt 15.4667 4.8000
vt 16.0000 4.8000
vt 16.5333 4.8000
vt 17.0667 4.8000
vt 17.6000 4.8000
vt 18.1333 4.8000
vt 18.6667 4.8000
vt 19.2000 4.8000
vt 19.7333 4.8000
vt 20.2667 4.8000
vt 20.8000 4.8000
vt 21.3333 4.8000
vt 21.8667 4.8000
vt 22.4000 4.8000
vt 22.9333 4.8000
vt 23.4667 4.8000
vt 24.0000 4.8000
vt 24.5333 4.8000
vt 25.0667 4.8000
vt 25.6000 4.8000
vt 26.1333 4.8000
vt 26.6667 4.8000
vt 27.2000 4.8000
vt 27.7333 4.8000
vt 28.2667 4.8000
vt 1.0667 5.3333
vt 1.6000 5.3333
vt 2.1333 5.3333
vt 2.6667 5.3333
vt 3.2000 5.3333
vt 3.7333 5.3333
vt 4.2667 5.3333
vt 4.8000 5.3333
vt 5.3333 5.3333
vt 5.8667 5.3333
vt 6.4000 5.3333
vt 6.9333 5.3333
vt 7.4667 5.3333
vt 8.0000 5.3333
vt 8.5333 5.3333
vt 9.0667 5.3333
vt 9.6000 5.3333
vt 10.1333 5.3333
vt 10.6667 5.3333
vt 11.2000 5.3333
vt 11.7333 5.3333
vt 12.2667 5.3333
vt 12.8000 5.3333
vt 13.3333 5.3333
vt 13.8667 5.3333
vt 14.4000 5.3333
vt 14.9333 5.3333
vt 15.4667 5.3333
vt 16.0000 5.3333
vt 16.5333 5.3333
vt 17.0667 5.3333
vt 17.6000 5.3333
vt 18.1333 5.3333
vt 18.6667 5.3333
vt 19.2000 5.3333
vt 19.7333 5.3333
vt 20.2667 5.3333
vt 20.8000 5.3333
vt 21.3333 5.3333
vt 21.8667 5.3333
vt 22.4000 5.3333
vt 22.9333 5.3333
vt 23.4667 5.3333
vt 24.0000 5.3333
vt 24.5333 5.3333
vt 25.0667 5.3333
vt 25.6000 5.3333
vt 26.1333 5.3333
vt 26.6667 5.3333
vt 27.2000 5.3333
vt 27.7333 5.3333
vt 28.2667 5.3333
vt 1.0667 5.8667
vt 1.6000 5.8667
vt 2.1333 5.8667
vt 2.6667 5.8667
vt 3.2000 5.8667
vt 3.7333 5.8667
vt 4.2667 5.8667
vt 4.8000 5.8667
vt 5.3333 5.8667
vt 5.8667 5.8667
vt 6.4000 5.8667
vt 6.9333 5.8667
vt 7.4667 5.8667
vt 8.0000 5.8667
vt 8.5333 5.8667
vt 9.0667 5.8667
vt 9.6000 5.8667
vt 10.1333 5.8667
vt 10.6667 5.8667
vt 11.2000 5.8667
vt 11.7333 5.8667
vt 12.2667 5.8667
vt 12.8000 5.8667
vt 13.3333 5.8667
vt 13.8667 5.8667
vt 14.4000 5.8667
vt 14.9333 5.8667
vt 15.4667 5.8667
vt 16.0000 5.8667
vt 16.5333 5.8667
vt 17.0667 5.8667
vt 17.6000 5.8667
vt 18.1333 5.8667
vt 18.6667 5.8667
vt 19.2000 5.8667
vt 19.7333 5.8667
vt 20.2667 5.8667
vt 20.8000 5.8667
vt 21.3333 5.8667
vt 21.8667 5.8667
vt 22.4000 5.8667
vt 22.9333 5.8667
vt 23.4667 5.8667
vt 24.0000 5.8667
vt 24.5333 5.8667
vt 25.0667 5.8667
vt 25.6000 5.8667
vt 26.1333 5.8667
vt 26.6667 5.8667
vt 27.2000 5.8667
vt 27.7333 5.8667
vt 28.2667 5.8667
vt 1.0667 6.4000
vt 1.6000 6.4000
vt 2.1333 6.4000
vt 2.6667 6.4000
vt 3.2000 6.4000
vt 3.7333 6.4000
vt 4.2667 6.4000
vt 4.8000 6.4000
vt 5.3333 6.4000
vt 5.8667 6.4000
vt 6.4000 6.4000
vt 6.9333 6.4000
vt 7.4667 6.4000
vt 8.0000 6.4000
vt 8.5333 6.4000
vt 9.0667 6.4000
vt 9.6000 6.4000
vt 10.1333 6.4000
vt 10.6667 6.4000
vt 11.2000 6.4000
vt 11.7333 6.4000
vt 12.2667 6.4000
vt 12.8000 6.4000
vt 13.3333 6.4000
vt 13.8667 6.4000
vt 14.4000 6.4000
vt 14.9333 6.4000
vt 15.4667 6.4000
vt 16.0000 6.4000
vt 16.5333 6.4000
vt 17.0667 6.4000
vt 17.6000 6.4000
vt 18.1333 6.4000
vt 18.6667 6.4000
vt 19.2000 6.4000
vt 19.7333 6.4000
vt 20.2667 6.4000
vt 20.8000 6.4000
vt 21.3333 6.4000
vt 21.8667 6.4000
vt 22.4000 6.4000
vt 22.9333 6.4000
vt 23.4667 6.4000
vt 24.0000 6.4000
vt 24.5333 6.4000
vt 25.0667 6.4000
vt 25.6000 6.4000
vt 26.1333 6.4000
vt 26.6667 6.4000
vt 27.2000 6.4000
vt 27.7333 6.4000
vt 28.2667 6.4000
vt 1.0667 6.9333
vt 1.6000 6.9333
vt 2.1333 6.9333
vt 2.6667 6.9333
vt 3.2000 6.9333
vt 3.7333 6.9333
vt 4.2667 6.9333
vt 4.8000 6.9333
vt 5.3333 6.9333
vt 5.8667 6.9333
vt 6.4000 6.9333
vt 6.9333 6.9333
vt 7.4667 6.9333
vt 8.0000 6.9333
vt 8.5333 6.9333
vt 9.0667 6.9333
vt 9.6000 6.9333
vt 10.1333 6.9333
vt 10.6667 6.9333
vt 11.2000 6.9333
vt 11.7333 6.9333
vt 12.2667 6.9333
vt 12.8000 6.9333
vt 13.3333 6.9333
vt 13.8667 6.9333
vt 14.4000 6.9333
vt 14.9333 6.9333
vt 15.4667 6.9333
vt 16.0000 6.9333
vt 16.5333 6.9333
vt 17.0667 6.9333
vt 17.6000 6.9333
vt 18.1333 6.9333
vt 18.6667 6.9333
vt 19.2000 6.9333
vt 19.7333 6.9333
vt 20.2667 6.9333
vt 20.8000 6.9333
vt 21.3333 6.9333
vt 21.8667 6.9333
vt 22.4000 6.9333
vt 22.9333 6.9333
vt 23.4667 6.9333
vt 24.0000 6.9333
vt 24.5333 6.9333
vt 25.0667 6.9333
vt 25.6000 6.9333
vt 26.1333 6.9333
vt 26.6667 6.9333
vt 27.2000 6.9333
vt 27.7333 6.9333
vt 28.2667 6.9333
vt 1.0667 7.4667
vt 1.6000 7.4667
vt 2.1333 7.4667
vt 2.6667 7.4667
vt 3.2000 7.4667
vt 3.7333 7.4667
vt 4.2667 7.4667
vt 4.8000 7.4667
vt 5.3333 7.4667
vt 5.8667 7.4667
vt 6.4000 7.4667
vt 6.9333 7.4667
vt 7.4667 7.4667
vt 8.0000 7.4667
vt 8.5333 7.4667
vt 9.0667 7.4667
vt 9.6000 7.4667
vt 10.1333 7.4667
vt 10.6667 7.4667
vt 11.2000 7.4667
vt 11.7333 7.4667
vt 12.2667 7.4667
vt 12.8000 7.4667
vt 13.3333 7.4667
vt 13.8667 7.4667
vt 14.4000 7.4667
vt 14.9333 7.4667
vt 15.4667 7.4667
vt 16.0000 7.4667
vt 16.5333 7.4667
vt 17.0667 7.4667
vt 17.6000 7.4667
vt 18.1333 7.4667
vt 18.6667 7.4667
vt 19.2000 7.4667
vt 19.7333 7.4667
vt 20.2667 7.4667
vt 20.8000 7.4667
vt 21.3333 7.4667
vt 21.8667 7.4667
vt 22.4000 7.4667
vt 22.9333 7.4667
vt 23.4667 7.4667
vt 24.0000 7.4667
vt 24.5333 7.4667
vt 25.0667 7.4667
vt 25.6000 7.4667
vt 26.1333 7.4667
vt 26.6667 7.4667
vt 27.2000 7.4667
vt 27.7333 7.4667
vt 28.2667 7.4667
vt 1.0667 8.0000
vt 1.6000 8.0000
vt 2.1333 8.0000
vt 2.6667 8.0000
vt 3.2000 8.0000
vt 3.7333 8.0000
vt 4.2667 8.0000
vt 4.8000 8.0000
vt 5.3333 8.0000
vt 5.8667 8.0000
vt 6.4000 8.0000
vt 6.9333 8.0000
vt 7.4667 8.0000
vt 8.0000 8.0000
vt 8.5333 8.0000
vt 9.0667 8.0000
vt 9.6000 8.0000
vt 10.1333 8.0000
vt 10.6667 8.0000
vt 11.2000 8.0000
vt 11.7333 8.0000
vt 12.2667 8.0000
vt 12.8000 8.0000
vt 13.3333 8.0000
vt 13.8667 8.0000
vt 14.4000 8.0000
vt 14.9333 8.0000
vt 15.4667 8.0000
vt 16.0000 8.0000
vt 16.5333 8.0000
vt 17.0667 8.0000
vt 17.6000 8.0000
vt 18.1333 8.0000
vt 18.6667 8.0000
vt 19.2000 8.0000
vt 19.7333 8.0000
vt 20.2667 8.0000
vt 20.8000 8.0000
vt 21.3333 8.0000
vt 21.8667 8.0000
vt 22.4000 8.0000
vt 22.9333 8.0000
vt 23.4667 8.0000
vt 24.0000 8.0000
vt 24.5333 8.0000
vt 25.0667 8.0000
vt 25.6000 8.0000
vt 26.1333 8.0000
vt 26.6667 8.0000
vt 27.2000 8.0000
vt 27.7333 8.0000
vt 28.2667 8.0000
vt 1.0667 8.5333
vt 1.6000 8.5333
vt 2.1333 8.5333
vt 2.6667 8.5333
vt 3.2000 8.5333
vt 3.7333 8.5333
vt 4.2667 8.5333
vt 4.8000 8.5333
vt 5.3333 8.5333
vt 5.8667 8.5333
vt 6.4000 8.5333
vt 6.9333 8.5333
vt 7.4667 8.5333
vt 8.0000 8.5333
vt 8.5333 8.5333
vt 9.0667 8.5333
vt 9.6000 8.5333
vt 10.1333 8.5333
vt 10.6667 8.5333
vt 11.2000 8.5333
vt 11.7333 8.5333
vt 12.2667 8.5333
vt 12.8000 8.5333
vt 13.3333 8.5333
vt 13.8667 8.5333
vt 14.4000 8.5333
vt 14.9333 8.5333
vt 15.4667 8.5333
vt 16.0000 8.5333
vt 16.5333 8.5333
vt 17.0667 8.5333
vt 17.6000 8.5333
vt 18.1333 8.5333
vt 18.6667 8.5333
vt 19.2000 8.5333
vt 19.7333 8.5333
vt 20.2667 8.5333
vt 20.8000 8.5333
vt 21.3333 8.5333
vt 21.8667 8.5333
vt 22.4000 8.5333
vt 22.9333 8.5333
vt 23.4667 8.5333
vt 24.0000 8.5333
vt 24.5333 8.5333
vt 25.0667 8.5333
vt 25.6000 8.5333
vt 26.1333 8.5333
vt 26.6667 8.5333
vt 27.2000 8.5333
vt 27.7333 8.5333
vt 28.2667 8.5333
vt 1.0667 9.0667
vt 1.6000 9.0667
vt 2.1333 9.0667
vt 2.6667 9.0667
vt 3.2000 9.0667
vt 3.7333 9.0667
vt 4.2667 9.0667
vt 4.8000 9.0667
vt 5.3333 9.0667
vt 5.8667 9.0667
vt 6.4000 9.0667
vt 6.9333 9.0667
vt 7.4667 9.0667
vt 8.0000 9.0667
vt 8.5333 9.0667
vt 9.0667 9.0667
vt 9.6000 9.0667
vt 10.1333 9.0667
vt 10.6667 9.0667
vt 11.2000 9.0667
vt 11.7333 9.0667
vt 12.2667 9.0667
vt 12.8000 9.0667
vt 13.3333 9.0667
vt 13.8667 9.0667
vt 14.4000 9.0667
vt 14.9333 9.0667
vt 15.4667 9.0667
vt 16.0000 9.0667
vt 16.5333 9.0667
vt 17.0667 9.0667
vt 17.6000 9.0667
vt 18.1333 9.0667
vt 18.6667 9.0667
vt 19.2000 9.0667
vt 19.7333 9.0667
vt 20.2667 9.0667
vt 20.8000 9.0667
vt 21.3333 9.0667
vt 21.8667 9.0667
vt 22.4000 9.0667
vt 22.9333 9.0667
vt 23.4667 9.0667
vt 24.0000 9.0667
vt 24.5333 9.0667
vt 25.0667 9.0667
vt 25.6000 9.0667
vt 26.1333 9.0667
vt 26.6667 9.0667
vt 27.2000 9.0667
vt 27.7333 9.0667
vt 28.2667 9.0667
vt 1.0667 9.6000
vt 1.6000 9.6000
vt 2.1333 9.6000
vt 2.6667 9.6000
vt 3.2000 9.6000
vt 3.7333 9.6000
vt 4.2667 9.6000
vt 4.8000 9.6000
vt 5.3333 9.6000
vt 5.8667 9.6000
vt 6.4000 9.6000
vt 6.9333 9.6000
vt 7.4667 9.6000
vt 8.0000 9.6000
vt 8.5333 9.6000
vt 9.0667 9.6000
vt 9.6000 9.6000
vt 10.1333 9.6000
vt 10.6667 9.6000
vt 11.2000 9.6000
vt 11.7333 9.6000
vt 12.2667 9.6000
vt 12.8000 9.6000
vt 13.3333 9.6000
vt 13.8667 9.6000
vt 14.4000 9.6000
vt 14.9333 9.6000
vt 15.4667 9.6000
vt 16.0000 9.6000
vt 16.5333 9.6000
vt 17.0667 9.6000
vt 17.6000 9.6000
vt 18.1333 9.6000
vt 18.6667 9.6000
vt 19.2000 9.6000
vt 19.7333 9.6000
vt 20.2667 9.6000
vt 20.8000 9.6000
vt 21.3333 9.6000
vt 21.8667 9.6000
vt 22.4000 9.6000
vt 22.9333 9.6000
vt 23.4667 9.6000
vt 24.0000 9.6000
vt 24.5333 9.6000
vt 25.0667 9.6000
vt 25.6000 9.6000
vt 26.1333 9.6000
vt 26.6667 9.6000
vt 27.2000 9.6000
vt 27.7333 9.6000
vt 28.2667 9.6000
vt 1.0667 10.1333
vt 1.6000 10.1333
vt 2.1333 10.1333
vt 2.6667 10.1333
vt 3.2000 10.1333
vt 3.7333 10.1333
vt 4.2667 10.1333
vt 4.8000 10.1333
vt 5.3333 10.1333
vt 5.8667 10.1333
vt 6.4000 10.1333
vt 6.9333 10.1333
vt 7.4667 10.1333
vt 8.0000 10.1333
vt 8.5333 10.1333
vt 9.0667 10.1333
vt 9.6000 10.1333
vt 10.1333 10.1333
vt 10.6667 10.1333
vt 11.2000 10.1333
vt 11.7333 10.1333
vt 12.2667 10.1333
vt 12.8000 10.1333
vt 13.3333 10.1333
vt 13.8667 10.1333
vt 14.4000 10.1333
vt 14.9333 10.1333
vt 15.4667 10.1333
vt 16.0000 10.1333
vt 16.5333 10.1333
vt 17.0667 10.1333
vt 17.6000 10.1333
vt 18.1333 10.1333
vt 18.6667 10.1333
vt 19.2000 10.1333
vt 19.7333 10.1333
vt 20.2667 10.1333
vt 20.8000 10.1333
vt 21.3333 10.1333
vt 21.8667 10.1333
vt 22.4000 10.1333
vt 22.9333 10.1333
vt 23.4667 10.1333
vt 24.0000 10.1333
vt 24.5333 10.1333
vt 25.0667 10.1333
vt 25.6000 10.1333
vt 26.1333 10.1333
vt 26.6667 10.1333
vt 27.2000 10.1333
vt 27.7333 10.1333
vt 28.2667 10.1333
vt 1.0667 10.6667
vt 1.6000 10.6667
vt 2.1333 10.6667
vt 2.6667 10.6667
vt 3.2000 10.6667
vt 3.7333 10.6667
vt 4.2667 10.6667
vt 4.8000 10.6667
vt 5.3333 10.6667
vt 5.8667 10.6667
vt 6.4000 10.6667
vt 6.9333 10.6667
vt 7.4667 10.6667
vt 8.0000 10.6667
vt 8.5333 10.6667
vt 9.0667 10.6667
vt 9.6000 10.6667
vt 10.1333 10.6667
vt 10.6667 10.6667
vt 11.2000 10.6667
vt 11.7333 10.6667
vt 12.2667 10.6667
vt 12.8000 10.6667
vt 13.3333 10.6667
vt 13.8667 10.6667
vt 14.4000 10.6667
vt 14.9333 10.6667
vt 15.4667 10.6667
vt 16.0000 10.6667
vt 16.5333 10.6667
vt 17.0667 10.6667
vt 17.6000 10.6667
vt 18.1333 10.6667
vt 18.6667 10.6667
vt 19.2000 10.6667
vt 19.7333 10.6667
vt 20.2667 10.6667
vt 20.8000 10.6667
vt 21.3333 10.6667
vt 21.8667 10.6667
vt 22.4000 10.6667
vt 22.9333 10.6667
vt 23.4667 10.6667
vt 24.0000 10.6667
vt 24.5333 10.6667
vt 25.0667 10.6667
vt 25.6000 10.6667
vt 26.1333 10.6667
vt 26.6667 10.6667
vt 27.2000 10.6667
vt 27.7333 10.6667
vt 28.2667 10.6667
vt 1.0667 11.2000
vt 1.6000 11.2000
vt 2.1333 11.2000
vt 2.6667 11.2000
vt 3.2000 11.2000
vt 3.7333 11.2000
vt 4.2667 11.2000
vt 4.8000 11.2000
vt 5.3333 11.2000
vt 5.8667 11.2000
vt 6.4000 11.2000
vt 6.9333 11.2000
vt 7.4667 11.2000
vt 8.0000 11.2000
vt 8.5333 11.2000
vt 9.0667 11.2000
vt 9.6000 11.2000
vt 10.1333 11.2000
vt 10.6667 11.2000
vt 11.2000 11.2000
vt 11.7333 11.2000
vt 12.2667 11.2000
vt 12.8000 11.2000
vt 13.3333 11.2000
vt 13.8667 11.2000
vt 14.4000 11.2000
vt 14.9333 11.2000
vt 15.4667 11.2000
vt 16.0000 11.2000
vt 16.5333 11.2000
vt 17.0667 11.2000
vt 17.6000 11.2000
vt 18.1333 11.2000
vt 18.6667 11.2000
vt 19.2000 11.2000
vt 19.7333 11.2000
vt 20.2667 11.2000
vt 20.8000 11.2000
vt 21.3333 11.2000
vt 21.8667 11.2000
vt 22.4000 11.2000
vt 22.9333 11.2000
vt 23.4667 11.2000
vt 24.0000 11.2000
vt 24.5333 11.2000
vt 25.0667 11.2000
vt 25.6000 11.2000
vt 26.1333 11.2000
vt 26.6667 11.2000
vt 27.2000 11.2000
vt 27.7333 11.2000
vt 28.2667 11.2000
vt 1.0667 11.7333
vt 1.6000 11.7333
vt 2.1333 11.7333
vt 2.6667 11.7333
vt 3.2000 11.7333
vt 3.7333 11.7333
vt 4.2667 11.7333
vt 4.8000 11.7333
vt 5.3333 11.7333
vt 5.8667 11.7333
vt 6.4000 11.7333
vt 6.9333 11.7333
vt 7.4667 11.7333
vt 8.0000 11.7333
vt 8.5333 11.7333
vt 9.0667 11.7333
vt 9.6000 11.7333
vt 10.1333 11.7333
vt 10.6667 11.7333
vt 11.2000 11.7333
vt 11.7333 11.7333
vt 12.2667 11.7333
vt 12.8000 11.7333
vt 13.3333 11.7333
vt 13.8667 11.7333
vt 14.4000 11.7333
vt 14.9333 11.7333
vt 15.4667 11.7333
vt 16.0000 11.7333
vt 16.5333 11.7333
vt 17.0667 11.7333
vt 17.6000 11.7333
vt 18.1333 11.7333
vt 18.6667 11.7333
vt 19.2000 11.7333
vt 19.7333 11.7333
vt 20.2667 11.7333
vt 20.8000 11.7333
vt 21.3333 11.7333
vt 21.8667 11.7333
vt 22.4000 11.7333
vt 22.9333 11.7333
vt 23.4667 11.7333
vt 24.0000 11.7333
vt 24.5333 11.7333
vt 25.0667 11.7333
vt 25.6000 11.7333
vt 26.1333 11.7333
vt 26.6667 11.7333
vt 27.2000 11.7333
vt 27.7333 11.7333
vt 28.2667 11.7333
vt 1.0667 12.2667
vt 1.6000 12.2667
vt 2.1333 12.2667
vt 2.6667 12.2667
vt 3.2000 12.2667
vt 3.7333 12.2667
vt 4.2667 12.2667
vt 4.8000 12.2667
vt 5.3333 12.2667
vt 5.8667 12.2667
vt 6.4000 12.2667
vt 6.9333 12.2667
vt 7.4667 12.2667
vt 8.0000 12.2667
vt 8.5333 12.2667
vt 9.0667 12.2667
vt 9.6000 12.2667
vt 10.1333 12.2667
vt 10.6667 12.2667
vt 11.2000 12.2667
vt 11.7333 12.2667
vt 12.2667 12.2667
vt 12.8000 12.2667
vt 13.3333 12.2667
vt 13.8667 12.2667
vt 14.4000 12.2667
vt 14.9333 12.2667
vt 15.4667 12.2667
vt 16.0000 12.2667
vt 16.5333 12.2667
vt 17.0667 12.2667
vt 17.6000 12.2667
vt 18.1333 12.2667
vt 18.6667 12.2667
vt 19.2000 12.2667
vt 19.7333 12.2667
vt 20.2667 12.2667
vt 20.8000 12.2667
vt 21.3333 12.2667
vt 21.8667 12.2667
vt 22.4000 12.2667
vt 22.9333 12.2667
vt 23.4667 12.2667
vt 24.0000 12.2667
vt 24.5333 12.2667
vt 25.0667 12.2667
vt 25.6000 12.2667
vt 26.1333 12.2667
vt 26.6667 12.2667
vt 27.2000 12.2667
vt 27.7333 12.2667
vt 28.2667 12.2667
vt 1.0667 12.8000
vt 1.6000 12.8000
vt 2.1333 12.8000
vt 2.6667 12.8000
vt 3.2000 12.8000
vt 3.7333 12.8000
vt 4.2667 12.8000
vt 4.8000 12.8000
vt 5.3333 12.8000
vt 5.8667 12.8000
vt 6.4000 12.8000
vt 6.9333 12.8000
vt 7.4667 12.8000
vt 8.0000 12.8000
vt 8.5333 12.8000
vt 9.0667 12.8000
vt 9.6000 12.8000
vt 10.1333 12.8000
vt 10.6667 12.8000
vt 11.2000 12.8000
vt 11.7333 12.8000
vt 12.2667 12.8000
vt 12.8000 12.8000
vt 13.3333 12.8000
vt 13.8667 12.8000
vt 14.4000 12.8000
vt 14.9333 12.8000
vt 15.4667 12.8000
vt 16.0000 12.8000
vt 16.5333 12.8000
vt 17.0667 12.8000
vt 17.6000 12.8000
vt 18.1333 12.8000
vt 18.6667 12.8000
vt 19.2000 12.8000
vt 19.7333 12.8000
vt 20.2667 12.8000
vt 20.8000 12.8000
vt 21.3333 12.8000
vt 21.8667 12.8000
vt 22.4000 12.8000
vt 22.9333 12.8000
vt 23.4667 12.8000
vt 24.0000 12.8000
vt 24.5333 12.8000
vt 25.0667 12.8000
vt 25.6000 12.8000
vt 26.1333 12.8000
vt 26.6667 12.8000
vt 27.2000 12.8000
vt 27.7333 12.8000
vt 28.2667 12.8000
vt 1.0667 13.3333
vt 1.6000 13.3333
vt 2.1333 13.3333
vt 2.6667 13.3333
vt 3.2000 13.3333
vt 3.7333 13.3333
vt 4.2667 13.3333
vt 4.8000 13.3333
vt 5.3333 13.3333
vt 5.8667 13.3333
vt 6.4000 13.3333
vt 6.9333 13.3333
vt 7.4667 13.3333
vt 8.0000 13.3333
vt 8.5333 13.3333
vt 9.0667 13.3333
vt 9.6000 13.3333
vt 10.1333 13.3333
vt 10.6667 13.3333
vt 11.2000 13.3333
vt 11.7333 13.3333
vt 12.2667 13.3333
vt 12.8000 13.3333
vt 13.3333 13.3333
vt 13.8667 13.3333
vt 14.4000 13.3333
vt 14.9333 13.3333
vt 15.4667 13.3333
vt 16.0000 13.3333
vt 16.5333 13.3333
vt 17.0667 13.3333
vt 17.6000 13.3333
vt 18.1333 13.3333
vt 18.6667 13.3333
vt 19.2000 13.3333
vt 19.7333 13.3333
vt 20.2667 13.3333
vt 20.8000 13.3333
vt 21.3333 13.3333
vt 21.8667 13.3333
vt 22.4000 13.3333
vt 22.9333 13.3333
vt 23.4667 13.3333
vt 24.0000 13.3333
vt 24.5333 13.3333
vt 25.0667 13.3333
vt 25.6000 13.3333
vt 26.1333 13.3333
vt 26.6667 13.3333
vt 27.2000 13.3333
vt 27.7333 13.3333
vt 28.2667 13.3333
vt 1.0667 13.8667
vt 1.6000 13.8667
vt 2.1333 13.8667
vt 2.6667 13.8667
vt 3.2000 13.8667
vt 3.7333 13.8667
vt 4.2667 13.8667
vt 4.8000 13.8667
vt 5.3333 13.8667
vt 5.8667 13.8667
vt 6.4000 13.8667
vt 6.9333 13.8667
vt 7.4667 13.8667
vt 8.0000 13.8667
vt 8.5333 13.8667
vt 9.0667 13.8667
vt 9.6000 13.8667
vt 10.1333 13.8667
vt 10.6667 13.8667
vt 11.2000 13.8667
vt 11.7333 13.8667
vt 12.2667 13.8667
vt 12.8000 13.8667
vt 13.3333 13.8667
vt 13.8667 13.8667
vt 14.4000 13.8667
vt 14.9333 13.8667
vt 15.4667 13.8667
vt 16.0000 13.8667
vt 16.5333 13.8667
vt 17.0667 13.8667
vt 17.6000 13.8667
vt 18.1333 13.8667
vt 18.6667 13.8667
vt 19.2000 13.8667
vt 19.7333 13.8667
vt 20.2667 13.8667
vt 20.8000 13.8667
vt 21.3333 13.8667
vt 21.8667 13.8667
vt 22.4000 13.8667
vt 22.9333 13.8667
vt 23.4667 13.8667
vt 24.0000 13.8667
vt 24.5333 13.8667
vt 25.0667 13.8667
vt 25.6000 13.8667
vt 26.1333 13.8667
vt 26.6667 13.8667
vt 27.2000 13.8667
vt 27.7333 13.8667
vt 28.2667 13.8667
vt 1.0667 14.4000
vt 1.6000 14.4000
vt 2.1333 14.4000
vt 2.6667 14.4000
vt 3.2000 14.4000
vt 3.7333 14.4000
vt 4.2667 14.4000
vt 4.8000 14.4000
vt 5.3333 14.4000
vt 5.8667 14.4000
vt 6.4000 14.4000
vt 6.9333 14.4000
vt 7.4667 14.4000
vt 8.0000 14.4000
vt 8.5333 14.4000
vt 9.0667 14.4000
vt 9.6000 14.4000
vt 10.1333 14.4000
vt 10.6667 14.4000
vt 11.2000 14.4000
vt 11.7333 14.4000
vt 12.2667 14.4000
vt 12.8000 14.4000
vt 13.3333 14.4000
vt 13.8667 14.4000
vt 14.4000 14.4000
vt 14.9333 14.4000
vt 15.4667 14.4000
vt 16.0000 14.4000
vt 16.5333 14.4000
vt 17.0667 14.4000
vt 17.6000 14.4000
vt 18.1333 14.4000
vt 18.6667 14.4000
vt 19.2000 14.4000
vt 19.7333 14.4000
vt 20.2667 14.4000
vt 20.8000 14.4000
vt 21.3333 14.4000
vt 21.8667 14.4000
vt 22.4000 14.4000
vt 22.9333 14.4000
vt 23.4667 14.4000
vt 24.0000 14.4000
vt 24.5333 14.4000
vt 25.0667 14.4000
vt 25.6000 14.4000
vt 26.1333 14.4000
vt 26.6667 14.4000
vt 27.2000 14.4000
vt 27.7333 14.4000
vt 28.2667 14.4000
vt 1.0667 14.9333
vt 1.6000 14.9333
vt 2.1333 14.9333
vt 2.6667 14.9333
vt 3.2000 14.9333
vt 3.7333 14.9333
vt 4.2667 14.9333
vt 4.8000 14.9333
vt 5.3333 14.9333
vt 5.8667 14.9333
vt 6.4000 14.9333
vt 6.9333 14.9333
vt 7.4667 14.9333
vt 8.0000 14.9333
vt 8.5333 14.9333
vt 9.0667 14.9333
vt 9.6000 14.9333
vt 10.1333 14.9333
vt 10.6667 14.9333
vt 11.2000 14.9333
vt 11.7333 14.9333
vt 12.2667 14.9333
vt 12.8000 14.9333
vt 13.3333 14.9333
vt 13.8667 14.9333
vt 14.4000 14.9333
vt 14.9333 14.9333
vt 15.4667 14.9333
vt 16.0000 14.9333
vt 16.5333 14.9333
vt 17.0667 14.9333
vt 17.6000 14.9333
vt 18.1333 14.9333
vt 18.6667 14.9333
vt 19.2000 14.9333
vt 19.7333 14.9333
vt 20.2667 14.9333
vt 20.8000 14.9333
vt 21.3333 14.9333
vt 21.8667 14.9333
vt 22.4000 14.9333
vt 22.9333 14.9333
vt 23.4667 14.9333
vt 24.0000 14.9333
vt 24.5333 14.9333
vt 25.0667 14.9333
vt 25.6000 14.9333
vt 26.1333 14.9333
vt 26.6667 14.9333
vt 27.2000 14.9333
vt 27.7333 14.9333
vt 28.2667 14.9333
vt 1.0667 15.4667
vt 1.6000 15.4667
vt 2.1333 15.4667
vt 2.6667 15.4667
vt 3.2000 15.4667
vt 3.7333 15.4667
vt 4.2667 15.4667
vt 4.8000 15.4667
vt 5.3333 15.4667
vt 5.8667 15.4667
vt 6.4000 15.4667
vt 6.9333 15.4667
vt 7.4667 15.4667
vt 8.0000 15.4667
vt 8.5333 15.4667
vt 9.0667 15.4667
vt 9.6000 15.4667
vt 10.1333 15.4667
vt 10.6667 15.4667
vt 11.2000 15.4667
vt 11.7333 15.4667
vt 12.2667 15.4667
vt 12.8000 15.4667
vt 13.3333 15.4667
vt 13.8667 15.4667
vt 14.4000 15.4667
vt 14.9333 15.4667
vt 15.4667 15.4667
vt 16.0000 15.4667
vt 16.5333 15.4667
vt 17.0667 15.4667
vt 17.6000 15.4667
vt 18.1333 15.4667
vt 18.6667 15.4667
vt 19.2000 15.4667
vt 19.7333 15.4667
vt 20.2667 15.4667
vt 20.8000 15.4667
vt 21.3333 15.4667
vt 21.8667 15.4667
vt 22.4000 15.4667
vt 22.9333 15.4667
vt 23.4667 15.4667
vt 24.0000 15.4667
vt 24.5333 15.4667
vt 25.0667 15.4667
vt 25.6000 15.4667
vt 26.1333 15.4667
vt 26.6667 15.4667
vt 27.2000 15.4667
vt 27.7333 15.4667
vt 28.2667 15.4667
vt 1.0667 16.0000
vt 1.6000 16.0000
vt 2.1333 16.0000
vt 2.6667 16.0000
vt 3.2000 16.0000
vt 3.7333 16.0000
vt 4.2667 16.0000
vt 4.8000 16.0000
vt 5.3333 16.0000
vt 5.8667 16.0000
vt 6.4000 16.0000
vt 6.9333 16.0000
vt 7.4667 16.0000
vt 8.0000 16.0000
vt 8.5333 16.0000
vt 9.0667 16.0000
vt 9.6000 16.0000
vt 10.1333 16.0000
vt 10.6667 16.0000
vt 11.2000 16.0000
vt 11.7333 16.0000
vt 12.2667 16.0000
vt 12.8000 16.0000
vt 13.3333 16.0000
vt 13.8667 16.0000
vt 14.4000 16.0000
vt 14.9333 16.0000
vt 15.4667 16.0000
vt 16.0000 16.0000
vt 16.5333 16.0000
vt 17.0667 16.0000
vt 17.6000 16.0000
vt 18.1333 16.0000
vt 18.6667 16.0000
vt 19.2000 16.0000
vt 19.7333 16.0000
vt 20.2667 16.0000
vt 20.8000 16.0000
vt 21.3333 16.0000
vt 21.8667 16.0000
vt 22.4000 16.0000
vt 22.9333 16.0000
vt 23.4667 16.0000
vt 24.0000 16.0000
vt 24.5333 16.0000
vt 25.0667 16.0000
vt 25.6000 16.0000
vt 26.1333 16.0000
vt 26.6667 16.0000
vt 27.2000 16.0000
vt 27.7333 16.0000
vt 28.2667 16.0000
vt 1.0667 16.5333
vt 1.6000 16.5333
vt 2.1333 16.5333
vt 2.6667 16.5333
vt 3.2000 16.5333
vt 3.7333 16.5333
vt 4.2667 16.5333
vt 4.8000 16.5333
vt 5.3333 16.5333
vt 5.8667 16.5333
vt 6.4000 16.5333
vt 6.9333 16.5333
vt 7.4667 16.5333
vt 8.0000 16.5333
vt 8.5333 16.5333
vt 9.0667 16.5333
vt 9.6000 16.5333
vt 10.1333 16.5333
vt 10.6667 16.5333
vt 11.2000 16.5333
vt 11.7333 16.5333
vt 12.2667 16.5333
vt 12.8000 16.5333
vt 13.3333 16.5333
vt 13.8667 16.5333
vt 14.4000 16.5333
vt 14.9333 16.5333
vt 15.4667 16.5333
vt 16.0000 16.5333
vt 16.5333 16.5333
vt 17.0667 16.5333
vt 17.6000 16.5333
vt 18.1333 16.5333
vt 18.6667 16.5333
vt 19.2000 16.5333
vt 19.7333 16.5333
vt 20.2667 16.5333
vt 20.8000 16.5333
vt 21.3333 16.5333
vt 21.8667 16.5333
vt 22.4000 16.5333
vt 22.9333 16.5333
vt 23.4667 16.5333
vt 24.0000 16.5333
vt 24.5333 16.5333
vt 25.0667 16.5333
vt 25.6000 16.5333
vt 26.1333 16.5333
vt 26.6667 16.5333
vt 27.2000 16.5333
vt 27.7333 16.5333
vt 28.2667 16.5333
vt 1.0667 17.0667
vt 1.6000 17.0667
vt 2.1333 17.0667
vt 2.6667 17.0667
vt 3.2000 17.0667
vt 3.7333 17.0667
vt 4.2667 17.0667
vt 4.8000 17.0667
vt 5.3333 17.0667
vt 5.8667 17.0667
vt 6.4000 17.0667
vt 6.9333 17.0667
vt 7.4667 17.0667
vt 8.0000 17.0667
vt 8.5333 17.0667
vt 9.0667 17.0667
vt 9.6000 17.0667
vt 10.1333 17.0667
vt 10.6667 17.0667
vt 11.2000 17.0667
vt 11.7333 17.0667
vt 12.2667 17.0667
vt 12.8000 17.0667
vt 13.3333 17.0667
vt 13.8667 17.0667
vt 14.4000 17.0667
vt 14.9333 17.0667
vt 15.4667 17.0667
vt 16.0000 17.0667
vt 16.5333 17.0667
vt 17.0667 17.0667
vt 17.6000 17.0667
vt 18.1333 17.0667
vt 18.6667 17.0667
vt 19.2000 17.0667
vt 19.7333 17.0667
vt 20.2667 17.0667
vt 20.8000 17.0667
vt 21.3333 17.0667
vt 21.8667 17.0667
vt 22.4000 17.0667
vt 22.9333 17.0667
vt 23.4667 17.0667
vt 24.0000 17.0667
vt 24.5333 17.0667
vt 25.0667 17.0667
vt 25.6000 17.0667
vt 26.1333 17.0667
vt 26.6667 17.0667
vt 27.2000 17.0667
vt 27.7333 17.0667
vt 28.2667 17.0667
vt 1.0667 17.6000
vt 1.6000 17.6000
vt 2.1333 17.6000
vt 2.6667 17.6000
vt 3.2000 17.6000
vt 3.7333 17.6000
vt 4.2667 17.6000
vt 4.8000 17.6000
vt 5.3333 17.6000
vt 5.8667 17.6000
vt 6.4000 17.6000
vt 6.9333 17.6000
vt 7.4667 17.6000
vt 8.0000 17.6000
vt 8.5333 17.6000
vt 9.0667 17.6000
vt 9.6000 17.6000
vt 10.1333 17.6000
vt 10.6667 17.6000
vt 11.2000 17.6000
vt 11.7333 17.6000
vt 12.2667 17.6000
vt 12.8000 17.6000
vt 13.3333 17.6000
vt 13.8667 17.6000
vt 14.4000 17.6000
vt 14.9333 17.6000
vt 15.4667 17.6000
vt 16.0000 17.6000
vt 16.5333 17.6000
vt 17.0667 17.6000
vt 17.6000 17.6000
vt 18.1333 17.6000
vt 18.6667 17.6000
vt 19.2000 17.6000
vt 19.7333 17.6000
vt 20.2667 17.6000
vt 20.8000 17.6000
vt 21.3333 17.6000
vt 21.8667 17.6000
vt 22.4000 17.6000
vt 22.9333 17.6000
vt 23.4667 17.6000
vt 24.0000 17.6000
vt 24.5333 17.6000
vt 25.0667 17.6000
vt 25.6000 17.6000
vt 26.1333 17.6000
vt 26.6667 17.6000
vt 27.2000 17.6000
vt 27.7333 17.6000
vt 28.2667 17.6000
vt 1.0667 18.1333
vt 1.6000 18.1333
vt 2.1333 18.1333
vt 2.6667 18.1333
vt 3.2000 18.1333
vt 3.7333 18.1333
vt 4.2667 18.1333
vt 4.8000 18.1333
vt 5.3333 18.1333
vt 5.8667 18.1333
vt 6.4000 18.1333
vt 6.9333 18.1333
vt 7.4667 18.1333
vt 8.0000 18.1333
vt 8.5333 18.1333
vt 9.0667 18.1333
vt 9.6000 18.1333
vt 10.1333 18.1333
vt 10.6667 18.1333
vt 11.2000 18.1333
vt 11.7333 18.1333
vt 12.2667 18.1333
vt 12.8000 18.1333
vt 13.3333 18.1333
vt 13.8667 18.1333
vt 14.4000 18.1333
vt 14.9333 18.1333
vt 15.4667 18.1333
vt 16.0000 18.1333
vt 16.5333 18.1333
vt 17.0667 18.1333
vt 17.6000 18.1333
vt 18.1333 18.1333
vt 18.6667 18.1333
vt 19.2000 18.1333
vt 19.7333 18.1333
vt 20.2667 18.1333
vt 20.8000 18.1333
vt 21.3333 18.1333
vt 21.8667 18.1333
vt 22.4000 18.1333
vt 22.9333 18.1333
vt 23.4667 18.1333
vt 24.0000 18.1333
vt 24.5333 18.1333
vt 25.0667 18.1333
vt 25.6000 18.1333
vt 26.1333 18.1333
vt 26.6667 18.1333
vt 27.2000 18.1333
vt 27.7333 18.1333
vt 28.2667 18.1333
vt 1.0667 18.6667
vt 1.6000 18.6667
vt 2.1333 18.6667
vt 2.6667 18.6667
vt 3.2000 18.6667
vt 3.7333 18.6667
vt 4.2667 18.6667
vt 4.8000 18.6667
vt 5.3333 18.6667
vt 5.8667 18.6667
vt 6.4000 18.6667
vt 6.9333 18.6667
vt 7.4667 18.6667
vt 8.0000 18.6667
vt 8.5333 18.6667
vt 9.0667 18.6667
vt 9.6000 18.6667
vt 10.1333 18.6667
vt 10.6667 18.6667
vt 11.2000 18.6667
vt 11.7333 18.6667
vt 12.2667 18.6667
vt 12.8000 18.6667
vt 13.3333 18.6667
vt 13.8667 18.6667
vt 14.4000 18.6667
vt 14.9333 18.6667
vt 15.4667 18.6667
vt 16.0000 18.6667
vt 16.5333 18.6667
vt 17.0667 18.6667
vt 17.6000 18.6667
vt 18.1333 18.6667
vt 18.6667 18.6667
vt 19.2000 18.6667
vt 19.7333 18.6667
vt 20.2667 18.6667
vt 20.8000 18.6667
vt 21.3333 18.6667
vt 21.8667 18.6667
vt 22.4000 18.6667
vt 22.9333 18.6667
vt 23.4667 18.6667
vt 24.0000 18.6667
vt 24.5333 18.6667
vt 25.0667 18.6667
vt 25.6000 18.6667
vt 26.1333 18.6667
vt 26.6667 18.6667
vt 27.2000 18.6667
vt 27.7333 18.6667
vt 28.2667 18.6667
vt 1.0667 19.2000
vt 1.6000 19.2000
vt 2.1333 19.2000
vt 2.6667 19.2000
vt 3.2000 19.2000
vt 3.7333 19.2000
vt 4.2667 19.2000
vt 4.8000 19.2000
vt 5.3333 19.2000
vt 5.8667 19.2000
vt 6.4000 19.2000
vt 6.9333 19.2000
vt 7.4667 19.2000
vt 8.0000 19.2000
vt 8.5333 19.2000
vt 9.0667 19.2000
vt 9.6000 19.2000
vt 10.1333 19.2000
vt 10.6667 19.2000
vt 11.2000 19.2000
vt 11.7333 19.2000
vt 12.2667 19.2000
vt 12.8000 19.2000
vt 13.3333 19.2000
vt 13.8667 19.2000
vt 14.4000 19.2000
vt 14.9333 19.2000
vt 15.4667 19.2000
vt 16.0000 19.2000
vt 16.5333 19.2000
vt 17.0667 19.2000
vt 17.6000 19.2000
vt 18.1333 19.2000
vt 18.6667 19.2000
vt 19.2000 19.2000
vt 19.7333 19.2000
vt 20.2667 19.2000
vt 20.8000 19.2000
vt 21.3333 19.2000
vt 21.8667 19.2000
vt 22.4000 19.2000
vt 22.9333 19.2000
vt 23.4667 19.2000
vt 24.0000 19.2000
vt 24.5333 19.2000
vt 25.0667 19.2000
vt 25.6000 19.2000
vt 26.1333 19.2000
vt 26.6667 19.2000
vt 27.2000 19.2000
vt 27.7333 19.2000
vt 28.2667 19.2000
vt 1.0667 19.7333
vt 1.6000 19.7333
vt 2.1333 19.7333
vt 2.6667 19.7333
vt 3.2000 19.7333
vt 3.7333 19.7333
vt 4.2667 19.7333
vt 4.8000 19.7333
vt 5.3333 19.7333
vt 5.8667 19.7333
vt 6.4000 19.7333
vt 6.9333 19.7333
vt 7.4667 19.7333
vt 8.0000 19.7333
vt 8.5333 19.7333
vt 9.0667 19.7333
vt 9.6000 19.7333
vt 10.1333 19.7333
vt 10.6667 19.7333
vt 11.2000 19.7333
vt 11.7333 19.7333
vt 12.2667 19.7333
vt 12.8000 19.7333
vt 13.3333 19.7333
vt 13.8667 19.7333
vt 14.4000 19.7333
vt 14.9333 19.7333
vt 15.4667 19.7333
vt 16.0000 19.7333
vt 16.5333 19.7333
vt 17.0667 19.7333
vt 17.6000 19.7333
vt 18.1333 19.7333
vt 18.6667 19.7333
vt 19.2000 19.7333
vt 19.7333 19.7333
vt 20.2667 19.7333
vt 20.8000 19.7333
vt 21.3333 19.7333
vt 21.8667 19.7333
vt 22.4000 19.7333
vt 22.9333 19.7333
vt 23.4667 19.7333
vt 24.0000 19.7333
vt 24.5333 19.7333
vt 25.0667 19.7333
vt 25.6000 19.7333
vt 26.1333 19.7333
vt 26.6667 19.7333
vt 27.2000 19.7333
vt 27.7333 19.7333
vt 28.2667 19.7333
vt 1.0667 20.2667
vt 1.6000 20.2667
vt 2.1333 20.2667
vt 2.6667 20.2667
vt 3.2000 20.2667
vt 3.7333 20.2667
vt 4.2667 20.2667
vt 4.8000 20.2667
vt 5.3333 20.2667
vt 5.8667 20.2667
vt 6.4000 20.2667
vt 6.9333 20.2667
vt 7.4667 20.2667
vt 8.0000 20.2667
vt 8.5333 20.2667
vt 9.0667 20.2667
vt 9.6000 20.2667
vt 10.1333 20.2667
vt 10.6667 20.2667
vt 11.2000 20.2667
vt 11.7333 20.2667
vt 12.2667 20.2667
vt 12.8000 20.2667
vt 13.3333 20.2667
vt 13.8667 20.2667
vt 14.4000 20.2667
vt 14.9333 20.2667
vt 15.4667 20.2667
vt 16.0000 20.2667
vt 16.5333 20.2667
vt 17.0667 20.2667
vt 17.6000 20.2667
vt 18.1333 20.2667
vt 18.6667 20.2667
vt 19.2000 20.2667
vt 19.7333 20.2667
vt 20.2667 20.2667
vt 20.8000 20.2667
vt 21.3333 20.2667
vt 21.8667 20.2667
vt 22.4000 20.2667
vt 22.9333 20.2667
vt 23.4667 20.2667
vt 24.0000 20.2667
vt 24.5333 20.2667
vt 25.0667 20.2667
vt 25.6000 20.2667
vt 26.1333 20.2667
vt 26.6667 20.2667
vt 27.2000 20.2667
vt 27.7333 20.2667
vt 28.2667 20.2667
vt 1.0667 20.8000
vt 1.6000 20.8000
vt 2.1333 20.8000
vt 2.6667 20.8000
vt 3.2000 20.8000
vt 3.7333 20.8000
vt 4.2667 20.8000
vt 4.8000 20.8000
vt 5.3333 20.8000
vt 5.8667 20.8000
vt 6.4000 20.8000
vt 6.9333 20.8000
vt 7.4667 20.8000
vt 8.0000 20.8000
vt 8.5333 20.8000
vt 9.0667 20.8000
vt 9.6000 20.8000
vt 10.1333 20.8000
vt 10.6667 20.8000
vt 11.2000 20.8000
vt 11.7333 20.8000
vt 12.2667 20.8000
vt 12.8000 20.8000
vt 13.3333 20.8000
vt 13.8667 20.8000
vt 14.4000 20.8000
vt 14.9333 20.8000
vt 15.4667 20.8000
vt 16.0000 20.8000
vt 16.5333 20.8000
vt 17.0667 20.8000
vt 17.6000 20.8000
vt 18.1333 20.8000
vt 18.6667 20.8000
vt 19.2000 20.8000
vt 19.7333 20.8000
vt 20.2667 20.8000
vt 20.8000 20.8000
vt 21.3333 20.8000
vt 21.8667 20.8000
vt 22.4000 20.8000
vt 22.9333 20.8000
vt 23.4667 20.8000
vt 24.0000 20.8000
vt 24.5333 20.8000
vt 25.0667 20.8000
vt 25.6000 20.8000
vt 26.1333 20.8000
vt 26.6667 20.8000
vt 27.2000 20.8000
vt 27.7333 20.8000
vt 28.2667 20.8000
vn -0.0630 0.9861 -0.1536
vn -0.1745 0.9759 -0.1308
vn -0.0417 0.9727 0.2285
vn 0.0387 0.9992 0.0139
vn -0.1032 0.9757 0.1935
vn -0.0386 0.9758 0.2151
vn 0.1808 0.9674 0.1773
vn 0.1371 0.9128 -0.3846
vn -0.0183 0.9607 -0.2771
vn -0.1465 0.9700 -0.1938
vn -0.0166 0.9646 0.2634
vn 0.0765 0.9457 -0.3160
vn -0.0178 0.9839 0.1777
vn -0.0939 0.9863 0.1359
vn -0.0948 0.9928 0.0733
vn 0.0019 0.9742 0.2256
vn 0.0048 0.9493 0.3144
vn 0.1979 0.9569 0.2126
vn -0.0378 0.9583 -0.2831
vn -0.0423 0.9760 0.2135
vn 0.0541 0.9976 0.0430
vn -0.0068 0.9980 -0.0635
vn 0.0421 0.9991 0.0014
vn -0.0167 0.9970 0.0751
vn -0.0435 0.9830 -0.1782
vn -0.1117 0.9923 -0.0529
vn -0.0404 0.9975 0.0583
vn 0.1442 0.9893 0.0234
vn 0.0019 0.9868 -0.1619
vn -0.1050 0.9650 0.2404
vn -0.0381 0.9982 0.0467
vn 0.0690 0.9976 0.0004
vn 0.1237 0.9611 -0.2472
vn -0.0518 0.9967 -0.0618
vn -0.0834 0.9948 0.0591
vn 0.0332 0.9732 0.2278
vn 0.0781 0.9848 -0.1552
vn 0.1001 0.9892 -0.1074
vn 0.0966 0.9451 -0.3121
vn -0.1948 0.9059 -0.3761
vn -0.0399 0.9992 0.0052
vn 0.0522 0.9404 -0.3361
vn -0.0347 0.9716 0.2341
vn -0.0647 0.9855 0.1567
vn 0.0721 0.9765 0.2029
vn 0.0415 0.9190 -0.3922
vn -0.0611 0.9882 0.1403
vn 0.0486 0.9623 -0.2676
vn -0.0443 0.9853 0.1649
vn 0.1288 0.9752 -0.1799
vn -0.0080 0.9937 -0.1115
vn -0.2299 0.9650 -0.1264
vn -0.0417 0.9882 -0.1471
vn 0.0165 0.9991 0.0397
vn 0.0308 0.9890 0.1444
vn 0.0205 0.9997 -0.0132
vn -0.0025 0.9999 0.0170
vn -0.0466 0.9911 0.1249
vn -0.1300 0.9702 0.2045
vn -0.0850 0.9929 -0.0834
vn 0.0913 0.9946 0.0501
vn 0.1266 0.9762 -0.1759
vn -0.0837 0.9922 0.0924
vn 0.0346 0.9993 0.0145
vn 0.2125 0.9757 -0.0538
vn -0.1469 0.9886 0.0315
vn -0.0473 0.9744 0.2197
vn 0.1295 0.9912 -0.0271
vn 0.0003 0.9982 0.0606
vn -0.1058 0.9930 0.0535
vn -0.0409 0.9937 -0.1048
vn 0.1237 0.9824 0.1399
vn -0.0866 0.9958 -0.0286
vn -0.0276 0.9960 0.0846
vn 0.1109 0.9929 0.0434
vn -0.1072 0.9916 -0.0724
vn -0.1079 0.9942 0.0029
vn 0.0073 0.9967 -0.0812
vn -0.0020 0.9830 0.1836
vn 0.0342 0.9902 0.1352
vn 0.1130 0.9849 -0.1313
vn -0.0034 0.9989 0.0458
vn -0.1604 0.9865 0.0334
vn -0.0813 0.9809 0.1767
vn 0.0967 0.9912 0.0900
vn 0.1057 0.9944 0.0016
vn 0.0639 0.9965 -0.0537
vn -0.0741 0.9958 0.0532
vn -0.0915 0.9953 0.0302
vn 0.0148 0.9962 -0.0854
vn -0.0505 0.9898 -0.1330
vn -0.0472 0.9989 -0.0066
vn -0.0110 0.9999 0.0125
vn 0.1691 0.9755 -0.1406
vn 0.2166 0.9738 0.0691
vn -0.0817 0.9932 0.0828
vn -0.2111 0.9634 0.1651
vn 0.0122 0.9988 -0.0476
vn 0.0125 0.9986 0.0510
vn 0.0631 0.9980 -0.0023
vn 0.0019 1.0000 0.0080
vn -0.0077 0.9977 0.0677
vn 0.0187 0.9995 -0.0249
vn -0.2476 0.9632 0.1045
vn 0.2989 0.9541 -0.0189
vn 0.1151 0.9916 -0.0591
vn -0.0950 0.9917 0.0866
vn -0.0897 0.9931 -0.0755
vn 0.0334 0.9986 -0.0421
vn 0.1524 0.9881 0.0186
vn -0.0230 0.9964 -0.0816
vn -0.0101 0.9985 0.0545
vn -0.1140 0.9897 0.0868
vn -0.1071 0.9889 0.1026
vn 0.1749 0.9846 0.0071
vn -0.0667 0.9908 0.1180
vn -0.0007 0.9999 0.0149
vn 0.1794 0.9675 -0.1780
vn -0.1506 0.9731 0.1746
vn -0.1586 0.9741 -0.1609
vn 0.0859 0.9955 -0.0399
vn 0.0400 0.9843 0.1722
vn 0.0421 0.8556 0.5160
vn 0.0251 0.7535 0.6569
vn -0.0023 0.7066 0.7076
vn 0.0432 0.6594 0.7505
vn -0.0820 0.7078 0.7017
vn -0.0404 0.7036 0.7095
vn -0.0348 0.6607 0.7499
vn 0.0471 0.6605 0.7494
vn 0.1172 0.6603 0.7418
vn -0.1179 0.6765 0.7269
vn -0.0626 0.7057 0.7057
vn 0.0426 0.7305 0.6816
vn 0.0688 0.7152 0.6956
vn 0.0905 0.7179 0.6903
vn -0.0361 0.7237 0.6892
vn -0.1496 0.7610 0.6313
vn -0.0258 0.8055 0.5921
vn 0.1173 0.9907 0.0688
vn -0.0512 0.8577 0.5117
vn -0.0496 0.7807 0.6230
vn 0.1427 0.7870 0.6002
vn -0.0542 0.7961 0.6027
vn -0.1366 0.7696 0.6238
vn 0.0893 0.7837 0.6147
vn 0.1587 0.8276 0.5384
vn 0.0292 0.8416 0.5394
vn -0.0470 0.8223 0.5672
vn -0.0560 0.7455 0.6641
vn -0.0135 0.8198 0.5725
vn 0.0057 0.7672 0.6414
vn 0.0214 0.8483 0.5291
vn 0.0983 0.9915 0.0849
vn 0.0320 0.9830 -0.1809
vn 0.0283 0.9905 0.1343
vn -0.1207 0.9909 0.0592
vn 0.1211 0.9794 -0.1616
vn 0.0147 0.9970 -0.0760
vn -0.1082 0.9920 -0.0650
vn 0.0917 0.9935 0.0675
vn -0.0854 0.9844 -0.1541
vn -0.0958 0.9762 -0.1945
vn 0.0836 0.9963 -0.0215
vn 0.1372 0.9744 -0.1778
vn 0.0491 0.9970 0.0599
vn -0.0688 0.9975 -0.0184
vn 0.0421 0.9938 -0.1025
vn -0.0836 0.9806 0.1773
vn 0.0158 0.9884 -0.1508
vn -0.0297 0.9980 -0.0563
vn -0.0718 0.8073 0.5857
vn 0.2262 0.6647 0.7120
vn 0.2867 0.5342 0.7953
vn 0.3032 0.4623 0.8333
vn 0.2449 0.4673 0.8495
vn 0.0854 0.4756 0.8755
vn -0.0181 0.4812 0.8764
vn -0.0089 0.4908 0.8712
vn 0.0163 0.4586 0.8885
vn 0.0085 0.4790 0.8778
vn -0.0019 0.4490 0.8935
vn -0.0307 0.4935 0.8692
vn -0.0430 0.4827 0.8747
vn -0.0123 0.4589 0.8884
vn -0.0143 0.4655 0.8849
vn -0.0629 0.4692 0.8809
vn -0.0499 0.4840 0.8736
vn -0.0171 0.4958 0.8683
vn -0.0526 0.4739 0.8790
vn -0.3038 0.4366 0.8468
vn -0.1256 0.5902 0.7974
vn 0.3763 0.5912 0.7134
vn 0.0847 0.4682 0.8796
vn -0.0441 0.4800 0.8761
vn 0.0003 0.5076 0.8616
vn 0.0076 0.4670 0.8842
vn 0.0063 0.4706 0.8823
vn 0.0387 0.4896 0.8711
vn -0.0220 0.5107 0.8595
vn 0.0153 0.4972 0.8675
vn 0.0104 0.4982 0.8670
vn -0.0203 0.4815 0.8762
vn -0.0057 0.5051 0.8631
vn -0.5361 0.7160 0.4471
vn -0.6316 0.7745 0.0362
vn 0.0683 0.9949 -0.0741
vn 0.3546 0.9279 -0.1153
vn -0.1342 0.9851 0.1078
vn -0.0198 0.9990 0.0401
vn 0.0035 0.9834 -0.1812
vn 0.0531 0.9871 0.1508
vn -0.0573 0.9956 -0.0743
vn -0.1121 0.9926 -0.0476
vn 0.1111 0.9935 -0.0260
vn 0.0065 0.9902 0.1395
vn -0.0336 0.9994 0.0039
vn 0.0556 0.9979 -0.0317
vn 0.0143 0.9996 0.0262
vn 0.1305 0.9893 0.0647
vn -0.0501 0.9985 -0.0208
vn -0.0516 0.9960 0.0731
vn 0.4625 0.6394 0.6142
vn 0.4041 0.4188 0.8132
vn 0.3746 0.4409 0.8157
vn 0.3736 0.4840 0.7913
vn 0.2235 0.5905 0.7755
vn 0.0511 0.7135 0.6988
vn -0.0000 0.7850 0.6195
vn -0.0000 0.7809 0.6246
vn -0.0000 0.7707 0.6372
vn -0.0000 0.7740 0.6332
vn -0.0000 0.7842 0.6205
vn -0.0000 0.7807 0.6248
vn -0.0000 0.7826 0.6225
vn -0.0000 0.7572 0.6531
vn -0.0000 0.7491 0.6625
vn -0.0000 0.7473 0.6645
vn -0.0000 0.7377 0.6751
vn -0.0000 0.6989 0.7152
vn -0.0000 0.7007 0.7135
vn -0.0056 0.6870 0.7266
vn -0.3346 0.6247 0.7055
vn -0.2913 0.4739 0.8310
vn 0.2900 0.6199 0.7291
vn 0.3471 0.6255 0.6988
vn -0.0000 0.6525 0.7577
vn -0.0000 0.6373 0.7706
vn -0.0000 0.6527 0.7576
vn -0.0000 0.6424 0.7663
vn -0.0000 0.6571 0.7538
vn -0.0000 0.6680 0.7441
vn -0.0000 0.6433 0.7656
vn -0.0000 0.6784 0.7347
vn -0.0311 0.6496 0.7596
vn -0.6450 0.5429 0.5378
vn -0.8497 0.5191 -0.0925
vn -0.5123 0.8542 0.0889
vn -0.1345 0.9716 0.1945
vn -0.0705 0.9934 -0.0902
vn -0.2507 0.9625 0.1035
vn -0.1676 0.9856 -0.0221
vn 0.1263 0.9919 0.0143
vn 0.0006 0.9975 0.0711
vn -0.1077 0.9936 0.0330
vn -0.0383 0.9992 0.0104
vn 0.0901 0.9933 0.0721
vn 0.1130 0.9915 -0.0652
vn -0.0317 0.9978 0.0586
vn 0.0714 0.9973 0.0158
vn 0.0282 0.9992 -0.0279
vn -0.0047 0.9990 -0.0439
vn -0.0761 0.9833 -0.1653
vn 0.6043 0.6058 0.5175
vn 0.6739 0.3666 0.6415
vn 0.4511 0.5636 0.6921
vn 0.0260 0.7641 0.6445
vn -0.0000 0.9352 0.3540
vn -0.0000 0.9974 0.0715
vn -0.0000 1.0000 -0.0000
vn -0.0000 1.0000 -0.0018
vn -0.0000 1.0000 -0.0018
vn -0.0000 1.0000 -0.0018
vn -0.0000 1.0000 -0.0018
vn -0.0000 1.0000 -0.0018
vn -0.0000 1.0000 -0.0018
vn -0.0000 1.0000 -0.0018
vn -0.0000 1.0000 -0.0003
vn -0.0000 1.0000 -0.0000
vn -0.0000 1.0000 -0.0000
vn -0.0000 1.0000 -0.0000
vn -0.0000 1.0000 -0.0000
vn -0.0000 1.0000 -0.0000
vn -0.0000 1.0000 -0.0000
vn -0.0000 1.0000 0.0082
vn -0.1448 0.8722 0.4672
vn -0.0000 0.8488 0.5287
vn 0.1634 0.9843 0.0668
vn -0.0000 0.9977 0.0677
vn -0.0000 0.9977 0.0677
vn -0.0000 0.9977 0.0677
vn -0.0000 0.9977 0.0677
vn -0.0000 0.9977 0.0677
vn -0.0000 0.9977 0.0677
vn -0.0000 0.9977 0.0677
vn -0.0000 0.9977 0.0677
vn -0.1332 0.9888 0.0671
vn -0.8052 0.5925 -0.0232
vn -0.8531 0.5218 0.0016
vn -0.3999 0.9149 -0.0553
vn -0.1248 0.9886 0.0838
vn -0.1957 0.9794 -0.0500
vn -0.3611 0.9119 -0.1951
vn -0.1117 0.9888 0.0985
vn 0.0964 0.9909 0.0939
vn 0.0715 0.9853 -0.1553
vn -0.1175 0.9931 -0.0046
vn -0.0729 0.9915 -0.1076
vn 0.0351 0.9839 0.1754
vn -0.0073 0.9992 -0.0398
vn 0.0478 0.9934 -0.1045
vn -0.0307 0.9956 -0.0890
vn -0.0454 0.9990 -0.0014
vn -0.0081 0.9902 -0.1392
vn 0.6206 0.7318 0.2815
vn 0.6974 0.3737 0.6115
vn 0.6505 0.5930 0.4746
vn 0.0580 0.9977 0.0339
vn -0.0000 1.0000 -0.0000
vn -0.0000 0.9982 -0.0596
vn -0.0000 0.9426 -0.3338
vn -0.0014 0.7874 -0.6165
vn -0.0012 0.6481 -0.7616
vn -0.0000 0.6129 -0.7901
vn -0.0000 0.6449 -0.7643
vn -0.0000 0.6480 -0.7616
vn -0.0000 0.6607 -0.7506
vn -0.0000 0.6500 -0.7600
vn 0.0010 0.6393 -0.7689
vn 0.0012 0.6426 -0.7662
vn 0.0002 0.6472 -0.7623
vn -0.0000 0.6690 -0.7433
vn -0.0000 0.6682 -0.7440
vn -0.0000 0.6873 -0.7264
vn -0.0000 0.6957 -0.7183
vn -0.0000 0.7687 -0.6396
vn -0.0000 0.9929 -0.1192
vn -0.0000 1.0000 -0.0000
vn -0.0000 0.9865 0.1638
vn -0.0000 1.0000 -0.0000
vn -0.0000 1.0000 -0.0000
vn -0.0000 1.0000 -0.0000
vn -0.0000 1.0000 -0.0000
vn -0.0000 1.0000 -0.0000
vn -0.0000 1.0000 -0.0000
vn -0.0000 1.0000 -0.0000
vn -0.0000 1.0000 -0.0000
vn -0.0000 1.0000 -0.0000
vn -0.1531 0.9882 -0.0000
vn -0.7813 0.6237 -0.0259
vn -0.8560 0.5162 0.0292
vn -0.4540 0.8762 -0.1615
vn -0.1264 0.9803 -0.1518
vn -0.3228 0.9425 -0.0865
vn 0.3430 0.9355 -0.0842
vn 0.1370 0.9880 0.0719
vn -0.1279 0.9855 0.1117
vn -0.0982 0.9952 0.0029
vn -0.0591 0.9952 -0.0776
vn 0.1396 0.9660 0.2178
vn 0.1570 0.9847 -0.0753
vn -0.1671 0.9859 -0.0019
vn -0.0806 0.9908 0.1086
vn 0.1723 0.9826 0.0696
vn -0.0229 0.9976 -0.0651
vn 0.3561 0.9338 0.0342
vn 0.7151 0.4207 0.5582
vn 0.6895 0.4879 0.5353
vn 0.2292 0.9717 0.0565
vn -0.0000 1.0000 -0.0000
vn -0.0571 0.9576 -0.2824
vn -0.1986 0.5609 -0.8037
vn -0.3302 0.4566 -0.8261
vn -0.3583 0.4364 -0.8253
vn -0.2338 0.4620 -0.8555
vn -0.0048 0.4770 -0.8789
vn 0.0513 0.4507 -0.8912
vn 0.0236 0.4808 -0.8765
vn 0.0028 0.4676 -0.8840
vn -0.0308 0.4616 -0.8866
vn -0.0112 0.4811 -0.8766
vn 0.0119 0.4786 -0.8780
vn 0.0381 0.4670 -0.8834
vn 0.0302 0.4681 -0.8832
vn 0.0248 0.4579 -0.8887
vn 0.0393 0.4867 -0.8727
vn 0.1041 0.4631 -0.8802
vn 0.3997 0.4380 -0.8052
vn 0.4365 0.5247 -0.7309
vn 0.1083 0.9024 -0.4172
vn -0.0000 1.0000 -0.0002
vn -0.0000 1.0000 -0.0000
vn -0.0000 1.0000 -0.0000
vn -0.0000 1.0000 -0.0000
vn -0.0000 1.0000 -0.0000
vn -0.0000 1.0000 -0.0000
vn -0.0000 1.0000 -0.0000
vn -0.0000 1.0000 -0.0000
vn -0.0000 1.0000 -0.0000
vn -0.0000 1.0000 -0.0000
vn -0.1736 0.9848 -0.0000
vn -0.7929 0.6088 -0.0267
vn -0.8705 0.4897 -0.0497
vn -0.5431 0.8373 -0.0626
vn -0.0333 0.9878 -0.1524
vn -0.0723 0.9822 0.1735
vn -0.0703 0.9955 0.0628
vn 0.0900 0.9955 -0.0296
vn 0.0273 0.9974 -0.0660
vn -0.1174 0.9879 0.1015
vn 0.1037 0.9946 -0.0068
vn -0.0701 0.9749 0.2112
vn -0.1883 0.9815 0.0335
vn 0.1759 0.9842 0.0206
vn 0.1196 0.9897 0.0782
vn -0.2013 0.9785 -0.0446
vn -0.0784 0.9833 -0.1644
vn 0.8016 0.5792 0.1481
vn 0.8008 0.4196 0.4274
vn 0.5028 0.8413 0.1984
vn -0.0000 1.0000 -0.0000
vn -0.2817 0.9554 -0.0886
vn -0.6760 0.4718 -0.5661
vn -0.5866 0.3873 -0.7113
vn -0.2520 0.5499 -0.7964
vn -0.0309 0.6987 -0.7147
vn 0.0367 0.7912 -0.6105
vn -0.1058 0.8420 -0.5289
vn 0.0157 0.7947 -0.6068
vn 0.0744 0.8582 -0.5079
vn -0.0826 0.8432 -0.5311
vn 0.0536 0.7821 -0.6208
vn 0.0764 0.8682 -0.4903
vn -0.0587 0.8687 -0.4919
vn -0.0406 0.7815 -0.6226
vn -0.0376 0.7616 -0.6469
vn 0.0778 0.8309 -0.5510
vn 0.0309 0.7657 -0.6425
vn -0.0329 0.7265 -0.6864
vn 0.3231 0.6367 -0.7002
vn 0.5565 0.4044 -0.7258
vn 0.6587 0.4729 -0.5852
vn 0.4147 0.8970 -0.1530
vn 0.0002 1.0000 -0.0000
vn -0.0000 1.0000 -0.0000
vn -0.0000 1.0000 -0.0000
vn -0.0000 1.0000 -0.0000
vn -0.0000 1.0000 -0.0000
vn -0.0000 1.0000 -0.0000
vn -0.0000 1.0000 -0.0000
vn -0.0000 1.0000 -0.0000
vn -0.0000 1.0000 -0.0000
vn -0.1949 0.9808 -0.0000
vn -0.8036 0.5934 0.0452
vn -0.8603 0.5093 0.0214
vn -0.4938 0.8650 0.0893
vn 0.1201 0.9807 0.1544
vn 0.3041 0.9522 0.0308
vn 0.1781 0.9838 -0.0196
vn 0.0094 0.9976 -0.0688
vn 0.0026 0.9770 -0.2132
vn -0.0394 0.9980 -0.0486
vn 0.0543 0.9951 0.0823
vn 0.1808 0.9745 -0.1331
vn -0.0357 0.9850 0.1687
vn -0.1234 0.9901 0.0676
vn -0.1456 0.9847 -0.0953
vn -0.0701 0.9908 -0.1159
vn 0.2625 0.9431 0.2043
vn 0.8429 0.5378 0.0179
vn 0.8508 0.5065 0.1399
vn 0.3670 0.9302 -0.0000
vn -0.0923 0.9957 -0.0000
vn -0.7615 0.6347 -0.1316
vn -0.7319 0.4059 -0.5474
vn -0.4935 0.8189 -0.2931
vn 0.0899 0.9959 0.0061
vn -0.1420 0.9840 -0.1072
vn -0.1107 0.9936 -0.0224
vn -0.0019 0.9916 -0.1292
vn 0.1485 0.9885 0.0298
vn 0.1795 0.9828 -0.0435
vn -0.1915 0.9775 0.0881
vn -0.0015 1.0000 -0.0085
vn 0.1997 0.9780 0.0596
vn -0.2019 0.9757 -0.0849
vn -0.1967 0.9754 0.0991
vn 0.1940 0.9801 0.0424
vn 0.0644 0.9977 0.0220
vn -0.1968 0.9804 0.0052
vn -0.0358 0.9977 0.0576
vn 0.0619 0.9940 -0.0905
vn 0.5204 0.7494 -0.4094
vn 0.7882 0.4518 -0.4179
vn 0.7639 0.6174 -0.1880
vn 0.1681 0.9858 -0.0000
vn -0.0000 1.0000 -0.0000
vn -0.0000 1.0000 -0.0000
vn -0.0000 1.0000 -0.0000
vn -0.0000 0.9997 0.0234
vn -0.0000 0.9997 0.0234
vn -0.0000 0.9997 0.0234
vn -0.0000 0.9997 0.0234
vn -0.0000 0.9997 0.0234
vn -0.0995 0.9948 0.0233
vn -0.7760 0.6157 0.1368
vn -0.7170 0.4095 0.5642
vn -0.4671 0.8761 0.1198
vn -0.1040 0.9945 0.0114
vn -0.3007 0.9287 -0.2170
vn -0.1653 0.9804 0.1069
vn -0.1072 0.9941 -0.0190
vn 0.0474 0.9955 -0.0815
vn 0.1778 0.9769 -0.1186
vn 0.0163 0.9998 0.0078
vn 0.0166 0.9961 -0.0871
vn 0.0130 0.9911 -0.1324
vn -0.0885 0.9911 -0.0990
vn -0.0640 0.9927 -0.1022
vn 0.1065 0.9893 0.0996
vn 0.0703 0.9956 0.0617
vn 0.8220 0.5694 0.0089
vn 0.8805 0.4695 0.0660
vn 0.3060 0.9520 -0.0000
vn -0.2030 0.9792 -0.0000
vn -0.8507 0.5176 -0.0919
vn -0.8242 0.5206 -0.2228
vn -0.1569 0.9825 -0.1004
vn -0.2016 0.9634 -0.1767
vn -0.0727 0.9970 0.0257
vn 0.0251 0.9979 0.0599
vn -0.0726 0.9951 -0.0674
vn 0.1052 0.9944 -0.0038
vn 0.1428 0.9737 -0.1776
vn -0.0617 0.9930 -0.1010
vn 0.0394 0.9992 -0.0078
vn 0.0094 0.9998 -0.0148
vn -0.0264 0.9769 -0.2121
vn 0.0772 0.9857 0.1499
vn -0.1275 0.9900 0.0602
vn 0.0556 0.9984 0.0112
vn 0.0753 0.9912 0.1092
vn -0.1393 0.9830 0.1199
vn -0.0959 0.9937 -0.0582
vn 0.4761 0.8779 0.0505
vn 0.8443 0.5165 -0.1429
vn 0.7994 0.5762 -0.1700
vn 0.2915 0.9566 -0.0000
vn -0.0000 1.0000 -0.0000
vn -0.0000 1.0000 -0.0000
vn 0.0234 0.9997 -0.0000
vn 0.0234 0.9995 0.0234
vn -0.0000 0.9997 0.0234
vn -0.0000 0.9997 0.0234
vn -0.0000 0.9997 0.0234
vn -0.0000 0.9997 0.0234
vn -0.0000 0.9997 0.0234
vn -0.0000 0.9925 0.1225
vn -0.7370 0.4153 0.5332
vn -0.8883 0.4586 0.0250
vn -0.2374 0.9573 -0.1648
vn -0.1684 0.9857 -0.0043
vn -0.0745 0.9910 -0.1113
vn -0.1754 0.9666 0.1868
vn -0.0988 0.9921 0.0778
vn 0.0500 0.9944 0.0926
vn 0.0881 0.9961 -0.0025
vn 0.0440 0.9955 0.0842
vn -0.0484 0.9940 -0.0981
vn -0.0935 0.9945 -0.0479
vn 0.0526 0.9980 -0.0363
vn 0.0934 0.9915 0.0901
vn 0.1896 0.9810 -0.0406
vn 0.8453 0.5136 0.1470
vn 0.8553 0.5139 0.0662
vn 0.2461 0.9692 -0.0000
vn -0.2609 0.9654 -0.0000
vn -0.8500 0.5222 -0.0688
vn -0.8655 0.5009 0.0002
vn -0.3365 0.9394 -0.0653
vn 0.2131 0.9765 0.0326
vn 0.0985 0.9934 0.0585
vn -0.2008 0.9794 -0.0201
vn -0.0653 0.9934 0.0942
vn 0.0353 0.9931 0.1120
vn 0.0839 0.9906 0.1080
vn -0.0212 0.9932 -0.1143
vn 0.0850 0.9951 0.0512
vn -0.0051 1.0000 -0.0081
vn -0.0398 0.9942 0.0997
vn 0.0760 0.9968 -0.0229
vn 0.0569 0.9979 -0.0318
vn 0.1131 0.9931 0.0305
vn -0.0895 0.9949 -0.0457
vn -0.1999 0.9769 0.0761
vn -0.0022 0.9978 0.0662
vn 0.4292 0.9009 0.0646
vn 0.8009 0.5754 -0.1659
vn 0.8199 0.5415 -0.1859
vn 0.4221 0.9066 -0.0000
vn -0.0000 1.0000 -0.0000
vn -0.0000 1.0000 -0.0000
vn 0.0234 0.9997 -0.0000
vn 0.0234 0.9997 -0.0000
vn -0.0000 1.0000 -0.0000
vn -0.0000 1.0000 -0.0000
vn -0.0000 1.0000 -0.0000
vn -0.0000 1.0000 -0.0000
vn -0.0000 1.0000 -0.0000
vn -0.0000 1.0000 -0.0000
vn -0.8764 0.4816 -0.0000
vn -0.8889 0.4469 -0.1011
vn -0.1608 0.9837 0.0808
vn 0.0118 0.9965 0.0825
vn 0.4027 0.9101 -0.0981
vn 0.0821 0.9901 -0.1141
vn -0.0521 0.9937 0.0991
vn 0.1006 0.9948 0.0167
vn 0.0078 0.9989 -0.0469
vn -0.0786 0.9880 -0.1330
vn -0.1185 0.9901 0.0758
vn -0.0270 0.9994 0.0208
vn 0.0743 0.9945 0.0732
vn 0.1019 0.9924 -0.0685
vn 0.2560 0.9629 0.0850
vn 0.8499 0.5267 0.0162
vn 0.8448 0.5316 0.0613
vn 0.1892 0.9819 -0.0000
vn -0.3212 0.9470 -0.0000
vn -0.8519 0.5185 -0.0743
vn -0.8275 0.5440 -0.1392
vn -0.1252 0.9880 0.0909
vn -0.0798 0.9874 0.1370
vn -0.1246 0.9823 -0.1401
vn 0.0609 0.9975 0.0361
vn 0.0602 0.9982 -0.0079
vn 0.1178 0.9816 0.1501
vn -0.0802 0.9881 0.1309
vn -0.1190 0.9928 0.0141
vn 0.1448 0.9894 0.0064
vn 0.0582 0.9981 -0.0194
vn -0.0413 0.9867 0.1573
vn -0.0531 0.9840 -0.1702
vn -0.0748 0.9964 0.0392
vn 0.0416 0.9989 -0.0224
vn 0.1219 0.9903 -0.0670
vn -0.0293 0.9980 -0.0567
vn -0.1002 0.9757 0.1950
vn 0.1843 0.9825 0.0280
vn 0.7571 0.6208 -0.2035
vn 0.8438 0.5036 -0.1855
vn 0.5438 0.8392 -0.0007
vn -0.0000 1.0000 -0.0000
vn -0.0000 1.0000 -0.0000
vn 0.0234 0.9997 -0.0000
vn 0.0234 0.9997 -0.0000
vn -0.0000 1.0000 -0.0000
vn -0.0000 1.0000 -0.0000
vn -0.0000 1.0000 -0.0000
vn -0.0000 1.0000 -0.0000
vn -0.0000 1.0000 -0.0000
vn -0.0000 1.0000 -0.0000
vn -0.8945 0.4471 -0.0000
vn -0.8801 0.4745 0.0181
vn 0.0610 0.9981 -0.0131
vn -0.1669 0.9841 0.0613
vn -0.0896 0.9955 0.0301
vn 0.0259 0.9942 -0.1048
vn 0.0321 0.9918 0.1240
vn -0.0959 0.9943 -0.0472
vn -0.0629 0.9979 0.0178
vn 0.1645 0.9804 -0.1085
vn 0.1060 0.9934 -0.0446
vn -0.0956 0.9858 0.1377
vn -0.0370 0.9989 -0.0287
vn 0.1081 0.9929 -0.0494
vn 0.2810 0.9587 -0.0442
vn 0.8563 0.5119 0.0686
vn 0.8517 0.5214 0.0524
vn 0.1372 0.9905 -0.0000
vn -0.3821 0.9241 -0.0000
vn -0.8810 0.4677 -0.0717
vn -0.8285 0.5551 -0.0738
vn 0.0363 0.9961 0.0807
vn -0.0164 0.9999 -0.0011
vn -0.0034 0.9990 0.0445
vn -0.0698 0.9929 0.0966
vn 0.0506 0.9943 -0.0935
vn 0.1727 0.9816 0.0809
vn -0.0539 0.9985 0.0014
vn -0.1456 0.9882 0.0468
vn 0.0514 0.9924 -0.1121
vn 0.1459 0.9863 -0.0769
vn -0.1900 0.9813 -0.0309
vn -0.0437 0.9956 -0.0832
vn 0.2022 0.9741 -0.1012
vn 0.0069 0.9998 0.0182
vn -0.1225 0.9854 -0.1181
vn 0.0613 0.9731 -0.2221
vn 0.0824 0.9914 -0.1019
vn -0.0509 0.9926 -0.1102
vn 0.7007 0.7042 -0.1151
vn 0.8661 0.4705 -0.1690
vn 0.6402 0.7677 -0.0273
vn 0.0008 1.0000 -0.0000
vn -0.0000 1.0000 -0.0000
vn 0.0234 0.9997 -0.0000
vn 0.0234 0.9997 -0.0000
vn -0.0000 1.0000 -0.0000
vn -0.0000 1.0000 -0.0000
vn -0.0000 1.0000 -0.0000
vn -0.0000 1.0000 -0.0000
vn -0.0000 1.0000 -0.0000
vn -0.0000 1.0000 -0.0000
vn -0.8720 0.4895 -0.0000
vn -0.8946 0.4468 0.0123
vn -0.1378 0.9887 -0.0598
vn 0.1596 0.9814 0.1070
vn 0.1665 0.9729 0.1607
vn 0.1749 0.9843 0.0248
vn 0.0055 0.9938 0.1114
vn -0.0060 0.9892 0.1466
vn -0.0553 0.9972 0.0505
vn -0.1406 0.9880 0.0635
vn 0.1293 0.9898 -0.0591
vn -0.0108 0.9974 0.0718
vn -0.1136 0.9898 0.0858
vn 0.0844 0.9902 0.1109
vn 0.4074 0.9061 -0.1140
vn 0.8652 0.4915 0.0997
vn 0.8232 0.5657 0.0476
vn 0.0918 0.9958 -0.0000
vn -0.4418 0.8971 -0.0000
vn -0.8686 0.4891 -0.0791
vn -0.7896 0.6136 -0.0000
vn 0.0050 0.9903 0.1388
vn -0.1153 0.9831 -0.1419
vn -0.0284 0.9993 -0.0263
vn -0.0769 0.9926 -0.0941
vn 0.0455 0.9990 -0.0004
vn 0.2105 0.9772 0.0295
vn -0.1154 0.9921 0.0490
vn -0.2269 0.9691 -0.0969
vn 0.0209 0.9961 0.0854
vn 0.1384 0.9904 0.0004
vn -0.0473 0.9958 -0.0789
vn -0.1250 0.9904 0.0583
vn 0.0266 0.9920 -0.1234
vn 0.0252 0.9823 -0.1856
vn -0.1223 0.9915 -0.0433
vn -0.0123 0.9993 0.0343
vn 0.0145 0.9999 -0.0047
vn 0.1247 0.9816 -0.1445
vn 0.6941 0.7145 -0.0883
vn 0.8631 0.4786 -0.1611
vn 0.7073 0.7023 -0.0807
vn 0.0355 0.9994 -0.0000
vn -0.0000 1.0000 -0.0000
vn 0.0234 0.9997 -0.0000
vn 0.0234 0.9997 -0.0000
vn -0.0000 1.0000 -0.0000
vn -0.0000 1.0000 -0.0000
vn -0.0000 1.0000 -0.0000
vn -0.0000 1.0000 -0.0000
vn -0.0000 1.0000 -0.0000
vn -0.0000 1.0000 -0.0000
vn -0.8920 0.4520 -0.0000
vn -0.8853 0.4622 -0.0517
vn 0.1408 0.9861 0.0877
vn 0.1671 0.9859 0.0002
vn -0.3469 0.9379 0.0028
vn -0.0270 0.9986 -0.0454
vn 0.1535 0.9881 0.0109
vn -0.1558 0.9863 0.0545
vn -0.1447 0.9852 -0.0922
vn 0.0572 0.9963 0.0634
vn 0.1136 0.9935 -0.0031
vn 0.0492 0.9962 -0.0719
vn 0.0030 0.9932 0.1161
vn -0.1031 0.9944 -0.0218
vn 0.3584 0.9335 0.0091
vn 0.8831 0.4690 0.0127
vn 0.8190 0.5725 0.0379
vn 0.0544 0.9985 -0.0000
vn -0.4986 0.8668 -0.0000
vn -0.8806 0.4675 -0.0777
vn -0.7629 0.6407 -0.0863
vn -0.1071 0.9934 -0.0422
vn -0.1758 0.9612 -0.2126
vn 0.0460 0.9986 -0.0249
vn -0.0444 0.9971 -0.0618
vn 0.1694 0.9630 0.2097
vn 0.2194 0.9721 -0.0828
vn -0.1766 0.9592 -0.2209
vn -0.1103 0.9936 0.0231
vn 0.1496 0.9833 0.1035
vn -0.0169 0.9980 -0.0609
vn -0.1334 0.9865 0.0954
vn -0.0883 0.9915 -0.0951
vn -0.0394 0.9797 0.1966
vn 0.0868 0.9915 0.0972
vn 0.0985 0.9944 0.0371
vn 0.1009 0.9902 0.0965
vn -0.0979 0.9947 -0.0305
vn -0.1662 0.9766 0.1368
vn 0.6273 0.7787 -0.0149
vn 0.8562 0.4629 -0.2295
vn 0.7541 0.6442 -0.1278
vn 0.1150 0.9934 -0.0000
vn -0.0000 1.0000 -0.0000
vn 0.0234 0.9997 -0.0000
vn 0.0234 0.9997 -0.0000
vn -0.0000 1.0000 -0.0000
vn -0.0000 1.0000 -0.0000
vn -0.0000 1.0000 -0.0000
vn -0.0000 1.0000 -0.0000
vn -0.0000 1.0000 -0.0000
vn -0.0000 1.0000 -0.0000
vn -0.8842 0.4670 -0.0000
vn -0.8861 0.4631 -0.0209
vn -0.0272 0.9955 0.0904
vn -0.0147 0.9889 -0.1480
vn 0.0730 0.9820 -0.1744
vn 0.1797 0.9674 0.1786
vn 0.1050 0.9889 -0.1049
vn -0.1095 0.9891 -0.0985
vn -0.0470 0.9980 0.0425
vn -0.0516 0.9969 -0.0593
vn -0.0052 0.9972 -0.0746
vn 0.1071 0.9812 -0.1606
vn -0.0643 0.9977 -0.0196
vn -0.0218 0.9933 -0.1133
vn 0.4456 0.8937 0.0525
vn 0.8694 0.4786 0.1227
vn 0.8188 0.5734 0.0268
vn 0.0260 0.9997 -0.0000
vn -0.5500 0.8351 -0.0000
vn -0.8829 0.4621 -0.0837
vn -0.7569 0.6508 -0.0593
vn -0.0791 0.9722 -0.2206
vn -0.0981 0.9834 0.1526
vn 0.1297 0.9915 -0.0117
vn 0.1619 0.9794 0.1204
vn 0.0221 0.9907 0.1342
vn -0.2266 0.9737 -0.0235
vn -0.0077 0.9867 -0.1626
vn 0.0990 0.9752 0.1978
vn -0.0631 0.9978 -0.0210
vn 0.1292 0.9852 -0.1126
vn -0.0815 0.9895 0.1197
vn -0.0221 0.9909 0.1324
vn 0.2151 0.9747 0.0605
vn -0.1356 0.9847 0.1091
vn -0.1227 0.9911 -0.0507
vn -0.0797 0.9926 0.0912
vn 0.0567 0.9931 -0.1023
vn 0.1368 0.9878 0.0749
vn 0.3173 0.9451 0.0778
vn 0.8261 0.5086 -0.2427
vn 0.8236 0.5480 -0.1461
vn 0.2277 0.9737 -0.0000
vn -0.0000 1.0000 -0.0000
vn 0.0234 0.9997 -0.0000
vn 0.0234 0.9995 -0.0234
vn -0.0000 0.9997 -0.0234
vn -0.0000 0.9997 -0.0234
vn -0.0000 0.9997 -0.0234
vn -0.0000 0.9997 -0.0234
vn -0.0000 0.9997 -0.0234
vn -0.0000 0.9065 -0.4221
vn -0.7161 0.3547 -0.6011
vn -0.8768 0.4806 0.0141
vn 0.0380 0.9925 0.1161
vn -0.2975 0.9547 -0.0085
vn 0.3324 0.9377 0.1015
vn 0.0444 0.9990 0.0108
vn -0.1260 0.9785 -0.1634
vn -0.0093 0.9979 -0.0634
vn -0.1058 0.9898 0.0954
vn -0.0598 0.9978 0.0281
vn 0.0101 0.9869 0.1611
vn 0.1039 0.9929 0.0574
vn 0.0519 0.9865 -0.1555
vn -0.0250 0.9899 0.1398
vn 0.6015 0.7973 -0.0512
vn 0.8779 0.4692 0.0960
vn 0.7612 0.6483 0.0168
vn 0.0076 1.0000 -0.0000
vn -0.6032 0.7976 -0.0000
vn -0.8894 0.4504 -0.0777
vn -0.7765 0.6279 -0.0534
vn 0.1370 0.9895 0.0465
vn 0.0319 0.9878 0.1525
vn 0.0137 0.9924 0.1227
vn 0.1020 0.9933 -0.0551
vn 0.0288 0.9937 -0.1081
vn -0.0737 0.9891 -0.1276
vn 0.0420 0.9821 0.1836
vn 0.0326 0.9994 0.0064
vn -0.1625 0.9857 -0.0451
vn 0.1227 0.9814 0.1479
vn 0.1118 0.9920 -0.0593
vn -0.1453 0.9827 0.1148
vn -0.0616 0.9755 -0.2111
vn -0.0252 0.9789 -0.2027
vn 0.0796 0.9940 -0.0753
vn 0.0499 0.9982 -0.0327
vn -0.1107 0.9676 0.2270
vn 0.0151 0.9951 -0.0978
vn 0.2449 0.9694 -0.0161
vn 0.8279 0.5517 -0.1015
vn 0.8434 0.5118 -0.1636
vn 0.3571 0.9341 -0.0000
vn -0.0000 1.0000 -0.0000
vn -0.0000 1.0000 -0.0000
vn -0.0000 0.9997 -0.0234
vn -0.0000 0.9997 -0.0234
vn -0.0000 0.9997 -0.0234
vn -0.0000 0.9997 -0.0234
vn -0.0000 0.9997 -0.0234
vn -0.4043 0.9144 -0.0214
vn -0.8313 0.4974 -0.2481
vn -0.5860 0.4191 -0.6935
vn -0.1010 0.9919 0.0774
vn -0.0655 0.9976 -0.0210
vn -0.2576 0.9663 -0.0039
vn -0.1198 0.9928 0.0097
vn -0.0874 0.9776 -0.1917
vn 0.0319 0.9991 -0.0287
vn 0.1507 0.9876 -0.0450
vn 0.0445 0.9981 0.0429
vn 0.0150 0.9940 0.1082
vn 0.0244 0.9996 -0.0164
vn -0.2063 0.9743 0.0904
vn 0.0189 0.9978 -0.0641
vn 0.0709 0.9923 0.1011
vn 0.4882 0.8689 0.0814
vn 0.8854 0.4643 0.0203
vn 0.7743 0.6328 0.0048
vn 0.0001 1.0000 -0.0000
vn -0.6391 0.7691 -0.0000
vn -0.8922 0.4470 -0.0643
vn -0.6863 0.7273 0.0056
vn 0.1556 0.9846 0.0792
vn -0.0231 0.9977 -0.0641
vn -0.0788 0.9969 -0.0080
vn -0.0669 0.9973 0.0304
vn -0.0511 0.9977 0.0438
vn 0.0628 0.9978 0.0215
vn 0.1264 0.9910 -0.0430
vn -0.1298 0.9892 -0.0684
vn 0.0801 0.9886 0.1274
vn 0.1158 0.9888 0.0942
vn -0.1155 0.9933 0.0099
vn -0.1739 0.9719 -0.1587
vn -0.1024 0.9919 0.0753
vn 0.0029 0.9977 0.0675
vn 0.0501 0.9926 0.1107
vn 0.2238 0.9730 -0.0557
vn -0.0084 0.9951 0.0982
vn -0.1114 0.9885 0.1020
vn 0.2426 0.9701 0.0042
vn 0.7963 0.6027 -0.0521
vn 0.8463 0.5017 -0.1792
vn 0.4843 0.8749 -0.0000
vn -0.0000 1.0000 -0.0000
vn -0.0000 1.0000 -0.0000
vn -0.0000 1.0000 -0.0000
vn -0.0000 1.0000 -0.0000
vn -0.0000 1.0000 -0.0000
vn -0.0000 1.0000 -0.0000
vn -0.0000 1.0000 -0.0000
vn -0.4293 0.9032 -0.0000
vn -0.8521 0.5223 -0.0339
vn -0.8210 0.5694 0.0405
vn -0.1852 0.9720 -0.1446
vn -0.0437 0.9979 -0.0486
vn -0.2668 0.9610 0.0728
vn -0.0572 0.9978 0.0321
vn 0.0059 0.9989 0.0469
vn 0.0216 0.9952 0.0953
vn 0.0620 0.9936 -0.0947
vn 0.0471 0.9903 -0.1309
vn -0.1178 0.9867 -0.1121
vn -0.0058 0.9868 -0.1619
vn 0.0566 0.9974 0.0435
vn 0.0614 0.9956 0.0708
vn 0.1308 0.9866 -0.0980
vn 0.5714 0.8206 0.0027
vn 0.8672 0.4859 0.1089
vn 0.7490 0.6626 0.0001
vn -0.0000 1.0000 -0.0000
vn -0.6690 0.7432 -0.0000
vn -0.8885 0.4517 -0.0813
vn -0.7083 0.6997 0.0938
vn 0.0662 0.9941 -0.0857
vn -0.0555 0.9865 0.1544
vn 0.1074 0.9891 -0.1011
vn 0.1529 0.9882 -0.0047
vn 0.0199 0.9953 -0.0952
vn -0.1597 0.9870 0.0174
vn -0.0473 0.9860 -0.1599
vn 0.1990 0.9713 -0.1301
vn -0.0004 0.9997 -0.0256
vn 0.0061 0.9945 -0.1047
vn -0.1434 0.9830 -0.1144
vn -0.0812 0.9916 0.1005
vn 0.1615 0.9624 0.2185
vn 0.0099 0.9979 0.0642
vn -0.0442 0.9868 0.1559
vn 0.0370 0.9976 0.0594
vn 0.0458 0.9958 -0.0791
vn -0.0788 0.9966 -0.0241
vn 0.0628 0.9978 -0.0225
vn 0.7502 0.6585 -0.0605
vn 0.8494 0.4898 -0.1965
vn 0.5945 0.8040 -0.0097
vn -0.0000 1.0000 -0.0000
vn -0.0000 1.0000 -0.0000
vn -0.0000 1.0000 -0.0000
vn -0.0000 1.0000 -0.0000
vn -0.0000 1.0000 -0.0000
vn -0.0000 1.0000 -0.0000
vn -0.0000 1.0000 -0.0000
vn -0.4523 0.8919 -0.0000
vn -0.8475 0.5297 -0.0340
vn -0.8264 0.5576 -0.0786
vn -0.2154 0.9722 0.0918
vn 0.1569 0.9873 0.0257
vn -0.0175 0.9991 0.0394
vn -0.0909 0.9959 0.0041
vn -0.0255 0.9849 0.1715
vn -0.1096 0.9940 -0.0028
vn -0.0751 0.9957 0.0551
vn 0.0262 0.9996 -0.0125
vn -0.0167 0.9963 0.0839
vn 0.1766 0.9721 0.1546
vn 0.0234 0.9930 0.1154
vn -0.1227 0.9902 0.0670
vn 0.0036 0.9998 0.0171
vn 0.6615 0.7472 -0.0632
vn 0.8733 0.4587 0.1643
vn 0.7069 0.7073 -0.0000
vn -0.0000 1.0000 -0.0000
vn -0.7110 0.7032 -0.0015
vn -0.8744 0.4697 -0.1221
vn -0.5468 0.6434 0.5358
vn 0.1286 0.7126 0.6897
vn -0.0266 0.6798 0.7329
vn -0.2017 0.8395 0.5045
vn -0.0600 0.9907 -0.1218
vn -0.0283 0.9828 -0.1823
vn -0.0035 0.9997 -0.0256
vn -0.0237 0.9837 0.1783
vn 0.0052 0.9984 -0.0557
vn 0.1090 0.9939 -0.0184
vn 0.0264 0.9990 0.0350
vn 0.0900 0.9958 -0.0151
vn 0.1624 0.9867 0.0067
vn -0.1384 0.9870 0.0815
vn -0.0660 0.9976 -0.0200
vn 0.0456 0.9979 -0.0458
vn -0.0074 0.9974 0.0711
vn -0.0911 0.9889 -0.1172
vn -0.0557 0.9984 0.0069
vn 0.1790 0.9824 0.0535
vn 0.6851 0.7269 -0.0472
vn 0.8552 0.4841 -0.1852
vn 0.6797 0.7118 -0.1773
vn 0.0117 0.9703 -0.2417
vn -0.0000 0.9703 -0.2417
vn -0.0000 0.9703 -0.2417
vn -0.0000 0.9703 -0.2417
vn -0.0000 0.9703 -0.2417
vn -0.0000 0.9703 -0.2417
vn -0.0000 0.9703 -0.2417
vn -0.4638 0.8597 -0.2141
vn -0.8705 0.4911 -0.0321
vn -0.7883 0.6143 -0.0345
vn -0.0233 0.9897 0.1413
vn -0.0973 0.9843 -0.1471
vn -0.2426 0.9676 0.0692
vn 0.2696 0.9535 -0.1346
vn -0.0010 0.9988 -0.0481
vn -0.0959 0.9885 -0.1167
vn 0.0522 0.9902 0.1296
vn 0.0762 0.9970 -0.0153
vn 0.0493 0.9447 0.3241
vn 0.0236 0.9050 0.4248
vn -0.0300 0.8688 0.4942
vn -0.0288 0.7698 0.6376
vn -0.0146 0.7401 0.6724
vn 0.5740 0.5533 0.6037
vn 0.8653 0.4629 0.1921
vn 0.6113 0.7914 -0.0000
vn -0.0021 1.0000 -0.0000
vn -0.7572 0.6527 -0.0271
vn -0.6646 0.5869 0.4624
vn 0.1075 0.4988 0.8601
vn 0.1504 0.4820 0.8632
vn -0.2194 0.5187 0.8263
vn -0.5477 0.5013 0.6699
vn -0.4446 0.7037 0.5542
vn 0.1121 0.9550 0.2745
vn 0.1976 0.9649 0.1730
vn -0.0768 0.9826 0.1690
vn 0.0052 0.9998 -0.0210
vn 0.0900 0.9953 0.0361
vn 0.0094 0.9965 -0.0827
vn -0.1715 0.9847 -0.0305
vn 0.0157 0.9917 -0.1274
vn 0.1372 0.9732 -0.1843
vn -0.1168 0.9859 0.1197
vn 0.0460 0.9895 -0.1370
vn -0.0355 0.9971 -0.0675
vn -0.0184 0.9980 -0.0609
vn 0.0934 0.9949 -0.0378
vn -0.0088 0.9985 0.0535
vn 0.5727 0.8155 -0.0834
vn 0.8231 0.5310 -0.2016
vn 0.4520 0.5179 -0.7263
vn -0.0000 0.5421 -0.8403
vn -0.0000 0.5425 -0.8401
vn -0.0000 0.5435 -0.8394
vn -0.0000 0.6034 -0.7974
vn -0.0000 0.5495 -0.8355
vn -0.0000 0.6004 -0.7997
vn -0.0000 0.5672 -0.8236
vn -0.1733 0.5359 -0.8263
vn -0.7226 0.5136 -0.4627
vn -0.7856 0.6166 -0.0505
vn -0.3000 0.9526 -0.0509
vn 0.0872 0.9945 -0.0583
vn 0.3889 0.9162 0.0962
vn 0.0933 0.9840 0.1521
vn -0.0027 0.9941 -0.1083
vn 0.0685 0.9967 0.0441
vn 0.0271 0.9944 -0.1022
vn 0.2313 0.9699 -0.0758
vn 0.4085 0.8729 0.2669
vn 0.2314 0.5680 0.7898
vn 0.2031 0.5311 0.8226
vn 0.1082 0.5013 0.8585
vn 0.1315 0.4940 0.8595
vn 0.1835 0.4683 0.8643
vn 0.5413 0.6660 0.5133
vn 0.5046 0.8634 -0.0000
vn -0.0415 0.9991 -0.0000
vn -0.2179 0.9760 0.0020
vn -0.0624 0.6516 0.7560
vn 0.1009 0.6579 0.7463
vn 0.0356 0.7265 0.6863
vn -0.3563 0.7217 0.5935
vn -0.5267 0.5036 0.6848
vn -0.5108 0.4603 0.7260
vn -0.3997 0.6274 0.6683
vn -0.1139 0.9576 0.2647
vn -0.2186 0.9746 0.0483
vn -0.1291 0.9899 -0.0593
vn 0.0476 0.9987 -0.0195
vn -0.0404 0.9872 -0.1542
vn 0.0439 0.9761 -0.2127
vn 0.0061 0.9837 0.1796
vn 0.1087 0.9921 -0.0627
vn -0.0153 0.9991 -0.0400
vn -0.1419 0.9892 0.0358
vn 0.0696 0.9934 -0.0912
vn -0.0623 0.9968 -0.0501
vn 0.0585 0.9959 -0.0692
vn 0.1163 0.9864 -0.1162
vn 0.4510 0.8857 -0.1100
vn 0.3578 0.7669 -0.5327
vn -0.1065 0.4936 -0.8631
vn -0.0690 0.5150 -0.8544
vn 0.0032 0.5474 -0.8369
vn 0.1143 0.5035 -0.8564
vn 0.0129 0.5402 -0.8415
vn -0.0053 0.5162 -0.8565
vn 0.0345 0.5035 -0.8633
vn -0.1047 0.4989 -0.8603
vn 0.0063 0.5491 -0.8357
vn -0.1959 0.6264 -0.7545
vn -0.3900 0.8956 -0.2142
vn -0.0003 0.9980 0.0628
vn 0.0595 0.9982 -0.0087
vn 0.0746 0.9757 -0.2059
vn -0.2372 0.9715 -0.0046
vn -0.1103 0.9910 -0.0755
vn -0.0902 0.9927 0.0805
vn -0.0694 0.9961 -0.0550
vn 0.4362 0.8996 -0.0192
vn 0.8291 0.5452 0.1235
vn 0.6400 0.5042 0.5798
vn 0.1817 0.6320 0.7534
vn 0.1037 0.6761 0.7295
vn 0.0810 0.7132 0.6963
vn 0.0529 0.7749 0.6298
vn 0.0205 0.8632 0.5045
vn 0.0016 1.0000 -0.0000
vn -0.0000 1.0000 -0.0000
vn -0.0000 0.9991 0.0415
vn -0.0000 0.9760 0.2179
vn -0.0000 0.9907 0.1360
vn -0.0000 0.9976 0.0697
vn -0.0079 0.9961 0.0879
vn -0.2822 0.8358 0.4710
vn -0.5224 0.5640 0.6396
vn -0.5458 0.4612 0.6995
vn -0.4812 0.5935 0.6452
vn -0.3610 0.8710 0.3332
vn -0.0606 0.9492 0.3089
vn -0.0059 0.9985 -0.0544
vn -0.1854 0.9815 -0.0481
vn 0.1618 0.9826 0.0914
vn 0.1679 0.9846 -0.0491
vn -0.0801 0.9817 0.1727
vn -0.0191 0.9998 -0.0048
vn -0.0052 0.9782 0.2077
vn -0.1200 0.9844 0.1288
vn 0.0039 0.9999 0.0134
vn 0.0258 0.9821 0.1864
vn -0.0630 0.9902 -0.1248
vn 0.1237 0.9861 -0.1112
vn -0.0644 0.8652 -0.4973
vn -0.0797 0.8703 -0.4860
vn 0.2012 0.9145 -0.3510
vn -0.0396 0.9446 -0.3258
vn -0.0265 0.9110 -0.4115
vn 0.0354 0.8504 -0.5250
vn -0.1425 0.9091 -0.3915
vn -0.0548 0.8417 -0.5372
vn 0.1667 0.8664 -0.4707
vn 0.1817 0.9243 -0.3357
vn -0.1132 0.9117 -0.3950
vn -0.0065 0.9902 -0.1398
vn -0.0841 0.9960 0.0298
vn -0.1819 0.9771 -0.1104
vn 0.0196 0.9846 -0.1740
vn -0.0479 0.9988 0.0091
vn 0.0823 0.9907 0.1079
vn 0.0892 0.9953 -0.0379
vn -0.0748 0.9954 0.0602
vn 0.4599 0.8839 0.0847
vn 0.8407 0.5128 0.1739
vn 0.8020 0.5842 0.1245
vn 0.2909 0.9338 0.2085
vn -0.0000 0.9907 0.1360
vn -0.0000 0.9976 0.0697
vn -0.0000 0.9997 0.0237
vn -0.0000 1.0000 0.0016
vn -0.0000 1.0000 -0.0000
vn -0.0000 1.0000 -0.0000
vn -0.0000 1.0000 -0.0000
vn -0.0000 1.0000 -0.0000
vn -0.0000 1.0000 -0.0000
vn -0.0000 1.0000 -0.0000
vn -0.0000 1.0000 -0.0000
vn -0.0000 1.0000 0.0080
vn -0.1467 0.9372 0.3165
vn -0.4470 0.6537 0.6107
vn -0.5738 0.4579 0.6791
vn -0.5155 0.5227 0.6790
vn -0.3996 0.7042 0.5869
vn -0.3074 0.9410 0.1414
vn 0.1059 0.9936 -0.0379
vn 0.0431 0.9772 0.2079
vn 0.0878 0.9863 -0.1396
vn 0.1528 0.9882 -0.0066
vn 0.0212 0.9994 -0.0259
vn -0.0076 0.9948 -0.1019
vn -0.1276 0.9898 -0.0626
vn -0.0035 0.9993 0.0385
vn -0.0800 0.9913 0.1042
vn -0.1815 0.9830 -0.0270
vn 0.0604 0.9980 0.0212
vn 0.0209 0.9990 0.0393
vn -0.0246 0.9932 0.1138
vn 0.0792 0.9955 0.0512
vn -0.0609 0.9801 -0.1890
vn -0.0452 0.9927 0.1115
vn 0.0446 0.9951 -0.0878
vn -0.0312 0.9992 -0.0241
vn -0.0441 0.9990 -0.0040
vn 0.0639 0.9813 0.1814
vn 0.1196 0.9847 -0.1270
vn -0.0902 0.9949 -0.0460
vn 0.0277 0.9981 0.0544
vn 0.0275 0.9855 -0.1676
vn -0.1435 0.9764 0.1614
vn -0.0504 0.9874 0.1497
vn -0.0438 0.9851 0.1660
vn -0.1564 0.9867 0.0443
vn -0.1374 0.9859 -0.0959
vn 0.0637 0.9914 0.1142
vn 0.6049 0.7923 0.0799
vn 0.8440 0.5152 0.1489
vn 0.7502 0.6503 0.1195
vn 0.2070 0.9783 -0.0000
vn -0.0000 1.0000 -0.0000
vn -0.0000 1.0000 -0.0000
vn -0.0000 1.0000 -0.0000
vn -0.0000 1.0000 -0.0000
vn -0.0000 1.0000 -0.0000
vn -0.0000 1.0000 -0.0000
vn -0.0000 1.0000 -0.0000
vn -0.0000 1.0000 -0.0000
vn -0.0000 1.0000 -0.0000
vn -0.0000 1.0000 -0.0000
vn -0.0000 1.0000 -0.0000
vn -0.0000 1.0000 -0.0000
vn -0.0000 1.0000 -0.0000
vn -0.0375 0.9873 0.1545
vn -0.3456 0.7746 0.5297
vn -0.5243 0.4927 0.6945
vn -0.5707 0.4707 0.6729
vn -0.5808 0.6618 0.4741
vn -0.1254 0.9919 0.0200
vn 0.0611 0.9965 -0.0577
vn -0.0480 0.9822 0.1814
vn 0.0335 0.9839 -0.1756
vn -0.1141 0.9924 0.0461
vn -0.0425 0.9960 -0.0783
vn 0.0189 0.9889 -0.1472
vn 0.1696 0.9841 -0.0527
vn -0.0396 0.9976 0.0563
vn -0.1435 0.9733 0.1793
vn 0.1887 0.9818 0.0199
vn 0.0187 0.9911 0.1317
vn -0.0783 0.9844 0.1573
vn -0.0870 0.9955 -0.0372
vn 0.0190 0.9991 0.0391
vn 0.0749 0.9909 0.1123
vn -0.0934 0.9852 0.1435
vn -0.0711 0.9805 0.1830
vn 0.1394 0.9691 0.2036
vn 0.0671 0.9961 0.0565
vn -0.0345 0.9988 -0.0355
vn 0.0592 0.9982 -0.0015
vn -0.1293 0.9914 0.0181
vn 0.0262 0.9953 -0.0927
vn 0.1331 0.9825 0.1305
vn -0.0073 0.9848 0.1737
vn -0.2816 0.9536 -0.1064
vn -0.1793 0.9809 -0.0753
vn 0.1571 0.9820 0.1046
vn 0.1219 0.9911 -0.0527
vn 0.5700 0.8213 -0.0237
vn 0.8605 0.4997 0.0997
vn 0.7312 0.6747 0.1003
vn 0.1268 0.9919 -0.0000
vn -0.0000 1.0000 -0.0000
vn -0.0000 1.0000 -0.0000
vn -0.0000 1.0000 -0.0000
vn -0.0000 1.0000 -0.0000
vn -0.0000 1.0000 -0.0000
vn -0.0000 1.0000 -0.0000
vn -0.0000 1.0000 -0.0000
vn -0.0000 1.0000 -0.0000
vn -0.0000 1.0000 -0.0000
vn -0.0000 1.0000 -0.0000
vn -0.0000 1.0000 -0.0000
vn -0.0000 1.0000 -0.0000
vn -0.0000 1.0000 -0.0000
vn -0.0000 1.0000 -0.0000
vn -0.0000 0.9993 0.0380
vn -0.2144 0.8920 0.3980
vn -0.7265 0.5763 0.3744
vn -0.8658 0.4987 0.0424
vn -0.5470 0.8192 0.1721
vn 0.2016 0.9662 -0.1606
vn -0.0311 0.9870 0.1574
vn 0.0163 0.9923 -0.1231
vn 0.1202 0.9927 0.0123
vn -0.1985 0.9776 0.0692
vn -0.1032 0.9932 -0.0536
vn 0.1978 0.9799 0.0266
vn 0.1551 0.9879 -0.0052
vn -0.2152 0.9749 0.0577
vn 0.0092 0.9981 -0.0612
vn 0.1554 0.9688 -0.1930
vn -0.1912 0.9803 0.0489
vn -0.0409 0.9953 0.0880
vn 0.0870 0.9826 0.1643
vn 0.0608 0.9960 -0.0647
vn 0.1174 0.9930 0.0112
vn 0.0331 0.9960 0.0833
vn -0.1712 0.9836 0.0566
vn -0.1776 0.9836 -0.0315
vn 0.0632 0.9980 0.0047
vn -0.0369 0.9991 -0.0187
vn -0.0634 0.9909 -0.1191
vn 0.1401 0.9828 0.1201
vn 0.1212 0.9888 -0.0865
vn 0.0361 0.9992 -0.0197
vn 0.0252 0.9962 -0.0839
vn 0.0593 0.9946 0.0850
vn -0.1143 0.9879 0.1047
vn -0.0693 0.9744 -0.2140
vn 0.7064 0.6951 0.1337
vn 0.8699 0.4791 0.1170
vn 0.6881 0.7214 0.0781
vn 0.0628 0.9980 -0.0000
vn -0.0000 1.0000 -0.0000
vn -0.0000 1.0000 -0.0000
vn -0.0000 1.0000 -0.0000
vn -0.0000 1.0000 -0.0000
vn -0.0000 1.0000 -0.0000
vn -0.0000 1.0000 -0.0000
vn -0.0000 0.9195 -0.3932
vn -0.0000 0.7395 -0.6731
vn -0.0000 0.7504 -0.6610
vn -0.0000 0.9474 -0.3202
vn -0.0000 1.0000 -0.0000
vn -0.0000 1.0000 -0.0000
vn -0.0000 1.0000 -0.0000
vn -0.0000 1.0000 -0.0000
vn -0.0000 1.0000 -0.0000
vn -0.4121 0.9110 -0.0118
vn -0.8144 0.5175 -0.2626
vn -0.7780 0.5907 -0.2141
vn -0.3462 0.9165 0.2005
vn 0.0106 0.9982 0.0585
vn -0.0067 0.9972 -0.0743
vn -0.1122 0.9933 -0.0288
vn 0.0796 0.9956 -0.0488
vn -0.1081 0.9914 -0.0743
vn -0.0246 0.9997 -0.0039
vn 0.2134 0.9657 0.1482
vn -0.0076 0.9987 -0.0507
vn -0.1964 0.9647 -0.1753
vn -0.0660 0.9965 0.0521
vn 0.1284 0.9874 -0.0922
vn 0.2021 0.9711 -0.1274
vn 0.0296 0.9852 0.1687
vn -0.1332 0.9910 0.0090
vn -0.0801 0.9961 -0.0356
vn 0.0529 0.9834 -0.1733
vn -0.0256 0.9783 -0.2058
vn 0.0276 0.9787 -0.2035
vn 0.0144 0.9862 0.1650
vn -0.0211 0.9956 0.0909
vn -0.0655 0.9978 0.0127
vn 0.0105 0.9960 0.0883
vn 0.0587 0.9944 0.0884
vn -0.0065 0.9929 -0.1185
vn 0.1255 0.9794 -0.1585
vn 0.0440 0.9971 -0.0615
vn 0.0074 0.9949 0.1006
vn -0.1413 0.9738 -0.1780
vn 0.2049 0.9786 0.0207
vn 0.7454 0.6438 0.1728
vn 0.8447 0.5157 0.1433
vn 0.6423 0.7650 0.0476
vn 0.0196 0.9998 -0.0000
vn -0.0000 1.0000 -0.0000
vn -0.0000 1.0000 -0.0000
vn -0.0000 1.0000 -0.0000
vn -0.0000 1.0000 -0.0000
vn -0.0000 1.0000 -0.0000
vn -0.3794 0.8872 -0.2625
vn -0.5233 0.5750 -0.6289
vn -0.2925 0.6453 -0.7058
vn 0.3602 0.6295 -0.6885
vn 0.5128 0.5821 -0.6311
vn 0.3160 0.9350 -0.1609
vn -0.0000 1.0000 -0.0000
vn -0.0000 1.0000 -0.0000
vn -0.0000 1.0000 -0.0000
vn -0.0130 0.9999 -0.0000
vn -0.5956 0.7964 -0.1045
vn -0.8005 0.4972 -0.3348
vn -0.6841 0.6774 -0.2706
vn -0.2389 0.9686 -0.0690
vn -0.0840 0.9921 0.0934
vn -0.1171 0.9832 -0.1398
vn 0.0418 0.9988 -0.0242
vn 0.0746 0.9932 0.0891
vn -0.1559 0.9876 -0.0205
vn 0.1236 0.9922 -0.0137
vn 0.1522 0.9830 0.1026
vn -0.1719 0.9651 -0.1977
vn -0.1165 0.9897 0.0829
vn 0.0965 0.9899 0.1037
vn -0.0229 0.9913 0.1298
vn 0.0694 0.9968 0.0391
vn 0.0986 0.9948 -0.0255
vn -0.1174 0.9917 -0.0518
vn -0.1228 0.9883 0.0908
vn -0.0561 0.9935 0.0992
vn 0.0016 0.9977 -0.0677
vn 0.1995 0.9799 0.0044
vn 0.1178 0.9928 -0.0204
vn -0.0908 0.9941 0.0601
vn -0.0394 0.9968 0.0690
vn 0.0122 0.9945 0.1043
vn -0.0648 0.9910 -0.1175
vn -0.1269 0.9902 -0.0587
vn -0.0487 0.9960 0.0748
vn 0.3306 0.9419 -0.0599
vn -0.0610 0.9929 -0.1019
vn -0.1916 0.9792 -0.0665
vn 0.3546 0.9327 0.0652
vn 0.7859 0.6175 -0.0320
vn 0.8396 0.5216 0.1518
vn 0.5601 0.8283 0.0162
vn 0.0006 1.0000 -0.0000
vn -0.0000 1.0000 -0.0000
vn -0.0000 1.0000 -0.0000
vn -0.0000 1.0000 -0.0000
vn -0.0000 1.0000 -0.0000
vn -0.2837 0.9589 -0.0000
vn -0.6805 0.6222 -0.3871
vn -0.5532 0.6933 -0.4618
vn -0.0000 0.9836 -0.1805
vn 0.0094 0.9780 -0.2082
vn 0.5924 0.6427 -0.4858
vn 0.7019 0.6474 -0.2971
vn 0.1696 0.9855 -0.0000
vn -0.0000 1.0000 -0.0000
vn -0.0000 1.0000 -0.0000
vn -0.1301 0.9915 -0.0000
vn -0.7299 0.6484 -0.2162
vn -0.8310 0.4512 -0.3253
vn -0.5728 0.8010 -0.1741
vn 0.1128 0.9747 -0.1928
vn -0.0602 0.9979 0.0235
vn -0.1231 0.9847 -0.1236
vn 0.1166 0.9809 0.1557
vn 0.0826 0.9908 -0.1072
vn -0.2053 0.9664 0.1548
vn 0.0988 0.9821 0.1607
vn 0.0300 0.9989 0.0355
vn -0.0278 0.9830 -0.1816
vn 0.1038 0.9792 0.1742
vn -0.0190 0.9935 0.1120
vn 0.0642 0.9942 -0.0859
vn 0.0509 0.9873 0.1506
vn -0.0602 0.9806 -0.1865
vn -0.0169 0.9991 0.0399
vn 0.0714 0.9968 -0.0371
vn -0.1047 0.9887 0.1072
vn -0.1179 0.9697 0.2141
vn 0.0753 0.9970 0.0198
vn 0.0689 0.9761 -0.2063
vn 0.0681 0.9938 0.0881
vn -0.0211 0.9960 0.0872
vn -0.1744 0.9840 0.0366
vn -0.1046 0.9945 -0.0104
vn 0.1813 0.9684 0.1712
vn 0.3621 0.9126 0.1900
vn -0.0339 0.9964 0.0773
vn 0.0030 0.9887 -0.1502
vn 0.0271 0.9886 0.1483
vn 0.2177 0.9654 0.1432
vn 0.8062 0.5846 0.0912
vn 0.8563 0.5009 0.1259
vn 0.4810 0.8767 0.0006
vn -0.0000 1.0000 -0.0000
vn -0.0000 1.0000 -0.0000
vn -0.0000 1.0000 -0.0000
vn -0.0000 1.0000 -0.0000
vn -0.0000 1.0000 -0.0000
vn -0.5282 0.8491 -0.0000
vn -0.7344 0.6715 -0.0989
vn -0.4266 0.9045 -0.0000
vn -0.0000 1.0000 -0.0000
vn -0.0000 1.0000 -0.0000
vn 0.5359 0.8442 -0.0081
vn 0.7355 0.6724 -0.0832
vn 0.4171 0.9089 -0.0000
vn -0.0000 1.0000 -0.0000
vn -0.0000 1.0000 -0.0000
vn -0.3273 0.9449 -0.0001
vn -0.7962 0.5420 -0.2689
vn -0.8098 0.5420 -0.2249
vn -0.4349 0.8938 0.1097
vn -0.0057 0.9982 0.0603
vn -0.0123 0.9997 -0.0233
vn 0.0161 0.9968 0.0786
vn 0.0583 0.9847 0.1643
vn 0.0763 0.9962 -0.0431
vn 0.1129 0.9914 -0.0663
vn -0.0001 1.0000 0.0029
vn -0.1900 0.9818 0.0022
vn -0.0356 0.9959 0.0833
vn 0.1767 0.9829 0.0520
vn -0.1645 0.9855 -0.0405
vn 0.0165 0.9929 -0.1177
vn -0.0338 0.9900 -0.1366
vn -0.0134 0.9977 -0.0659
vn 0.0345 0.9971 -0.0672
vn -0.0556 0.9966 -0.0609
vn 0.1948 0.9665 -0.1672
vn -0.0862 0.9914 0.0983
vn -0.2227 0.9745 -0.0270
vn 0.1823 0.9722 -0.1468
vn 0.2023 0.9744 -0.0981
vn -0.0906 0.9949 -0.0437
vn -0.0851 0.9923 -0.0897
vn 0.0740 0.9968 -0.0301
vn 0.0895 0.9898 0.1109
vn 0.0139 0.9953 -0.0955
vn -0.1074 0.9941 -0.0166
vn 0.0110 0.9985 0.0538
vn 0.1025 0.9805 0.1678
vn 0.3598 0.9320 0.0439
vn 0.7851 0.5706 0.2409
vn 0.8166 0.5616 0.1332
vn 0.3910 0.9204 -0.0000
vn -0.0000 1.0000 -0.0000
vn -0.0000 1.0000 -0.0000
vn -0.0000 1.0000 -0.0000
vn -0.0000 1.0000 -0.0000
vn -0.0000 1.0000 -0.0000
vn -0.4052 0.9142 -0.0000
vn -0.6821 0.6236 0.3820
vn -0.5245 0.8063 0.2733
vn -0.0000 1.0000 0.0008
vn -0.0000 1.0000 0.0057
vn 0.5900 0.7395 0.3241
vn 0.7050 0.6446 0.2958
vn 0.2837 0.9589 -0.0000
vn -0.0000 1.0000 -0.0000
vn -0.0001 1.0000 -0.0000
vn -0.5305 0.8456 -0.0596
vn -0.7929 0.5147 -0.3263
vn -0.7576 0.6195 -0.2053
vn -0.2321 0.9683 -0.0923
vn -0.0302 0.9981 0.0541
vn -0.0418 0.9988 0.0238
vn 0.0649 0.9974 0.0304
vn -0.0032 0.9875 -0.1577
vn -0.1485 0.9879 0.0451
vn -0.1608 0.9662 -0.2013
vn 0.1659 0.9775 -0.1302
vn 0.1101 0.9938 -0.0142
vn 0.0219 0.9817 0.1893
vn -0.0186 0.9930 -0.1165
vn -0.1870 0.9820 -0.0262
vn -0.0323 0.9990 0.0309
vn 0.1020 0.9812 -0.1637
vn 0.0092 0.9983 0.0582
vn -0.0119 0.9999 -0.0111
vn -0.0334 0.9841 0.1743
vn 0.0542 0.9979 -0.0344
vn 0.0236 0.9994 -0.0232
vn -0.1717 0.9835 0.0568
vn -0.0023 0.9894 0.1451
vn 0.1694 0.9654 -0.1983
vn -0.0109 0.9996 0.0245
vn -0.1612 0.9860 0.0427
vn 0.0967 0.9936 0.0577
vn 0.1194 0.9840 -0.1323
vn -0.0192 0.9998 0.0102
vn 0.1064 0.9930 -0.0509
vn 0.1858 0.9730 0.1367
vn 0.0206 0.9971 -0.0730
vn 0.4299 0.9022 -0.0335
vn 0.8393 0.5350 0.0969
vn 0.7855 0.6102 -0.1029
vn 0.2974 0.9548 -0.0000
vn -0.0000 1.0000 -0.0000
vn -0.0000 1.0000 -0.0000
vn -0.0000 0.9348 -0.3552
vn -0.0000 0.8600 -0.5102
vn -0.0000 0.8601 -0.5102
vn -0.0082 0.8601 -0.5101
vn -0.5982 0.7925 -0.1191
vn -0.6959 0.6423 0.3213
vn -0.2856 0.8571 0.4288
vn 0.3643 0.8328 0.4168
vn 0.6974 0.6409 0.3208
vn 0.5320 0.8117 -0.2411
vn -0.0000 0.8601 -0.5100
vn -0.0000 0.8600 -0.5103
vn -0.0605 0.8584 -0.5093
vn -0.6446 0.6575 -0.3901
vn -0.8305 0.4801 -0.2824
vn -0.6794 0.7111 -0.1809
vn -0.1002 0.9916 -0.0812
vn 0.1126 0.9934 0.0215
vn -0.0359 0.9993 0.0032
vn -0.1627 0.9725 -0.1667
vn 0.0740 0.9952 0.0648
vn 0.0277 0.9918 -0.1245
vn -0.0634 0.9764 0.2066
vn 0.1881 0.9698 0.1554
vn 0.1313 0.9908 -0.0315
vn -0.1374 0.9903 0.0228
vn -0.0397 0.9980 -0.0489
vn -0.0186 0.9985 -0.0509
vn -0.1224 0.9917 0.0402
vn -0.0068 0.9998 0.0165
vn 0.1409 0.9899 0.0147
vn 0.1510 0.9847 0.0868
vn -0.0790 0.9963 -0.0340
vn 0.0012 0.9824 0.1870
vn 0.0052 0.9998 0.0182
vn -0.0585 0.9980 0.0223
vn -0.0754 0.9971 0.0041
vn 0.0844 0.9866 0.1397
vn 0.1552 0.9848 -0.0785
vn -0.0520 0.9939 0.0968
vn -0.1023 0.9881 0.1148
vn 0.0424 0.9958 -0.0815
vn 0.2887 0.9522 -0.1001
vn 0.2655 0.9641 0.0015
vn -0.0109 0.9927 0.1203
vn -0.0729 0.9972 -0.0135
vn 0.5377 0.8396 0.0772
vn 0.7658 0.6154 -0.1864
vn 0.7159 0.5623 -0.4139
vn 0.5100 0.8594 -0.0375
vn -0.0000 1.0000 -0.0000
vn -0.3347 0.8809 -0.3347
vn -0.3181 0.5362 -0.7818
vn -0.1124 0.5274 -0.8422
vn 0.0001 0.5009 -0.8655
vn -0.0001 0.4960 -0.8683
vn -0.0003 0.5380 -0.8430
vn 0.0000 0.7571 -0.6534
vn 0.0002 0.8366 -0.5478
vn 0.0001 0.8395 -0.5433
vn 0.0002 0.7066 -0.7076
vn 0.0001 0.5014 -0.8652
vn -0.0002 0.5159 -0.8566
vn -0.0002 0.5521 -0.8338
vn -0.0000 0.5059 -0.8626
vn -0.3099 0.4981 -0.8098
vn -0.7220 0.6009 -0.3431
vn -0.5790 0.8081 -0.1086
vn 0.0362 0.9985 0.0413
vn 0.0546 0.9965 -0.0635
vn -0.2286 0.9735 -0.0090
vn 0.1258 0.9901 0.0619
vn 0.0424 0.9950 0.0904
vn -0.0038 0.9961 -0.0883
vn 0.1180 0.9880 0.0996
vn -0.0732 0.9932 0.0904
vn -0.0264 0.9970 -0.0734
vn 0.0051 0.9946 -0.1040
vn -0.0915 0.9862 0.1377
vn -0.0998 0.9884 -0.1145
vn 0.0346 0.9868 0.1584
vn 0.0781 0.9967 -0.0206
vn 0.0807 0.9964 -0.0268
vn -0.0607 0.9977 0.0307
vn 0.0665 0.9752 -0.2112
vn 0.1060 0.9944 -0.0005
vn -0.1423 0.9863 -0.0828
vn -0.1851 0.9816 0.0468
vn 0.1160 0.9927 -0.0332
vn 0.0913 0.9953 0.0307
vn -0.0543 0.9856 -0.1604
vn 0.0319 0.9862 -0.1624
vn -0.0810 0.9877 -0.1338
vn -0.0986 0.9862 0.1327
vn -0.0656 0.9978 0.0025
vn 0.3273 0.9445 -0.0283
vn 0.1709 0.9716 -0.1639
vn -0.0086 0.9997 0.0237
vn 0.1839 0.9828 0.0169
vn 0.5289 0.7137 -0.4593
vn 0.6767 0.4376 -0.5921
vn 0.5523 0.5273 -0.6458
vn -0.2216 0.6588 -0.7190
vn -0.6029 0.4135 -0.6823
vn -0.5771 0.4742 -0.6649
vn -0.1673 0.6199 -0.7666
vn -0.0943 0.6133 -0.7842
vn 0.0890 0.5884 -0.8037
vn 0.0823 0.6201 -0.7802
vn -0.1037 0.6060 -0.7887
vn -0.0683 0.5819 -0.8104
vn 0.0537 0.5914 -0.8046
vn 0.0063 0.6427 -0.7661
vn -0.0023 0.6203 -0.7844
vn 0.1308 0.6080 -0.7831
vn -0.0280 0.6243 -0.7807
vn -0.1125 0.6047 -0.7885
vn 0.0928 0.6028 -0.7925
vn -0.1962 0.8232 -0.5328
vn -0.3244 0.9454 0.0313
vn -0.0303 0.9994 0.0144
vn 0.0615 0.9796 -0.1915
vn 0.0898 0.9939 0.0643
vn -0.0669 0.9954 0.0686
vn -0.0767 0.9970 -0.0139
vn 0.0379 0.9993 -0.0071
vn 0.1132 0.9862 -0.1209
vn 0.0194 0.9986 -0.0491
vn -0.0629 0.9974 -0.0357
vn 0.0743 0.9968 0.0292
vn -0.0510 0.9987 -0.0010
vn 0.0023 0.9811 0.1937
vn -0.0282 0.9972 -0.0696
vn -0.1898 0.9769 0.0984
vn 0.1898 0.9790 0.0743
vn -0.0362 0.9973 -0.0644
vn -0.1096 0.9908 -0.0796
vn 0.1326 0.9907 -0.0298
vn 0.0530 0.9915 -0.1187
vn -0.0081 0.9997 0.0228
vn -0.0912 0.9875 0.1284
vn -0.0437 0.9990 -0.0015
vn -0.0378 0.9965 -0.0748
vn -0.0250 0.9994 -0.0238
vn 0.1921 0.9814 0.0043
vn 0.1777 0.9841 0.0000
vn 0.0388 0.9932 0.1101
vn -0.0021 0.9996 -0.0287
vn 0.0426 0.9986 -0.0306
vn 0.1117 0.9899 -0.0878
vn -0.0263 0.9797 -0.1987
vn -0.1230 0.9781 -0.1676
vn 0.4593 0.6639 -0.5901
vn 0.3688 0.4313 -0.8234
vn -0.1975 0.4643 -0.8634
vn -0.3412 0.4939 -0.7998
vn -0.1575 0.8761 -0.4557
vn -0.0875 0.9770 -0.1943
vn -0.1250 0.9677 -0.2187
vn 0.0195 0.9745 -0.2234
vn 0.0590 0.9240 -0.3779
vn -0.1271 0.9454 -0.3002
vn -0.0586 0.9969 -0.0532
vn 0.1934 0.9631 -0.1871
vn 0.0949 0.9843 -0.1487
vn -0.0923 0.9643 -0.2482
vn 0.0133 0.9699 -0.2432
vn -0.0153 0.9527 -0.3035
vn -0.0621 0.9664 -0.2493
vn 0.0339 0.9863 -0.1616
vn 0.1394 0.9539 -0.2658
vn -0.0544 0.9921 0.1131
vn -0.1882 0.9785 -0.0847
vn 0.1027 0.9772 0.1858
vn 0.0295 0.9995 -0.0140
vn 0.0481 0.9924 0.1137
vn -0.0334 0.9988 -0.0365
vn -0.1115 0.9917 0.0645
vn 0.0770 0.9959 0.0476
vn 0.0130 0.9917 -0.1282
vn 0.0518 0.9949 -0.0861
vn 0.0397 0.9945 -0.0968
vn 0.0751 0.9971 0.0127
vn -0.1672 0.9852 -0.0371
vn -0.0614 0.9968 -0.0519
vn 0.2184 0.9748 0.0449
vn -0.0839 0.9954 0.0469
vn -0.2089 0.9621 -0.1752
vn 0.1006 0.9802 0.1705
vn 0.0667 0.9915 0.1117
vn -0.0910 0.9958 -0.0062
vn 0.0607 0.9917 -0.1134
vn 0.0922 0.9957 0.0120
vn -0.1122 0.9890 0.0969
vn -0.0771 0.9954 0.0570
vn 0.1102 0.9849 0.1336
vn -0.0577 0.9911 0.1198
vn 0.0065 0.9984 -0.0561
vn 0.1500 0.9619 -0.2284
vn 0.3232 0.9435 0.0737
vn 0.1151 0.9931 0.0201
vn -0.1773 0.9816 -0.0712
vn 0.1037 0.9928 0.0605
vn 0.0550 0.9984 0.0163
vn -0.1873 0.9799 0.0683
vn 0.0615 0.8029 -0.5929
vn -0.0350 0.7510 -0.6593
vn -0.1115 0.9405 -0.3210
vn 0.1993 0.9797 0.0230
vn 0.0239 0.9888 -0.1471
vn -0.1802 0.9782 -0.1032
vn -0.0310 0.9807 0.1933
vn 0.0445 0.9990 -0.0000
vn 0.1813 0.9829 0.0320
vn 0.0058 0.9988 0.0488
vn -0.0068 0.9998 0.0173
vn -0.0532 0.9981 0.0300
vn -0.1023 0.9903 0.0936
vn 0.1521 0.9877 -0.0351
vn -0.0519 0.9966 -0.0645
vn -0.0314 0.9995 0.0082
vn 0.1320 0.9906 -0.0372
vn 0.0393 0.9956 -0.0851
vn -0.1474 0.9753 -0.1645
vn 0.0457 0.9977 0.0500
vn 0.1322 0.9767 0.1690
vn 0.0146 0.9938 -0.1102
vn -0.0894 0.9960 0.0050
vn -0.1254 0.9919 -0.0208
vn 0.1213 0.9926 0.0111
vn -0.0790 0.9934 -0.0835
vn -0.1139 0.9914 -0.0640
vn -0.0311 0.9982 -0.0509
vn 0.1709 0.9837 -0.0559
vn 0.0086 0.9980 0.0620
vn -0.0605 0.9693 -0.2385
vn 0.0550 0.9908 0.1236
vn -0.0941 0.9901 -0.1039
vn -0.0341 0.9928 -0.1150
vn 0.0901 0.9950 0.0442
vn 0.1785 0.9691 0.1702
vn -0.0463 0.9978 -0.0475
vn -0.1703 0.9812 0.0912
vn 0.0102 0.9942 -0.1073
vn 0.1190 0.9915 -0.0532
vn 0.0015 0.9996 -0.0292
vn -0.0004 0.9998 -0.0200
vn 0.0384 0.9976 0.0583
vn 0.0039 0.9953 -0.0965
vn -0.1746 0.9826 -0.0630
vn -0.3059 0.9461 -0.1065
vn -0.1133 0.9627 0.2456
vn -0.1051 0.9742 -0.1998
vn 0.1490 0.9710 -0.1869
vn 0.0561 0.9060 0.4196
vn -0.1120 0.9575 -0.2657
vn -0.0624 0.9911 0.1178
vn -0.0921 0.9955 -0.0212
vn -0.0275 0.9764 -0.2142
vn 0.2061 0.9784 0.0151
vn 0.0117 0.9156 0.4019
vn -0.2011 0.9200 -0.3365
vn 0.2116 0.9763 -0.0456
vn 0.1143 0.9106 0.3971
vn -0.0967 0.9615 0.2573
vn -0.0844 0.9860 0.1437
vn -0.0712 0.9623 -0.2624
vn 0.1790 0.9837 -0.0137
vn 0.1702 0.9800 0.1029
vn -0.1460 0.9055 0.3983
vn -0.1440 0.9895 -0.0108
vn 0.0273 0.9872 -0.1572
vn -0.0367 0.9885 0.1470
vn -0.0584 0.9841 -0.1680
vn 0.0146 0.9731 -0.2301
vn 0.0786 0.9737 -0.2139
vn 0.1441 0.9650 0.2192
vn -0.0558 0.9984 -0.0126
vn -0.1355 0.9790 -0.1522
vn 0.1307 0.9446 -0.3011
vn -0.0261 0.9573 0.2878
vn -0.1717 0.9781 -0.1179
vn 0.0015 0.9592 -0.2829
vn 0.0460 0.9981 0.0417
vn 0.0596 0.9979 0.0270
vn 0.1477 0.9652 0.2158
vn -0.1132 0.9935 -0.0142
vn -0.1065 0.9941 -0.0214
vn 0.0788 0.9916 -0.1028
vn -0.0166 0.9995 0.0265
vn 0.0648 0.9965 0.0531
vn 0.0723 0.9730 0.2193
vn 0.0106 0.9997 0.0207
vn -0.0153 0.9926 -0.1209
vn -0.1495 0.9854 0.0816
vn -0.0849 0.9934 -0.0775
vn 0.1679 0.9800 -0.1065
vn -0.0794 0.9965 0.0246
vn 0.0099 0.9651 -0.2616
vn 0.0348 0.9983 0.0458
vn -0.1716 0.9491 -0.2642
vn -0.0086 0.9514 -0.3077
vn 0.0589 0.9965 0.0588
f 1/1/1 53/53/53 2/2/2
f 2/2/2 53/53/53 54/54/54
f 2/2/2 54/54/54 55/55/55
f 2/2/2 55/55/55 3/3/3
f 3/3/3 55/55/55 4/4/4
f 4/4/4 55/55/55 56/56/56
f 4/4/4 56/56/56 57/57/57
f 4/4/4 57/57/57 5/5/5
f 5/5/5 57/57/57 6/6/6
f 6/6/6 57/57/57 58/58/58
f 6/6/6 58/58/58 59/59/59
f 6/6/6 59/59/59 7/7/7
f 7/7/7 59/59/59 8/8/8
f 8/8/8 59/59/59 60/60/60
f 8/8/8 60/60/60 61/61/61
f 8/8/8 61/61/61 9/9/9
f 9/9/9 61/61/61 10/10/10
f 10/10/10 61/61/61 62/62/62
f 10/10/10 62/62/62 63/63/63
f 10/10/10 63/63/63 11/11/11
f 11/11/11 63/63/63 12/12/12
f 12/12/12 63/63/63 64/64/64
f 12/12/12 64/64/64 65/65/65
f 12/12/12 65/65/65 13/13/13
f 13/13/13 65/65/65 14/14/14
f 14/14/14 65/65/65 66/66/66
f 14/14/14 66/66/66 67/67/67
f 14/14/14 67/67/67 15/15/15
f 15/15/15 67/67/67 16/16/16
f 16/16/16 67/67/67 68/68/68
f 16/16/16 68/68/68 69/69/69
f 16/16/16 69/69/69 17/17/17
f 17/17/17 69/69/69 18/18/18
f 18/18/18 69/69/69 70/70/70
f 18/18/18 70/70/70 71/71/71
f 18/18/18 71/71/71 19/19/19
f 19/19/19 71/71/71 20/20/20
f 20/20/20 71/71/71 72/72/72
f 20/20/20 72/72/72 73/73/73
f 20/20/20 73/73/73 21/21/21
f 21/21/21 73/73/73 22/22/22
f 22/22/22 73/73/73 74/74/74
f 22/22/22 74/74/74 75/75/75
f 22/22/22 75/75/75 23/23/23
f 23/23/23 75/75/75 24/24/24
f 24/24/24 75/75/75 76/76/76
f 24/24/24 76/76/76 77/77/77
f 24/24/24 77/77/77 25/25/25
f 25/25/25 77/77/77 26/26/26
f 26/26/26 77/77/77 78/78/78
f 26/26/26 78/78/78 79/79/79
f 26/26/26 79/79/79 27/27/27
f 27/27/27 79/79/79 28/28/28
f 28/28/28 79/79/79 80/80/80
f 28/28/28 80/80/80 81/81/81
f 28/28/28 81/81/81 29/29/29
f 29/29/29 81/81/81 30/30/30
f 30/30/30 81/81/81 82/82/82
f 30/30/30 82/82/82 83/83/83
f 30/30/30 83/83/83 31/31/31
f 31/31/31 83/83/83 32/32/32
f 32/32/32 83/83/83 84/84/84
f 32/32/32 84/84/84 85/85/85
f 32/32/32 85/85/85 33/33/33
f 33/33/33 85/85/85 34/34/34
f 34/34/34 85/85/85 86/86/86
f 34/34/34 86/86/86 87/87/87
f 34/34/34 87/87/87 35/35/35
f 35/35/35 87/87/87 36/36/36
f 36/36/36 87/87/87 88/88/88
f 36/36/36 88/88/88 89/89/89
f 36/36/36 89/89/89 37/37/37
f 37/37/37 89/89/89 38/38/38
f 38/38/38 89/89/89 90/90/90
f 38/38/38 90/90/90 91/91/91
f 38/38/38 91/91/91 39/39/39
f 39/39/39 91/91/91 40/40/40
f 40/40/40 91/91/91 92/92/92
f 40/40/40 92/92/92 93/93/93
f 40/40/40 93/93/93 41/41/41
f 41/41/41 93/93/93 42/42/42
f 42/42/42 93/93/93 94/94/94
f 42/42/42 94/94/94 95/95/95
f 42/42/42 95/95/95 43/43/43
f 43/43/43 95/95/95 44/44/44
f 44/44/44 95/95/95 96/96/96
f 44/44/44 96/96/96 97/97/97
f 44/44/44 97/97/97 45/45/45
f 45/45/45 97/97/97 46/46/46
f 46/46/46 97/97/97 98/98/98
f 46/46/46 98/98/98 99/99/99
f 46/46/46 99/99/99 47/47/47
f 47/47/47 99/99/99 48/48/48
f 48/48/48 99/99/99 100/100/100
f 48/48/48 100/100/100 101/101/101
f 48/48/48 101/101/101 49/49/49
f 49/49/49 101/101/101 50/50/50
f 50/50/50 101/101/101 102/102/102
f 50/50/50 102/102/102 103/103/103
f 50/50/50 103/103/103 51/51/51
f 51/51/51 103/103/103 52/52/52
f 52/52/52 103/103/103 104/104/104
f 53/53/53 105/105/105 106/106/106
f 53/53/53 106/106/106 54/54/54
f 54/54/54 106/106/106 55/55/55
f 55/55/55 106/106/106 107/107/107
f 55/55/55 107/107/107 108/108/108
f 55/55/55 108/108/108 56/56/56
f 56/56/56 108/108/108 57/57/57
f 57/57/57 108/108/108 109/109/109
f 57/57/57 109/109/109 110/110/110
f 57/57/57 110/110/110 58/58/58
f 58/58/58 110/110/110 59/59/59
f 59/59/59 110/110/110 111/111/111
f 59/59/59 111/111/111 112/112/112
f 59/59/59 112/112/112 60/60/60
f 60/60/60 112/112/112 61/61/61
f 61/61/61 112/112/112 113/113/113
f 61/61/61 113/113/113 114/114/114
f 61/61/61 114/114/114 62/62/62
f 62/62/62 114/114/114 63/63/63
f 63/63/63 114/114/114 115/115/115
f 63/63/63 115/115/115 116/116/116
f 63/63/63 116/116/116 64/64/64
f 64/64/64 116/116/116 65/65/65
f 65/65/65 116/116/116 117/117/117
f 65/65/65 117/117/117 118/118/118
f 65/65/65 118/118/118 66/66/66
f 66/66/66 118/118/118 67/67/67
f 67/67/67 118/118/118 119/119/119
f 67/67/67 119/119/119 120/120/120
f 67/67/67 120/120/120 68/68/68
f 68/68/68 120/120/120 69/69/69
f 69/69/69 120/120/120 121/121/121
f 69/69/69 121/121/121 122/122/122
f 69/69/69 122/122/122 70/70/70
f 70/70/70 122/122/122 71/71/71
f 71/71/71 122/122/122 123/123/123
f 71/71/71 123/123/123 124/124/124
f 71/71/71 124/124/124 72/72/72
f 72/72/72 124/124/124 73/73/73
f 73/73/73 124/124/124 125/125/125
f 73/73/73 125/125/125 126/126/126
f 73/73/73 126/126/126 74/74/74
f 74/74/74 126/126/126 75/75/75
f 75/75/75 126/126/126 127/127/127
f 75/75/75 127/127/127 128/128/128
f 75/75/75 128/128/128 76/76/76
f 76/76/76 128/128/128 77/77/77
f 77/77/77 128/128/128 129/129/129
f 77/77/77 129/129/129 130/130/130
f 77/77/77 130/130/130 78/78/78
f 78/78/78 130/130/130 79/79/79
f 79/79/79 130/130/130 131/131/131
f 79/79/79 131/131/131 132/132/132
f 79/79/79 132/132/132 80/80/80
f 80/80/80 132/132/132 81/81/81
f 81/81/81 132/132/132 133/133/133
f 81/81/81 133/133/133 134/134/134
f 81/81/81 134/134/134 82/82/82
f 82/82/82 134/134/134 83/83/83
f 83/83/83 134/134/134 135/135/135
f 83/83/83 135/135/135 136/136/136
f 83/83/83 136/136/136 84/84/84
f 84/84/84 136/136/136 85/85/85
f 85/85/85 136/136/136 137/137/137
f 85/85/85 137/137/137 138/138/138
f 85/85/85 138/138/138 86/86/86
f 86/86/86 138/138/138 87/87/87
f 87/87/87 138/138/138 139/139/139
f 87/87/87 139/139/139 140/140/140
f 87/87/87 140/140/140 88/88/88
f 88/88/88 140/140/140 89/89/89
f 89/89/89 140/140/140 141/141/141
f 89/89/89 141/141/141 142/142/142
f 89/89/89 142/142/142 90/90/90
f 90/90/90 142/142/142 91/91/91
f 91/91/91 142/142/142 143/143/143
f 91/91/91 143/143/143 144/144/144
f 91/91/91 144/144/144 92/92/92
f 92/92/92 144/144/144 93/93/93
f 93/93/93 144/144/144 145/145/145
f 93/93/93 145/145/145 146/146/146
f 93/93/93 146/146/146 94/94/94
f 94/94/94 146/146/146 95/95/95
f 95/95/95 146/146/146 147/147/147
f 95/95/95 147/147/147 148/148/148
f 95/95/95 148/148/148 96/96/96
f 96/96/96 148/148/148 97/97/97
f 97/97/97 148/148/148 149/149/149
f 97/97/97 149/149/149 150/150/150
f 97/97/97 150/150/150 98/98/98
f 98/98/98 150/150/150 99/99/99
f 99/99/99 150/150/150 151/151/151
f 99/99/99 151/151/151 152/152/152
f 99/99/99 152/152/152 100/100/100
f 100/100/100 152/152/152 101/101/101
f 101/101/101 152/152/152 153/153/153
f 101/101/101 153/153/153 154/154/154
f 101/101/101 154/154/154 102/102/102
f 102/102/102 154/154/154 103/103/103
f 103/103/103 154/154/154 155/155/155
f 103/103/103 155/155/155 156/156/156
f 103/103/103 156/156/156 104/104/104
f 105/105/105 157/157/157 106/106/106
f 106/106/106 157/157/157 158/158/158
f 106/106/106 158/158/158 159/159/159
f 106/106/106 159/159/159 107/107/107
f 107/107/107 159/159/159 108/108/108
f 108/108/108 159/159/159 160/160/160
f 108/108/108 160/160/160 161/161/161
f 108/108/108 161/161/161 109/109/109
f 109/109/109 161/161/161 110/110/110
f 110/110/110 161/161/161 162/162/162
f 110/110/110 162/162/162 163/163/163
f 110/110/110 163/163/163 111/111/111
f 111/111/111 163/163/163 112/112/112
f 112/112/112 163/163/163 164/164/164
f 112/112/112 164/164/164 165/165/165
f 112/112/112 165/165/165 113/113/113
f 113/113/113 165/165/165 114/114/114
f 114/114/114 165/165/165 166/166/166
f 114/114/114 166/166/166 167/167/167
f 114/114/114 167/167/167 115/115/115
f 115/115/115 167/167/167 116/116/116
f 116/116/116 167/167/167 168/168/168
f 116/116/116 168/168/168 169/169/169
f 116/116/116 169/169/169 117/117/117
f 117/117/117 169/169/169 118/118/118
f 118/118/118 169/169/169 170/170/170
f 118/118/118 170/170/170 171/171/171
f 118/118/118 171/171/171 119/119/119
f 119/119/119 171/171/171 120/120/120
f 120/120/120 171/171/171 172/172/172
f 120/120/120 172/172/172 173/173/173
f 120/120/120 173/173/173 121/121/121
f 121/121/121 173/173/173 122/122/122
f 122/122/122 173/173/173 174/174/174
f 122/122/122 174/174/174 175/175/175
f 122/122/122 175/175/175 123/123/123
f 123/123/123 175/175/175 124/124/124
f 124/124/124 175/175/175 176/176/176
f 124/124/124 176/176/176 177/177/177
f 124/124/124 177/177/177 125/125/125
f 125/125/125 177/177/177 126/126/126
f 126/126/126 177/177/177 178/178/178
f 126/126/126 178/178/178 179/179/179
f 126/126/126 179/179/179 127/127/127
f 127/127/127 179/179/179 128/128/128
f 128/128/128 179/179/179 180/180/180
f 128/128/128 180/180/180 181/181/181
f 128/128/128 181/181/181 129/129/129
f 129/129/129 181/181/181 130/130/130
f 130/130/130 181/181/181 182/182/182
f 130/130/130 182/182/182 183/183/183
f 130/130/130 183/183/183 131/131/131
f 131/131/131 183/183/183 132/132/132
f 132/132/132 183/183/183 184/184/184
f 132/132/132 184/184/184 185/185/185
f 132/132/132 185/185/185 133/133/133
f 133/133/133 185/185/185 134/134/134
f 134/134/134 185/185/185 186/186/186
f 134/134/134 186/186/186 187/187/187
f 134/134/134 187/187/187 135/135/135
f 135/135/135 187/187/187 136/136/136
f 136/136/136 187/187/187 188/188/188
f 136/136/136 188/188/188 189/189/189
f 136/136/136 189/189/189 137/137/137
f 137/137/137 189/189/189 138/138/138
f 138/138/138 189/189/189 190/190/190
f 138/138/138 190/190/190 191/191/191
f 138/138/138 191/191/191 139/139/139
f 139/139/139 191/191/191 140/140/140
f 140/140/140 191/191/191 192/192/192
f 140/140/140 192/192/192 193/193/193
f 140/140/140 193/193/193 141/141/141
f 141/141/141 193/193/193 142/142/142
f 142/142/142 193/193/193 194/194/194
f 142/142/142 194/194/194 195/195/195
f 142/142/142 195/195/195 143/143/143
f 143/143/143 195/195/195 144/144/144
f 144/144/144 195/195/195 196/196/196
f 144/144/144 196/196/196 197/197/197
f 144/144/144 197/197/197 145/145/145
f 145/145/145 197/197/197 146/146/146
f 146/146/146 197/197/197 198/198/198
f 146/146/146 198/198/198 199/199/199
f 146/146/146 199/199/199 147/147/147
f 147/147/147 199/199/199 148/148/148
f 148/148/148 199/199/199 200/200/200
f 148/148/148 200/200/200 201/201/201
f 148/148/148 201/201/201 149/149/149
f 149/149/149 201/201/201 150/150/150
f 150/150/150 201/201/201 202/202/202
f 150/150/150 202/202/202 203/203/203
f 150/150/150 203/203/203 151/151/151
f 151/151/151 203/203/203 152/152/152
f 152/152/152 203/203/203 204/204/204
f 152/152/152 204/204/204 205/205/205
f 152/152/152 205/205/205 153/153/153
f 153/153/153 205/205/205 154/154/154
f 154/154/154 205/205/205 206/206/206
f 154/154/154 206/206/206 207/207/207
f 154/154/154 207/207/207 155/155/155
f 155/155/155 207/207/207 156/156/156
f 156/156/156 207/207/207 208/208/208
f 157/157/157 209/209/209 210/210/210
f 157/157/157 210/210/210 158/158/158
f 158/158/158 210/210/210 159/159/159
f 159/159/159 210/210/210 211/211/211
f 159/159/159 211/211/211 212/212/212
f 159/159/159 212/212/212 160/160/160
f 160/160/160 212/212/212 161/161/161
f 161/161/161 212/212/212 213/213/213
f 161/161/161 213/213/213 214/214/214
f 161/161/161 214/214/214 162/162/162
f 162/162/162 214/214/214 163/163/163
f 163/163/163 214/214/214 215/215/215
f 163/163/163 215/215/215 216/216/216
f 163/163/163 216/216/216 164/164/164
f 164/164/164 216/216/216 165/165/165
f 165/165/165 216/216/216 217/217/217
f 165/165/165 217/217/217 218/218/218
f 165/165/165 218/218/218 166/166/166
f 166/166/166 218/218/218 167/167/167
f 167/167/167 218/218/218 219/219/219
f 167/167/167 219/219/219 220/220/220
f 167/167/167 220/220/220 168/168/168
f 168/168/168 220/220/220 169/169/169
f 169/169/169 220/220/220 221/221/221
f 169/169/169 221/221/221 222/222/222
f 169/169/169 222/222/222 170/170/170
f 170/170/170 222/222/222 171/171/171
f 171/171/171 222/222/222 223/223/223
f 171/171/171 223/223/223 224/224/224
f 171/171/171 224/224/224 172/172/172
f 172/172/172 224/224/224 173/173/173
f 173/173/173 224/224/224 225/225/225
f 173/173/173 225/225/225 226/226/226
f 173/173/173 226/226/226 174/174/174
f 174/174/174 226/226/226 175/175/175
f 175/175/175 226/226/226 227/227/227
f 175/175/175 227/227/227 228/228/228
f 175/175/175 228/228/228 176/176/176
f 176/176/176 228/228/228 177/177/177
f 177/177/177 228/228/228 229/229/229
f 177/177/177 229/229/229 230/230/230
f 177/177/177 230/230/230 178/178/178
f 178/178/178 230/230/230 179/179/179
f 179/179/179 230/230/230 231/231/231
f 179/179/179 231/231/231 232/232/232
f 179/179/179 232/232/232 180/180/180
f 180/180/180 232/232/232 181/181/181
f 181/181/181 232/232/232 233/233/233
f 181/181/181 233/233/233 234/234/234
f 181/181/181 234/234/234 182/182/182
f 182/182/182 234/234/234 183/183/183
f 183/183/183 234/234/234 235/235/235
f 183/183/183 235/235/235 236/236/236
f 183/183/183 236/236/236 184/184/184
f 184/184/184 236/236/236 185/185/185
f 185/185/185 236/236/236 237/237/237
f 185/185/185 237/237/237 238/238/238
f 185/185/185 238/238/238 186/186/186
f 186/186/186 238/238/238 187/187/187
f 187/187/187 238/238/238 239/239/239
f 187/187/187 239/239/239 240/240/240
f 187/187/187 240/240/240 188/188/188
f 188/188/188 240/240/240 189/189/189
f 189/189/189 240/240/240 241/241/241
f 189/189/189 241/241/241 242/242/242
f 189/189/189 242/242/242 190/190/190
f 190/190/190 242/242/242 191/191/191
f 191/191/191 242/242/242 243/243/243
f 191/191/191 243/243/243 244/244/244
f 191/191/191 244/244/244 192/192/192
f 192/192/192 244/244/244 193/193/193
f 193/193/193 244/244/244 245/245/245
f 193/193/193 245/245/245 246/246/246
f 193/193/193 246/246/246 194/194/194
f 194/194/194 246/246/246 195/195/195
f 195/195/195 246/246/246 247/247/247
f 195/195/195 247/247/247 248/248/248
f 195/195/195 248/248/248 196/196/196
f 196/196/196 248/248/248 197/197/197
f 197/197/197 248/248/248 249/249/249
f 197/197/197 249/249/249 250/250/250
f 197/197/197 250/250/250 198/198/198
f 198/198/198 250/250/250 199/199/199
f 199/199/199 250/250/250 251/251/251
f 199/199/199 251/251/251 252/252/252
f 199/199/199 252/252/252 200/200/200
f 200/200/200 252/252/252 201/201/201
f 201/201/201 252/252/252 253/253/253
f 201/201/201 253/253/253 254/254/254
f 201/201/201 254/254/254 202/202/202
f 202/202/202 254/254/254 203/203/203
f 203/203/203 254/254/254 255/255/255
f 203/203/203 255/255/255 256/256/256
f 203/203/203 256/256/256 204/204/204
f 204/204/204 256/256/256 205/205/205
f 205/205/205 256/256/256 257/257/257
f 205/205/205 257/257/257 258/258/258
f 205/205/205 258/258/258 206/206/206
f 206/206/206 258/258/258 207/207/207
f 207/207/207 258/258/258 259/259/259
f 207/207/207 259/259/259 260/260/260
f 207/207/207 260/260/260 208/208/208
f 209/209/209 261/261/261 210/210/210
f 210/210/210 261/261/261 262/262/262
f 210/210/210 262/262/262 263/263/263
f 210/210/210 263/263/263 211/211/211
f 211/211/211 263/263/263 212/212/212
f 212/212/212 263/263/263 264/264/264
f 212/212/212 264/264/264 265/265/265
f 212/212/212 265/265/265 213/213/213
f 213/213/213 265/265/265 214/214/214
f 214/214/214 265/265/265 266/266/266
f 214/214/214 266/266/266 267/267/267
f 214/214/214 267/267/267 215/215/215
f 215/215/215 267/267/267 216/216/216
f 216/216/216 267/267/267 268/268/268
f 216/216/216 268/268/268 269/269/269
f 216/216/216 269/269/269 217/217/217
f 217/217/217 269/269/269 218/218/218
f 218/218/218 269/269/269 270/270/270
f 218/218/218 270/270/270 271/271/271
f 218/218/218 271/271/271 219/219/219
f 219/219/219 271/271/271 220/220/220
f 220/220/220 271/271/271 272/272/272
f 220/220/220 272/272/272 273/273/273
f 220/220/220 273/273/273 221/221/221
f 221/221/221 273/273/273 222/222/222
f 222/222/222 273/273/273 274/274/274
f 222/222/222 274/274/274 275/275/275
f 222/222/222 275/275/275 223/223/223
f 223/223/223 275/275/275 224/224/224
f 224/224/224 275/275/275 276/276/276
f 224/224/224 276/276/276 277/277/277
f 224/224/224 277/277/277 225/225/225
f 225/225/225 277/277/277 226/226/226
f 226/226/226 277/277/277 278/278/278
f 226/226/226 278/278/278 279/279/279
f 226/226/226 279/279/279 227/227/227
f 227/227/227 279/279/279 228/228/228
f 228/228/228 279/279/279 280/280/280
f 228/228/228 280/280/280 281/281/281
f 228/228/228 281/281/281 229/229/229
f 229/229/229 281/281/281 230/230/230
f 230/230/230 281/281/281 282/282/282
f 230/230/230 282/282/282 283/283/283
f 230/230/230 283/283/283 231/231/231
f 231/231/231 283/283/283 232/232/232
f 232/232/232 283/283/283 284/284/284
f 232/232/232 284/284/284 285/285/285
f 232/232/232 285/285/285 233/233/233
f 233/233/233 285/285/285 234/234/234
f 234/234/234 285/285/285 286/286/286
f 234/234/234 286/286/286 287/287/287
f 234/234/234 287/287/287 235/235/235
f 235/235/235 287/287/287 236/236/236
f 236/236/236 287/287/287 288/288/288
f 236/236/236 288/288/288 289/289/289
f 236/236/236 289/289/289 237/237/237
f 237/237/237 289/289/289 238/238/238
f 238/238/238 289/289/289 290/290/290
f 238/238/238 290/290/290 291/291/291
f 238/238/238 291/291/291 239/239/239
f 239/239/239 291/291/291 240/240/240
f 240/240/240 291/291/291 292/292/292
f 240/240/240 292/292/292 293/293/293
f 240/240/240 293/293/293 241/241/241
f 241/241/241 293/293/293 242/242/242
f 242/242/242 293/293/293 294/294/294
f 242/242/242 294/294/294 295/295/295
f 242/242/242 295/295/295 243/243/243
f 243/243/243 295/295/295 244/244/244
f 244/244/244 295/295/295 296/296/296
f 244/244/244 296/296/296 297/297/297
f 244/244/244 297/297/297 245/245/245
f 245/245/245 297/297/297 246/246/246
f 246/246/246 297/297/297 298/298/298
f 246/246/246 298/298/298 299/299/299
f 246/246/246 299/299/299 247/247/247
f 247/247/247 299/299/299 248/248/248
f 248/248/248 299/299/299 300/300/300
f 248/248/248 300/300/300 301/301/301
f 248/248/248 301/301/301 249/249/249
f 249/249/249 301/301/301 250/250/250
f 250/250/250 301/301/301 302/302/302
f 250/250/250 302/302/302 303/303/303
f 250/250/250 303/303/303 251/251/251
f 251/251/251 303/303/303 252/252/252
f 252/252/252 303/303/303 304/304/304
f 252/252/252 304/304/304 305/305/305
f 252/252/252 305/305/305 253/253/253
f 253/253/253 305/305/305 254/254/254
f 254/254/254 305/305/305 306/306/306
f 254/254/254 306/306/306 307/307/307
f 254/254/254 307/307/307 255/255/255
f 255/255/255 307/307/307 256/256/256
f 256/256/256 307/307/307 308/308/308
f 256/256/256 308/308/308 309/309/309
f 256/256/256 309/309/309 257/257/257
f 257/257/257 309/309/309 258/258/258
f 258/258/258 309/309/309 310/310/310
f 258/258/258 310/310/310 311/311/311
f 258/258/258 311/311/311 259/259/259
f 259/259/259 311/311/311 260/260/260
f 260/260/260 311/311/311 312/312/312
f 261/261/261 313/313/313 314/314/314
f 261/261/261 314/314/314 262/262/262
f 262/262/262 314/314/314 263/263/263
f 263/263/263 314/314/314 315/315/315
f 263/263/263 315/315/315 316/316/316
f 263/263/263 316/316/316 264/264/264
f 264/264/264 316/316/316 265/265/265
f 265/265/265 316/316/316 317/317/317
f 265/265/265 317/317/317 318/318/318
f 265/265/265 318/318/318 266/266/266
f 266/266/266 318/318/318 267/267/267
f 267/267/267 318/318/318 319/319/319
f 267/267/267 319/319/319 320/320/320
f 267/267/267 320/320/320 268/268/268
f 268/268/268 320/320/320 269/269/269
f 269/269/269 320/320/320 321/321/321
f 269/269/269 321/321/321 322/322/322
f 269/269/269 322/322/322 270/270/270
f 270/270/270 322/322/322 271/271/271
f 271/271/271 322/322/322 323/323/323
f 271/271/271 323/323/323 324/324/324
f 271/271/271 324/324/324 272/272/272
f 272/272/272 324/324/324 273/273/273
f 273/273/273 324/324/324 325/325/325
f 273/273/273 325/325/325 326/326/326
f 273/273/273 326/326/326 274/274/274
f 274/274/274 326/326/326 275/275/275
f 275/275/275 326/326/326 327/327/327
f 275/275/275 327/327/327 328/328/328
f 275/275/275 328/328/328 276/276/276
f 276/276/276 328/328/328 277/277/277
f 277/277/277 328/328/328 329/329/329
f 277/277/277 329/329/329 330/330/330
f 277/277/277 330/330/330 278/278/278
f 278/278/278 330/330/330 279/279/279
f 279/279/279 330/330/330 331/331/331
f 279/279/279 331/331/331 332/332/332
f 279/279/279 332/332/332 280/280/280
f 280/280/280 332/332/332 281/281/281
f 281/281/281 332/332/332 333/333/333
f 281/281/281 333/333/333 334/334/334
f 281/281/281 334/334/334 282/282/282
f 282/282/282 334/334/334 283/283/283
f 283/283/283 334/334/334 335/335/335
f 283/283/283 335/335/335 336/336/336
f 283/283/283 336/336/336 284/284/284
f 284/284/284 336/336/336 285/285/285
f 285/285/285 336/336/336 337/337/337
f 285/285/285 337/337/337 338/338/338
f 285/285/285 338/338/338 286/286/286
f 286/286/286 338/338/338 287/287/287
f 287/287/287 338/338/338 339/339/339
f 287/287/287 339/339/339 340/340/340
f 287/287/287 340/340/340 288/288/288
f 288/288/288 340/340/340 289/289/289
f 289/289/289 340/340/340 341/341/341
f 289/289/289 341/341/341 342/342/342
f 289/289/289 342/342/342 290/290/290
f 290/290/290 342/342/342 291/291/291
f 291/291/291 342/342/342 343/343/343
f 291/291/291 343/343/343 344/344/344
f 291/291/291 344/344/344 292/292/292
f 292/292/292 344/344/344 293/293/293
f 293/293/293 344/344/344 345/345/345
f 293/293/293 345/345/345 346/346/346
f 293/293/293 346/346/346 294/294/294
f 294/294/294 346/346/346 295/295/295
f 295/295/295 346/346/346 347/347/347
f 295/295/295 347/347/347 348/348/348
f 295/295/295 348/348/348 296/296/296
f 296/296/296 348/348/348 297/297/297
f 297/297/297 348/348/348 349/349/349
f 297/297/297 349/349/349 350/350/350
f 297/297/297 350/350/350 298/298/298
f 298/298/298 350/350/350 299/299/299
f 299/299/299 350/350/350 351/351/351
f 299/299/299 351/351/351 352/352/352
f 299/299/299 352/352/352 300/300/300
f 300/300/300 352/352/352 301/301/301
f 301/301/301 352/352/352 353/353/353
f 301/301/301 353/353/353 354/354/354
f 301/301/301 354/354/354 302/302/302
f 302/302/302 354/354/354 303/303/303
f 303/303/303 354/354/354 355/355/355
f 303/303/303 355/355/355 356/356/356
f 303/303/303 356/356/356 304/304/304
f 304/304/304 356/356/356 305/305/305
f 305/305/305 356/356/356 357/357/357
f 305/305/305 357/357/357 358/358/358
f 305/305/305 358/358/358 306/306/306
f 306/306/306 358/358/358 307/307/307
f 307/307/307 358/358/358 359/359/359
f 307/307/307 359/359/359 360/360/360
f 307/307/307 360/360/360 308/308/308
f 308/308/308 360/360/360 309/309/309
f 309/309/309 360/360/360 361/361/361
f 309/309/309 361/361/361 362/362/362
f 309/309/309 362/362/362 310/310/310
f 310/310/310 362/362/362 311/311/311
f 311/311/311 362/362/362 363/363/363
f 311/311/311 363/363/363 364/364/364
f 311/311/311 364/364/364 312/312/312
f 313/313/313 365/365/365 314/314/314
f 314/314/314 365/365/365 366/366/366
f 314/314/314 366/366/366 367/367/367
f 314/314/314 367/367/367 315/315/315
f 315/315/315 367/367/367 316/316/316
f 316/316/316 367/367/367 368/368/368
f 316/316/316 368/368/368 369/369/369
f 316/316/316 369/369/369 317/317/317
f 317/317/317 369/369/369 318/318/318
f 318/318/318 369/369/369 370/370/370
f 318/318/318 370/370/370 371/371/371
f 318/318/318 371/371/371 319/319/319
f 319/319/319 371/371/371 320/320/320
f 320/320/320 371/371/371 372/372/372
f 320/320/320 372/372/372 373/373/373
f 320/320/320 373/373/373 321/321/321
f 321/321/321 373/373/373 322/322/322
f 322/322/322 373/373/373 374/374/374
f 322/322/322 374/374/374 375/375/375
f 322/322/322 375/375/375 323/323/323
f 323/323/323 375/375/375 324/324/324
f 324/324/324 375/375/375 376/376/376
f 324/324/324 376/376/376 377/377/377
f 324/324/324 377/377/377 325/325/325
f 325/325/325 377/377/377 326/326/326
f 326/326/326 377/377/377 378/378/378
f 326/326/326 378/378/378 379/379/379
f 326/326/326 379/379/379 327/327/327
f 327/327/327 379/379/379 328/328/328
f 328/328/328 379/379/379 380/380/380
f 328/328/328 380/380/380 381/381/381
f 328/328/328 381/381/381 329/329/329
f 329/329/329 381/381/381 330/330/330
f 330/330/330 381/381/381 382/382/382
f 330/330/330 382/382/382 383/383/383
f 330/330/330 383/383/383 331/331/331
f 331/331/331 383/383/383 332/332/332
f 332/332/332 383/383/383 384/384/384
f 332/332/332 384/384/384 385/385/385
f 332/332/332 385/385/385 333/333/333
f 333/333/333 385/385/385 334/334/334
f 334/334/334 385/385/385 386/386/386
f 334/334/334 386/386/386 387/387/387
f 334/334/334 387/387/387 335/335/335
f 335/335/335 387/387/387 336/336/336
f 336/336/336 387/387/387 388/388/388
f 336/336/336 388/388/388 389/389/389
f 336/336/336 389/389/389 337/337/337
f 337/337/337 389/389/389 338/338/338
f 338/338/338 389/389/389 390/390/390
f 338/338/338 390/390/390 391/391/391
f 338/338/338 391/391/391 339/339/339
f 339/339/339 391/391/391 340/340/340
f 340/340/340 391/391/391 392/392/392
f 340/340/340 392/392/392 393/393/393
f 340/340/340 393/393/393 341/341/341
f 341/341/341 393/393/393 342/342/342
f 342/342/342 393/393/393 394/394/394
f 342/342/342 394/394/394 395/395/395
f 342/342/342 395/395/395 343/343/343
f 343/343/343 395/395/395 344/344/344
f 344/344/344 395/395/395 396/396/396
f 344/344/344 396/396/396 397/397/397
f 344/344/344 397/397/397 345/345/345
f 345/345/345 397/397/397 346/346/346
f 346/346/346 397/397/397 398/398/398
f 346/346/346 398/398/398 399/399/399
f 346/346/346 399/399/399 347/347/347
f 347/347/347 399/399/399 348/348/348
f 348/348/348 399/399/399 400/400/400
f 348/348/348 400/400/400 401/401/401
f 348/348/348 401/401/401 349/349/349
f 349/349/349 401/401/401 350/350/350
f 350/350/350 401/401/401 402/402/402
f 350/350/350 402/402/402 403/403/403
f 350/350/350 403/403/403 351/351/351
f 351/351/351 403/403/403 352/352/352
f 352/352/352 403/403/403 404/404/404
f 352/352/352 404/404/404 405/405/405
f 352/352/352 405/405/405 353/353/353
f 353/353/353 405/405/405 354/354/354
f 354/354/354 405/405/405 406/406/406
f 354/354/354 406/406/406 407/407/407
f 354/354/354 407/407/407 355/355/355
f 355/355/355 407/407/407 356/356/356
f 356/356/356 407/407/407 408/408/408
f 356/356/356 408/408/408 409/409/409
f 356/356/356 409/409/409 357/357/357
f 357/357/357 409/409/409 358/358/358
f 358/358/358 409/409/409 410/410/410
f 358/358/358 410/410/410 411/411/411
f 358/358/358 411/411/411 359/359/359
f 359/359/359 411/411/411 360/360/360
f 360/360/360 411/411/411 412/412/412
f 360/360/360 412/412/412 413/413/413
f 360/360/360 413/413/413 361/361/361
f 361/361/361 413/413/413 362/362/362
f 362/362/362 413/413/413 414/414/414
f 362/362/362 414/414/414 415/415/415
f 362/362/362 415/415/415 363/363/363
f 363/363/363 415/415/415 364/364/364
f 364/364/364 415/415/415 416/416/416
f 365/365/365 417/417/417 418/418/418
f 365/365/365 418/418/418 366/366/366
f 366/366/366 418/418/418 367/367/367
f 367/367/367 418/418/418 419/419/419
f 367/367/367 419/419/419 420/420/420
f 367/367/367 420/420/420 368/368/368
f 368/368/368 420/420/420 369/369/369
f 369/369/369 420/420/420 421/421/421
f 369/369/369 421/421/421 422/422/422
f 369/369/369 422/422/422 370/370/370
f 370/370/370 422/422/422 371/371/371
f 371/371/371 422/422/422 423/423/423
f 371/371/371 423/423/423 424/424/424
f 371/371/371 424/424/424 372/372/372
f 372/372/372 424/424/424 373/373/373
f 373/373/373 424/424/424 425/425/425
f 373/373/373 425/425/425 426/426/426
f 373/373/373 426/426/426 374/374/374
f 374/374/374 426/426/426 375/375/375
f 375/375/375 426/426/426 427/427/427
f 375/375/375 427/427/427 428/428/428
f 375/375/375 428/428/428 376/376/376
f 376/376/376 428/428/428 377/377/377
f 377/377/377 428/428/428 429/429/429
f 377/377/377 429/429/429 430/430/430
f 377/377/377 430/430/430 378/378/378
f 378/378/378 430/430/430 379/379/379
f 379/379/379 430/430/430 431/431/431
f 379/379/379 431/431/431 432/432/432
f 379/379/379 432/432/432 380/380/380
f 380/380/380 432/432/432 381/381/381
f 381/381/381 432/432/432 433/433/433
f 381/381/381 433/433/433 434/434/434
f 381/381/381 434/434/434 382/382/382
f 382/382/382 434/434/434 383/383/383
f 383/383/383 434/434/434 435/435/435
f 383/383/383 435/435/435 436/436/436
f 383/383/383 436/436/436 384/384/384
f 384/384/384 436/436/436 385/385/385
f 385/385/385 436/436/436 437/437/437
f 385/385/385 437/437/437 438/438/438
f 385/385/385 438/438/438 386/386/386
f 386/386/386 438/438/438 387/387/387
f 387/387/387 438/438/438 439/439/439
f 387/387/387 439/439/439 440/440/440
f 387/387/387 440/440/440 388/388/388
f 388/388/388 440/440/440 389/389/389
f 389/389/389 440/440/440 441/441/441
f 389/389/389 441/441/441 442/442/442
f 389/389/389 442/442/442 390/390/390
f 390/390/390 442/442/442 391/391/391
f 391/391/391 442/442/442 443/443/443
f 391/391/391 443/443/443 444/444/444
f 391/391/391 444/444/444 392/392/392
f 392/392/392 444/444/444 393/393/393
f 393/393/393 444/444/444 445/445/445
f 393/393/393 445/445/445 446/446/446
f 393/393/393 446/446/446 394/394/394
f 394/394/394 446/446/446 395/395/395
f 395/395/395 446/446/446 447/447/447
f 395/395/395 447/447/447 448/448/448
f 395/395/395 448/448/448 396/396/396
f 396/396/396 448/448/448 397/397/397
f 397/397/397 448/448/448 449/449/449
f 397/397/397 449/449/449 450/450/450
f 397/397/397 450/450/450 398/398/398
f 398/398/398 450/450/450 399/399/399
f 399/399/399 450/450/450 451/451/451
f 399/399/399 451/451/451 452/452/452
f 399/399/399 452/452/452 400/400/400
f 400/400/400 452/452/452 401/401/401
f 401/401/401 452/452/452 453/453/453
f 401/401/401 453/453/453 454/454/454
f 401/401/401 454/454/454 402/402/402
f 402/402/402 454/454/454 403/403/403
f 403/403/403 454/454/454 455/455/455
f 403/403/403 455/455/455 456/456/456
f 403/403/403 456/456/456 404/404/404
f 404/404/404 456/456/456 405/405/405
f 405/405/405 456/456/456 457/457/457
f 405/405/405 457/457/457 458/458/458
f 405/405/405 458/458/458 406/406/406
f 406/406/406 458/458/458 407/407/407
f 407/407/407 458/458/458 459/459/459
f 407/407/407 459/459/459 460/460/460
f 407/407/407 460/460/460 408/408/408
f 408/408/408 460/460/460 409/409/409
f 409/409/409 460/460/460 461/461/461
f 409/409/409 461/461/461 462/462/462
f 409/409/409 462/462/462 410/410/410
f 410/410/410 462/462/462 411/411/411
f 411/411/411 462/462/462 463/463/463
f 411/411/411 463/463/463 464/464/464
f 411/411/411 464/464/464 412/412/412
f 412/412/412 464/464/464 413/413/413
f 413/413/413 464/464/464 465/465/465
f 413/413/413 465/465/465 466/466/466
f 413/413/413 466/466/466 414/414/414
f 414/414/414 466/466/466 415/415/415
f 415/415/415 466/466/466 467/467/467
f 415/415/415 467/467/467 468/468/468
f 415/415/415 468/468/468 416/416/416
f 417/417/417 469/469/469 418/418/418
f 418/418/418 469/469/469 470/470/470
f 418/418/418 470/470/470 471/471/471
f 418/418/418 471/471/471 419/419/419
f 419/419/419 471/471/471 420/420/420
f 420/420/420 471/471/471 472/472/472
f 420/420/420 472/472/472 473/473/473
f 420/420/420 473/473/473 421/421/421
f 421/421/421 473/473/473 422/422/422
f 422/422/422 473/473/473 474/474/474
f 422/422/422 474/474/474 475/475/475
f 422/422/422 475/475/475 423/423/423
f 423/423/423 475/475/475 424/424/424
f 424/424/424 475/475/475 476/476/476
f 424/424/424 476/476/476 477/477/477
f 424/424/424 477/477/477 425/425/425
f 425/425/425 477/477/477 426/426/426
f 426/426/426 477/477/477 478/478/478
f 426/426/426 478/478/478 479/479/479
f 426/426/426 479/479/479 427/427/427
f 427/427/427 479/479/479 428/428/428
f 428/428/428 479/479/479 480/480/480
f 428/428/428 480/480/480 481/481/481
f 428/428/428 481/481/481 429/429/429
f 429/429/429 481/481/481 430/430/430
f 430/430/430 481/481/481 482/482/482
f 430/430/430 482/482/482 483/483/483
f 430/430/430 483/483/483 431/431/431
f 431/431/431 483/483/483 432/432/432
f 432/432/432 483/483/483 484/484/484
f 432/432/432 484/484/484 485/485/485
f 432/432/432 485/485/485 433/433/433
f 433/433/433 485/485/485 434/434/434
f 434/434/434 485/485/485 486/486/486
f 434/434/434 486/486/486 487/487/487
f 434/434/434 487/487/487 435/435/435
f 435/435/435 487/487/487 436/436/436
f 436/436/436 487/487/487 488/488/488
f 436/436/436 488/488/488 489/489/489
f 436/436/436 489/489/489 437/437/437
f 437/437/437 489/489/489 438/438/438
f 438/438/438 489/489/489 490/490/490
f 438/438/438 490/490/490 491/491/491
f 438/438/438 491/491/491 439/439/439
f 439/439/439 491/491/491 440/440/440
f 440/440/440 491/491/491 492/492/492
f 440/440/440 492/492/492 493/493/493
f 440/440/440 493/493/493 441/441/441
f 441/441/441 493/493/493 442/442/442
f 442/442/442 493/493/493 494/494/494
f 442/442/442 494/494/494 495/495/495
f 442/442/442 495/495/495 443/443/443
f 443/443/443 495/495/495 444/444/444
f 444/444/444 495/495/495 496/496/496
f 444/444/444 496/496/496 497/497/497
f 444/444/444 497/497/497 445/445/445
f 445/445/445 497/497/497 446/446/446
f 446/446/446 497/497/497 498/498/498
f 446/446/446 498/498/498 499/499/499
f 446/446/446 499/499/499 447/447/447
f 447/447/447 499/499/499 448/448/448
f 448/448/448 499/499/499 500/500/500
f 448/448/448 500/500/500 501/501/501
f 448/448/448 501/501/501 449/449/449
f 449/449/449 501/501/501 450/450/450
f 450/450/450 501/501/501 502/502/502
f 450/450/450 502/502/502 503/503/503
f 450/450/450 503/503/503 451/451/451
f 451/451/451 503/503/503 452/452/452
f 452/452/452 503/503/503 504/504/504
f 452/452/452 504/504/504 505/505/505
f 452/452/452 505/505/505 453/453/453
f 453/453/453 505/505/505 454/454/454
f 454/454/454 505/505/505 506/506/506
f 454/454/454 506/506/506 507/507/507
f 454/454/454 507/507/507 455/455/455
f 455/455/455 507/507/507 456/456/456
f 456/456/456 507/507/507 508/508/508
f 456/456/456 508/508/508 509/509/509
f 456/456/456 509/509/509 457/457/457
f 457/457/457 509/509/509 458/458/458
f 458/458/458 509/509/509 510/510/510
f 458/458/458 510/510/510 511/511/511
f 458/458/458 511/511/511 459/459/459
f 459/459/459 511/511/511 460/460/460
f 460/460/460 511/511/511 512/512/512
f 460/460/460 512/512/512 513/513/513
f 460/460/460 513/513/513 461/461/461
f 461/461/461 513/513/513 462/462/462
f 462/462/462 513/513/513 514/514/514
f 462/462/462 514/514/514 515/515/515
f 462/462/462 515/515/515 463/463/463
f 463/463/463 515/515/515 464/464/464
f 464/464/464 515/515/515 516/516/516
f 464/464/464 516/516/516 517/517/517
f 464/464/464 517/517/517 465/465/465
f 465/465/465 517/517/517 466/466/466
f 466/466/466 517/517/517 518/518/518
f 466/466/466 518/518/518 519/519/519
f 466/466/466 519/519/519 467/467/467
f 467/467/467 519/519/519 468/468/468
f 468/468/468 519/519/519 520/520/520
f 469/469/469 521/521/521 522/522/522
f 469/469/469 522/522/522 470/470/470
f 470/470/470 522/522/522 471/471/471
f 471/471/471 522/522/522 523/523/523
f 471/471/471 523/523/523 524/524/524
f 471/471/471 524/524/524 472/472/472
f 472/472/472 524/524/524 473/473/473
f 473/473/473 524/524/524 525/525/525
f 473/473/473 525/525/525 526/526/526
f 473/473/473 526/526/526 474/474/474
f 474/474/474 526/526/526 475/475/475
f 475/475/475 526/526/526 527/527/527
f 475/475/475 527/527/527 528/528/528
f 475/475/475 528/528/528 476/476/476
f 476/476/476 528/528/528 477/477/477
f 477/477/477 528/528/528 529/529/529
f 477/477/477 529/529/529 530/530/530
f 477/477/477 530/530/530 478/478/478
f 478/478/478 530/530/530 479/479/479
f 479/479/479 530/530/530 531/531/531
f 479/479/479 531/531/531 532/532/532
f 479/479/479 532/532/532 480/480/480
f 480/480/480 532/532/532 481/481/481
f 481/481/481 532/532/532 533/533/533
f 481/481/481 533/533/533 534/534/534
f 481/481/481 534/534/534 482/482/482
f 482/482/482 534/534/534 483/483/483
f 483/483/483 534/534/534 535/535/535
f 483/483/483 535/535/535 536/536/536
f 483/483/483 536/536/536 484/484/484
f 484/484/484 536/536/536 485/485/485
f 485/485/485 536/536/536 537/537/537
f 485/485/485 537/537/537 538/538/538
f 485/485/485 538/538/538 486/486/486
f 486/486/486 538/538/538 487/487/487
f 487/487/487 538/538/538 539/539/539
f 487/487/487 539/539/539 540/540/540
f 487/487/487 540/540/540 488/488/488
f 488/488/488 540/540/540 489/489/489
f 489/489/489 540/540/540 541/541/541
f 489/489/489 541/541/541 542/542/542
f 489/489/489 542/542/542 490/490/490
f 490/490/490 542/542/542 491/491/491
f 491/491/491 542/542/542 543/543/543
f 491/491/491 543/543/543 544/544/544
f 491/491/491 544/544/544 492/492/492
f 492/492/492 544/544/544 493/493/493
f 493/493/493 544/544/544 545/545/545
f 493/493/493 545/545/545 546/546/546
f 493/493/493 546/546/546 494/494/494
f 494/494/494 546/546/546 495/495/495
f 495/495/495 546/546/546 547/547/547
f 495/495/495 547/547/547 548/548/548
f 495/495/495 548/548/548 496/496/496
f 496/496/496 548/548/548 497/497/497
f 497/497/497 548/548/548 549/549/549
f 497/497/497 549/549/549 550/550/550
f 497/497/497 550/550/550 498/498/498
f 498/498/498 550/550/550 499/499/499
f 499/499/499 550/550/550 551/551/551
f 499/499/499 551/551/551 552/552/552
f 499/499/499 552/552/552 500/500/500
f 500/500/500 552/552/552 501/501/501
f 501/501/501 552/552/552 553/553/553
f 501/501/501 553/553/553 554/554/554
f 501/501/501 554/554/554 502/502/502
f 502/502/502 554/554/554 503/503/503
f 503/503/503 554/554/554 555/555/555
f 503/503/503 555/555/555 556/556/556
f 503/503/503 556/556/556 504/504/504
f 504/504/504 556/556/556 505/505/505
f 505/505/505 556/556/556 557/557/557
f 505/505/505 557/557/557 558/558/558
f 505/505/505 558/558/558 506/506/506
f 506/506/506 558/558/558 507/507/507
f 507/507/507 558/558/558 559/559/559
f 507/507/507 559/559/559 560/560/560
f 507/507/507 560/560/560 508/508/508
f 508/508/508 560/560/560 509/509/509
f 509/509/509 560/560/560 561/561/561
f 509/509/509 561/561/561 562/562/562
f 509/509/509 562/562/562 510/510/510
f 510/510/510 562/562/562 511/511/511
f 511/511/511 562/562/562 563/563/563
f 511/511/511 563/563/563 564/564/564
f 511/511/511 564/564/564 512/512/512
f 512/512/512 564/564/564 513/513/513
f 513/513/513 564/564/564 565/565/565
f 513/513/513 565/565/565 566/566/566
f 513/513/513 566/566/566 514/514/514
f 514/514/514 566/566/566 515/515/515
f 515/515/515 566/566/566 567/567/567
f 515/515/515 567/567/567 568/568/568
f 515/515/515 568/568/568 516/516/516
f 516/516/516 568/568/568 517/517/517
f 517/517/517 568/568/568 569/569/569
f 517/517/517 569/569/569 570/570/570
f 517/517/517 570/570/570 518/518/518
f 518/518/518 570/570/570 519/519/519
f 519/519/519 570/570/570 571/571/571
f 519/519/519 571/571/571 572/572/572
f 519/519/519 572/572/572 520/520/520
f 521/521/521 573/573/573 522/522/522
f 522/522/522 573/573/573 574/574/574
f 522/522/522 574/574/574 575/575/575
f 522/522/522 575/575/575 523/523/523
f 523/523/523 575/575/575 524/524/524
f 524/524/524 575/575/575 576/576/576
f 524/524/524 576/576/576 577/577/577
f 524/524/524 577/577/577 525/525/525
f 525/525/525 577/577/577 526/526/526
f 526/526/526 577/577/577 578/578/578
f 526/526/526 578/578/578 579/579/579
f 526/526/526 579/579/579 527/527/527
f 527/527/527 579/579/579 528/528/528
f 528/528/528 579/579/579 580/580/580
f 528/528/528 580/580/580 581/581/581
f 528/528/528 581/581/581 529/529/529
f 529/529/529 581/581/581 530/530/530
f 530/530/530 581/581/581 582/582/582
f 530/530/530 582/582/582 583/583/583
f 530/530/530 583/583/583 531/531/531
f 531/531/531 583/583/583 532/532/532
f 532/532/532 583/583/583 584/584/584
f 532/532/532 584/584/584 585/585/585
f 532/532/532 585/585/585 533/533/533
f 533/533/533 585/585/585 534/534/534
f 534/534/534 585/585/585 586/586/586
f 534/534/534 586/586/586 587/587/587
f 534/534/534 587/587/587 535/535/535
f 535/535/535 587/587/587 536/536/536
f 536/536/536 587/587/587 588/588/588
f 536/536/536 588/588/588 589/589/589
f 536/536/536 589/589/589 537/537/537
f 537/537/537 589/589/589 538/538/538
f 538/538/538 589/589/589 590/590/590
f 538/538/538 590/590/590 591/591/591
f 538/538/538 591/591/591 539/539/539
f 539/539/539 591/591/591 540/540/540
f 540/540/540 591/591/591 592/592/592
f 540/540/540 592/592/592 593/593/593
f 540/540/540 593/593/593 541/541/541
f 541/541/541 593/593/593 542/542/542
f 542/542/542 593/593/593 594/594/594
f 542/542/542 594/594/594 595/595/595
f 542/542/542 595/595/595 543/543/543
f 543/543/543 595/595/595 544/544/544
f 544/544/544 595/595/595 596/596/596
f 544/544/544 596/596/596 597/597/597
f 544/544/544 597/597/597 545/545/545
f 545/545/545 597/597/597 546/546/546
f 546/546/546 597/597/597 598/598/598
f 546/546/546 598/598/598 599/599/599
f 546/546/546 599/599/599 547/547/547
f 547/547/547 599/599/599 548/548/548
f 548/548/548 599/599/599 600/600/600
f 548/548/548 600/600/600 601/601/601
f 548/548/548 601/601/601 549/549/549
f 549/549/549 601/601/601 550/550/550
f 550/550/550 601/601/601 602/602/602
f 550/550/550 602/602/602 603/603/603
f 550/550/550 603/603/603 551/551/551
f 551/551/551 603/603/603 552/552/552
f 552/552/552 603/603/603 604/604/604
f 552/552/552 604/604/604 605/605/605
f 552/552/552 605/605/605 553/553/553
f 553/553/553 605/605/605 554/554/554
f 554/554/554 605/605/605 606/606/606
f 554/554/554 606/606/606 607/607/607
f 554/554/554 607/607/607 555/555/555
f 555/555/555 607/607/607 556/556/556
f 556/556/556 607/607/607 608/608/608
f 556/556/556 608/608/608 609/609/609
f 556/556/556 609/609/609 557/557/557
f 557/557/557 609/609/609 558/558/558
f 558/558/558 609/609/609 610/610/610
f 558/558/558 610/610/610 611/611/611
f 558/558/558 611/611/611 559/559/559
f 559/559/559 611/611/611 560/560/560
f 560/560/560 611/611/611 612/612/612
f 560/560/560 612/612/612 613/613/613
f 560/560/560 613/613/613 561/561/561
f 561/561/561 613/613/613 562/562/562
f 562/562/562 613/613/613 614/614/614
f 562/562/562 614/614/614 615/615/615
f 562/562/562 615/615/615 563/563/563
f 563/563/563 615/615/615 564/564/564
f 564/564/564 615/615/615 616/616/616
f 564/564/564 616/616/616 617/617/617
f 564/564/564 617/617/617 565/565/565
f 565/565/565 617/617/617 566/566/566
f 566/566/566 617/617/617 618/618/618
f 566/566/566 618/618/618 619/619/619
f 566/566/566 619/619/619 567/567/567
f 567/567/567 619/619/619 568/568/568
f 568/568/568 619/619/619 620/620/620
f 568/568/568 620/620/620 621/621/621
f 568/568/568 621/621/621 569/569/569
f 569/569/569 621/621/621 570/570/570
f 570/570/570 621/621/621 622/622/622
f 570/570/570 622/622/622 623/623/623
f 570/570/570 623/623/623 571/571/571
f 571/571/571 623/623/623 572/572/572
f 572/572/572 623/623/623 624/624/624
f 573/573/573 625/625/625 626/626/626
f 573/573/573 626/626/626 574/574/574
f 574/574/574 626/626/626 575/575/575
f 575/575/575 626/626/626 627/627/627
f 575/575/575 627/627/627 628/628/628
f 575/575/575 628/628/628 576/576/576
f 576/576/576 628/628/628 577/577/577
f 577/577/577 628/628/628 629/629/629
f 577/577/577 629/629/629 630/630/630
f 577/577/577 630/630/630 578/578/578
f 578/578/578 630/630/630 579/579/579
f 579/579/579 630/630/630 631/631/631
f 579/579/579 631/631/631 632/632/632
f 579/579/579 632/632/632 580/580/580
f 580/580/580 632/632/632 581/581/581
f 581/581/581 632/632/632 633/633/633
f 581/581/581 633/633/633 634/634/634
f 581/581/581 634/634/634 582/582/582
f 582/582/582 634/634/634 583/583/583
f 583/583/583 634/634/634 635/635/635
f 583/583/583 635/635/635 636/636/636
f 583/583/583 636/636/636 584/584/584
f 584/584/584 636/636/636 585/585/585
f 585/585/585 636/636/636 637/637/637
f 585/585/585 637/637/637 638/638/638
f 585/585/585 638/638/638 586/586/586
f 586/586/586 638/638/638 587/587/587
f 587/587/587 638/638/638 639/639/639
f 587/587/587 639/639/639 640/640/640
f 587/587/587 640/640/640 588/588/588
f 588/588/588 640/640/640 589/589/589
f 589/589/589 640/640/640 641/641/641
f 589/589/589 641/641/641 642/642/642
f 589/589/589 642/642/642 590/590/590
f 590/590/590 642/642/642 591/591/591
f 591/591/591 642/642/642 643/643/643
f 591/591/591 643/643/643 644/644/644
f 591/591/591 644/644/644 592/592/592
f 592/592/592 644/644/644 593/593/593
f 593/593/593 644/644/644 645/645/645
f 593/593/593 645/645/645 646/646/646
f 593/593/593 646/646/646 594/594/594
f 594/594/594 646/646/646 595/595/595
f 595/595/595 646/646/646 647/647/647
f 595/595/595 647/647/647 648/648/648
f 595/595/595 648/648/648 596/596/596
f 596/596/596 648/648/648 597/597/597
f 597/597/597 648/648/648 649/649/649
f 597/597/597 649/649/649 650/650/650
f 597/597/597 650/650/650 598/598/598
f 598/598/598 650/650/650 599/599/599
f 599/599/599 650/650/650 651/651/651
f 599/599/599 651/651/651 652/652/652
f 599/599/599 652/652/652 600/600/600
f 600/600/600 652/652/652 601/601/601
f 601/601/601 652/652/652 653/653/653
f 601/601/601 653/653/653 654/654/654
f 601/601/601 654/654/654 602/602/602
f 602/602/602 654/654/654 603/603/603
f 603/603/603 654/654/654 655/655/655
f 603/603/603 655/655/655 656/656/656
f 603/603/603 656/656/656 604/604/604
f 604/604/604 656/656/656 605/605/605
f 605/605/605 656/656/656 657/657/657
f 605/605/605 657/657/657 658/658/658
f 605/605/605 658/658/658 606/606/606
f 606/606/606 658/658/658 607/607/607
f 607/607/607 658/658/658 659/659/659
f 607/607/607 659/659/659 660/660/660
f 607/607/607 660/660/660 608/608/608
f 608/608/608 660/660/660 609/609/609
f 609/609/609 660/660/660 661/661/661
f 609/609/609 661/661/661 662/662/662
f 609/609/609 662/662/662 610/610/610
f 610/610/610 662/662/662 611/611/611
f 611/611/611 662/662/662 663/663/663
f 611/611/611 663/663/663 664/664/664
f 611/611/611 664/664/664 612/612/612
f 612/612/612 664/664/664 613/613/613
f 613/613/613 664/664/664 665/665/665
f 613/613/613 665/665/665 666/666/666
f 613/613/613 666/666/666 614/614/614
f 614/614/614 666/666/666 615/615/615
f 615/615/615 666/666/666 667/667/667
f 615/615/615 667/667/667 668/668/668
f 615/615/615 668/668/668 616/616/616
f 616/616/616 668/668/668 617/617/617
f 617/617/617 668/668/668 669/669/669
f 617/617/617 669/669/669 670/670/670
f 617/617/617 670/670/670 618/618/618
f 618/618/618 670/670/670 619/619/619
f 619/619/619 670/670/670 671/671/671
f 619/619/619 671/671/671 672/672/672
f 619/619/619 672/672/672 620/620/620
f 620/620/620 672/672/672 621/621/621
f 621/621/621 672/672/672 673/673/673
f 621/621/621 673/673/673 674/674/674
f 621/621/621 674/674/674 622/622/622
f 622/622/622 674/674/674 623/623/623
f 623/623/623 674/674/674 675/675/675
f 623/623/623 675/675/675 676/676/676
f 623/623/623 676/676/676 624/624/624
f 625/625/625 677/677/677 626/626/626
f 626/626/626 677/677/677 678/678/678
f 626/626/626 678/678/678 679/679/679
f 626/626/626 679/679/679 627/627/627
f 627/627/627 679/679/679 628/628/628
f 628/628/628 679/679/679 680/680/680
f 628/628/628 680/680/680 681/681/681
f 628/628/628 681/681/681 629/629/629
f 629/629/629 681/681/681 630/630/630
f 630/630/630 681/681/681 682/682/682
f 630/630/630 682/682/682 683/683/683
f 630/630/630 683/683/683 631/631/631
f 631/631/631 683/683/683 632/632/632
f 632/632/632 683/683/683 684/684/684
f 632/632/632 684/684/684 685/685/685
f 632/632/632 685/685/685 633/633/633
f 633/633/633 685/685/685 634/634/634
f 634/634/634 685/685/685 686/686/686
f 634/634/634 686/686/686 687/687/687
f 634/634/634 687/687/687 635/635/635
f 635/635/635 687/687/687 636/636/636
f 636/636/636 687/687/687 688/688/688
f 636/636/636 688/688/688 689/689/689
f 636/636/636 689/689/689 637/637/637
f 637/637/637 689/689/689 638/638/638
f 638/638/638 689/689/689 690/690/690
f 638/638/638 690/690/690 691/691/691
f 638/638/638 691/691/691 639/639/639
f 639/639/639 691/691/691 640/640/640
f 640/640/640 691/691/691 692/692/692
f 640/640/640 692/692/692 693/693/693
f 640/640/640 693/693/693 641/641/641
f 641/641/641 693/693/693 642/642/642
f 642/642/642 693/693/693 694/694/694
f 642/642/642 694/694/694 695/695/695
f 642/642/642 695/695/695 643/643/643
f 643/643/643 695/695/695 644/644/644
f 644/644/644 695/695/695 696/696/696
f 644/644/644 696/696/696 697/697/697
f 644/644/644 697/697/697 645/645/645
f 645/645/645 697/697/697 646/646/646
f 646/646/646 697/697/697 698/698/698
f 646/646/646 698/698/698 699/699/699
f 646/646/646 699/699/699 647/647/647
f 647/647/647 699/699/699 648/648/648
f 648/648/648 699/699/699 700/700/700
f 648/648/648 700/700/700 701/701/701
f 648/648/648 701/701/701 649/649/649
f 649/649/649 701/701/701 650/650/650
f 650/650/650 701/701/701 702/702/702
f 650/650/650 702/702/702 703/703/703
f 650/650/650 703/703/703 651/651/651
f 651/651/651 703/703/703 652/652/652
f 652/652/652 703/703/703 704/704/704
f 652/652/652 704/704/704 705/705/705
f 652/652/652 705/705/705 653/653/653
f 653/653/653 705/705/705 654/654/654
f 654/654/654 705/705/705 706/706/706
f 654/654/654 706/706/706 707/707/707
f 654/654/654 707/707/707 655/655/655
f 655/655/655 707/707/707 656/656/656
f 656/656/656 707/707/707 708/708/708
f 656/656/656 708/708/708 709/709/709
f 656/656/656 709/709/709 657/657/657
f 657/657/657 709/709/709 658/658/658
f 658/658/658 709/709/709 710/710/710
f 658/658/658 710/710/710 711/711/711
f 658/658/658 711/711/711 659/659/659
f 659/659/659 711/711/711 660/660/660
f 660/660/660 711/711/711 712/712/712
f 660/660/660 712/712/712 713/713/713
f 660/660/660 713/713/713 661/661/661
f 661/661/661 713/713/713 662/662/662
f 662/662/662 713/713/713 714/714/714
f 662/662/662 714/714/714 715/715/715
f 662/662/662 715/715/715 663/663/663
f 663/663/663 715/715/715 664/664/664
f 664/664/664 715/715/715 716/716/716
f 664/664/664 716/716/716 717/717/717
f 664/664/664 717/717/717 665/665/665
f 665/665/665 717/717/717 666/666/666
f 666/666/666 717/717/717 718/718/718
f 666/666/666 718/718/718 719/719/719
f 666/666/666 719/719/719 667/667/667
f 667/667/667 719/719/719 668/668/668
f 668/668/668 719/719/719 720/720/720
f 668/668/668 720/720/720 721/721/721
f 668/668/668 721/721/721 669/669/669
f 669/669/669 721/721/721 670/670/670
f 670/670/670 721/721/721 722/722/722
f 670/670/670 722/722/722 723/723/723
f 670/670/670 723/723/723 671/671/671
f 671/671/671 723/723/723 672/672/672
f 672/672/672 723/723/723 724/724/724
f 672/672/672 724/724/724 725/725/725
f 672/672/672 725/725/725 673/673/673
f 673/673/673 725/725/725 674/674/674
f 674/674/674 725/725/725 726/726/726
f 674/674/674 726/726/726 727/727/727
f 674/674/674 727/727/727 675/675/675
f 675/675/675 727/727/727 676/676/676
f 676/676/676 727/727/727 728/728/728
f 677/677/677 729/729/729 730/730/730
f 677/677/677 730/730/730 678/678/678
f 678/678/678 730/730/730 679/679/679
f 679/679/679 730/730/730 731/731/731
f 679/679/679 731/731/731 732/732/732
f 679/679/679 732/732/732 680/680/680
f 680/680/680 732/732/732 681/681/681
f 681/681/681 732/732/732 733/733/733
f 681/681/681 733/733/733 734/734/734
f 681/681/681 734/734/734 682/682/682
f 682/682/682 734/734/734 683/683/683
f 683/683/683 734/734/734 735/735/735
f 683/683/683 735/735/735 736/736/736
f 683/683/683 736/736/736 684/684/684
f 684/684/684 736/736/736 685/685/685
f 685/685/685 736/736/736 737/737/737
f 685/685/685 737/737/737 738/738/738
f 685/685/685 738/738/738 686/686/686
f 686/686/686 738/738/738 687/687/687
f 687/687/687 738/738/738 739/739/739
f 687/687/687 739/739/739 740/740/740
f 687/687/687 740/740/740 688/688/688
f 688/688/688 740/740/740 689/689/689
f 689/689/689 740/740/740 741/741/741
f 689/689/689 741/741/741 742/742/742
f 689/689/689 742/742/742 690/690/690
f 690/690/690 742/742/742 691/691/691
f 691/691/691 742/742/742 743/743/743
f 691/691/691 743/743/743 744/744/744
f 691/691/691 744/744/744 692/692/692
f 692/692/692 744/744/744 693/693/693
f 693/693/693 744/744/744 745/745/745
f 693/693/693 745/745/745 746/746/746
f 693/693/693 746/746/746 694/694/694
f 694/694/694 746/746/746 695/695/695
f 695/695/695 746/746/746 747/747/747
f 695/695/695 747/747/747 748/748/748
f 695/695/695 748/748/748 696/696/696
f 696/696/696 748/748/748 697/697/697
f 697/697/697 748/748/748 749/749/749
f 697/697/697 749/749/749 750/750/750
f 697/697/697 750/750/750 698/698/698
f 698/698/698 750/750/750 699/699/699
f 699/699/699 750/750/750 751/751/751
f 699/699/699 751/751/751 752/752/752
f 699/699/699 752/752/752 700/700/700
f 700/700/700 752/752/752 701/701/701
f 701/701/701 752/752/752 753/753/753
f 701/701/701 753/753/753 754/754/754
f 701/701/701 754/754/754 702/702/702
f 702/702/702 754/754/754 703/703/703
f 703/703/703 754/754/754 755/755/755
f 703/703/703 755/755/755 756/756/756
f 703/703/703 756/756/756 704/704/704
f 704/704/704 756/756/756 705/705/705
f 705/705/705 756/756/756 757/757/757
f 705/705/705 757/757/757 758/758/758
f 705/705/705 758/758/758 706/706/706
f 706/706/706 758/758/758 707/707/707
f 707/707/707 758/758/758 759/759/759
f 707/707/707 759/759/759 760/760/760
f 707/707/707 760/760/760 708/708/708
f 708/708/708 760/760/760 709/709/709
f 709/709/709 760/760/760 761/761/761
f 709/709/709 761/761/761 762/762/762
f 709/709/709 762/762/762 710/710/710
f 710/710/710 762/762/762 711/711/711
f 711/711/711 762/762/762 763/763/763
f 711/711/711 763/763/763 764/764/764
f 711/711/711 764/764/764 712/712/712
f 712/712/712 764/764/764 713/713/713
f 713/713/713 764/764/764 765/765/765
f 713/713/713 765/765/765 766/766/766
f 713/713/713 766/766/766 714/714/714
f 714/714/714 766/766/766 715/715/715
f 715/715/715 766/766/766 767/767/767
f 715/715/715 767/767/767 768/768/768
f 715/715/715 768/768/768 716/716/716
f 716/716/716 768/768/768 717/717/717
f 717/717/717 768/768/768 769/769/769
f 717/717/717 769/769/769 770/770/770
f 717/717/717 770/770/770 718/718/718
f 718/718/718 770/770/770 719/719/719
f 719/719/719 770/770/770 771/771/771
f 719/719/719 771/771/771 772/772/772
f 719/719/719 772/772/772 720/720/720
f 720/720/720 772/772/772 721/721/721
f 721/721/721 772/772/772 773/773/773
f 721/721/721 773/773/773 774/774/774
f 721/721/721 774/774/774 722/722/722
f 722/722/722 774/774/774 723/723/723
f 723/723/723 774/774/774 775/775/775
f 723/723/723 775/775/775 776/776/776
f 723/723/723 776/776/776 724/724/724
f 724/724/724 776/776/776 725/725/725
f 725/725/725 776/776/776 777/777/777
f 725/725/725 777/777/777 778/778/778
f 725/725/725 778/778/778 726/726/726
f 726/726/726 778/778/778 727/727/727
f 727/727/727 778/778/778 779/779/779
f 727/727/727 779/779/779 780/780/780
f 727/727/727 780/780/780 728/728/728
f 729/729/729 781/781/781 730/730/730
f 730/730/730 781/781/781 782/782/782
f 730/730/730 782/782/782 783/783/783
f 730/730/730 783/783/783 731/731/731
f 731/731/731 783/783/783 732/732/732
f 732/732/732 783/783/783 784/784/784
f 732/732/732 784/784/784 785/785/785
f 732/732/732 785/785/785 733/733/733
f 733/733/733 785/785/785 734/734/734
f 734/734/734 785/785/785 786/786/786
f 734/734/734 786/786/786 787/787/787
f 734/734/734 787/787/787 735/735/735
f 735/735/735 787/787/787 736/736/736
f 736/736/736 787/787/787 788/788/788
f 736/736/736 788/788/788 789/789/789
f 736/736/736 789/789/789 737/737/737
f 737/737/737 789/789/789 738/738/738
f 738/738/738 789/789/789 790/790/790
f 738/738/738 790/790/790 791/791/791
f 738/738/738 791/791/791 739/739/739
f 739/739/739 791/791/791 740/740/740
f 740/740/740 791/791/791 792/792/792
f 740/740/740 792/792/792 793/793/793
f 740/740/740 793/793/793 741/741/741
f 741/741/741 793/793/793 742/742/742
f 742/742/742 793/793/793 794/794/794
f 742/742/742 794/794/794 795/795/795
f 742/742/742 795/795/795 743/743/743
f 743/743/743 795/795/795 744/744/744
f 744/744/744 795/795/795 796/796/796
f 744/744/744 796/796/796 797/797/797
f 744/744/744 797/797/797 745/745/745
f 745/745/745 797/797/797 746/746/746
f 746/746/746 797/797/797 798/798/798
f 746/746/746 798/798/798 799/799/799
f 746/746/746 799/799/799 747/747/747
f 747/747/747 799/799/799 748/748/748
f 748/748/748 799/799/799 800/800/800
f 748/748/748 800/800/800 801/801/801
f 748/748/748 801/801/801 749/749/749
f 749/749/749 801/801/801 750/750/750
f 750/750/750 801/801/801 802/802/802
f 750/750/750 802/802/802 803/803/803
f 750/750/750 803/803/803 751/751/751
f 751/751/751 803/803/803 752/752/752
f 752/752/752 803/803/803 804/804/804
f 752/752/752 804/804/804 805/805/805
f 752/752/752 805/805/805 753/753/753
f 753/753/753 805/805/805 754/754/754
f 754/754/754 805/805/805 806/806/806
f 754/754/754 806/806/806 807/807/807
f 754/754/754 807/807/807 755/755/755
f 755/755/755 807/807/807 756/756/756
f 756/756/756 807/807/807 808/808/808
f 756/756/756 808/808/808 809/809/809
f 756/756/756 809/809/809 757/757/757
f 757/757/757 809/809/809 758/758/758
f 758/758/758 809/809/809 810/810/810
f 758/758/758 810/810/810 811/811/811
f 758/758/758 811/811/811 759/759/759
f 759/759/759 811/811/811 760/760/760
f 760/760/760 811/811/811 812/812/812
f 760/760/760 812/812/812 813/813/813
f 760/760/760 813/813/813 761/761/761
f 761/761/761 813/813/813 762/762/762
f 762/762/762 813/813/813 814/814/814
f 762/762/762 814/814/814 815/815/815
f 762/762/762 815/815/815 763/763/763
f 763/763/763 815/815/815 764/764/764
f 764/764/764 815/815/815 816/816/816
f 764/764/764 816/816/816 817/817/817
f 764/764/764 817/817/817 765/765/765
f 765/765/765 817/817/817 766/766/766
f 766/766/766 817/817/817 818/818/818
f 766/766/766 818/818/818 819/819/819
f 766/766/766 819/819/819 767/767/767
f 767/767/767 819/819/819 768/768/768
f 768/768/768 819/819/819 820/820/820
f 768/768/768 820/820/820 821/821/821
f 768/768/768 821/821/821 769/769/769
f 769/769/769 821/821/821 770/770/770
f 770/770/770 821/821/821 822/822/822
f 770/770/770 822/822/822 823/823/823
f 770/770/770 823/823/823 771/771/771
f 771/771/771 823/823/823 772/772/772
f 772/772/772 823/823/823 824/824/824
f 772/772/772 824/824/824 825/825/825
f 772/772/772 825/825/825 773/773/773
f 773/773/773 825/825/825 774/774/774
f 774/774/774 825/825/825 826/826/826
f 774/774/774 826/826/826 827/827/827
f 774/774/774 827/827/827 775/775/775
f 775/775/775 827/827/827 776/776/776
f 776/776/776 827/827/827 828/828/828
f 776/776/776 828/828/828 829/829/829
f 776/776/776 829/829/829 777/777/777
f 777/777/777 829/829/829 778/778/778
f 778/778/778 829/829/829 830/830/830
f 778/778/778 830/830/830 831/831/831
f 778/778/778 831/831/831 779/779/779
f 779/779/779 831/831/831 780/780/780
f 780/780/780 831/831/831 832/832/832
f 781/781/781 833/833/833 834/834/834
f 781/781/781 834/834/834 782/782/782
f 782/782/782 834/834/834 783/783/783
f 783/783/783 834/834/834 835/835/835
f 783/783/783 835/835/835 836/836/836
f 783/783/783 836/836/836 784/784/784
f 784/784/784 836/836/836 785/785/785
f 785/785/785 836/836/836 837/837/837
f 785/785/785 837/837/837 838/838/838
f 785/785/785 838/838/838 786/786/786
f 786/786/786 838/838/838 787/787/787
f 787/787/787 838/838/838 839/839/839
f 787/787/787 839/839/839 840/840/840
f 787/787/787 840/840/840 788/788/788
f 788/788/788 840/840/840 789/789/789
f 789/789/789 840/840/840 841/841/841
f 789/789/789 841/841/841 842/842/842
f 789/789/789 842/842/842 790/790/790
f 790/790/790 842/842/842 791/791/791
f 791/791/791 842/842/842 843/843/843
f 791/791/791 843/843/843 844/844/844
f 791/791/791 844/844/844 792/792/792
f 792/792/792 844/844/844 793/793/793
f 793/793/793 844/844/844 845/845/845
f 793/793/793 845/845/845 846/846/846
f 793/793/793 846/846/846 794/794/794
f 794/794/794 846/846/846 795/795/795
f 795/795/795 846/846/846 847/847/847
f 795/795/795 847/847/847 848/848/848
f 795/795/795 848/848/848 796/796/796
f 796/796/796 848/848/848 797/797/797
f 797/797/797 848/848/848 849/849/849
f 797/797/797 849/849/849 850/850/850
f 797/797/797 850/850/850 798/798/798
f 798/798/798 850/850/850 799/799/799
f 799/799/799 850/850/850 851/851/851
f 799/799/799 851/851/851 852/852/852
f 799/799/799 852/852/852 800/800/800
f 800/800/800 852/852/852 801/801/801
f 801/801/801 852/852/852 853/853/853
f 801/801/801 853/853/853 854/854/854
f 801/801/801 854/854/854 802/802/802
f 802/802/802 854/854/854 803/803/803
f 803/803/803 854/854/854 855/855/855
f 803/803/803 855/855/855 856/856/856
f 803/803/803 856/856/856 804/804/804
f 804/804/804 856/856/856 805/805/805
f 805/805/805 856/856/856 857/857/857
f 805/805/805 857/857/857 858/858/858
f 805/805/805 858/858/858 806/806/806
f 806/806/806 858/858/858 807/807/807
f 807/807/807 858/858/858 859/859/859
f 807/807/807 859/859/859 860/860/860
f 807/807/807 860/860/860 808/808/808
f 808/808/808 860/860/860 809/809/809
f 809/809/809 860/860/860 861/861/861
f 809/809/809 861/861/861 862/862/862
f 809/809/809 862/862/862 810/810/810
f 810/810/810 862/862/862 811/811/811
f 811/811/811 862/862/862 863/863/863
f 811/811/811 863/863/863 864/864/864
f 811/811/811 864/864/864 812/812/812
f 812/812/812 864/864/864 813/813/813
f 813/813/813 864/864/864 865/865/865
f 813/813/813 865/865/865 866/866/866
f 813/813/813 866/866/866 814/814/814
f 814/814/814 866/866/866 815/815/815
f 815/815/815 866/866/866 867/867/867
f 815/815/815 867/867/867 868/868/868
f 815/815/815 868/868/868 816/816/816
f 816/816/816 868/868/868 817/817/817
f 817/817/817 868/868/868 869/869/869
f 817/817/817 869/869/869 870/870/870
f 817/817/817 870/870/870 818/818/818
f 818/818/818 870/870/870 819/819/819
f 819/819/819 870/870/870 871/871/871
f 819/819/819 871/871/871 872/872/872
f 819/819/819 872/872/872 820/820/820
f 820/820/820 872/872/872 821/821/821
f 821/821/821 872/872/872 873/873/873
f 821/821/821 873/873/873 874/874/874
f 821/821/821 874/874/874 822/822/822
f 822/822/822 874/874/874 823/823/823
f 823/823/823 874/874/874 875/875/875
f 823/823/823 875/875/875 876/876/876
f 823/823/823 876/876/876 824/824/824
f 824/824/824 876/876/876 825/825/825
f 825/825/825 876/876/876 877/877/877
f 825/825/825 877/877/877 878/878/878
f 825/825/825 878/878/878 826/826/826
f 826/826/826 878/878/878 827/827/827
f 827/827/827 878/878/878 879/879/879
f 827/827/827 879/879/879 880/880/880
f 827/827/827 880/880/880 828/828/828
f 828/828/828 880/880/880 829/829/829
f 829/829/829 880/880/880 881/881/881
f 829/829/829 881/881/881 882/882/882
f 829/829/829 882/882/882 830/830/830
f 830/830/830 882/882/882 831/831/831
f 831/831/831 882/882/882 883/883/883
f 831/831/831 883/883/883 884/884/884
f 831/831/831 884/884/884 832/832/832
f 833/833/833 885/885/885 834/834/834
f 834/834/834 885/885/885 886/886/886
f 834/834/834 886/886/886 887/887/887
f 834/834/834 887/887/887 835/835/835
f 835/835/835 887/887/887 836/836/836
f 836/836/836 887/887/887 888/888/888
f 836/836/836 888/888/888 889/889/889
f 836/836/836 889/889/889 837/837/837
f 837/837/837 889/889/889 838/838/838
f 838/838/838 889/889/889 890/890/890
f 838/838/838 890/890/890 891/891/891
f 838/838/838 891/891/891 839/839/839
f 839/839/839 891/891/891 840/840/840
f 840/840/840 891/891/891 892/892/892
f 840/840/840 892/892/892 893/893/893
f 840/840/840 893/893/893 841/841/841
f 841/841/841 893/893/893 842/842/842
f 842/842/842 893/893/893 894/894/894
f 842/842/842 894/894/894 895/895/895
f 842/842/842 895/895/895 843/843/843
f 843/843/843 895/895/895 844/844/844
f 844/844/844 895/895/895 896/896/896
f 844/844/844 896/896/896 897/897/897
f 844/844/844 897/897/897 845/845/845
f 845/845/845 897/897/897 846/846/846
f 846/846/846 897/897/897 898/898/898
f 846/846/846 898/898/898 899/899/899
f 846/846/846 899/899/899 847/847/847
f 847/847/847 899/899/899 848/848/848
f 848/848/848 899/899/899 900/900/900
f 848/848/848 900/900/900 901/901/901
f 848/848/848 901/901/901 849/849/849
f 849/849/849 901/901/901 850/850/850
f 850/850/850 901/901/901 902/902/902
f 850/850/850 902/902/902 903/903/903
f 850/850/850 903/903/903 851/851/851
f 851/851/851 903/903/903 852/852/852
f 852/852/852 903/903/903 904/904/904
f 852/852/852 904/904/904 905/905/905
f 852/852/852 905/905/905 853/853/853
f 853/853/853 905/905/905 854/854/854
f 854/854/854 905/905/905 906/906/906
f 854/854/854 906/906/906 907/907/907
f 854/854/854 907/907/907 855/855/855
f 855/855/855 907/907/907 856/856/856
f 856/856/856 907/907/907 908/908/908
f 856/856/856 908/908/908 909/909/909
f 856/856/856 909/909/909 857/857/857
f 857/857/857 909/909/909 858/858/858
f 858/858/858 909/909/909 910/910/910
f 858/858/858 910/910/910 911/911/911
f 858/858/858 911/911/911 859/859/859
f 859/859/859 911/911/911 860/860/860
f 860/860/860 911/911/911 912/912/912
f 860/860/860 912/912/912 913/913/913
f 860/860/860 913/913/913 861/861/861
f 861/861/861 913/913/913 862/862/862
f 862/862/862 913/913/913 914/914/914
f 862/862/862 914/914/914 915/915/915
f 862/862/862 915/915/915 863/863/863
f 863/863/863 915/915/915 864/864/864
f 864/864/864 915/915/915 916/916/916
f 864/864/864 916/916/916 917/917/917
f 864/864/864 917/917/917 865/865/865
f 865/865/865 917/917/917 866/866/866
f 866/866/866 917/917/917 918/918/918
f 866/866/866 918/918/918 919/919/919
f 866/866/866 919/919/919 867/867/867
f 867/867/867 919/919/919 868/868/868
f 868/868/868 919/919/919 920/920/920
f 868/868/868 920/920/920 921/921/921
f 868/868/868 921/921/921 869/869/869
f 869/869/869 921/921/921 870/870/870
f 870/870/870 921/921/921 922/922/922
f 870/870/870 922/922/922 923/923/923
f 870/870/870 923/923/923 871/871/871
f 871/871/871 923/923/923 872/872/872
f 872/872/872 923/923/923 924/924/924
f 872/872/872 924/924/924 925/925/925
f 872/872/872 925/925/925 873/873/873
f 873/873/873 925/925/925 874/874/874
f 874/874/874 925/925/925 926/926/926
f 874/874/874 926/926/926 927/927/927
f 874/874/874 927/927/927 875/875/875
f 875/875/875 927/927/927 876/876/876
f 876/876/876 927/927/927 928/928/928
f 876/876/876 928/928/928 929/929/929
f 876/876/876 929/929/929 877/877/877
f 877/877/877 929/929/929 878/878/878
f 878/878/878 929/929/929 930/930/930
f 878/878/878 930/930/930 931/931/931
f 878/878/878 931/931/931 879/879/879
f 879/879/879 931/931/931 880/880/880
f 880/880/880 931/931/931 932/932/932
f 880/880/880 932/932/932 933/933/933
f 880/880/880 933/933/933 881/881/881
f 881/881/881 933/933/933 882/882/882
f 882/882/882 933/933/933 934/934/934
f 882/882/882 934/934/934 935/935/935
f 882/882/882 935/935/935 883/883/883
f 883/883/883 935/935/935 884/884/884
f 884/884/884 935/935/935 936/936/936
f 885/885/885 937/937/937 938/938/938
f 885/885/885 938/938/938 886/886/886
f 886/886/886 938/938/938 887/887/887
f 887/887/887 938/938/938 939/939/939
f 887/887/887 939/939/939 940/940/940
f 887/887/887 940/940/940 888/888/888
f 888/888/888 940/940/940 889/889/889
f 889/889/889 940/940/940 941/941/941
f 889/889/889 941/941/941 942/942/942
f 889/889/889 942/942/942 890/890/890
f 890/890/890 942/942/942 891/891/891
f 891/891/891 942/942/942 943/943/943
f 891/891/891 943/943/943 944/944/944
f 891/891/891 944/944/944 892/892/892
f 892/892/892 944/944/944 893/893/893
f 893/893/893 944/944/944 945/945/945
f 893/893/893 945/945/945 946/946/946
f 893/893/893 946/946/946 894/894/894
f 894/894/894 946/946/946 895/895/895
f 895/895/895 946/946/946 947/947/947
f 895/895/895 947/947/947 948/948/948
f 895/895/895 948/948/948 896/896/896
f 896/896/896 948/948/948 897/897/897
f 897/897/897 948/948/948 949/949/949
f 897/897/897 949/949/949 950/950/950
f 897/897/897 950/950/950 898/898/898
f 898/898/898 950/950/950 899/899/899
f 899/899/899 950/950/950 951/951/951
f 899/899/899 951/951/951 952/952/952
f 899/899/899 952/952/952 900/900/900
f 900/900/900 952/952/952 901/901/901
f 901/901/901 952/952/952 953/953/953
f 901/901/901 953/953/953 954/954/954
f 901/901/901 954/954/954 902/902/902
f 902/902/902 954/954/954 903/903/903
f 903/903/903 954/954/954 955/955/955
f 903/903/903 955/955/955 956/956/956
f 903/903/903 956/956/956 904/904/904
f 904/904/904 956/956/956 905/905/905
f 905/905/905 956/956/956 957/957/957
f 905/905/905 957/957/957 958/958/958
f 905/905/905 958/958/958 906/906/906
f 906/906/906 958/958/958 907/907/907
f 907/907/907 958/958/958 959/959/959
f 907/907/907 959/959/959 960/960/960
f 907/907/907 960/960/960 908/908/908
f 908/908/908 960/960/960 909/909/909
f 909/909/909 960/960/960 961/961/961
f 909/909/909 961/961/961 962/962/962
f 909/909/909 962/962/962 910/910/910
f 910/910/910 962/962/962 911/911/911
f 911/911/911 962/962/962 963/963/963
f 911/911/911 963/963/963 964/964/964
f 911/911/911 964/964/964 912/912/912
f 912/912/912 964/964/964 913/913/913
f 913/913/913 964/964/964 965/965/965
f 913/913/913 965/965/965 966/966/966
f 913/913/913 966/966/966 914/914/914
f 914/914/914 966/966/966 915/915/915
f 915/915/915 966/966/966 967/967/967
f 915/915/915 967/967/967 968/968/968
f 915/915/915 968/968/968 916/916/916
f 916/916/916 968/968/968 917/917/917
f 917/917/917 968/968/968 969/969/969
f 917/917/917 969/969/969 970/970/970
f 917/917/917 970/970/970 918/918/918
f 918/918/918 970/970/970 919/919/919
f 919/919/919 970/970/970 971/971/971
f 919/919/919 971/971/971 972/972/972
f 919/919/919 972/972/972 920/920/920
f 920/920/920 972/972/972 921/921/921
f 921/921/921 972/972/972 973/973/973
f 921/921/921 973/973/973 974/974/974
f 921/921/921 974/974/974 922/922/922
f 922/922/922 974/974/974 923/923/923
f 923/923/923 974/974/974 975/975/975
f 923/923/923 975/975/975 976/976/976
f 923/923/923 976/976/976 924/924/924
f 924/924/924 976/976/976 925/925/925
f 925/925/925 976/976/976 977/977/977
f 925/925/925 977/977/977 978/978/978
f 925/925/925 978/978/978 926/926/926
f 926/926/926 978/978/978 927/927/927
f 927/927/927 978/978/978 979/979/979
f 927/927/927 979/979/979 980/980/980
f 927/927/927 980/980/980 928/928/928
f 928/928/928 980/980/980 929/929/929
f 929/929/929 980/980/980 981/981/981
f 929/929/929 981/981/981 982/982/982
f 929/929/929 982/982/982 930/930/930
f 930/930/930 982/982/982 931/931/931
f 931/931/931 982/982/982 983/983/983
f 931/931/931 983/983/983 984/984/984
f 931/931/931 984/984/984 932/932/932
f 932/932/932 984/984/984 933/933/933
f 933/933/933 984/984/984 985/985/985
f 933/933/933 985/985/985 986/986/986
f 933/933/933 986/986/986 934/934/934
f 934/934/934 986/986/986 935/935/935
f 935/935/935 986/986/986 987/987/987
f 935/935/935 987/987/987 988/988/988
f 935/935/935 988/988/988 936/936/936
f 937/937/937 989/989/989 938/938/938
f 938/938/938 989/989/989 990/990/990
f 938/938/938 990/990/990 991/991/991
f 938/938/938 991/991/991 939/939/939
f 939/939/939 991/991/991 940/940/940
f 940/940/940 991/991/991 992/992/992
f 940/940/940 992/992/992 993/993/993
f 940/940/940 993/993/993 941/941/941
f 941/941/941 993/993/993 942/942/942
f 942/942/942 993/993/993 994/994/994
f 942/942/942 994/994/994 995/995/995
f 942/942/942 995/995/995 943/943/943
f 943/943/943 995/995/995 944/944/944
f 944/944/944 995/995/995 996/996/996
f 944/944/944 996/996/996 997/997/997
f 944/944/944 997/997/997 945/945/945
f 945/945/945 997/997/997 946/946/946
f 946/946/946 997/997/997 998/998/998
f 946/946/946 998/998/998 999/999/999
f 946/946/946 999/999/999 947/947/947
f 947/947/947 999/999/999 948/948/948
f 948/948/948 999/999/999 1000/1000/1000
f 948/948/948 1000/1000/1000 1001/1001/1001
f 948/948/948 1001/1001/1001 949/949/949
f 949/949/949 1001/1001/1001 950/950/950
f 950/950/950 1001/1001/1001 1002/1002/1002
f 950/950/950 1002/1002/1002 1003/1003/1003
f 950/950/950 1003/1003/1003 951/951/951
f 951/951/951 1003/1003/1003 952/952/952
f 952/952/952 1003/1003/1003 1004/1004/1004
f 952/952/952 1004/1004/1004 1005/1005/1005
f 952/952/952 1005/1005/1005 953/953/953
f 953/953/953 1005/1005/1005 954/954/954
f 954/954/954 1005/1005/1005 1006/1006/1006
f 954/954/954 1006/1006/1006 1007/1007/1007
f 954/954/954 1007/1007/1007 955/955/955
f 955/955/955 1007/1007/1007 956/956/956
f 956/956/956 1007/1007/1007 1008/1008/1008
f 956/956/956 1008/1008/1008 1009/1009/1009
f 956/956/956 1009/1009/1009 957/957/957
f 957/957/957 1009/1009/1009 958/958/958
f 958/958/958 1009/1009/1009 1010/1010/1010
f 958/958/958 1010/1010/1010 1011/1011/1011
f 958/958/958 1011/1011/1011 959/959/959
f 959/959/959 1011/1011/1011 960/960/960
f 960/960/960 1011/1011/1011 1012/1012/1012
f 960/960/960 1012/1012/1012 1013/1013/1013
f 960/960/960 1013/1013/1013 961/961/961
f 961/961/961 1013/1013/1013 962/962/962
f 962/962/962 1013/1013/1013 1014/1014/1014
f 962/962/962 1014/1014/1014 1015/1015/1015
f 962/962/962 1015/1015/1015 963/963/963
f 963/963/963 1015/1015/1015 964/964/964
f 964/964/964 1015/1015/1015 1016/1016/1016
f 964/964/964 1016/1016/1016 1017/1017/1017
f 964/964/964 1017/1017/1017 965/965/965
f 965/965/965 1017/1017/1017 966/966/966
f 966/966/966 1017/1017/1017 1018/1018/1018
f 966/966/966 1018/1018/1018 1019/1019/1019
f 966/966/966 1019/1019/1019 967/967/967
f 967/967/967 1019/1019/1019 968/968/968
f 968/968/968 1019/1019/1019 1020/1020/1020
f 968/968/968 1020/1020/1020 1021/1021/1021
f 968/968/968 1021/1021/1021 969/969/969
f 969/969/969 1021/1021/1021 970/970/970
f 970/970/970 1021/1021/1021 1022/1022/1022
f 970/970/970 1022/1022/1022 1023/1023/1023
f 970/970/970 1023/1023/1023 971/971/971
f 971/971/971 1023/1023/1023 972/972/972
f 972/972/972 1023/1023/1023 1024/1024/1024
f 972/972/972 1024/1024/1024 1025/1025/1025
f 972/972/972 1025/1025/1025 973/973/973
f 973/973/973 1025/1025/1025 974/974/974
f 974/974/974 1025/1025/1025 1026/1026/1026
f 974/974/974 1026/1026/1026 1027/1027/1027
f 974/974/974 1027/1027/1027 975/975/975
f 975/975/975 1027/1027/1027 976/976/976
f 976/976/976 1027/1027/1027 1028/1028/1028
f 976/976/976 1028/1028/1028 1029/1029/1029
f 976/976/976 1029/1029/1029 977/977/977
f 977/977/977 1029/1029/1029 978/978/978
f 978/978/978 1029/1029/1029 1030/1030/1030
f 978/978/978 1030/1030/1030 1031/1031/1031
f 978/978/978 1031/1031/1031 979/979/979
f 979/979/979 1031/1031/1031 980/980/980
f 980/980/980 1031/1031/1031 1032/1032/1032
f 980/980/980 1032/1032/1032 1033/1033/1033
f 980/980/980 1033/1033/1033 981/981/981
f 981/981/981 1033/1033/1033 982/982/982
f 982/982/982 1033/1033/1033 1034/1034/1034
f 982/982/982 1034/1034/1034 1035/1035/1035
f 982/982/982 1035/1035/1035 983/983/983
f 983/983/983 1035/1035/1035 984/984/984
f 984/984/984 1035/1035/1035 1036/1036/1036
f 984/984/984 1036/1036/1036 1037/1037/1037
f 984/984/984 1037/1037/1037 985/985/985
f 985/985/985 1037/1037/1037 986/986/986
f 986/986/986 1037/1037/1037 1038/1038/1038
f 986/986/986 1038/1038/1038 1039/1039/1039
f 986/986/986 1039/1039/1039 987/987/987
f 987/987/987 1039/1039/1039 988/988/988
f 988/988/988 1039/1039/1039 1040/1040/1040
f 989/989/989 1041/1041/1041 1042/1042/1042
f 989/989/989 1042/1042/1042 990/990/990
f 990/990/990 1042/1042/1042 991/991/991
f 991/991/991 1042/1042/1042 1043/1043/1043
f 991/991/991 1043/1043/1043 1044/1044/1044
f 991/991/991 1044/1044/1044 992/992/992
f 992/992/992 1044/1044/1044 993/993/993
f 993/993/993 1044/1044/1044 1045/1045/1045
f 993/993/993 1045/1045/1045 1046/1046/1046
f 993/993/993 1046/1046/1046 994/994/994
f 994/994/994 1046/1046/1046 995/995/995
f 995/995/995 1046/1046/1046 1047/1047/1047
f 995/995/995 1047/1047/1047 1048/1048/1048
f 995/995/995 1048/1048/1048 996/996/996
f 996/996/996 1048/1048/1048 997/997/997
f 997/997/997 1048/1048/1048 1049/1049/1049
f 997/997/997 1049/1049/1049 1050/1050/1050
f 997/997/997 1050/1050/1050 998/998/998
f 998/998/998 1050/1050/1050 999/999/999
f 999/999/999 1050/1050/1050 1051/1051/1051
f 999/999/999 1051/1051/1051 1052/1052/1052
f 999/999/999 1052/1052/1052 1000/1000/1000
f 1000/1000/1000 1052/1052/1052 1001/1001/1001
f 1001/1001/1001 1052/1052/1052 1053/1053/1053
f 1001/1001/1001 1053/1053/1053 1054/1054/1054
f 1001/1001/1001 1054/1054/1054 1002/1002/1002
f 1002/1002/1002 1054/1054/1054 1003/1003/1003
f 1003/1003/1003 1054/1054/1054 1055/1055/1055
f 1003/1003/1003 1055/1055/1055 1056/1056/1056
f 1003/1003/1003 1056/1056/1056 1004/1004/1004
f 1004/1004/1004 1056/1056/1056 1005/1005/1005
f 1005/1005/1005 1056/1056/1056 1057/1057/1057
f 1005/1005/1005 1057/1057/1057 1058/1058/1058
f 1005/1005/1005 1058/1058/1058 1006/1006/1006
f 1006/1006/1006 1058/1058/1058 1007/1007/1007
f 1007/1007/1007 1058/1058/1058 1059/1059/1059
f 1007/1007/1007 1059/1059/1059 1060/1060/1060
f 1007/1007/1007 1060/1060/1060 1008/1008/1008
f 1008/1008/1008 1060/1060/1060 1009/1009/1009
f 1009/1009/1009 1060/1060/1060 1061/1061/1061
f 1009/1009/1009 1061/1061/1061 1062/1062/1062
f 1009/1009/1009 1062/1062/1062 1010/1010/1010
f 1010/1010/1010 1062/1062/1062 1011/1011/1011
f 1011/1011/1011 1062/1062/1062 1063/1063/1063
f 1011/1011/1011 1063/1063/1063 1064/1064/1064
f 1011/1011/1011 1064/1064/1064 1012/1012/1012
f 1012/1012/1012 1064/1064/1064 1013/1013/1013
f 1013/1013/1013 1064/1064/1064 1065/1065/1065
f 1013/1013/1013 1065/1065/1065 1066/1066/1066
f 1013/1013/1013 1066/1066/1066 1014/1014/1014
f 1014/1014/1014 1066/1066/1066 1015/1015/1015
f 1015/1015/1015 1066/1066/1066 1067/1067/1067
f 1015/1015/1015 1067/1067/1067 1068/1068/1068
f 1015/1015/1015 1068/1068/1068 1016/1016/1016
f 1016/1016/1016 1068/1068/1068 1017/1017/1017
f 1017/1017/1017 1068/1068/1068 1069/1069/1069
f 1017/1017/1017 1069/1069/1069 1070/1070/1070
f 1017/1017/1017 1070/1070/1070 1018/1018/1018
f 1018/1018/1018 1070/1070/1070 1019/1019/1019
f 1019/1019/1019 1070/1070/1070 1071/1071/1071
f 1019/1019/1019 1071/1071/1071 1072/1072/1072
f 1019/1019/1019 1072/1072/1072 1020/1020/1020
f 1020/1020/1020 1072/1072/1072 1021/1021/1021
f 1021/1021/1021 1072/1072/1072 1073/1073/1073
f 1021/1021/1021 1073/1073/1073 1074/1074/1074
f 1021/1021/1021 1074/1074/1074 1022/1022/1022
f 1022/1022/1022 1074/1074/1074 1023/1023/1023
f 1023/1023/1023 1074/1074/1074 1075/1075/1075
f 1023/1023/1023 1075/1075/1075 1076/1076/1076
f 1023/1023/1023 1076/1076/1076 1024/1024/1024
f 1024/1024/1024 1076/1076/1076 1025/1025/1025
f 1025/1025/1025 1076/1076/1076 1077/1077/1077
f 1025/1025/1025 1077/1077/1077 1078/1078/1078
f 1025/1025/1025 1078/1078/1078 1026/1026/1026
f 1026/1026/1026 1078/1078/1078 1027/1027/1027
f 1027/1027/1027 1078/1078/1078 1079/1079/1079
f 1027/1027/1027 1079/1079/1079 1080/1080/1080
f 1027/1027/1027 1080/1080/1080 1028/1028/1028
f 1028/1028/1028 1080/1080/1080 1029/1029/1029
f 1029/1029/1029 1080/1080/1080 1081/1081/1081
f 1029/1029/1029 1081/1081/1081 1082/1082/1082
f 1029/1029/1029 1082/1082/1082 1030/1030/1030
f 1030/1030/1030 1082/1082/1082 1031/1031/1031
f 1031/1031/1031 1082/1082/1082 1083/1083/1083
f 1031/1031/1031 1083/1083/1083 1084/1084/1084
f 1031/1031/1031 1084/1084/1084 1032/1032/1032
f 1032/1032/1032 1084/1084/1084 1033/1033/1033
f 1033/1033/1033 1084/1084/1084 1085/1085/1085
f 1033/1033/1033 1085/1085/1085 1086/1086/1086
f 1033/1033/1033 1086/1086/1086 1034/1034/1034
f 1034/1034/1034 1086/1086/1086 1035/1035/1035
f 1035/1035/1035 1086/1086/1086 1087/1087/1087
f 1035/1035/1035 1087/1087/1087 1088/1088/1088
f 1035/1035/1035 1088/1088/1088 1036/1036/1036
f 1036/1036/1036 1088/1088/1088 1037/1037/1037
f 1037/1037/1037 1088/1088/1088 1089/1089/1089
f 1037/1037/1037 1089/1089/1089 1090/1090/1090
f 1037/1037/1037 1090/1090/1090 1038/1038/1038
f 1038/1038/1038 1090/1090/1090 1039/1039/1039
f 1039/1039/1039 1090/1090/1090 1091/1091/1091
f 1039/1039/1039 1091/1091/1091 1092/1092/1092
f 1039/1039/1039 1092/1092/1092 1040/1040/1040
f 1041/1041/1041 1093/1093/1093 1042/1042/1042
f 1042/1042/1042 1093/1093/1093 1094/1094/1094
f 1042/1042/1042 1094/1094/1094 1095/1095/1095
f 1042/1042/1042 1095/1095/1095 1043/1043/1043
f 1043/1043/1043 1095/1095/1095 1044/1044/1044
f 1044/1044/1044 1095/1095/1095 1096/1096/1096
f 1044/1044/1044 1096/1096/1096 1097/1097/1097
f 1044/1044/1044 1097/1097/1097 1045/1045/1045
f 1045/1045/1045 1097/1097/1097 1046/1046/1046
f 1046/1046/1046 1097/1097/1097 1098/1098/1098
f 1046/1046/1046 1098/1098/1098 1099/1099/1099
f 1046/1046/1046 1099/1099/1099 1047/1047/1047
f 1047/1047/1047 1099/1099/1099 1048/1048/1048
f 1048/1048/1048 1099/1099/1099 1100/1100/1100
f 1048/1048/1048 1100/1100/1100 1101/1101/1101
f 1048/1048/1048 1101/1101/1101 1049/1049/1049
f 1049/1049/1049 1101/1101/1101 1050/1050/1050
f 1050/1050/1050 1101/1101/1101 1102/1102/1102
f 1050/1050/1050 1102/1102/1102 1103/1103/1103
f 1050/1050/1050 1103/1103/1103 1051/1051/1051
f 1051/1051/1051 1103/1103/1103 1052/1052/1052
f 1052/1052/1052 1103/1103/1103 1104/1104/1104
f 1052/1052/1052 1104/1104/1104 1105/1105/1105
f 1052/1052/1052 1105/1105/1105 1053/1053/1053
f 1053/1053/1053 1105/1105/1105 1054/1054/1054
f 1054/1054/1054 1105/1105/1105 1106/1106/1106
f 1054/1054/1054 1106/1106/1106 1107/1107/1107
f 1054/1054/1054 1107/1107/1107 1055/1055/1055
f 1055/1055/1055 1107/1107/1107 1056/1056/1056
f 1056/1056/1056 1107/1107/1107 1108/1108/1108
f 1056/1056/1056 1108/1108/1108 1109/1109/1109
f 1056/1056/1056 1109/1109/1109 1057/1057/1057
f 1057/1057/1057 1109/1109/1109 1058/1058/1058
f 1058/1058/1058 1109/1109/1109 1110/1110/1110
f 1058/1058/1058 1110/1110/1110 1111/1111/1111
f 1058/1058/1058 1111/1111/1111 1059/1059/1059
f 1059/1059/1059 1111/1111/1111 1060/1060/1060
f 1060/1060/1060 1111/1111/1111 1112/1112/1112
f 1060/1060/1060 1112/1112/1112 1113/1113/1113
f 1060/1060/1060 1113/1113/1113 1061/1061/1061
f 1061/1061/1061 1113/1113/1113 1062/1062/1062
f 1062/1062/1062 1113/1113/1113 1114/1114/1114
f 1062/1062/1062 1114/1114/1114 1115/1115/1115
f 1062/1062/1062 1115/1115/1115 1063/1063/1063
f 1063/1063/1063 1115/1115/1115 1064/1064/1064
f 1064/1064/1064 1115/1115/1115 1116/1116/1116
f 1064/1064/1064 1116/1116/1116 1117/1117/1117
f 1064/1064/1064 1117/1117/1117 1065/1065/1065
f 1065/1065/1065 1117/1117/1117 1066/1066/1066
f 1066/1066/1066 1117/1117/1117 1118/1118/1118
f 1066/1066/1066 1118/1118/1118 1119/1119/1119
f 1066/1066/1066 1119/1119/1119 1067/1067/1067
f 1067/1067/1067 1119/1119/1119 1068/1068/1068
f 1068/1068/1068 1119/1119/1119 1120/1120/1120
f 1068/1068/1068 1120/1120/1120 1121/1121/1121
f 1068/1068/1068 1121/1121/1121 1069/1069/1069
f 1069/1069/1069 1121/1121/1121 1070/1070/1070
f 1070/1070/1070 1121/1121/1121 1122/1122/1122
f 1070/1070/1070 1122/1122/1122 1123/1123/1123
f 1070/1070/1070 1123/1123/1123 1071/1071/1071
f 1071/1071/1071 1123/1123/1123 1072/1072/1072
f 1072/1072/1072 1123/1123/1123 1124/1124/1124
f 1072/1072/1072 1124/1124/1124 1125/1125/1125
f 1072/1072/1072 1125/1125/1125 1073/1073/1073
f 1073/1073/1073 1125/1125/1125 1074/1074/1074
f 1074/1074/1074 1125/1125/1125 1126/1126/1126
f 1074/1074/1074 1126/1126/1126 1127/1127/1127
f 1074/1074/1074 1127/1127/1127 1075/1075/1075
f 1075/1075/1075 1127/1127/1127 1076/1076/1076
f 1076/1076/1076 1127/1127/1127 1128/1128/1128
f 1076/1076/1076 1128/1128/1128 1129/1129/1129
f 1076/1076/1076 1129/1129/1129 1077/1077/1077
f 1077/1077/1077 1129/1129/1129 1078/1078/1078
f 1078/1078/1078 1129/1129/1129 1130/1130/1130
f 1078/1078/1078 1130/1130/1130 1131/1131/1131
f 1078/1078/1078 1131/1131/1131 1079/1079/1079
f 1079/1079/1079 1131/1131/1131 1080/1080/1080
f 1080/1080/1080 1131/1131/1131 1132/1132/1132
f 1080/1080/1080 1132/1132/1132 1133/1133/1133
f 1080/1080/1080 1133/1133/1133 1081/1081/1081
f 1081/1081/1081 1133/1133/1133 1082/1082/1082
f 1082/1082/1082 1133/1133/1133 1134/1134/1134
f 1082/1082/1082 1134/1134/1134 1135/1135/1135
f 1082/1082/1082 1135/1135/1135 1083/1083/1083
f 1083/1083/1083 1135/1135/1135 1084/1084/1084
f 1084/1084/1084 1135/1135/1135 1136/1136/1136
f 1084/1084/1084 1136/1136/1136 1137/1137/1137
f 1084/1084/1084 1137/1137/1137 1085/1085/1085
f 1085/1085/1085 1137/1137/1137 1086/1086/1086
f 1086/1086/1086 1137/1137/1137 1138/1138/1138
f 1086/1086/1086 1138/1138/1138 1139/1139/1139
f 1086/1086/1086 1139/1139/1139 1087/1087/1087
f 1087/1087/1087 1139/1139/1139 1088/1088/1088
f 1088/1088/1088 1139/1139/1139 1140/1140/1140
f 1088/1088/1088 1140/1140/1140 1141/1141/1141
f 1088/1088/1088 1141/1141/1141 1089/1089/1089
f 1089/1089/1089 1141/1141/1141 1090/1090/1090
f 1090/1090/1090 1141/1141/1141 1142/1142/1142
f 1090/1090/1090 1142/1142/1142 1143/1143/1143
f 1090/1090/1090 1143/1143/1143 1091/1091/1091
f 1091/1091/1091 1143/1143/1143 1092/1092/1092
f 1092/1092/1092 1143/1143/1143 1144/1144/1144
f 1093/1093/1093 1145/1145/1145 1146/1146/1146
f 1093/1093/1093 1146/1146/1146 1094/1094/1094
f 1094/1094/1094 1146/1146/1146 1095/1095/1095
f 1095/1095/1095 1146/1146/1146 1147/1147/1147
f 1095/1095/1095 1147/1147/1147 1148/1148/1148
f 1095/1095/1095 1148/1148/1148 1096/1096/1096
f 1096/1096/1096 1148/1148/1148 1097/1097/1097
f 1097/1097/1097 1148/1148/1148 1149/1149/1149
f 1097/1097/1097 1149/1149/1149 1150/1150/1150
f 1097/1097/1097 1150/1150/1150 1098/1098/1098
f 1098/1098/1098 1150/1150/1150 1099/1099/1099
f 1099/1099/1099 1150/1150/1150 1151/1151/1151
f 1099/1099/1099 1151/1151/1151 1152/1152/1152
f 1099/1099/1099 1152/1152/1152 1100/1100/1100
f 1100/1100/1100 1152/1152/1152 1101/1101/1101
f 1101/1101/1101 1152/1152/1152 1153/1153/1153
f 1101/1101/1101 1153/1153/1153 1154/1154/1154
f 1101/1101/1101 1154/1154/1154 1102/1102/1102
f 1102/1102/1102 1154/1154/1154 1103/1103/1103
f 1103/1103/1103 1154/1154/1154 1155/1155/1155
f 1103/1103/1103 1155/1155/1155 1156/1156/1156
f 1103/1103/1103 1156/1156/1156 1104/1104/1104
f 1104/1104/1104 1156/1156/1156 1105/1105/1105
f 1105/1105/1105 1156/1156/1156 1157/1157/1157
f 1105/1105/1105 1157/1157/1157 1158/1158/1158
f 1105/1105/1105 1158/1158/1158 1106/1106/1106
f 1106/1106/1106 1158/1158/1158 1107/1107/1107
f 1107/1107/1107 1158/1158/1158 1159/1159/1159
f 1107/1107/1107 1159/1159/1159 1160/1160/1160
f 1107/1107/1107 1160/1160/1160 1108/1108/1108
f 1108/1108/1108 1160/1160/1160 1109/1109/1109
f 1109/1109/1109 1160/1160/1160 1161/1161/1161
f 1109/1109/1109 1161/1161/1161 1162/1162/1162
f 1109/1109/1109 1162/1162/1162 1110/1110/1110
f 1110/1110/1110 1162/1162/1162 1111/1111/1111
f 1111/1111/1111 1162/1162/1162 1163/1163/1163
f 1111/1111/1111 1163/1163/1163 1164/1164/1164
f 1111/1111/1111 1164/1164/1164 1112/1112/1112
f 1112/1112/1112 1164/1164/1164 1113/1113/1113
f 1113/1113/1113 1164/1164/1164 1165/1165/1165
f 1113/1113/1113 1165/1165/1165 1166/1166/1166
f 1113/1113/1113 1166/1166/1166 1114/1114/1114
f 1114/1114/1114 1166/1166/1166 1115/1115/1115
f 1115/1115/1115 1166/1166/1166 1167/1167/1167
f 1115/1115/1115 1167/1167/1167 1168/1168/1168
f 1115/1115/1115 1168/1168/1168 1116/1116/1116
f 1116/1116/1116 1168/1168/1168 1117/1117/1117
f 1117/1117/1117 1168/1168/1168 1169/1169/1169
f 1117/1117/1117 1169/1169/1169 1170/1170/1170
f 1117/1117/1117 1170/1170/1170 1118/1118/1118
f 1118/1118/1118 1170/1170/1170 1119/1119/1119
f 1119/1119/1119 1170/1170/1170 1171/1171/1171
f 1119/1119/1119 1171/1171/1171 1172/1172/1172
f 1119/1119/1119 1172/1172/1172 1120/1120/1120
f 1120/1120/1120 1172/1172/1172 1121/1121/1121
f 1121/1121/1121 1172/1172/1172 1173/1173/1173
f 1121/1121/1121 1173/1173/1173 1174/1174/1174
f 1121/1121/1121 1174/1174/1174 1122/1122/1122
f 1122/1122/1122 1174/1174/1174 1123/1123/1123
f 1123/1123/1123 1174/1174/1174 1175/1175/1175
f 1123/1123/1123 1175/1175/1175 1176/1176/1176
f 1123/1123/1123 1176/1176/1176 1124/1124/1124
f 1124/1124/1124 1176/1176/1176 1125/1125/1125
f 1125/1125/1125 1176/1176/1176 1177/1177/1177
f 1125/1125/1125 1177/1177/1177 1178/1178/1178
f 1125/1125/1125 1178/1178/1178 1126/1126/1126
f 1126/1126/1126 1178/1178/1178 1127/1127/1127
f 1127/1127/1127 1178/1178/1178 1179/1179/1179
f 1127/1127/1127 1179/1179/1179 1180/1180/1180
f 1127/1127/1127 1180/1180/1180 1128/1128/1128
f 1128/1128/1128 1180/1180/1180 1129/1129/1129
f 1129/1129/1129 1180/1180/1180 1181/1181/1181
f 1129/1129/1129 1181/1181/1181 1182/1182/1182
f 1129/1129/1129 1182/1182/1182 1130/1130/1130
f 1130/1130/1130 1182/1182/1182 1131/1131/1131
f 1131/1131/1131 1182/1182/1182 1183/1183/1183
f 1131/1131/1131 1183/1183/1183 1184/1184/1184
f 1131/1131/1131 1184/1184/1184 1132/1132/1132
f 1132/1132/1132 1184/1184/1184 1133/1133/1133
f 1133/1133/1133 1184/1184/1184 1185/1185/1185
f 1133/1133/1133 1185/1185/1185 1186/1186/1186
f 1133/1133/1133 1186/1186/1186 1134/1134/1134
f 1134/1134/1134 1186/1186/1186 1135/1135/1135
f 1135/1135/1135 1186/1186/1186 1187/1187/1187
f 1135/1135/1135 1187/1187/1187 1188/1188/1188
f 1135/1135/1135 1188/1188/1188 1136/1136/1136
f 1136/1136/1136 1188/1188/1188 1137/1137/1137
f 1137/1137/1137 1188/1188/1188 1189/1189/1189
f 1137/1137/1137 1189/1189/1189 1190/1190/1190
f 1137/1137/1137 1190/1190/1190 1138/1138/1138
f 1138/1138/1138 1190/1190/1190 1139/1139/1139
f 1139/1139/1139 1190/1190/1190 1191/1191/1191
f 1139/1139/1139 1191/1191/1191 1192/1192/1192
f 1139/1139/1139 1192/1192/1192 1140/1140/1140
f 1140/1140/1140 1192/1192/1192 1141/1141/1141
f 1141/1141/1141 1192/1192/1192 1193/1193/1193
f 1141/1141/1141 1193/1193/1193 1194/1194/1194
f 1141/1141/1141 1194/1194/1194 1142/1142/1142
f 1142/1142/1142 1194/1194/1194 1143/1143/1143
f 1143/1143/1143 1194/1194/1194 1195/1195/1195
f 1143/1143/1143 1195/1195/1195 1196/1196/1196
f 1143/1143/1143 1196/1196/1196 1144/1144/1144
f 1145/1145/1145 1197/1197/1197 1146/1146/1146
f 1146/1146/1146 1197/1197/1197 1198/1198/1198
f 1146/1146/1146 1198/1198/1198 1199/1199/1199
f 1146/1146/1146 1199/1199/1199 1147/1147/1147
f 1147/1147/1147 1199/1199/1199 1148/1148/1148
f 1148/1148/1148 1199/1199/1199 1200/1200/1200
f 1148/1148/1148 1200/1200/1200 1201/1201/1201
f 1148/1148/1148 1201/1201/1201 1149/1149/1149
f 1149/1149/1149 1201/1201/1201 1150/1150/1150
f 1150/1150/1150 1201/1201/1201 1202/1202/1202
f 1150/1150/1150 1202/1202/1202 1203/1203/1203
f 1150/1150/1150 1203/1203/1203 1151/1151/1151
f 1151/1151/1151 1203/1203/1203 1152/1152/1152
f 1152/1152/1152 1203/1203/1203 1204/1204/1204
f 1152/1152/1152 1204/1204/1204 1205/1205/1205
f 1152/1152/1152 1205/1205/1205 1153/1153/1153
f 1153/1153/1153 1205/1205/1205 1154/1154/1154
f 1154/1154/1154 1205/1205/1205 1206/1206/1206
f 1154/1154/1154 1206/1206/1206 1207/1207/1207
f 1154/1154/1154 1207/1207/1207 1155/1155/1155
f 1155/1155/1155 1207/1207/1207 1156/1156/1156
f 1156/1156/1156 1207/1207/1207 1208/1208/1208
f 1156/1156/1156 1208/1208/1208 1209/1209/1209
f 1156/1156/1156 1209/1209/1209 1157/1157/1157
f 1157/1157/1157 1209/1209/1209 1158/1158/1158
f 1158/1158/1158 1209/1209/1209 1210/1210/1210
f 1158/1158/1158 1210/1210/1210 1211/1211/1211
f 1158/1158/1158 1211/1211/1211 1159/1159/1159
f 1159/1159/1159 1211/1211/1211 1160/1160/1160
f 1160/1160/1160 1211/1211/1211 1212/1212/1212
f 1160/1160/1160 1212/1212/1212 1213/1213/1213
f 1160/1160/1160 1213/1213/1213 1161/1161/1161
f 1161/1161/1161 1213/1213/1213 1162/1162/1162
f 1162/1162/1162 1213/1213/1213 1214/1214/1214
f 1162/1162/1162 1214/1214/1214 1215/1215/1215
f 1162/1162/1162 1215/1215/1215 1163/1163/1163
f 1163/1163/1163 1215/1215/1215 1164/1164/1164
f 1164/1164/1164 1215/1215/1215 1216/1216/1216
f 1164/1164/1164 1216/1216/1216 1217/1217/1217
f 1164/1164/1164 1217/1217/1217 1165/1165/1165
f 1165/1165/1165 1217/1217/1217 1166/1166/1166
f 1166/1166/1166 1217/1217/1217 1218/1218/1218
f 1166/1166/1166 1218/1218/1218 1219/1219/1219
f 1166/1166/1166 1219/1219/1219 1167/1167/1167
f 1167/1167/1167 1219/1219/1219 1168/1168/1168
f 1168/1168/1168 1219/1219/1219 1220/1220/1220
f 1168/1168/1168 1220/1220/1220 1221/1221/1221
f 1168/1168/1168 1221/1221/1221 1169/1169/1169
f 1169/1169/1169 1221/1221/1221 1170/1170/1170
f 1170/1170/1170 1221/1221/1221 1222/1222/1222
f 1170/1170/1170 1222/1222/1222 1223/1223/1223
f 1170/1170/1170 1223/1223/1223 1171/1171/1171
f 1171/1171/1171 1223/1223/1223 1172/1172/1172
f 1172/1172/1172 1223/1223/1223 1224/1224/1224
f 1172/1172/1172 1224/1224/1224 1225/1225/1225
f 1172/1172/1172 1225/1225/1225 1173/1173/1173
f 1173/1173/1173 1225/1225/1225 1174/1174/1174
f 1174/1174/1174 1225/1225/1225 1226/1226/1226
f 1174/1174/1174 1226/1226/1226 1227/1227/1227
f 1174/1174/1174 1227/1227/1227 1175/1175/1175
f 1175/1175/1175 1227/1227/1227 1176/1176/1176
f 1176/1176/1176 1227/1227/1227 1228/1228/1228
f 1176/1176/1176 1228/1228/1228 1229/1229/1229
f 1176/1176/1176 1229/1229/1229 1177/1177/1177
f 1177/1177/1177 1229/1229/1229 1178/1178/1178
f 1178/1178/1178 1229/1229/1229 1230/1230/1230
f 1178/1178/1178 1230/1230/1230 1231/1231/1231
f 1178/1178/1178 1231/1231/1231 1179/1179/1179
f 1179/1179/1179 1231/1231/1231 1180/1180/1180
f 1180/1180/1180 1231/1231/1231 1232/1232/1232
f 1180/1180/1180 1232/1232/1232 1233/1233/1233
f 1180/1180/1180 1233/1233/1233 1181/1181/1181
f 1181/1181/1181 1233/1233/1233 1182/1182/1182
f 1182/1182/1182 1233/1233/1233 1234/1234/1234
f 1182/1182/1182 1234/1234/1234 1235/1235/1235
f 1182/1182/1182 1235/1235/1235 1183/1183/1183
f 1183/1183/1183 1235/1235/1235 1184/1184/1184
f 1184/1184/1184 1235/1235/1235 1236/1236/1236
f 1184/1184/1184 1236/1236/1236 1237/1237/1237
f 1184/1184/1184 1237/1237/1237 1185/1185/1185
f 1185/1185/1185 1237/1237/1237 1186/1186/1186
f 1186/1186/1186 1237/1237/1237 1238/1238/1238
f 1186/1186/1186 1238/1238/1238 1239/1239/1239
f 1186/1186/1186 1239/1239/1239 1187/1187/1187
f 1187/1187/1187 1239/1239/1239 1188/1188/1188
f 1188/1188/1188 1239/1239/1239 1240/1240/1240
f 1188/1188/1188 1240/1240/1240 1241/1241/1241
f 1188/1188/1188 1241/1241/1241 1189/1189/1189
f 1189/1189/1189 1241/1241/1241 1190/1190/1190
f 1190/1190/1190 1241/1241/1241 1242/1242/1242
f 1190/1190/1190 1242/1242/1242 1243/1243/1243
f 1190/1190/1190 1243/1243/1243 1191/1191/1191
f 1191/1191/1191 1243/1243/1243 1192/1192/1192
f 1192/1192/1192 1243/1243/1243 1244/1244/1244
f 1192/1192/1192 1244/1244/1244 1245/1245/1245
f 1192/1192/1192 1245/1245/1245 1193/1193/1193
f 1193/1193/1193 1245/1245/1245 1194/1194/1194
f 1194/1194/1194 1245/1245/1245 1246/1246/1246
f 1194/1194/1194 1246/1246/1246 1247/1247/1247
f 1194/1194/1194 1247/1247/1247 1195/1195/1195
f 1195/1195/1195 1247/1247/1247 1196/1196/1196
f 1196/1196/1196 1247/1247/1247 1248/1248/1248
f 1197/1197/1197 1249/1249/1249 1250/1250/1250
f 1197/1197/1197 1250/1250/1250 1198/1198/1198
f 1198/1198/1198 1250/1250/1250 1199/1199/1199
f 1199/1199/1199 1250/1250/1250 1251/1251/1251
f 1199/1199/1199 1251/1251/1251 1252/1252/1252
f 1199/1199/1199 1252/1252/1252 1200/1200/1200
f 1200/1200/1200 1252/1252/1252 1201/1201/1201
f 1201/1201/1201 1252/1252/1252 1253/1253/1253
f 1201/1201/1201 1253/1253/1253 1254/1254/1254
f 1201/1201/1201 1254/1254/1254 1202/1202/1202
f 1202/1202/1202 1254/1254/1254 1203/1203/1203
f 1203/1203/1203 1254/1254/1254 1255/1255/1255
f 1203/1203/1203 1255/1255/1255 1256/1256/1256
f 1203/1203/1203 1256/1256/1256 1204/1204/1204
f 1204/1204/1204 1256/1256/1256 1205/1205/1205
f 1205/1205/1205 1256/1256/1256 1257/1257/1257
f 1205/1205/1205 1257/1257/1257 1258/1258/1258
f 1205/1205/1205 1258/1258/1258 1206/1206/1206
f 1206/1206/1206 1258/1258/1258 1207/1207/1207
f 1207/1207/1207 1258/1258/1258 1259/1259/1259
f 1207/1207/1207 1259/1259/1259 1260/1260/1260
f 1207/1207/1207 1260/1260/1260 1208/1208/1208
f 1208/1208/1208 1260/1260/1260 1209/1209/1209
f 1209/1209/1209 1260/1260/1260 1261/1261/1261
f 1209/1209/1209 1261/1261/1261 1262/1262/1262
f 1209/1209/1209 1262/1262/1262 1210/1210/1210
f 1210/1210/1210 1262/1262/1262 1211/1211/1211
f 1211/1211/1211 1262/1262/1262 1263/1263/1263
f 1211/1211/1211 1263/1263/1263 1264/1264/1264
f 1211/1211/1211 1264/1264/1264 1212/1212/1212
f 1212/1212/1212 1264/1264/1264 1213/1213/1213
f 1213/1213/1213 1264/1264/1264 1265/1265/1265
f 1213/1213/1213 1265/1265/1265 1266/1266/1266
f 1213/1213/1213 1266/1266/1266 1214/1214/1214
f 1214/1214/1214 1266/1266/1266 1215/1215/1215
f 1215/1215/1215 1266/1266/1266 1267/1267/1267
f 1215/1215/1215 1267/1267/1267 1268/1268/1268
f 1215/1215/1215 1268/1268/1268 1216/1216/1216
f 1216/1216/1216 1268/1268/1268 1217/1217/1217
f 1217/1217/1217 1268/1268/1268 1269/1269/1269
f 1217/1217/1217 1269/1269/1269 1270/1270/1270
f 1217/1217/1217 1270/1270/1270 1218/1218/1218
f 1218/1218/1218 1270/1270/1270 1219/1219/1219
f 1219/1219/1219 1270/1270/1270 1271/1271/1271
f 1219/1219/1219 1271/1271/1271 1272/1272/1272
f 1219/1219/1219 1272/1272/1272 1220/1220/1220
f 1220/1220/1220 1272/1272/1272 1221/1221/1221
f 1221/1221/1221 1272/1272/1272 1273/1273/1273
f 1221/1221/1221 1273/1273/1273 1274/1274/1274
f 1221/1221/1221 1274/1274/1274 1222/1222/1222
f 1222/1222/1222 1274/1274/1274 1223/1223/1223
f 1223/1223/1223 1274/1274/1274 1275/1275/1275
f 1223/1223/1223 1275/1275/1275 1276/1276/1276
f 1223/1223/1223 1276/1276/1276 1224/1224/1224
f 1224/1224/1224 1276/1276/1276 1225/1225/1225
f 1225/1225/1225 1276/1276/1276 1277/1277/1277
f 1225/1225/1225 1277/1277/1277 1278/1278/1278
f 1225/1225/1225 1278/1278/1278 1226/1226/1226
f 1226/1226/1226 1278/1278/1278 1227/1227/1227
f 1227/1227/1227 1278/1278/1278 1279/1279/1279
f 1227/1227/1227 1279/1279/1279 1280/1280/1280
f 1227/1227/1227 1280/1280/1280 1228/1228/1228
f 1228/1228/1228 1280/1280/1280 1229/1229/1229
f 1229/1229/1229 1280/1280/1280 1281/1281/1281
f 1229/1229/1229 1281/1281/1281 1282/1282/1282
f 1229/1229/1229 1282/1282/1282 1230/1230/1230
f 1230/1230/1230 1282/1282/1282 1231/1231/1231
f 1231/1231/1231 1282/1282/1282 1283/1283/1283
f 1231/1231/1231 1283/1283/1283 1284/1284/1284
f 1231/1231/1231 1284/1284/1284 1232/1232/1232
f 1232/1232/1232 1284/1284/1284 1233/1233/1233
f 1233/1233/1233 1284/1284/1284 1285/1285/1285
f 1233/1233/1233 1285/1285/1285 1286/1286/1286
f 1233/1233/1233 1286/1286/1286 1234/1234/1234
f 1234/1234/1234 1286/1286/1286 1235/1235/1235
f 1235/1235/1235 1286/1286/1286 1287/1287/1287
f 1235/1235/1235 1287/1287/1287 1288/1288/1288
f 1235/1235/1235 1288/1288/1288 1236/1236/1236
f 1236/1236/1236 1288/1288/1288 1237/1237/1237
f 1237/1237/1237 1288/1288/1288 1289/1289/1289
f 1237/1237/1237 1289/1289/1289 1290/1290/1290
f 1237/1237/1237 1290/1290/1290 1238/1238/1238
f 1238/1238/1238 1290/1290/1290 1239/1239/1239
f 1239/1239/1239 1290/1290/1290 1291/1291/1291
f 1239/1239/1239 1291/1291/1291 1292/1292/1292
f 1239/1239/1239 1292/1292/1292 1240/1240/1240
f 1240/1240/1240 1292/1292/1292 1241/1241/1241
f 1241/1241/1241 1292/1292/1292 1293/1293/1293
f 1241/1241/1241 1293/1293/1293 1294/1294/1294
f 1241/1241/1241 1294/1294/1294 1242/1242/1242
f 1242/1242/1242 1294/1294/1294 1243/1243/1243
f 1243/1243/1243 1294/1294/1294 1295/1295/1295
f 1243/1243/1243 1295/1295/1295 1296/1296/1296
f 1243/1243/1243 1296/1296/1296 1244/1244/1244
f 1244/1244/1244 1296/1296/1296 1245/1245/1245
f 1245/1245/1245 1296/1296/1296 1297/1297/1297
f 1245/1245/1245 1297/1297/1297 1298/1298/1298
f 1245/1245/1245 1298/1298/1298 1246/1246/1246
f 1246/1246/1246 1298/1298/1298 1247/1247/1247
f 1247/1247/1247 1298/1298/1298 1299/1299/1299
f 1247/1247/1247 1299/1299/1299 1300/1300/1300
f 1247/1247/1247 1300/1300/1300 1248/1248/1248
f 1249/1249/1249 1301/1301/1301 1250/1250/1250
f 1250/1250/1250 1301/1301/1301 1302/1302/1302
f 1250/1250/1250 1302/1302/1302 1303/1303/1303
f 1250/1250/1250 1303/1303/1303 1251/1251/1251
f 1251/1251/1251 1303/1303/1303 1252/1252/1252
f 1252/1252/1252 1303/1303/1303 1304/1304/1304
f 1252/1252/1252 1304/1304/1304 1305/1305/1305
f 1252/1252/1252 1305/1305/1305 1253/1253/1253
f 1253/1253/1253 1305/1305/1305 1254/1254/1254
f 1254/1254/1254 1305/1305/1305 1306/1306/1306
f 1254/1254/1254 1306/1306/1306 1307/1307/1307
f 1254/1254/1254 1307/1307/1307 1255/1255/1255
f 1255/1255/1255 1307/1307/1307 1256/1256/1256
f 1256/1256/1256 1307/1307/1307 1308/1308/1308
f 1256/1256/1256 1308/1308/1308 1309/1309/1309
f 1256/1256/1256 1309/1309/1309 1257/1257/1257
f 1257/1257/1257 1309/1309/1309 1258/1258/1258
f 1258/1258/1258 1309/1309/1309 1310/1310/1310
f 1258/1258/1258 1310/1310/1310 1311/1311/1311
f 1258/1258/1258 1311/1311/1311 1259/1259/1259
f 1259/1259/1259 1311/1311/1311 1260/1260/1260
f 1260/1260/1260 1311/1311/1311 1312/1312/1312
f 1260/1260/1260 1312/1312/1312 1313/1313/1313
f 1260/1260/1260 1313/1313/1313 1261/1261/1261
f 1261/1261/1261 1313/1313/1313 1262/1262/1262
f 1262/1262/1262 1313/1313/1313 1314/1314/1314
f 1262/1262/1262 1314/1314/1314 1315/1315/1315
f 1262/1262/1262 1315/1315/1315 1263/1263/1263
f 1263/1263/1263 1315/1315/1315 1264/1264/1264
f 1264/1264/1264 1315/1315/1315 1316/1316/1316
f 1264/1264/1264 1316/1316/1316 1317/1317/1317
f 1264/1264/1264 1317/1317/1317 1265/1265/1265
f 1265/1265/1265 1317/1317/1317 1266/1266/1266
f 1266/1266/1266 1317/1317/1317 1318/1318/1318
f 1266/1266/1266 1318/1318/1318 1319/1319/1319
f 1266/1266/1266 1319/1319/1319 1267/1267/1267
f 1267/1267/1267 1319/1319/1319 1268/1268/1268
f 1268/1268/1268 1319/1319/1319 1320/1320/1320
f 1268/1268/1268 1320/1320/1320 1321/1321/1321
f 1268/1268/1268 1321/1321/1321 1269/1269/1269
f 1269/1269/1269 1321/1321/1321 1270/1270/1270
f 1270/1270/1270 1321/1321/1321 1322/1322/1322
f 1270/1270/1270 1322/1322/1322 1323/1323/1323
f 1270/1270/1270 1323/1323/1323 1271/1271/1271
f 1271/1271/1271 1323/1323/1323 1272/1272/1272
f 1272/1272/1272 1323/1323/1323 1324/1324/1324
f 1272/1272/1272 1324/1324/1324 1325/1325/1325
f 1272/1272/1272 1325/1325/1325 1273/1273/1273
f 1273/1273/1273 1325/1325/1325 1274/1274/1274
f 1274/1274/1274 1325/1325/1325 1326/1326/1326
f 1274/1274/1274 1326/1326/1326 1327/1327/1327
f 1274/1274/1274 1327/1327/1327 1275/1275/1275
f 1275/1275/1275 1327/1327/1327 1276/1276/1276
f 1276/1276/1276 1327/1327/1327 1328/1328/1328
f 1276/1276/1276 1328/1328/1328 1329/1329/1329
f 1276/1276/1276 1329/1329/1329 1277/1277/1277
f 1277/1277/1277 1329/1329/1329 1278/1278/1278
f 1278/1278/1278 1329/1329/1329 1330/1330/1330
f 1278/1278/1278 1330/1330/1330 1331/1331/1331
f 1278/1278/1278 1331/1331/1331 1279/1279/1279
f 1279/1279/1279 1331/1331/1331 1280/1280/1280
f 1280/1280/1280 1331/1331/1331 1332/1332/1332
f 1280/1280/1280 1332/1332/1332 1333/1333/1333
f 1280/1280/1280 1333/1333/1333 1281/1281/1281
f 1281/1281/1281 1333/1333/1333 1282/1282/1282
f 1282/1282/1282 1333/1333/1333 1334/1334/1334
f 1282/1282/1282 1334/1334/1334 1335/1335/1335
f 1282/1282/1282 1335/1335/1335 1283/1283/1283
f 1283/1283/1283 1335/1335/1335 1284/1284/1284
f 1284/1284/1284 1335/1335/1335 1336/1336/1336
f 1284/1284/1284 1336/1336/1336 1337/1337/1337
f 1284/1284/1284 1337/1337/1337 1285/1285/1285
f 1285/1285/1285 1337/1337/1337 1286/1286/1286
f 1286/1286/1286 1337/1337/1337 1338/1338/1338
f 1286/1286/1286 1338/1338/1338 1339/1339/1339
f 1286/1286/1286 1339/1339/1339 1287/1287/1287
f 1287/1287/1287 1339/1339/1339 1288/1288/1288
f 1288/1288/1288 1339/1339/1339 1340/1340/1340
f 1288/1288/1288 1340/1340/1340 1341/1341/1341
f 1288/1288/1288 1341/1341/1341 1289/1289/1289
f 1289/1289/1289 1341/1341/1341 1290/1290/1290
f 1290/1290/1290 1341/1341/1341 1342/1342/1342
f 1290/1290/1290 1342/1342/1342 1343/1343/1343
f 1290/1290/1290 1343/1343/1343 1291/1291/1291
f 1291/1291/1291 1343/1343/1343 1292/1292/1292
f 1292/1292/1292 1343/1343/1343 1344/1344/1344
f 1292/1292/1292 1344/1344/1344 1345/1345/1345
f 1292/1292/1292 1345/1345/1345 1293/1293/1293
f 1293/1293/1293 1345/1345/1345 1294/1294/1294
f 1294/1294/1294 1345/1345/1345 1346/1346/1346
f 1294/1294/1294 1346/1346/1346 1347/1347/1347
f 1294/1294/1294 1347/1347/1347 1295/1295/1295
f 1295/1295/1295 1347/1347/1347 1296/1296/1296
f 1296/1296/1296 1347/1347/1347 1348/1348/1348
f 1296/1296/1296 1348/1348/1348 1349/1349/1349
f 1296/1296/1296 1349/1349/1349 1297/1297/1297
f 1297/1297/1297 1349/1349/1349 1298/1298/1298
f 1298/1298/1298 1349/1349/1349 1350/1350/1350
f 1298/1298/1298 1350/1350/1350 1351/1351/1351
f 1298/1298/1298 1351/1351/1351 1299/1299/1299
f 1299/1299/1299 1351/1351/1351 1300/1300/1300
f 1300/1300/1300 1351/1351/1351 1352/1352/1352
f 1301/1301/1301 1353/1353/1353 1354/1354/1354
f 1301/1301/1301 1354/1354/1354 1302/1302/1302
f 1302/1302/1302 1354/1354/1354 1303/1303/1303
f 1303/1303/1303 1354/1354/1354 1355/1355/1355
f 1303/1303/1303 1355/1355/1355 1356/1356/1356
f 1303/1303/1303 1356/1356/1356 1304/1304/1304
f 1304/1304/1304 1356/1356/1356 1305/1305/1305
f 1305/1305/1305 1356/1356/1356 1357/1357/1357
f 1305/1305/1305 1357/1357/1357 1358/1358/1358
f 1305/1305/1305 1358/1358/1358 1306/1306/1306
f 1306/1306/1306 1358/1358/1358 1307/1307/1307
f 1307/1307/1307 1358/1358/1358 1359/1359/1359
f 1307/1307/1307 1359/1359/1359 1360/1360/1360
f 1307/1307/1307 1360/1360/1360 1308/1308/1308
f 1308/1308/1308 1360/1360/1360 1309/1309/1309
f 1309/1309/1309 1360/1360/1360 1361/1361/1361
f 1309/1309/1309 1361/1361/1361 1362/1362/1362
f 1309/1309/1309 1362/1362/1362 1310/1310/1310
f 1310/1310/1310 1362/1362/1362 1311/1311/1311
f 1311/1311/1311 1362/1362/1362 1363/1363/1363
f 1311/1311/1311 1363/1363/1363 1364/1364/1364
f 1311/1311/1311 1364/1364/1364 1312/1312/1312
f 1312/1312/1312 1364/1364/1364 1313/1313/1313
f 1313/1313/1313 1364/1364/1364 1365/1365/1365
f 1313/1313/1313 1365/1365/1365 1366/1366/1366
f 1313/1313/1313 1366/1366/1366 1314/1314/1314
f 1314/1314/1314 1366/1366/1366 1315/1315/1315
f 1315/1315/1315 1366/1366/1366 1367/1367/1367
f 1315/1315/1315 1367/1367/1367 1368/1368/1368
f 1315/1315/1315 1368/1368/1368 1316/1316/1316
f 1316/1316/1316 1368/1368/1368 1317/1317/1317
f 1317/1317/1317 1368/1368/1368 1369/1369/1369
f 1317/1317/1317 1369/1369/1369 1370/1370/1370
f 1317/1317/1317 1370/1370/1370 1318/1318/1318
f 1318/1318/1318 1370/1370/1370 1319/1319/1319
f 1319/1319/1319 1370/1370/1370 1371/1371/1371
f 1319/1319/1319 1371/1371/1371 1372/1372/1372
f 1319/1319/1319 1372/1372/1372 1320/1320/1320
f 1320/1320/1320 1372/1372/1372 1321/1321/1321
f 1321/1321/1321 1372/1372/1372 1373/1373/1373
f 1321/1321/1321 1373/1373/1373 1374/1374/1374
f 1321/1321/1321 1374/1374/1374 1322/1322/1322
f 1322/1322/1322 1374/1374/1374 1323/1323/1323
f 1323/1323/1323 1374/1374/1374 1375/1375/1375
f 1323/1323/1323 1375/1375/1375 1376/1376/1376
f 1323/1323/1323 1376/1376/1376 1324/1324/1324
f 1324/1324/1324 1376/1376/1376 1325/1325/1325
f 1325/1325/1325 1376/1376/1376 1377/1377/1377
f 1325/1325/1325 1377/1377/1377 1378/1378/1378
f 1325/1325/1325 1378/1378/1378 1326/1326/1326
f 1326/1326/1326 1378/1378/1378 1327/1327/1327
f 1327/1327/1327 1378/1378/1378 1379/1379/1379
f 1327/1327/1327 1379/1379/1379 1380/1380/1380
f 1327/1327/1327 1380/1380/1380 1328/1328/1328
f 1328/1328/1328 1380/1380/1380 1329/1329/1329
f 1329/1329/1329 1380/1380/1380 1381/1381/1381
f 1329/1329/1329 1381/1381/1381 1382/1382/1382
f 1329/1329/1329 1382/1382/1382 1330/1330/1330
f 1330/1330/1330 1382/1382/1382 1331/1331/1331
f 1331/1331/1331 1382/1382/1382 1383/1383/1383
f 1331/1331/1331 1383/1383/1383 1384/1384/1384
f 1331/1331/1331 1384/1384/1384 1332/1332/1332
f 1332/1332/1332 1384/1384/1384 1333/1333/1333
f 1333/1333/1333 1384/1384/1384 1385/1385/1385
f 1333/1333/1333 1385/1385/1385 1386/1386/1386
f 1333/1333/1333 1386/1386/1386 1334/1334/1334
f 1334/1334/1334 1386/1386/1386 1335/1335/1335
f 1335/1335/1335 1386/1386/1386 1387/1387/1387
f 1335/1335/1335 1387/1387/1387 1388/1388/1388
f 1335/1335/1335 1388/1388/1388 1336/1336/1336
f 1336/1336/1336 1388/1388/1388 1337/1337/1337
f 1337/1337/1337 1388/1388/1388 1389/1389/1389
f 1337/1337/1337 1389/1389/1389 1390/1390/1390
f 1337/1337/1337 1390/1390/1390 1338/1338/1338
f 1338/1338/1338 1390/1390/1390 1339/1339/1339
f 1339/1339/1339 1390/1390/1390 1391/1391/1391
f 1339/1339/1339 1391/1391/1391 1392/1392/1392
f 1339/1339/1339 1392/1392/1392 1340/1340/1340
f 1340/1340/1340 1392/1392/1392 1341/1341/1341
f 1341/1341/1341 1392/1392/1392 1393/1393/1393
f 1341/1341/1341 1393/1393/1393 1394/1394/1394
f 1341/1341/1341 1394/1394/1394 1342/1342/1342
f 1342/1342/1342 1394/1394/1394 1343/1343/1343
f 1343/1343/1343 1394/1394/1394 1395/1395/1395
f 1343/1343/1343 1395/1395/1395 1396/1396/1396
f 1343/1343/1343 1396/1396/1396 1344/1344/1344
f 1344/1344/1344 1396/1396/1396 1345/1345/1345
f 1345/1345/1345 1396/1396/1396 1397/1397/1397
f 1345/1345/1345 1397/1397/1397 1398/1398/1398
f 1345/1345/1345 1398/1398/1398 1346/1346/1346
f 1346/1346/1346 1398/1398/1398 1347/1347/1347
f 1347/1347/1347 1398/1398/1398 1399/1399/1399
f 1347/1347/1347 1399/1399/1399 1400/1400/1400
f 1347/1347/1347 1400/1400/1400 1348/1348/1348
f 1348/1348/1348 1400/1400/1400 1349/1349/1349
f 1349/1349/1349 1400/1400/1400 1401/1401/1401
f 1349/1349/1349 1401/1401/1401 1402/1402/1402
f 1349/1349/1349 1402/1402/1402 1350/1350/1350
f 1350/1350/1350 1402/1402/1402 1351/1351/1351
f 1351/1351/1351 1402/1402/1402 1403/1403/1403
f 1351/1351/1351 1403/1403/1403 1404/1404/1404
f 1351/1351/1351 1404/1404/1404 1352/1352/1352
f 1353/1353/1353 1405/1405/1405 1354/1354/1354
f 1354/1354/1354 1405/1405/1405 1406/1406/1406
f 1354/1354/1354 1406/1406/1406 1407/1407/1407
f 1354/1354/1354 1407/1407/1407 1355/1355/1355
f 1355/1355/1355 1407/1407/1407 1356/1356/1356
f 1356/1356/1356 1407/1407/1407 1408/1408/1408
f 1356/1356/1356 1408/1408/1408 1409/1409/1409
f 1356/1356/1356 1409/1409/1409 1357/1357/1357
f 1357/1357/1357 1409/1409/1409 1358/1358/1358
f 1358/1358/1358 1409/1409/1409 1410/1410/1410
f 1358/1358/1358 1410/1410/1410 1411/1411/1411
f 1358/1358/1358 1411/1411/1411 1359/1359/1359
f 1359/1359/1359 1411/1411/1411 1360/1360/1360
f 1360/1360/1360 1411/1411/1411 1412/1412/1412
f 1360/1360/1360 1412/1412/1412 1413/1413/1413
f 1360/1360/1360 1413/1413/1413 1361/1361/1361
f 1361/1361/1361 1413/1413/1413 1362/1362/1362
f 1362/1362/1362 1413/1413/1413 1414/1414/1414
f 1362/1362/1362 1414/1414/1414 1415/1415/1415
f 1362/1362/1362 1415/1415/1415 1363/1363/1363
f 1363/1363/1363 1415/1415/1415 1364/1364/1364
f 1364/1364/1364 1415/1415/1415 1416/1416/1416
f 1364/1364/1364 1416/1416/1416 1417/1417/1417
f 1364/1364/1364 1417/1417/1417 1365/1365/1365
f 1365/1365/1365 1417/1417/1417 1366/1366/1366
f 1366/1366/1366 1417/1417/1417 1418/1418/1418
f 1366/1366/1366 1418/1418/1418 1419/1419/1419
f 1366/1366/1366 1419/1419/1419 1367/1367/1367
f 1367/1367/1367 1419/1419/1419 1368/1368/1368
f 1368/1368/1368 1419/1419/1419 1420/1420/1420
f 1368/1368/1368 1420/1420/1420 1421/1421/1421
f 1368/1368/1368 1421/1421/1421 1369/1369/1369
f 1369/1369/1369 1421/1421/1421 1370/1370/1370
f 1370/1370/1370 1421/1421/1421 1422/1422/1422
f 1370/1370/1370 1422/1422/1422 1423/1423/1423
f 1370/1370/1370 1423/1423/1423 1371/1371/1371
f 1371/1371/1371 1423/1423/1423 1372/1372/1372
f 1372/1372/1372 1423/1423/1423 1424/1424/1424
f 1372/1372/1372 1424/1424/1424 1425/1425/1425
f 1372/1372/1372 1425/1425/1425 1373/1373/1373
f 1373/1373/1373 1425/1425/1425 1374/1374/1374
f 1374/1374/1374 1425/1425/1425 1426/1426/1426
f 1374/1374/1374 1426/1426/1426 1427/1427/1427
f 1374/1374/1374 1427/1427/1427 1375/1375/1375
f 1375/1375/1375 1427/1427/1427 1376/1376/1376
f 1376/1376/1376 1427/1427/1427 1428/1428/1428
f 1376/1376/1376 1428/1428/1428 1429/1429/1429
f 1376/1376/1376 1429/1429/1429 1377/1377/1377
f 1377/1377/1377 1429/1429/1429 1378/1378/1378
f 1378/1378/1378 1429/1429/1429 1430/1430/1430
f 1378/1378/1378 1430/1430/1430 1431/1431/1431
f 1378/1378/1378 1431/1431/1431 1379/1379/1379
f 1379/1379/1379 1431/1431/1431 1380/1380/1380
f 1380/1380/1380 1431/1431/1431 1432/1432/1432
f 1380/1380/1380 1432/1432/1432 1433/1433/1433
f 1380/1380/1380 1433/1433/1433 1381/1381/1381
f 1381/1381/1381 1433/1433/1433 1382/1382/1382
f 1382/1382/1382 1433/1433/1433 1434/1434/1434
f 1382/1382/1382 1434/1434/1434 1435/1435/1435
f 1382/1382/1382 1435/1435/1435 1383/1383/1383
f 1383/1383/1383 1435/1435/1435 1384/1384/1384
f 1384/1384/1384 1435/1435/1435 1436/1436/1436
f 1384/1384/1384 1436/1436/1436 1437/1437/1437
f 1384/1384/1384 1437/1437/1437 1385/1385/1385
f 1385/1385/1385 1437/1437/1437 1386/1386/1386
f 1386/1386/1386 1437/1437/1437 1438/1438/1438
f 1386/1386/1386 1438/1438/1438 1439/1439/1439
f 1386/1386/1386 1439/1439/1439 1387/1387/1387
f 1387/1387/1387 1439/1439/1439 1388/1388/1388
f 1388/1388/1388 1439/1439/1439 1440/1440/1440
f 1388/1388/1388 1440/1440/1440 1441/1441/1441
f 1388/1388/1388 1441/1441/1441 1389/1389/1389
f 1389/1389/1389 1441/1441/1441 1390/1390/1390
f 1390/1390/1390 1441/1441/1441 1442/1442/1442
f 1390/1390/1390 1442/1442/1442 1443/1443/1443
f 1390/1390/1390 1443/1443/1443 1391/1391/1391
f 1391/1391/1391 1443/1443/1443 1392/1392/1392
f 1392/1392/1392 1443/1443/1443 1444/1444/1444
f 1392/1392/1392 1444/1444/1444 1445/1445/1445
f 1392/1392/1392 1445/1445/1445 1393/1393/1393
f 1393/1393/1393 1445/1445/1445 1394/1394/1394
f 1394/1394/1394 1445/1445/1445 1446/1446/1446
f 1394/1394/1394 1446/1446/1446 1447/1447/1447
f 1394/1394/1394 1447/1447/1447 1395/1395/1395
f 1395/1395/1395 1447/1447/1447 1396/1396/1396
f 1396/1396/1396 1447/1447/1447 1448/1448/1448
f 1396/1396/1396 1448/1448/1448 1449/1449/1449
f 1396/1396/1396 1449/1449/1449 1397/1397/1397
f 1397/1397/1397 1449/1449/1449 1398/1398/1398
f 1398/1398/1398 1449/1449/1449 1450/1450/1450
f 1398/1398/1398 1450/1450/1450 1451/1451/1451
f 1398/1398/1398 1451/1451/1451 1399/1399/1399
f 1399/1399/1399 1451/1451/1451 1400/1400/1400
f 1400/1400/1400 1451/1451/1451 1452/1452/1452
f 1400/1400/1400 1452/1452/1452 1453/1453/1453
f 1400/1400/1400 1453/1453/1453 1401/1401/1401
f 1401/1401/1401 1453/1453/1453 1402/1402/1402
f 1402/1402/1402 1453/1453/1453 1454/1454/1454
f 1402/1402/1402 1454/1454/1454 1455/1455/1455
f 1402/1402/1402 1455/1455/1455 1403/1403/1403
f 1403/1403/1403 1455/1455/1455 1404/1404/1404
f 1404/1404/1404 1455/1455/1455 1456/1456/1456
f 1405/1405/1405 1457/1457/1457 1458/1458/1458
f 1405/1405/1405 1458/1458/1458 1406/1406/1406
f 1406/1406/1406 1458/1458/1458 1407/1407/1407
f 1407/1407/1407 1458/1458/1458 1459/1459/1459
f 1407/1407/1407 1459/1459/1459 1460/1460/1460
f 1407/1407/1407 1460/1460/1460 1408/1408/1408
f 1408/1408/1408 1460/1460/1460 1409/1409/1409
f 1409/1409/1409 1460/1460/1460 1461/1461/1461
f 1409/1409/1409 1461/1461/1461 1462/1462/1462
f 1409/1409/1409 1462/1462/1462 1410/1410/1410
f 1410/1410/1410 1462/1462/1462 1411/1411/1411
f 1411/1411/1411 1462/1462/1462 1463/1463/1463
f 1411/1411/1411 1463/1463/1463 1464/1464/1464
f 1411/1411/1411 1464/1464/1464 1412/1412/1412
f 1412/1412/1412 1464/1464/1464 1413/1413/1413
f 1413/1413/1413 1464/1464/1464 1465/1465/1465
f 1413/1413/1413 1465/1465/1465 1466/1466/1466
f 1413/1413/1413 1466/1466/1466 1414/1414/1414
f 1414/1414/1414 1466/1466/1466 1415/1415/1415
f 1415/1415/1415 1466/1466/1466 1467/1467/1467
f 1415/1415/1415 1467/1467/1467 1468/1468/1468
f 1415/1415/1415 1468/1468/1468 1416/1416/1416
f 1416/1416/1416 1468/1468/1468 1417/1417/1417
f 1417/1417/1417 1468/1468/1468 1469/1469/1469
f 1417/1417/1417 1469/1469/1469 1470/1470/1470
f 1417/1417/1417 1470/1470/1470 1418/1418/1418
f 1418/1418/1418 1470/1470/1470 1419/1419/1419
f 1419/1419/1419 1470/1470/1470 1471/1471/1471
f 1419/1419/1419 1471/1471/1471 1472/1472/1472
f 1419/1419/1419 1472/1472/1472 1420/1420/1420
f 1420/1420/1420 1472/1472/1472 1421/1421/1421
f 1421/1421/1421 1472/1472/1472 1473/1473/1473
f 1421/1421/1421 1473/1473/1473 1474/1474/1474
f 1421/1421/1421 1474/1474/1474 1422/1422/1422
f 1422/1422/1422 1474/1474/1474 1423/1423/1423
f 1423/1423/1423 1474/1474/1474 1475/1475/1475
f 1423/1423/1423 1475/1475/1475 1476/1476/1476
f 1423/1423/1423 1476/1476/1476 1424/1424/1424
f 1424/1424/1424 1476/1476/1476 1425/1425/1425
f 1425/1425/1425 1476/1476/1476 1477/1477/1477
f 1425/1425/1425 1477/1477/1477 1478/1478/1478
f 1425/1425/1425 1478/1478/1478 1426/1426/1426
f 1426/1426/1426 1478/1478/1478 1427/1427/1427
f 1427/1427/1427 1478/1478/1478 1479/1479/1479
f 1427/1427/1427 1479/1479/1479 1480/1480/1480
f 1427/1427/1427 1480/1480/1480 1428/1428/1428
f 1428/1428/1428 1480/1480/1480 1429/1429/1429
f 1429/1429/1429 1480/1480/1480 1481/1481/1481
f 1429/1429/1429 1481/1481/1481 1482/1482/1482
f 1429/1429/1429 1482/1482/1482 1430/1430/1430
f 1430/1430/1430 1482/1482/1482 1431/1431/1431
f 1431/1431/1431 1482/1482/1482 1483/1483/1483
f 1431/1431/1431 1483/1483/1483 1484/1484/1484
f 1431/1431/1431 1484/1484/1484 1432/1432/1432
f 1432/1432/1432 1484/1484/1484 1433/1433/1433
f 1433/1433/1433 1484/1484/1484 1485/1485/1485
f 1433/1433/1433 1485/1485/1485 1486/1486/1486
f 1433/1433/1433 1486/1486/1486 1434/1434/1434
f 1434/1434/1434 1486/1486/1486 1435/1435/1435
f 1435/1435/1435 1486/1486/1486 1487/1487/1487
f 1435/1435/1435 1487/1487/1487 1488/1488/1488
f 1435/1435/1435 1488/1488/1488 1436/1436/1436
f 1436/1436/1436 1488/1488/1488 1437/1437/1437
f 1437/1437/1437 1488/1488/1488 1489/1489/1489
f 1437/1437/1437 1489/1489/1489 1490/1490/1490
f 1437/1437/1437 1490/1490/1490 1438/1438/1438
f 1438/1438/1438 1490/1490/1490 1439/1439/1439
f 1439/1439/1439 1490/1490/1490 1491/1491/1491
f 1439/1439/1439 1491/1491/1491 1492/1492/1492
f 1439/1439/1439 1492/1492/1492 1440/1440/1440
f 1440/1440/1440 1492/1492/1492 1441/1441/1441
f 1441/1441/1441 1492/1492/1492 1493/1493/1493
f 1441/1441/1441 1493/1493/1493 1494/1494/1494
f 1441/1441/1441 1494/1494/1494 1442/1442/1442
f 1442/1442/1442 1494/1494/1494 1443/1443/1443
f 1443/1443/1443 1494/1494/1494 1495/1495/1495
f 1443/1443/1443 1495/1495/1495 1496/1496/1496
f 1443/1443/1443 1496/1496/1496 1444/1444/1444
f 1444/1444/1444 1496/1496/1496 1445/1445/1445
f 1445/1445/1445 1496/1496/1496 1497/1497/1497
f 1445/1445/1445 1497/1497/1497 1498/1498/1498
f 1445/1445/1445 1498/1498/1498 1446/1446/1446
f 1446/1446/1446 1498/1498/1498 1447/1447/1447
f 1447/1447/1447 1498/1498/1498 1499/1499/1499
f 1447/1447/1447 1499/1499/1499 1500/1500/1500
f 1447/1447/1447 1500/1500/1500 1448/1448/1448
f 1448/1448/1448 1500/1500/1500 1449/1449/1449
f 1449/1449/1449 1500/1500/1500 1501/1501/1501
f 1449/1449/1449 1501/1501/1501 1502/1502/1502
f 1449/1449/1449 1502/1502/1502 1450/1450/1450
f 1450/1450/1450 1502/1502/1502 1451/1451/1451
f 1451/1451/1451 1502/1502/1502 1503/1503/1503
f 1451/1451/1451 1503/1503/1503 1504/1504/1504
f 1451/1451/1451 1504/1504/1504 1452/1452/1452
f 1452/1452/1452 1504/1504/1504 1453/1453/1453
f 1453/1453/1453 1504/1504/1504 1505/1505/1505
f 1453/1453/1453 1505/1505/1505 1506/1506/1506
f 1453/1453/1453 1506/1506/1506 1454/1454/1454
f 1454/1454/1454 1506/1506/1506 1455/1455/1455
f 1455/1455/1455 1506/1506/1506 1507/1507/1507
f 1455/1455/1455 1507/1507/1507 1508/1508/1508
f 1455/1455/1455 1508/1508/1508 1456/1456/1456
f 1457/1457/1457 1509/1509/1509 1458/1458/1458
f 1458/1458/1458 1509/1509/1509 1510/1510/1510
f 1458/1458/1458 1510/1510/1510 1511/1511/1511
f 1458/1458/1458 1511/1511/1511 1459/1459/1459
f 1459/1459/1459 1511/1511/1511 1460/1460/1460
f 1460/1460/1460 1511/1511/1511 1512/1512/1512
f 1460/1460/1460 1512/1512/1512 1513/1513/1513
f 1460/1460/1460 1513/1513/1513 1461/1461/1461
f 1461/1461/1461 1513/1513/1513 1462/1462/1462
f 1462/1462/1462 1513/1513/1513 1514/1514/1514
f 1462/1462/1462 1514/1514/1514 1515/1515/1515
f 1462/1462/1462 1515/1515/1515 1463/1463/1463
f 1463/1463/1463 1515/1515/1515 1464/1464/1464
f 1464/1464/1464 1515/1515/1515 1516/1516/1516
f 1464/1464/1464 1516/1516/1516 1517/1517/1517
f 1464/1464/1464 1517/1517/1517 1465/1465/1465
f 1465/1465/1465 1517/1517/1517 1466/1466/1466
f 1466/1466/1466 1517/1517/1517 1518/1518/1518
f 1466/1466/1466 1518/1518/1518 1519/1519/1519
f 1466/1466/1466 1519/1519/1519 1467/1467/1467
f 1467/1467/1467 1519/1519/1519 1468/1468/1468
f 1468/1468/1468 1519/1519/1519 1520/1520/1520
f 1468/1468/1468 1520/1520/1520 1521/1521/1521
f 1468/1468/1468 1521/1521/1521 1469/1469/1469
f 1469/1469/1469 1521/1521/1521 1470/1470/1470
f 1470/1470/1470 1521/1521/1521 1522/1522/1522
f 1470/1470/1470 1522/1522/1522 1523/1523/1523
f 1470/1470/1470 1523/1523/1523 1471/1471/1471
f 1471/1471/1471 1523/1523/1523 1472/1472/1472
f 1472/1472/1472 1523/1523/1523 1524/1524/1524
f 1472/1472/1472 1524/1524/1524 1525/1525/1525
f 1472/1472/1472 1525/1525/1525 1473/1473/1473
f 1473/1473/1473 1525/1525/1525 1474/1474/1474
f 1474/1474/1474 1525/1525/1525 1526/1526/1526
f 1474/1474/1474 1526/1526/1526 1527/1527/1527
f 1474/1474/1474 1527/1527/1527 1475/1475/1475
f 1475/1475/1475 1527/1527/1527 1476/1476/1476
f 1476/1476/1476 1527/1527/1527 1528/1528/1528
f 1476/1476/1476 1528/1528/1528 1529/1529/1529
f 1476/1476/1476 1529/1529/1529 1477/1477/1477
f 1477/1477/1477 1529/1529/1529 1478/1478/1478
f 1478/1478/1478 1529/1529/1529 1530/1530/1530
f 1478/1478/1478 1530/1530/1530 1531/1531/1531
f 1478/1478/1478 1531/1531/1531 1479/1479/1479
f 1479/1479/1479 1531/1531/1531 1480/1480/1480
f 1480/1480/1480 1531/1531/1531 1532/1532/1532
f 1480/1480/1480 1532/1532/1532 1533/1533/1533
f 1480/1480/1480 1533/1533/1533 1481/1481/1481
f 1481/1481/1481 1533/1533/1533 1482/1482/1482
f 1482/1482/1482 1533/1533/1533 1534/1534/1534
f 1482/1482/1482 1534/1534/1534 1535/1535/1535
f 1482/1482/1482 1535/1535/1535 1483/1483/1483
f 1483/1483/1483 1535/1535/1535 1484/1484/1484
f 1484/1484/1484 1535/1535/1535 1536/1536/1536
f 1484/1484/1484 1536/1536/1536 1537/1537/1537
f 1484/1484/1484 1537/1537/1537 1485/1485/1485
f 1485/1485/1485 1537/1537/1537 1486/1486/1486
f 1486/1486/1486 1537/1537/1537 1538/1538/1538
f 1486/1486/1486 1538/1538/1538 1539/1539/1539
f 1486/1486/1486 1539/1539/1539 1487/1487/1487
f 1487/1487/1487 1539/1539/1539 1488/1488/1488
f 1488/1488/1488 1539/1539/1539 1540/1540/1540
f 1488/1488/1488 1540/1540/1540 1541/1541/1541
f 1488/1488/1488 1541/1541/1541 1489/1489/1489
f 1489/1489/1489 1541/1541/1541 1490/1490/1490
f 1490/1490/1490 1541/1541/1541 1542/1542/1542
f 1490/1490/1490 1542/1542/1542 1543/1543/1543
f 1490/1490/1490 1543/1543/1543 1491/1491/1491
f 1491/1491/1491 1543/1543/1543 1492/1492/1492
f 1492/1492/1492 1543/1543/1543 1544/1544/1544
f 1492/1492/1492 1544/1544/1544 1545/1545/1545
f 1492/1492/1492 1545/1545/1545 1493/1493/1493
f 1493/1493/1493 1545/1545/1545 1494/1494/1494
f 1494/1494/1494 1545/1545/1545 1546/1546/1546
f 1494/1494/1494 1546/1546/1546 1547/1547/1547
f 1494/1494/1494 1547/1547/1547 1495/1495/1495
f 1495/1495/1495 1547/1547/1547 1496/1496/1496
f 1496/1496/1496 1547/1547/1547 1548/1548/1548
f 1496/1496/1496 1548/1548/1548 1549/1549/1549
f 1496/1496/1496 1549/1549/1549 1497/1497/1497
f 1497/1497/1497 1549/1549/1549 1498/1498/1498
f 1498/1498/1498 1549/1549/1549 1550/1550/1550
f 1498/1498/1498 1550/1550/1550 1551/1551/1551
f 1498/1498/1498 1551/1551/1551 1499/1499/1499
f 1499/1499/1499 1551/1551/1551 1500/1500/1500
f 1500/1500/1500 1551/1551/1551 1552/1552/1552
f 1500/1500/1500 1552/1552/1552 1553/1553/1553
f 1500/1500/1500 1553/1553/1553 1501/1501/1501
f 1501/1501/1501 1553/1553/1553 1502/1502/1502
f 1502/1502/1502 1553/1553/1553 1554/1554/1554
f 1502/1502/1502 1554/1554/1554 1555/1555/1555
f 1502/1502/1502 1555/1555/1555 1503/1503/1503
f 1503/1503/1503 1555/1555/1555 1504/1504/1504
f 1504/1504/1504 1555/1555/1555 1556/1556/1556
f 1504/1504/1504 1556/1556/1556 1557/1557/1557
f 1504/1504/1504 1557/1557/1557 1505/1505/1505
f 1505/1505/1505 1557/1557/1557 1506/1506/1506
f 1506/1506/1506 1557/1557/1557 1558/1558/1558
f 1506/1506/1506 1558/1558/1558 1559/1559/1559
f 1506/1506/1506 1559/1559/1559 1507/1507/1507
f 1507/1507/1507 1559/1559/1559 1508/1508/1508
f 1508/1508/1508 1559/1559/1559 1560/1560/1560
f 1509/1509/1509 1561/1561/1561 1562/1562/1562
f 1509/1509/1509 1562/1562/1562 1510/1510/1510
f 1510/1510/1510 1562/1562/1562 1511/1511/1511
f 1511/1511/1511 1562/1562/1562 1563/1563/1563
f 1511/1511/1511 1563/1563/1563 1564/1564/1564
f 1511/1511/1511 1564/1564/1564 1512/1512/1512
f 1512/1512/1512 1564/1564/1564 1513/1513/1513
f 1513/1513/1513 1564/1564/1564 1565/1565/1565
f 1513/1513/1513 1565/1565/1565 1566/1566/1566
f 1513/1513/1513 1566/1566/1566 1514/1514/1514
f 1514/1514/1514 1566/1566/1566 1515/1515/1515
f 1515/1515/1515 1566/1566/1566 1567/1567/1567
f 1515/1515/1515 1567/1567/1567 1568/1568/1568
f 1515/1515/1515 1568/1568/1568 1516/1516/1516
f 1516/1516/1516 1568/1568/1568 1517/1517/1517
f 1517/1517/1517 1568/1568/1568 1569/1569/1569
f 1517/1517/1517 1569/1569/1569 1570/1570/1570
f 1517/1517/1517 1570/1570/1570 1518/1518/1518
f 1518/1518/1518 1570/1570/1570 1519/1519/1519
f 1519/1519/1519 1570/1570/1570 1571/1571/1571
f 1519/1519/1519 1571/1571/1571 1572/1572/1572
f 1519/1519/1519 1572/1572/1572 1520/1520/1520
f 1520/1520/1520 1572/1572/1572 1521/1521/1521
f 1521/1521/1521 1572/1572/1572 1573/1573/1573
f 1521/1521/1521 1573/1573/1573 1574/1574/1574
f 1521/1521/1521 1574/1574/1574 1522/1522/1522
f 1522/1522/1522 1574/1574/1574 1523/1523/1523
f 1523/1523/1523 1574/1574/1574 1575/1575/1575
f 1523/1523/1523 1575/1575/1575 1576/1576/1576
f 1523/1523/1523 1576/1576/1576 1524/1524/1524
f 1524/1524/1524 1576/1576/1576 1525/1525/1525
f 1525/1525/1525 1576/1576/1576 1577/1577/1577
f 1525/1525/1525 1577/1577/1577 1578/1578/1578
f 1525/1525/1525 1578/1578/1578 1526/1526/1526
f 1526/1526/1526 1578/1578/1578 1527/1527/1527
f 1527/1527/1527 1578/1578/1578 1579/1579/1579
f 1527/1527/1527 1579/1579/1579 1580/1580/1580
f 1527/1527/1527 1580/1580/1580 1528/1528/1528
f 1528/1528/1528 1580/1580/1580 1529/1529/1529
f 1529/1529/1529 1580/1580/1580 1581/1581/1581
f 1529/1529/1529 1581/1581/1581 1582/1582/1582
f 1529/1529/1529 1582/1582/1582 1530/1530/1530
f 1530/1530/1530 1582/1582/1582 1531/1531/1531
f 1531/1531/1531 1582/1582/1582 1583/1583/1583
f 1531/1531/1531 1583/1583/1583 1584/1584/1584
f 1531/1531/1531 1584/1584/1584 1532/1532/1532
f 1532/1532/1532 1584/1584/1584 1533/1533/1533
f 1533/1533/1533 1584/1584/1584 1585/1585/1585
f 1533/1533/1533 1585/1585/1585 1586/1586/1586
f 1533/1533/1533 1586/1586/1586 1534/1534/1534
f 1534/1534/1534 1586/1586/1586 1535/1535/1535
f 1535/1535/1535 1586/1586/1586 1587/1587/1587
f 1535/1535/1535 1587/1587/1587 1588/1588/1588
f 1535/1535/1535 1588/1588/1588 1536/1536/1536
f 1536/1536/1536 1588/1588/1588 1537/1537/1537
f 1537/1537/1537 1588/1588/1588 1589/1589/1589
f 1537/1537/1537 1589/1589/1589 1590/1590/1590
f 1537/1537/1537 1590/1590/1590 1538/1538/1538
f 1538/1538/1538 1590/1590/1590 1539/1539/1539
f 1539/1539/1539 1590/1590/1590 1591/1591/1591
f 1539/1539/1539 1591/1591/1591 1592/1592/1592
f 1539/1539/1539 1592/1592/1592 1540/1540/1540
f 1540/1540/1540 1592/1592/1592 1541/1541/1541
f 1541/1541/1541 1592/1592/1592 1593/1593/1593
f 1541/1541/1541 1593/1593/1593 1594/1594/1594
f 1541/1541/1541 1594/1594/1594 1542/1542/1542
f 1542/1542/1542 1594/1594/1594 1543/1543/1543
f 1543/1543/1543 1594/1594/1594 1595/1595/1595
f 1543/1543/1543 1595/1595/1595 1596/1596/1596
f 1543/1543/1543 1596/1596/1596 1544/1544/1544
f 1544/1544/1544 1596/1596/1596 1545/1545/1545
f 1545/1545/1545 1596/1596/1596 1597/1597/1597
f 1545/1545/1545 1597/1597/1597 1598/1598/1598
f 1545/1545/1545 1598/1598/1598 1546/1546/1546
f 1546/1546/1546 1598/1598/1598 1547/1547/1547
f 1547/1547/1547 1598/1598/1598 1599/1599/1599
f 1547/1547/1547 1599/1599/1599 1600/1600/1600
f 1547/1547/1547 1600/1600/1600 1548/1548/1548
f 1548/1548/1548 1600/1600/1600 1549/1549/1549
f 1549/1549/1549 1600/1600/1600 1601/1601/1601
f 1549/1549/1549 1601/1601/1601 1602/1602/1602
f 1549/1549/1549 1602/1602/1602 1550/1550/1550
f 1550/1550/1550 1602/1602/1602 1551/1551/1551
f 1551/1551/1551 1602/1602/1602 1603/1603/1603
f 1551/1551/1551 1603/1603/1603 1604/1604/1604
f 1551/1551/1551 1604/1604/1604 1552/1552/1552
f 1552/1552/1552 1604/1604/1604 1553/1553/1553
f 1553/1553/1553 1604/1604/1604 1605/1605/1605
f 1553/1553/1553 1605/1605/1605 1606/1606/1606
f 1553/1553/1553 1606/1606/1606 1554/1554/1554
f 1554/1554/1554 1606/1606/1606 1555/1555/1555
f 1555/1555/1555 1606/1606/1606 1607/1607/1607
f 1555/1555/1555 1607/1607/1607 1608/1608/1608
f 1555/1555/1555 1608/1608/1608 1556/1556/1556
f 1556/1556/1556 1608/1608/1608 1557/1557/1557
f 1557/1557/1557 1608/1608/1608 1609/1609/1609
f 1557/1557/1557 1609/1609/1609 1610/1610/1610
f 1557/1557/1557 1610/1610/1610 1558/1558/1558
f 1558/1558/1558 1610/1610/1610 1559/1559/1559
f 1559/1559/1559 1610/1610/1610 1611/1611/1611
f 1559/1559/1559 1611/1611/1611 1612/1612/1612
f 1559/1559/1559 1612/1612/1612 1560/1560/1560
f 1561/1561/1561 1613/1613/1613 1562/1562/1562
f 1562/1562/1562 1613/1613/1613 1614/1614/1614
f 1562/1562/1562 1614/1614/1614 1615/1615/1615
f 1562/1562/1562 1615/1615/1615 1563/1563/1563
f 1563/1563/1563 1615/1615/1615 1564/1564/1564
f 1564/1564/1564 1615/1615/1615 1616/1616/1616
f 1564/1564/1564 1616/1616/1616 1617/1617/1617
f 1564/1564/1564 1617/1617/1617 1565/1565/1565
f 1565/1565/1565 1617/1617/1617 1566/1566/1566
f 1566/1566/1566 1617/1617/1617 1618/1618/1618
f 1566/1566/1566 1618/1618/1618 1619/1619/1619
f 1566/1566/1566 1619/1619/1619 1567/1567/1567
f 1567/1567/1567 1619/1619/1619 1568/1568/1568
f 1568/1568/1568 1619/1619/1619 1620/1620/1620
f 1568/1568/1568 1620/1620/1620 1621/1621/1621
f 1568/1568/1568 1621/1621/1621 1569/1569/1569
f 1569/1569/1569 1621/1621/1621 1570/1570/1570
f 1570/1570/1570 1621/1621/1621 1622/1622/1622
f 1570/1570/1570 1622/1622/1622 1623/1623/1623
f 1570/1570/1570 1623/1623/1623 1571/1571/1571
f 1571/1571/1571 1623/1623/1623 1572/1572/1572
f 1572/1572/1572 1623/1623/1623 1624/1624/1624
f 1572/1572/1572 1624/1624/1624 1625/1625/1625
f 1572/1572/1572 1625/1625/1625 1573/1573/1573
f 1573/1573/1573 1625/1625/1625 1574/1574/1574
f 1574/1574/1574 1625/1625/1625 1626/1626/1626
f 1574/1574/1574 1626/1626/1626 1627/1627/1627
f 1574/1574/1574 1627/1627/1627 1575/1575/1575
f 1575/1575/1575 1627/1627/1627 1576/1576/1576
f 1576/1576/1576 1627/1627/1627 1628/1628/1628
f 1576/1576/1576 1628/1628/1628 1629/1629/1629
f 1576/1576/1576 1629/1629/1629 1577/1577/1577
f 1577/1577/1577 1629/1629/1629 1578/1578/1578
f 1578/1578/1578 1629/1629/1629 1630/1630/1630
f 1578/1578/1578 1630/1630/1630 1631/1631/1631
f 1578/1578/1578 1631/1631/1631 1579/1579/1579
f 1579/1579/1579 1631/1631/1631 1580/1580/1580
f 1580/1580/1580 1631/1631/1631 1632/1632/1632
f 1580/1580/1580 1632/1632/1632 1633/1633/1633
f 1580/1580/1580 1633/1633/1633 1581/1581/1581
f 1581/1581/1581 1633/1633/1633 1582/1582/1582
f 1582/1582/1582 1633/1633/1633 1634/1634/1634
f 1582/1582/1582 1634/1634/1634 1635/1635/1635
f 1582/1582/1582 1635/1635/1635 1583/1583/1583
f 1583/1583/1583 1635/1635/1635 1584/1584/1584
f 1584/1584/1584 1635/1635/1635 1636/1636/1636
f 1584/1584/1584 1636/1636/1636 1637/1637/1637
f 1584/1584/1584 1637/1637/1637 1585/1585/1585
f 1585/1585/1585 1637/1637/1637 1586/1586/1586
f 1586/1586/1586 1637/1637/1637 1638/1638/1638
f 1586/1586/1586 1638/1638/1638 1639/1639/1639
f 1586/1586/1586 1639/1639/1639 1587/1587/1587
f 1587/1587/1587 1639/1639/1639 1588/1588/1588
f 1588/1588/1588 1639/1639/1639 1640/1640/1640
f 1588/1588/1588 1640/1640/1640 1641/1641/1641
f 1588/1588/1588 1641/1641/1641 1589/1589/1589
f 1589/1589/1589 1641/1641/1641 1590/1590/1590
f 1590/1590/1590 1641/1641/1641 1642/1642/1642
f 1590/1590/1590 1642/1642/1642 1643/1643/1643
f 1590/1590/1590 1643/1643/1643 1591/1591/1591
f 1591/1591/1591 1643/1643/1643 1592/1592/1592
f 1592/1592/1592 1643/1643/1643 1644/1644/1644
f 1592/1592/1592 1644/1644/1644 1645/1645/1645
f 1592/1592/1592 1645/1645/1645 1593/1593/1593
f 1593/1593/1593 1645/1645/1645 1594/1594/1594
f 1594/1594/1594 1645/1645/1645 1646/1646/1646
f 1594/1594/1594 1646/1646/1646 1647/1647/1647
f 1594/1594/1594 1647/1647/1647 1595/1595/1595
f 1595/1595/1595 1647/1647/1647 1596/1596/1596
f 1596/1596/1596 1647/1647/1647 1648/1648/1648
f 1596/1596/1596 1648/1648/1648 1649/1649/1649
f 1596/1596/1596 1649/1649/1649 1597/1597/1597
f 1597/1597/1597 1649/1649/1649 1598/1598/1598
f 1598/1598/1598 1649/1649/1649 1650/1650/1650
f 1598/1598/1598 1650/1650/1650 1651/1651/1651
f 1598/1598/1598 1651/1651/1651 1599/1599/1599
f 1599/1599/1599 1651/1651/1651 1600/1600/1600
f 1600/1600/1600 1651/1651/1651 1652/1652/1652
f 1600/1600/1600 1652/1652/1652 1653/1653/1653
f 1600/1600/1600 1653/1653/1653 1601/1601/1601
f 1601/1601/1601 1653/1653/1653 1602/1602/1602
f 1602/1602/1602 1653/1653/1653 1654/1654/1654
f 1602/1602/1602 1654/1654/1654 1655/1655/1655
f 1602/1602/1602 1655/1655/1655 1603/1603/1603
f 1603/1603/1603 1655/1655/1655 1604/1604/1604
f 1604/1604/1604 1655/1655/1655 1656/1656/1656
f 1604/1604/1604 1656/1656/1656 1657/1657/1657
f 1604/1604/1604 1657/1657/1657 1605/1605/1605
f 1605/1605/1605 1657/1657/1657 1606/1606/1606
f 1606/1606/1606 1657/1657/1657 1658/1658/1658
f 1606/1606/1606 1658/1658/1658 1659/1659/1659
f 1606/1606/1606 1659/1659/1659 1607/1607/1607
f 1607/1607/1607 1659/1659/1659 1608/1608/1608
f 1608/1608/1608 1659/1659/1659 1660/1660/1660
f 1608/1608/1608 1660/1660/1660 1661/1661/1661
f 1608/1608/1608 1661/1661/1661 1609/1609/1609
f 1609/1609/1609 1661/1661/1661 1610/1610/1610
f 1610/1610/1610 1661/1661/1661 1662/1662/1662
f 1610/1610/1610 1662/1662/1662 1663/1663/1663
f 1610/1610/1610 1663/1663/1663 1611/1611/1611
f 1611/1611/1611 1663/1663/1663 1612/1612/1612
f 1612/1612/1612 1663/1663/1663 1664/1664/1664
f 1613/1613/1613 1665/1665/1665 1666/1666/1666
f 1613/1613/1613 1666/1666/1666 1614/1614/1614
f 1614/1614/1614 1666/1666/1666 1615/1615/1615
f 1615/1615/1615 1666/1666/1666 1667/1667/1667
f 1615/1615/1615 1667/1667/1667 1668/1668/1668
f 1615/1615/1615 1668/1668/1668 1616/1616/1616
f 1616/1616/1616 1668/1668/1668 1617/1617/1617
f 1617/1617/1617 1668/1668/1668 1669/1669/1669
f 1617/1617/1617 1669/1669/1669 1670/1670/1670
f 1617/1617/1617 1670/1670/1670 1618/1618/1618
f 1618/1618/1618 1670/1670/1670 1619/1619/1619
f 1619/1619/1619 1670/1670/1670 1671/1671/1671
f 1619/1619/1619 1671/1671/1671 1672/1672/1672
f 1619/1619/1619 1672/1672/1672 1620/1620/1620
f 1620/1620/1620 1672/1672/1672 1621/1621/1621
f 1621/1621/1621 1672/1672/1672 1673/1673/1673
f 1621/1621/1621 1673/1673/1673 1674/1674/1674
f 1621/1621/1621 1674/1674/1674 1622/1622/1622
f 1622/1622/1622 1674/1674/1674 1623/1623/1623
f 1623/1623/1623 1674/1674/1674 1675/1675/1675
f 1623/1623/1623 1675/1675/1675 1676/1676/1676
f 1623/1623/1623 1676/1676/1676 1624/1624/1624
f 1624/1624/1624 1676/1676/1676 1625/1625/1625
f 1625/1625/1625 1676/1676/1676 1677/1677/1677
f 1625/1625/1625 1677/1677/1677 1678/1678/1678
f 1625/1625/1625 1678/1678/1678 1626/1626/1626
f 1626/1626/1626 1678/1678/1678 1627/1627/1627
f 1627/1627/1627 1678/1678/1678 1679/1679/1679
f 1627/1627/1627 1679/1679/1679 1680/1680/1680
f 1627/1627/1627 1680/1680/1680 1628/1628/1628
f 1628/1628/1628 1680/1680/1680 1629/1629/1629
f 1629/1629/1629 1680/1680/1680 1681/1681/1681
f 1629/1629/1629 1681/1681/1681 1682/1682/1682
f 1629/1629/1629 1682/1682/1682 1630/1630/1630
f 1630/1630/1630 1682/1682/1682 1631/1631/1631
f 1631/1631/1631 1682/1682/1682 1683/1683/1683
f 1631/1631/1631 1683/1683/1683 1684/1684/1684
f 1631/1631/1631 1684/1684/1684 1632/1632/1632
f 1632/1632/1632 1684/1684/1684 1633/1633/1633
f 1633/1633/1633 1684/1684/1684 1685/1685/1685
f 1633/1633/1633 1685/1685/1685 1686/1686/1686
f 1633/1633/1633 1686/1686/1686 1634/1634/1634
f 1634/1634/1634 1686/1686/1686 1635/1635/1635
f 1635/1635/1635 1686/1686/1686 1687/1687/1687
f 1635/1635/1635 1687/1687/1687 1688/1688/1688
f 1635/1635/1635 1688/1688/1688 1636/1636/1636
f 1636/1636/1636 1688/1688/1688 1637/1637/1637
f 1637/1637/1637 1688/1688/1688 1689/1689/1689
f 1637/1637/1637 1689/1689/1689 1690/1690/1690
f 1637/1637/1637 1690/1690/1690 1638/1638/1638
f 1638/1638/1638 1690/1690/1690 1639/1639/1639
f 1639/1639/1639 1690/1690/1690 1691/1691/1691
f 1639/1639/1639 1691/1691/1691 1692/1692/1692
f 1639/1639/1639 1692/1692/1692 1640/1640/1640
f 1640/1640/1640 1692/1692/1692 1641/1641/1641
f 1641/1641/1641 1692/1692/1692 1693/1693/1693
f 1641/1641/1641 1693/1693/1693 1694/1694/1694
f 1641/1641/1641 1694/1694/1694 1642/1642/1642
f 1642/1642/1642 1694/1694/1694 1643/1643/1643
f 1643/1643/1643 1694/1694/1694 1695/1695/1695
f 1643/1643/1643 1695/1695/1695 1696/1696/1696
f 1643/1643/1643 1696/1696/1696 1644/1644/1644
f 1644/1644/1644 1696/1696/1696 1645/1645/1645
f 1645/1645/1645 1696/1696/1696 1697/1697/1697
f 1645/1645/1645 1697/1697/1697 1698/1698/1698
f 1645/1645/1645 1698/1698/1698 1646/1646/1646
f 1646/1646/1646 1698/1698/1698 1647/1647/1647
f 1647/1647/1647 1698/1698/1698 1699/1699/1699
f 1647/1647/1647 1699/1699/1699 1700/1700/1700
f 1647/1647/1647 1700/1700/1700 1648/1648/1648
f 1648/1648/1648 1700/1700/1700 1649/1649/1649
f 1649/1649/1649 1700/1700/1700 1701/1701/1701
f 1649/1649/1649 1701/1701/1701 1702/1702/1702
f 1649/1649/1649 1702/1702/1702 1650/1650/1650
f 1650/1650/1650 1702/1702/1702 1651/1651/1651
f 1651/1651/1651 1702/1702/1702 1703/1703/1703
f 1651/1651/1651 1703/1703/1703 1704/1704/1704
f 1651/1651/1651 1704/1704/1704 1652/1652/1652
f 1652/1652/1652 1704/1704/1704 1653/1653/1653
f 1653/1653/1653 1704/1704/1704 1705/1705/1705
f 1653/1653/1653 1705/1705/1705 1706/1706/1706
f 1653/1653/1653 1706/1706/1706 1654/1654/1654
f 1654/1654/1654 1706/1706/1706 1655/1655/1655
f 1655/1655/1655 1706/1706/1706 1707/1707/1707
f 1655/1655/1655 1707/1707/1707 1708/1708/1708
f 1655/1655/1655 1708/1708/1708 1656/1656/1656
f 1656/1656/1656 1708/1708/1708 1657/1657/1657
f 1657/1657/1657 1708/1708/1708 1709/1709/1709
f 1657/1657/1657 1709/1709/1709 1710/1710/1710
f 1657/1657/1657 1710/1710/1710 1658/1658/1658
f 1658/1658/1658 1710/1710/1710 1659/1659/1659
f 1659/1659/1659 1710/1710/1710 1711/1711/1711
f 1659/1659/1659 1711/1711/1711 1712/1712/1712
f 1659/1659/1659 1712/1712/1712 1660/1660/1660
f 1660/1660/1660 1712/1712/1712 1661/1661/1661
f 1661/1661/1661 1712/1712/1712 1713/1713/1713
f 1661/1661/1661 1713/1713/1713 1714/1714/1714
f 1661/1661/1661 1714/1714/1714 1662/1662/1662
f 1662/1662/1662 1714/1714/1714 1663/1663/1663
f 1663/1663/1663 1714/1714/1714 1715/1715/1715
f 1663/1663/1663 1715/1715/1715 1716/1716/1716
f 1663/1663/1663 1716/1716/1716 1664/1664/1664
f 1665/1665/1665 1717/1717/1717 1666/1666/1666
f 1666/1666/1666 1717/1717/1717 1718/1718/1718
f 1666/1666/1666 1718/1718/1718 1719/1719/1719
f 1666/1666/1666 1719/1719/1719 1667/1667/1667
f 1667/1667/1667 1719/1719/1719 1668/1668/1668
f 1668/1668/1668 1719/1719/1719 1720/1720/1720
f 1668/1668/1668 1720/1720/1720 1721/1721/1721
f 1668/1668/1668 1721/1721/1721 1669/1669/1669
f 1669/1669/1669 1721/1721/1721 1670/1670/1670
f 1670/1670/1670 1721/1721/1721 1722/1722/1722
f 1670/1670/1670 1722/1722/1722 1723/1723/1723
f 1670/1670/1670 1723/1723/1723 1671/1671/1671
f 1671/1671/1671 1723/1723/1723 1672/1672/1672
f 1672/1672/1672 1723/1723/1723 1724/1724/1724
f 1672/1672/1672 1724/1724/1724 1725/1725/1725
f 1672/1672/1672 1725/1725/1725 1673/1673/1673
f 1673/1673/1673 1725/1725/1725 1674/1674/1674
f 1674/1674/1674 1725/1725/1725 1726/1726/1726
f 1674/1674/1674 1726/1726/1726 1727/1727/1727
f 1674/1674/1674 1727/1727/1727 1675/1675/1675
f 1675/1675/1675 1727/1727/1727 1676/1676/1676
f 1676/1676/1676 1727/1727/1727 1728/1728/1728
f 1676/1676/1676 1728/1728/1728 1729/1729/1729
f 1676/1676/1676 1729/1729/1729 1677/1677/1677
f 1677/1677/1677 1729/1729/1729 1678/1678/1678
f 1678/1678/1678 1729/1729/1729 1730/1730/1730
f 1678/1678/1678 1730/1730/1730 1731/1731/1731
f 1678/1678/1678 1731/1731/1731 1679/1679/1679
f 1679/1679/1679 1731/1731/1731 1680/1680/1680
f 1680/1680/1680 1731/1731/1731 1732/1732/1732
f 1680/1680/1680 1732/1732/1732 1733/1733/1733
f 1680/1680/1680 1733/1733/1733 1681/1681/1681
f 1681/1681/1681 1733/1733/1733 1682/1682/1682
f 1682/1682/1682 1733/1733/1733 1734/1734/1734
f 1682/1682/1682 1734/1734/1734 1735/1735/1735
f 1682/1682/1682 1735/1735/1735 1683/1683/1683
f 1683/1683/1683 1735/1735/1735 1684/1684/1684
f 1684/1684/1684 1735/1735/1735 1736/1736/1736
f 1684/1684/1684 1736/1736/1736 1737/1737/1737
f 1684/1684/1684 1737/1737/1737 1685/1685/1685
f 1685/1685/1685 1737/1737/1737 1686/1686/1686
f 1686/1686/1686 1737/1737/1737 1738/1738/1738
f 1686/1686/1686 1738/1738/1738 1739/1739/1739
f 1686/1686/1686 1739/1739/1739 1687/1687/1687
f 1687/1687/1687 1739/1739/1739 1688/1688/1688
f 1688/1688/1688 1739/1739/1739 1740/1740/1740
f 1688/1688/1688 1740/1740/1740 1741/1741/1741
f 1688/1688/1688 1741/1741/1741 1689/1689/1689
f 1689/1689/1689 1741/1741/1741 1690/1690/1690
f 1690/1690/1690 1741/1741/1741 1742/1742/1742
f 1690/1690/1690 1742/1742/1742 1743/1743/1743
f 1690/1690/1690 1743/1743/1743 1691/1691/1691
f 1691/1691/1691 1743/1743/1743 1692/1692/1692
f 1692/1692/1692 1743/1743/1743 1744/1744/1744
f 1692/1692/1692 1744/1744/1744 1745/1745/1745
f 1692/1692/1692 1745/1745/1745 1693/1693/1693
f 1693/1693/1693 1745/1745/1745 1694/1694/1694
f 1694/1694/1694 1745/1745/1745 1746/1746/1746
f 1694/1694/1694 1746/1746/1746 1747/1747/1747
f 1694/1694/1694 1747/1747/1747 1695/1695/1695
f 1695/1695/1695 1747/1747/1747 1696/1696/1696
f 1696/1696/1696 1747/1747/1747 1748/1748/1748
f 1696/1696/1696 1748/1748/1748 1749/1749/1749
f 1696/1696/1696 1749/1749/1749 1697/1697/1697
f 1697/1697/1697 1749/1749/1749 1698/1698/1698
f 1698/1698/1698 1749/1749/1749 1750/1750/1750
f 1698/1698/1698 1750/1750/1750 1751/1751/1751
f 1698/1698/1698 1751/1751/1751 1699/1699/1699
f 1699/1699/1699 1751/1751/1751 1700/1700/1700
f 1700/1700/1700 1751/1751/1751 1752/1752/1752
f 1700/1700/1700 1752/1752/1752 1753/1753/1753
f 1700/1700/1700 1753/1753/1753 1701/1701/1701
f 1701/1701/1701 1753/1753/1753 1702/1702/1702
f 1702/1702/1702 1753/1753/1753 1754/1754/1754
f 1702/1702/1702 1754/1754/1754 1755/1755/1755
f 1702/1702/1702 1755/1755/1755 1703/1703/1703
f 1703/1703/1703 1755/1755/1755 1704/1704/1704
f 1704/1704/1704 1755/1755/1755 1756/1756/1756
f 1704/1704/1704 1756/1756/1756 1757/1757/1757
f 1704/1704/1704 1757/1757/1757 1705/1705/1705
f 1705/1705/1705 1757/1757/1757 1706/1706/1706
f 1706/1706/1706 1757/1757/1757 1758/1758/1758
f 1706/1706/1706 1758/1758/1758 1759/1759/1759
f 1706/1706/1706 1759/1759/1759 1707/1707/1707
f 1707/1707/1707 1759/1759/1759 1708/1708/1708
f 1708/1708/1708 1759/1759/1759 1760/1760/1760
f 1708/1708/1708 1760/1760/1760 1761/1761/1761
f 1708/1708/1708 1761/1761/1761 1709/1709/1709
f 1709/1709/1709 1761/1761/1761 1710/1710/1710
f 1710/1710/1710 1761/1761/1761 1762/1762/1762
f 1710/1710/1710 1762/1762/1762 1763/1763/1763
f 1710/1710/1710 1763/1763/1763 1711/1711/1711
f 1711/1711/1711 1763/1763/1763 1712/1712/1712
f 1712/1712/1712 1763/1763/1763 1764/1764/1764
f 1712/1712/1712 1764/1764/1764 1765/1765/1765
f 1712/1712/1712 1765/1765/1765 1713/1713/1713
f 1713/1713/1713 1765/1765/1765 1714/1714/1714
f 1714/1714/1714 1765/1765/1765 1766/1766/1766
f 1714/1714/1714 1766/1766/1766 1767/1767/1767
f 1714/1714/1714 1767/1767/1767 1715/1715/1715
f 1715/1715/1715 1767/1767/1767 1716/1716/1716
f 1716/1716/1716 1767/1767/1767 1768/1768/1768
f 1717/1717/1717 1769/1769/1769 1770/1770/1770
f 1717/1717/1717 1770/1770/1770 1718/1718/1718
f 1718/1718/1718 1770/1770/1770 1719/1719/1719
f 1719/1719/1719 1770/1770/1770 1771/1771/1771
f 1719/1719/1719 1771/1771/1771 1772/1772/1772
f 1719/1719/1719 1772/1772/1772 1720/1720/1720
f 1720/1720/1720 1772/1772/1772 1721/1721/1721
f 1721/1721/1721 1772/1772/1772 1773/1773/1773
f 1721/1721/1721 1773/1773/1773 1774/1774/1774
f 1721/1721/1721 1774/1774/1774 1722/1722/1722
f 1722/1722/1722 1774/1774/1774 1723/1723/1723
f 1723/1723/1723 1774/1774/1774 1775/1775/1775
f 1723/1723/1723 1775/1775/1775 1776/1776/1776
f 1723/1723/1723 1776/1776/1776 1724/1724/1724
f 1724/1724/1724 1776/1776/1776 1725/1725/1725
f 1725/1725/1725 1776/1776/1776 1777/1777/1777
f 1725/1725/1725 1777/1777/1777 1778/1778/1778
f 1725/1725/1725 1778/1778/1778 1726/1726/1726
f 1726/1726/1726 1778/1778/1778 1727/1727/1727
f 1727/1727/1727 1778/1778/1778 1779/1779/1779
f 1727/1727/1727 1779/1779/1779 1780/1780/1780
f 1727/1727/1727 1780/1780/1780 1728/1728/1728
f 1728/1728/1728 1780/1780/1780 1729/1729/1729
f 1729/1729/1729 1780/1780/1780 1781/1781/1781
f 1729/1729/1729 1781/1781/1781 1782/1782/1782
f 1729/1729/1729 1782/1782/1782 1730/1730/1730
f 1730/1730/1730 1782/1782/1782 1731/1731/1731
f 1731/1731/1731 1782/1782/1782 1783/1783/1783
f 1731/1731/1731 1783/1783/1783 1784/1784/1784
f 1731/1731/1731 1784/1784/1784 1732/1732/1732
f 1732/1732/1732 1784/1784/1784 1733/1733/1733
f 1733/1733/1733 1784/1784/1784 1785/1785/1785
f 1733/1733/1733 1785/1785/1785 1786/1786/1786
f 1733/1733/1733 1786/1786/1786 1734/1734/1734
f 1734/1734/1734 1786/1786/1786 1735/1735/1735
f 1735/1735/1735 1786/1786/1786 1787/1787/1787
f 1735/1735/1735 1787/1787/1787 1788/1788/1788
f 1735/1735/1735 1788/1788/1788 1736/1736/1736
f 1736/1736/1736 1788/1788/1788 1737/1737/1737
f 1737/1737/1737 1788/1788/1788 1789/1789/1789
f 1737/1737/1737 1789/1789/1789 1790/1790/1790
f 1737/1737/1737 1790/1790/1790 1738/1738/1738
f 1738/1738/1738 1790/1790/1790 1739/1739/1739
f 1739/1739/1739 1790/1790/1790 1791/1791/1791
f 1739/1739/1739 1791/1791/1791 1792/1792/1792
f 1739/1739/1739 1792/1792/1792 1740/1740/1740
f 1740/1740/1740 1792/1792/1792 1741/1741/1741
f 1741/1741/1741 1792/1792/1792 1793/1793/1793
f 1741/1741/1741 1793/1793/1793 1794/1794/1794
f 1741/1741/1741 1794/1794/1794 1742/1742/1742
f 1742/1742/1742 1794/1794/1794 1743/1743/1743
f 1743/1743/1743 1794/1794/1794 1795/1795/1795
f 1743/1743/1743 1795/1795/1795 1796/1796/1796
f 1743/1743/1743 1796/1796/1796 1744/1744/1744
f 1744/1744/1744 1796/1796/1796 1745/1745/1745
f 1745/1745/1745 1796/1796/1796 1797/1797/1797
f 1745/1745/1745 1797/1797/1797 1798/1798/1798
f 1745/1745/1745 1798/1798/1798 1746/1746/1746
f 1746/1746/1746 1798/1798/1798 1747/1747/1747
f 1747/1747/1747 1798/1798/1798 1799/1799/1799
f 1747/1747/1747 1799/1799/1799 1800/1800/1800
f 1747/1747/1747 1800/1800/1800 1748/1748/1748
f 1748/1748/1748 1800/1800/1800 1749/1749/1749
f 1749/1749/1749 1800/1800/1800 1801/1801/1801
f 1749/1749/1749 1801/1801/1801 1802/1802/1802
f 1749/1749/1749 1802/1802/1802 1750/1750/1750
f 1750/1750/1750 1802/1802/1802 1751/1751/1751
f 1751/1751/1751 1802/1802/1802 1803/1803/1803
f 1751/1751/1751 1803/1803/1803 1804/1804/1804
f 1751/1751/1751 1804/1804/1804 1752/1752/1752
f 1752/1752/1752 1804/1804/1804 1753/1753/1753
f 1753/1753/1753 1804/1804/1804 1805/1805/1805
f 1753/1753/1753 1805/1805/1805 1806/1806/1806
f 1753/1753/1753 1806/1806/1806 1754/1754/1754
f 1754/1754/1754 1806/1806/1806 1755/1755/1755
f 1755/1755/1755 1806/1806/1806 1807/1807/1807
f 1755/1755/1755 1807/1807/1807 1808/1808/1808
f 1755/1755/1755 1808/1808/1808 1756/1756/1756
f 1756/1756/1756 1808/1808/1808 1757/1757/1757
f 1757/1757/1757 1808/1808/1808 1809/1809/1809
f 1757/1757/1757 1809/1809/1809 1810/1810/1810
f 1757/1757/1757 1810/1810/1810 1758/1758/1758
f 1758/1758/1758 1810/1810/1810 1759/1759/1759
f 1759/1759/1759 1810/1810/1810 1811/1811/1811
f 1759/1759/1759 1811/1811/1811 1812/1812/1812
f 1759/1759/1759 1812/1812/1812 1760/1760/1760
f 1760/1760/1760 1812/1812/1812 1761/1761/1761
f 1761/1761/1761 1812/1812/1812 1813/1813/1813
f 1761/1761/1761 1813/1813/1813 1814/1814/1814
f 1761/1761/1761 1814/1814/1814 1762/1762/1762
f 1762/1762/1762 1814/1814/1814 1763/1763/1763
f 1763/1763/1763 1814/1814/1814 1815/1815/1815
f 1763/1763/1763 1815/1815/1815 1816/1816/1816
f 1763/1763/1763 1816/1816/1816 1764/1764/1764
f 1764/1764/1764 1816/1816/1816 1765/1765/1765
f 1765/1765/1765 1816/1816/1816 1817/1817/1817
f 1765/1765/1765 1817/1817/1817 1818/1818/1818
f 1765/1765/1765 1818/1818/1818 1766/1766/1766
f 1766/1766/1766 1818/1818/1818 1767/1767/1767
f 1767/1767/1767 1818/1818/1818 1819/1819/1819
f 1767/1767/1767 1819/1819/1819 1820/1820/1820
f 1767/1767/1767 1820/1820/1820 1768/1768/1768
f 1769/1769/1769 1821/1821/1821 1770/1770/1770
f 1770/1770/1770 1821/1821/1821 1822/1822/1822
f 1770/1770/1770 1822/1822/1822 1823/1823/1823
f 1770/1770/1770 1823/1823/1823 1771/1771/1771
f 1771/1771/1771 1823/1823/1823 1772/1772/1772
f 1772/1772/1772 1823/1823/1823 1824/1824/1824
f 1772/1772/1772 1824/1824/1824 1825/1825/1825
f 1772/1772/1772 1825/1825/1825 1773/1773/1773
f 1773/1773/1773 1825/1825/1825 1774/1774/1774
f 1774/1774/1774 1825/1825/1825 1826/1826/1826
f 1774/1774/1774 1826/1826/1826 1827/1827/1827
f 1774/1774/1774 1827/1827/1827 1775/1775/1775
f 1775/1775/1775 1827/1827/1827 1776/1776/1776
f 1776/1776/1776 1827/1827/1827 1828/1828/1828
f 1776/1776/1776 1828/1828/1828 1829/1829/1829
f 1776/1776/1776 1829/1829/1829 1777/1777/1777
f 1777/1777/1777 1829/1829/1829 1778/1778/1778
f 1778/1778/1778 1829/1829/1829 1830/1830/1830
f 1778/1778/1778 1830/1830/1830 1831/1831/1831
f 1778/1778/1778 1831/1831/1831 1779/1779/1779
f 1779/1779/1779 1831/1831/1831 1780/1780/1780
f 1780/1780/1780 1831/1831/1831 1832/1832/1832
f 1780/1780/1780 1832/1832/1832 1833/1833/1833
f 1780/1780/1780 1833/1833/1833 1781/1781/1781
f 1781/1781/1781 1833/1833/1833 1782/1782/1782
f 1782/1782/1782 1833/1833/1833 1834/1834/1834
f 1782/1782/1782 1834/1834/1834 1835/1835/1835
f 1782/1782/1782 1835/1835/1835 1783/1783/1783
f 1783/1783/1783 1835/1835/1835 1784/1784/1784
f 1784/1784/1784 1835/1835/1835 1836/1836/1836
f 1784/1784/1784 1836/1836/1836 1837/1837/1837
f 1784/1784/1784 1837/1837/1837 1785/1785/1785
f 1785/1785/1785 1837/1837/1837 1786/1786/1786
f 1786/1786/1786 1837/1837/1837 1838/1838/1838
f 1786/1786/1786 1838/1838/1838 1839/1839/1839
f 1786/1786/1786 1839/1839/1839 1787/1787/1787
f 1787/1787/1787 1839/1839/1839 1788/1788/1788
f 1788/1788/1788 1839/1839/1839 1840/1840/1840
f 1788/1788/1788 1840/1840/1840 1841/1841/1841
f 1788/1788/1788 1841/1841/1841 1789/1789/1789
f 1789/1789/1789 1841/1841/1841 1790/1790/1790
f 1790/1790/1790 1841/1841/1841 1842/1842/1842
f 1790/1790/1790 1842/1842/1842 1843/1843/1843
f 1790/1790/1790 1843/1843/1843 1791/1791/1791
f 1791/1791/1791 1843/1843/1843 1792/1792/1792
f 1792/1792/1792 1843/1843/1843 1844/1844/1844
f 1792/1792/1792 1844/1844/1844 1845/1845/1845
f 1792/1792/1792 1845/1845/1845 1793/1793/1793
f 1793/1793/1793 1845/1845/1845 1794/1794/1794
f 1794/1794/1794 1845/1845/1845 1846/1846/1846
f 1794/1794/1794 1846/1846/1846 1847/1847/1847
f 1794/1794/1794 1847/1847/1847 1795/1795/1795
f 1795/1795/1795 1847/1847/1847 1796/1796/1796
f 1796/1796/1796 1847/1847/1847 1848/1848/1848
f 1796/1796/1796 1848/1848/1848 1849/1849/1849
f 1796/1796/1796 1849/1849/1849 1797/1797/1797
f 1797/1797/1797 1849/1849/1849 1798/1798/1798
f 1798/1798/1798 1849/1849/1849 1850/1850/1850
f 1798/1798/1798 1850/1850/1850 1851/1851/1851
f 1798/1798/1798 1851/1851/1851 1799/1799/1799
f 1799/1799/1799 1851/1851/1851 1800/1800/1800
f 1800/1800/1800 1851/1851/1851 1852/1852/1852
f 1800/1800/1800 1852/1852/1852 1853/1853/1853
f 1800/1800/1800 1853/1853/1853 1801/1801/1801
f 1801/1801/1801 1853/1853/1853 1802/1802/1802
f 1802/1802/1802 1853/1853/1853 1854/1854/1854
f 1802/1802/1802 1854/1854/1854 1855/1855/1855
f 1802/1802/1802 1855/1855/1855 1803/1803/1803
f 1803/1803/1803 1855/1855/1855 1804/1804/1804
f 1804/1804/1804 1855/1855/1855 1856/1856/1856
f 1804/1804/1804 1856/1856/1856 1857/1857/1857
f 1804/1804/1804 1857/1857/1857 1805/1805/1805
f 1805/1805/1805 1857/1857/1857 1806/1806/1806
f 1806/1806/1806 1857/1857/1857 1858/1858/1858
f 1806/1806/1806 1858/1858/1858 1859/1859/1859
f 1806/1806/1806 1859/1859/1859 1807/1807/1807
f 1807/1807/1807 1859/1859/1859 1808/1808/1808
f 1808/1808/1808 1859/1859/1859 1860/1860/1860
f 1808/1808/1808 1860/1860/1860 1861/1861/1861
f 1808/1808/1808 1861/1861/1861 1809/1809/1809
f 1809/1809/1809 1861/1861/1861 1810/1810/1810
f 1810/1810/1810 1861/1861/1861 1862/1862/1862
f 1810/1810/1810 1862/1862/1862 1863/1863/1863
f 1810/1810/1810 1863/1863/1863 1811/1811/1811
f 1811/1811/1811 1863/1863/1863 1812/1812/1812
f 1812/1812/1812 1863/1863/1863 1864/1864/1864
f 1812/1812/1812 1864/1864/1864 1865/1865/1865
f 1812/1812/1812 1865/1865/1865 1813/1813/1813
f 1813/1813/1813 1865/1865/1865 1814/1814/1814
f 1814/1814/1814 1865/1865/1865 1866/1866/1866
f 1814/1814/1814 1866/1866/1866 1867/1867/1867
f 1814/1814/1814 1867/1867/1867 1815/1815/1815
f 1815/1815/1815 1867/1867/1867 1816/1816/1816
f 1816/1816/1816 1867/1867/1867 1868/1868/1868
f 1816/1816/1816 1868/1868/1868 1869/1869/1869
f 1816/1816/1816 1869/1869/1869 1817/1817/1817
f 1817/1817/1817 1869/1869/1869 1818/1818/1818
f 1818/1818/1818 1869/1869/1869 1870/1870/1870
f 1818/1818/1818 1870/1870/1870 1871/1871/1871
f 1818/1818/1818 1871/1871/1871 1819/1819/1819
f 1819/1819/1819 1871/1871/1871 1820/1820/1820
f 1820/1820/1820 1871/1871/1871 1872/1872/1872
f 1821/1821/1821 1873/1873/1873 1874/1874/1874
f 1821/1821/1821 1874/1874/1874 1822/1822/1822
f 1822/1822/1822 1874/1874/1874 1823/1823/1823
f 1823/1823/1823 1874/1874/1874 1875/1875/1875
f 1823/1823/1823 1875/1875/1875 1876/1876/1876
f 1823/1823/1823 1876/1876/1876 1824/1824/1824
f 1824/1824/1824 1876/1876/1876 1825/1825/1825
f 1825/1825/1825 1876/1876/1876 1877/1877/1877
f 1825/1825/1825 1877/1877/1877 1878/1878/1878
f 1825/1825/1825 1878/1878/1878 1826/1826/1826
f 1826/1826/1826 1878/1878/1878 1827/1827/1827
f 1827/1827/1827 1878/1878/1878 1879/1879/1879
f 1827/1827/1827 1879/1879/1879 1880/1880/1880
f 1827/1827/1827 1880/1880/1880 1828/1828/1828
f 1828/1828/1828 1880/1880/1880 1829/1829/1829
f 1829/1829/1829 1880/1880/1880 1881/1881/1881
f 1829/1829/1829 1881/1881/1881 1882/1882/1882
f 1829/1829/1829 1882/1882/1882 1830/1830/1830
f 1830/1830/1830 1882/1882/1882 1831/1831/1831
f 1831/1831/1831 1882/1882/1882 1883/1883/1883
f 1831/1831/1831 1883/1883/1883 1884/1884/1884
f 1831/1831/1831 1884/1884/1884 1832/1832/1832
f 1832/1832/1832 1884/1884/1884 1833/1833/1833
f 1833/1833/1833 1884/1884/1884 1885/1885/1885
f 1833/1833/1833 1885/1885/1885 1886/1886/1886
f 1833/1833/1833 1886/1886/1886 1834/1834/1834
f 1834/1834/1834 1886/1886/1886 1835/1835/1835
f 1835/1835/1835 1886/1886/1886 1887/1887/1887
f 1835/1835/1835 1887/1887/1887 1888/1888/1888
f 1835/1835/1835 1888/1888/1888 1836/1836/1836
f 1836/1836/1836 1888/1888/1888 1837/1837/1837
f 1837/1837/1837 1888/1888/1888 1889/1889/1889
f 1837/1837/1837 1889/1889/1889 1890/1890/1890
f 1837/1837/1837 1890/1890/1890 1838/1838/1838
f 1838/1838/1838 1890/1890/1890 1839/1839/1839
f 1839/1839/1839 1890/1890/1890 1891/1891/1891
f 1839/1839/1839 1891/1891/1891 1892/1892/1892
f 1839/1839/1839 1892/1892/1892 1840/1840/1840
f 1840/1840/1840 1892/1892/1892 1841/1841/1841
f 1841/1841/1841 1892/1892/1892 1893/1893/1893
f 1841/1841/1841 1893/1893/1893 1894/1894/1894
f 1841/1841/1841 1894/1894/1894 1842/1842/1842
f 1842/1842/1842 1894/1894/1894 1843/1843/1843
f 1843/1843/1843 1894/1894/1894 1895/1895/1895
f 1843/1843/1843 1895/1895/1895 1896/1896/1896
f 1843/1843/1843 1896/1896/1896 1844/1844/1844
f 1844/1844/1844 1896/1896/1896 1845/1845/1845
f 1845/1845/1845 1896/1896/1896 1897/1897/1897
f 1845/1845/1845 1897/1897/1897 1898/1898/1898
f 1845/1845/1845 1898/1898/1898 1846/1846/1846
f 1846/1846/1846 1898/1898/1898 1847/1847/1847
f 1847/1847/1847 1898/1898/1898 1899/1899/1899
f 1847/1847/1847 1899/1899/1899 1900/1900/1900
f 1847/1847/1847 1900/1900/1900 1848/1848/1848
f 1848/1848/1848 1900/1900/1900 1849/1849/1849
f 1849/1849/1849 1900/1900/1900 1901/1901/1901
f 1849/1849/1849 1901/1901/1901 1902/1902/1902
f 1849/1849/1849 1902/1902/1902 1850/1850/1850
f 1850/1850/1850 1902/1902/1902 1851/1851/1851
f 1851/1851/1851 1902/1902/1902 1903/1903/1903
f 1851/1851/1851 1903/1903/1903 1904/1904/1904
f 1851/1851/1851 1904/1904/1904 1852/1852/1852
f 1852/1852/1852 1904/1904/1904 1853/1853/1853
f 1853/1853/1853 1904/1904/1904 1905/1905/1905
f 1853/1853/1853 1905/1905/1905 1906/1906/1906
f 1853/1853/1853 1906/1906/1906 1854/1854/1854
f 1854/1854/1854 1906/1906/1906 1855/1855/1855
f 1855/1855/1855 1906/1906/1906 1907/1907/1907
f 1855/1855/1855 1907/1907/1907 1908/1908/1908
f 1855/1855/1855 1908/1908/1908 1856/1856/1856
f 1856/1856/1856 1908/1908/1908 1857/1857/1857
f 1857/1857/1857 1908/1908/1908 1909/1909/1909
f 1857/1857/1857 1909/1909/1909 1910/1910/1910
f 1857/1857/1857 1910/1910/1910 1858/1858/1858
f 1858/1858/1858 1910/1910/1910 1859/1859/1859
f 1859/1859/1859 1910/1910/1910 1911/1911/1911
f 1859/1859/1859 1911/1911/1911 1912/1912/1912
f 1859/1859/1859 1912/1912/1912 1860/1860/1860
f 1860/1860/1860 1912/1912/1912 1861/1861/1861
f 1861/1861/1861 1912/1912/1912 1913/1913/1913
f 1861/1861/1861 1913/1913/1913 1914/1914/1914
f 1861/1861/1861 1914/1914/1914 1862/1862/1862
f 1862/1862/1862 1914/1914/1914 1863/1863/1863
f 1863/1863/1863 1914/1914/1914 1915/1915/1915
f 1863/1863/1863 1915/1915/1915 1916/1916/1916
f 1863/1863/1863 1916/1916/1916 1864/1864/1864
f 1864/1864/1864 1916/1916/1916 1865/1865/1865
f 1865/1865/1865 1916/1916/1916 1917/1917/1917
f 1865/1865/1865 1917/1917/1917 1918/1918/1918
f 1865/1865/1865 1918/1918/1918 1866/1866/1866
f 1866/1866/1866 1918/1918/1918 1867/1867/1867
f 1867/1867/1867 1918/1918/1918 1919/1919/1919
f 1867/1867/1867 1919/1919/1919 1920/1920/1920
f 1867/1867/1867 1920/1920/1920 1868/1868/1868
f 1868/1868/1868 1920/1920/1920 1869/1869/1869
f 1869/1869/1869 1920/1920/1920 1921/1921/1921
f 1869/1869/1869 1921/1921/1921 1922/1922/1922
f 1869/1869/1869 1922/1922/1922 1870/1870/1870
f 1870/1870/1870 1922/1922/1922 1871/1871/1871
f 1871/1871/1871 1922/1922/1922 1923/1923/1923
f 1871/1871/1871 1923/1923/1923 1924/1924/1924
f 1871/1871/1871 1924/1924/1924 1872/1872/1872
f 1873/1873/1873 1925/1925/1925 1874/1874/1874
f 1874/1874/1874 1925/1925/1925 1926/1926/1926
f 1874/1874/1874 1926/1926/1926 1927/1927/1927
f 1874/1874/1874 1927/1927/1927 1875/1875/1875
f 1875/1875/1875 1927/1927/1927 1876/1876/1876
f 1876/1876/1876 1927/1927/1927 1928/1928/1928
f 1876/1876/1876 1928/1928/1928 1929/1929/1929
f 1876/1876/1876 1929/1929/1929 1877/1877/1877
f 1877/1877/1877 1929/1929/1929 1878/1878/1878
f 1878/1878/1878 1929/1929/1929 1930/1930/1930
f 1878/1878/1878 1930/1930/1930 1931/1931/1931
f 1878/1878/1878 1931/1931/1931 1879/1879/1879
f 1879/1879/1879 1931/1931/1931 1880/1880/1880
f 1880/1880/1880 1931/1931/1931 1932/1932/1932
f 1880/1880/1880 1932/1932/1932 1933/1933/1933
f 1880/1880/1880 1933/1933/1933 1881/1881/1881
f 1881/1881/1881 1933/1933/1933 1882/1882/1882
f 1882/1882/1882 1933/1933/1933 1934/1934/1934
f 1882/1882/1882 1934/1934/1934 1935/1935/1935
f 1882/1882/1882 1935/1935/1935 1883/1883/1883
f 1883/1883/1883 1935/1935/1935 1884/1884/1884
f 1884/1884/1884 1935/1935/1935 1936/1936/1936
f 1884/1884/1884 1936/1936/1936 1937/1937/1937
f 1884/1884/1884 1937/1937/1937 1885/1885/1885
f 1885/1885/1885 1937/1937/1937 1886/1886/1886
f 1886/1886/1886 1937/1937/1937 1938/1938/1938
f 1886/1886/1886 1938/1938/1938 1939/1939/1939
f 1886/1886/1886 1939/1939/1939 1887/1887/1887
f 1887/1887/1887 1939/1939/1939 1888/1888/1888
f 1888/1888/1888 1939/1939/1939 1940/1940/1940
f 1888/1888/1888 1940/1940/1940 1941/1941/1941
f 1888/1888/1888 1941/1941/1941 1889/1889/1889
f 1889/1889/1889 1941/1941/1941 1890/1890/1890
f 1890/1890/1890 1941/1941/1941 1942/1942/1942
f 1890/1890/1890 1942/1942/1942 1943/1943/1943
f 1890/1890/1890 1943/1943/1943 1891/1891/1891
f 1891/1891/1891 1943/1943/1943 1892/1892/1892
f 1892/1892/1892 1943/1943/1943 1944/1944/1944
f 1892/1892/1892 1944/1944/1944 1945/1945/1945
f 1892/1892/1892 1945/1945/1945 1893/1893/1893
f 1893/1893/1893 1945/1945/1945 1894/1894/1894
f 1894/1894/1894 1945/1945/1945 1946/1946/1946
f 1894/1894/1894 1946/1946/1946 1947/1947/1947
f 1894/1894/1894 1947/1947/1947 1895/1895/1895
f 1895/1895/1895 1947/1947/1947 1896/1896/1896
f 1896/1896/1896 1947/1947/1947 1948/1948/1948
f 1896/1896/1896 1948/1948/1948 1949/1949/1949
f 1896/1896/1896 1949/1949/1949 1897/1897/1897
f 1897/1897/1897 1949/1949/1949 1898/1898/1898
f 1898/1898/1898 1949/1949/1949 1950/1950/1950
f 1898/1898/1898 1950/1950/1950 1951/1951/1951
f 1898/1898/1898 1951/1951/1951 1899/1899/1899
f 1899/1899/1899 1951/1951/1951 1900/1900/1900
f 1900/1900/1900 1951/1951/1951 1952/1952/1952
f 1900/1900/1900 1952/1952/1952 1953/1953/1953
f 1900/1900/1900 1953/1953/1953 1901/1901/1901
f 1901/1901/1901 1953/1953/1953 1902/1902/1902
f 1902/1902/1902 1953/1953/1953 1954/1954/1954
f 1902/1902/1902 1954/1954/1954 1955/1955/1955
f 1902/1902/1902 1955/1955/1955 1903/1903/1903
f 1903/1903/1903 1955/1955/1955 1904/1904/1904
f 1904/1904/1904 1955/1955/1955 1956/1956/1956
f 1904/1904/1904 1956/1956/1956 1957/1957/1957
f 1904/1904/1904 1957/1957/1957 1905/1905/1905
f 1905/1905/1905 1957/1957/1957 1906/1906/1906
f 1906/1906/1906 1957/1957/1957 1958/1958/1958
f 1906/1906/1906 1958/1958/1958 1959/1959/1959
f 1906/1906/1906 1959/1959/1959 1907/1907/1907
f 1907/1907/1907 1959/1959/1959 1908/1908/1908
f 1908/1908/1908 1959/1959/1959 1960/1960/1960
f 1908/1908/1908 1960/1960/1960 1961/1961/1961
f 1908/1908/1908 1961/1961/1961 1909/1909/1909
f 1909/1909/1909 1961/1961/1961 1910/1910/1910
f 1910/1910/1910 1961/1961/1961 1962/1962/1962
f 1910/1910/1910 1962/1962/1962 1963/1963/1963
f 1910/1910/1910 1963/1963/1963 1911/1911/1911
f 1911/1911/1911 1963/1963/1963 1912/1912/1912
f 1912/1912/1912 1963/1963/1963 1964/1964/1964
f 1912/1912/1912 1964/1964/1964 1965/1965/1965
f 1912/1912/1912 1965/1965/1965 1913/1913/1913
f 1913/1913/1913 1965/1965/1965 1914/1914/1914
f 1914/1914/1914 1965/1965/1965 1966/1966/1966
f 1914/1914/1914 1966/1966/1966 1967/1967/1967
f 1914/1914/1914 1967/1967/1967 1915/1915/1915
f 1915/1915/1915 1967/1967/1967 1916/1916/1916
f 1916/1916/1916 1967/1967/1967 1968/1968/1968
f 1916/1916/1916 1968/1968/1968 1969/1969/1969
f 1916/1916/1916 1969/1969/1969 1917/1917/1917
f 1917/1917/1917 1969/1969/1969 1918/1918/1918
f 1918/1918/1918 1969/1969/1969 1970/1970/1970
f 1918/1918/1918 1970/1970/1970 1971/1971/1971
f 1918/1918/1918 1971/1971/1971 1919/1919/1919
f 1919/1919/1919 1971/1971/1971 1920/1920/1920
f 1920/1920/1920 1971/1971/1971 1972/1972/1972
f 1920/1920/1920 1972/1972/1972 1973/1973/1973
f 1920/1920/1920 1973/1973/1973 1921/1921/1921
f 1921/1921/1921 1973/1973/1973 1922/1922/1922
f 1922/1922/1922 1973/1973/1973 1974/1974/1974
f 1922/1922/1922 1974/1974/1974 1975/1975/1975
f 1922/1922/1922 1975/1975/1975 1923/1923/1923
f 1923/1923/1923 1975/1975/1975 1924/1924/1924
f 1924/1924/1924 1975/1975/1975 1976/1976/1976
