# Canyon test level terrain: a heightfield, 2.26 m cells, 7738 triangles.
# Vertex colors by height and slope, texture coordinates for a detail texture
# (6 m across), and smooth normals. Generated by tools/gen_canyon_level.py.
# Placed whole at the origin; the engine carves it by the level's sectors.
v 6.400 11.409 6.400 0.580 0.550 0.360
v 8.663 11.572 6.400 0.580 0.550 0.360
v 10.925 11.964 6.400 0.580 0.550 0.360
v 13.188 12.527 6.400 0.580 0.550 0.360
v 15.451 11.940 6.400 0.580 0.550 0.360
v 17.714 12.119 6.400 0.580 0.550 0.360
v 19.976 12.344 6.400 0.580 0.550 0.360
v 22.239 12.563 6.400 0.580 0.550 0.360
v 24.502 12.560 6.400 0.580 0.550 0.360
v 26.765 12.200 6.400 0.580 0.550 0.360
v 29.027 11.372 6.400 0.580 0.550 0.360
v 31.290 11.568 6.400 0.580 0.550 0.360
v 33.553 11.546 6.400 0.580 0.550 0.360
v 35.816 11.594 6.400 0.580 0.550 0.360
v 38.078 12.533 6.400 0.580 0.550 0.360
v 40.341 11.930 6.400 0.580 0.550 0.360
v 42.604 11.704 6.400 0.580 0.550 0.360
v 44.867 12.046 6.400 0.580 0.550 0.360
v 47.129 11.776 6.400 0.580 0.550 0.360
v 49.392 12.095 6.400 0.580 0.550 0.360
v 51.655 12.637 6.400 0.580 0.550 0.360
v 53.918 12.347 6.400 0.580 0.550 0.360
v 56.180 12.512 6.400 0.580 0.550 0.360
v 58.443 12.583 6.400 0.580 0.550 0.360
v 60.706 12.296 6.400 0.580 0.550 0.360
v 62.969 11.558 6.400 0.580 0.550 0.360
v 65.231 11.725 6.400 0.580 0.550 0.360
v 67.494 12.525 6.400 0.580 0.550 0.360
v 69.757 11.697 6.400 0.580 0.550 0.360
v 72.020 11.904 6.400 0.580 0.550 0.360
v 74.282 12.135 6.400 0.580 0.550 0.360
v 76.545 11.651 6.400 0.580 0.550 0.360
v 78.808 11.840 6.400 0.580 0.550 0.360
v 81.070 11.883 6.400 0.580 0.550 0.360
v 83.333 11.750 6.400 0.580 0.550 0.360
v 85.596 12.140 6.400 0.580 0.550 0.360
v 87.859 12.324 6.400 0.580 0.550 0.360
v 90.121 12.468 6.400 0.580 0.550 0.360
v 92.384 12.472 6.400 0.580 0.550 0.360
v 94.647 11.896 6.400 0.580 0.550 0.360
v 96.910 11.717 6.400 0.580 0.550 0.360
v 99.172 12.460 6.400 0.580 0.550 0.360
v 101.435 12.281 6.400 0.580 0.550 0.360
v 103.698 12.402 6.400 0.580 0.550 0.360
v 105.961 12.672 6.400 0.580 0.550 0.360
v 108.223 11.868 6.400 0.580 0.550 0.360
v 110.486 11.839 6.400 0.580 0.550 0.360
v 112.749 11.914 6.400 0.580 0.550 0.360
v 115.012 12.120 6.400 0.580 0.550 0.360
v 117.274 12.333 6.400 0.580 0.550 0.360
v 119.537 12.269 6.400 0.580 0.550 0.360
v 121.800 11.903 6.400 0.580 0.550 0.360
v 124.063 11.909 6.400 0.580 0.550 0.360
v 126.325 11.606 6.400 0.580 0.550 0.360
v 128.588 11.256 6.400 0.580 0.550 0.360
v 130.851 11.255 6.400 0.580 0.550 0.360
v 133.114 12.143 6.400 0.580 0.550 0.360
v 135.376 12.382 6.400 0.580 0.550 0.360
v 137.639 11.511 6.400 0.580 0.550 0.360
v 139.902 12.129 6.400 0.580 0.550 0.360
v 142.165 12.067 6.400 0.580 0.550 0.360
v 144.427 11.786 6.400 0.580 0.550 0.360
v 146.690 12.632 6.400 0.580 0.550 0.360
v 148.953 11.880 6.400 0.580 0.550 0.360
v 151.215 11.452 6.400 0.580 0.550 0.360
v 153.478 12.403 6.400 0.580 0.550 0.360
v 155.741 11.854 6.400 0.580 0.550 0.360
v 158.004 11.797 6.400 0.580 0.550 0.360
v 160.266 12.082 6.400 0.580 0.550 0.360
v 162.529 11.965 6.400 0.580 0.550 0.360
v 164.792 11.598 6.400 0.580 0.550 0.360
v 167.055 11.322 6.400 0.580 0.550 0.360
v 169.317 11.985 6.400 0.580 0.550 0.360
v 171.580 11.619 6.400 0.580 0.550 0.360
v 6.400 11.805 8.663 0.580 0.550 0.360
v 8.663 11.923 8.663 0.580 0.550 0.360
v 10.925 11.955 8.663 0.580 0.550 0.360
v 13.188 11.953 8.663 0.580 0.550 0.360
v 15.451 11.861 8.663 0.580 0.550 0.360
v 17.714 11.825 8.663 0.580 0.550 0.360
v 19.976 11.832 8.663 0.580 0.550 0.360
v 22.239 12.004 8.663 0.580 0.550 0.360
v 24.502 12.070 8.663 0.580 0.550 0.360
v 26.765 12.197 8.663 0.580 0.550 0.360
v 29.027 12.436 8.663 0.580 0.550 0.360
v 31.290 12.343 8.663 0.580 0.550 0.360
v 33.553 12.170 8.663 0.580 0.550 0.360
v 35.816 11.985 8.663 0.580 0.550 0.360
v 38.078 11.874 8.663 0.580 0.550 0.360
v 40.341 12.250 8.663 0.580 0.550 0.360
v 42.604 12.247 8.663 0.580 0.550 0.360
v 44.867 11.587 8.663 0.580 0.550 0.360
v 47.129 11.407 8.663 0.580 0.550 0.360
v 49.392 11.811 8.663 0.580 0.550 0.360
v 51.655 12.428 8.663 0.580 0.550 0.360
v 53.918 11.784 8.663 0.580 0.550 0.360
v 56.180 11.776 8.663 0.580 0.550 0.360
v 58.443 11.790 8.663 0.580 0.550 0.360
v 60.706 11.732 8.663 0.580 0.550 0.360
v 62.969 11.986 8.663 0.580 0.550 0.360
v 65.231 12.044 8.663 0.580 0.550 0.360
v 67.494 11.980 8.663 0.580 0.550 0.360
v 69.757 11.540 8.663 0.580 0.550 0.360
v 72.020 11.933 8.663 0.580 0.550 0.360
v 74.282 12.277 8.663 0.580 0.550 0.360
v 76.545 11.650 8.663 0.580 0.550 0.360
v 78.808 11.707 8.663 0.580 0.550 0.360
v 81.070 11.861 8.663 0.580 0.550 0.360
v 83.333 12.208 8.663 0.580 0.550 0.360
v 85.596 12.326 8.663 0.580 0.550 0.360
v 87.859 12.336 8.663 0.580 0.550 0.360
v 90.121 12.326 8.663 0.580 0.550 0.360
v 92.384 12.408 8.663 0.580 0.550 0.360
v 94.647 12.129 8.663 0.580 0.550 0.360
v 96.910 11.927 8.663 0.580 0.550 0.360
v 99.172 11.828 8.663 0.580 0.550 0.360
v 101.435 12.051 8.663 0.580 0.550 0.360
v 103.698 12.325 8.663 0.580 0.550 0.360
v 105.961 12.694 8.663 0.580 0.550 0.360
v 108.223 12.464 8.663 0.580 0.550 0.360
v 110.486 12.223 8.663 0.580 0.550 0.360
v 112.749 12.029 8.663 0.580 0.550 0.360
v 115.012 11.972 8.663 0.580 0.550 0.360
v 117.274 11.865 8.663 0.580 0.550 0.360
v 119.537 11.962 8.663 0.580 0.550 0.360
v 121.800 12.302 8.663 0.580 0.550 0.360
v 124.063 12.201 8.663 0.580 0.550 0.360
v 126.325 12.143 8.663 0.580 0.550 0.360
v 128.588 12.113 8.663 0.580 0.550 0.360
v 130.851 12.301 8.663 0.580 0.550 0.360
v 133.114 12.509 8.663 0.580 0.550 0.360
v 135.376 12.574 8.663 0.580 0.550 0.360
v 137.639 12.417 8.663 0.580 0.550 0.360
v 139.902 11.810 8.663 0.580 0.550 0.360
v 142.165 11.537 8.663 0.580 0.550 0.360
v 144.427 11.377 8.663 0.580 0.550 0.360
v 146.690 12.113 8.663 0.580 0.550 0.360
v 148.953 12.273 8.663 0.580 0.550 0.360
v 151.215 12.301 8.663 0.580 0.550 0.360
v 153.478 12.049 8.663 0.580 0.550 0.360
v 155.741 12.286 8.663 0.580 0.550 0.360
v 158.004 12.143 8.663 0.580 0.550 0.360
v 160.266 11.675 8.663 0.580 0.550 0.360
v 162.529 12.332 8.663 0.580 0.550 0.360
v 164.792 11.975 8.663 0.580 0.550 0.360
v 167.055 11.612 8.663 0.580 0.550 0.360
v 169.317 12.316 8.663 0.580 0.550 0.360
v 171.580 12.170 8.663 0.580 0.550 0.360
v 6.400 12.077 10.925 0.580 0.550 0.360
v 8.663 11.848 10.925 0.580 0.550 0.360
v 10.925 11.768 10.925 0.580 0.550 0.360
v 13.188 11.740 10.925 0.580 0.550 0.360
v 15.451 11.879 10.925 0.580 0.550 0.360
v 17.714 11.878 10.925 0.580 0.550 0.360
v 19.976 11.860 10.925 0.580 0.550 0.360
v 22.239 11.822 10.925 0.580 0.550 0.360
v 24.502 11.725 10.925 0.580 0.550 0.360
v 26.765 11.907 10.925 0.580 0.550 0.360
v 29.027 12.410 10.925 0.580 0.550 0.360
v 31.290 12.101 10.925 0.580 0.550 0.360
v 33.553 12.183 10.925 0.580 0.550 0.360
v 35.816 12.270 10.925 0.580 0.550 0.360
v 38.078 11.808 10.925 0.580 0.550 0.360
v 40.341 12.085 10.925 0.580 0.550 0.360
v 42.604 12.138 10.925 0.580 0.550 0.360
v 44.867 11.814 10.925 0.580 0.550 0.360
v 47.129 11.446 10.925 0.580 0.550 0.360
v 49.392 11.608 10.925 0.580 0.550 0.360
v 51.655 11.967 10.925 0.580 0.550 0.360
v 53.918 11.930 10.925 0.580 0.550 0.360
v 56.180 11.872 10.925 0.580 0.550 0.360
v 58.443 11.814 10.925 0.580 0.550 0.360
v 60.706 11.721 10.925 0.580 0.550 0.360
v 62.969 12.055 10.925 0.580 0.550 0.360
v 65.231 12.033 10.925 0.580 0.550 0.360
v 67.494 11.764 10.925 0.580 0.550 0.360
v 69.757 11.599 10.925 0.580 0.550 0.360
v 72.020 11.857 10.925 0.580 0.550 0.360
v 74.282 12.056 10.925 0.580 0.550 0.360
v 76.545 11.544 10.925 0.580 0.550 0.360
v 78.808 11.822 10.925 0.580 0.550 0.360
v 81.070 11.993 10.925 0.580 0.550 0.360
v 83.333 12.107 10.925 0.580 0.550 0.360
v 85.596 12.450 10.925 0.580 0.550 0.360
v 87.859 12.250 10.925 0.580 0.550 0.360
v 90.121 11.919 10.925 0.580 0.550 0.360
v 92.384 12.090 10.925 0.580 0.550 0.360
v 94.647 12.150 10.925 0.580 0.550 0.360
v 96.910 12.117 10.925 0.580 0.550 0.360
v 99.172 11.850 10.925 0.580 0.550 0.360
v 101.435 12.012 10.925 0.580 0.550 0.360
v 103.698 12.135 10.925 0.580 0.550 0.360
v 105.961 12.267 10.925 0.580 0.550 0.360
v 108.223 12.105 10.925 0.580 0.550 0.360
v 110.486 12.042 10.925 0.580 0.550 0.360
v 112.749 12.019 10.925 0.580 0.550 0.360
v 115.012 12.130 10.925 0.580 0.550 0.360
v 117.274 11.909 10.925 0.580 0.550 0.360
v 119.537 11.915 10.925 0.580 0.550 0.360
v 121.800 12.150 10.925 0.580 0.550 0.360
v 124.063 12.307 10.925 0.580 0.550 0.360
v 126.325 12.289 10.925 0.580 0.550 0.360
v 128.588 12.227 10.925 0.580 0.550 0.360
v 130.851 12.109 10.925 0.580 0.550 0.360
v 133.114 12.419 10.925 0.580 0.550 0.360
v 135.376 12.587 10.925 0.580 0.550 0.360
v 137.639 12.571 10.925 0.580 0.550 0.360
v 139.902 11.806 10.925 0.580 0.550 0.360
v 142.165 11.466 10.925 0.580 0.550 0.360
v 144.427 11.253 10.925 0.580 0.550 0.360
v 146.690 11.827 10.925 0.580 0.550 0.360
v 148.953 12.080 10.925 0.580 0.550 0.360
v 151.215 12.199 10.925 0.580 0.550 0.360
v 153.478 12.002 10.925 0.580 0.550 0.360
v 155.741 12.169 10.925 0.580 0.550 0.360
v 158.004 12.068 10.925 0.580 0.550 0.360
v 160.266 11.738 10.925 0.580 0.550 0.360
v 162.529 12.110 10.925 0.580 0.550 0.360
v 164.792 11.844 10.925 0.580 0.550 0.360
v 167.055 11.576 10.925 0.580 0.550 0.360
v 169.317 11.995 10.925 0.580 0.550 0.360
v 171.580 12.014 10.925 0.580 0.550 0.360
v 6.400 12.349 13.188 0.580 0.550 0.360
v 8.663 11.599 13.188 0.580 0.550 0.360
v 10.925 11.478 13.188 0.580 0.550 0.360
v 13.188 11.619 13.188 0.580 0.550 0.360
v 15.451 11.957 13.188 0.580 0.550 0.360
v 17.714 12.097 13.188 0.580 0.550 0.360
v 19.976 12.123 13.188 0.580 0.550 0.360
v 22.239 11.761 13.188 0.580 0.550 0.360
v 24.502 11.397 13.188 0.580 0.550 0.360
v 26.765 11.462 13.188 0.580 0.550 0.360
v 29.027 11.916 13.188 0.580 0.550 0.360
v 31.290 11.381 13.188 0.580 0.550 0.360
v 33.553 11.921 13.188 0.580 0.550 0.360
v 35.816 12.534 13.188 0.580 0.550 0.360
v 38.078 11.973 13.188 0.580 0.550 0.360
v 40.341 11.671 13.188 0.580 0.550 0.360
v 42.604 11.718 13.188 0.580 0.550 0.360
v 44.867 12.356 13.188 0.580 0.550 0.360
v 47.129 11.697 13.188 0.580 0.550 0.360
v 49.392 11.415 13.188 0.580 0.550 0.360
v 51.655 11.285 13.188 0.580 0.550 0.360
v 53.918 12.429 13.188 0.580 0.550 0.360
v 56.180 12.350 13.188 0.580 0.550 0.360
v 58.443 12.183 13.188 0.580 0.550 0.360
v 60.706 11.923 13.188 0.580 0.550 0.360
v 62.969 11.958 13.188 0.580 0.550 0.360
v 65.231 11.872 13.188 0.573 0.544 0.372
v 67.494 11.673 13.188 0.525 0.504 0.452
v 69.757 11.708 13.188 0.520 0.500 0.460
v 72.020 11.665 13.188 0.520 0.500 0.460
v 74.282 11.586 13.188 0.520 0.500 0.460
v 76.545 11.376 13.188 0.520 0.500 0.460
v 78.808 12.045 13.188 0.520 0.500 0.460
v 81.070 12.174 13.188 0.520 0.500 0.460
v 83.333 11.675 13.188 0.520 0.500 0.460
v 85.596 12.495 13.188 0.520 0.500 0.460
v 87.859 12.037 13.188 0.520 0.500 0.460
v 90.121 11.265 13.188 0.520 0.500 0.460
v 92.384 11.603 13.188 0.520 0.500 0.460
v 94.647 12.088 13.188 0.520 0.500 0.460
v 96.910 12.333 13.188 0.520 0.500 0.460
v 99.172 12.143 13.188 0.520 0.500 0.460
v 101.435 12.026 13.188 0.520 0.500 0.460
v 103.698 11.851 13.188 0.520 0.500 0.460
v 105.961 11.585 13.188 0.528 0.506 0.447
v 108.223 11.274 13.188 0.525 0.504 0.451
v 110.486 11.587 13.188 0.530 0.509 0.443
v 112.749 11.957 13.188 0.535 0.513 0.434
v 115.012 12.426 13.188 0.542 0.519 0.423
v 117.274 12.176 13.188 0.580 0.550 0.360
v 119.537 11.970 13.188 0.580 0.550 0.360
v 121.800 11.695 13.188 0.563 0.536 0.389
v 124.063 12.309 13.188 0.525 0.504 0.452
v 126.325 12.261 13.188 0.533 0.511 0.439
v 128.588 12.027 13.188 0.540 0.517 0.426
v 130.851 11.354 13.188 0.566 0.538 0.383
v 133.114 12.092 13.188 0.533 0.511 0.438
v 135.376 12.490 13.188 0.531 0.509 0.441
v 137.639 12.411 13.188 0.539 0.516 0.428
v 139.902 11.924 13.188 0.557 0.531 0.398
v 142.165 11.572 13.188 0.565 0.538 0.385
v 144.427 11.223 13.188 0.571 0.542 0.376
v 146.690 11.584 13.188 0.570 0.542 0.377
v 148.953 11.572 13.188 0.537 0.514 0.432
v 151.215 11.627 13.188 0.523 0.502 0.456
v 153.478 12.063 13.188 0.559 0.532 0.395
v 155.741 11.764 13.188 0.536 0.513 0.434
v 158.004 11.768 13.188 0.536 0.513 0.434
v 160.266 11.989 13.188 0.551 0.526 0.409
v 162.529 11.565 13.188 0.580 0.550 0.360
v 164.792 11.495 13.188 0.580 0.550 0.360
v 167.055 11.440 13.188 0.580 0.550 0.360
v 169.317 11.320 13.188 0.580 0.550 0.360
v 171.580 11.521 13.188 0.580 0.550 0.360
v 6.400 12.060 15.451 0.580 0.550 0.360
v 8.663 12.283 15.451 0.580 0.550 0.360
v 10.925 11.943 15.451 0.580 0.550 0.360
v 13.188 11.314 15.451 0.580 0.550 0.360
v 15.451 12.222 15.451 0.580 0.550 0.360
v 17.714 12.113 15.451 0.580 0.550 0.360
v 19.976 11.928 15.451 0.580 0.550 0.360
v 22.239 11.742 15.451 0.580 0.550 0.360
v 24.502 12.217 15.451 0.580 0.550 0.360
v 26.765 12.376 15.451 0.580 0.550 0.360
v 29.027 12.325 15.451 0.580 0.550 0.360
v 31.290 11.959 15.451 0.580 0.550 0.360
v 33.553 11.739 15.451 0.580 0.550 0.360
v 35.816 11.569 15.451 0.580 0.550 0.360
v 38.078 11.666 15.451 0.580 0.550 0.360
v 40.341 11.805 15.451 0.580 0.550 0.360
v 42.604 11.777 15.451 0.580 0.550 0.360
v 44.867 11.454 15.451 0.580 0.550 0.360
v 47.129 12.211 15.451 0.580 0.550 0.360
v 49.392 11.930 15.451 0.580 0.550 0.360
v 51.655 11.341 15.451 0.580 0.550 0.360
v 53.918 12.548 15.451 0.580 0.550 0.360
v 56.180 12.188 15.451 0.580 0.550 0.360
v 58.443 11.773 15.451 0.554 0.528 0.403
v 60.706 11.195 15.451 0.520 0.500 0.460
v 62.969 10.419 15.451 0.520 0.500 0.460
v 65.231 9.255 15.451 0.519 0.494 0.449
v 67.494 7.887 15.451 0.512 0.462 0.391
v 69.757 6.619 15.451 0.505 0.425 0.324
v 72.020 6.649 15.451 0.505 0.425 0.326
v 74.282 6.815 15.451 0.506 0.430 0.334
v 76.545 7.276 15.451 0.509 0.443 0.358
v 78.808 7.196 15.451 0.508 0.441 0.354
v 81.070 7.005 15.451 0.507 0.435 0.344
v 83.333 6.580 15.451 0.505 0.424 0.323
v 85.596 6.775 15.451 0.506 0.429 0.332
v 87.859 6.739 15.451 0.506 0.428 0.330
v 90.121 6.696 15.451 0.505 0.427 0.328
v 92.384 7.486 15.451 0.510 0.450 0.369
v 94.647 7.554 15.451 0.510 0.452 0.373
v 96.910 7.540 15.451 0.510 0.451 0.372
v 99.172 7.325 15.451 0.509 0.445 0.361
v 101.435 7.403 15.451 0.509 0.447 0.365
v 103.698 7.831 15.451 0.512 0.460 0.388
v 105.961 8.528 15.451 0.516 0.479 0.422
v 108.223 8.240 15.451 0.514 0.472 0.409
v 110.486 8.390 15.451 0.515 0.476 0.416
v 112.749 8.523 15.451 0.516 0.479 0.422
v 115.012 8.690 15.451 0.517 0.483 0.429
v 117.274 10.885 15.451 0.520 0.500 0.460
v 119.537 11.776 15.451 0.542 0.518 0.424
v 121.800 9.129 15.451 0.518 0.492 0.446
v 124.063 8.477 15.451 0.516 0.478 0.420
v 126.325 8.644 15.451 0.516 0.482 0.427
v 128.588 8.854 15.451 0.517 0.487 0.436
v 130.851 9.147 15.451 0.518 0.492 0.446
v 133.114 8.959 15.451 0.518 0.489 0.440
v 135.376 8.907 15.451 0.518 0.488 0.438
v 137.639 9.107 15.451 0.518 0.492 0.445
v 139.902 8.768 15.451 0.517 0.485 0.433
v 142.165 8.563 15.451 0.516 0.480 0.424
v 144.427 8.401 15.451 0.515 0.476 0.417
v 146.690 8.980 15.451 0.518 0.489 0.441
v 148.953 8.521 15.451 0.516 0.479 0.422
v 151.215 8.263 15.451 0.514 0.472 0.410
v 153.478 8.886 15.451 0.517 0.487 0.437
v 155.741 8.597 15.451 0.516 0.481 0.425
v 158.004 8.485 15.451 0.516 0.478 0.420
v 160.266 8.462 15.451 0.515 0.477 0.419
v 162.529 11.869 15.451 0.526 0.505 0.451
v 164.792 12.309 15.451 0.580 0.550 0.360
v 167.055 12.545 15.451 0.580 0.550 0.360
v 169.317 11.559 15.451 0.580 0.550 0.360
v 171.580 11.798 15.451 0.580 0.550 0.360
v 6.400 12.004 17.714 0.580 0.550 0.360
v 8.663 12.333 17.714 0.580 0.550 0.360
v 10.925 12.159 17.714 0.580 0.550 0.360
v 13.188 11.747 17.714 0.580 0.550 0.360
v 15.451 12.314 17.714 0.580 0.550 0.360
v 17.714 12.075 17.714 0.580 0.550 0.360
v 19.976 11.910 17.714 0.580 0.550 0.360
v 22.239 12.301 17.714 0.580 0.550 0.360
v 24.502 12.439 17.714 0.580 0.550 0.360
v 26.765 12.399 17.714 0.580 0.550 0.360
v 29.027 12.189 17.714 0.580 0.550 0.360
v 31.290 12.222 17.714 0.580 0.550 0.360
v 33.553 12.073 17.714 0.580 0.550 0.360
v 35.816 11.903 17.714 0.580 0.550 0.360
v 38.078 11.889 17.714 0.580 0.550 0.360
v 40.341 11.995 17.714 0.580 0.550 0.360
v 42.604 11.876 17.714 0.580 0.550 0.360
v 44.867 11.302 17.714 0.580 0.550 0.360
v 47.129 12.259 17.714 0.580 0.550 0.360
v 49.392 12.167 17.714 0.580 0.550 0.360
v 51.655 11.731 17.714 0.580 0.550 0.360
v 53.918 11.745 17.714 0.520 0.500 0.460
v 56.180 10.848 17.714 0.520 0.500 0.460
v 58.443 9.123 17.714 0.518 0.492 0.445
v 60.706 6.616 17.714 0.505 0.425 0.324
v 62.969 4.742 17.714 0.500 0.400 0.280
v 65.231 2.745 17.714 0.500 0.400 0.280
v 67.494 1.124 17.714 0.500 0.400 0.280
v 69.757 0.666 17.714 0.500 0.400 0.280
v 72.020 0.666 17.714 0.500 0.400 0.280
v 74.282 0.666 17.714 0.500 0.400 0.280
v 76.545 0.666 17.714 0.500 0.400 0.280
v 78.808 0.666 17.714 0.500 0.400 0.280
v 81.070 0.666 17.714 0.500 0.400 0.280
v 83.333 0.666 17.714 0.500 0.400 0.280
v 85.596 0.666 17.714 0.500 0.400 0.280
v 87.859 0.666 17.714 0.500 0.400 0.280
v 90.121 0.668 17.714 0.500 0.400 0.280
v 92.384 0.748 17.714 0.500 0.400 0.280
v 94.647 0.831 17.714 0.500 0.400 0.280
v 96.910 0.918 17.714 0.500 0.400 0.280
v 99.172 1.008 17.714 0.500 0.400 0.280
v 101.435 1.102 17.714 0.500 0.400 0.280
v 103.698 1.200 17.714 0.500 0.400 0.280
v 105.961 1.300 17.714 0.500 0.400 0.280
v 108.223 1.405 17.714 0.500 0.400 0.280
v 110.486 1.512 17.714 0.500 0.400 0.280
v 112.749 1.622 17.714 0.500 0.400 0.280
v 115.012 2.241 17.714 0.500 0.400 0.280
v 117.274 5.352 17.714 0.500 0.401 0.283
v 119.537 8.991 17.714 0.518 0.489 0.441
v 121.800 5.363 17.714 0.500 0.402 0.283
v 124.063 3.004 17.714 0.500 0.400 0.280
v 126.325 3.004 17.714 0.500 0.400 0.280
v 128.588 3.004 17.714 0.500 0.400 0.280
v 130.851 3.004 17.714 0.500 0.400 0.280
v 133.114 3.004 17.714 0.500 0.400 0.280
v 135.376 3.004 17.714 0.500 0.400 0.280
v 137.639 3.004 17.714 0.500 0.400 0.280
v 139.902 3.004 17.714 0.500 0.400 0.280
v 142.165 3.004 17.714 0.500 0.400 0.280
v 144.427 3.004 17.714 0.500 0.400 0.280
v 146.690 3.004 17.714 0.500 0.400 0.280
v 148.953 3.004 17.714 0.500 0.400 0.280
v 151.215 3.004 17.714 0.500 0.400 0.280
v 153.478 3.004 17.714 0.500 0.400 0.280
v 155.741 3.004 17.714 0.500 0.400 0.280
v 158.004 3.004 17.714 0.500 0.400 0.280
v 160.266 8.451 17.714 0.515 0.477 0.419
v 162.529 11.566 17.714 0.539 0.516 0.428
v 164.792 11.918 17.714 0.580 0.550 0.360
v 167.055 12.232 17.714 0.580 0.550 0.360
v 169.317 11.866 17.714 0.580 0.550 0.360
v 171.580 11.876 17.714 0.580 0.550 0.360
v 6.400 11.884 19.976 0.580 0.550 0.360
v 8.663 12.276 19.976 0.580 0.550 0.360
v 10.925 12.295 19.976 0.580 0.550 0.360
v 13.188 12.157 19.976 0.580 0.550 0.360
v 15.451 12.232 19.976 0.580 0.550 0.360
v 17.714 12.029 19.976 0.580 0.550 0.360
v 19.976 11.977 19.976 0.580 0.550 0.360
v 22.239 12.649 19.976 0.580 0.550 0.360
v 24.502 12.550 19.976 0.580 0.550 0.360
v 26.765 12.345 19.976 0.580 0.550 0.360
v 29.027 11.965 19.976 0.580 0.550 0.360
v 31.290 12.316 19.976 0.580 0.550 0.360
v 33.553 12.274 19.976 0.580 0.550 0.360
v 35.816 12.155 19.976 0.580 0.550 0.360
v 38.078 12.000 19.976 0.580 0.550 0.360
v 40.341 12.042 19.976 0.580 0.550 0.360
v 42.604 11.883 19.976 0.580 0.550 0.360
v 44.867 11.282 19.976 0.580 0.550 0.360
v 47.129 12.234 19.976 0.580 0.550 0.360
v 49.392 12.266 19.976 0.541 0.517 0.425
v 51.655 9.601 19.976 0.520 0.498 0.457
v 53.918 6.208 19.976 0.503 0.415 0.306
v 56.180 4.240 19.976 0.500 0.400 0.280
v 58.443 2.292 19.976 0.500 0.400 0.280
v 60.706 0.811 19.976 0.500 0.400 0.280
v 62.969 0.050 19.976 0.500 0.400 0.280
v 65.231 0.000 19.976 0.373 0.473 0.244
v 67.494 0.000 19.976 0.360 0.480 0.240
v 69.757 0.000 19.976 0.360 0.480 0.240
v 72.020 0.000 19.976 0.360 0.480 0.240
v 74.282 0.000 19.976 0.360 0.480 0.240
v 76.545 0.000 19.976 0.360 0.480 0.240
v 78.808 0.000 19.976 0.360 0.480 0.240
v 81.070 0.000 19.976 0.360 0.480 0.240
v 83.333 0.000 19.976 0.360 0.480 0.240
v 85.596 0.000 19.976 0.360 0.480 0.240
v 87.859 0.000 19.976 0.360 0.480 0.240
v 90.121 0.000 19.976 0.360 0.480 0.240
v 92.384 0.000 19.976 0.360 0.480 0.240
v 94.647 0.000 19.976 0.360 0.480 0.240
v 96.910 0.000 19.976 0.360 0.480 0.240
v 99.172 0.000 19.976 0.360 0.480 0.240
v 101.435 0.000 19.976 0.360 0.480 0.240
v 103.698 0.000 19.976 0.360 0.480 0.240
v 105.961 0.000 19.976 0.360 0.480 0.240
v 108.223 0.000 19.976 0.360 0.480 0.240
v 110.486 0.000 19.976 0.360 0.480 0.240
v 112.749 0.000 19.976 0.360 0.480 0.240
v 115.012 0.000 19.976 0.360 0.480 0.240
v 117.274 0.499 19.976 0.500 0.400 0.280
v 119.537 3.341 19.976 0.500 0.400 0.280
v 121.800 3.164 19.976 0.500 0.400 0.280
v 124.063 0.014 19.976 0.500 0.400 0.280
v 126.325 0.000 19.976 0.397 0.459 0.250
v 128.588 0.000 19.976 0.397 0.459 0.250
v 130.851 0.000 19.976 0.397 0.459 0.250
v 133.114 0.000 19.976 0.397 0.459 0.250
v 135.376 0.000 19.976 0.397 0.459 0.250
v 137.639 0.000 19.976 0.397 0.459 0.250
v 139.902 0.000 19.976 0.397 0.459 0.250
v 142.165 0.000 19.976 0.397 0.459 0.250
v 144.427 0.000 19.976 0.397 0.459 0.250
v 146.690 0.000 19.976 0.397 0.459 0.250
v 148.953 0.000 19.976 0.397 0.459 0.250
v 151.215 0.000 19.976 0.397 0.459 0.250
v 153.478 0.000 19.976 0.397 0.459 0.250
v 155.741 0.000 19.976 0.500 0.400 0.280
v 158.004 2.998 19.976 0.500 0.400 0.280
v 160.266 8.798 19.976 0.517 0.485 0.434
v 162.529 11.319 19.976 0.575 0.546 0.368
v 164.792 11.524 19.976 0.580 0.550 0.360
v 167.055 11.851 19.976 0.580 0.550 0.360
v 169.317 12.101 19.976 0.580 0.550 0.360
v 171.580 11.922 19.976 0.580 0.550 0.360
v 6.400 11.339 22.239 0.580 0.550 0.360
v 8.663 11.998 22.239 0.580 0.550 0.360
v 10.925 12.263 22.239 0.580 0.550 0.360
v 13.188 12.377 22.239 0.580 0.550 0.360
v 15.451 11.443 22.239 0.580 0.550 0.360
v 17.714 11.943 22.239 0.580 0.550 0.360
v 19.976 12.360 22.239 0.580 0.550 0.360
v 22.239 12.054 22.239 0.580 0.550 0.360
v 24.502 12.496 22.239 0.580 0.550 0.360
v 26.765 12.304 22.239 0.580 0.550 0.360
v 29.027 11.477 22.239 0.580 0.550 0.360
v 31.290 11.879 22.239 0.580 0.550 0.360
v 33.553 11.812 22.239 0.580 0.550 0.360
v 35.816 11.655 22.239 0.580 0.550 0.360
v 38.078 11.486 22.239 0.580 0.550 0.360
v 40.341 11.489 22.239 0.580 0.550 0.360
v 42.604 11.496 22.239 0.580 0.550 0.360
v 44.867 11.505 22.239 0.580 0.550 0.360
v 47.129 12.076 22.239 0.580 0.550 0.360
v 49.392 9.898 22.239 0.520 0.500 0.460
v 51.655 4.355 22.239 0.500 0.400 0.280
v 53.918 0.686 22.239 0.500 0.400 0.280
v 56.180 0.002 22.239 0.500 0.400 0.280
v 58.443 0.000 22.239 0.360 0.480 0.240
v 60.706 0.000 22.239 0.360 0.480 0.240
v 62.969 0.000 22.239 0.360 0.480 0.240
v 65.231 0.000 22.239 0.360 0.480 0.240
v 67.494 0.000 22.239 0.360 0.480 0.240
v 69.757 0.000 22.239 0.360 0.480 0.240
v 72.020 0.000 22.239 0.360 0.480 0.240
v 74.282 0.000 22.239 0.360 0.480 0.240
v 76.545 0.000 22.239 0.360 0.480 0.240
v 78.808 0.000 22.239 0.360 0.480 0.240
v 81.070 0.000 22.239 0.360 0.480 0.240
v 83.333 0.000 22.239 0.360 0.480 0.240
v 85.596 0.000 22.239 0.360 0.480 0.240
v 87.859 0.000 22.239 0.360 0.480 0.240
v 90.121 0.000 22.239 0.360 0.480 0.240
v 92.384 0.000 22.239 0.360 0.480 0.240
v 94.647 0.000 22.239 0.360 0.480 0.240
v 96.910 0.000 22.239 0.360 0.480 0.240
v 99.172 0.000 22.239 0.360 0.480 0.240
v 101.435 0.000 22.239 0.360 0.480 0.240
v 103.698 0.000 22.239 0.360 0.480 0.240
v 105.961 0.000 22.239 0.360 0.480 0.240
v 108.223 0.000 22.239 0.360 0.480 0.240
v 110.486 0.000 22.239 0.360 0.480 0.240
v 112.749 0.000 22.239 0.360 0.480 0.240
v 115.012 0.000 22.239 0.360 0.480 0.240
v 117.274 0.000 22.239 0.360 0.480 0.240
v 119.537 0.000 22.239 0.474 0.415 0.273
v 121.800 1.583 22.239 0.414 0.449 0.256
v 124.063 0.000 22.239 0.360 0.480 0.240
v 126.325 0.000 22.239 0.360 0.480 0.240
v 128.588 0.000 22.239 0.360 0.480 0.240
v 130.851 0.000 22.239 0.360 0.480 0.240
v 133.114 0.000 22.239 0.360 0.480 0.240
v 135.376 0.000 22.239 0.360 0.480 0.240
v 137.639 0.000 22.239 0.360 0.480 0.240
v 139.902 0.000 22.239 0.360 0.480 0.240
v 142.165 0.000 22.239 0.360 0.480 0.240
v 144.427 0.000 22.239 0.360 0.480 0.240
v 146.690 0.000 22.239 0.360 0.480 0.240
v 148.953 0.000 22.239 0.360 0.480 0.240
v 151.215 0.000 22.239 0.360 0.480 0.240
v 153.478 0.000 22.239 0.360 0.480 0.240
v 155.741 0.005 22.239 0.412 0.450 0.255
v 158.004 3.142 22.239 0.500 0.400 0.280
v 160.266 9.353 22.239 0.519 0.495 0.452
v 162.529 11.465 22.239 0.580 0.550 0.360
v 164.792 11.411 22.239 0.580 0.550 0.360
v 167.055 11.567 22.239 0.580 0.550 0.360
v 169.317 12.120 22.239 0.580 0.550 0.360
v 171.580 11.939 22.239 0.580 0.550 0.360
v 6.400 11.303 24.502 0.580 0.550 0.360
v 8.663 12.214 24.502 0.580 0.550 0.360
v 10.925 12.330 24.502 0.580 0.550 0.360
v 13.188 12.111 24.502 0.580 0.550 0.360
v 15.451 11.804 24.502 0.580 0.550 0.360
v 17.714 11.782 24.502 0.580 0.550 0.360
v 19.976 11.895 24.502 0.580 0.550 0.360
v 22.239 12.512 24.502 0.580 0.550 0.360
v 24.502 12.283 24.502 0.580 0.550 0.360
v 26.765 12.195 24.502 0.580 0.550 0.360
v 29.027 12.191 24.502 0.580 0.550 0.360
v 31.290 12.051 24.502 0.580 0.550 0.360
v 33.553 12.028 24.502 0.580 0.550 0.360
v 35.816 12.027 24.502 0.580 0.550 0.360
v 38.078 12.049 24.502 0.580 0.550 0.360
v 40.341 12.140 24.502 0.580 0.550 0.360
v 42.604 12.166 24.502 0.580 0.550 0.360
v 44.867 12.096 24.502 0.580 0.550 0.360
v 47.129 10.786 24.502 0.520 0.500 0.460
v 49.392 5.668 24.502 0.501 0.405 0.289
v 51.655 0.814 24.502 0.500 0.400 0.280
v 53.918 0.000 24.502 0.360 0.480 0.240
v 56.180 0.000 24.502 0.360 0.480 0.240
v 58.443 0.000 24.502 0.360 0.480 0.240
v 60.706 0.000 24.502 0.360 0.480 0.240
v 62.969 0.000 24.502 0.360 0.480 0.240
v 65.231 0.000 24.502 0.360 0.480 0.240
v 67.494 0.000 24.502 0.360 0.480 0.240
v 69.757 0.000 24.502 0.360 0.480 0.240
v 72.020 0.000 24.502 0.360 0.480 0.240
v 74.282 0.000 24.502 0.360 0.480 0.240
v 76.545 0.000 24.502 0.360 0.480 0.240
v 78.808 0.000 24.502 0.360 0.480 0.240
v 81.070 0.000 24.502 0.360 0.480 0.240
v 83.333 0.000 24.502 0.360 0.480 0.240
v 85.596 0.000 24.502 0.360 0.480 0.240
v 87.859 0.000 24.502 0.360 0.480 0.240
v 90.121 0.000 24.502 0.360 0.480 0.240
v 92.384 0.000 24.502 0.360 0.480 0.240
v 94.647 0.000 24.502 0.360 0.480 0.240
v 96.910 0.000 24.502 0.360 0.480 0.240
v 99.172 0.000 24.502 0.360 0.480 0.240
v 101.435 0.000 24.502 0.360 0.480 0.240
v 103.698 0.000 24.502 0.360 0.480 0.240
v 105.961 0.000 24.502 0.360 0.480 0.240
v 108.223 0.000 24.502 0.360 0.480 0.240
v 110.486 0.000 24.502 0.360 0.480 0.240
v 112.749 0.000 24.502 0.360 0.480 0.240
v 115.012 0.000 24.502 0.360 0.480 0.240
v 117.274 0.000 24.502 0.360 0.480 0.240
v 119.537 0.000 24.502 0.360 0.480 0.240
v 121.800 0.000 24.502 0.360 0.480 0.240
v 124.063 0.000 24.502 0.360 0.480 0.240
v 126.325 0.000 24.502 0.360 0.480 0.240
v 128.588 0.000 24.502 0.360 0.480 0.240
v 130.851 0.000 24.502 0.360 0.480 0.240
v 133.114 0.000 24.502 0.360 0.480 0.240
v 135.376 0.000 24.502 0.360 0.480 0.240
v 137.639 0.000 24.502 0.360 0.480 0.240
v 139.902 0.000 24.502 0.360 0.480 0.240
v 142.165 0.000 24.502 0.360 0.480 0.240
v 144.427 0.000 24.502 0.360 0.480 0.240
v 146.690 0.000 24.502 0.360 0.480 0.240
v 148.953 0.000 24.502 0.360 0.480 0.240
v 151.215 0.000 24.502 0.360 0.480 0.240
v 153.478 0.000 24.502 0.360 0.480 0.240
v 155.741 0.016 24.502 0.429 0.441 0.260
v 158.004 3.286 24.502 0.500 0.400 0.280
v 160.266 8.805 24.502 0.517 0.486 0.434
v 162.529 11.568 24.502 0.576 0.547 0.366
v 164.792 11.453 24.502 0.580 0.550 0.360
v 167.055 11.483 24.502 0.580 0.550 0.360
v 169.317 12.328 24.502 0.580 0.550 0.360
v 171.580 12.173 24.502 0.580 0.550 0.360
v 6.400 11.716 26.765 0.580 0.550 0.360
v 8.663 12.139 26.765 0.580 0.550 0.360
v 10.925 12.139 26.765 0.580 0.550 0.360
v 13.188 11.959 26.765 0.580 0.550 0.360
v 15.451 12.055 26.765 0.580 0.550 0.360
v 17.714 11.929 26.765 0.580 0.550 0.360
v 19.976 11.951 26.765 0.580 0.550 0.360
v 22.239 12.701 26.765 0.580 0.550 0.360
v 24.502 12.099 26.765 0.580 0.550 0.360
v 26.765 11.982 26.765 0.580 0.550 0.360
v 29.027 12.241 26.765 0.580 0.550 0.360
v 31.290 12.231 26.765 0.580 0.550 0.360
v 33.553 12.207 26.765 0.580 0.550 0.360
v 35.816 12.168 26.765 0.580 0.550 0.360
v 38.078 12.034 26.765 0.580 0.550 0.360
v 40.341 12.293 26.765 0.580 0.550 0.360
v 42.604 12.370 26.765 0.580 0.550 0.360
v 44.867 11.831 26.765 0.520 0.500 0.460
v 47.129 7.111 26.765 0.508 0.438 0.349
v 49.392 1.760 26.765 0.500 0.400 0.280
v 51.655 0.000 26.765 0.360 0.480 0.240
v 53.918 0.000 26.765 0.360 0.480 0.240
v 56.180 0.000 26.765 0.360 0.480 0.240
v 58.443 0.000 26.765 0.360 0.480 0.240
v 60.706 0.000 26.765 0.360 0.480 0.240
v 62.969 0.000 26.765 0.360 0.480 0.240
v 65.231 0.000 26.765 0.494 0.404 0.278
v 67.494 0.411 26.765 0.500 0.400 0.280
v 69.757 1.612 26.765 0.500 0.400 0.280
v 72.020 1.612 26.765 0.500 0.400 0.280
v 74.282 1.612 26.765 0.500 0.400 0.280
v 76.545 1.612 26.765 0.500 0.400 0.280
v 78.808 1.612 26.765 0.500 0.400 0.280
v 81.070 1.612 26.765 0.500 0.400 0.280
v 83.333 1.612 26.765 0.500 0.400 0.280
v 85.596 1.612 26.765 0.500 0.400 0.280
v 87.859 1.612 26.765 0.500 0.400 0.280
v 90.121 1.603 26.765 0.500 0.400 0.280
v 92.384 1.493 26.765 0.500 0.400 0.280
v 94.647 1.387 26.765 0.500 0.400 0.280
v 96.910 1.283 26.765 0.500 0.400 0.280
v 99.172 1.183 26.765 0.500 0.400 0.280
v 101.435 1.086 26.765 0.500 0.400 0.280
v 103.698 0.992 26.765 0.500 0.400 0.280
v 105.961 0.902 26.765 0.500 0.400 0.280
v 108.223 0.816 26.765 0.500 0.400 0.280
v 110.486 0.734 26.765 0.500 0.400 0.280
v 112.749 0.261 26.765 0.500 0.400 0.280
v 115.012 0.000 26.765 0.360 0.480 0.240
v 117.274 0.000 26.765 0.360 0.480 0.240
v 119.537 0.000 26.765 0.360 0.480 0.240
v 121.800 0.000 26.765 0.360 0.480 0.240
v 124.063 0.000 26.765 0.360 0.480 0.240
v 126.325 0.000 26.765 0.360 0.480 0.240
v 128.588 0.000 26.765 0.360 0.480 0.240
v 130.851 0.000 26.765 0.360 0.480 0.240
v 133.114 0.000 26.765 0.360 0.480 0.240
v 135.376 0.000 26.765 0.360 0.480 0.240
v 137.639 0.000 26.765 0.360 0.480 0.240
v 139.902 0.000 26.765 0.360 0.480 0.240
v 142.165 0.000 26.765 0.360 0.480 0.240
v 144.427 0.000 26.765 0.360 0.480 0.240
v 146.690 0.000 26.765 0.360 0.480 0.240
v 148.953 0.000 26.765 0.360 0.480 0.240
v 151.215 0.000 26.765 0.360 0.480 0.240
v 153.478 0.000 26.765 0.360 0.480 0.240
v 155.741 0.032 26.765 0.446 0.431 0.265
v 158.004 3.433 26.765 0.500 0.400 0.280
v 160.266 8.720 26.765 0.517 0.484 0.431
v 162.529 11.852 26.765 0.556 0.530 0.400
v 164.792 11.779 26.765 0.580 0.550 0.360
v 167.055 11.771 26.765 0.580 0.550 0.360
v 169.317 12.499 26.765 0.580 0.550 0.360
v 171.580 12.091 26.765 0.580 0.550 0.360
v 6.400 12.691 29.027 0.580 0.550 0.360
v 8.663 11.777 29.027 0.580 0.550 0.360
v 10.925 11.639 29.027 0.580 0.550 0.360
v 13.188 11.831 29.027 0.580 0.550 0.360
v 15.451 12.312 29.027 0.580 0.550 0.360
v 17.714 12.403 29.027 0.580 0.550 0.360
v 19.976 12.483 29.027 0.580 0.550 0.360
v 22.239 12.717 29.027 0.580 0.550 0.360
v 24.502 11.859 29.027 0.580 0.550 0.360
v 26.765 11.596 29.027 0.580 0.550 0.360
v 29.027 11.744 29.027 0.580 0.550 0.360
v 31.290 12.481 29.027 0.580 0.550 0.360
v 33.553 12.419 29.027 0.580 0.550 0.360
v 35.816 12.163 29.027 0.580 0.550 0.360
v 38.078 11.523 29.027 0.580 0.550 0.360
v 40.341 12.084 29.027 0.580 0.550 0.360
v 42.604 12.250 29.027 0.527 0.506 0.449
v 44.867 8.510 29.027 0.516 0.479 0.422
v 47.129 2.957 29.027 0.500 0.400 0.280
v 49.392 0.000 29.027 0.447 0.430 0.265
v 51.655 0.000 29.027 0.360 0.480 0.240
v 53.918 0.000 29.027 0.360 0.480 0.240
v 56.180 0.000 29.027 0.360 0.480 0.240
v 58.443 0.015 29.027 0.365 0.477 0.242
v 60.706 0.652 29.027 0.500 0.400 0.280
v 62.969 2.044 29.027 0.500 0.400 0.280
v 65.231 3.940 29.027 0.500 0.400 0.280
v 67.494 5.899 29.027 0.502 0.409 0.295
v 69.757 7.913 29.027 0.512 0.462 0.392
v 72.020 8.608 29.027 0.516 0.481 0.426
v 74.282 8.931 29.027 0.518 0.488 0.439
v 76.545 8.280 29.027 0.515 0.473 0.411
v 78.808 8.207 29.027 0.514 0.471 0.407
v 81.070 8.107 29.027 0.514 0.468 0.402
v 83.333 7.899 29.027 0.512 0.462 0.391
v 85.596 8.105 29.027 0.514 0.468 0.402
v 87.859 8.248 29.027 0.514 0.472 0.409
v 90.121 8.381 29.027 0.515 0.475 0.416
v 92.384 8.366 29.027 0.515 0.475 0.415
v 94.647 8.322 29.027 0.515 0.474 0.413
v 96.910 8.178 29.027 0.514 0.470 0.406
v 99.172 7.826 29.027 0.512 0.460 0.388
v 101.435 7.916 29.027 0.512 0.462 0.392
v 103.698 7.754 29.027 0.512 0.458 0.384
v 105.961 7.488 29.027 0.510 0.450 0.369
v 108.223 7.424 29.027 0.510 0.448 0.366
v 110.486 6.937 29.027 0.507 0.433 0.340
v 112.749 4.727 29.027 0.500 0.400 0.280
v 115.012 1.337 29.027 0.500 0.400 0.280
v 117.274 0.000 29.027 0.430 0.440 0.260
v 119.537 0.000 29.027 0.360 0.480 0.240
v 121.800 0.000 29.027 0.360 0.480 0.240
v 124.063 0.000 29.027 0.360 0.480 0.240
v 126.325 0.000 29.027 0.360 0.480 0.240
v 128.588 0.000 29.027 0.360 0.480 0.240
v 130.851 0.000 29.027 0.360 0.480 0.240
v 133.114 0.000 29.027 0.360 0.480 0.240
v 135.376 0.000 29.027 0.360 0.480 0.240
v 137.639 0.000 29.027 0.360 0.480 0.240
v 139.902 0.000 29.027 0.360 0.480 0.240
v 142.165 0.000 29.027 0.360 0.480 0.240
v 144.427 0.000 29.027 0.360 0.480 0.240
v 146.690 0.000 29.027 0.360 0.480 0.240
v 148.953 0.000 29.027 0.360 0.480 0.240
v 151.215 0.000 29.027 0.360 0.480 0.240
v 153.478 0.000 29.027 0.360 0.480 0.240
v 155.741 0.053 29.027 0.463 0.421 0.269
v 158.004 3.582 29.027 0.500 0.400 0.280
v 160.266 8.959 29.027 0.518 0.489 0.440
v 162.529 12.416 29.027 0.538 0.515 0.430
v 164.792 12.492 29.027 0.580 0.550 0.360
v 167.055 12.507 29.027 0.580 0.550 0.360
v 169.317 12.696 29.027 0.580 0.550 0.360
v 171.580 11.702 29.027 0.580 0.550 0.360
v 6.400 11.972 31.290 0.580 0.550 0.360
v 8.663 12.012 31.290 0.580 0.550 0.360
v 10.925 11.774 31.290 0.580 0.550 0.360
v 13.188 11.380 31.290 0.580 0.550 0.360
v 15.451 11.925 31.290 0.580 0.550 0.360
v 17.714 12.043 31.290 0.580 0.550 0.360
v 19.976 12.001 31.290 0.580 0.550 0.360
v 22.239 11.443 31.290 0.580 0.550 0.360
v 24.502 12.127 31.290 0.580 0.550 0.360
v 26.765 12.384 31.290 0.580 0.550 0.360
v 29.027 12.370 31.290 0.580 0.550 0.360
v 31.290 11.630 31.290 0.580 0.550 0.360
v 33.553 11.641 31.290 0.580 0.550 0.360
v 35.816 11.846 31.290 0.580 0.550 0.360
v 38.078 12.510 31.290 0.580 0.550 0.360
v 40.341 12.425 31.290 0.580 0.550 0.360
v 42.604 11.038 31.290 0.520 0.500 0.460
v 44.867 4.571 31.290 0.500 0.400 0.280
v 47.129 0.201 31.290 0.500 0.400 0.280
v 49.392 0.000 31.290 0.360 0.480 0.240
v 51.655 0.000 31.290 0.360 0.480 0.240
v 53.918 0.000 31.290 0.360 0.480 0.240
v 56.180 0.000 31.290 0.386 0.465 0.247
v 58.443 2.533 31.290 0.500 0.400 0.280
v 60.706 6.817 31.290 0.506 0.430 0.334
v 62.969 9.142 31.290 0.518 0.492 0.446
v 65.231 10.802 31.290 0.520 0.500 0.460
v 67.494 11.671 31.290 0.520 0.500 0.460
v 69.757 11.859 31.290 0.520 0.500 0.460
v 72.020 11.873 31.290 0.541 0.517 0.425
v 74.282 11.982 31.290 0.553 0.528 0.404
v 76.545 12.540 31.290 0.520 0.500 0.460
v 78.808 11.951 31.290 0.530 0.509 0.443
v 81.070 11.766 31.290 0.542 0.518 0.423
v 83.333 12.017 31.290 0.526 0.505 0.451
v 85.596 12.188 31.290 0.520 0.500 0.460
v 87.859 11.995 31.290 0.527 0.506 0.448
v 90.121 11.707 31.290 0.558 0.532 0.396
v 92.384 11.779 31.290 0.557 0.531 0.398
v 94.647 11.993 31.290 0.530 0.508 0.443
v 96.910 12.111 31.290 0.520 0.500 0.460
v 99.172 12.058 31.290 0.520 0.500 0.460
v 101.435 12.334 31.290 0.521 0.501 0.459
v 103.698 12.103 31.290 0.520 0.500 0.460
v 105.961 11.574 31.290 0.520 0.500 0.460
v 108.223 12.111 31.290 0.520 0.500 0.460
v 110.486 11.922 31.290 0.520 0.500 0.460
v 112.749 10.323 31.290 0.520 0.500 0.460
v 115.012 7.185 31.290 0.508 0.441 0.353
v 117.274 3.017 31.290 0.500 0.400 0.280
v 119.537 0.354 31.290 0.500 0.400 0.280
v 121.800 0.000 31.290 0.360 0.480 0.240
v 124.063 0.000 31.290 0.360 0.480 0.240
v 126.325 0.000 31.290 0.360 0.480 0.240
v 128.588 0.000 31.290 0.360 0.480 0.240
v 130.851 0.000 31.290 0.360 0.480 0.240
v 133.114 0.000 31.290 0.360 0.480 0.240
v 135.376 0.000 31.290 0.360 0.480 0.240
v 137.639 0.000 31.290 0.360 0.480 0.240
v 139.902 0.000 31.290 0.360 0.480 0.240
v 142.165 0.000 31.290 0.360 0.480 0.240
v 144.427 0.000 31.290 0.360 0.480 0.240
v 146.690 0.000 31.290 0.360 0.480 0.240
v 148.953 0.000 31.290 0.360 0.480 0.240
v 151.215 0.000 31.290 0.360 0.480 0.240
v 153.478 0.000 31.290 0.360 0.480 0.240
v 155.741 0.080 31.290 0.477 0.413 0.274
v 158.004 3.731 31.290 0.500 0.400 0.280
v 160.266 9.204 31.290 0.519 0.493 0.448
v 162.529 12.107 31.290 0.561 0.535 0.391
v 164.792 12.238 31.290 0.580 0.550 0.360
v 167.055 12.248 31.290 0.580 0.550 0.360
v 169.317 11.497 31.290 0.580 0.550 0.360
v 171.580 11.810 31.290 0.580 0.550 0.360
v 6.400 12.074 33.553 0.580 0.550 0.360
v 8.663 11.948 33.553 0.580 0.550 0.360
v 10.925 11.851 33.553 0.580 0.550 0.360
v 13.188 11.746 33.553 0.580 0.550 0.360
v 15.451 11.810 33.553 0.580 0.550 0.360
v 17.714 12.062 33.553 0.580 0.550 0.360
v 19.976 12.118 33.553 0.580 0.550 0.360
v 22.239 11.307 33.553 0.580 0.550 0.360
v 24.502 11.761 33.553 0.580 0.550 0.360
v 26.765 11.969 33.553 0.580 0.550 0.360
v 29.027 12.047 33.553 0.580 0.550 0.360
v 31.290 11.759 33.553 0.580 0.550 0.360
v 33.553 11.900 33.553 0.580 0.550 0.360
v 35.816 12.151 33.553 0.580 0.550 0.360
v 38.078 12.606 33.553 0.580 0.550 0.360
v 40.341 12.105 33.553 0.553 0.527 0.406
v 42.604 9.432 33.553 0.519 0.496 0.454
v 44.867 2.600 33.553 0.500 0.400 0.280
v 47.129 0.000 33.553 0.365 0.477 0.241
v 49.392 0.000 33.553 0.360 0.480 0.240
v 51.655 0.000 33.553 0.360 0.480 0.240
v 53.918 0.000 33.553 0.360 0.480 0.240
v 56.180 1.411 33.553 0.500 0.400 0.280
v 58.443 6.775 33.553 0.506 0.429 0.332
v 60.706 11.711 33.553 0.520 0.500 0.460
v 62.969 12.075 33.553 0.579 0.549 0.362
v 65.231 11.960 33.553 0.580 0.550 0.360
v 67.494 11.849 33.553 0.580 0.550 0.360
v 69.757 12.116 33.553 0.580 0.550 0.360
v 72.020 12.086 33.553 0.580 0.550 0.360
v 74.282 12.091 33.553 0.580 0.550 0.360
v 76.545 12.563 33.553 0.580 0.550 0.360
v 78.808 11.837 33.553 0.580 0.550 0.360
v 81.070 11.560 33.553 0.580 0.550 0.360
v 83.333 11.728 33.553 0.580 0.550 0.360
v 85.596 12.317 33.553 0.580 0.550 0.360
v 87.859 12.026 33.553 0.580 0.550 0.360
v 90.121 11.501 33.553 0.580 0.550 0.360
v 92.384 11.509 33.553 0.580 0.550 0.360
v 94.647 12.032 33.553 0.580 0.550 0.360
v 96.910 12.348 33.553 0.580 0.550 0.360
v 99.172 12.300 33.553 0.580 0.550 0.360
v 101.435 12.002 33.553 0.580 0.550 0.360
v 103.698 11.873 33.553 0.580 0.550 0.360
v 105.961 11.812 33.553 0.580 0.550 0.360
v 108.223 12.346 33.553 0.580 0.550 0.360
v 110.486 12.227 33.553 0.580 0.550 0.360
v 112.749 12.122 33.553 0.580 0.550 0.360
v 115.012 12.012 33.553 0.520 0.500 0.460
v 117.274 8.801 33.553 0.517 0.486 0.434
v 119.537 4.909 33.553 0.500 0.400 0.280
v 121.800 0.493 33.553 0.500 0.400 0.280
v 124.063 0.000 33.553 0.360 0.480 0.240
v 126.325 0.000 33.553 0.360 0.480 0.240
v 128.588 0.000 33.553 0.360 0.480 0.240
v 130.851 0.000 33.553 0.360 0.480 0.240
v 133.114 0.000 33.553 0.360 0.480 0.240
v 135.376 0.000 33.553 0.360 0.480 0.240
v 137.639 0.000 33.553 0.360 0.480 0.240
v 139.902 0.000 33.553 0.360 0.480 0.240
v 142.165 0.000 33.553 0.360 0.480 0.240
v 144.427 0.000 33.553 0.360 0.480 0.240
v 146.690 0.000 33.553 0.360 0.480 0.240
v 148.953 0.000 33.553 0.360 0.480 0.240
v 151.215 0.000 33.553 0.360 0.480 0.240
v 153.478 0.000 33.553 0.360 0.480 0.240
v 155.741 0.107 33.553 0.487 0.408 0.276
v 158.004 3.839 33.553 0.500 0.400 0.280
v 160.266 9.364 33.553 0.519 0.496 0.452
v 162.529 11.962 33.553 0.578 0.548 0.363
v 164.792 11.944 33.553 0.580 0.550 0.360
v 167.055 11.914 33.553 0.580 0.550 0.360
v 169.317 11.881 33.553 0.580 0.550 0.360
v 171.580 12.188 33.553 0.580 0.550 0.360
v 6.400 12.270 35.816 0.580 0.550 0.360
v 8.663 11.897 35.816 0.580 0.550 0.360
v 10.925 11.979 35.816 0.580 0.550 0.360
v 13.188 12.261 35.816 0.580 0.550 0.360
v 15.451 11.796 35.816 0.580 0.550 0.360
v 17.714 12.110 35.816 0.580 0.550 0.360
v 19.976 12.254 35.816 0.580 0.550 0.360
v 22.239 11.436 35.816 0.580 0.550 0.360
v 24.502 11.346 35.816 0.580 0.550 0.360
v 26.765 11.410 35.816 0.580 0.550 0.360
v 29.027 11.637 35.816 0.580 0.550 0.360
v 31.290 12.033 35.816 0.580 0.550 0.360
v 33.553 12.298 35.816 0.580 0.550 0.360
v 35.816 12.516 35.816 0.580 0.550 0.360
v 38.078 12.435 35.816 0.580 0.550 0.360
v 40.341 11.756 35.816 0.529 0.507 0.445
v 42.604 8.687 35.816 0.517 0.483 0.429
v 44.867 2.255 35.816 0.500 0.400 0.280
v 47.129 0.000 35.816 0.360 0.480 0.240
v 49.392 0.000 35.816 0.360 0.480 0.240
v 51.655 0.000 35.816 0.360 0.480 0.240
v 53.918 0.293 35.816 0.500 0.400 0.280
v 56.180 5.240 35.816 0.500 0.401 0.281
v 58.443 10.544 35.816 0.520 0.500 0.460
v 60.706 12.069 35.816 0.580 0.550 0.360
v 62.969 11.666 35.816 0.580 0.550 0.360
v 65.231 11.583 35.816 0.580 0.550 0.360
v 67.494 11.695 35.816 0.580 0.550 0.360
v 69.757 12.338 35.816 0.580 0.550 0.360
v 72.020 12.360 35.816 0.580 0.550 0.360
v 74.282 12.325 35.816 0.580 0.550 0.360
v 76.545 12.469 35.816 0.580 0.550 0.360
v 78.808 11.716 35.816 0.580 0.550 0.360
v 81.070 11.360 35.816 0.580 0.550 0.360
v 83.333 11.331 35.816 0.580 0.550 0.360
v 85.596 12.351 35.816 0.580 0.550 0.360
v 87.859 12.008 35.816 0.580 0.550 0.360
v 90.121 11.313 35.816 0.580 0.550 0.360
v 92.384 11.355 35.816 0.580 0.550 0.360
v 94.647 12.073 35.816 0.580 0.550 0.360
v 96.910 12.513 35.816 0.580 0.550 0.360
v 99.172 12.474 35.816 0.580 0.550 0.360
v 101.435 11.679 35.816 0.580 0.550 0.360
v 103.698 11.677 35.816 0.580 0.550 0.360
v 105.961 12.084 35.816 0.580 0.550 0.360
v 108.223 12.528 35.816 0.580 0.550 0.360
v 110.486 12.458 35.816 0.580 0.550 0.360
v 112.749 12.349 35.816 0.580 0.550 0.360
v 115.012 12.272 35.816 0.580 0.550 0.360
v 117.274 10.540 35.816 0.520 0.500 0.460
v 119.537 5.737 35.816 0.501 0.406 0.291
v 121.800 0.935 35.816 0.500 0.400 0.280
v 124.063 0.000 35.816 0.360 0.480 0.240
v 126.325 0.000 35.816 0.360 0.480 0.240
v 128.588 0.000 35.816 0.360 0.480 0.240
v 130.851 0.000 35.816 0.360 0.480 0.240
v 133.114 0.000 35.816 0.360 0.480 0.240
v 135.376 0.000 35.816 0.360 0.480 0.240
v 137.639 -0.150 35.816 0.360 0.480 0.240
v 139.902 -0.150 35.816 0.360 0.480 0.240
v 142.165 -0.150 35.816 0.360 0.480 0.240
v 144.427 -0.150 35.816 0.360 0.480 0.240
v 146.690 -0.150 35.816 0.360 0.480 0.240
v 148.953 -0.150 35.816 0.360 0.480 0.240
v 151.215 -0.150 35.816 0.360 0.480 0.240
v 153.478 -0.150 35.816 0.360 0.480 0.240
v 155.741 -0.150 35.816 0.360 0.480 0.240
v 158.004 -0.150 35.816 0.495 0.403 0.279
v 160.266 -0.150 35.816 0.500 0.400 0.280
v 162.529 11.792 35.816 0.520 0.500 0.460
v 164.792 11.669 35.816 0.580 0.550 0.360
v 167.055 11.660 35.816 0.580 0.550 0.360
v 169.317 12.520 35.816 0.580 0.550 0.360
v 171.580 12.573 35.816 0.580 0.550 0.360
v 6.400 12.003 38.078 0.580 0.550 0.360
v 8.663 12.406 38.078 0.580 0.550 0.360
v 10.925 12.571 38.078 0.580 0.550 0.360
v 13.188 12.654 38.078 0.580 0.550 0.360
v 15.451 12.250 38.078 0.580 0.550 0.360
v 17.714 11.845 38.078 0.580 0.550 0.360
v 19.976 11.630 38.078 0.580 0.550 0.360
v 22.239 12.099 38.078 0.580 0.550 0.360
v 24.502 11.599 38.078 0.580 0.550 0.360
v 26.765 11.596 38.078 0.580 0.550 0.360
v 29.027 12.028 38.078 0.580 0.550 0.360
v 31.290 11.993 38.078 0.580 0.550 0.360
v 33.553 12.211 38.078 0.580 0.550 0.360
v 35.816 12.347 38.078 0.580 0.550 0.360
v 38.078 11.363 38.078 0.580 0.550 0.360
v 40.341 12.259 38.078 0.580 0.550 0.360
v 42.604 9.423 38.078 0.519 0.496 0.453
v 44.867 1.935 38.078 0.500 0.400 0.280
v 47.129 0.000 38.078 0.360 0.480 0.240
v 49.392 0.000 38.078 0.360 0.480 0.240
v 51.655 0.000 38.078 0.360 0.480 0.240
v 53.918 0.447 38.078 0.500 0.400 0.280
v 56.180 6.415 38.078 0.504 0.419 0.315
v 58.443 11.702 38.078 0.520 0.500 0.460
v 60.706 11.481 38.078 0.580 0.550 0.360
v 62.969 11.525 38.078 0.580 0.550 0.360
v 65.231 11.945 38.078 0.580 0.550 0.360
v 67.494 12.747 38.078 0.580 0.550 0.360
v 69.757 12.098 38.078 0.580 0.550 0.360
v 72.020 12.330 38.078 0.580 0.550 0.360
v 74.282 12.610 38.078 0.580 0.550 0.360
v 76.545 12.476 38.078 0.580 0.550 0.360
v 78.808 12.109 38.078 0.580 0.550 0.360
v 81.070 11.835 38.078 0.580 0.550 0.360
v 83.333 11.533 38.078 0.580 0.550 0.360
v 85.596 12.233 38.078 0.580 0.550 0.360
v 87.859 11.896 38.078 0.580 0.550 0.360
v 90.121 11.354 38.078 0.580 0.550 0.360
v 92.384 12.224 38.078 0.580 0.550 0.360
v 94.647 11.790 38.078 0.580 0.550 0.360
v 96.910 11.554 38.078 0.580 0.550 0.360
v 99.172 11.820 38.078 0.580 0.550 0.360
v 101.435 12.159 38.078 0.580 0.550 0.360
v 103.698 11.969 38.078 0.580 0.550 0.360
v 105.961 11.474 38.078 0.580 0.550 0.360
v 108.223 11.788 38.078 0.580 0.550 0.360
v 110.486 12.105 38.078 0.580 0.550 0.360
v 112.749 12.357 38.078 0.580 0.550 0.360
v 115.012 12.407 38.078 0.580 0.550 0.360
v 117.274 11.013 38.078 0.520 0.500 0.460
v 119.537 6.433 38.078 0.504 0.420 0.316
v 121.800 1.491 38.078 0.500 0.400 0.280
v 124.063 0.000 38.078 0.360 0.480 0.240
v 126.325 0.000 38.078 0.360 0.480 0.240
v 128.588 0.000 38.078 0.360 0.480 0.240
v 130.851 0.000 38.078 0.360 0.480 0.240
v 133.114 0.000 38.078 0.360 0.480 0.240
v 135.376 0.000 38.078 0.360 0.480 0.240
v 137.639 -0.150 38.078 0.360 0.480 0.240
v 139.902 -0.150 38.078 0.360 0.480 0.240
v 142.165 -0.150 38.078 0.360 0.480 0.240
v 144.427 -0.150 38.078 0.360 0.480 0.240
v 146.690 -0.150 38.078 0.360 0.480 0.240
v 148.953 -0.150 38.078 0.360 0.480 0.240
v 151.215 -0.150 38.078 0.360 0.480 0.240
v 153.478 -0.150 38.078 0.360 0.480 0.240
v 155.741 -0.150 38.078 0.360 0.480 0.240
v 158.004 -0.150 38.078 0.360 0.480 0.240
v 160.266 -0.150 38.078 0.500 0.400 0.280
v 162.529 11.162 38.078 0.520 0.500 0.460
v 164.792 11.722 38.078 0.580 0.550 0.360
v 167.055 12.286 38.078 0.580 0.550 0.360
v 169.317 12.774 38.078 0.580 0.550 0.360
v 171.580 12.489 38.078 0.580 0.550 0.360
v 6.400 11.736 40.341 0.580 0.550 0.360
v 8.663 12.008 40.341 0.580 0.550 0.360
v 10.925 12.324 40.341 0.580 0.550 0.360
v 13.188 12.723 40.341 0.580 0.550 0.360
v 15.451 12.421 40.341 0.580 0.550 0.360
v 17.714 12.246 40.341 0.580 0.550 0.360
v 19.976 12.105 40.341 0.580 0.550 0.360
v 22.239 11.987 40.341 0.580 0.550 0.360
v 24.502 11.926 40.341 0.580 0.550 0.360
v 26.765 11.981 40.341 0.580 0.550 0.360
v 29.027 12.167 40.341 0.580 0.550 0.360
v 31.290 12.453 40.341 0.580 0.550 0.360
v 33.553 12.298 40.341 0.580 0.550 0.360
v 35.816 12.061 40.341 0.580 0.550 0.360
v 38.078 11.869 40.341 0.580 0.550 0.360
v 40.341 12.028 40.341 0.548 0.524 0.413
v 42.604 8.569 40.341 0.516 0.480 0.424
v 44.867 1.633 40.341 0.500 0.400 0.280
v 47.129 0.000 40.341 0.360 0.480 0.240
v 49.392 0.000 40.341 0.360 0.480 0.240
v 51.655 0.000 40.341 0.360 0.480 0.240
v 53.918 0.629 40.341 0.500 0.400 0.280
v 56.180 6.631 40.341 0.505 0.425 0.325
v 58.443 11.674 40.341 0.520 0.500 0.460
v 60.706 12.332 40.341 0.580 0.550 0.360
v 62.969 12.315 40.341 0.580 0.550 0.360
v 65.231 12.165 40.341 0.580 0.550 0.360
v 67.494 11.878 40.341 0.580 0.550 0.360
v 69.757 12.033 40.341 0.580 0.550 0.360
v 72.020 12.372 40.341 0.580 0.550 0.360
v 74.282 12.659 40.341 0.580 0.550 0.360
v 76.545 12.492 40.341 0.580 0.550 0.360
v 78.808 12.359 40.341 0.580 0.550 0.360
v 81.070 12.172 40.341 0.580 0.550 0.360
v 83.333 11.814 40.341 0.580 0.550 0.360
v 85.596 12.413 40.341 0.580 0.550 0.360
v 87.859 12.022 40.341 0.580 0.550 0.360
v 90.121 11.447 40.341 0.580 0.550 0.360
v 92.384 12.473 40.341 0.580 0.550 0.360
v 94.647 11.952 40.341 0.580 0.550 0.360
v 96.910 11.679 40.341 0.580 0.550 0.360
v 99.172 12.034 40.341 0.580 0.550 0.360
v 101.435 11.722 40.341 0.580 0.550 0.360
v 103.698 11.562 40.341 0.580 0.550 0.360
v 105.961 11.448 40.341 0.580 0.550 0.360
v 108.223 11.811 40.341 0.580 0.550 0.360
v 110.486 12.256 40.341 0.580 0.550 0.360
v 112.749 12.530 40.341 0.580 0.550 0.360
v 115.012 12.073 40.341 0.580 0.550 0.360
v 117.274 11.209 40.341 0.520 0.500 0.460
v 119.537 7.072 40.341 0.507 0.437 0.347
v 121.800 2.145 40.341 0.500 0.400 0.280
v 124.063 0.000 40.341 0.360 0.480 0.240
v 126.325 0.000 40.341 0.360 0.480 0.240
v 128.588 0.000 40.341 0.360 0.480 0.240
v 130.851 0.000 40.341 0.360 0.480 0.240
v 133.114 0.000 40.341 0.360 0.480 0.240
v 135.376 0.000 40.341 0.360 0.480 0.240
v 137.639 -0.150 40.341 0.360 0.480 0.240
v 139.902 -0.150 40.341 0.360 0.480 0.240
v 142.165 -0.150 40.341 0.360 0.480 0.240
v 144.427 -0.150 40.341 0.360 0.480 0.240
v 146.690 -0.150 40.341 0.360 0.480 0.240
v 148.953 -0.150 40.341 0.360 0.480 0.240
v 151.215 -0.150 40.341 0.360 0.480 0.240
v 153.478 -0.150 40.341 0.360 0.480 0.240
v 155.741 -0.150 40.341 0.360 0.480 0.240
v 158.004 -0.150 40.341 0.360 0.480 0.240
v 160.266 -0.150 40.341 0.500 0.400 0.280
v 162.529 10.964 40.341 0.520 0.500 0.460
v 164.792 11.927 40.341 0.580 0.550 0.360
v 167.055 12.484 40.341 0.580 0.550 0.360
v 169.317 12.625 40.341 0.580 0.550 0.360
v 171.580 12.454 40.341 0.580 0.550 0.360
v 6.400 11.861 42.604 0.580 0.550 0.360
v 8.663 11.746 42.604 0.580 0.550 0.360
v 10.925 12.055 42.604 0.580 0.550 0.360
v 13.188 12.614 42.604 0.580 0.550 0.360
v 15.451 12.309 42.604 0.580 0.550 0.360
v 17.714 12.254 42.604 0.580 0.550 0.360
v 19.976 12.172 42.604 0.580 0.550 0.360
v 22.239 11.840 42.604 0.580 0.550 0.360
v 24.502 12.052 42.604 0.580 0.550 0.360
v 26.765 12.169 42.604 0.580 0.550 0.360
v 29.027 12.260 42.604 0.580 0.550 0.360
v 31.290 12.586 42.604 0.580 0.550 0.360
v 33.553 12.276 42.604 0.580 0.550 0.360
v 35.816 11.898 42.604 0.580 0.550 0.360
v 38.078 12.015 42.604 0.580 0.550 0.360
v 40.341 11.836 42.604 0.521 0.501 0.459
v 42.604 7.967 42.604 0.513 0.464 0.395
v 44.867 1.351 42.604 0.500 0.400 0.280
v 47.129 0.000 42.604 0.360 0.480 0.240
v 49.392 0.000 42.604 0.360 0.480 0.240
v 51.655 0.000 42.604 0.360 0.480 0.240
v 53.918 0.839 42.604 0.500 0.400 0.280
v 56.180 6.907 42.604 0.507 0.433 0.339
v 58.443 11.587 42.604 0.520 0.500 0.460
v 60.706 12.579 42.604 0.580 0.550 0.360
v 62.969 12.435 42.604 0.580 0.550 0.360
v 65.231 12.138 42.604 0.580 0.550 0.360
v 67.494 11.644 42.604 0.580 0.550 0.360
v 69.757 12.042 42.604 0.580 0.550 0.360
v 72.020 12.323 42.604 0.580 0.550 0.360
v 74.282 12.521 42.604 0.580 0.550 0.360
v 76.545 12.326 42.604 0.580 0.550 0.360
v 78.808 12.234 42.604 0.580 0.550 0.360
v 81.070 12.150 42.604 0.580 0.550 0.360
v 83.333 12.030 42.604 0.580 0.550 0.360
v 85.596 12.406 42.604 0.580 0.550 0.360
v 87.859 12.005 42.604 0.580 0.550 0.360
v 90.121 11.463 42.604 0.580 0.550 0.360
v 92.384 12.367 42.604 0.580 0.550 0.360
v 94.647 11.944 42.604 0.580 0.550 0.360
v 96.910 11.742 42.604 0.580 0.550 0.360
v 99.172 12.121 42.604 0.580 0.550 0.360
v 101.435 11.621 42.604 0.580 0.550 0.360
v 103.698 11.488 42.604 0.580 0.550 0.360
v 105.961 11.509 42.604 0.580 0.550 0.360
v 108.223 11.718 42.604 0.580 0.550 0.360
v 110.486 12.176 42.604 0.580 0.550 0.360
v 112.749 12.459 42.604 0.580 0.550 0.360
v 115.012 11.909 42.604 0.580 0.550 0.360
v 117.274 11.393 42.604 0.521 0.501 0.459
v 119.537 7.857 42.604 0.512 0.461 0.389
v 121.800 2.879 42.604 0.500 0.400 0.280
v 124.063 0.000 42.604 0.384 0.466 0.247
v 126.325 0.000 42.604 0.360 0.480 0.240
v 128.588 0.000 42.604 0.360 0.480 0.240
v 130.851 0.000 42.604 0.360 0.480 0.240
v 133.114 0.000 42.604 0.360 0.480 0.240
v 135.376 0.000 42.604 0.360 0.480 0.240
v 137.639 -0.150 42.604 0.360 0.480 0.240
v 139.902 -0.150 42.604 0.360 0.480 0.240
v 142.165 -0.150 42.604 0.360 0.480 0.240
v 144.427 -0.150 42.604 0.360 0.480 0.240
v 146.690 -0.150 42.604 0.360 0.480 0.240
v 148.953 -0.150 42.604 0.360 0.480 0.240
v 151.215 -0.150 42.604 0.360 0.480 0.240
v 153.478 -0.150 42.604 0.360 0.480 0.240
v 155.741 -0.150 42.604 0.360 0.480 0.240
v 158.004 -0.150 42.604 0.360 0.480 0.240
v 160.266 -0.150 42.604 0.500 0.400 0.280
v 162.529 11.285 42.604 0.520 0.500 0.460
v 164.792 12.071 42.604 0.580 0.550 0.360
v 167.055 12.390 42.604 0.580 0.550 0.360
v 169.317 12.475 42.604 0.580 0.550 0.360
v 171.580 12.451 42.604 0.580 0.550 0.360
v 6.400 12.713 44.867 0.580 0.550 0.360
v 8.663 11.592 44.867 0.580 0.550 0.360
v 10.925 11.628 44.867 0.580 0.550 0.360
v 13.188 12.161 44.867 0.580 0.550 0.360
v 15.451 11.677 44.867 0.580 0.550 0.360
v 17.714 11.581 44.867 0.580 0.550 0.360
v 19.976 11.544 44.867 0.580 0.550 0.360
v 22.239 11.585 44.867 0.580 0.550 0.360
v 24.502 11.919 44.867 0.580 0.550 0.360
v 26.765 12.136 44.867 0.580 0.550 0.360
v 29.027 12.347 44.867 0.580 0.550 0.360
v 31.290 12.234 44.867 0.580 0.550 0.360
v 33.553 12.053 44.867 0.580 0.550 0.360
v 35.816 11.842 44.867 0.580 0.550 0.360
v 38.078 11.569 44.867 0.580 0.550 0.360
v 40.341 11.628 44.867 0.524 0.503 0.454
v 42.604 7.653 44.867 0.511 0.455 0.378
v 44.867 1.090 44.867 0.500 0.400 0.280
v 47.129 0.000 44.867 0.360 0.480 0.240
v 49.392 0.000 44.867 0.360 0.480 0.240
v 51.655 0.000 44.867 0.360 0.480 0.240
v 53.918 1.074 44.867 0.500 0.400 0.280
v 56.180 7.349 44.867 0.509 0.445 0.362
v 58.443 11.343 44.867 0.520 0.500 0.460
v 60.706 11.904 44.867 0.580 0.550 0.360
v 62.969 11.469 44.867 0.580 0.550 0.360
v 65.231 11.689 44.867 0.580 0.550 0.360
v 67.494 12.416 44.867 0.580 0.550 0.360
v 69.757 12.168 44.867 0.580 0.550 0.360
v 72.020 12.084 44.867 0.580 0.550 0.360
v 74.282 12.000 44.867 0.580 0.550 0.360
v 76.545 11.757 44.867 0.580 0.550 0.360
v 78.808 11.417 44.867 0.580 0.550 0.360
v 81.070 11.527 44.867 0.580 0.550 0.360
v 83.333 12.270 44.867 0.580 0.550 0.360
v 85.596 12.069 44.867 0.580 0.550 0.360
v 87.859 11.729 44.867 0.580 0.550 0.360
v 90.121 11.358 44.867 0.580 0.550 0.360
v 92.384 11.643 44.867 0.580 0.550 0.360
v 94.647 11.625 44.867 0.580 0.550 0.360
v 96.910 11.683 44.867 0.580 0.550 0.360
v 99.172 12.002 44.867 0.580 0.550 0.360
v 101.435 12.065 44.867 0.580 0.550 0.360
v 103.698 11.958 44.867 0.580 0.550 0.360
v 105.961 11.721 44.867 0.580 0.550 0.360
v 108.223 11.334 44.867 0.580 0.550 0.360
v 110.486 11.635 44.867 0.580 0.550 0.360
v 112.749 11.928 44.867 0.580 0.550 0.360
v 115.012 11.952 44.867 0.580 0.550 0.360
v 117.274 11.619 44.867 0.568 0.540 0.380
v 119.537 9.068 44.867 0.518 0.491 0.444
v 121.800 3.676 44.867 0.500 0.400 0.280
v 124.063 0.081 44.867 0.474 0.415 0.272
v 126.325 0.000 44.867 0.360 0.480 0.240
v 128.588 0.000 44.867 0.360 0.480 0.240
v 130.851 0.000 44.867 0.360 0.480 0.240
v 133.114 0.000 44.867 0.360 0.480 0.240
v 135.376 0.000 44.867 0.360 0.480 0.240
v 137.639 -0.150 44.867 0.360 0.480 0.240
v 139.902 -0.150 44.867 0.360 0.480 0.240
v 142.165 -0.150 44.867 0.360 0.480 0.240
v 144.427 -0.150 44.867 0.360 0.480 0.240
v 146.690 -0.150 44.867 0.360 0.480 0.240
v 148.953 -0.150 44.867 0.360 0.480 0.240
v 151.215 -0.150 44.867 0.360 0.480 0.240
v 153.478 -0.150 44.867 0.360 0.480 0.240
v 155.741 -0.150 44.867 0.360 0.480 0.240
v 158.004 -0.150 44.867 0.360 0.480 0.240
v 160.266 -0.150 44.867 0.500 0.400 0.280
v 162.529 12.042 44.867 0.520 0.500 0.460
v 164.792 12.192 44.867 0.580 0.550 0.360
v 167.055 11.782 44.867 0.580 0.550 0.360
v 169.317 12.252 44.867 0.580 0.550 0.360
v 171.580 12.493 44.867 0.580 0.550 0.360
v 6.400 12.369 47.129 0.580 0.550 0.360
v 8.663 12.351 47.129 0.580 0.550 0.360
v 10.925 12.268 47.129 0.580 0.550 0.360
v 13.188 12.140 47.129 0.580 0.550 0.360
v 15.451 12.230 47.129 0.580 0.550 0.360
v 17.714 12.396 47.129 0.580 0.550 0.360
v 19.976 12.528 47.129 0.580 0.550 0.360
v 22.239 12.559 47.129 0.580 0.550 0.360
v 24.502 11.961 47.129 0.580 0.550 0.360
v 26.765 11.858 47.129 0.580 0.550 0.360
v 29.027 12.142 47.129 0.580 0.550 0.360
v 31.290 12.259 47.129 0.580 0.550 0.360
v 33.553 12.262 47.129 0.580 0.550 0.360
v 35.816 12.183 47.129 0.580 0.550 0.360
v 38.078 11.606 47.129 0.580 0.550 0.360
v 40.341 12.006 47.129 0.521 0.501 0.458
v 42.604 7.564 47.129 0.510 0.452 0.373
v 44.867 0.854 47.129 0.500 0.400 0.280
v 47.129 0.000 47.129 0.360 0.480 0.240
v 49.392 0.000 47.129 0.360 0.480 0.240
v 51.655 0.000 47.129 0.360 0.480 0.240
v 53.918 1.333 47.129 0.500 0.400 0.280
v 56.180 8.409 47.129 0.515 0.476 0.417
v 58.443 12.246 47.129 0.527 0.506 0.449
v 60.706 12.146 47.129 0.580 0.550 0.360
v 62.969 11.833 47.129 0.580 0.550 0.360
v 65.231 11.928 47.129 0.580 0.550 0.360
v 67.494 12.316 47.129 0.580 0.550 0.360
v 69.757 11.942 47.129 0.580 0.550 0.360
v 72.020 12.267 47.129 0.580 0.550 0.360
v 74.282 12.499 47.129 0.580 0.550 0.360
v 76.545 11.579 47.129 0.580 0.550 0.360
v 78.808 11.562 47.129 0.580 0.550 0.360
v 81.070 11.660 47.129 0.580 0.550 0.360
v 83.333 11.940 47.129 0.580 0.550 0.360
v 85.596 12.389 47.129 0.580 0.550 0.360
v 87.859 12.049 47.129 0.580 0.550 0.360
v 90.121 11.505 47.129 0.580 0.550 0.360
v 92.384 11.625 47.129 0.580 0.550 0.360
v 94.647 12.201 47.129 0.580 0.550 0.360
v 96.910 12.433 47.129 0.580 0.550 0.360
v 99.172 11.924 47.129 0.580 0.550 0.360
v 101.435 11.638 47.129 0.580 0.550 0.360
v 103.698 11.660 47.129 0.580 0.550 0.360
v 105.961 11.847 47.129 0.580 0.550 0.360
v 108.223 12.047 47.129 0.580 0.550 0.360
v 110.486 11.784 47.129 0.580 0.550 0.360
v 112.749 11.572 47.129 0.580 0.550 0.360
v 115.012 11.748 47.129 0.580 0.550 0.360
v 117.274 11.878 47.129 0.580 0.550 0.360
v 119.537 9.908 47.129 0.520 0.500 0.460
v 121.800 4.523 47.129 0.500 0.400 0.280
v 124.063 0.320 47.129 0.500 0.400 0.280
v 126.325 0.000 47.129 0.360 0.480 0.240
v 128.588 0.000 47.129 0.360 0.480 0.240
v 130.851 0.000 47.129 0.360 0.480 0.240
v 133.114 0.000 47.129 0.360 0.480 0.240
v 135.376 0.000 47.129 0.360 0.480 0.240
v 137.639 -0.150 47.129 0.360 0.480 0.240
v 139.902 -0.150 47.129 0.360 0.480 0.240
v 142.165 -0.150 47.129 0.360 0.480 0.240
v 144.427 -0.150 47.129 0.360 0.480 0.240
v 146.690 -0.150 47.129 0.360 0.480 0.240
v 148.953 -0.150 47.129 0.360 0.480 0.240
v 151.215 -0.150 47.129 0.360 0.480 0.240
v 153.478 -0.150 47.129 0.360 0.480 0.240
v 155.741 -0.150 47.129 0.360 0.480 0.240
v 158.004 -0.150 47.129 0.360 0.480 0.240
v 160.266 -0.150 47.129 0.500 0.400 0.280
v 162.529 11.059 47.129 0.520 0.500 0.460
v 164.792 11.996 47.129 0.580 0.550 0.360
v 167.055 12.457 47.129 0.580 0.550 0.360
v 169.317 12.173 47.129 0.580 0.550 0.360
v 171.580 11.817 47.129 0.580 0.550 0.360
v 6.400 12.384 49.392 0.580 0.550 0.360
v 8.663 12.345 49.392 0.580 0.550 0.360
v 10.925 12.145 49.392 0.580 0.550 0.360
v 13.188 11.841 49.392 0.580 0.550 0.360
v 15.451 12.168 49.392 0.580 0.550 0.360
v 17.714 12.204 49.392 0.580 0.550 0.360
v 19.976 12.265 49.392 0.580 0.550 0.360
v 22.239 12.578 49.392 0.580 0.550 0.360
v 24.502 12.112 49.392 0.580 0.550 0.360
v 26.765 11.906 49.392 0.580 0.550 0.360
v 29.027 11.843 49.392 0.580 0.550 0.360
v 31.290 12.272 49.392 0.580 0.550 0.360
v 33.553 12.306 49.392 0.580 0.550 0.360
v 35.816 12.218 49.392 0.580 0.550 0.360
v 38.078 11.715 49.392 0.580 0.550 0.360
v 40.341 11.904 49.392 0.520 0.500 0.460
v 42.604 7.047 49.392 0.507 0.437 0.346
v 44.867 0.642 49.392 0.500 0.400 0.280
v 47.129 0.000 49.392 0.360 0.480 0.240
v 49.392 0.000 49.392 0.360 0.480 0.240
v 51.655 0.000 49.392 0.360 0.480 0.240
v 53.918 1.613 49.392 0.500 0.400 0.280
v 56.180 8.616 49.392 0.516 0.481 0.426
v 58.443 12.091 49.392 0.549 0.524 0.412
v 60.706 11.873 49.392 0.580 0.550 0.360
v 62.969 11.685 49.392 0.580 0.550 0.360
v 65.231 11.827 49.392 0.580 0.550 0.360
v 67.494 12.225 49.392 0.580 0.550 0.360
v 69.757 11.766 49.392 0.580 0.550 0.360
v 72.020 12.218 49.392 0.580 0.550 0.360
v 74.282 12.553 49.392 0.580 0.550 0.360
v 76.545 11.423 49.392 0.580 0.550 0.360
v 78.808 11.453 49.392 0.580 0.550 0.360
v 81.070 11.590 49.392 0.580 0.550 0.360
v 83.333 11.909 49.392 0.580 0.550 0.360
v 85.596 12.528 49.392 0.580 0.550 0.360
v 87.859 12.215 49.392 0.580 0.550 0.360
v 90.121 11.658 49.392 0.580 0.550 0.360
v 92.384 11.716 49.392 0.580 0.550 0.360
v 94.647 12.209 49.392 0.580 0.550 0.360
v 96.910 12.456 49.392 0.580 0.550 0.360
v 99.172 12.213 49.392 0.580 0.550 0.360
v 101.435 11.775 49.392 0.580 0.550 0.360
v 103.698 11.822 49.392 0.580 0.550 0.360
v 105.961 12.132 49.392 0.580 0.550 0.360
v 108.223 12.419 49.392 0.580 0.550 0.360
v 110.486 12.158 49.392 0.580 0.550 0.360
v 112.749 11.937 49.392 0.580 0.550 0.360
v 115.012 12.090 49.392 0.580 0.550 0.360
v 117.274 11.973 49.392 0.580 0.550 0.360
v 119.537 10.478 49.392 0.520 0.500 0.460
v 121.800 5.353 49.392 0.500 0.401 0.283
v 124.063 0.698 49.392 0.500 0.400 0.280
v 126.325 0.000 49.392 0.360 0.480 0.240
v 128.588 0.000 49.392 0.360 0.480 0.240
v 130.851 0.000 49.392 0.360 0.480 0.240
v 133.114 0.000 49.392 0.360 0.480 0.240
v 135.376 0.000 49.392 0.360 0.480 0.240
v 137.639 -0.150 49.392 0.360 0.480 0.240
v 139.902 -0.150 49.392 0.360 0.480 0.240
v 142.165 -0.150 49.392 0.360 0.480 0.240
v 144.427 -0.150 49.392 0.360 0.480 0.240
v 146.690 -0.150 49.392 0.360 0.480 0.240
v 148.953 -0.150 49.392 0.360 0.480 0.240
v 151.215 -0.150 49.392 0.360 0.480 0.240
v 153.478 -0.150 49.392 0.360 0.480 0.240
v 155.741 -0.150 49.392 0.360 0.480 0.240
v 158.004 -0.150 49.392 0.360 0.480 0.240
v 160.266 -0.150 49.392 0.500 0.400 0.280
v 162.529 11.265 49.392 0.520 0.500 0.460
v 164.792 12.091 49.392 0.580 0.550 0.360
v 167.055 12.383 49.392 0.580 0.550 0.360
v 169.317 11.923 49.392 0.580 0.550 0.360
v 171.580 11.908 49.392 0.580 0.550 0.360
v 6.400 12.449 51.655 0.580 0.550 0.360
v 8.663 12.090 51.655 0.580 0.550 0.360
v 10.925 11.768 51.655 0.580 0.550 0.360
v 13.188 11.405 51.655 0.580 0.550 0.360
v 15.451 11.868 51.655 0.580 0.550 0.360
v 17.714 11.669 51.655 0.580 0.550 0.360
v 19.976 11.597 51.655 0.580 0.550 0.360
v 22.239 12.290 51.655 0.580 0.550 0.360
v 24.502 12.311 51.655 0.580 0.550 0.360
v 26.765 12.060 51.655 0.580 0.550 0.360
v 29.027 11.478 51.655 0.580 0.550 0.360
v 31.290 12.252 51.655 0.580 0.550 0.360
v 33.553 12.266 51.655 0.580 0.550 0.360
v 35.816 12.132 51.655 0.580 0.550 0.360
v 38.078 11.893 51.655 0.580 0.550 0.360
v 40.341 11.634 51.655 0.520 0.500 0.460
v 42.604 6.458 51.655 0.504 0.421 0.317
v 44.867 0.458 51.655 0.500 0.400 0.280
v 47.129 0.000 51.655 0.360 0.480 0.240
v 49.392 0.000 51.655 0.360 0.480 0.240
v 51.655 0.000 51.655 0.360 0.480 0.240
v 53.918 1.914 51.655 0.500 0.400 0.280
v 56.180 8.439 51.655 0.515 0.477 0.418
v 58.443 11.589 51.655 0.567 0.539 0.382
v 60.706 11.383 51.655 0.580 0.550 0.360
v 62.969 11.404 51.655 0.580 0.550 0.360
v 65.231 11.657 51.655 0.580 0.550 0.360
v 67.494 12.142 51.655 0.580 0.550 0.360
v 69.757 11.629 51.655 0.580 0.550 0.360
v 72.020 12.113 51.655 0.580 0.550 0.360
v 74.282 12.475 51.655 0.580 0.550 0.360
v 76.545 11.255 51.655 0.580 0.550 0.360
v 78.808 11.249 51.655 0.580 0.550 0.360
v 81.070 11.451 51.655 0.580 0.550 0.360
v 83.333 12.001 51.655 0.580 0.550 0.360
v 85.596 12.601 51.655 0.580 0.550 0.360
v 87.859 12.325 51.655 0.580 0.550 0.360
v 90.121 11.821 51.655 0.580 0.550 0.360
v 92.384 11.872 51.655 0.580 0.550 0.360
v 94.647 12.045 51.655 0.580 0.550 0.360
v 96.910 12.254 51.655 0.580 0.550 0.360
v 99.172 12.669 51.655 0.580 0.550 0.360
v 101.435 12.149 51.655 0.580 0.550 0.360
v 103.698 12.177 51.655 0.580 0.550 0.360
v 105.961 12.492 51.655 0.580 0.550 0.360
v 108.223 12.696 51.655 0.580 0.550 0.360
v 110.486 12.611 51.655 0.580 0.550 0.360
v 112.749 12.542 51.655 0.580 0.550 0.360
v 115.012 12.661 51.655 0.580 0.550 0.360
v 117.274 12.060 51.655 0.580 0.550 0.360
v 119.537 10.905 51.655 0.520 0.500 0.460
v 121.800 6.140 51.655 0.503 0.413 0.304
v 124.063 1.200 51.655 0.500 0.400 0.280
v 126.325 0.000 51.655 0.360 0.480 0.240
v 128.588 0.000 51.655 0.360 0.480 0.240
v 130.851 0.000 51.655 0.360 0.480 0.240
v 133.114 0.000 51.655 0.360 0.480 0.240
v 135.376 0.000 51.655 0.360 0.480 0.240
v 137.639 -0.150 51.655 0.360 0.480 0.240
v 139.902 -0.150 51.655 0.360 0.480 0.240
v 142.165 -0.150 51.655 0.360 0.480 0.240
v 144.427 -0.150 51.655 0.360 0.480 0.240
v 146.690 -0.150 51.655 0.360 0.480 0.240
v 148.953 -0.150 51.655 0.360 0.480 0.240
v 151.215 -0.150 51.655 0.360 0.480 0.240
v 153.478 -0.150 51.655 0.360 0.480 0.240
v 155.741 -0.150 51.655 0.360 0.480 0.240
v 158.004 -0.150 51.655 0.360 0.480 0.240
v 160.266 -0.150 51.655 0.500 0.400 0.280
v 162.529 11.878 51.655 0.520 0.500 0.460
v 164.792 12.281 51.655 0.580 0.550 0.360
v 167.055 12.052 51.655 0.580 0.550 0.360
v 169.317 11.609 51.655 0.580 0.550 0.360
v 171.580 12.267 51.655 0.580 0.550 0.360
v 6.400 11.314 53.918 0.580 0.550 0.360
v 8.663 12.168 53.918 0.580 0.550 0.360
v 10.925 12.024 53.918 0.580 0.550 0.360
v 13.188 11.408 53.918 0.580 0.550 0.360
v 15.451 11.452 53.918 0.580 0.550 0.360
v 17.714 11.955 53.918 0.580 0.550 0.360
v 19.976 12.358 53.918 0.580 0.550 0.360
v 22.239 12.360 53.918 0.580 0.550 0.360
v 24.502 12.148 53.918 0.580 0.550 0.360
v 26.765 11.934 53.918 0.580 0.550 0.360
v 29.027 11.624 53.918 0.580 0.550 0.360
v 31.290 11.756 53.918 0.580 0.550 0.360
v 33.553 11.715 53.918 0.580 0.550 0.360
v 35.816 11.718 53.918 0.580 0.550 0.360
v 38.078 12.345 53.918 0.580 0.550 0.360
v 40.341 11.881 53.918 0.520 0.500 0.460
v 42.604 6.137 53.918 0.503 0.413 0.304
v 44.867 0.302 53.918 0.500 0.400 0.280
v 47.129 0.000 53.918 0.360 0.480 0.240
v 49.392 0.000 53.918 0.360 0.480 0.240
v 51.655 0.000 53.918 0.360 0.480 0.240
v 53.918 2.233 53.918 0.500 0.400 0.280
v 56.180 9.164 53.918 0.519 0.493 0.447
v 58.443 11.974 53.918 0.580 0.550 0.360
v 60.706 11.310 53.918 0.580 0.550 0.360
v 62.969 12.328 53.918 0.580 0.550 0.360
v 65.231 12.590 53.918 0.580 0.550 0.360
v 67.494 12.451 53.918 0.580 0.550 0.360
v 69.757 12.399 53.918 0.580 0.550 0.360
v 72.020 12.575 53.918 0.580 0.550 0.360
v 74.282 12.582 53.918 0.580 0.550 0.360
v 76.545 11.344 53.918 0.580 0.550 0.360
v 78.808 11.312 53.918 0.580 0.550 0.360
v 81.070 11.612 53.918 0.580 0.550 0.360
v 83.333 12.468 53.918 0.580 0.550 0.360
v 85.596 12.131 53.918 0.580 0.550 0.360
v 87.859 11.842 53.918 0.580 0.550 0.360
v 90.121 11.588 53.918 0.580 0.550 0.360
v 92.384 12.089 53.918 0.580 0.550 0.360
v 94.647 12.277 53.918 0.580 0.550 0.360
v 96.910 12.441 53.918 0.580 0.550 0.360
v 99.172 12.700 53.918 0.580 0.550 0.360
v 101.435 12.629 53.918 0.580 0.550 0.360
v 103.698 12.449 53.918 0.580 0.550 0.360
v 105.961 12.160 53.918 0.580 0.550 0.360
v 108.223 12.072 53.918 0.580 0.550 0.360
v 110.486 11.789 53.918 0.580 0.550 0.360
v 112.749 11.708 53.918 0.580 0.550 0.360
v 115.012 12.638 53.918 0.580 0.550 0.360
v 117.274 12.563 53.918 0.580 0.550 0.360
v 119.537 11.807 53.918 0.520 0.500 0.460
v 121.800 6.891 53.918 0.506 0.432 0.338
v 124.063 1.807 53.918 0.500 0.400 0.280
v 126.325 0.000 53.918 0.360 0.480 0.240
v 128.588 0.000 53.918 0.360 0.480 0.240
v 130.851 0.000 53.918 0.360 0.480 0.240
v 133.114 0.000 53.918 0.360 0.480 0.240
v 135.376 0.000 53.918 0.360 0.480 0.240
v 137.639 -0.150 53.918 0.360 0.480 0.240
v 139.902 -0.150 53.918 0.360 0.480 0.240
v 142.165 -0.150 53.918 0.360 0.480 0.240
v 144.427 -0.150 53.918 0.360 0.480 0.240
v 146.690 -0.150 53.918 0.360 0.480 0.240
v 148.953 -0.150 53.918 0.360 0.480 0.240
v 151.215 -0.150 53.918 0.360 0.480 0.240
v 153.478 -0.150 53.918 0.360 0.480 0.240
v 155.741 -0.150 53.918 0.360 0.480 0.240
v 158.004 -0.150 53.918 0.360 0.480 0.240
v 160.266 -0.150 53.918 0.500 0.400 0.280
v 162.529 11.614 53.918 0.520 0.500 0.460
v 164.792 12.047 53.918 0.580 0.550 0.360
v 167.055 12.097 53.918 0.580 0.550 0.360
v 169.317 12.107 53.918 0.580 0.550 0.360
v 171.580 12.292 53.918 0.580 0.550 0.360
v 6.400 11.974 56.180 0.580 0.550 0.360
v 8.663 12.254 56.180 0.580 0.550 0.360
v 10.925 11.964 56.180 0.580 0.550 0.360
v 13.188 11.358 56.180 0.580 0.550 0.360
v 15.451 11.504 56.180 0.580 0.550 0.360
v 17.714 11.887 56.180 0.580 0.550 0.360
v 19.976 12.171 56.180 0.580 0.550 0.360
v 22.239 12.085 56.180 0.580 0.550 0.360
v 24.502 12.188 56.180 0.580 0.550 0.360
v 26.765 12.098 56.180 0.580 0.550 0.360
v 29.027 11.798 56.180 0.580 0.550 0.360
v 31.290 11.701 56.180 0.580 0.550 0.360
v 33.553 11.852 56.180 0.580 0.550 0.360
v 35.816 12.034 56.180 0.580 0.550 0.360
v 38.078 12.045 56.180 0.580 0.550 0.360
v 40.341 11.850 56.180 0.520 0.500 0.460
v 42.604 5.797 56.180 0.501 0.407 0.292
v 44.867 0.177 56.180 0.500 0.400 0.280
v 47.129 0.000 56.180 0.360 0.480 0.240
v 49.392 0.000 56.180 0.360 0.480 0.240
v 51.655 0.000 56.180 0.363 0.478 0.241
v 53.918 2.570 56.180 0.500 0.400 0.280
v 56.180 9.498 56.180 0.519 0.497 0.455
v 58.443 12.083 56.180 0.580 0.550 0.360
v 60.706 11.512 56.180 0.580 0.550 0.360
v 62.969 12.445 56.180 0.580 0.550 0.360
v 65.231 12.623 56.180 0.580 0.550 0.360
v 67.494 12.365 56.180 0.580 0.550 0.360
v 69.757 12.160 56.180 0.580 0.550 0.360
v 72.020 12.001 56.180 0.580 0.550 0.360
v 74.282 11.837 56.180 0.580 0.550 0.360
v 76.545 11.589 56.180 0.580 0.550 0.360
v 78.808 11.966 56.180 0.580 0.550 0.360
v 81.070 12.131 56.180 0.580 0.550 0.360
v 83.333 12.103 56.180 0.580 0.550 0.360
v 85.596 12.064 56.180 0.580 0.550 0.360
v 87.859 12.004 56.180 0.580 0.550 0.360
v 90.121 11.912 56.180 0.580 0.550 0.360
v 92.384 11.626 56.180 0.580 0.550 0.360
v 94.647 12.221 56.180 0.580 0.550 0.360
v 96.910 12.471 56.180 0.580 0.550 0.360
v 99.172 11.932 56.180 0.580 0.550 0.360
v 101.435 11.895 56.180 0.580 0.550 0.360
v 103.698 12.003 56.180 0.580 0.550 0.360
v 105.961 12.209 56.180 0.580 0.550 0.360
v 108.223 12.095 56.180 0.580 0.550 0.360
v 110.486 12.170 56.180 0.580 0.550 0.360
v 112.749 12.227 56.180 0.580 0.550 0.360
v 115.012 12.134 56.180 0.580 0.550 0.360
v 117.274 12.165 56.180 0.580 0.550 0.360
v 119.537 12.031 56.180 0.522 0.502 0.457
v 121.800 8.173 56.180 0.514 0.470 0.405
v 124.063 2.503 56.180 0.500 0.400 0.280
v 126.325 0.000 56.180 0.361 0.479 0.240
v 128.588 0.000 56.180 0.360 0.480 0.240
v 130.851 0.000 56.180 0.360 0.480 0.240
v 133.114 0.000 56.180 0.360 0.480 0.240
v 135.376 0.000 56.180 0.360 0.480 0.240
v 137.639 -0.150 56.180 0.360 0.480 0.240
v 139.902 -0.150 56.180 0.360 0.480 0.240
v 142.165 -0.150 56.180 0.360 0.480 0.240
v 144.427 -0.150 56.180 0.360 0.480 0.240
v 146.690 -0.150 56.180 0.360 0.480 0.240
v 148.953 -0.150 56.180 0.360 0.480 0.240
v 151.215 -0.150 56.180 0.360 0.480 0.240
v 153.478 -0.150 56.180 0.360 0.480 0.240
v 155.741 -0.150 56.180 0.360 0.480 0.240
v 158.004 -0.150 56.180 0.360 0.480 0.240
v 160.266 -0.150 56.180 0.500 0.400 0.280
v 162.529 12.403 56.180 0.520 0.500 0.460
v 164.792 12.102 56.180 0.580 0.550 0.360
v 167.055 11.828 56.180 0.580 0.550 0.360
v 169.317 12.352 56.180 0.580 0.550 0.360
v 171.580 12.043 56.180 0.580 0.550 0.360
v 6.400 12.479 58.443 0.580 0.550 0.360
v 8.663 12.168 58.443 0.580 0.550 0.360
v 10.925 11.848 58.443 0.580 0.550 0.360
v 13.188 11.454 58.443 0.580 0.550 0.360
v 15.451 11.648 58.443 0.580 0.550 0.360
v 17.714 11.874 58.443 0.580 0.550 0.360
v 19.976 12.041 58.443 0.580 0.550 0.360
v 22.239 12.033 58.443 0.580 0.550 0.360
v 24.502 12.287 58.443 0.580 0.550 0.360
v 26.765 12.282 58.443 0.580 0.550 0.360
v 29.027 12.044 58.443 0.580 0.550 0.360
v 31.290 11.734 58.443 0.580 0.550 0.360
v 33.553 11.997 58.443 0.580 0.550 0.360
v 35.816 12.284 58.443 0.580 0.550 0.360
v 38.078 11.847 58.443 0.580 0.550 0.360
v 40.341 11.615 58.443 0.520 0.500 0.460
v 42.604 5.354 58.443 0.500 0.401 0.283
v 44.867 0.084 58.443 0.500 0.400 0.280
v 47.129 0.000 58.443 0.360 0.480 0.240
v 49.392 0.000 58.443 0.360 0.480 0.240
v 51.655 0.000 58.443 0.388 0.464 0.248
v 53.918 2.921 58.443 0.500 0.400 0.280
v 56.180 9.910 58.443 0.520 0.500 0.460
v 58.443 12.230 58.443 0.580 0.550 0.360
v 60.706 11.848 58.443 0.580 0.550 0.360
v 62.969 12.399 58.443 0.580 0.550 0.360
v 65.231 12.500 58.443 0.580 0.550 0.360
v 67.494 12.329 58.443 0.580 0.550 0.360
v 69.757 11.919 58.443 0.580 0.550 0.360
v 72.020 11.606 58.443 0.580 0.550 0.360
v 74.282 11.394 58.443 0.580 0.550 0.360
v 76.545 11.713 58.443 0.580 0.550 0.360
v 78.808 12.371 58.443 0.580 0.550 0.360
v 81.070 12.419 58.443 0.580 0.550 0.360
v 83.333 11.716 58.443 0.580 0.550 0.360
v 85.596 12.034 58.443 0.580 0.550 0.360
v 87.859 12.153 58.443 0.580 0.550 0.360
v 90.121 12.162 58.443 0.580 0.550 0.360
v 92.384 11.306 58.443 0.580 0.550 0.360
v 94.647 12.049 58.443 0.580 0.550 0.360
v 96.910 12.347 58.443 0.580 0.550 0.360
v 99.172 11.541 58.443 0.580 0.550 0.360
v 101.435 11.464 58.443 0.580 0.550 0.360
v 103.698 11.751 58.443 0.580 0.550 0.360
v 105.961 12.290 58.443 0.580 0.550 0.360
v 108.223 12.036 58.443 0.580 0.550 0.360
v 110.486 12.368 58.443 0.580 0.550 0.360
v 112.749 12.555 58.443 0.580 0.550 0.360
v 115.012 11.843 58.443 0.580 0.550 0.360
v 117.274 11.895 58.443 0.580 0.550 0.360
v 119.537 12.114 58.443 0.580 0.550 0.361
v 121.800 9.415 58.443 0.519 0.496 0.453
v 124.063 3.271 58.443 0.500 0.400 0.280
v 126.325 0.020 58.443 0.428 0.441 0.259
v 128.588 0.000 58.443 0.360 0.480 0.240
v 130.851 0.000 58.443 0.360 0.480 0.240
v 133.114 0.000 58.443 0.360 0.480 0.240
v 135.376 0.000 58.443 0.360 0.480 0.240
v 137.639 -0.150 58.443 0.360 0.480 0.240
v 139.902 -0.150 58.443 0.360 0.480 0.240
v 142.165 -0.150 58.443 0.360 0.480 0.240
v 144.427 -0.150 58.443 0.360 0.480 0.240
v 146.690 -0.150 58.443 0.360 0.480 0.240
v 148.953 -0.150 58.443 0.360 0.480 0.240
v 151.215 -0.150 58.443 0.360 0.480 0.240
v 153.478 -0.150 58.443 0.360 0.480 0.240
v 155.741 -0.150 58.443 0.360 0.480 0.240
v 158.004 -0.150 58.443 0.500 0.400 0.280
v 160.266 -0.150 58.443 0.500 0.400 0.280
v 162.529 12.553 58.443 0.520 0.500 0.460
v 164.792 12.052 58.443 0.580 0.550 0.360
v 167.055 11.601 58.443 0.580 0.550 0.360
v 169.317 12.447 58.443 0.580 0.550 0.360
v 171.580 11.934 58.443 0.580 0.550 0.360
v 6.400 12.371 60.706 0.580 0.550 0.360
v 8.663 11.474 60.706 0.580 0.550 0.360
v 10.925 11.554 60.706 0.580 0.550 0.360
v 13.188 12.084 60.706 0.580 0.550 0.360
v 15.451 12.062 60.706 0.580 0.550 0.360
v 17.714 12.108 60.706 0.580 0.550 0.360
v 19.976 12.234 60.706 0.580 0.550 0.360
v 22.239 12.739 60.706 0.580 0.550 0.360
v 24.502 12.588 60.706 0.580 0.550 0.360
v 26.765 12.574 60.706 0.580 0.550 0.360
v 29.027 12.666 60.706 0.580 0.550 0.360
v 31.290 11.963 60.706 0.580 0.550 0.360
v 33.553 12.091 60.706 0.580 0.550 0.360
v 35.816 12.312 60.706 0.580 0.550 0.360
v 38.078 12.031 60.706 0.580 0.550 0.360
v 40.341 10.811 60.706 0.520 0.500 0.460
v 42.604 4.814 60.706 0.500 0.400 0.280
v 44.867 0.024 60.706 0.500 0.400 0.280
v 47.129 0.000 60.706 0.360 0.480 0.240
v 49.392 0.000 60.706 0.360 0.480 0.240
v 51.655 0.000 60.706 0.429 0.441 0.260
v 53.918 3.286 60.706 0.500 0.400 0.280
v 56.180 10.741 60.706 0.520 0.500 0.460
v 58.443 12.657 60.706 0.580 0.550 0.360
v 60.706 12.751 60.706 0.580 0.550 0.360
v 62.969 11.999 60.706 0.580 0.550 0.360
v 65.231 12.016 60.706 0.580 0.550 0.360
v 67.494 12.526 60.706 0.580 0.550 0.360
v 69.757 11.757 60.706 0.580 0.550 0.360
v 72.020 11.779 60.706 0.580 0.550 0.360
v 74.282 11.841 60.706 0.580 0.550 0.360
v 76.545 11.487 60.706 0.580 0.550 0.360
v 78.808 12.090 60.706 0.580 0.550 0.360
v 81.070 12.065 60.706 0.580 0.550 0.360
v 83.333 11.211 60.706 0.580 0.550 0.360
v 85.596 12.008 60.706 0.580 0.550 0.360
v 87.859 12.202 60.706 0.580 0.550 0.360
v 90.121 12.196 60.706 0.580 0.550 0.360
v 92.384 11.399 60.706 0.580 0.550 0.360
v 94.647 11.471 60.706 0.580 0.550 0.360
v 96.910 11.691 60.706 0.580 0.550 0.360
v 99.172 12.302 60.706 0.580 0.550 0.360
v 101.435 12.020 60.706 0.580 0.550 0.360
v 103.698 12.131 60.706 0.580 0.550 0.360
v 105.961 12.432 60.706 0.580 0.550 0.360
v 108.223 11.521 60.706 0.580 0.550 0.360
v 110.486 11.820 60.706 0.580 0.550 0.360
v 112.749 12.152 60.706 0.580 0.550 0.360
v 115.012 12.161 60.706 0.580 0.550 0.360
v 117.274 12.082 60.706 0.580 0.550 0.360
v 119.537 12.189 60.706 0.580 0.550 0.360
v 121.800 10.105 60.706 0.520 0.500 0.460
v 124.063 4.089 60.706 0.500 0.400 0.280
v 126.325 0.182 60.706 0.499 0.400 0.280
v 128.588 0.000 60.706 0.360 0.480 0.240
v 130.851 0.000 60.706 0.360 0.480 0.240
v 133.114 0.000 60.706 0.360 0.480 0.240
v 135.376 0.000 60.706 0.360 0.480 0.240
v 137.639 0.000 60.706 0.360 0.480 0.240
v 139.902 0.000 60.706 0.360 0.480 0.240
v 142.165 0.000 60.706 0.360 0.480 0.240
v 144.427 0.000 60.706 0.360 0.480 0.240
v 146.690 0.000 60.706 0.360 0.480 0.240
v 148.953 0.000 60.706 0.360 0.480 0.240
v 151.215 0.000 60.706 0.360 0.480 0.240
v 153.478 0.000 60.706 0.360 0.480 0.240
v 155.741 0.856 60.706 0.500 0.400 0.280
v 158.004 5.689 60.706 0.501 0.405 0.289
v 160.266 11.132 60.706 0.520 0.500 0.460
v 162.529 11.837 60.706 0.580 0.550 0.360
v 164.792 11.566 60.706 0.580 0.550 0.360
v 167.055 11.439 60.706 0.580 0.550 0.360
v 169.317 12.181 60.706 0.580 0.550 0.360
v 171.580 12.270 60.706 0.580 0.550 0.360
v 6.400 11.946 62.969 0.580 0.550 0.360
v 8.663 11.957 62.969 0.580 0.550 0.360
v 10.925 12.090 62.969 0.580 0.550 0.360
v 13.188 12.296 62.969 0.580 0.550 0.360
v 15.451 12.031 62.969 0.580 0.550 0.360
v 17.714 11.774 62.969 0.580 0.550 0.360
v 19.976 11.641 62.969 0.580 0.550 0.360
v 22.239 11.956 62.969 0.580 0.550 0.360
v 24.502 11.702 62.969 0.580 0.550 0.360
v 26.765 11.672 62.969 0.580 0.550 0.360
v 29.027 11.834 62.969 0.580 0.550 0.360
v 31.290 12.385 62.969 0.580 0.550 0.360
v 33.553 12.077 62.969 0.580 0.550 0.360
v 35.816 11.700 62.969 0.580 0.550 0.360
v 38.078 12.146 62.969 0.580 0.550 0.360
v 40.341 11.175 62.969 0.520 0.500 0.460
v 42.604 4.470 62.969 0.500 0.400 0.280
v 44.867 0.000 62.969 0.500 0.400 0.280
v 47.129 0.000 62.969 0.360 0.480 0.240
v 49.392 0.000 62.969 0.360 0.480 0.240
v 51.655 0.000 62.969 0.471 0.417 0.272
v 53.918 3.662 62.969 0.500 0.400 0.280
v 56.180 10.884 62.969 0.520 0.500 0.460
v 58.443 12.561 62.969 0.580 0.550 0.360
v 60.706 11.702 62.969 0.580 0.550 0.360
v 62.969 11.744 62.969 0.580 0.550 0.360
v 65.231 11.760 62.969 0.580 0.550 0.360
v 67.494 11.770 62.969 0.580 0.550 0.360
v 69.757 12.082 62.969 0.580 0.550 0.360
v 72.020 12.020 62.969 0.580 0.550 0.360
v 74.282 11.971 62.969 0.580 0.550 0.360
v 76.545 12.315 62.969 0.580 0.550 0.360
v 78.808 11.920 62.969 0.580 0.550 0.360
v 81.070 11.711 62.969 0.580 0.550 0.360
v 83.333 11.642 62.969 0.580 0.550 0.360
v 85.596 12.213 62.969 0.580 0.550 0.360
v 87.859 11.966 62.969 0.580 0.550 0.360
v 90.121 11.508 62.969 0.580 0.550 0.360
v 92.384 11.556 62.969 0.580 0.550 0.360
v 94.647 11.762 62.969 0.580 0.550 0.360
v 96.910 12.040 62.969 0.580 0.550 0.360
v 99.172 12.654 62.969 0.580 0.550 0.360
v 101.435 12.524 62.969 0.580 0.550 0.360
v 103.698 12.557 62.969 0.580 0.550 0.360
v 105.961 12.661 62.969 0.580 0.550 0.360
v 108.223 12.167 62.969 0.580 0.550 0.360
v 110.486 11.779 62.969 0.580 0.550 0.360
v 112.749 11.608 62.969 0.580 0.550 0.360
v 115.012 12.330 62.969 0.580 0.550 0.360
v 117.274 12.104 62.969 0.580 0.550 0.360
v 119.537 12.026 62.969 0.580 0.550 0.360
v 121.800 10.332 62.969 0.520 0.500 0.460
v 124.063 4.931 62.969 0.500 0.400 0.280
v 126.325 0.493 62.969 0.500 0.400 0.280
v 128.588 0.000 62.969 0.360 0.480 0.240
v 130.851 0.000 62.969 0.360 0.480 0.240
v 133.114 0.000 62.969 0.360 0.480 0.240
v 135.376 0.000 62.969 0.360 0.480 0.240
v 137.639 0.000 62.969 0.360 0.480 0.240
v 139.902 0.000 62.969 0.360 0.480 0.240
v 142.165 0.000 62.969 0.360 0.480 0.240
v 144.427 0.000 62.969 0.360 0.480 0.240
v 146.690 0.000 62.969 0.360 0.480 0.240
v 148.953 0.000 62.969 0.360 0.480 0.240
v 151.215 0.000 62.969 0.360 0.480 0.240
v 153.478 0.000 62.969 0.360 0.480 0.240
v 155.741 0.960 62.969 0.500 0.400 0.280
v 158.004 5.906 62.969 0.502 0.409 0.296
v 160.266 10.933 62.969 0.520 0.500 0.460
v 162.529 12.128 62.969 0.580 0.550 0.360
v 164.792 11.869 62.969 0.580 0.550 0.360
v 167.055 11.680 62.969 0.580 0.550 0.360
v 169.317 12.445 62.969 0.580 0.550 0.360
v 171.580 12.176 62.969 0.580 0.550 0.360
v 6.400 11.973 65.231 0.580 0.550 0.360
v 8.663 12.226 65.231 0.580 0.550 0.360
v 10.925 12.312 65.231 0.580 0.550 0.360
v 13.188 12.335 65.231 0.580 0.550 0.360
v 15.451 12.128 65.231 0.580 0.550 0.360
v 17.714 11.805 65.231 0.580 0.550 0.360
v 19.976 11.597 65.231 0.580 0.550 0.360
v 22.239 11.816 65.231 0.580 0.550 0.360
v 24.502 11.765 65.231 0.580 0.550 0.360
v 26.765 11.740 65.231 0.580 0.550 0.360
v 29.027 11.738 65.231 0.580 0.550 0.360
v 31.290 12.432 65.231 0.580 0.550 0.360
v 33.553 12.046 65.231 0.580 0.550 0.360
v 35.816 11.556 65.231 0.580 0.550 0.360
v 38.078 11.934 65.231 0.580 0.550 0.360
v 40.341 11.039 65.231 0.520 0.500 0.460
v 42.604 4.080 65.231 0.500 0.400 0.280
v 44.867 0.000 65.231 0.498 0.401 0.280
v 47.129 0.000 65.231 0.360 0.480 0.240
v 49.392 0.000 65.231 0.360 0.480 0.240
v 51.655 0.000 65.231 0.497 0.402 0.279
v 53.918 4.044 65.231 0.500 0.400 0.280
v 56.180 11.030 65.231 0.520 0.500 0.460
v 58.443 12.530 65.231 0.580 0.550 0.360
v 60.706 11.652 65.231 0.580 0.550 0.360
v 62.969 11.834 65.231 0.580 0.550 0.360
v 65.231 11.885 65.231 0.580 0.550 0.360
v 67.494 11.870 65.231 0.580 0.550 0.360
v 69.757 11.989 65.231 0.580 0.550 0.360
v 72.020 11.914 65.231 0.580 0.550 0.360
v 74.282 11.869 65.231 0.580 0.550 0.360
v 76.545 12.174 65.231 0.580 0.550 0.360
v 78.808 11.988 65.231 0.580 0.550 0.360
v 81.070 11.857 65.231 0.580 0.550 0.360
v 83.333 11.737 65.231 0.580 0.550 0.360
v 85.596 11.983 65.231 0.580 0.550 0.360
v 87.859 11.752 65.231 0.580 0.550 0.360
v 90.121 11.398 65.231 0.580 0.550 0.360
v 92.384 11.509 65.231 0.580 0.550 0.360
v 94.647 11.933 65.231 0.580 0.550 0.360
v 96.910 12.246 65.231 0.580 0.550 0.360
v 99.172 12.454 65.231 0.580 0.550 0.360
v 101.435 12.321 65.231 0.580 0.550 0.360
v 103.698 12.333 65.231 0.580 0.550 0.360
v 105.961 12.412 65.231 0.580 0.550 0.360
v 108.223 12.184 65.231 0.580 0.550 0.360
v 110.486 11.727 65.231 0.580 0.550 0.360
v 112.749 11.460 65.231 0.580 0.550 0.360
v 115.012 12.093 65.231 0.580 0.550 0.360
v 117.274 12.033 65.231 0.580 0.550 0.360
v 119.537 11.946 65.231 0.580 0.550 0.360
v 121.800 10.667 65.231 0.520 0.500 0.460
v 124.063 5.790 65.231 0.501 0.407 0.292
v 126.325 0.935 65.231 0.500 0.400 0.280
v 128.588 0.000 65.231 0.360 0.480 0.240
v 130.851 0.000 65.231 0.360 0.480 0.240
v 133.114 0.000 65.231 0.360 0.480 0.240
v 135.376 0.000 65.231 0.360 0.480 0.240
v 137.639 0.000 65.231 0.360 0.480 0.240
v 139.902 0.000 65.231 0.360 0.480 0.240
v 142.165 0.000 65.231 0.360 0.480 0.240
v 144.427 0.000 65.231 0.360 0.480 0.240
v 146.690 0.000 65.231 0.360 0.480 0.240
v 148.953 0.000 65.231 0.360 0.480 0.240
v 151.215 0.000 65.231 0.360 0.480 0.240
v 153.478 0.000 65.231 0.360 0.480 0.240
v 155.741 1.055 65.231 0.500 0.400 0.280
v 158.004 6.122 65.231 0.503 0.413 0.303
v 160.266 10.819 65.231 0.520 0.500 0.460
v 162.529 12.345 65.231 0.580 0.550 0.360
v 164.792 12.044 65.231 0.580 0.550 0.360
v 167.055 11.727 65.231 0.580 0.550 0.360
v 169.317 12.261 65.231 0.580 0.550 0.360
v 171.580 12.023 65.231 0.580 0.550 0.360
v 6.400 12.292 67.494 0.580 0.550 0.360
v 8.663 12.439 67.494 0.580 0.550 0.360
v 10.925 12.396 67.494 0.580 0.550 0.360
v 13.188 12.263 67.494 0.580 0.550 0.360
v 15.451 12.351 67.494 0.580 0.550 0.360
v 17.714 12.094 67.494 0.580 0.550 0.360
v 19.976 11.906 67.494 0.580 0.550 0.360
v 22.239 12.056 67.494 0.580 0.550 0.360
v 24.502 12.473 67.494 0.580 0.550 0.360
v 26.765 12.459 67.494 0.580 0.550 0.360
v 29.027 12.069 67.494 0.580 0.550 0.360
v 31.290 12.245 67.494 0.580 0.550 0.360
v 33.553 11.998 67.494 0.580 0.550 0.360
v 35.816 11.675 67.494 0.580 0.550 0.360
v 38.078 11.448 67.494 0.580 0.550 0.360
v 40.341 10.616 67.494 0.520 0.500 0.460
v 42.604 3.688 67.494 0.500 0.400 0.280
v 44.867 0.000 67.494 0.473 0.415 0.272
v 47.129 0.000 67.494 0.360 0.480 0.240
v 49.392 0.000 67.494 0.360 0.480 0.240
v 51.655 0.000 67.494 0.500 0.400 0.280
v 53.918 4.418 67.494 0.500 0.400 0.280
v 56.180 11.118 67.494 0.520 0.500 0.460
v 58.443 12.517 67.494 0.580 0.550 0.360
v 60.706 12.239 67.494 0.580 0.550 0.360
v 62.969 12.168 67.494 0.580 0.550 0.360
v 65.231 12.292 67.494 0.580 0.550 0.360
v 67.494 12.563 67.494 0.580 0.550 0.360
v 69.757 11.604 67.494 0.580 0.550 0.360
v 72.020 11.561 67.494 0.580 0.550 0.360
v 74.282 11.601 67.494 0.580 0.550 0.360
v 76.545 11.372 67.494 0.580 0.550 0.360
v 78.808 12.244 67.494 0.580 0.550 0.360
v 81.070 12.390 67.494 0.580 0.550 0.360
v 83.333 11.669 67.494 0.580 0.550 0.360
v 85.596 11.411 67.494 0.580 0.550 0.360
v 87.859 11.490 67.494 0.580 0.550 0.360
v 90.121 11.633 67.494 0.580 0.550 0.360
v 92.384 11.335 67.494 0.580 0.550 0.360
v 94.647 12.079 67.494 0.580 0.550 0.360
v 96.910 12.408 67.494 0.580 0.550 0.360
v 99.172 11.807 67.494 0.580 0.550 0.360
v 101.435 11.588 67.494 0.580 0.550 0.360
v 103.698 11.609 67.494 0.580 0.550 0.360
v 105.961 11.756 67.494 0.580 0.550 0.360
v 108.223 11.796 67.494 0.580 0.550 0.360
v 110.486 11.651 67.494 0.580 0.550 0.360
v 112.749 11.524 67.494 0.580 0.550 0.360
v 115.012 11.527 67.494 0.580 0.550 0.360
v 117.274 11.885 67.494 0.580 0.550 0.360
v 119.537 11.893 67.494 0.580 0.550 0.360
v 121.800 10.924 67.494 0.520 0.500 0.460
v 124.063 6.669 67.494 0.505 0.426 0.327
v 126.325 1.491 67.494 0.500 0.400 0.280
v 128.588 0.000 67.494 0.360 0.480 0.240
v 130.851 0.000 67.494 0.360 0.480 0.240
v 133.114 0.000 67.494 0.360 0.480 0.240
v 135.376 0.000 67.494 0.360 0.480 0.240
v 137.639 0.000 67.494 0.360 0.480 0.240
v 139.902 0.000 67.494 0.360 0.480 0.240
v 142.165 0.000 67.494 0.360 0.480 0.240
v 144.427 0.000 67.494 0.360 0.480 0.240
v 146.690 0.000 67.494 0.360 0.480 0.240
v 148.953 0.000 67.494 0.360 0.480 0.240
v 151.215 0.000 67.494 0.360 0.480 0.240
v 153.478 0.000 67.494 0.360 0.480 0.240
v 155.741 1.153 67.494 0.500 0.400 0.280
v 158.004 6.362 67.494 0.504 0.418 0.313
v 160.266 10.706 67.494 0.520 0.500 0.460
v 162.529 12.572 67.494 0.580 0.550 0.360
v 164.792 12.184 67.494 0.580 0.550 0.360
v 167.055 11.662 67.494 0.580 0.550 0.360
v 169.317 11.727 67.494 0.580 0.550 0.360
v 171.580 11.789 67.494 0.580 0.550 0.360
v 6.400 11.676 69.757 0.580 0.550 0.360
v 8.663 11.899 69.757 0.580 0.550 0.360
v 10.925 11.906 69.757 0.580 0.550 0.360
v 13.188 11.851 69.757 0.580 0.550 0.360
v 15.451 12.515 69.757 0.580 0.550 0.360
v 17.714 12.373 69.757 0.580 0.550 0.360
v 19.976 12.237 69.757 0.580 0.550 0.360
v 22.239 12.390 69.757 0.580 0.550 0.360
v 24.502 12.388 69.757 0.580 0.550 0.360
v 26.765 12.076 69.757 0.580 0.550 0.360
v 29.027 11.367 69.757 0.580 0.550 0.360
v 31.290 12.106 69.757 0.580 0.550 0.360
v 33.553 12.123 69.757 0.580 0.550 0.360
v 35.816 12.031 69.757 0.580 0.550 0.360
v 38.078 12.102 69.757 0.580 0.550 0.360
v 40.341 10.525 69.757 0.520 0.500 0.460
v 42.604 3.267 69.757 0.500 0.400 0.280
v 44.867 0.000 69.757 0.427 0.442 0.259
v 47.129 0.000 69.757 0.360 0.480 0.240
v 49.392 0.000 69.757 0.360 0.480 0.240
v 51.655 0.022 69.757 0.500 0.400 0.280
v 53.918 4.828 69.757 0.500 0.400 0.280
v 56.180 11.187 69.757 0.520 0.500 0.460
v 58.443 12.064 69.757 0.578 0.548 0.363
v 60.706 12.187 69.757 0.570 0.542 0.376
v 62.969 11.584 69.757 0.536 0.513 0.434
v 65.231 11.582 69.757 0.553 0.528 0.404
v 67.494 12.206 69.757 0.580 0.550 0.360
v 69.757 12.210 69.757 0.580 0.550 0.360
v 72.020 12.332 69.757 0.580 0.550 0.360
v 74.282 12.439 69.757 0.580 0.550 0.360
v 76.545 12.364 69.757 0.580 0.550 0.360
v 78.808 12.511 69.757 0.580 0.550 0.360
v 81.070 12.566 69.757 0.580 0.550 0.360
v 83.333 12.532 69.757 0.580 0.550 0.360
v 85.596 12.430 69.757 0.580 0.550 0.360
v 87.859 12.191 69.757 0.580 0.550 0.360
v 90.121 11.929 69.757 0.580 0.550 0.360
v 92.384 12.239 69.757 0.580 0.550 0.360
v 94.647 11.781 69.757 0.580 0.550 0.360
v 96.910 11.461 69.757 0.580 0.550 0.360
v 99.172 11.368 69.757 0.580 0.550 0.360
v 101.435 11.999 69.757 0.580 0.550 0.360
v 103.698 12.018 69.757 0.580 0.550 0.360
v 105.961 11.747 69.757 0.580 0.550 0.360
v 108.223 11.926 69.757 0.580 0.550 0.360
v 110.486 11.843 69.757 0.580 0.550 0.360
v 112.749 11.852 69.757 0.580 0.550 0.360
v 115.012 12.434 69.757 0.580 0.550 0.360
v 117.274 12.218 69.757 0.580 0.550 0.360
v 119.537 11.942 69.757 0.580 0.550 0.360
v 121.800 11.206 69.757 0.520 0.500 0.460
v 124.063 7.747 69.757 0.511 0.457 0.383
v 126.325 2.145 69.757 0.500 0.400 0.280
v 128.588 0.000 69.757 0.360 0.480 0.240
v 130.851 0.000 69.757 0.360 0.480 0.240
v 133.114 0.000 69.757 0.360 0.480 0.240
v 135.376 0.000 69.757 0.360 0.480 0.240
v 137.639 0.000 69.757 0.360 0.480 0.240
v 139.902 0.000 69.757 0.360 0.480 0.240
v 142.165 0.000 69.757 0.360 0.480 0.240
v 144.427 0.000 69.757 0.360 0.480 0.240
v 146.690 0.000 69.757 0.360 0.480 0.240
v 148.953 0.000 69.757 0.360 0.480 0.240
v 151.215 0.000 69.757 0.360 0.480 0.240
v 153.478 0.000 69.757 0.360 0.480 0.240
v 155.741 1.255 69.757 0.500 0.400 0.280
v 158.004 6.490 69.757 0.504 0.421 0.318
v 160.266 11.594 69.757 0.520 0.500 0.460
v 162.529 11.844 69.757 0.580 0.550 0.360
v 164.792 11.646 69.757 0.580 0.550 0.360
v 167.055 11.591 69.757 0.580 0.550 0.360
v 169.317 12.220 69.757 0.580 0.550 0.360
v 171.580 12.260 69.757 0.580 0.550 0.360
v 6.400 11.948 72.020 0.580 0.550 0.360
v 8.663 11.697 72.020 0.580 0.550 0.360
v 10.925 11.781 72.020 0.580 0.550 0.360
v 13.188 12.044 72.020 0.580 0.550 0.360
v 15.451 12.273 72.020 0.580 0.550 0.360
v 17.714 12.185 72.020 0.580 0.550 0.360
v 19.976 12.078 72.020 0.580 0.550 0.360
v 22.239 11.963 72.020 0.580 0.550 0.360
v 24.502 11.976 72.020 0.580 0.550 0.360
v 26.765 11.778 72.020 0.580 0.550 0.360
v 29.027 11.317 72.020 0.580 0.550 0.360
v 31.290 11.955 72.020 0.580 0.550 0.360
v 33.553 12.005 72.020 0.580 0.550 0.360
v 35.816 12.000 72.020 0.580 0.550 0.360
v 38.078 12.384 72.020 0.579 0.549 0.361
v 40.341 9.752 72.020 0.520 0.499 0.459
v 42.604 2.502 72.020 0.500 0.400 0.280
v 44.867 0.000 72.020 0.361 0.479 0.240
v 47.129 0.000 72.020 0.360 0.480 0.240
v 49.392 0.000 72.020 0.360 0.480 0.240
v 51.655 0.155 72.020 0.500 0.400 0.280
v 53.918 5.500 72.020 0.501 0.403 0.285
v 56.180 10.471 72.020 0.520 0.500 0.460
v 58.443 10.123 72.020 0.520 0.500 0.460
v 60.706 9.422 72.020 0.519 0.496 0.453
v 62.969 8.631 72.020 0.516 0.482 0.427
v 65.231 9.125 72.020 0.518 0.492 0.445
v 67.494 11.295 72.020 0.520 0.500 0.460
v 69.757 12.325 72.020 0.580 0.550 0.360
v 72.020 12.531 72.020 0.580 0.550 0.360
v 74.282 12.594 72.020 0.580 0.550 0.360
v 76.545 11.997 72.020 0.580 0.550 0.360
v 78.808 12.007 72.020 0.580 0.550 0.360
v 81.070 12.095 72.020 0.580 0.550 0.360
v 83.333 12.313 72.020 0.580 0.550 0.360
v 85.596 12.037 72.020 0.580 0.550 0.360
v 87.859 11.850 72.020 0.580 0.550 0.360
v 90.121 11.689 72.020 0.580 0.550 0.360
v 92.384 11.862 72.020 0.580 0.550 0.360
v 94.647 11.925 72.020 0.580 0.550 0.360
v 96.910 11.830 72.020 0.580 0.550 0.360
v 99.172 11.302 72.020 0.580 0.550 0.360
v 101.435 11.801 72.020 0.580 0.550 0.360
v 103.698 11.924 72.020 0.580 0.550 0.360
v 105.961 11.887 72.020 0.580 0.550 0.360
v 108.223 11.666 72.020 0.580 0.550 0.360
v 110.486 11.856 72.020 0.580 0.550 0.360
v 112.749 12.029 72.020 0.580 0.550 0.360
v 115.012 11.995 72.020 0.580 0.550 0.360
v 117.274 11.930 72.020 0.580 0.550 0.360
v 119.537 11.785 72.020 0.580 0.550 0.360
v 121.800 11.437 72.020 0.549 0.524 0.412
v 124.063 8.481 72.020 0.516 0.478 0.420
v 126.325 2.879 72.020 0.500 0.400 0.280
v 128.588 0.000 72.020 0.500 0.400 0.280
v 130.851 0.000 72.020 0.396 0.460 0.250
v 133.114 0.000 72.020 0.396 0.460 0.250
v 135.376 0.000 72.020 0.396 0.460 0.250
v 137.639 0.000 72.020 0.396 0.460 0.250
v 139.902 0.000 72.020 0.396 0.460 0.250
v 142.165 0.000 72.020 0.396 0.460 0.250
v 144.427 0.000 72.020 0.396 0.460 0.250
v 146.690 0.000 72.020 0.396 0.460 0.250
v 148.953 0.000 72.020 0.396 0.460 0.250
v 151.215 0.000 72.020 0.396 0.460 0.250
v 153.478 0.000 72.020 0.429 0.440 0.260
v 155.741 1.360 72.020 0.500 0.400 0.280
v 158.004 6.546 72.020 0.505 0.423 0.321
v 160.266 11.334 72.020 0.520 0.500 0.460
v 162.529 11.774 72.020 0.580 0.550 0.360
v 164.792 11.903 72.020 0.580 0.550 0.360
v 167.055 12.033 72.020 0.580 0.550 0.360
v 169.317 11.774 72.020 0.580 0.550 0.360
v 171.580 12.095 72.020 0.580 0.550 0.360
v 6.400 12.308 74.282 0.580 0.550 0.360
v 8.663 11.647 74.282 0.580 0.550 0.360
v 10.925 11.788 74.282 0.580 0.550 0.360
v 13.188 12.302 74.282 0.580 0.550 0.360
v 15.451 11.998 74.282 0.580 0.550 0.360
v 17.714 11.986 74.282 0.580 0.550 0.360
v 19.976 11.935 74.282 0.580 0.550 0.360
v 22.239 11.575 74.282 0.580 0.550 0.360
v 24.502 11.683 74.282 0.580 0.550 0.360
v 26.765 11.553 74.282 0.579 0.549 0.362
v 29.027 11.162 74.282 0.552 0.527 0.407
v 31.290 11.372 74.282 0.520 0.500 0.460
v 33.553 11.151 74.282 0.520 0.500 0.460
v 35.816 10.861 74.282 0.520 0.500 0.460
v 38.078 10.956 74.282 0.520 0.500 0.460
v 40.341 8.793 74.282 0.517 0.485 0.434
v 42.604 1.808 74.282 0.500 0.400 0.280
v 44.867 0.000 74.282 0.360 0.480 0.240
v 47.129 0.000 74.282 0.360 0.480 0.240
v 49.392 0.000 74.282 0.360 0.480 0.240
v 51.655 0.448 74.282 0.500 0.400 0.280
v 53.918 6.275 74.282 0.503 0.416 0.309
v 56.180 6.001 74.282 0.502 0.410 0.299
v 58.443 5.406 74.282 0.500 0.402 0.283
v 60.706 4.715 74.282 0.500 0.400 0.280
v 62.969 4.126 74.282 0.500 0.400 0.280
v 65.231 5.494 74.282 0.501 0.403 0.285
v 67.494 8.078 74.282 0.513 0.467 0.401
v 69.757 11.073 74.282 0.520 0.500 0.460
v 72.020 12.473 74.282 0.548 0.524 0.413
v 74.282 12.524 74.282 0.580 0.550 0.360
v 76.545 11.506 74.282 0.580 0.550 0.360
v 78.808 11.484 74.282 0.580 0.550 0.360
v 81.070 11.643 74.282 0.580 0.550 0.360
v 83.333 12.091 74.282 0.580 0.550 0.360
v 85.596 11.637 74.282 0.580 0.550 0.360
v 87.859 11.550 74.282 0.580 0.550 0.360
v 90.121 11.546 74.282 0.580 0.550 0.360
v 92.384 11.530 74.282 0.580 0.550 0.360
v 94.647 12.125 74.282 0.580 0.550 0.360
v 96.910 12.289 74.282 0.580 0.550 0.360
v 99.172 11.435 74.282 0.580 0.550 0.360
v 101.435 11.579 74.282 0.580 0.550 0.360
v 103.698 11.798 74.282 0.580 0.550 0.360
v 105.961 12.093 74.282 0.580 0.550 0.360
v 108.223 11.519 74.282 0.580 0.550 0.360
v 110.486 11.896 74.282 0.580 0.550 0.360
v 112.749 12.174 74.282 0.580 0.550 0.360
v 115.012 11.621 74.282 0.580 0.550 0.360
v 117.274 11.668 74.282 0.580 0.550 0.360
v 119.537 11.657 74.282 0.580 0.550 0.360
v 121.800 11.579 74.282 0.576 0.547 0.366
v 124.063 9.043 74.282 0.518 0.490 0.443
v 126.325 3.676 74.282 0.500 0.400 0.280
v 128.588 2.995 74.282 0.500 0.400 0.280
v 130.851 2.995 74.282 0.500 0.400 0.280
v 133.114 2.995 74.282 0.500 0.400 0.280
v 135.376 2.995 74.282 0.500 0.400 0.280
v 137.639 2.995 74.282 0.500 0.400 0.280
v 139.902 2.995 74.282 0.500 0.400 0.280
v 142.165 2.995 74.282 0.500 0.400 0.280
v 144.427 2.995 74.282 0.500 0.400 0.280
v 146.690 2.995 74.282 0.500 0.400 0.280
v 148.953 2.995 74.282 0.500 0.400 0.280
v 151.215 2.995 74.282 0.500 0.400 0.280
v 153.478 2.995 74.282 0.500 0.400 0.280
v 155.741 2.995 74.282 0.500 0.400 0.280
v 158.004 6.629 74.282 0.505 0.425 0.325
v 160.266 11.120 74.282 0.520 0.500 0.460
v 162.529 11.826 74.282 0.580 0.550 0.360
v 164.792 12.181 74.282 0.580 0.550 0.360
v 167.055 12.395 74.282 0.580 0.550 0.360
v 169.317 11.327 74.282 0.580 0.550 0.360
v 171.580 11.896 74.282 0.580 0.550 0.360
v 6.400 12.501 76.545 0.580 0.550 0.360
v 8.663 12.252 76.545 0.580 0.550 0.360
v 10.925 12.311 76.545 0.580 0.550 0.360
v 13.188 12.488 76.545 0.580 0.550 0.360
v 15.451 11.825 76.545 0.580 0.550 0.360
v 17.714 12.084 76.545 0.580 0.550 0.360
v 19.976 12.296 76.545 0.580 0.550 0.360
v 22.239 10.536 76.545 0.572 0.544 0.368
v 24.502 9.976 76.545 0.520 0.500 0.460
v 26.765 9.275 76.545 0.519 0.494 0.450
v 29.027 8.064 76.545 0.513 0.467 0.400
v 31.290 7.587 76.545 0.511 0.453 0.375
v 33.553 7.148 76.545 0.508 0.440 0.351
v 35.816 6.612 76.545 0.505 0.424 0.324
v 38.078 5.773 76.545 0.501 0.406 0.292
v 40.341 5.268 76.545 0.500 0.401 0.281
v 42.604 1.202 76.545 0.500 0.400 0.280
v 44.867 0.000 76.545 0.360 0.480 0.240
v 47.129 0.000 76.545 0.360 0.480 0.240
v 49.392 0.000 76.545 0.360 0.480 0.240
v 51.655 0.874 76.545 0.360 0.480 0.240
v 53.918 1.935 76.545 0.500 0.400 0.280
v 56.180 1.478 76.545 0.500 0.400 0.280
v 58.443 1.072 76.545 0.500 0.400 0.280
v 60.706 0.721 76.545 0.500 0.400 0.280
v 62.969 0.433 76.545 0.500 0.400 0.280
v 65.231 1.829 76.545 0.500 0.400 0.280
v 67.494 4.406 76.545 0.500 0.400 0.280
v 69.757 6.985 76.545 0.507 0.435 0.343
v 72.020 9.534 76.545 0.520 0.498 0.456
v 74.282 11.318 76.545 0.520 0.500 0.460
v 76.545 11.344 76.545 0.580 0.550 0.360
v 78.808 11.428 76.545 0.580 0.550 0.360
v 81.070 11.805 76.545 0.580 0.550 0.360
v 83.333 12.754 76.545 0.580 0.550 0.360
v 85.596 12.363 76.545 0.580 0.550 0.360
v 87.859 12.357 76.545 0.580 0.550 0.360
v 90.121 12.454 76.545 0.580 0.550 0.360
v 92.384 12.541 76.545 0.580 0.550 0.360
v 94.647 12.323 76.545 0.580 0.550 0.360
v 96.910 12.247 76.545 0.580 0.550 0.360
v 99.172 12.504 76.545 0.580 0.550 0.360
v 101.435 11.702 76.545 0.580 0.550 0.360
v 103.698 11.887 76.545 0.580 0.550 0.360
v 105.961 12.606 76.545 0.580 0.550 0.360
v 108.223 12.395 76.545 0.580 0.550 0.360
v 110.486 12.268 76.545 0.580 0.550 0.360
v 112.749 12.260 76.545 0.580 0.550 0.360
v 115.012 12.763 76.545 0.580 0.550 0.360
v 117.274 12.074 76.545 0.580 0.550 0.360
v 119.537 11.865 76.545 0.580 0.550 0.360
v 121.800 12.022 76.545 0.579 0.549 0.362
v 124.063 9.384 76.545 0.519 0.496 0.452
v 126.325 8.231 76.545 0.514 0.471 0.408
v 128.588 8.558 76.545 0.516 0.480 0.424
v 130.851 9.254 76.545 0.519 0.494 0.449
v 133.114 9.272 76.545 0.519 0.494 0.450
v 135.376 9.264 76.545 0.519 0.494 0.449
v 137.639 9.252 76.545 0.519 0.494 0.449
v 139.902 8.193 76.545 0.514 0.470 0.406
v 142.165 8.393 76.545 0.515 0.476 0.416
v 144.427 9.046 76.545 0.518 0.490 0.443
v 146.690 8.075 76.545 0.513 0.467 0.400
v 148.953 8.395 76.545 0.515 0.476 0.416
v 151.215 8.779 76.545 0.517 0.485 0.433
v 153.478 9.229 76.545 0.519 0.494 0.448
v 155.741 8.785 76.545 0.517 0.485 0.433
v 158.004 8.831 76.545 0.517 0.486 0.435
v 160.266 12.164 76.545 0.542 0.519 0.423
v 162.529 12.083 76.545 0.580 0.550 0.360
v 164.792 11.944 76.545 0.580 0.550 0.360
v 167.055 11.855 76.545 0.580 0.550 0.360
v 169.317 11.625 76.545 0.580 0.550 0.360
v 171.580 12.010 76.545 0.580 0.550 0.360
v 6.400 11.673 78.808 0.580 0.550 0.360
v 8.663 12.023 78.808 0.580 0.550 0.360
v 10.925 12.134 78.808 0.580 0.550 0.360
v 13.188 12.176 78.808 0.580 0.550 0.360
v 15.451 12.360 78.808 0.580 0.550 0.360
v 17.714 12.400 78.808 0.580 0.550 0.360
v 19.976 12.366 78.808 0.580 0.550 0.360
v 22.239 10.101 78.808 0.520 0.500 0.460
v 24.502 5.312 78.808 0.500 0.401 0.282
v 26.765 4.128 78.808 0.500 0.400 0.280
v 29.027 3.540 78.808 0.500 0.400 0.280
v 31.290 2.972 78.808 0.500 0.400 0.280
v 33.553 2.434 78.808 0.500 0.400 0.280
v 35.816 1.935 78.808 0.500 0.400 0.280
v 38.078 1.478 78.808 0.500 0.400 0.280
v 40.341 1.072 78.808 0.500 0.400 0.280
v 42.604 0.701 78.808 0.360 0.480 0.240
v 44.867 0.000 78.808 0.360 0.480 0.240
v 47.129 0.000 78.808 0.360 0.480 0.240
v 49.392 0.000 78.808 0.360 0.480 0.240
v 51.655 0.003 78.808 0.360 0.480 0.240
v 53.918 0.000 78.808 0.360 0.480 0.240
v 56.180 0.000 78.808 0.360 0.480 0.240
v 58.443 0.000 78.808 0.360 0.480 0.240
v 60.706 0.000 78.808 0.360 0.480 0.240
v 62.969 0.000 78.808 0.360 0.480 0.240
v 65.231 0.010 78.808 0.360 0.480 0.240
v 67.494 1.035 78.808 0.500 0.400 0.280
v 69.757 3.302 78.808 0.500 0.400 0.280
v 72.020 6.159 78.808 0.503 0.414 0.305
v 74.282 8.746 78.808 0.517 0.484 0.432
v 76.545 10.822 78.808 0.520 0.500 0.460
v 78.808 11.404 78.808 0.580 0.550 0.360
v 81.070 11.605 78.808 0.580 0.550 0.360
v 83.333 12.504 78.808 0.580 0.550 0.360
v 85.596 11.915 78.808 0.580 0.550 0.360
v 87.859 12.080 78.808 0.580 0.550 0.360
v 90.121 12.458 78.808 0.580 0.550 0.360
v 92.384 12.704 78.808 0.580 0.550 0.360
v 94.647 12.045 78.808 0.580 0.550 0.360
v 96.910 11.689 78.808 0.580 0.550 0.360
v 99.172 11.955 78.808 0.580 0.550 0.360
v 101.435 11.805 78.808 0.580 0.550 0.360
v 103.698 11.874 78.808 0.580 0.550 0.360
v 105.961 12.070 78.808 0.580 0.550 0.360
v 108.223 12.073 78.808 0.580 0.550 0.360
v 110.486 12.285 78.808 0.580 0.550 0.360
v 112.749 12.426 78.808 0.580 0.550 0.360
v 115.012 12.184 78.808 0.580 0.550 0.360
v 117.274 12.218 78.808 0.580 0.550 0.360
v 119.537 12.230 78.808 0.580 0.550 0.360
v 121.800 12.217 78.808 0.580 0.550 0.360
v 124.063 11.604 78.808 0.580 0.550 0.361
v 126.325 11.957 78.808 0.521 0.500 0.459
v 128.588 12.460 78.808 0.520 0.500 0.460
v 130.851 12.356 78.808 0.562 0.535 0.390
v 133.114 11.980 78.808 0.578 0.549 0.363
v 135.376 11.941 78.808 0.578 0.549 0.363
v 137.639 12.524 78.808 0.549 0.524 0.412
v 139.902 11.650 78.808 0.527 0.506 0.449
v 142.165 11.774 78.808 0.533 0.511 0.438
v 144.427 12.286 78.808 0.551 0.526 0.408
v 146.690 12.161 78.808 0.520 0.500 0.460
v 148.953 12.316 78.808 0.520 0.500 0.460
v 151.215 12.325 78.808 0.529 0.507 0.445
v 153.478 11.735 78.808 0.580 0.550 0.360
v 155.741 11.598 78.808 0.574 0.545 0.370
v 158.004 11.787 78.808 0.563 0.536 0.388
v 160.266 12.275 78.808 0.580 0.550 0.360
v 162.529 11.682 78.808 0.580 0.550 0.360
v 164.792 12.007 78.808 0.580 0.550 0.360
v 167.055 12.407 78.808 0.580 0.550 0.360
v 169.317 12.302 78.808 0.580 0.550 0.360
v 171.580 12.220 78.808 0.580 0.550 0.360
v 6.400 11.617 81.070 0.580 0.550 0.360
v 8.663 12.107 81.070 0.580 0.550 0.360
v 10.925 12.149 81.070 0.580 0.550 0.360
v 13.188 12.026 81.070 0.580 0.550 0.360
v 15.451 12.475 81.070 0.580 0.550 0.360
v 17.714 12.485 81.070 0.580 0.550 0.360
v 19.976 12.398 81.070 0.570 0.541 0.377
v 22.239 9.609 81.070 0.520 0.498 0.457
v 24.502 4.699 81.070 0.500 0.400 0.280
v 26.765 0.704 81.070 0.500 0.400 0.280
v 29.027 0.213 81.070 0.464 0.420 0.270
v 31.290 0.067 81.070 0.394 0.461 0.250
v 33.553 0.003 81.070 0.360 0.480 0.240
v 35.816 0.000 81.070 0.360 0.480 0.240
v 38.078 0.000 81.070 0.360 0.480 0.240
v 40.341 0.000 81.070 0.360 0.480 0.240
v 42.604 0.000 81.070 0.360 0.480 0.240
v 44.867 0.000 81.070 0.360 0.480 0.240
v 47.129 0.000 81.070 0.360 0.480 0.240
v 49.392 0.000 81.070 0.360 0.480 0.240
v 51.655 0.000 81.070 0.360 0.480 0.240
v 53.918 0.000 81.070 0.360 0.480 0.240
v 56.180 0.000 81.070 0.360 0.480 0.240
v 58.443 0.000 81.070 0.360 0.480 0.240
v 60.706 0.000 81.070 0.360 0.480 0.240
v 62.969 0.000 81.070 0.360 0.480 0.240
v 65.231 0.000 81.070 0.360 0.480 0.240
v 67.494 0.000 81.070 0.360 0.480 0.240
v 69.757 0.440 81.070 0.496 0.402 0.279
v 72.020 2.287 81.070 0.500 0.400 0.280
v 74.282 4.966 81.070 0.500 0.400 0.280
v 76.545 7.702 81.070 0.511 0.456 0.381
v 78.808 10.036 81.070 0.520 0.500 0.460
v 81.070 11.559 81.070 0.573 0.545 0.371
v 83.333 12.078 81.070 0.580 0.550 0.360
v 85.596 11.892 81.070 0.580 0.550 0.360
v 87.859 12.144 81.070 0.580 0.550 0.360
v 90.121 12.522 81.070 0.580 0.550 0.360
v 92.384 12.571 81.070 0.580 0.550 0.360
v 94.647 12.015 81.070 0.580 0.550 0.360
v 96.910 11.656 81.070 0.580 0.550 0.360
v 99.172 11.618 81.070 0.580 0.550 0.360
v 101.435 11.755 81.070 0.580 0.550 0.360
v 103.698 11.750 81.070 0.580 0.550 0.360
v 105.961 11.678 81.070 0.580 0.550 0.360
v 108.223 11.817 81.070 0.580 0.550 0.360
v 110.486 12.174 81.070 0.580 0.550 0.360
v 112.749 12.375 81.070 0.580 0.550 0.360
v 115.012 11.825 81.070 0.580 0.550 0.360
v 117.274 12.289 81.070 0.580 0.550 0.360
v 119.537 12.461 81.070 0.580 0.550 0.360
v 121.800 12.420 81.070 0.580 0.550 0.360
v 124.063 11.868 81.070 0.580 0.550 0.360
v 126.325 12.229 81.070 0.580 0.550 0.360
v 128.588 12.701 81.070 0.580 0.550 0.360
v 130.851 12.272 81.070 0.580 0.550 0.360
v 133.114 11.814 81.070 0.580 0.550 0.360
v 135.376 11.790 81.070 0.580 0.550 0.360
v 137.639 12.557 81.070 0.580 0.550 0.360
v 139.902 11.933 81.070 0.580 0.550 0.360
v 142.165 11.980 81.070 0.580 0.550 0.360
v 144.427 12.300 81.070 0.580 0.550 0.360
v 146.690 12.558 81.070 0.580 0.550 0.360
v 148.953 12.629 81.070 0.580 0.550 0.360
v 151.215 12.488 81.070 0.580 0.550 0.360
v 153.478 11.563 81.070 0.580 0.550 0.360
v 155.741 11.541 81.070 0.580 0.550 0.360
v 158.004 11.777 81.070 0.580 0.550 0.360
v 160.266 12.282 81.070 0.580 0.550 0.360
v 162.529 11.608 81.070 0.580 0.550 0.360
v 164.792 12.081 81.070 0.580 0.550 0.360
v 167.055 12.650 81.070 0.580 0.550 0.360
v 169.317 12.646 81.070 0.580 0.550 0.360
v 171.580 12.371 81.070 0.580 0.550 0.360
v 6.400 12.529 83.333 0.580 0.550 0.360
v 8.663 12.651 83.333 0.580 0.550 0.360
v 10.925 12.430 83.333 0.580 0.550 0.360
v 13.188 12.010 83.333 0.580 0.550 0.360
v 15.451 12.108 83.333 0.580 0.550 0.360
v 17.714 12.319 83.333 0.580 0.550 0.360
v 19.976 12.348 83.333 0.548 0.524 0.413
v 22.239 9.075 83.333 0.518 0.491 0.444
v 24.502 4.110 83.333 0.500 0.400 0.280
v 26.765 0.419 83.333 0.500 0.400 0.280
v 29.027 0.000 83.333 0.360 0.480 0.240
v 31.290 0.000 83.333 0.360 0.480 0.240
v 33.553 0.000 83.333 0.360 0.480 0.240
v 35.816 0.000 83.333 0.360 0.480 0.240
v 38.078 0.000 83.333 0.360 0.480 0.240
v 40.341 0.000 83.333 0.360 0.480 0.240
v 42.604 0.000 83.333 0.360 0.480 0.240
v 44.867 0.000 83.333 0.360 0.480 0.240
v 47.129 0.000 83.333 0.360 0.480 0.240
v 49.392 0.000 83.333 0.360 0.480 0.240
v 51.655 0.000 83.333 0.360 0.480 0.240
v 53.918 0.000 83.333 0.360 0.480 0.240
v 56.180 0.000 83.333 0.360 0.480 0.240
v 58.443 0.000 83.333 0.360 0.480 0.240
v 60.706 0.000 83.333 0.360 0.480 0.240
v 62.969 0.000 83.333 0.360 0.480 0.240
v 65.231 0.000 83.333 0.360 0.480 0.240
v 67.494 0.000 83.333 0.360 0.480 0.240
v 69.757 0.000 83.333 0.360 0.480 0.240
v 72.020 0.085 83.333 0.369 0.475 0.243
v 74.282 1.409 83.333 0.500 0.400 0.280
v 76.545 3.846 83.333 0.500 0.400 0.280
v 78.808 6.894 83.333 0.506 0.432 0.338
v 81.070 9.727 83.333 0.520 0.499 0.458
v 83.333 10.670 83.333 0.520 0.500 0.460
v 85.596 12.423 83.333 0.580 0.550 0.360
v 87.859 12.706 83.333 0.580 0.550 0.360
v 90.121 12.721 83.333 0.580 0.550 0.360
v 92.384 12.006 83.333 0.580 0.550 0.360
v 94.647 12.292 83.333 0.580 0.550 0.360
v 96.910 12.281 83.333 0.580 0.550 0.360
v 99.172 11.403 83.333 0.580 0.550 0.360
v 101.435 11.486 83.333 0.580 0.550 0.360
v 103.698 11.424 83.333 0.580 0.550 0.360
v 105.961 11.281 83.333 0.580 0.550 0.360
v 108.223 11.535 83.333 0.580 0.550 0.360
v 110.486 11.847 83.333 0.580 0.550 0.360
v 112.749 12.020 83.333 0.580 0.550 0.360
v 115.012 11.582 83.333 0.580 0.550 0.360
v 117.274 12.314 83.333 0.580 0.550 0.360
v 119.537 12.650 83.333 0.580 0.550 0.360
v 121.800 12.751 83.333 0.580 0.550 0.360
v 124.063 12.288 83.333 0.580 0.550 0.360
v 126.325 12.405 83.333 0.580 0.550 0.360
v 128.588 12.601 83.333 0.580 0.550 0.360
v 130.851 12.384 83.333 0.580 0.550 0.360
v 133.114 12.211 83.333 0.580 0.550 0.360
v 135.376 12.264 83.333 0.580 0.550 0.360
v 137.639 12.770 83.333 0.580 0.550 0.360
v 139.902 12.477 83.333 0.580 0.550 0.360
v 142.165 12.439 83.333 0.580 0.550 0.360
v 144.427 12.494 83.333 0.580 0.550 0.360
v 146.690 12.600 83.333 0.580 0.550 0.360
v 148.953 12.697 83.333 0.580 0.550 0.360
v 151.215 12.671 83.333 0.580 0.550 0.360
v 153.478 12.194 83.333 0.580 0.550 0.360
v 155.741 12.043 83.333 0.580 0.550 0.360
v 158.004 12.238 83.333 0.580 0.550 0.360
v 160.266 12.748 83.333 0.580 0.550 0.360
v 162.529 11.926 83.333 0.580 0.550 0.360
v 164.792 12.200 83.333 0.580 0.550 0.360
v 167.055 12.606 83.333 0.580 0.550 0.360
v 169.317 12.747 83.333 0.580 0.550 0.360
v 171.580 12.528 83.333 0.580 0.550 0.360
v 6.400 11.440 85.596 0.580 0.550 0.360
v 8.663 11.554 85.596 0.580 0.550 0.360
v 10.925 11.818 85.596 0.580 0.550 0.360
v 13.188 12.212 85.596 0.580 0.550 0.360
v 15.451 12.242 85.596 0.580 0.550 0.360
v 17.714 12.076 85.596 0.580 0.550 0.360
v 19.976 11.650 85.596 0.520 0.500 0.460
v 22.239 7.972 85.596 0.513 0.464 0.395
v 24.502 3.508 85.596 0.500 0.400 0.280
v 26.765 0.203 85.596 0.457 0.425 0.268
v 29.027 0.000 85.596 0.360 0.480 0.240
v 31.290 0.000 85.596 0.360 0.480 0.240
v 33.553 0.000 85.596 0.360 0.480 0.240
v 35.816 0.000 85.596 0.360 0.480 0.240
v 38.078 0.000 85.596 0.360 0.480 0.240
v 40.341 0.000 85.596 0.360 0.480 0.240
v 42.604 0.000 85.596 0.360 0.480 0.240
v 44.867 0.000 85.596 0.360 0.480 0.240
v 47.129 0.000 85.596 0.360 0.480 0.240
v 49.392 0.000 85.596 0.360 0.480 0.240
v 51.655 0.000 85.596 0.360 0.480 0.240
v 53.918 0.000 85.596 0.360 0.480 0.240
v 56.180 0.000 85.596 0.360 0.480 0.240
v 58.443 0.000 85.596 0.360 0.480 0.240
v 60.706 0.000 85.596 0.360 0.480 0.240
v 62.969 0.000 85.596 0.360 0.480 0.240
v 65.231 0.000 85.596 0.360 0.480 0.240
v 67.494 0.000 85.596 0.360 0.480 0.240
v 69.757 0.000 85.596 0.360 0.480 0.240
v 72.020 0.000 85.596 0.360 0.480 0.240
v 74.282 0.000 85.596 0.360 0.480 0.240
v 76.545 0.710 85.596 0.500 0.400 0.280
v 78.808 2.780 85.596 0.500 0.400 0.280
v 81.070 5.614 85.596 0.501 0.404 0.287
v 83.333 8.576 85.596 0.516 0.480 0.425
v 85.596 10.973 85.596 0.520 0.500 0.460
v 87.859 12.361 85.596 0.573 0.544 0.371
v 90.121 12.604 85.596 0.580 0.550 0.360
v 92.384 11.565 85.596 0.580 0.550 0.360
v 94.647 12.003 85.596 0.580 0.550 0.360
v 96.910 12.189 85.596 0.580 0.550 0.360
v 99.172 11.684 85.596 0.580 0.550 0.360
v 101.435 11.910 85.596 0.580 0.550 0.360
v 103.698 12.084 85.596 0.580 0.550 0.360
v 105.961 12.280 85.596 0.580 0.550 0.360
v 108.223 12.217 85.596 0.580 0.550 0.360
v 110.486 12.264 85.596 0.580 0.550 0.360
v 112.749 12.167 85.596 0.580 0.550 0.360
v 115.012 11.295 85.596 0.580 0.550 0.360
v 117.274 12.230 85.596 0.580 0.550 0.360
v 119.537 12.507 85.596 0.580 0.550 0.360
v 121.800 12.258 85.596 0.580 0.550 0.360
v 124.063 11.610 85.596 0.580 0.550 0.360
v 126.325 11.803 85.596 0.580 0.550 0.360
v 128.588 12.127 85.596 0.580 0.550 0.360
v 130.851 11.968 85.596 0.580 0.550 0.360
v 133.114 12.331 85.596 0.580 0.550 0.360
v 135.376 12.398 85.596 0.580 0.550 0.360
v 137.639 11.922 85.596 0.580 0.550 0.360
v 139.902 12.124 85.596 0.580 0.550 0.360
v 142.165 12.257 85.596 0.580 0.550 0.360
v 144.427 12.398 85.596 0.580 0.550 0.360
v 146.690 12.581 85.596 0.580 0.550 0.360
v 148.953 12.059 85.596 0.580 0.550 0.360
v 151.215 11.739 85.596 0.580 0.550 0.360
v 153.478 12.164 85.596 0.580 0.550 0.360
v 155.741 11.834 85.596 0.580 0.550 0.360
v 158.004 11.789 85.596 0.580 0.550 0.360
v 160.266 11.946 85.596 0.580 0.550 0.360
v 162.529 12.343 85.596 0.580 0.550 0.360
v 164.792 12.084 85.596 0.580 0.550 0.360
v 167.055 11.772 85.596 0.580 0.550 0.360
v 169.317 11.812 85.596 0.580 0.550 0.360
v 171.580 11.677 85.596 0.580 0.550 0.360
v 6.400 11.331 87.859 0.580 0.550 0.360
v 8.663 11.721 87.859 0.580 0.550 0.360
v 10.925 12.042 87.859 0.580 0.550 0.360
v 13.188 12.392 87.859 0.580 0.550 0.360
v 15.451 11.924 87.859 0.580 0.550 0.360
v 17.714 11.877 87.859 0.580 0.550 0.360
v 19.976 11.384 87.859 0.520 0.500 0.460
v 22.239 7.515 87.859 0.510 0.450 0.371
v 24.502 2.942 87.859 0.500 0.400 0.280
v 26.765 0.062 87.859 0.391 0.462 0.249
v 29.027 0.000 87.859 0.360 0.480 0.240
v 31.290 0.000 87.859 0.360 0.480 0.240
v 33.553 0.000 87.859 0.360 0.480 0.240
v 35.816 0.000 87.859 0.360 0.480 0.240
v 38.078 0.000 87.859 0.360 0.480 0.240
v 40.341 0.000 87.859 0.360 0.480 0.240
v 42.604 0.000 87.859 0.360 0.480 0.240
v 44.867 0.000 87.859 0.360 0.480 0.240
v 47.129 0.000 87.859 0.360 0.480 0.240
v 49.392 0.000 87.859 0.360 0.480 0.240
v 51.655 0.000 87.859 0.360 0.480 0.240
v 53.918 0.000 87.859 0.360 0.480 0.240
v 56.180 0.000 87.859 0.360 0.480 0.240
v 58.443 0.000 87.859 0.360 0.480 0.240
v 60.706 0.000 87.859 0.360 0.480 0.240
v 62.969 0.000 87.859 0.360 0.480 0.240
v 65.231 0.000 87.859 0.360 0.480 0.240
v 67.494 0.000 87.859 0.360 0.480 0.240
v 69.757 0.000 87.859 0.360 0.480 0.240
v 72.020 0.000 87.859 0.360 0.480 0.240
v 74.282 0.000 87.859 0.360 0.480 0.240
v 76.545 0.000 87.859 0.360 0.480 0.240
v 78.808 0.230 87.859 0.434 0.438 0.261
v 81.070 1.829 87.859 0.500 0.400 0.280
v 83.333 4.425 87.859 0.500 0.400 0.280
v 85.596 7.546 87.859 0.510 0.451 0.373
v 87.859 10.451 87.859 0.520 0.500 0.460
v 90.121 12.590 87.859 0.580 0.550 0.360
v 92.384 11.862 87.859 0.580 0.550 0.360
v 94.647 11.845 87.859 0.580 0.550 0.360
v 96.910 11.904 87.859 0.580 0.550 0.360
v 99.172 12.087 87.859 0.580 0.550 0.360
v 101.435 11.777 87.859 0.580 0.550 0.360
v 103.698 11.862 87.859 0.580 0.550 0.360
v 105.961 12.175 87.859 0.580 0.550 0.360
v 108.223 12.389 87.859 0.580 0.550 0.360
v 110.486 12.397 87.859 0.580 0.550 0.360
v 112.749 12.225 87.859 0.580 0.550 0.360
v 115.012 11.236 87.859 0.580 0.550 0.360
v 117.274 11.847 87.859 0.580 0.550 0.360
v 119.537 12.174 87.859 0.580 0.550 0.360
v 121.800 12.361 87.859 0.580 0.550 0.360
v 124.063 11.507 87.859 0.580 0.550 0.360
v 126.325 11.598 87.859 0.580 0.550 0.360
v 128.588 11.889 87.859 0.580 0.550 0.360
v 130.851 12.190 87.859 0.580 0.550 0.360
v 133.114 12.258 87.859 0.580 0.550 0.360
v 135.376 12.199 87.859 0.580 0.550 0.360
v 137.639 11.887 87.859 0.580 0.550 0.360
v 139.902 11.853 87.859 0.580 0.550 0.360
v 142.165 11.868 87.859 0.580 0.550 0.360
v 144.427 11.908 87.859 0.580 0.550 0.360
v 146.690 12.008 87.859 0.580 0.550 0.360
v 148.953 11.929 87.859 0.580 0.550 0.360
v 151.215 11.930 87.859 0.580 0.550 0.360
v 153.478 12.271 87.859 0.580 0.550 0.360
v 155.741 11.931 87.859 0.580 0.550 0.360
v 158.004 11.924 87.859 0.580 0.550 0.360
v 160.266 12.166 87.859 0.580 0.550 0.360
v 162.529 12.429 87.859 0.580 0.550 0.360
v 164.792 12.070 87.859 0.580 0.550 0.360
v 167.055 11.665 87.859 0.580 0.550 0.360
v 169.317 11.633 87.859 0.580 0.550 0.360
v 171.580 11.540 87.859 0.580 0.550 0.360
v 6.400 11.492 90.121 0.580 0.550 0.360
v 8.663 12.184 90.121 0.580 0.550 0.360
v 10.925 12.434 90.121 0.580 0.550 0.360
v 13.188 12.508 90.121 0.580 0.550 0.360
v 15.451 11.551 90.121 0.580 0.550 0.360
v 17.714 11.731 90.121 0.580 0.550 0.360
v 19.976 11.197 90.121 0.520 0.500 0.460
v 22.239 7.144 90.121 0.508 0.439 0.351
v 24.502 2.406 90.121 0.500 0.400 0.280
v 26.765 0.002 90.121 0.360 0.480 0.240
v 29.027 0.000 90.121 0.360 0.480 0.240
v 31.290 0.000 90.121 0.360 0.480 0.240
v 33.553 0.000 90.121 0.360 0.480 0.240
v 35.816 0.000 90.121 0.360 0.480 0.240
v 38.078 0.000 90.121 0.360 0.480 0.240
v 40.341 0.000 90.121 0.360 0.480 0.240
v 42.604 0.000 90.121 0.360 0.480 0.240
v 44.867 0.000 90.121 0.360 0.480 0.240
v 47.129 0.000 90.121 0.360 0.480 0.240
v 49.392 0.000 90.121 0.360 0.480 0.240
v 51.655 0.000 90.121 0.360 0.480 0.240
v 53.918 0.000 90.121 0.360 0.480 0.240
v 56.180 0.000 90.121 0.360 0.480 0.240
v 58.443 0.000 90.121 0.360 0.480 0.240
v 60.706 0.000 90.121 0.360 0.480 0.240
v 62.969 0.000 90.121 0.360 0.480 0.240
v 65.231 0.000 90.121 0.360 0.480 0.240
v 67.494 0.000 90.121 0.360 0.480 0.240
v 69.757 0.000 90.121 0.360 0.480 0.240
v 72.020 0.000 90.121 0.360 0.480 0.240
v 74.282 0.000 90.121 0.360 0.480 0.240
v 76.545 0.000 90.121 0.360 0.480 0.240
v 78.808 0.000 90.121 0.360 0.480 0.240
v 81.070 0.010 90.121 0.361 0.480 0.240
v 83.333 1.758 90.121 0.500 0.400 0.280
v 85.596 6.441 90.121 0.504 0.420 0.316
v 87.859 11.158 90.121 0.520 0.500 0.460
v 90.121 12.561 90.121 0.580 0.550 0.360
v 92.384 12.362 90.121 0.580 0.550 0.360
v 94.647 11.712 90.121 0.580 0.550 0.360
v 96.910 11.553 90.121 0.580 0.550 0.360
v 99.172 12.542 90.121 0.580 0.550 0.360
v 101.435 11.543 90.121 0.580 0.550 0.360
v 103.698 11.452 90.121 0.580 0.550 0.360
v 105.961 11.812 90.121 0.580 0.550 0.360
v 108.223 12.458 90.121 0.580 0.550 0.360
v 110.486 12.463 90.121 0.580 0.550 0.360
v 112.749 12.249 90.121 0.580 0.550 0.360
v 115.012 11.233 90.121 0.580 0.550 0.360
v 117.274 11.410 90.121 0.580 0.550 0.360
v 119.537 11.815 90.121 0.580 0.550 0.360
v 121.800 12.613 90.121 0.580 0.550 0.360
v 124.063 11.617 90.121 0.580 0.550 0.360
v 126.325 11.531 90.121 0.580 0.550 0.360
v 128.588 11.694 90.121 0.580 0.550 0.360
v 130.851 12.495 90.121 0.580 0.550 0.360
v 133.114 12.086 90.121 0.580 0.550 0.360
v 135.376 11.892 90.121 0.580 0.550 0.360
v 137.639 12.059 90.121 0.580 0.550 0.360
v 139.902 11.622 90.121 0.580 0.550 0.360
v 142.165 11.445 90.121 0.580 0.550 0.360
v 144.427 11.332 90.121 0.580 0.550 0.360
v 146.690 11.332 90.121 0.580 0.550 0.360
v 148.953 11.916 90.121 0.580 0.550 0.360
v 151.215 12.361 90.121 0.580 0.550 0.360
v 153.478 12.398 90.121 0.580 0.550 0.360
v 155.741 12.093 90.121 0.580 0.550 0.360
v 158.004 12.197 90.121 0.580 0.550 0.360
v 160.266 12.642 90.121 0.580 0.550 0.360
v 162.529 12.395 90.121 0.580 0.550 0.360
v 164.792 12.070 90.121 0.580 0.550 0.360
v 167.055 11.759 90.121 0.580 0.550 0.360
v 169.317 11.640 90.121 0.580 0.550 0.360
v 171.580 11.614 90.121 0.580 0.550 0.360
v 6.400 11.927 92.384 0.580 0.550 0.360
v 8.663 11.900 92.384 0.580 0.550 0.360
v 10.925 11.790 92.384 0.580 0.550 0.360
v 13.188 11.655 92.384 0.580 0.550 0.360
v 15.451 12.479 92.384 0.580 0.550 0.360
v 17.714 12.422 92.384 0.580 0.550 0.360
v 19.976 11.169 92.384 0.520 0.500 0.460
v 22.239 6.574 92.384 0.505 0.423 0.322
v 24.502 1.909 92.384 0.500 0.400 0.280
v 26.765 0.000 92.384 0.360 0.480 0.240
v 29.027 0.000 92.384 0.360 0.480 0.240
v 31.290 0.000 92.384 0.360 0.480 0.240
v 33.553 0.000 92.384 0.360 0.480 0.240
v 35.816 0.000 92.384 0.360 0.480 0.240
v 38.078 0.000 92.384 0.360 0.480 0.240
v 40.341 0.000 92.384 0.360 0.480 0.240
v 42.604 0.000 92.384 0.360 0.480 0.240
v 44.867 0.000 92.384 0.360 0.480 0.240
v 47.129 0.000 92.384 0.360 0.480 0.240
v 49.392 0.000 92.384 0.360 0.480 0.240
v 51.655 0.000 92.384 0.360 0.480 0.240
v 53.918 0.000 92.384 0.360 0.480 0.240
v 56.180 0.000 92.384 0.379 0.469 0.245
v 58.443 0.000 92.384 0.360 0.480 0.240
v 60.706 0.000 92.384 0.360 0.480 0.240
v 62.969 0.000 92.384 0.360 0.480 0.240
v 65.231 0.000 92.384 0.360 0.480 0.240
v 67.494 0.000 92.384 0.360 0.480 0.240
v 69.757 0.000 92.384 0.360 0.480 0.240
v 72.020 0.000 92.384 0.360 0.480 0.240
v 74.282 0.000 92.384 0.360 0.480 0.240
v 76.545 0.000 92.384 0.360 0.480 0.240
v 78.808 0.000 92.384 0.360 0.480 0.240
v 81.070 0.086 92.384 0.393 0.461 0.249
v 83.333 2.916 92.384 0.500 0.400 0.280
v 85.596 7.969 92.384 0.513 0.464 0.395
v 87.859 11.472 92.384 0.539 0.516 0.428
v 90.121 11.465 92.384 0.580 0.550 0.360
v 92.384 12.431 92.384 0.580 0.550 0.360
v 94.647 11.730 92.384 0.580 0.550 0.360
v 96.910 11.510 92.384 0.580 0.550 0.360
v 99.172 12.531 92.384 0.580 0.550 0.360
v 101.435 12.073 92.384 0.580 0.550 0.360
v 103.698 11.967 92.384 0.580 0.550 0.360
v 105.961 12.031 92.384 0.580 0.550 0.360
v 108.223 12.614 92.384 0.580 0.550 0.360
v 110.486 12.410 92.384 0.580 0.550 0.360
v 112.749 12.060 92.384 0.580 0.550 0.360
v 115.012 11.271 92.384 0.580 0.550 0.360
v 117.274 11.925 92.384 0.580 0.550 0.360
v 119.537 12.299 92.384 0.580 0.550 0.360
v 121.800 12.570 92.384 0.580 0.550 0.360
v 124.063 12.588 92.384 0.580 0.550 0.360
v 126.325 12.189 92.384 0.580 0.550 0.360
v 128.588 11.697 92.384 0.580 0.550 0.360
v 130.851 11.390 92.384 0.580 0.550 0.360
v 133.114 11.493 92.384 0.580 0.550 0.360
v 135.376 11.694 92.384 0.580 0.550 0.360
v 137.639 12.172 92.384 0.580 0.550 0.360
v 139.902 12.057 92.384 0.580 0.550 0.360
v 142.165 11.943 92.384 0.580 0.550 0.360
v 144.427 11.827 92.384 0.580 0.550 0.360
v 146.690 12.154 92.384 0.580 0.550 0.360
v 148.953 11.899 92.384 0.580 0.550 0.360
v 151.215 11.762 92.384 0.580 0.550 0.360
v 153.478 12.142 92.384 0.580 0.550 0.360
v 155.741 11.887 92.384 0.580 0.550 0.360
v 158.004 12.039 92.384 0.580 0.550 0.360
v 160.266 12.540 92.384 0.580 0.550 0.360
v 162.529 11.844 92.384 0.580 0.550 0.360
v 164.792 11.952 92.384 0.580 0.550 0.360
v 167.055 12.110 92.384 0.580 0.550 0.360
v 169.317 11.765 92.384 0.580 0.550 0.360
v 171.580 12.145 92.384 0.580 0.550 0.360
v 6.400 11.978 94.647 0.580 0.550 0.360
v 8.663 11.885 94.647 0.580 0.550 0.360
v 10.925 11.839 94.647 0.580 0.550 0.360
v 13.188 11.839 94.647 0.580 0.550 0.360
v 15.451 12.645 94.647 0.580 0.550 0.360
v 17.714 12.154 94.647 0.580 0.550 0.360
v 19.976 10.311 94.647 0.520 0.500 0.460
v 22.239 6.125 94.647 0.503 0.413 0.303
v 24.502 1.455 94.647 0.500 0.400 0.280
v 26.765 0.000 94.647 0.360 0.480 0.240
v 29.027 0.000 94.647 0.360 0.480 0.240
v 31.290 0.000 94.647 0.360 0.480 0.240
v 33.553 0.000 94.647 0.360 0.480 0.240
v 35.816 0.000 94.647 0.360 0.480 0.240
v 38.078 0.000 94.647 0.360 0.480 0.240
v 40.341 0.000 94.647 0.360 0.480 0.240
v 42.604 0.000 94.647 0.360 0.480 0.240
v 44.867 0.000 94.647 0.360 0.480 0.240
v 47.129 0.000 94.647 0.360 0.480 0.240
v 49.392 0.000 94.647 0.360 0.480 0.240
v 51.655 0.669 94.647 0.500 0.400 0.280
v 53.918 2.301 94.647 0.500 0.400 0.280
v 56.180 2.817 94.647 0.500 0.400 0.280
v 58.443 1.816 94.647 0.500 0.400 0.280
v 60.706 0.195 94.647 0.500 0.400 0.280
v 62.969 0.000 94.647 0.360 0.480 0.240
v 65.231 0.000 94.647 0.360 0.480 0.240
v 67.494 0.000 94.647 0.360 0.480 0.240
v 69.757 0.000 94.647 0.360 0.480 0.240
v 72.020 0.000 94.647 0.360 0.480 0.240
v 74.282 0.000 94.647 0.360 0.480 0.240
v 76.545 0.000 94.647 0.360 0.480 0.240
v 78.808 0.000 94.647 0.360 0.480 0.240
v 81.070 0.551 94.647 0.500 0.400 0.280
v 83.333 4.230 94.647 0.500 0.400 0.280
v 85.596 8.856 94.647 0.517 0.487 0.436
v 87.859 11.520 94.647 0.580 0.550 0.361
v 90.121 11.342 94.647 0.580 0.550 0.360
v 92.384 12.126 94.647 0.580 0.550 0.360
v 94.647 11.810 94.647 0.580 0.550 0.360
v 96.910 11.795 94.647 0.580 0.550 0.360
v 99.172 12.652 94.647 0.580 0.550 0.360
v 101.435 11.907 94.647 0.580 0.550 0.360
v 103.698 11.865 94.647 0.580 0.550 0.360
v 105.961 12.175 94.647 0.580 0.550 0.360
v 108.223 12.552 94.647 0.580 0.550 0.360
v 110.486 12.125 94.647 0.580 0.550 0.360
v 112.749 11.690 94.647 0.580 0.550 0.360
v 115.012 11.438 94.647 0.580 0.550 0.360
v 117.274 12.162 94.647 0.580 0.550 0.360
v 119.537 12.436 94.647 0.580 0.550 0.360
v 121.800 12.398 94.647 0.580 0.550 0.360
v 124.063 12.253 94.647 0.580 0.550 0.360
v 126.325 12.202 94.647 0.580 0.550 0.360
v 128.588 12.105 94.647 0.580 0.550 0.360
v 130.851 11.467 94.647 0.580 0.550 0.360
v 133.114 11.613 94.647 0.580 0.550 0.360
v 135.376 11.825 94.647 0.580 0.550 0.360
v 137.639 12.240 94.647 0.580 0.550 0.360
v 139.902 12.364 94.647 0.580 0.550 0.360
v 142.165 12.368 94.647 0.580 0.550 0.360
v 144.427 12.335 94.647 0.580 0.550 0.360
v 146.690 12.443 94.647 0.580 0.550 0.360
v 148.953 11.884 94.647 0.580 0.550 0.360
v 151.215 11.538 94.647 0.580 0.550 0.360
v 153.478 11.947 94.647 0.580 0.550 0.360
v 155.741 11.890 94.647 0.580 0.550 0.360
v 158.004 11.996 94.647 0.580 0.550 0.360
v 160.266 12.257 94.647 0.580 0.550 0.360
v 162.529 11.849 94.647 0.580 0.550 0.360
v 164.792 12.085 94.647 0.580 0.550 0.360
v 167.055 12.371 94.647 0.580 0.550 0.360
v 169.317 12.318 94.647 0.580 0.550 0.360
v 171.580 12.371 94.647 0.580 0.550 0.360
v 6.400 12.065 96.910 0.580 0.550 0.360
v 8.663 11.800 96.910 0.580 0.550 0.360
v 10.925 11.870 96.910 0.580 0.550 0.360
v 13.188 12.129 96.910 0.580 0.550 0.360
v 15.451 12.674 96.910 0.580 0.550 0.360
v 17.714 11.958 96.910 0.558 0.532 0.396
v 19.976 9.552 96.910 0.520 0.498 0.456
v 22.239 5.437 96.910 0.500 0.402 0.284
v 24.502 1.051 96.910 0.500 0.400 0.280
v 26.765 0.000 96.910 0.360 0.480 0.240
v 29.027 0.000 96.910 0.360 0.480 0.240
v 31.290 0.000 96.910 0.360 0.480 0.240
v 33.553 0.000 96.910 0.360 0.480 0.240
v 35.816 0.000 96.910 0.360 0.480 0.240
v 38.078 0.000 96.910 0.360 0.480 0.240
v 40.341 0.000 96.910 0.360 0.480 0.240
v 42.604 0.000 96.910 0.360 0.480 0.240
v 44.867 0.000 96.910 0.360 0.480 0.240
v 47.129 0.000 96.910 0.360 0.480 0.240
v 49.392 1.574 96.910 0.500 0.400 0.280
v 51.655 5.298 96.910 0.500 0.401 0.282
v 53.918 6.902 96.910 0.506 0.432 0.338
v 56.180 7.000 96.910 0.507 0.435 0.343
v 58.443 6.642 96.910 0.505 0.425 0.326
v 60.706 4.171 96.910 0.500 0.400 0.280
v 62.969 0.506 96.910 0.500 0.400 0.280
v 65.231 0.000 96.910 0.360 0.480 0.240
v 67.494 0.000 96.910 0.360 0.480 0.240
v 69.757 0.000 96.910 0.360 0.480 0.240
v 72.020 0.000 96.910 0.360 0.480 0.240
v 74.282 0.000 96.910 0.360 0.480 0.240
v 76.545 0.000 96.910 0.360 0.480 0.240
v 78.808 0.000 96.910 0.360 0.480 0.240
v 81.070 1.357 96.910 0.500 0.400 0.280
v 83.333 5.673 96.910 0.501 0.405 0.289
v 85.596 9.927 96.910 0.520 0.500 0.460
v 87.859 11.560 96.910 0.580 0.550 0.360
v 90.121 11.396 96.910 0.580 0.550 0.360
v 92.384 11.923 96.910 0.580 0.550 0.360
v 94.647 11.898 96.910 0.580 0.550 0.360
v 96.910 12.033 96.910 0.580 0.550 0.360
v 99.172 12.720 96.910 0.580 0.550 0.360
v 101.435 11.766 96.910 0.580 0.550 0.360
v 103.698 11.763 96.910 0.580 0.550 0.360
v 105.961 12.241 96.910 0.580 0.550 0.360
v 108.223 12.549 96.910 0.580 0.550 0.360
v 110.486 11.976 96.910 0.580 0.550 0.360
v 112.749 11.501 96.910 0.580 0.550 0.360
v 115.012 11.742 96.910 0.580 0.550 0.360
v 117.274 12.224 96.910 0.580 0.550 0.360
v 119.537 12.357 96.910 0.580 0.550 0.360
v 121.800 12.214 96.910 0.580 0.550 0.360
v 124.063 11.974 96.910 0.580 0.550 0.360
v 126.325 12.084 96.910 0.580 0.550 0.360
v 128.588 12.189 96.910 0.580 0.550 0.360
v 130.851 11.538 96.910 0.580 0.550 0.360
v 133.114 11.713 96.910 0.580 0.550 0.360
v 135.376 11.894 96.910 0.580 0.550 0.360
v 137.639 12.144 96.910 0.580 0.550 0.360
v 139.902 12.327 96.910 0.580 0.550 0.360
v 142.165 12.447 96.910 0.580 0.550 0.360
v 144.427 12.564 96.910 0.580 0.550 0.360
v 146.690 12.519 96.910 0.580 0.550 0.360
v 148.953 11.892 96.910 0.580 0.550 0.360
v 151.215 11.488 96.910 0.580 0.550 0.360
v 153.478 11.815 96.910 0.580 0.550 0.360
v 155.741 11.810 96.910 0.580 0.550 0.360
v 158.004 11.884 96.910 0.580 0.550 0.360
v 160.266 12.045 96.910 0.580 0.550 0.360
v 162.529 11.977 96.910 0.580 0.550 0.360
v 164.792 12.240 96.910 0.580 0.550 0.360
v 167.055 12.502 96.910 0.580 0.550 0.360
v 169.317 12.394 96.910 0.580 0.550 0.360
v 171.580 12.294 96.910 0.580 0.550 0.360
v 6.400 12.344 99.172 0.580 0.550 0.360
v 8.663 11.454 99.172 0.580 0.550 0.360
v 10.925 11.786 99.172 0.580 0.550 0.360
v 13.188 12.727 99.172 0.580 0.550 0.360
v 15.451 12.494 99.172 0.580 0.550 0.360
v 17.714 11.932 99.172 0.540 0.517 0.427
v 19.976 9.020 99.172 0.518 0.490 0.442
v 22.239 4.655 99.172 0.500 0.400 0.280
v 24.502 0.704 99.172 0.500 0.400 0.280
v 26.765 0.000 99.172 0.360 0.480 0.240
v 29.027 0.000 99.172 0.360 0.480 0.240
v 31.290 0.000 99.172 0.360 0.480 0.240
v 33.553 0.000 99.172 0.360 0.480 0.240
v 35.816 0.000 99.172 0.360 0.480 0.240
v 38.078 0.000 99.172 0.360 0.480 0.240
v 40.341 0.000 99.172 0.360 0.480 0.240
v 42.604 0.000 99.172 0.360 0.480 0.240
v 44.867 0.000 99.172 0.360 0.480 0.240
v 47.129 0.376 99.172 0.500 0.400 0.280
v 49.392 4.996 99.172 0.500 0.400 0.280
v 51.655 7.000 99.172 0.449 0.504 0.290
v 53.918 7.000 99.172 0.447 0.508 0.287
v 56.180 7.000 99.172 0.447 0.508 0.287
v 58.443 7.000 99.172 0.447 0.508 0.287
v 60.706 6.967 99.172 0.507 0.434 0.342
v 62.969 3.291 99.172 0.500 0.400 0.280
v 65.231 0.000 99.172 0.431 0.440 0.260
v 67.494 0.000 99.172 0.360 0.480 0.240
v 69.757 0.000 99.172 0.360 0.480 0.240
v 72.020 0.000 99.172 0.360 0.480 0.240
v 74.282 0.000 99.172 0.360 0.480 0.240
v 76.545 0.000 99.172 0.360 0.480 0.240
v 78.808 0.011 99.172 0.360 0.480 0.240
v 81.070 2.429 99.172 0.500 0.400 0.280
v 83.333 7.518 99.172 0.510 0.451 0.371
v 85.596 11.879 99.172 0.520 0.500 0.460
v 87.859 12.357 99.172 0.580 0.550 0.360
v 90.121 11.788 99.172 0.580 0.550 0.360
v 92.384 11.881 99.172 0.580 0.550 0.360
v 94.647 12.059 99.172 0.580 0.550 0.360
v 96.910 12.269 99.172 0.580 0.550 0.360
v 99.172 12.686 99.172 0.580 0.550 0.360
v 101.435 11.685 99.172 0.580 0.550 0.360
v 103.698 11.675 99.172 0.580 0.550 0.360
v 105.961 12.174 99.172 0.580 0.550 0.360
v 108.223 12.714 99.172 0.580 0.550 0.360
v 110.486 12.087 99.172 0.580 0.550 0.360
v 112.749 11.656 99.172 0.580 0.550 0.360
v 115.012 12.564 99.172 0.580 0.550 0.360
v 117.274 11.941 99.172 0.580 0.550 0.360
v 119.537 11.750 99.172 0.580 0.550 0.360
v 121.800 11.895 99.172 0.580 0.550 0.360
v 124.063 11.823 99.172 0.580 0.550 0.360
v 126.325 11.659 99.172 0.580 0.550 0.360
v 128.588 11.483 99.172 0.580 0.550 0.360
v 130.851 11.482 99.172 0.580 0.550 0.360
v 133.114 11.736 99.172 0.580 0.550 0.360
v 135.376 11.812 99.172 0.580 0.550 0.360
v 137.639 11.590 99.172 0.580 0.550 0.360
v 139.902 11.451 99.172 0.580 0.550 0.360
v 142.165 11.749 99.172 0.580 0.550 0.360
v 144.427 12.264 99.172 0.580 0.550 0.360
v 146.690 12.200 99.172 0.580 0.550 0.360
v 148.953 11.960 99.172 0.580 0.550 0.360
v 151.215 11.778 99.172 0.580 0.550 0.360
v 153.478 11.744 99.172 0.580 0.550 0.360
v 155.741 11.448 99.172 0.580 0.550 0.360
v 158.004 11.516 99.172 0.580 0.550 0.360
v 160.266 11.891 99.172 0.580 0.550 0.360
v 162.529 12.412 99.172 0.580 0.550 0.360
v 164.792 12.516 99.172 0.580 0.550 0.360
v 167.055 12.415 99.172 0.580 0.550 0.360
v 169.317 11.311 99.172 0.580 0.550 0.360
v 171.580 11.470 99.172 0.580 0.550 0.360
v 6.400 12.390 101.435 0.580 0.550 0.360
v 8.663 12.264 101.435 0.580 0.550 0.360
v 10.925 12.316 101.435 0.580 0.550 0.360
v 13.188 12.457 101.435 0.580 0.550 0.360
v 15.451 12.374 101.435 0.580 0.550 0.360
v 17.714 12.355 101.435 0.567 0.539 0.382
v 19.976 9.431 101.435 0.519 0.496 0.454
v 22.239 4.105 101.435 0.500 0.400 0.280
v 24.502 0.419 101.435 0.500 0.400 0.280
v 26.765 0.000 101.435 0.360 0.480 0.240
v 29.027 0.000 101.435 0.360 0.480 0.240
v 31.290 0.000 101.435 0.360 0.480 0.240
v 33.553 0.000 101.435 0.360 0.480 0.240
v 35.816 0.000 101.435 0.360 0.480 0.240
v 38.078 0.000 101.435 0.360 0.480 0.240
v 40.341 0.000 101.435 0.360 0.480 0.240
v 42.604 0.000 101.435 0.360 0.480 0.240
v 44.867 0.000 101.435 0.360 0.480 0.240
v 47.129 1.526 101.435 0.500 0.400 0.280
v 49.392 6.610 101.435 0.505 0.424 0.324
v 51.655 7.000 101.435 0.447 0.508 0.287
v 53.918 7.000 101.435 0.447 0.508 0.287
v 56.180 7.000 101.435 0.447 0.508 0.287
v 58.443 7.000 101.435 0.447 0.508 0.287
v 60.706 7.000 101.435 0.447 0.508 0.287
v 62.969 5.224 101.435 0.500 0.401 0.281
v 65.231 0.252 101.435 0.500 0.400 0.280
v 67.494 0.000 101.435 0.360 0.480 0.240
v 69.757 0.000 101.435 0.360 0.480 0.240
v 72.020 0.000 101.435 0.360 0.480 0.240
v 74.282 0.000 101.435 0.360 0.480 0.240
v 76.545 0.000 101.435 0.360 0.480 0.240
v 78.808 0.320 101.435 0.485 0.409 0.276
v 81.070 3.694 101.435 0.500 0.400 0.280
v 83.333 9.078 101.435 0.518 0.491 0.444
v 85.596 11.845 101.435 0.561 0.534 0.392
v 87.859 12.155 101.435 0.580 0.550 0.360
v 90.121 12.318 101.435 0.580 0.550 0.360
v 92.384 11.855 101.435 0.580 0.550 0.360
v 94.647 12.243 101.435 0.580 0.550 0.360
v 96.910 12.388 101.435 0.580 0.550 0.360
v 99.172 11.925 101.435 0.580 0.550 0.360
v 101.435 12.014 101.435 0.580 0.550 0.360
v 103.698 11.818 101.435 0.580 0.550 0.360
v 105.961 11.437 101.435 0.580 0.550 0.360
v 108.223 11.736 101.435 0.580 0.550 0.360
v 110.486 11.506 101.435 0.580 0.550 0.360
v 112.749 11.480 101.435 0.580 0.550 0.360
v 115.012 12.678 101.435 0.580 0.550 0.360
v 117.274 11.841 101.435 0.580 0.550 0.360
v 119.537 11.544 101.435 0.580 0.550 0.360
v 121.800 11.652 101.435 0.580 0.550 0.360
v 124.063 12.268 101.435 0.580 0.550 0.360
v 126.325 11.950 101.435 0.580 0.550 0.360
v 128.588 11.559 101.435 0.580 0.550 0.360
v 130.851 12.432 101.435 0.580 0.550 0.360
v 133.114 11.922 101.435 0.580 0.550 0.360
v 135.376 11.777 101.435 0.580 0.550 0.360
v 137.639 12.315 101.435 0.580 0.550 0.360
v 139.902 11.901 101.435 0.580 0.550 0.360
v 142.165 11.667 101.435 0.580 0.550 0.360
v 144.427 11.500 101.435 0.580 0.550 0.360
v 146.690 12.343 101.435 0.580 0.550 0.360
v 148.953 12.456 101.435 0.580 0.550 0.360
v 151.215 12.311 101.435 0.580 0.550 0.360
v 153.478 11.376 101.435 0.580 0.550 0.360
v 155.741 11.361 101.435 0.580 0.550 0.360
v 158.004 11.516 101.435 0.580 0.550 0.360
v 160.266 11.860 101.435 0.580 0.550 0.360
v 162.529 12.014 101.435 0.580 0.550 0.360
v 164.792 11.834 101.435 0.580 0.550 0.360
v 167.055 11.598 101.435 0.580 0.550 0.360
v 169.317 11.327 101.435 0.580 0.550 0.360
v 171.580 11.338 101.435 0.580 0.550 0.360
v 6.400 12.203 103.698 0.580 0.550 0.360
v 8.663 12.357 103.698 0.580 0.550 0.360
v 10.925 12.311 103.698 0.580 0.550 0.360
v 13.188 12.160 103.698 0.580 0.550 0.360
v 15.451 12.054 103.698 0.580 0.550 0.360
v 17.714 12.026 103.698 0.544 0.520 0.420
v 19.976 8.823 103.698 0.517 0.486 0.435
v 22.239 3.508 103.698 0.500 0.400 0.280
v 24.502 0.203 103.698 0.457 0.425 0.268
v 26.765 0.000 103.698 0.360 0.480 0.240
v 29.027 0.000 103.698 0.360 0.480 0.240
v 31.290 0.000 103.698 0.360 0.480 0.240
v 33.553 0.000 103.698 0.360 0.480 0.240
v 35.816 0.000 103.698 0.360 0.480 0.240
v 38.078 0.000 103.698 0.360 0.480 0.240
v 40.341 0.000 103.698 0.360 0.480 0.240
v 42.604 0.000 103.698 0.360 0.480 0.240
v 44.867 0.000 103.698 0.360 0.480 0.240
v 47.129 1.721 103.698 0.500 0.400 0.280
v 49.392 6.746 103.698 0.506 0.428 0.331
v 51.655 7.000 103.698 0.447 0.508 0.287
v 53.918 7.000 103.698 0.447 0.508 0.287
v 56.180 7.000 103.698 0.447 0.508 0.287
v 58.443 7.000 103.698 0.447 0.508 0.287
v 60.706 7.000 103.698 0.447 0.508 0.287
v 62.969 5.460 103.698 0.500 0.402 0.284
v 65.231 0.342 103.698 0.500 0.400 0.280
v 67.494 0.000 103.698 0.360 0.480 0.240
v 69.757 0.000 103.698 0.360 0.480 0.240
v 72.020 0.000 103.698 0.360 0.480 0.240
v 74.282 0.000 103.698 0.360 0.480 0.240
v 76.545 0.000 103.698 0.360 0.480 0.240
v 78.808 0.998 103.698 0.500 0.400 0.280
v 81.070 5.156 103.698 0.500 0.400 0.281
v 83.333 9.945 103.698 0.520 0.500 0.460
v 85.596 11.868 103.698 0.580 0.550 0.360
v 87.859 11.936 103.698 0.580 0.550 0.360
v 90.121 12.096 103.698 0.580 0.550 0.360
v 92.384 11.905 103.698 0.580 0.550 0.360
v 94.647 12.119 103.698 0.580 0.550 0.360
v 96.910 12.145 103.698 0.580 0.550 0.360
v 99.172 11.679 103.698 0.580 0.550 0.360
v 101.435 11.949 103.698 0.580 0.550 0.360
v 103.698 11.911 103.698 0.580 0.550 0.360
v 105.961 11.720 103.698 0.580 0.550 0.360
v 108.223 11.921 103.698 0.580 0.550 0.360
v 110.486 11.606 103.698 0.580 0.550 0.360
v 112.749 11.481 103.698 0.580 0.550 0.360
v 115.012 12.466 103.698 0.580 0.550 0.360
v 117.274 11.717 103.698 0.580 0.550 0.360
v 119.537 11.522 103.698 0.580 0.550 0.360
v 121.800 11.793 103.698 0.580 0.550 0.360
v 124.063 12.436 103.698 0.580 0.550 0.360
v 126.325 12.191 103.698 0.580 0.550 0.360
v 128.588 11.849 103.698 0.580 0.550 0.360
v 130.851 12.417 103.698 0.580 0.550 0.360
v 133.114 12.042 103.698 0.580 0.550 0.360
v 135.376 11.936 103.698 0.580 0.550 0.360
v 137.639 12.324 103.698 0.580 0.550 0.360
v 139.902 12.168 103.698 0.580 0.550 0.360
v 142.165 11.835 103.698 0.580 0.550 0.360
v 144.427 11.425 103.698 0.580 0.550 0.360
v 146.690 12.361 103.698 0.580 0.550 0.360
v 148.953 12.592 103.698 0.580 0.550 0.360
v 151.215 12.543 103.698 0.580 0.550 0.360
v 153.478 11.675 103.698 0.580 0.550 0.360
v 155.741 11.511 103.698 0.580 0.550 0.360
v 158.004 11.651 103.698 0.580 0.550 0.360
v 160.266 12.071 103.698 0.580 0.550 0.360
v 162.529 12.171 103.698 0.580 0.550 0.360
v 164.792 11.865 103.698 0.580 0.550 0.360
v 167.055 11.540 103.698 0.580 0.550 0.360
v 169.317 11.534 103.698 0.580 0.550 0.360
v 171.580 11.458 103.698 0.580 0.550 0.360
v 6.400 11.871 105.961 0.580 0.550 0.360
v 8.663 12.126 105.961 0.580 0.550 0.360
v 10.925 12.032 105.961 0.580 0.550 0.360
v 13.188 11.751 105.961 0.580 0.550 0.360
v 15.451 11.559 105.961 0.580 0.550 0.360
v 17.714 11.243 105.961 0.524 0.503 0.454
v 19.976 7.786 105.961 0.512 0.459 0.385
v 22.239 2.942 105.961 0.500 0.400 0.280
v 24.502 0.062 105.961 0.391 0.462 0.249
v 26.765 0.000 105.961 0.360 0.480 0.240
v 29.027 0.000 105.961 0.360 0.480 0.240
v 31.290 0.000 105.961 0.360 0.480 0.240
v 33.553 0.000 105.961 0.360 0.480 0.240
v 35.816 0.000 105.961 0.360 0.480 0.240
v 38.078 0.000 105.961 0.360 0.480 0.240
v 40.341 0.000 105.961 0.360 0.480 0.240
v 42.604 0.000 105.961 0.360 0.480 0.240
v 44.867 0.000 105.961 0.360 0.480 0.240
v 47.129 0.736 105.961 0.500 0.400 0.280
v 49.392 5.700 105.961 0.501 0.405 0.290
v 51.655 7.000 105.961 0.447 0.508 0.287
v 53.918 7.000 105.961 0.447 0.508 0.287
v 56.180 7.000 105.961 0.447 0.508 0.287
v 58.443 7.000 105.961 0.447 0.508 0.287
v 60.706 7.000 105.961 0.480 0.467 0.319
v 62.969 4.037 105.961 0.500 0.400 0.280
v 65.231 0.009 105.961 0.498 0.401 0.279
v 67.494 0.000 105.961 0.360 0.480 0.240
v 69.757 0.000 105.961 0.360 0.480 0.240
v 72.020 0.000 105.961 0.360 0.480 0.240
v 74.282 0.000 105.961 0.360 0.480 0.240
v 76.545 0.000 105.961 0.360 0.480 0.240
v 78.808 1.973 105.961 0.500 0.400 0.280
v 81.070 6.637 105.961 0.505 0.425 0.325
v 83.333 10.228 105.961 0.520 0.500 0.460
v 85.596 11.800 105.961 0.580 0.550 0.360
v 87.859 11.670 105.961 0.580 0.550 0.360
v 90.121 11.464 105.961 0.580 0.550 0.360
v 92.384 11.994 105.961 0.580 0.550 0.360
v 94.647 11.817 105.961 0.580 0.550 0.360
v 96.910 11.682 105.961 0.580 0.550 0.360
v 99.172 11.658 105.961 0.580 0.550 0.360
v 101.435 11.684 105.961 0.580 0.550 0.360
v 103.698 12.011 105.961 0.580 0.550 0.360
v 105.961 12.585 105.961 0.580 0.550 0.360
v 108.223 12.720 105.961 0.580 0.550 0.360
v 110.486 12.060 105.961 0.580 0.550 0.360
v 112.749 11.561 105.961 0.580 0.550 0.360
v 115.012 12.014 105.961 0.580 0.550 0.360
v 117.274 11.563 105.961 0.580 0.550 0.360
v 119.537 11.602 105.961 0.580 0.550 0.360
v 121.800 12.149 105.961 0.580 0.550 0.360
v 124.063 12.505 105.961 0.580 0.550 0.360
v 126.325 12.473 105.961 0.580 0.550 0.360
v 128.588 12.332 105.961 0.580 0.550 0.360
v 130.851 11.936 105.961 0.580 0.550 0.360
v 133.114 12.154 105.961 0.580 0.550 0.360
v 135.376 12.211 105.961 0.580 0.550 0.360
v 137.639 11.960 105.961 0.580 0.550 0.360
v 139.902 12.405 105.961 0.580 0.550 0.360
v 142.165 12.164 105.961 0.580 0.550 0.360
v 144.427 11.660 105.961 0.580 0.550 0.360
v 146.690 12.313 105.961 0.580 0.550 0.360
v 148.953 12.564 105.961 0.580 0.550 0.360
v 151.215 12.663 105.961 0.580 0.550 0.360
v 153.478 12.396 105.961 0.580 0.550 0.360
v 155.741 11.813 105.961 0.580 0.550 0.360
v 158.004 11.871 105.961 0.580 0.550 0.360
v 160.266 12.431 105.961 0.580 0.550 0.360
v 162.529 12.610 105.961 0.580 0.550 0.360
v 164.792 12.244 105.961 0.580 0.550 0.360
v 167.055 11.852 105.961 0.580 0.550 0.360
v 169.317 11.874 105.961 0.580 0.550 0.360
v 171.580 11.718 105.961 0.580 0.550 0.360
v 6.400 12.453 108.223 0.580 0.550 0.360
v 8.663 12.228 108.223 0.580 0.550 0.360
v 10.925 11.857 108.223 0.580 0.550 0.360
v 13.188 11.357 108.223 0.580 0.550 0.360
v 15.451 11.939 108.223 0.580 0.550 0.360
v 17.714 10.994 108.223 0.520 0.500 0.460
v 19.976 7.024 108.223 0.507 0.436 0.345
v 22.239 2.406 108.223 0.500 0.400 0.280
v 24.502 0.002 108.223 0.360 0.480 0.240
v 26.765 0.000 108.223 0.360 0.480 0.240
v 29.027 0.000 108.223 0.360 0.480 0.240
v 31.290 0.000 108.223 0.360 0.480 0.240
v 33.553 0.000 108.223 0.360 0.480 0.240
v 35.816 0.000 108.223 0.360 0.480 0.240
v 38.078 0.000 108.223 0.360 0.480 0.240
v 40.341 0.000 108.223 0.360 0.480 0.240
v 42.604 0.000 108.223 0.360 0.480 0.240
v 44.867 0.000 108.223 0.360 0.480 0.240
v 47.129 0.000 108.223 0.368 0.476 0.242
v 49.392 2.640 108.223 0.500 0.400 0.280
v 51.655 6.359 108.223 0.504 0.418 0.313
v 53.918 7.000 108.223 0.466 0.484 0.305
v 56.180 7.000 108.223 0.447 0.507 0.287
v 58.443 7.000 108.223 0.504 0.439 0.340
v 60.706 5.401 108.223 0.500 0.402 0.283
v 62.969 1.237 108.223 0.500 0.400 0.280
v 65.231 0.000 108.223 0.360 0.480 0.240
v 67.494 0.000 108.223 0.360 0.480 0.240
v 69.757 0.000 108.223 0.360 0.480 0.240
v 72.020 0.000 108.223 0.360 0.480 0.240
v 74.282 0.000 108.223 0.360 0.480 0.240
v 76.545 0.148 108.223 0.437 0.436 0.262
v 78.808 3.169 108.223 0.500 0.400 0.280
v 81.070 8.348 108.223 0.515 0.474 0.414
v 83.333 11.448 108.223 0.520 0.500 0.460
v 85.596 12.277 108.223 0.580 0.550 0.360
v 87.859 12.238 108.223 0.580 0.550 0.360
v 90.121 12.074 108.223 0.580 0.550 0.360
v 92.384 11.714 108.223 0.580 0.550 0.360
v 94.647 12.089 108.223 0.580 0.550 0.360
v 96.910 12.395 108.223 0.580 0.550 0.360
v 99.172 12.639 108.223 0.580 0.550 0.360
v 101.435 12.063 108.223 0.580 0.550 0.360
v 103.698 12.139 108.223 0.580 0.550 0.360
v 105.961 12.551 108.223 0.580 0.550 0.360
v 108.223 12.390 108.223 0.580 0.550 0.360
v 110.486 11.810 108.223 0.580 0.550 0.360
v 112.749 11.359 108.223 0.580 0.550 0.360
v 115.012 11.536 108.223 0.580 0.550 0.360
v 117.274 11.961 108.223 0.580 0.550 0.360
v 119.537 12.029 108.223 0.580 0.550 0.360
v 121.800 11.787 108.223 0.580 0.550 0.360
v 124.063 12.267 108.223 0.580 0.550 0.360
v 126.325 12.426 108.223 0.580 0.550 0.360
v 128.588 12.503 108.223 0.580 0.550 0.360
v 130.851 12.332 108.223 0.580 0.550 0.360
v 133.114 11.911 108.223 0.580 0.550 0.360
v 135.376 11.627 108.223 0.580 0.550 0.360
v 137.639 11.435 108.223 0.580 0.550 0.360
v 139.902 12.025 108.223 0.580 0.550 0.360
v 142.165 11.865 108.223 0.580 0.550 0.360
v 144.427 11.433 108.223 0.580 0.550 0.360
v 146.690 12.072 108.223 0.580 0.550 0.360
v 148.953 11.959 108.223 0.580 0.550 0.360
v 151.215 11.954 108.223 0.580 0.550 0.360
v 153.478 12.562 108.223 0.580 0.550 0.360
v 155.741 11.579 108.223 0.580 0.550 0.360
v 158.004 11.370 108.223 0.580 0.550 0.360
v 160.266 11.649 108.223 0.580 0.550 0.360
v 162.529 11.637 108.223 0.580 0.550 0.360
v 164.792 11.916 108.223 0.580 0.550 0.360
v 167.055 12.105 108.223 0.580 0.550 0.360
v 169.317 11.339 108.223 0.580 0.550 0.360
v 171.580 11.294 108.223 0.580 0.550 0.360
v 6.400 12.330 110.486 0.580 0.550 0.360
v 8.663 11.827 110.486 0.580 0.550 0.360
v 10.925 11.737 110.486 0.580 0.550 0.360
v 13.188 11.809 110.486 0.580 0.550 0.360
v 15.451 11.881 110.486 0.580 0.550 0.360
v 17.714 10.829 110.486 0.520 0.500 0.460
v 19.976 6.613 110.486 0.505 0.425 0.324
v 22.239 1.909 110.486 0.500 0.400 0.280
v 24.502 0.111 110.486 0.360 0.480 0.240
v 26.765 0.000 110.486 0.360 0.480 0.240
v 29.027 0.000 110.486 0.360 0.480 0.240
v 31.290 0.000 110.486 0.360 0.480 0.240
v 33.553 0.000 110.486 0.360 0.480 0.240
v 35.816 0.962 110.486 0.500 0.400 0.280
v 38.078 1.088 110.486 0.500 0.400 0.280
v 40.341 1.088 110.486 0.500 0.400 0.280
v 42.604 1.088 110.486 0.500 0.400 0.280
v 44.867 1.088 110.486 0.500 0.400 0.280
v 47.129 1.088 110.486 0.500 0.400 0.280
v 49.392 1.088 110.486 0.393 0.461 0.250
v 51.655 1.866 110.486 0.397 0.459 0.251
v 53.918 3.981 110.486 0.403 0.456 0.252
v 56.180 4.547 110.486 0.364 0.481 0.242
v 58.443 3.412 110.486 0.482 0.410 0.275
v 60.706 1.088 110.486 0.360 0.480 0.240
v 62.969 1.088 110.486 0.499 0.400 0.280
v 65.231 1.088 110.486 0.500 0.400 0.280
v 67.494 1.088 110.486 0.500 0.400 0.280
v 69.757 1.088 110.486 0.500 0.400 0.280
v 72.020 1.088 110.486 0.500 0.400 0.280
v 74.282 1.088 110.486 0.500 0.400 0.280
v 76.545 1.088 110.486 0.500 0.400 0.280
v 78.808 4.527 110.486 0.500 0.400 0.280
v 81.070 9.302 110.486 0.519 0.495 0.450
v 83.333 11.655 110.486 0.566 0.538 0.384
v 85.596 12.271 110.486 0.580 0.550 0.360
v 87.859 12.072 110.486 0.580 0.550 0.360
v 90.121 11.688 110.486 0.580 0.550 0.360
v 92.384 11.845 110.486 0.580 0.550 0.360
v 94.647 12.309 110.486 0.580 0.550 0.360
v 96.910 12.459 110.486 0.580 0.550 0.360
v 99.172 11.906 110.486 0.580 0.550 0.360
v 101.435 12.158 110.486 0.580 0.550 0.360
v 103.698 12.087 110.486 0.580 0.550 0.360
v 105.961 11.843 110.486 0.580 0.550 0.360
v 108.223 11.991 110.486 0.580 0.550 0.360
v 110.486 11.744 110.486 0.580 0.550 0.360
v 112.749 11.547 110.486 0.580 0.550 0.360
v 115.012 11.706 110.486 0.580 0.550 0.360
v 117.274 11.854 110.486 0.580 0.550 0.360
v 119.537 11.979 110.486 0.580 0.550 0.360
v 121.800 12.147 110.486 0.580 0.550 0.360
v 124.063 12.293 110.486 0.580 0.550 0.360
v 126.325 12.349 110.486 0.580 0.550 0.360
v 128.588 12.358 110.486 0.580 0.550 0.360
v 130.851 12.076 110.486 0.580 0.550 0.360
v 133.114 11.822 110.486 0.580 0.550 0.360
v 135.376 11.718 110.486 0.580 0.550 0.360
v 137.639 11.824 110.486 0.580 0.550 0.360
v 139.902 11.712 110.486 0.580 0.550 0.360
v 142.165 11.594 110.486 0.580 0.550 0.360
v 144.427 11.487 110.486 0.580 0.550 0.360
v 146.690 12.120 110.486 0.580 0.550 0.360
v 148.953 12.231 110.486 0.580 0.550 0.360
v 151.215 12.230 110.486 0.580 0.550 0.360
v 153.478 11.989 110.486 0.580 0.550 0.360
v 155.741 11.779 110.486 0.580 0.550 0.360
v 158.004 11.710 110.486 0.580 0.550 0.360
v 160.266 11.715 110.486 0.580 0.550 0.360
v 162.529 11.746 110.486 0.580 0.550 0.360
v 164.792 12.024 110.486 0.580 0.550 0.360
v 167.055 12.266 110.486 0.580 0.550 0.360
v 169.317 11.977 110.486 0.580 0.550 0.360
v 171.580 11.905 110.486 0.580 0.550 0.360
v 6.400 12.221 112.749 0.580 0.550 0.360
v 8.663 11.497 112.749 0.580 0.550 0.360
v 10.925 11.612 112.749 0.580 0.550 0.360
v 13.188 12.109 112.749 0.580 0.550 0.360
v 15.451 11.760 112.749 0.580 0.550 0.360
v 17.714 10.515 112.749 0.520 0.500 0.460
v 19.976 6.055 112.749 0.502 0.411 0.301
v 22.239 4.593 112.749 0.500 0.400 0.280
v 24.502 0.007 112.749 0.500 0.400 0.280
v 26.765 0.000 112.749 0.360 0.480 0.240
v 29.027 0.000 112.749 0.360 0.480 0.240
v 31.290 0.000 112.749 0.360 0.480 0.240
v 33.553 0.962 112.749 0.500 0.400 0.280
v 35.816 5.446 112.749 0.500 0.402 0.284
v 38.078 5.421 112.749 0.500 0.402 0.284
v 40.341 5.418 112.749 0.500 0.402 0.284
v 42.604 5.407 112.749 0.500 0.402 0.283
v 44.867 5.371 112.749 0.500 0.402 0.283
v 47.129 5.474 112.749 0.501 0.403 0.285
v 49.392 5.511 112.749 0.501 0.403 0.285
v 51.655 5.532 112.749 0.501 0.403 0.286
v 53.918 5.523 112.749 0.501 0.403 0.286
v 56.180 5.487 112.749 0.501 0.403 0.285
v 58.443 5.458 112.749 0.500 0.402 0.284
v 60.706 5.439 112.749 0.500 0.402 0.284
v 62.969 5.354 112.749 0.500 0.401 0.283
v 65.231 5.327 112.749 0.500 0.401 0.282
v 67.494 5.333 112.749 0.500 0.401 0.282
v 69.757 5.433 112.749 0.500 0.402 0.284
v 72.020 5.458 112.749 0.500 0.402 0.284
v 74.282 5.474 112.749 0.501 0.403 0.285
v 76.545 5.503 112.749 0.501 0.403 0.285
v 78.808 5.900 112.749 0.502 0.409 0.295
v 81.070 10.035 112.749 0.520 0.500 0.460
v 83.333 11.616 112.749 0.580 0.550 0.360
v 85.596 12.219 112.749 0.580 0.550 0.360
v 87.859 11.945 112.749 0.580 0.550 0.360
v 90.121 11.477 112.749 0.580 0.550 0.360
v 92.384 11.949 112.749 0.580 0.550 0.360
v 94.647 12.392 112.749 0.580 0.550 0.360
v 96.910 12.394 112.749 0.580 0.550 0.360
v 99.172 11.334 112.749 0.580 0.550 0.360
v 101.435 12.236 112.749 0.580 0.550 0.360
v 103.698 12.067 112.749 0.580 0.550 0.360
v 105.961 11.335 112.749 0.580 0.550 0.360
v 108.223 11.692 112.749 0.580 0.550 0.360
v 110.486 11.718 112.749 0.580 0.550 0.360
v 112.749 11.740 112.749 0.580 0.550 0.360
v 115.012 11.927 112.749 0.580 0.550 0.360
v 117.274 11.705 112.749 0.580 0.550 0.360
v 119.537 11.867 112.749 0.580 0.550 0.360
v 121.800 12.482 112.749 0.580 0.550 0.360
v 124.063 12.213 112.749 0.580 0.550 0.360
v 126.325 12.238 112.749 0.580 0.550 0.360
v 128.588 12.281 112.749 0.580 0.550 0.360
v 130.851 11.924 112.749 0.580 0.550 0.360
v 133.114 11.774 112.749 0.580 0.550 0.360
v 135.376 11.828 112.749 0.580 0.550 0.360
v 137.639 12.278 112.749 0.580 0.550 0.360
v 139.902 11.586 112.749 0.580 0.550 0.360
v 142.165 11.480 112.749 0.580 0.550 0.360
v 144.427 11.601 112.749 0.580 0.550 0.360
v 146.690 12.128 112.749 0.580 0.550 0.360
v 148.953 12.426 112.749 0.580 0.550 0.360
v 151.215 12.455 112.749 0.580 0.550 0.360
v 153.478 11.611 112.749 0.580 0.550 0.360
v 155.741 12.012 112.749 0.580 0.550 0.360
v 158.004 12.086 112.749 0.580 0.550 0.360
v 160.266 11.945 112.749 0.580 0.550 0.360
v 162.529 11.990 112.749 0.580 0.550 0.360
v 164.792 12.108 112.749 0.580 0.550 0.360
v 167.055 12.240 112.749 0.580 0.550 0.360
v 169.317 12.383 112.749 0.580 0.550 0.360
v 171.580 12.432 112.749 0.580 0.550 0.360
v 6.400 12.497 115.012 0.580 0.550 0.360
v 8.663 11.620 115.012 0.580 0.550 0.360
v 10.925 11.388 115.012 0.580 0.550 0.360
v 13.188 11.389 115.012 0.580 0.550 0.360
v 15.451 11.514 115.012 0.580 0.550 0.360
v 17.714 9.784 115.012 0.562 0.544 0.350
v 19.976 9.931 115.012 0.520 0.500 0.460
v 22.239 6.873 115.012 0.506 0.432 0.337
v 24.502 1.281 115.012 0.500 0.400 0.280
v 26.765 0.000 115.012 0.464 0.421 0.270
v 29.027 0.000 115.012 0.439 0.435 0.262
v 31.290 0.962 115.012 0.500 0.400 0.280
v 33.553 5.355 115.012 0.500 0.401 0.283
v 35.816 10.048 115.012 0.520 0.500 0.460
v 38.078 9.920 115.012 0.520 0.500 0.460
v 40.341 10.460 115.012 0.520 0.500 0.460
v 42.604 10.777 115.012 0.520 0.500 0.460
v 44.867 10.884 115.012 0.520 0.500 0.460
v 47.129 9.990 115.012 0.520 0.500 0.460
v 49.392 9.897 115.012 0.520 0.500 0.460
v 51.655 10.099 115.012 0.520 0.500 0.460
v 53.918 10.824 115.012 0.520 0.500 0.460
v 56.180 10.827 115.012 0.520 0.500 0.460
v 58.443 10.708 115.012 0.520 0.500 0.460
v 60.706 10.297 115.012 0.520 0.500 0.460
v 62.969 10.619 115.012 0.520 0.500 0.460
v 65.231 10.588 115.012 0.520 0.500 0.460
v 67.494 10.291 115.012 0.520 0.500 0.460
v 69.757 9.469 115.012 0.519 0.497 0.454
v 72.020 9.998 115.012 0.520 0.500 0.460
v 74.282 10.597 115.012 0.520 0.500 0.460
v 76.545 10.550 115.012 0.520 0.500 0.460
v 78.808 9.914 115.012 0.520 0.500 0.460
v 81.070 10.964 115.012 0.565 0.537 0.385
v 83.333 12.373 115.012 0.580 0.550 0.360
v 85.596 12.166 115.012 0.580 0.550 0.360
v 87.859 12.317 115.012 0.580 0.550 0.360
v 90.121 12.504 115.012 0.580 0.550 0.360
v 92.384 11.765 115.012 0.580 0.550 0.360
v 94.647 11.898 115.012 0.580 0.550 0.360
v 96.910 12.033 115.012 0.580 0.550 0.360
v 99.172 12.144 115.012 0.580 0.550 0.360
v 101.435 12.415 115.012 0.580 0.550 0.360
v 103.698 12.280 115.012 0.580 0.550 0.360
v 105.961 11.899 115.012 0.580 0.550 0.360
v 108.223 11.769 115.012 0.580 0.550 0.360
v 110.486 11.772 115.012 0.580 0.550 0.360
v 112.749 11.837 115.012 0.580 0.550 0.360
v 115.012 12.153 115.012 0.580 0.550 0.360
v 117.274 11.553 115.012 0.580 0.550 0.360
v 119.537 11.652 115.012 0.580 0.550 0.360
v 121.800 12.473 115.012 0.580 0.550 0.360
v 124.063 11.464 115.012 0.580 0.550 0.360
v 126.325 11.936 115.012 0.580 0.550 0.360
v 128.588 12.652 115.012 0.580 0.550 0.360
v 130.851 12.534 115.012 0.580 0.550 0.360
v 133.114 11.821 115.012 0.580 0.550 0.360
v 135.376 11.727 115.012 0.580 0.550 0.360
v 137.639 12.764 115.012 0.580 0.550 0.360
v 139.902 12.249 115.012 0.580 0.550 0.360
v 142.165 12.042 115.012 0.580 0.550 0.360
v 144.427 11.904 115.012 0.580 0.550 0.360
v 146.690 11.805 115.012 0.580 0.550 0.360
v 148.953 11.897 115.012 0.580 0.550 0.360
v 151.215 12.037 115.012 0.580 0.550 0.360
v 153.478 12.373 115.012 0.580 0.550 0.360
v 155.741 12.277 115.012 0.580 0.550 0.360
v 158.004 12.363 115.012 0.580 0.550 0.360
v 160.266 12.615 115.012 0.580 0.550 0.360
v 162.529 12.425 115.012 0.580 0.550 0.360
v 164.792 11.896 115.012 0.580 0.550 0.360
v 167.055 11.371 115.012 0.580 0.550 0.360
v 169.317 11.265 115.012 0.580 0.550 0.360
v 171.580 12.256 115.012 0.580 0.550 0.360
v 6.400 12.405 117.274 0.580 0.550 0.360
v 8.663 12.159 117.274 0.580 0.550 0.360
v 10.925 12.018 117.274 0.580 0.550 0.360
v 13.188 11.878 117.274 0.580 0.550 0.360
v 15.451 11.637 117.274 0.580 0.550 0.360
v 17.714 11.890 117.274 0.580 0.550 0.360
v 19.976 12.178 117.274 0.580 0.550 0.360
v 22.239 11.108 117.274 0.520 0.500 0.460
v 24.502 6.258 117.274 0.503 0.416 0.308
v 26.765 3.357 117.274 0.500 0.400 0.280
v 29.027 3.229 117.274 0.500 0.400 0.280
v 31.290 6.036 117.274 0.502 0.411 0.300
v 33.553 10.216 117.274 0.520 0.500 0.460
v 35.816 11.567 117.274 0.580 0.550 0.360
v 38.078 11.723 117.274 0.580 0.550 0.360
v 40.341 12.010 117.274 0.580 0.550 0.360
v 42.604 12.261 117.274 0.580 0.550 0.360
v 44.867 12.598 117.274 0.580 0.550 0.360
v 47.129 11.938 117.274 0.580 0.550 0.360
v 49.392 11.901 117.274 0.580 0.550 0.360
v 51.655 12.101 117.274 0.580 0.550 0.360
v 53.918 12.678 117.274 0.580 0.550 0.360
v 56.180 12.618 117.274 0.580 0.550 0.360
v 58.443 12.390 117.274 0.580 0.550 0.360
v 60.706 11.635 117.274 0.580 0.550 0.360
v 62.969 11.977 117.274 0.580 0.550 0.360
v 65.231 12.085 117.274 0.580 0.550 0.360
v 67.494 12.067 117.274 0.580 0.550 0.360
v 69.757 11.681 117.274 0.580 0.550 0.360
v 72.020 11.939 117.274 0.580 0.550 0.360
v 74.282 12.237 117.274 0.580 0.550 0.360
v 76.545 12.266 117.274 0.580 0.550 0.360
v 78.808 11.943 117.274 0.580 0.550 0.360
v 81.070 11.742 117.274 0.580 0.550 0.360
v 83.333 11.594 117.274 0.580 0.550 0.360
v 85.596 12.130 117.274 0.580 0.550 0.360
v 87.859 12.359 117.274 0.580 0.550 0.360
v 90.121 12.464 117.274 0.580 0.550 0.360
v 92.384 11.677 117.274 0.580 0.550 0.360
v 94.647 11.999 117.274 0.580 0.550 0.360
v 96.910 12.091 117.274 0.580 0.550 0.360
v 99.172 11.536 117.274 0.580 0.550 0.360
v 101.435 12.306 117.274 0.580 0.550 0.360
v 103.698 12.327 117.274 0.580 0.550 0.360
v 105.961 11.981 117.274 0.580 0.550 0.360
v 108.223 11.960 117.274 0.580 0.550 0.360
v 110.486 11.919 117.274 0.580 0.550 0.360
v 112.749 11.879 117.274 0.580 0.550 0.360
v 115.012 11.834 117.274 0.580 0.550 0.360
v 117.274 11.644 117.274 0.580 0.550 0.360
v 119.537 11.572 117.274 0.580 0.550 0.360
v 121.800 11.590 117.274 0.580 0.550 0.360
v 124.063 12.239 117.274 0.580 0.550 0.360
v 126.325 12.143 117.274 0.580 0.550 0.360
v 128.588 11.893 117.274 0.580 0.550 0.360
v 130.851 11.677 117.274 0.580 0.550 0.360
v 133.114 11.849 117.274 0.580 0.550 0.360
v 135.376 12.122 117.274 0.580 0.550 0.360
v 137.639 12.729 117.274 0.580 0.550 0.360
v 139.902 11.881 117.274 0.580 0.550 0.360
v 142.165 11.874 117.274 0.580 0.550 0.360
v 144.427 12.169 117.274 0.580 0.550 0.360
v 146.690 12.013 117.274 0.580 0.550 0.360
v 148.953 11.950 117.274 0.580 0.550 0.360
v 151.215 11.885 117.274 0.580 0.550 0.360
v 153.478 11.745 117.274 0.580 0.550 0.360
v 155.741 12.315 117.274 0.580 0.550 0.360
v 158.004 12.403 117.274 0.580 0.550 0.360
v 160.266 12.166 117.274 0.580 0.550 0.360
v 162.529 12.059 117.274 0.580 0.550 0.360
v 164.792 12.062 117.274 0.580 0.550 0.360
v 167.055 12.037 117.274 0.580 0.550 0.360
v 169.317 11.695 117.274 0.580 0.550 0.360
v 171.580 11.917 117.274 0.580 0.550 0.360
v 6.400 12.459 119.537 0.580 0.550 0.360
v 8.663 12.211 119.537 0.580 0.550 0.360
v 10.925 12.111 119.537 0.580 0.550 0.360
v 13.188 12.047 119.537 0.580 0.550 0.360
v 15.451 11.974 119.537 0.580 0.550 0.360
v 17.714 11.974 119.537 0.580 0.550 0.360
v 19.976 12.076 119.537 0.580 0.550 0.360
v 22.239 12.629 119.537 0.580 0.550 0.360
v 24.502 11.726 119.537 0.520 0.500 0.460
v 26.765 10.356 119.537 0.520 0.500 0.460
v 29.027 10.515 119.537 0.520 0.500 0.460
v 31.290 11.997 119.537 0.520 0.500 0.460
v 33.553 12.243 119.537 0.579 0.549 0.361
v 35.816 11.757 119.537 0.580 0.550 0.360
v 38.078 11.651 119.537 0.580 0.550 0.360
v 40.341 11.966 119.537 0.580 0.550 0.360
v 42.604 12.235 119.537 0.580 0.550 0.360
v 44.867 12.576 119.537 0.580 0.550 0.360
v 47.129 12.185 119.537 0.580 0.550 0.360
v 49.392 12.141 119.537 0.580 0.550 0.360
v 51.655 12.212 119.537 0.580 0.550 0.360
v 53.918 12.359 119.537 0.580 0.550 0.360
v 56.180 12.422 119.537 0.580 0.550 0.360
v 58.443 12.290 119.537 0.580 0.550 0.360
v 60.706 11.471 119.537 0.580 0.550 0.360
v 62.969 11.960 119.537 0.580 0.550 0.360
v 65.231 12.111 119.537 0.580 0.550 0.360
v 67.494 12.087 119.537 0.580 0.550 0.360
v 69.757 11.806 119.537 0.580 0.550 0.360
v 72.020 12.023 119.537 0.580 0.550 0.360
v 74.282 12.248 119.537 0.580 0.550 0.360
v 76.545 12.126 119.537 0.580 0.550 0.360
v 78.808 11.943 119.537 0.580 0.550 0.360
v 81.070 11.737 119.537 0.580 0.550 0.360
v 83.333 11.390 119.537 0.580 0.550 0.360
v 85.596 12.232 119.537 0.580 0.550 0.360
v 87.859 12.297 119.537 0.580 0.550 0.360
v 90.121 12.139 119.537 0.580 0.550 0.360
v 92.384 11.686 119.537 0.580 0.550 0.360
v 94.647 11.878 119.537 0.580 0.550 0.360
v 96.910 11.934 119.537 0.580 0.550 0.360
v 99.172 11.608 119.537 0.580 0.550 0.360
v 101.435 12.227 119.537 0.580 0.550 0.360
v 103.698 12.217 119.537 0.580 0.550 0.360
v 105.961 11.904 119.537 0.580 0.550 0.360
v 108.223 12.169 119.537 0.580 0.550 0.360
v 110.486 12.115 119.537 0.580 0.550 0.360
v 112.749 12.042 119.537 0.580 0.550 0.360
v 115.012 12.016 119.537 0.580 0.550 0.360
v 117.274 11.678 119.537 0.580 0.550 0.360
v 119.537 11.576 119.537 0.580 0.550 0.360
v 121.800 11.666 119.537 0.580 0.550 0.360
v 124.063 12.327 119.537 0.580 0.550 0.360
v 126.325 12.154 119.537 0.580 0.550 0.360
v 128.588 11.813 119.537 0.580 0.550 0.360
v 130.851 11.596 119.537 0.580 0.550 0.360
v 133.114 12.036 119.537 0.580 0.550 0.360
v 135.376 12.310 119.537 0.580 0.550 0.360
v 137.639 12.408 119.537 0.580 0.550 0.360
v 139.902 11.654 119.537 0.580 0.550 0.360
v 142.165 11.753 119.537 0.580 0.550 0.360
v 144.427 12.189 119.537 0.580 0.550 0.360
v 146.690 12.209 119.537 0.580 0.550 0.360
v 148.953 12.028 119.537 0.580 0.550 0.360
v 151.215 11.838 119.537 0.580 0.550 0.360
v 153.478 11.569 119.537 0.580 0.550 0.360
v 155.741 12.190 119.537 0.580 0.550 0.360
v 158.004 12.250 119.537 0.580 0.550 0.360
v 160.266 11.919 119.537 0.580 0.550 0.360
v 162.529 11.835 119.537 0.580 0.550 0.360
v 164.792 12.000 119.537 0.580 0.550 0.360
v 167.055 12.172 119.537 0.580 0.550 0.360
v 169.317 12.124 119.537 0.580 0.550 0.360
v 171.580 11.824 119.537 0.580 0.550 0.360
v 6.400 12.675 121.800 0.580 0.550 0.360
v 8.663 11.819 121.800 0.580 0.550 0.360
v 10.925 11.727 121.800 0.580 0.550 0.360
v 13.188 11.981 121.800 0.580 0.550 0.360
v 15.451 12.667 121.800 0.580 0.550 0.360
v 17.714 11.929 121.800 0.580 0.550 0.360
v 19.976 11.447 121.800 0.580 0.550 0.360
v 22.239 12.379 121.800 0.580 0.550 0.360
v 24.502 12.467 121.800 0.580 0.550 0.360
v 26.765 12.320 121.800 0.580 0.550 0.360
v 29.027 11.922 121.800 0.580 0.550 0.360
v 31.290 12.683 121.800 0.580 0.550 0.360
v 33.553 12.722 121.800 0.580 0.550 0.360
v 35.816 12.534 121.800 0.580 0.550 0.360
v 38.078 11.538 121.800 0.580 0.550 0.360
v 40.341 12.164 121.800 0.580 0.550 0.360
v 42.604 12.541 121.800 0.580 0.550 0.360
v 44.867 12.656 121.800 0.580 0.550 0.360
v 47.129 12.690 121.800 0.580 0.550 0.360
v 49.392 12.570 121.800 0.580 0.550 0.360
v 51.655 12.335 121.800 0.580 0.550 0.360
v 53.918 11.588 121.800 0.580 0.550 0.360
v 56.180 12.012 121.800 0.580 0.550 0.360
v 58.443 12.215 121.800 0.580 0.550 0.360
v 60.706 11.568 121.800 0.580 0.550 0.360
v 62.969 12.403 121.800 0.580 0.550 0.360
v 65.231 12.528 121.800 0.580 0.550 0.360
v 67.494 12.219 121.800 0.580 0.550 0.360
v 69.757 11.765 121.800 0.580 0.550 0.360
v 72.020 12.143 121.800 0.580 0.550 0.360
v 74.282 12.484 121.800 0.580 0.550 0.360
v 76.545 11.923 121.800 0.580 0.550 0.360
v 78.808 11.780 121.800 0.580 0.550 0.360
v 81.070 11.705 121.800 0.580 0.550 0.360
v 83.333 11.666 121.800 0.580 0.550 0.360
v 85.596 12.512 121.800 0.580 0.550 0.360
v 87.859 12.102 121.800 0.580 0.550 0.360
v 90.121 11.393 121.800 0.580 0.550 0.360
v 92.384 11.797 121.800 0.580 0.550 0.360
v 94.647 11.485 121.800 0.580 0.550 0.360
v 96.910 11.493 121.800 0.580 0.550 0.360
v 99.172 12.376 121.800 0.580 0.550 0.360
v 101.435 12.144 121.800 0.580 0.550 0.360
v 103.698 11.912 121.800 0.580 0.550 0.360
v 105.961 11.649 121.800 0.580 0.550 0.360
v 108.223 12.499 121.800 0.580 0.550 0.360
v 110.486 12.451 121.800 0.580 0.550 0.360
v 112.749 12.399 121.800 0.580 0.550 0.360
v 115.012 12.771 121.800 0.580 0.550 0.360
v 117.274 11.668 121.800 0.580 0.550 0.360
v 119.537 11.662 121.800 0.580 0.550 0.360
v 121.800 12.716 121.800 0.580 0.550 0.360
v 124.063 11.779 121.800 0.580 0.550 0.360
v 126.325 11.976 121.800 0.580 0.550 0.360
v 128.588 12.359 121.800 0.580 0.550 0.360
v 130.851 12.238 121.800 0.580 0.550 0.360
v 133.114 12.460 121.800 0.580 0.550 0.360
v 135.376 12.378 121.800 0.580 0.550 0.360
v 137.639 11.655 121.800 0.580 0.550 0.360
v 139.902 11.464 121.800 0.580 0.550 0.360
v 142.165 11.626 121.800 0.580 0.550 0.360
v 144.427 11.978 121.800 0.580 0.550 0.360
v 146.690 12.488 121.800 0.580 0.550 0.360
v 148.953 12.164 121.800 0.580 0.550 0.360
v 151.215 11.870 121.800 0.580 0.550 0.360
v 153.478 11.757 121.800 0.580 0.550 0.360
v 155.741 11.854 121.800 0.580 0.550 0.360
v 158.004 11.846 121.800 0.580 0.550 0.360
v 160.266 11.755 121.800 0.580 0.550 0.360
v 162.529 11.655 121.800 0.580 0.550 0.360
v 164.792 11.693 121.800 0.580 0.550 0.360
v 167.055 11.857 121.800 0.580 0.550 0.360
v 169.317 12.744 121.800 0.580 0.550 0.360
v 171.580 11.931 121.800 0.580 0.550 0.360
v 6.400 11.978 124.063 0.580 0.550 0.360
v 8.663 12.119 124.063 0.580 0.550 0.360
v 10.925 12.275 124.063 0.580 0.550 0.360
v 13.188 12.434 124.063 0.580 0.550 0.360
v 15.451 11.541 124.063 0.580 0.550 0.360
v 17.714 11.783 124.063 0.580 0.550 0.360
v 19.976 12.045 124.063 0.580 0.550 0.360
v 22.239 12.062 124.063 0.580 0.550 0.360
v 24.502 12.421 124.063 0.580 0.550 0.360
v 26.765 12.541 124.063 0.580 0.550 0.360
v 29.027 12.512 124.063 0.580 0.550 0.360
v 31.290 12.721 124.063 0.580 0.550 0.360
v 33.553 12.127 124.063 0.580 0.550 0.360
v 35.816 11.547 124.063 0.580 0.550 0.360
v 38.078 12.475 124.063 0.580 0.550 0.360
v 40.341 12.590 124.063 0.580 0.550 0.360
v 42.604 12.361 124.063 0.580 0.550 0.360
v 44.867 11.465 124.063 0.580 0.550 0.360
v 47.129 11.875 124.063 0.580 0.550 0.360
v 49.392 11.973 124.063 0.580 0.550 0.360
v 51.655 12.000 124.063 0.580 0.550 0.360
v 53.918 12.263 124.063 0.580 0.550 0.360
v 56.180 12.344 124.063 0.580 0.550 0.360
v 58.443 12.198 124.063 0.580 0.550 0.360
v 60.706 11.282 124.063 0.580 0.550 0.360
v 62.969 11.425 124.063 0.580 0.550 0.360
v 65.231 11.733 124.063 0.580 0.550 0.360
v 67.494 12.259 124.063 0.580 0.550 0.360
v 69.757 12.158 124.063 0.580 0.550 0.360
v 72.020 12.150 124.063 0.580 0.550 0.360
v 74.282 12.180 124.063 0.580 0.550 0.360
v 76.545 12.374 124.063 0.580 0.550 0.360
v 78.808 12.370 124.063 0.580 0.550 0.360
v 81.070 12.339 124.063 0.580 0.550 0.360
v 83.333 12.260 124.063 0.580 0.550 0.360
v 85.596 12.083 124.063 0.580 0.550 0.360
v 87.859 11.766 124.063 0.580 0.550 0.360
v 90.121 11.455 124.063 0.580 0.550 0.360
v 92.384 12.204 124.063 0.580 0.550 0.360
v 94.647 12.185 124.063 0.580 0.550 0.360
v 96.910 12.032 124.063 0.580 0.550 0.360
v 99.172 11.555 124.063 0.580 0.550 0.360
v 101.435 12.222 124.063 0.580 0.550 0.360
v 103.698 12.413 124.063 0.580 0.550 0.360
v 105.961 12.423 124.063 0.580 0.550 0.360
v 108.223 12.464 124.063 0.580 0.550 0.360
v 110.486 12.358 124.063 0.580 0.550 0.360
v 112.749 12.251 124.063 0.580 0.550 0.360
v 115.012 12.165 124.063 0.580 0.550 0.360
v 117.274 11.522 124.063 0.580 0.550 0.360
v 119.537 11.707 124.063 0.580 0.550 0.360
v 121.800 12.778 124.063 0.580 0.550 0.360
v 124.063 12.032 124.063 0.580 0.550 0.360
v 126.325 12.094 124.063 0.580 0.550 0.360
v 128.588 12.281 124.063 0.580 0.550 0.360
v 130.851 12.095 124.063 0.580 0.550 0.360
v 133.114 12.011 124.063 0.580 0.550 0.360
v 135.376 11.886 124.063 0.580 0.550 0.360
v 137.639 11.599 124.063 0.580 0.550 0.360
v 139.902 11.722 124.063 0.580 0.550 0.360
v 142.165 11.740 124.063 0.580 0.550 0.360
v 144.427 11.773 124.063 0.580 0.550 0.360
v 146.690 12.671 124.063 0.580 0.550 0.360
v 148.953 12.425 124.063 0.580 0.550 0.360
v 151.215 12.108 124.063 0.580 0.550 0.360
v 153.478 11.691 124.063 0.580 0.550 0.360
v 155.741 12.388 124.063 0.580 0.550 0.360
v 158.004 12.312 124.063 0.580 0.550 0.360
v 160.266 11.647 124.063 0.580 0.550 0.360
v 162.529 12.315 124.063 0.580 0.550 0.360
v 164.792 12.515 124.063 0.580 0.550 0.360
v 167.055 12.627 124.063 0.580 0.550 0.360
v 169.317 12.606 124.063 0.580 0.550 0.360
v 171.580 12.485 124.063 0.580 0.550 0.360
v 6.400 11.905 126.325 0.580 0.550 0.360
v 8.663 12.238 126.325 0.580 0.550 0.360
v 10.925 12.387 126.325 0.580 0.550 0.360
v 13.188 12.471 126.325 0.580 0.550 0.360
v 15.451 12.009 126.325 0.580 0.550 0.360
v 17.714 12.168 126.325 0.580 0.550 0.360
v 19.976 12.327 126.325 0.580 0.550 0.360
v 22.239 12.310 126.325 0.580 0.550 0.360
v 24.502 12.361 126.325 0.580 0.550 0.360
v 26.765 12.438 126.325 0.580 0.550 0.360
v 29.027 12.575 126.325 0.580 0.550 0.360
v 31.290 12.710 126.325 0.580 0.550 0.360
v 33.553 12.145 126.325 0.580 0.550 0.360
v 35.816 11.573 126.325 0.580 0.550 0.360
v 38.078 12.168 126.325 0.580 0.550 0.360
v 40.341 12.119 126.325 0.580 0.550 0.360
v 42.604 12.039 126.325 0.580 0.550 0.360
v 44.867 11.891 126.325 0.580 0.550 0.360
v 47.129 11.873 126.325 0.580 0.550 0.360
v 49.392 11.843 126.325 0.580 0.550 0.360
v 51.655 11.818 126.325 0.580 0.550 0.360
v 53.918 12.047 126.325 0.580 0.550 0.360
v 56.180 11.963 126.325 0.580 0.550 0.360
v 58.443 11.789 126.325 0.580 0.550 0.360
v 60.706 11.289 126.325 0.580 0.550 0.360
v 62.969 11.722 126.325 0.580 0.550 0.360
v 65.231 11.947 126.325 0.580 0.550 0.360
v 67.494 12.116 126.325 0.580 0.550 0.360
v 69.757 12.043 126.325 0.580 0.550 0.360
v 72.020 12.136 126.325 0.580 0.550 0.360
v 74.282 12.201 126.325 0.580 0.550 0.360
v 76.545 11.959 126.325 0.580 0.550 0.360
v 78.808 12.242 126.325 0.580 0.550 0.360
v 81.070 12.328 126.325 0.580 0.550 0.360
v 83.333 12.198 126.325 0.580 0.550 0.360
v 85.596 11.806 126.325 0.580 0.550 0.360
v 87.859 11.588 126.325 0.580 0.550 0.360
v 90.121 11.451 126.325 0.580 0.550 0.360
v 92.384 12.070 126.325 0.580 0.550 0.360
v 94.647 12.113 126.325 0.580 0.550 0.360
v 96.910 12.043 126.325 0.580 0.550 0.360
v 99.172 11.726 126.325 0.580 0.550 0.360
v 101.435 12.182 126.325 0.580 0.550 0.360
v 103.698 12.238 126.325 0.580 0.550 0.360
v 105.961 12.120 126.325 0.580 0.550 0.360
v 108.223 12.368 126.325 0.580 0.550 0.360
v 110.486 12.063 126.325 0.580 0.550 0.360
v 112.749 11.868 126.325 0.580 0.550 0.360
v 115.012 12.391 126.325 0.580 0.550 0.360
v 117.274 11.968 126.325 0.580 0.550 0.360
v 119.537 12.038 126.325 0.580 0.550 0.360
v 121.800 12.621 126.325 0.580 0.550 0.360
v 124.063 11.970 126.325 0.580 0.550 0.360
v 126.325 12.048 126.325 0.580 0.550 0.360
v 128.588 12.213 126.325 0.580 0.550 0.360
v 130.851 11.788 126.325 0.580 0.550 0.360
v 133.114 11.835 126.325 0.580 0.550 0.360
v 135.376 11.900 126.325 0.580 0.550 0.360
v 137.639 12.004 126.325 0.580 0.550 0.360
v 139.902 11.816 126.325 0.580 0.550 0.360
v 142.165 11.785 126.325 0.580 0.550 0.360
v 144.427 11.819 126.325 0.580 0.550 0.360
v 146.690 12.047 126.325 0.580 0.550 0.360
v 148.953 12.250 126.325 0.580 0.550 0.360
v 151.215 12.247 126.325 0.580 0.550 0.360
v 153.478 11.511 126.325 0.580 0.550 0.360
v 155.741 12.056 126.325 0.580 0.550 0.360
v 158.004 12.012 126.325 0.580 0.550 0.360
v 160.266 11.523 126.325 0.580 0.550 0.360
v 162.529 12.019 126.325 0.580 0.550 0.360
v 164.792 12.329 126.325 0.580 0.550 0.360
v 167.055 12.581 126.325 0.580 0.550 0.360
v 169.317 12.605 126.325 0.580 0.550 0.360
v 171.580 12.385 126.325 0.580 0.550 0.360
vt 1.0667 1.0667
vt 1.4438 1.0667
vt 1.8209 1.0667
vt 2.1980 1.0667
vt 2.5752 1.0667
vt 2.9523 1.0667
vt 3.3294 1.0667
vt 3.7065 1.0667
vt 4.0837 1.0667
vt 4.4608 1.0667
vt 4.8379 1.0667
vt 5.2150 1.0667
vt 5.5922 1.0667
vt 5.9693 1.0667
vt 6.3464 1.0667
vt 6.7235 1.0667
vt 7.1006 1.0667
vt 7.4778 1.0667
vt 7.8549 1.0667
vt 8.2320 1.0667
vt 8.6091 1.0667
vt 8.9863 1.0667
vt 9.3634 1.0667
vt 9.7405 1.0667
vt 10.1176 1.0667
vt 10.4948 1.0667
vt 10.8719 1.0667
vt 11.2490 1.0667
vt 11.6261 1.0667
vt 12.0033 1.0667
vt 12.3804 1.0667
vt 12.7575 1.0667
vt 13.1346 1.0667
vt 13.5117 1.0667
vt 13.8889 1.0667
vt 14.2660 1.0667
vt 14.6431 1.0667
vt 15.0202 1.0667
vt 15.3974 1.0667
vt 15.7745 1.0667
vt 16.1516 1.0667
vt 16.5287 1.0667
vt 16.9059 1.0667
vt 17.2830 1.0667
vt 17.6601 1.0667
vt 18.0372 1.0667
vt 18.4144 1.0667
vt 18.7915 1.0667
vt 19.1686 1.0667
vt 19.5457 1.0667
vt 19.9228 1.0667
vt 20.3000 1.0667
vt 20.6771 1.0667
vt 21.0542 1.0667
vt 21.4313 1.0667
vt 21.8085 1.0667
vt 22.1856 1.0667
vt 22.5627 1.0667
vt 22.9398 1.0667
vt 23.3170 1.0667
vt 23.6941 1.0667
vt 24.0712 1.0667
vt 24.4483 1.0667
vt 24.8255 1.0667
vt 25.2026 1.0667
vt 25.5797 1.0667
vt 25.9568 1.0667
vt 26.3339 1.0667
vt 26.7111 1.0667
vt 27.0882 1.0667
vt 27.4653 1.0667
vt 27.8424 1.0667
vt 28.2196 1.0667
vt 28.5967 1.0667
vt 1.0667 1.4438
vt 1.4438 1.4438
vt 1.8209 1.4438
vt 2.1980 1.4438
vt 2.5752 1.4438
vt 2.9523 1.4438
vt 3.3294 1.4438
vt 3.7065 1.4438
vt 4.0837 1.4438
vt 4.4608 1.4438
vt 4.8379 1.4438
vt 5.2150 1.4438
vt 5.5922 1.4438
vt 5.9693 1.4438
vt 6.3464 1.4438
vt 6.7235 1.4438
vt 7.1006 1.4438
vt 7.4778 1.4438
vt 7.8549 1.4438
vt 8.2320 1.4438
vt 8.6091 1.4438
vt 8.9863 1.4438
vt 9.3634 1.4438
vt 9.7405 1.4438
vt 10.1176 1.4438
vt 10.4948 1.4438
vt 10.8719 1.4438
vt 11.2490 1.4438
vt 11.6261 1.4438
vt 12.0033 1.4438
vt 12.3804 1.4438
vt 12.7575 1.4438
vt 13.1346 1.4438
vt 13.5117 1.4438
vt 13.8889 1.4438
vt 14.2660 1.4438
vt 14.6431 1.4438
vt 15.0202 1.4438
vt 15.3974 1.4438
vt 15.7745 1.4438
vt 16.1516 1.4438
vt 16.5287 1.4438
vt 16.9059 1.4438
vt 17.2830 1.4438
vt 17.6601 1.4438
vt 18.0372 1.4438
vt 18.4144 1.4438
vt 18.7915 1.4438
vt 19.1686 1.4438
vt 19.5457 1.4438
vt 19.9228 1.4438
vt 20.3000 1.4438
vt 20.6771 1.4438
vt 21.0542 1.4438
vt 21.4313 1.4438
vt 21.8085 1.4438
vt 22.1856 1.4438
vt 22.5627 1.4438
vt 22.9398 1.4438
vt 23.3170 1.4438
vt 23.6941 1.4438
vt 24.0712 1.4438
vt 24.4483 1.4438
vt 24.8255 1.4438
vt 25.2026 1.4438
vt 25.5797 1.4438
vt 25.9568 1.4438
vt 26.3339 1.4438
vt 26.7111 1.4438
vt 27.0882 1.4438
vt 27.4653 1.4438
vt 27.8424 1.4438
vt 28.2196 1.4438
vt 28.5967 1.4438
vt 1.0667 1.8209
vt 1.4438 1.8209
vt 1.8209 1.8209
vt 2.1980 1.8209
vt 2.5752 1.8209
vt 2.9523 1.8209
vt 3.3294 1.8209
vt 3.7065 1.8209
vt 4.0837 1.8209
vt 4.4608 1.8209
vt 4.8379 1.8209
vt 5.2150 1.8209
vt 5.5922 1.8209
vt 5.9693 1.8209
vt 6.3464 1.8209
vt 6.7235 1.8209
vt 7.1006 1.8209
vt 7.4778 1.8209
vt 7.8549 1.8209
vt 8.2320 1.8209
vt 8.6091 1.8209
vt 8.9863 1.8209
vt 9.3634 1.8209
vt 9.7405 1.8209
vt 10.1176 1.8209
vt 10.4948 1.8209
vt 10.8719 1.8209
vt 11.2490 1.8209
vt 11.6261 1.8209
vt 12.0033 1.8209
vt 12.3804 1.8209
vt 12.7575 1.8209
vt 13.1346 1.8209
vt 13.5117 1.8209
vt 13.8889 1.8209
vt 14.2660 1.8209
vt 14.6431 1.8209
vt 15.0202 1.8209
vt 15.3974 1.8209
vt 15.7745 1.8209
vt 16.1516 1.8209
vt 16.5287 1.8209
vt 16.9059 1.8209
vt 17.2830 1.8209
vt 17.6601 1.8209
vt 18.0372 1.8209
vt 18.4144 1.8209
vt 18.7915 1.8209
vt 19.1686 1.8209
vt 19.5457 1.8209
vt 19.9228 1.8209
vt 20.3000 1.8209
vt 20.6771 1.8209
vt 21.0542 1.8209
vt 21.4313 1.8209
vt 21.8085 1.8209
vt 22.1856 1.8209
vt 22.5627 1.8209
vt 22.9398 1.8209
vt 23.3170 1.8209
vt 23.6941 1.8209
vt 24.0712 1.8209
vt 24.4483 1.8209
vt 24.8255 1.8209
vt 25.2026 1.8209
vt 25.5797 1.8209
vt 25.9568 1.8209
vt 26.3339 1.8209
vt 26.7111 1.8209
vt 27.0882 1.8209
vt 27.4653 1.8209
vt 27.8424 1.8209
vt 28.2196 1.8209
vt 28.5967 1.8209
vt 1.0667 2.1980
vt 1.4438 2.1980
vt 1.8209 2.1980
vt 2.1980 2.1980
vt 2.5752 2.1980
vt 2.9523 2.1980
vt 3.3294 2.1980
vt 3.7065 2.1980
vt 4.0837 2.1980
vt 4.4608 2.1980
vt 4.8379 2.1980
vt 5.2150 2.1980
vt 5.5922 2.1980
vt 5.9693 2.1980
vt 6.3464 2.1980
vt 6.7235 2.1980
vt 7.1006 2.1980
vt 7.4778 2.1980
vt 7.8549 2.1980
vt 8.2320 2.1980
vt 8.6091 2.1980
vt 8.9863 2.1980
vt 9.3634 2.1980
vt 9.7405 2.1980
vt 10.1176 2.1980
vt 10.4948 2.1980
vt 10.8719 2.1980
vt 11.2490 2.1980
vt 11.6261 2.1980
vt 12.0033 2.1980
vt 12.3804 2.1980
vt 12.7575 2.1980
vt 13.1346 2.1980
vt 13.5117 2.1980
vt 13.8889 2.1980
vt 14.2660 2.1980
vt 14.6431 2.1980
vt 15.0202 2.1980
vt 15.3974 2.1980
vt 15.7745 2.1980
vt 16.1516 2.1980
vt 16.5287 2.1980
vt 16.9059 2.1980
vt 17.2830 2.1980
vt 17.6601 2.1980
vt 18.0372 2.1980
vt 18.4144 2.1980
vt 18.7915 2.1980
vt 19.1686 2.1980
vt 19.5457 2.1980
vt 19.9228 2.1980
vt 20.3000 2.1980
vt 20.6771 2.1980
vt 21.0542 2.1980
vt 21.4313 2.1980
vt 21.8085 2.1980
vt 22.1856 2.1980
vt 22.5627 2.1980
vt 22.9398 2.1980
vt 23.3170 2.1980
vt 23.6941 2.1980
vt 24.0712 2.1980
vt 24.4483 2.1980
vt 24.8255 2.1980
vt 25.2026 2.1980
vt 25.5797 2.1980
vt 25.9568 2.1980
vt 26.3339 2.1980
vt 26.7111 2.1980
vt 27.0882 2.1980
vt 27.4653 2.1980
vt 27.8424 2.1980
vt 28.2196 2.1980
vt 28.5967 2.1980
vt 1.0667 2.5752
vt 1.4438 2.5752
vt 1.8209 2.5752
vt 2.1980 2.5752
vt 2.5752 2.5752
vt 2.9523 2.5752
vt 3.3294 2.5752
vt 3.7065 2.5752
vt 4.0837 2.5752
vt 4.4608 2.5752
vt 4.8379 2.5752
vt 5.2150 2.5752
vt 5.5922 2.5752
vt 5.9693 2.5752
vt 6.3464 2.5752
vt 6.7235 2.5752
vt 7.1006 2.5752
vt 7.4778 2.5752
vt 7.8549 2.5752
vt 8.2320 2.5752
vt 8.6091 2.5752
vt 8.9863 2.5752
vt 9.3634 2.5752
vt 9.7405 2.5752
vt 10.1176 2.5752
vt 10.4948 2.5752
vt 10.8719 2.5752
vt 11.2490 2.5752
vt 11.6261 2.5752
vt 12.0033 2.5752
vt 12.3804 2.5752
vt 12.7575 2.5752
vt 13.1346 2.5752
vt 13.5117 2.5752
vt 13.8889 2.5752
vt 14.2660 2.5752
vt 14.6431 2.5752
vt 15.0202 2.5752
vt 15.3974 2.5752
vt 15.7745 2.5752
vt 16.1516 2.5752
vt 16.5287 2.5752
vt 16.9059 2.5752
vt 17.2830 2.5752
vt 17.6601 2.5752
vt 18.0372 2.5752
vt 18.4144 2.5752
vt 18.7915 2.5752
vt 19.1686 2.5752
vt 19.5457 2.5752
vt 19.9228 2.5752
vt 20.3000 2.5752
vt 20.6771 2.5752
vt 21.0542 2.5752
vt 21.4313 2.5752
vt 21.8085 2.5752
vt 22.1856 2.5752
vt 22.5627 2.5752
vt 22.9398 2.5752
vt 23.3170 2.5752
vt 23.6941 2.5752
vt 24.0712 2.5752
vt 24.4483 2.5752
vt 24.8255 2.5752
vt 25.2026 2.5752
vt 25.5797 2.5752
vt 25.9568 2.5752
vt 26.3339 2.5752
vt 26.7111 2.5752
vt 27.0882 2.5752
vt 27.4653 2.5752
vt 27.8424 2.5752
vt 28.2196 2.5752
vt 28.5967 2.5752
vt 1.0667 2.9523
vt 1.4438 2.9523
vt 1.8209 2.9523
vt 2.1980 2.9523
vt 2.5752 2.9523
vt 2.9523 2.9523
vt 3.3294 2.9523
vt 3.7065 2.9523
vt 4.0837 2.9523
vt 4.4608 2.9523
vt 4.8379 2.9523
vt 5.2150 2.9523
vt 5.5922 2.9523
vt 5.9693 2.9523
vt 6.3464 2.9523
vt 6.7235 2.9523
vt 7.1006 2.9523
vt 7.4778 2.9523
vt 7.8549 2.9523
vt 8.2320 2.9523
vt 8.6091 2.9523
vt 8.9863 2.9523
vt 9.3634 2.9523
vt 9.7405 2.9523
vt 10.1176 2.9523
vt 10.4948 2.9523
vt 10.8719 2.9523
vt 11.2490 2.9523
vt 11.6261 2.9523
vt 12.0033 2.9523
vt 12.3804 2.9523
vt 12.7575 2.9523
vt 13.1346 2.9523
vt 13.5117 2.9523
vt 13.8889 2.9523
vt 14.2660 2.9523
vt 14.6431 2.9523
vt 15.0202 2.9523
vt 15.3974 2.9523
vt 15.7745 2.9523
vt 16.1516 2.9523
vt 16.5287 2.9523
vt 16.9059 2.9523
vt 17.2830 2.9523
vt 17.6601 2.9523
vt 18.0372 2.9523
vt 18.4144 2.9523
vt 18.7915 2.9523
vt 19.1686 2.9523
vt 19.5457 2.9523
vt 19.9228 2.9523
vt 20.3000 2.9523
vt 20.6771 2.9523
vt 21.0542 2.9523
vt 21.4313 2.9523
vt 21.8085 2.9523
vt 22.1856 2.9523
vt 22.5627 2.9523
vt 22.9398 2.9523
vt 23.3170 2.9523
vt 23.6941 2.9523
vt 24.0712 2.9523
vt 24.4483 2.9523
vt 24.8255 2.9523
vt 25.2026 2.9523
vt 25.5797 2.9523
vt 25.9568 2.9523
vt 26.3339 2.9523
vt 26.7111 2.9523
vt 27.0882 2.9523
vt 27.4653 2.9523
vt 27.8424 2.9523
vt 28.2196 2.9523
vt 28.5967 2.9523
vt 1.0667 3.3294
vt 1.4438 3.3294
vt 1.8209 3.3294
vt 2.1980 3.3294
vt 2.5752 3.3294
vt 2.9523 3.3294
vt 3.3294 3.3294
vt 3.7065 3.3294
vt 4.0837 3.3294
vt 4.4608 3.3294
vt 4.8379 3.3294
vt 5.2150 3.3294
vt 5.5922 3.3294
vt 5.9693 3.3294
vt 6.3464 3.3294
vt 6.7235 3.3294
vt 7.1006 3.3294
vt 7.4778 3.3294
vt 7.8549 3.3294
vt 8.2320 3.3294
vt 8.6091 3.3294
vt 8.9863 3.3294
vt 9.3634 3.3294
vt 9.7405 3.3294
vt 10.1176 3.3294
vt 10.4948 3.3294
vt 10.8719 3.3294
vt 11.2490 3.3294
vt 11.6261 3.3294
vt 12.0033 3.3294
vt 12.3804 3.3294
vt 12.7575 3.3294
vt 13.1346 3.3294
vt 13.5117 3.3294
vt 13.8889 3.3294
vt 14.2660 3.3294
vt 14.6431 3.3294
vt 15.0202 3.3294
vt 15.3974 3.3294
vt 15.7745 3.3294
vt 16.1516 3.3294
vt 16.5287 3.3294
vt 16.9059 3.3294
vt 17.2830 3.3294
vt 17.6601 3.3294
vt 18.0372 3.3294
vt 18.4144 3.3294
vt 18.7915 3.3294
vt 19.1686 3.3294
vt 19.5457 3.3294
vt 19.9228 3.3294
vt 20.3000 3.3294
vt 20.6771 3.3294
vt 21.0542 3.3294
vt 21.4313 3.3294
vt 21.8085 3.3294
vt 22.1856 3.3294
vt 22.5627 3.3294
vt 22.9398 3.3294
vt 23.3170 3.3294
vt 23.6941 3.3294
vt 24.0712 3.3294
vt 24.4483 3.3294
vt 24.8255 3.3294
vt 25.2026 3.3294
vt 25.5797 3.3294
vt 25.9568 3.3294
vt 26.3339 3.3294
vt 26.7111 3.3294
vt 27.0882 3.3294
vt 27.4653 3.3294
vt 27.8424 3.3294
vt 28.2196 3.3294
vt 28.5967 3.3294
vt 1.0667 3.7065
vt 1.4438 3.7065
vt 1.8209 3.7065
vt 2.1980 3.7065
vt 2.5752 3.7065
vt 2.9523 3.7065
vt 3.3294 3.7065
vt 3.7065 3.7065
vt 4.0837 3.7065
vt 4.4608 3.7065
vt 4.8379 3.7065
vt 5.2150 3.7065
vt 5.5922 3.7065
vt 5.9693 3.7065
vt 6.3464 3.7065
vt 6.7235 3.7065
vt 7.1006 3.7065
vt 7.4778 3.7065
vt 7.8549 3.7065
vt 8.2320 3.7065
vt 8.6091 3.7065
vt 8.9863 3.7065
vt 9.3634 3.7065
vt 9.7405 3.7065
vt 10.1176 3.7065
vt 10.4948 3.7065
vt 10.8719 3.7065
vt 11.2490 3.7065
vt 11.6261 3.7065
vt 12.0033 3.7065
vt 12.3804 3.7065
vt 12.7575 3.7065
vt 13.1346 3.7065
vt 13.5117 3.7065
vt 13.8889 3.7065
vt 14.2660 3.7065
vt 14.6431 3.7065
vt 15.0202 3.7065
vt 15.3974 3.7065
vt 15.7745 3.7065
vt 16.1516 3.7065
vt 16.5287 3.7065
vt 16.9059 3.7065
vt 17.2830 3.7065
vt 17.6601 3.7065
vt 18.0372 3.7065
vt 18.4144 3.7065
vt 18.7915 3.7065
vt 19.1686 3.7065
vt 19.5457 3.7065
vt 19.9228 3.7065
vt 20.3000 3.7065
vt 20.6771 3.7065
vt 21.0542 3.7065
vt 21.4313 3.7065
vt 21.8085 3.7065
vt 22.1856 3.7065
vt 22.5627 3.7065
vt 22.9398 3.7065
vt 23.3170 3.7065
vt 23.6941 3.7065
vt 24.0712 3.7065
vt 24.4483 3.7065
vt 24.8255 3.7065
vt 25.2026 3.7065
vt 25.5797 3.7065
vt 25.9568 3.7065
vt 26.3339 3.7065
vt 26.7111 3.7065
vt 27.0882 3.7065
vt 27.4653 3.7065
vt 27.8424 3.7065
vt 28.2196 3.7065
vt 28.5967 3.7065
vt 1.0667 4.0837
vt 1.4438 4.0837
vt 1.8209 4.0837
vt 2.1980 4.0837
vt 2.5752 4.0837
vt 2.9523 4.0837
vt 3.3294 4.0837
vt 3.7065 4.0837
vt 4.0837 4.0837
vt 4.4608 4.0837
vt 4.8379 4.0837
vt 5.2150 4.0837
vt 5.5922 4.0837
vt 5.9693 4.0837
vt 6.3464 4.0837
vt 6.7235 4.0837
vt 7.1006 4.0837
vt 7.4778 4.0837
vt 7.8549 4.0837
vt 8.2320 4.0837
vt 8.6091 4.0837
vt 8.9863 4.0837
vt 9.3634 4.0837
vt 9.7405 4.0837
vt 10.1176 4.0837
vt 10.4948 4.0837
vt 10.8719 4.0837
vt 11.2490 4.0837
vt 11.6261 4.0837
vt 12.0033 4.0837
vt 12.3804 4.0837
vt 12.7575 4.0837
vt 13.1346 4.0837
vt 13.5117 4.0837
vt 13.8889 4.0837
vt 14.2660 4.0837
vt 14.6431 4.0837
vt 15.0202 4.0837
vt 15.3974 4.0837
vt 15.7745 4.0837
vt 16.1516 4.0837
vt 16.5287 4.0837
vt 16.9059 4.0837
vt 17.2830 4.0837
vt 17.6601 4.0837
vt 18.0372 4.0837
vt 18.4144 4.0837
vt 18.7915 4.0837
vt 19.1686 4.0837
vt 19.5457 4.0837
vt 19.9228 4.0837
vt 20.3000 4.0837
vt 20.6771 4.0837
vt 21.0542 4.0837
vt 21.4313 4.0837
vt 21.8085 4.0837
vt 22.1856 4.0837
vt 22.5627 4.0837
vt 22.9398 4.0837
vt 23.3170 4.0837
vt 23.6941 4.0837
vt 24.0712 4.0837
vt 24.4483 4.0837
vt 24.8255 4.0837
vt 25.2026 4.0837
vt 25.5797 4.0837
vt 25.9568 4.0837
vt 26.3339 4.0837
vt 26.7111 4.0837
vt 27.0882 4.0837
vt 27.4653 4.0837
vt 27.8424 4.0837
vt 28.2196 4.0837
vt 28.5967 4.0837
vt 1.0667 4.4608
vt 1.4438 4.4608
vt 1.8209 4.4608
vt 2.1980 4.4608
vt 2.5752 4.4608
vt 2.9523 4.4608
vt 3.3294 4.4608
vt 3.7065 4.4608
vt 4.0837 4.4608
vt 4.4608 4.4608
vt 4.8379 4.4608
vt 5.2150 4.4608
vt 5.5922 4.4608
vt 5.9693 4.4608
vt 6.3464 4.4608
vt 6.7235 4.4608
vt 7.1006 4.4608
vt 7.4778 4.4608
vt 7.8549 4.4608
vt 8.2320 4.4608
vt 8.6091 4.4608
vt 8.9863 4.4608
vt 9.3634 4.4608
vt 9.7405 4.4608
vt 10.1176 4.4608
vt 10.4948 4.4608
vt 10.8719 4.4608
vt 11.2490 4.4608
vt 11.6261 4.4608
vt 12.0033 4.4608
vt 12.3804 4.4608
vt 12.7575 4.4608
vt 13.1346 4.4608
vt 13.5117 4.4608
vt 13.8889 4.4608
vt 14.2660 4.4608
vt 14.6431 4.4608
vt 15.0202 4.4608
vt 15.3974 4.4608
vt 15.7745 4.4608
vt 16.1516 4.4608
vt 16.5287 4.4608
vt 16.9059 4.4608
vt 17.2830 4.4608
vt 17.6601 4.4608
vt 18.0372 4.4608
vt 18.4144 4.4608
vt 18.7915 4.4608
vt 19.1686 4.4608
vt 19.5457 4.4608
vt 19.9228 4.4608
vt 20.3000 4.4608
vt 20.6771 4.4608
vt 21.0542 4.4608
vt 21.4313 4.4608
vt 21.8085 4.4608
vt 22.1856 4.4608
vt 22.5627 4.4608
vt 22.9398 4.4608
vt 23.3170 4.4608
vt 23.6941 4.4608
vt 24.0712 4.4608
vt 24.4483 4.4608
vt 24.8255 4.4608
vt 25.2026 4.4608
vt 25.5797 4.4608
vt 25.9568 4.4608
vt 26.3339 4.4608
vt 26.7111 4.4608
vt 27.0882 4.4608
vt 27.4653 4.4608
vt 27.8424 4.4608
vt 28.2196 4.4608
vt 28.5967 4.4608
vt 1.0667 4.8379
vt 1.4438 4.8379
vt 1.8209 4.8379
vt 2.1980 4.8379
vt 2.5752 4.8379
vt 2.9523 4.8379
vt 3.3294 4.8379
vt 3.7065 4.8379
vt 4.0837 4.8379
vt 4.4608 4.8379
vt 4.8379 4.8379
vt 5.2150 4.8379
vt 5.5922 4.8379
vt 5.9693 4.8379
vt 6.3464 4.8379
vt 6.7235 4.8379
vt 7.1006 4.8379
vt 7.4778 4.8379
vt 7.8549 4.8379
vt 8.2320 4.8379
vt 8.6091 4.8379
vt 8.9863 4.8379
vt 9.3634 4.8379
vt 9.7405 4.8379
vt 10.1176 4.8379
vt 10.4948 4.8379
vt 10.8719 4.8379
vt 11.2490 4.8379
vt 11.6261 4.8379
vt 12.0033 4.8379
vt 12.3804 4.8379
vt 12.7575 4.8379
vt 13.1346 4.8379
vt 13.5117 4.8379
vt 13.8889 4.8379
vt 14.2660 4.8379
vt 14.6431 4.8379
vt 15.0202 4.8379
vt 15.3974 4.8379
vt 15.7745 4.8379
vt 16.1516 4.8379
vt 16.5287 4.8379
vt 16.9059 4.8379
vt 17.2830 4.8379
vt 17.6601 4.8379
vt 18.0372 4.8379
vt 18.4144 4.8379
vt 18.7915 4.8379
vt 19.1686 4.8379
vt 19.5457 4.8379
vt 19.9228 4.8379
vt 20.3000 4.8379
vt 20.6771 4.8379
vt 21.0542 4.8379
vt 21.4313 4.8379
vt 21.8085 4.8379
vt 22.1856 4.8379
vt 22.5627 4.8379
vt 22.9398 4.8379
vt 23.3170 4.8379
vt 23.6941 4.8379
vt 24.0712 4.8379
vt 24.4483 4.8379
vt 24.8255 4.8379
vt 25.2026 4.8379
vt 25.5797 4.8379
vt 25.9568 4.8379
vt 26.3339 4.8379
vt 26.7111 4.8379
vt 27.0882 4.8379
vt 27.4653 4.8379
vt 27.8424 4.8379
vt 28.2196 4.8379
vt 28.5967 4.8379
vt 1.0667 5.2150
vt 1.4438 5.2150
vt 1.8209 5.2150
vt 2.1980 5.2150
vt 2.5752 5.2150
vt 2.9523 5.2150
vt 3.3294 5.2150
vt 3.7065 5.2150
vt 4.0837 5.2150
vt 4.4608 5.2150
vt 4.8379 5.2150
vt 5.2150 5.2150
vt 5.5922 5.2150
vt 5.9693 5.2150
vt 6.3464 5.2150
vt 6.7235 5.2150
vt 7.1006 5.2150
vt 7.4778 5.2150
vt 7.8549 5.2150
vt 8.2320 5.2150
vt 8.6091 5.2150
vt 8.9863 5.2150
vt 9.3634 5.2150
vt 9.7405 5.2150
vt 10.1176 5.2150
vt 10.4948 5.2150
vt 10.8719 5.2150
vt 11.2490 5.2150
vt 11.6261 5.2150
vt 12.0033 5.2150
vt 12.3804 5.2150
vt 12.7575 5.2150
vt 13.1346 5.2150
vt 13.5117 5.2150
vt 13.8889 5.2150
vt 14.2660 5.2150
vt 14.6431 5.2150
vt 15.0202 5.2150
vt 15.3974 5.2150
vt 15.7745 5.2150
vt 16.1516 5.2150
vt 16.5287 5.2150
vt 16.9059 5.2150
vt 17.2830 5.2150
vt 17.6601 5.2150
vt 18.0372 5.2150
vt 18.4144 5.2150
vt 18.7915 5.2150
vt 19.1686 5.2150
vt 19.5457 5.2150
vt 19.9228 5.2150
vt 20.3000 5.2150
vt 20.6771 5.2150
vt 21.0542 5.2150
vt 21.4313 5.2150
vt 21.8085 5.2150
vt 22.1856 5.2150
vt 22.5627 5.2150
vt 22.9398 5.2150
vt 23.3170 5.2150
vt 23.6941 5.2150
vt 24.0712 5.2150
vt 24.4483 5.2150
vt 24.8255 5.2150
vt 25.2026 5.2150
vt 25.5797 5.2150
vt 25.9568 5.2150
vt 26.3339 5.2150
vt 26.7111 5.2150
vt 27.0882 5.2150
vt 27.4653 5.2150
vt 27.8424 5.2150
vt 28.2196 5.2150
vt 28.5967 5.2150
vt 1.0667 5.5922
vt 1.4438 5.5922
vt 1.8209 5.5922
vt 2.1980 5.5922
vt 2.5752 5.5922
vt 2.9523 5.5922
vt 3.3294 5.5922
vt 3.7065 5.5922
vt 4.0837 5.5922
vt 4.4608 5.5922
vt 4.8379 5.5922
vt 5.2150 5.5922
vt 5.5922 5.5922
vt 5.9693 5.5922
vt 6.3464 5.5922
vt 6.7235 5.5922
vt 7.1006 5.5922
vt 7.4778 5.5922
vt 7.8549 5.5922
vt 8.2320 5.5922
vt 8.6091 5.5922
vt 8.9863 5.5922
vt 9.3634 5.5922
vt 9.7405 5.5922
vt 10.1176 5.5922
vt 10.4948 5.5922
vt 10.8719 5.5922
vt 11.2490 5.5922
vt 11.6261 5.5922
vt 12.0033 5.5922
vt 12.3804 5.5922
vt 12.7575 5.5922
vt 13.1346 5.5922
vt 13.5117 5.5922
vt 13.8889 5.5922
vt 14.2660 5.5922
vt 14.6431 5.5922
vt 15.0202 5.5922
vt 15.3974 5.5922
vt 15.7745 5.5922
vt 16.1516 5.5922
vt 16.5287 5.5922
vt 16.9059 5.5922
vt 17.2830 5.5922
vt 17.6601 5.5922
vt 18.0372 5.5922
vt 18.4144 5.5922
vt 18.7915 5.5922
vt 19.1686 5.5922
vt 19.5457 5.5922
vt 19.9228 5.5922
vt 20.3000 5.5922
vt 20.6771 5.5922
vt 21.0542 5.5922
vt 21.4313 5.5922
vt 21.8085 5.5922
vt 22.1856 5.5922
vt 22.5627 5.5922
vt 22.9398 5.5922
vt 23.3170 5.5922
vt 23.6941 5.5922
vt 24.0712 5.5922
vt 24.4483 5.5922
vt 24.8255 5.5922
vt 25.2026 5.5922
vt 25.5797 5.5922
vt 25.9568 5.5922
vt 26.3339 5.5922
vt 26.7111 5.5922
vt 27.0882 5.5922
vt 27.4653 5.5922
vt 27.8424 5.5922
vt 28.2196 5.5922
vt 28.5967 5.5922
vt 1.0667 5.9693
vt 1.4438 5.9693
vt 1.8209 5.9693
vt 2.1980 5.9693
vt 2.5752 5.9693
vt 2.9523 5.9693
vt 3.3294 5.9693
vt 3.7065 5.9693
vt 4.0837 5.9693
vt 4.4608 5.9693
vt 4.8379 5.9693
vt 5.2150 5.9693
vt 5.5922 5.9693
vt 5.9693 5.9693
vt 6.3464 5.9693
vt 6.7235 5.9693
vt 7.1006 5.9693
vt 7.4778 5.9693
vt 7.8549 5.9693
vt 8.2320 5.9693
vt 8.6091 5.9693
vt 8.9863 5.9693
vt 9.3634 5.9693
vt 9.7405 5.9693
vt 10.1176 5.9693
vt 10.4948 5.9693
vt 10.8719 5.9693
vt 11.2490 5.9693
vt 11.6261 5.9693
vt 12.0033 5.9693
vt 12.3804 5.9693
vt 12.7575 5.9693
vt 13.1346 5.9693
vt 13.5117 5.9693
vt 13.8889 5.9693
vt 14.2660 5.9693
vt 14.6431 5.9693
vt 15.0202 5.9693
vt 15.3974 5.9693
vt 15.7745 5.9693
vt 16.1516 5.9693
vt 16.5287 5.9693
vt 16.9059 5.9693
vt 17.2830 5.9693
vt 17.6601 5.9693
vt 18.0372 5.9693
vt 18.4144 5.9693
vt 18.7915 5.9693
vt 19.1686 5.9693
vt 19.5457 5.9693
vt 19.9228 5.9693
vt 20.3000 5.9693
vt 20.6771 5.9693
vt 21.0542 5.9693
vt 21.4313 5.9693
vt 21.8085 5.9693
vt 22.1856 5.9693
vt 22.5627 5.9693
vt 22.9398 5.9693
vt 23.3170 5.9693
vt 23.6941 5.9693
vt 24.0712 5.9693
vt 24.4483 5.9693
vt 24.8255 5.9693
vt 25.2026 5.9693
vt 25.5797 5.9693
vt 25.9568 5.9693
vt 26.3339 5.9693
vt 26.7111 5.9693
vt 27.0882 5.9693
vt 27.4653 5.9693
vt 27.8424 5.9693
vt 28.2196 5.9693
vt 28.5967 5.9693
vt 1.0667 6.3464
vt 1.4438 6.3464
vt 1.8209 6.3464
vt 2.1980 6.3464
vt 2.5752 6.3464
vt 2.9523 6.3464
vt 3.3294 6.3464
vt 3.7065 6.3464
vt 4.0837 6.3464
vt 4.4608 6.3464
vt 4.8379 6.3464
vt 5.2150 6.3464
vt 5.5922 6.3464
vt 5.9693 6.3464
vt 6.3464 6.3464
vt 6.7235 6.3464
vt 7.1006 6.3464
vt 7.4778 6.3464
vt 7.8549 6.3464
vt 8.2320 6.3464
vt 8.6091 6.3464
vt 8.9863 6.3464
vt 9.3634 6.3464
vt 9.7405 6.3464
vt 10.1176 6.3464
vt 10.4948 6.3464
vt 10.8719 6.3464
vt 11.2490 6.3464
vt 11.6261 6.3464
vt 12.0033 6.3464
vt 12.3804 6.3464
vt 12.7575 6.3464
vt 13.1346 6.3464
vt 13.5117 6.3464
vt 13.8889 6.3464
vt 14.2660 6.3464
vt 14.6431 6.3464
vt 15.0202 6.3464
vt 15.3974 6.3464
vt 15.7745 6.3464
vt 16.1516 6.3464
vt 16.5287 6.3464
vt 16.9059 6.3464
vt 17.2830 6.3464
vt 17.6601 6.3464
vt 18.0372 6.3464
vt 18.4144 6.3464
vt 18.7915 6.3464
vt 19.1686 6.3464
vt 19.5457 6.3464
vt 19.9228 6.3464
vt 20.3000 6.3464
vt 20.6771 6.3464
vt 21.0542 6.3464
vt 21.4313 6.3464
vt 21.8085 6.3464
vt 22.1856 6.3464
vt 22.5627 6.3464
vt 22.9398 6.3464
vt 23.3170 6.3464
vt 23.6941 6.3464
vt 24.0712 6.3464
vt 24.4483 6.3464
vt 24.8255 6.3464
vt 25.2026 6.3464
vt 25.5797 6.3464
vt 25.9568 6.3464
vt 26.3339 6.3464
vt 26.7111 6.3464
vt 27.0882 6.3464
vt 27.4653 6.3464
vt 27.8424 6.3464
vt 28.2196 6.3464
vt 28.5967 6.3464
vt 1.0667 6.7235
vt 1.4438 6.7235
vt 1.8209 6.7235
vt 2.1980 6.7235
vt 2.5752 6.7235
vt 2.9523 6.7235
vt 3.3294 6.7235
vt 3.7065 6.7235
vt 4.0837 6.7235
vt 4.4608 6.7235
vt 4.8379 6.7235
vt 5.2150 6.7235
vt 5.5922 6.7235
vt 5.9693 6.7235
vt 6.3464 6.7235
vt 6.7235 6.7235
vt 7.1006 6.7235
vt 7.4778 6.7235
vt 7.8549 6.7235
vt 8.2320 6.7235
vt 8.6091 6.7235
vt 8.9863 6.7235
vt 9.3634 6.7235
vt 9.7405 6.7235
vt 10.1176 6.7235
vt 10.4948 6.7235
vt 10.8719 6.7235
vt 11.2490 6.7235
vt 11.6261 6.7235
vt 12.0033 6.7235
vt 12.3804 6.7235
vt 12.7575 6.7235
vt 13.1346 6.7235
vt 13.5117 6.7235
vt 13.8889 6.7235
vt 14.2660 6.7235
vt 14.6431 6.7235
vt 15.0202 6.7235
vt 15.3974 6.7235
vt 15.7745 6.7235
vt 16.1516 6.7235
vt 16.5287 6.7235
vt 16.9059 6.7235
vt 17.2830 6.7235
vt 17.6601 6.7235
vt 18.0372 6.7235
vt 18.4144 6.7235
vt 18.7915 6.7235
vt 19.1686 6.7235
vt 19.5457 6.7235
vt 19.9228 6.7235
vt 20.3000 6.7235
vt 20.6771 6.7235
vt 21.0542 6.7235
vt 21.4313 6.7235
vt 21.8085 6.7235
vt 22.1856 6.7235
vt 22.5627 6.7235
vt 22.9398 6.7235
vt 23.3170 6.7235
vt 23.6941 6.7235
vt 24.0712 6.7235
vt 24.4483 6.7235
vt 24.8255 6.7235
vt 25.2026 6.7235
vt 25.5797 6.7235
vt 25.9568 6.7235
vt 26.3339 6.7235
vt 26.7111 6.7235
vt 27.0882 6.7235
vt 27.4653 6.7235
vt 27.8424 6.7235
vt 28.2196 6.7235
vt 28.5967 6.7235
vt 1.0667 7.1006
vt 1.4438 7.1006
vt 1.8209 7.1006
vt 2.1980 7.1006
vt 2.5752 7.1006
vt 2.9523 7.1006
vt 3.3294 7.1006
vt 3.7065 7.1006
vt 4.0837 7.1006
vt 4.4608 7.1006
vt 4.8379 7.1006
vt 5.2150 7.1006
vt 5.5922 7.1006
vt 5.9693 7.1006
vt 6.3464 7.1006
vt 6.7235 7.1006
vt 7.1006 7.1006
vt 7.4778 7.1006
vt 7.8549 7.1006
vt 8.2320 7.1006
vt 8.6091 7.1006
vt 8.9863 7.1006
vt 9.3634 7.1006
vt 9.7405 7.1006
vt 10.1176 7.1006
vt 10.4948 7.1006
vt 10.8719 7.1006
vt 11.2490 7.1006
vt 11.6261 7.1006
vt 12.0033 7.1006
vt 12.3804 7.1006
vt 12.7575 7.1006
vt 13.1346 7.1006
vt 13.5117 7.1006
vt 13.8889 7.1006
vt 14.2660 7.1006
vt 14.6431 7.1006
vt 15.0202 7.1006
vt 15.3974 7.1006
vt 15.7745 7.1006
vt 16.1516 7.1006
vt 16.5287 7.1006
vt 16.9059 7.1006
vt 17.2830 7.1006
vt 17.6601 7.1006
vt 18.0372 7.1006
vt 18.4144 7.1006
vt 18.7915 7.1006
vt 19.1686 7.1006
vt 19.5457 7.1006
vt 19.9228 7.1006
vt 20.3000 7.1006
vt 20.6771 7.1006
vt 21.0542 7.1006
vt 21.4313 7.1006
vt 21.8085 7.1006
vt 22.1856 7.1006
vt 22.5627 7.1006
vt 22.9398 7.1006
vt 23.3170 7.1006
vt 23.6941 7.1006
vt 24.0712 7.1006
vt 24.4483 7.1006
vt 24.8255 7.1006
vt 25.2026 7.1006
vt 25.5797 7.1006
vt 25.9568 7.1006
vt 26.3339 7.1006
vt 26.7111 7.1006
vt 27.0882 7.1006
vt 27.4653 7.1006
vt 27.8424 7.1006
vt 28.2196 7.1006
vt 28.5967 7.1006
vt 1.0667 7.4778
vt 1.4438 7.4778
vt 1.8209 7.4778
vt 2.1980 7.4778
vt 2.5752 7.4778
vt 2.9523 7.4778
vt 3.3294 7.4778
vt 3.7065 7.4778
vt 4.0837 7.4778
vt 4.4608 7.4778
vt 4.8379 7.4778
vt 5.2150 7.4778
vt 5.5922 7.4778
vt 5.9693 7.4778
vt 6.3464 7.4778
vt 6.7235 7.4778
vt 7.1006 7.4778
vt 7.4778 7.4778
vt 7.8549 7.4778
vt 8.2320 7.4778
vt 8.6091 7.4778
vt 8.9863 7.4778
vt 9.3634 7.4778
vt 9.7405 7.4778
vt 10.1176 7.4778
vt 10.4948 7.4778
vt 10.8719 7.4778
vt 11.2490 7.4778
vt 11.6261 7.4778
vt 12.0033 7.4778
vt 12.3804 7.4778
vt 12.7575 7.4778
vt 13.1346 7.4778
vt 13.5117 7.4778
vt 13.8889 7.4778
vt 14.2660 7.4778
vt 14.6431 7.4778
vt 15.0202 7.4778
vt 15.3974 7.4778
vt 15.7745 7.4778
vt 16.1516 7.4778
vt 16.5287 7.4778
vt 16.9059 7.4778
vt 17.2830 7.4778
vt 17.6601 7.4778
vt 18.0372 7.4778
vt 18.4144 7.4778
vt 18.7915 7.4778
vt 19.1686 7.4778
vt 19.5457 7.4778
vt 19.9228 7.4778
vt 20.3000 7.4778
vt 20.6771 7.4778
vt 21.0542 7.4778
vt 21.4313 7.4778
vt 21.8085 7.4778
vt 22.1856 7.4778
vt 22.5627 7.4778
vt 22.9398 7.4778
vt 23.3170 7.4778
vt 23.6941 7.4778
vt 24.0712 7.4778
vt 24.4483 7.4778
vt 24.8255 7.4778
vt 25.2026 7.4778
vt 25.5797 7.4778
vt 25.9568 7.4778
vt 26.3339 7.4778
vt 26.7111 7.4778
vt 27.0882 7.4778
vt 27.4653 7.4778
vt 27.8424 7.4778
vt 28.2196 7.4778
vt 28.5967 7.4778
vt 1.0667 7.8549
vt 1.4438 7.8549
vt 1.8209 7.8549
vt 2.1980 7.8549
vt 2.5752 7.8549
vt 2.9523 7.8549
vt 3.3294 7.8549
vt 3.7065 7.8549
vt 4.0837 7.8549
vt 4.4608 7.8549
vt 4.8379 7.8549
vt 5.2150 7.8549
vt 5.5922 7.8549
vt 5.9693 7.8549
vt 6.3464 7.8549
vt 6.7235 7.8549
vt 7.1006 7.8549
vt 7.4778 7.8549
vt 7.8549 7.8549
vt 8.2320 7.8549
vt 8.6091 7.8549
vt 8.9863 7.8549
vt 9.3634 7.8549
vt 9.7405 7.8549
vt 10.1176 7.8549
vt 10.4948 7.8549
vt 10.8719 7.8549
vt 11.2490 7.8549
vt 11.6261 7.8549
vt 12.0033 7.8549
vt 12.3804 7.8549
vt 12.7575 7.8549
vt 13.1346 7.8549
vt 13.5117 7.8549
vt 13.8889 7.8549
vt 14.2660 7.8549
vt 14.6431 7.8549
vt 15.0202 7.8549
vt 15.3974 7.8549
vt 15.7745 7.8549
vt 16.1516 7.8549
vt 16.5287 7.8549
vt 16.9059 7.8549
vt 17.2830 7.8549
vt 17.6601 7.8549
vt 18.0372 7.8549
vt 18.4144 7.8549
vt 18.7915 7.8549
vt 19.1686 7.8549
vt 19.5457 7.8549
vt 19.9228 7.8549
vt 20.3000 7.8549
vt 20.6771 7.8549
vt 21.0542 7.8549
vt 21.4313 7.8549
vt 21.8085 7.8549
vt 22.1856 7.8549
vt 22.5627 7.8549
vt 22.9398 7.8549
vt 23.3170 7.8549
vt 23.6941 7.8549
vt 24.0712 7.8549
vt 24.4483 7.8549
vt 24.8255 7.8549
vt 25.2026 7.8549
vt 25.5797 7.8549
vt 25.9568 7.8549
vt 26.3339 7.8549
vt 26.7111 7.8549
vt 27.0882 7.8549
vt 27.4653 7.8549
vt 27.8424 7.8549
vt 28.2196 7.8549
vt 28.5967 7.8549
vt 1.0667 8.2320
vt 1.4438 8.2320
vt 1.8209 8.2320
vt 2.1980 8.2320
vt 2.5752 8.2320
vt 2.9523 8.2320
vt 3.3294 8.2320
vt 3.7065 8.2320
vt 4.0837 8.2320
vt 4.4608 8.2320
vt 4.8379 8.2320
vt 5.2150 8.2320
vt 5.5922 8.2320
vt 5.9693 8.2320
vt 6.3464 8.2320
vt 6.7235 8.2320
vt 7.1006 8.2320
vt 7.4778 8.2320
vt 7.8549 8.2320
vt 8.2320 8.2320
vt 8.6091 8.2320
vt 8.9863 8.2320
vt 9.3634 8.2320
vt 9.7405 8.2320
vt 10.1176 8.2320
vt 10.4948 8.2320
vt 10.8719 8.2320
vt 11.2490 8.2320
vt 11.6261 8.2320
vt 12.0033 8.2320
vt 12.3804 8.2320
vt 12.7575 8.2320
vt 13.1346 8.2320
vt 13.5117 8.2320
vt 13.8889 8.2320
vt 14.2660 8.2320
vt 14.6431 8.2320
vt 15.0202 8.2320
vt 15.3974 8.2320
vt 15.7745 8.2320
vt 16.1516 8.2320
vt 16.5287 8.2320
vt 16.9059 8.2320
vt 17.2830 8.2320
vt 17.6601 8.2320
vt 18.0372 8.2320
vt 18.4144 8.2320
vt 18.7915 8.2320
vt 19.1686 8.2320
vt 19.5457 8.2320
vt 19.9228 8.2320
vt 20.3000 8.2320
vt 20.6771 8.2320
vt 21.0542 8.2320
vt 21.4313 8.2320
vt 21.8085 8.2320
vt 22.1856 8.2320
vt 22.5627 8.2320
vt 22.9398 8.2320
vt 23.3170 8.2320
vt 23.6941 8.2320
vt 24.0712 8.2320
vt 24.4483 8.2320
vt 24.8255 8.2320
vt 25.2026 8.2320
vt 25.5797 8.2320
vt 25.9568 8.2320
vt 26.3339 8.2320
vt 26.7111 8.2320
vt 27.0882 8.2320
vt 27.4653 8.2320
vt 27.8424 8.2320
vt 28.2196 8.2320
vt 28.5967 8.2320
vt 1.0667 8.6091
vt 1.4438 8.6091
vt 1.8209 8.6091
vt 2.1980 8.6091
vt 2.5752 8.6091
vt 2.9523 8.6091
vt 3.3294 8.6091
vt 3.7065 8.6091
vt 4.0837 8.6091
vt 4.4608 8.6091
vt 4.8379 8.6091
vt 5.2150 8.6091
vt 5.5922 8.6091
vt 5.9693 8.6091
vt 6.3464 8.6091
vt 6.7235 8.6091
vt 7.1006 8.6091
vt 7.4778 8.6091
vt 7.8549 8.6091
vt 8.2320 8.6091
vt 8.6091 8.6091
vt 8.9863 8.6091
vt 9.3634 8.6091
vt 9.7405 8.6091
vt 10.1176 8.6091
vt 10.4948 8.6091
vt 10.8719 8.6091
vt 11.2490 8.6091
vt 11.6261 8.6091
vt 12.0033 8.6091
vt 12.3804 8.6091
vt 12.7575 8.6091
vt 13.1346 8.6091
vt 13.5117 8.6091
vt 13.8889 8.6091
vt 14.2660 8.6091
vt 14.6431 8.6091
vt 15.0202 8.6091
vt 15.3974 8.6091
vt 15.7745 8.6091
vt 16.1516 8.6091
vt 16.5287 8.6091
vt 16.9059 8.6091
vt 17.2830 8.6091
vt 17.6601 8.6091
vt 18.0372 8.6091
vt 18.4144 8.6091
vt 18.7915 8.6091
vt 19.1686 8.6091
vt 19.5457 8.6091
vt 19.9228 8.6091
vt 20.3000 8.6091
vt 20.6771 8.6091
vt 21.0542 8.6091
vt 21.4313 8.6091
vt 21.8085 8.6091
vt 22.1856 8.6091
vt 22.5627 8.6091
vt 22.9398 8.6091
vt 23.3170 8.6091
vt 23.6941 8.6091
vt 24.0712 8.6091
vt 24.4483 8.6091
vt 24.8255 8.6091
vt 25.2026 8.6091
vt 25.5797 8.6091
vt 25.9568 8.6091
vt 26.3339 8.6091
vt 26.7111 8.6091
vt 27.0882 8.6091
vt 27.4653 8.6091
vt 27.8424 8.6091
vt 28.2196 8.6091
vt 28.5967 8.6091
vt 1.0667 8.9863
vt 1.4438 8.9863
vt 1.8209 8.9863
vt 2.1980 8.9863
vt 2.5752 8.9863
vt 2.9523 8.9863
vt 3.3294 8.9863
vt 3.7065 8.9863
vt 4.0837 8.9863
vt 4.4608 8.9863
vt 4.8379 8.9863
vt 5.2150 8.9863
vt 5.5922 8.9863
vt 5.9693 8.9863
vt 6.3464 8.9863
vt 6.7235 8.9863
vt 7.1006 8.9863
vt 7.4778 8.9863
vt 7.8549 8.9863
vt 8.2320 8.9863
vt 8.6091 8.9863
vt 8.9863 8.9863
vt 9.3634 8.9863
vt 9.7405 8.9863
vt 10.1176 8.9863
vt 10.4948 8.9863
vt 10.8719 8.9863
vt 11.2490 8.9863
vt 11.6261 8.9863
vt 12.0033 8.9863
vt 12.3804 8.9863
vt 12.7575 8.9863
vt 13.1346 8.9863
vt 13.5117 8.9863
vt 13.8889 8.9863
vt 14.2660 8.9863
vt 14.6431 8.9863
vt 15.0202 8.9863
vt 15.3974 8.9863
vt 15.7745 8.9863
vt 16.1516 8.9863
vt 16.5287 8.9863
vt 16.9059 8.9863
vt 17.2830 8.9863
vt 17.6601 8.9863
vt 18.0372 8.9863
vt 18.4144 8.9863
vt 18.7915 8.9863
vt 19.1686 8.9863
vt 19.5457 8.9863
vt 19.9228 8.9863
vt 20.3000 8.9863
vt 20.6771 8.9863
vt 21.0542 8.9863
vt 21.4313 8.9863
vt 21.8085 8.9863
vt 22.1856 8.9863
vt 22.5627 8.9863
vt 22.9398 8.9863
vt 23.3170 8.9863
vt 23.6941 8.9863
vt 24.0712 8.9863
vt 24.4483 8.9863
vt 24.8255 8.9863
vt 25.2026 8.9863
vt 25.5797 8.9863
vt 25.9568 8.9863
vt 26.3339 8.9863
vt 26.7111 8.9863
vt 27.0882 8.9863
vt 27.4653 8.9863
vt 27.8424 8.9863
vt 28.2196 8.9863
vt 28.5967 8.9863
vt 1.0667 9.3634
vt 1.4438 9.3634
vt 1.8209 9.3634
vt 2.1980 9.3634
vt 2.5752 9.3634
vt 2.9523 9.3634
vt 3.3294 9.3634
vt 3.7065 9.3634
vt 4.0837 9.3634
vt 4.4608 9.3634
vt 4.8379 9.3634
vt 5.2150 9.3634
vt 5.5922 9.3634
vt 5.9693 9.3634
vt 6.3464 9.3634
vt 6.7235 9.3634
vt 7.1006 9.3634
vt 7.4778 9.3634
vt 7.8549 9.3634
vt 8.2320 9.3634
vt 8.6091 9.3634
vt 8.9863 9.3634
vt 9.3634 9.3634
vt 9.7405 9.3634
vt 10.1176 9.3634
vt 10.4948 9.3634
vt 10.8719 9.3634
vt 11.2490 9.3634
vt 11.6261 9.3634
vt 12.0033 9.3634
vt 12.3804 9.3634
vt 12.7575 9.3634
vt 13.1346 9.3634
vt 13.5117 9.3634
vt 13.8889 9.3634
vt 14.2660 9.3634
vt 14.6431 9.3634
vt 15.0202 9.3634
vt 15.3974 9.3634
vt 15.7745 9.3634
vt 16.1516 9.3634
vt 16.5287 9.3634
vt 16.9059 9.3634
vt 17.2830 9.3634
vt 17.6601 9.3634
vt 18.0372 9.3634
vt 18.4144 9.3634
vt 18.7915 9.3634
vt 19.1686 9.3634
vt 19.5457 9.3634
vt 19.9228 9.3634
vt 20.3000 9.3634
vt 20.6771 9.3634
vt 21.0542 9.3634
vt 21.4313 9.3634
vt 21.8085 9.3634
vt 22.1856 9.3634
vt 22.5627 9.3634
vt 22.9398 9.3634
vt 23.3170 9.3634
vt 23.6941 9.3634
vt 24.0712 9.3634
vt 24.4483 9.3634
vt 24.8255 9.3634
vt 25.2026 9.3634
vt 25.5797 9.3634
vt 25.9568 9.3634
vt 26.3339 9.3634
vt 26.7111 9.3634
vt 27.0882 9.3634
vt 27.4653 9.3634
vt 27.8424 9.3634
vt 28.2196 9.3634
vt 28.5967 9.3634
vt 1.0667 9.7405
vt 1.4438 9.7405
vt 1.8209 9.7405
vt 2.1980 9.7405
vt 2.5752 9.7405
vt 2.9523 9.7405
vt 3.3294 9.7405
vt 3.7065 9.7405
vt 4.0837 9.7405
vt 4.4608 9.7405
vt 4.8379 9.7405
vt 5.2150 9.7405
vt 5.5922 9.7405
vt 5.9693 9.7405
vt 6.3464 9.7405
vt 6.7235 9.7405
vt 7.1006 9.7405
vt 7.4778 9.7405
vt 7.8549 9.7405
vt 8.2320 9.7405
vt 8.6091 9.7405
vt 8.9863 9.7405
vt 9.3634 9.7405
vt 9.7405 9.7405
vt 10.1176 9.7405
vt 10.4948 9.7405
vt 10.8719 9.7405
vt 11.2490 9.7405
vt 11.6261 9.7405
vt 12.0033 9.7405
vt 12.3804 9.7405
vt 12.7575 9.7405
vt 13.1346 9.7405
vt 13.5117 9.7405
vt 13.8889 9.7405
vt 14.2660 9.7405
vt 14.6431 9.7405
vt 15.0202 9.7405
vt 15.3974 9.7405
vt 15.7745 9.7405
vt 16.1516 9.7405
vt 16.5287 9.7405
vt 16.9059 9.7405
vt 17.2830 9.7405
vt 17.6601 9.7405
vt 18.0372 9.7405
vt 18.4144 9.7405
vt 18.7915 9.7405
vt 19.1686 9.7405
vt 19.5457 9.7405
vt 19.9228 9.7405
vt 20.3000 9.7405
vt 20.6771 9.7405
vt 21.0542 9.7405
vt 21.4313 9.7405
vt 21.8085 9.7405
vt 22.1856 9.7405
vt 22.5627 9.7405
vt 22.9398 9.7405
vt 23.3170 9.7405
vt 23.6941 9.7405
vt 24.0712 9.7405
vt 24.4483 9.7405
vt 24.8255 9.7405
vt 25.2026 9.7405
vt 25.5797 9.7405
vt 25.9568 9.7405
vt 26.3339 9.7405
vt 26.7111 9.7405
vt 27.0882 9.7405
vt 27.4653 9.7405
vt 27.8424 9.7405
vt 28.2196 9.7405
vt 28.5967 9.7405
vt 1.0667 10.1176
vt 1.4438 10.1176
vt 1.8209 10.1176
vt 2.1980 10.1176
vt 2.5752 10.1176
vt 2.9523 10.1176
vt 3.3294 10.1176
vt 3.7065 10.1176
vt 4.0837 10.1176
vt 4.4608 10.1176
vt 4.8379 10.1176
vt 5.2150 10.1176
vt 5.5922 10.1176
vt 5.9693 10.1176
vt 6.3464 10.1176
vt 6.7235 10.1176
vt 7.1006 10.1176
vt 7.4778 10.1176
vt 7.8549 10.1176
vt 8.2320 10.1176
vt 8.6091 10.1176
vt 8.9863 10.1176
vt 9.3634 10.1176
vt 9.7405 10.1176
vt 10.1176 10.1176
vt 10.4948 10.1176
vt 10.8719 10.1176
vt 11.2490 10.1176
vt 11.6261 10.1176
vt 12.0033 10.1176
vt 12.3804 10.1176
vt 12.7575 10.1176
vt 13.1346 10.1176
vt 13.5117 10.1176
vt 13.8889 10.1176
vt 14.2660 10.1176
vt 14.6431 10.1176
vt 15.0202 10.1176
vt 15.3974 10.1176
vt 15.7745 10.1176
vt 16.1516 10.1176
vt 16.5287 10.1176
vt 16.9059 10.1176
vt 17.2830 10.1176
vt 17.6601 10.1176
vt 18.0372 10.1176
vt 18.4144 10.1176
vt 18.7915 10.1176
vt 19.1686 10.1176
vt 19.5457 10.1176
vt 19.9228 10.1176
vt 20.3000 10.1176
vt 20.6771 10.1176
vt 21.0542 10.1176
vt 21.4313 10.1176
vt 21.8085 10.1176
vt 22.1856 10.1176
vt 22.5627 10.1176
vt 22.9398 10.1176
vt 23.3170 10.1176
vt 23.6941 10.1176
vt 24.0712 10.1176
vt 24.4483 10.1176
vt 24.8255 10.1176
vt 25.2026 10.1176
vt 25.5797 10.1176
vt 25.9568 10.1176
vt 26.3339 10.1176
vt 26.7111 10.1176
vt 27.0882 10.1176
vt 27.4653 10.1176
vt 27.8424 10.1176
vt 28.2196 10.1176
vt 28.5967 10.1176
vt 1.0667 10.4948
vt 1.4438 10.4948
vt 1.8209 10.4948
vt 2.1980 10.4948
vt 2.5752 10.4948
vt 2.9523 10.4948
vt 3.3294 10.4948
vt 3.7065 10.4948
vt 4.0837 10.4948
vt 4.4608 10.4948
vt 4.8379 10.4948
vt 5.2150 10.4948
vt 5.5922 10.4948
vt 5.9693 10.4948
vt 6.3464 10.4948
vt 6.7235 10.4948
vt 7.1006 10.4948
vt 7.4778 10.4948
vt 7.8549 10.4948
vt 8.2320 10.4948
vt 8.6091 10.4948
vt 8.9863 10.4948
vt 9.3634 10.4948
vt 9.7405 10.4948
vt 10.1176 10.4948
vt 10.4948 10.4948
vt 10.8719 10.4948
vt 11.2490 10.4948
vt 11.6261 10.4948
vt 12.0033 10.4948
vt 12.3804 10.4948
vt 12.7575 10.4948
vt 13.1346 10.4948
vt 13.5117 10.4948
vt 13.8889 10.4948
vt 14.2660 10.4948
vt 14.6431 10.4948
vt 15.0202 10.4948
vt 15.3974 10.4948
vt 15.7745 10.4948
vt 16.1516 10.4948
vt 16.5287 10.4948
vt 16.9059 10.4948
vt 17.2830 10.4948
vt 17.6601 10.4948
vt 18.0372 10.4948
vt 18.4144 10.4948
vt 18.7915 10.4948
vt 19.1686 10.4948
vt 19.5457 10.4948
vt 19.9228 10.4948
vt 20.3000 10.4948
vt 20.6771 10.4948
vt 21.0542 10.4948
vt 21.4313 10.4948
vt 21.8085 10.4948
vt 22.1856 10.4948
vt 22.5627 10.4948
vt 22.9398 10.4948
vt 23.3170 10.4948
vt 23.6941 10.4948
vt 24.0712 10.4948
vt 24.4483 10.4948
vt 24.8255 10.4948
vt 25.2026 10.4948
vt 25.5797 10.4948
vt 25.9568 10.4948
vt 26.3339 10.4948
vt 26.7111 10.4948
vt 27.0882 10.4948
vt 27.4653 10.4948
vt 27.8424 10.4948
vt 28.2196 10.4948
vt 28.5967 10.4948
vt 1.0667 10.8719
vt 1.4438 10.8719
vt 1.8209 10.8719
vt 2.1980 10.8719
vt 2.5752 10.8719
vt 2.9523 10.8719
vt 3.3294 10.8719
vt 3.7065 10.8719
vt 4.0837 10.8719
vt 4.4608 10.8719
vt 4.8379 10.8719
vt 5.2150 10.8719
vt 5.5922 10.8719
vt 5.9693 10.8719
vt 6.3464 10.8719
vt 6.7235 10.8719
vt 7.1006 10.8719
vt 7.4778 10.8719
vt 7.8549 10.8719
vt 8.2320 10.8719
vt 8.6091 10.8719
vt 8.9863 10.8719
vt 9.3634 10.8719
vt 9.7405 10.8719
vt 10.1176 10.8719
vt 10.4948 10.8719
vt 10.8719 10.8719
vt 11.2490 10.8719
vt 11.6261 10.8719
vt 12.0033 10.8719
vt 12.3804 10.8719
vt 12.7575 10.8719
vt 13.1346 10.8719
vt 13.5117 10.8719
vt 13.8889 10.8719
vt 14.2660 10.8719
vt 14.6431 10.8719
vt 15.0202 10.8719
vt 15.3974 10.8719
vt 15.7745 10.8719
vt 16.1516 10.8719
vt 16.5287 10.8719
vt 16.9059 10.8719
vt 17.2830 10.8719
vt 17.6601 10.8719
vt 18.0372 10.8719
vt 18.4144 10.8719
vt 18.7915 10.8719
vt 19.1686 10.8719
vt 19.5457 10.8719
vt 19.9228 10.8719
vt 20.3000 10.8719
vt 20.6771 10.8719
vt 21.0542 10.8719
vt 21.4313 10.8719
vt 21.8085 10.8719
vt 22.1856 10.8719
vt 22.5627 10.8719
vt 22.9398 10.8719
vt 23.3170 10.8719
vt 23.6941 10.8719
vt 24.0712 10.8719
vt 24.4483 10.8719
vt 24.8255 10.8719
vt 25.2026 10.8719
vt 25.5797 10.8719
vt 25.9568 10.8719
vt 26.3339 10.8719
vt 26.7111 10.8719
vt 27.0882 10.8719
vt 27.4653 10.8719
vt 27.8424 10.8719
vt 28.2196 10.8719
vt 28.5967 10.8719
vt 1.0667 11.2490
vt 1.4438 11.2490
vt 1.8209 11.2490
vt 2.1980 11.2490
vt 2.5752 11.2490
vt 2.9523 11.2490
vt 3.3294 11.2490
vt 3.7065 11.2490
vt 4.0837 11.2490
vt 4.4608 11.2490
vt 4.8379 11.2490
vt 5.2150 11.2490
vt 5.5922 11.2490
vt 5.9693 11.2490
vt 6.3464 11.2490
vt 6.7235 11.2490
vt 7.1006 11.2490
vt 7.4778 11.2490
vt 7.8549 11.2490
vt 8.2320 11.2490
vt 8.6091 11.2490
vt 8.9863 11.2490
vt 9.3634 11.2490
vt 9.7405 11.2490
vt 10.1176 11.2490
vt 10.4948 11.2490
vt 10.8719 11.2490
vt 11.2490 11.2490
vt 11.6261 11.2490
vt 12.0033 11.2490
vt 12.3804 11.2490
vt 12.7575 11.2490
vt 13.1346 11.2490
vt 13.5117 11.2490
vt 13.8889 11.2490
vt 14.2660 11.2490
vt 14.6431 11.2490
vt 15.0202 11.2490
vt 15.3974 11.2490
vt 15.7745 11.2490
vt 16.1516 11.2490
vt 16.5287 11.2490
vt 16.9059 11.2490
vt 17.2830 11.2490
vt 17.6601 11.2490
vt 18.0372 11.2490
vt 18.4144 11.2490
vt 18.7915 11.2490
vt 19.1686 11.2490
vt 19.5457 11.2490
vt 19.9228 11.2490
vt 20.3000 11.2490
vt 20.6771 11.2490
vt 21.0542 11.2490
vt 21.4313 11.2490
vt 21.8085 11.2490
vt 22.1856 11.2490
vt 22.5627 11.2490
vt 22.9398 11.2490
vt 23.3170 11.2490
vt 23.6941 11.2490
vt 24.0712 11.2490
vt 24.4483 11.2490
vt 24.8255 11.2490
vt 25.2026 11.2490
vt 25.5797 11.2490
vt 25.9568 11.2490
vt 26.3339 11.2490
vt 26.7111 11.2490
vt 27.0882 11.2490
vt 27.4653 11.2490
vt 27.8424 11.2490
vt 28.2196 11.2490
vt 28.5967 11.2490
vt 1.0667 11.6261
vt 1.4438 11.6261
vt 1.8209 11.6261
vt 2.1980 11.6261
vt 2.5752 11.6261
vt 2.9523 11.6261
vt 3.3294 11.6261
vt 3.7065 11.6261
vt 4.0837 11.6261
vt 4.4608 11.6261
vt 4.8379 11.6261
vt 5.2150 11.6261
vt 5.5922 11.6261
vt 5.9693 11.6261
vt 6.3464 11.6261
vt 6.7235 11.6261
vt 7.1006 11.6261
vt 7.4778 11.6261
vt 7.8549 11.6261
vt 8.2320 11.6261
vt 8.6091 11.6261
vt 8.9863 11.6261
vt 9.3634 11.6261
vt 9.7405 11.6261
vt 10.1176 11.6261
vt 10.4948 11.6261
vt 10.8719 11.6261
vt 11.2490 11.6261
vt 11.6261 11.6261
vt 12.0033 11.6261
vt 12.3804 11.6261
vt 12.7575 11.6261
vt 13.1346 11.6261
vt 13.5117 11.6261
vt 13.8889 11.6261
vt 14.2660 11.6261
vt 14.6431 11.6261
vt 15.0202 11.6261
vt 15.3974 11.6261
vt 15.7745 11.6261
vt 16.1516 11.6261
vt 16.5287 11.6261
vt 16.9059 11.6261
vt 17.2830 11.6261
vt 17.6601 11.6261
vt 18.0372 11.6261
vt 18.4144 11.6261
vt 18.7915 11.6261
vt 19.1686 11.6261
vt 19.5457 11.6261
vt 19.9228 11.6261
vt 20.3000 11.6261
vt 20.6771 11.6261
vt 21.0542 11.6261
vt 21.4313 11.6261
vt 21.8085 11.6261
vt 22.1856 11.6261
vt 22.5627 11.6261
vt 22.9398 11.6261
vt 23.3170 11.6261
vt 23.6941 11.6261
vt 24.0712 11.6261
vt 24.4483 11.6261
vt 24.8255 11.6261
vt 25.2026 11.6261
vt 25.5797 11.6261
vt 25.9568 11.6261
vt 26.3339 11.6261
vt 26.7111 11.6261
vt 27.0882 11.6261
vt 27.4653 11.6261
vt 27.8424 11.6261
vt 28.2196 11.6261
vt 28.5967 11.6261
vt 1.0667 12.0033
vt 1.4438 12.0033
vt 1.8209 12.0033
vt 2.1980 12.0033
vt 2.5752 12.0033
vt 2.9523 12.0033
vt 3.3294 12.0033
vt 3.7065 12.0033
vt 4.0837 12.0033
vt 4.4608 12.0033
vt 4.8379 12.0033
vt 5.2150 12.0033
vt 5.5922 12.0033
vt 5.9693 12.0033
vt 6.3464 12.0033
vt 6.7235 12.0033
vt 7.1006 12.0033
vt 7.4778 12.0033
vt 7.8549 12.0033
vt 8.2320 12.0033
vt 8.6091 12.0033
vt 8.9863 12.0033
vt 9.3634 12.0033
vt 9.7405 12.0033
vt 10.1176 12.0033
vt 10.4948 12.0033
vt 10.8719 12.0033
vt 11.2490 12.0033
vt 11.6261 12.0033
vt 12.0033 12.0033
vt 12.3804 12.0033
vt 12.7575 12.0033
vt 13.1346 12.0033
vt 13.5117 12.0033
vt 13.8889 12.0033
vt 14.2660 12.0033
vt 14.6431 12.0033
vt 15.0202 12.0033
vt 15.3974 12.0033
vt 15.7745 12.0033
vt 16.1516 12.0033
vt 16.5287 12.0033
vt 16.9059 12.0033
vt 17.2830 12.0033
vt 17.6601 12.0033
vt 18.0372 12.0033
vt 18.4144 12.0033
vt 18.7915 12.0033
vt 19.1686 12.0033
vt 19.5457 12.0033
vt 19.9228 12.0033
vt 20.3000 12.0033
vt 20.6771 12.0033
vt 21.0542 12.0033
vt 21.4313 12.0033
vt 21.8085 12.0033
vt 22.1856 12.0033
vt 22.5627 12.0033
vt 22.9398 12.0033
vt 23.3170 12.0033
vt 23.6941 12.0033
vt 24.0712 12.0033
vt 24.4483 12.0033
vt 24.8255 12.0033
vt 25.2026 12.0033
vt 25.5797 12.0033
vt 25.9568 12.0033
vt 26.3339 12.0033
vt 26.7111 12.0033
vt 27.0882 12.0033
vt 27.4653 12.0033
vt 27.8424 12.0033
vt 28.2196 12.0033
vt 28.5967 12.0033
vt 1.0667 12.3804
vt 1.4438 12.3804
vt 1.8209 12.3804
vt 2.1980 12.3804
vt 2.5752 12.3804
vt 2.9523 12.3804
vt 3.3294 12.3804
vt 3.7065 12.3804
vt 4.0837 12.3804
vt 4.4608 12.3804
vt 4.8379 12.3804
vt 5.2150 12.3804
vt 5.5922 12.3804
vt 5.9693 12.3804
vt 6.3464 12.3804
vt 6.7235 12.3804
vt 7.1006 12.3804
vt 7.4778 12.3804
vt 7.8549 12.3804
vt 8.2320 12.3804
vt 8.6091 12.3804
vt 8.9863 12.3804
vt 9.3634 12.3804
vt 9.7405 12.3804
vt 10.1176 12.3804
vt 10.4948 12.3804
vt 10.8719 12.3804
vt 11.2490 12.3804
vt 11.6261 12.3804
vt 12.0033 12.3804
vt 12.3804 12.3804
vt 12.7575 12.3804
vt 13.1346 12.3804
vt 13.5117 12.3804
vt 13.8889 12.3804
vt 14.2660 12.3804
vt 14.6431 12.3804
vt 15.0202 12.3804
vt 15.3974 12.3804
vt 15.7745 12.3804
vt 16.1516 12.3804
vt 16.5287 12.3804
vt 16.9059 12.3804
vt 17.2830 12.3804
vt 17.6601 12.3804
vt 18.0372 12.3804
vt 18.4144 12.3804
vt 18.7915 12.3804
vt 19.1686 12.3804
vt 19.5457 12.3804
vt 19.9228 12.3804
vt 20.3000 12.3804
vt 20.6771 12.3804
vt 21.0542 12.3804
vt 21.4313 12.3804
vt 21.8085 12.3804
vt 22.1856 12.3804
vt 22.5627 12.3804
vt 22.9398 12.3804
vt 23.3170 12.3804
vt 23.6941 12.3804
vt 24.0712 12.3804
vt 24.4483 12.3804
vt 24.8255 12.3804
vt 25.2026 12.3804
vt 25.5797 12.3804
vt 25.9568 12.3804
vt 26.3339 12.3804
vt 26.7111 12.3804
vt 27.0882 12.3804
vt 27.4653 12.3804
vt 27.8424 12.3804
vt 28.2196 12.3804
vt 28.5967 12.3804
vt 1.0667 12.7575
vt 1.4438 12.7575
vt 1.8209 12.7575
vt 2.1980 12.7575
vt 2.5752 12.7575
vt 2.9523 12.7575
vt 3.3294 12.7575
vt 3.7065 12.7575
vt 4.0837 12.7575
vt 4.4608 12.7575
vt 4.8379 12.7575
vt 5.2150 12.7575
vt 5.5922 12.7575
vt 5.9693 12.7575
vt 6.3464 12.7575
vt 6.7235 12.7575
vt 7.1006 12.7575
vt 7.4778 12.7575
vt 7.8549 12.7575
vt 8.2320 12.7575
vt 8.6091 12.7575
vt 8.9863 12.7575
vt 9.3634 12.7575
vt 9.7405 12.7575
vt 10.1176 12.7575
vt 10.4948 12.7575
vt 10.8719 12.7575
vt 11.2490 12.7575
vt 11.6261 12.7575
vt 12.0033 12.7575
vt 12.3804 12.7575
vt 12.7575 12.7575
vt 13.1346 12.7575
vt 13.5117 12.7575
vt 13.8889 12.7575
vt 14.2660 12.7575
vt 14.6431 12.7575
vt 15.0202 12.7575
vt 15.3974 12.7575
vt 15.7745 12.7575
vt 16.1516 12.7575
vt 16.5287 12.7575
vt 16.9059 12.7575
vt 17.2830 12.7575
vt 17.6601 12.7575
vt 18.0372 12.7575
vt 18.4144 12.7575
vt 18.7915 12.7575
vt 19.1686 12.7575
vt 19.5457 12.7575
vt 19.9228 12.7575
vt 20.3000 12.7575
vt 20.6771 12.7575
vt 21.0542 12.7575
vt 21.4313 12.7575
vt 21.8085 12.7575
vt 22.1856 12.7575
vt 22.5627 12.7575
vt 22.9398 12.7575
vt 23.3170 12.7575
vt 23.6941 12.7575
vt 24.0712 12.7575
vt 24.4483 12.7575
vt 24.8255 12.7575
vt 25.2026 12.7575
vt 25.5797 12.7575
vt 25.9568 12.7575
vt 26.3339 12.7575
vt 26.7111 12.7575
vt 27.0882 12.7575
vt 27.4653 12.7575
vt 27.8424 12.7575
vt 28.2196 12.7575
vt 28.5967 12.7575
vt 1.0667 13.1346
vt 1.4438 13.1346
vt 1.8209 13.1346
vt 2.1980 13.1346
vt 2.5752 13.1346
vt 2.9523 13.1346
vt 3.3294 13.1346
vt 3.7065 13.1346
vt 4.0837 13.1346
vt 4.4608 13.1346
vt 4.8379 13.1346
vt 5.2150 13.1346
vt 5.5922 13.1346
vt 5.9693 13.1346
vt 6.3464 13.1346
vt 6.7235 13.1346
vt 7.1006 13.1346
vt 7.4778 13.1346
vt 7.8549 13.1346
vt 8.2320 13.1346
vt 8.6091 13.1346
vt 8.9863 13.1346
vt 9.3634 13.1346
vt 9.7405 13.1346
vt 10.1176 13.1346
vt 10.4948 13.1346
vt 10.8719 13.1346
vt 11.2490 13.1346
vt 11.6261 13.1346
vt 12.0033 13.1346
vt 12.3804 13.1346
vt 12.7575 13.1346
vt 13.1346 13.1346
vt 13.5117 13.1346
vt 13.8889 13.1346
vt 14.2660 13.1346
vt 14.6431 13.1346
vt 15.0202 13.1346
vt 15.3974 13.1346
vt 15.7745 13.1346
vt 16.1516 13.1346
vt 16.5287 13.1346
vt 16.9059 13.1346
vt 17.2830 13.1346
vt 17.6601 13.1346
vt 18.0372 13.1346
vt 18.4144 13.1346
vt 18.7915 13.1346
vt 19.1686 13.1346
vt 19.5457 13.1346
vt 19.9228 13.1346
vt 20.3000 13.1346
vt 20.6771 13.1346
vt 21.0542 13.1346
vt 21.4313 13.1346
vt 21.8085 13.1346
vt 22.1856 13.1346
vt 22.5627 13.1346
vt 22.9398 13.1346
vt 23.3170 13.1346
vt 23.6941 13.1346
vt 24.0712 13.1346
vt 24.4483 13.1346
vt 24.8255 13.1346
vt 25.2026 13.1346
vt 25.5797 13.1346
vt 25.9568 13.1346
vt 26.3339 13.1346
vt 26.7111 13.1346
vt 27.0882 13.1346
vt 27.4653 13.1346
vt 27.8424 13.1346
vt 28.2196 13.1346
vt 28.5967 13.1346
vt 1.0667 13.5117
vt 1.4438 13.5117
vt 1.8209 13.5117
vt 2.1980 13.5117
vt 2.5752 13.5117
vt 2.9523 13.5117
vt 3.3294 13.5117
vt 3.7065 13.5117
vt 4.0837 13.5117
vt 4.4608 13.5117
vt 4.8379 13.5117
vt 5.2150 13.5117
vt 5.5922 13.5117
vt 5.9693 13.5117
vt 6.3464 13.5117
vt 6.7235 13.5117
vt 7.1006 13.5117
vt 7.4778 13.5117
vt 7.8549 13.5117
vt 8.2320 13.5117
vt 8.6091 13.5117
vt 8.9863 13.5117
vt 9.3634 13.5117
vt 9.7405 13.5117
vt 10.1176 13.5117
vt 10.4948 13.5117
vt 10.8719 13.5117
vt 11.2490 13.5117
vt 11.6261 13.5117
vt 12.0033 13.5117
vt 12.3804 13.5117
vt 12.7575 13.5117
vt 13.1346 13.5117
vt 13.5117 13.5117
vt 13.8889 13.5117
vt 14.2660 13.5117
vt 14.6431 13.5117
vt 15.0202 13.5117
vt 15.3974 13.5117
vt 15.7745 13.5117
vt 16.1516 13.5117
vt 16.5287 13.5117
vt 16.9059 13.5117
vt 17.2830 13.5117
vt 17.6601 13.5117
vt 18.0372 13.5117
vt 18.4144 13.5117
vt 18.7915 13.5117
vt 19.1686 13.5117
vt 19.5457 13.5117
vt 19.9228 13.5117
vt 20.3000 13.5117
vt 20.6771 13.5117
vt 21.0542 13.5117
vt 21.4313 13.5117
vt 21.8085 13.5117
vt 22.1856 13.5117
vt 22.5627 13.5117
vt 22.9398 13.5117
vt 23.3170 13.5117
vt 23.6941 13.5117
vt 24.0712 13.5117
vt 24.4483 13.5117
vt 24.8255 13.5117
vt 25.2026 13.5117
vt 25.5797 13.5117
vt 25.9568 13.5117
vt 26.3339 13.5117
vt 26.7111 13.5117
vt 27.0882 13.5117
vt 27.4653 13.5117
vt 27.8424 13.5117
vt 28.2196 13.5117
vt 28.5967 13.5117
vt 1.0667 13.8889
vt 1.4438 13.8889
vt 1.8209 13.8889
vt 2.1980 13.8889
vt 2.5752 13.8889
vt 2.9523 13.8889
vt 3.3294 13.8889
vt 3.7065 13.8889
vt 4.0837 13.8889
vt 4.4608 13.8889
vt 4.8379 13.8889
vt 5.2150 13.8889
vt 5.5922 13.8889
vt 5.9693 13.8889
vt 6.3464 13.8889
vt 6.7235 13.8889
vt 7.1006 13.8889
vt 7.4778 13.8889
vt 7.8549 13.8889
vt 8.2320 13.8889
vt 8.6091 13.8889
vt 8.9863 13.8889
vt 9.3634 13.8889
vt 9.7405 13.8889
vt 10.1176 13.8889
vt 10.4948 13.8889
vt 10.8719 13.8889
vt 11.2490 13.8889
vt 11.6261 13.8889
vt 12.0033 13.8889
vt 12.3804 13.8889
vt 12.7575 13.8889
vt 13.1346 13.8889
vt 13.5117 13.8889
vt 13.8889 13.8889
vt 14.2660 13.8889
vt 14.6431 13.8889
vt 15.0202 13.8889
vt 15.3974 13.8889
vt 15.7745 13.8889
vt 16.1516 13.8889
vt 16.5287 13.8889
vt 16.9059 13.8889
vt 17.2830 13.8889
vt 17.6601 13.8889
vt 18.0372 13.8889
vt 18.4144 13.8889
vt 18.7915 13.8889
vt 19.1686 13.8889
vt 19.5457 13.8889
vt 19.9228 13.8889
vt 20.3000 13.8889
vt 20.6771 13.8889
vt 21.0542 13.8889
vt 21.4313 13.8889
vt 21.8085 13.8889
vt 22.1856 13.8889
vt 22.5627 13.8889
vt 22.9398 13.8889
vt 23.3170 13.8889
vt 23.6941 13.8889
vt 24.0712 13.8889
vt 24.4483 13.8889
vt 24.8255 13.8889
vt 25.2026 13.8889
vt 25.5797 13.8889
vt 25.9568 13.8889
vt 26.3339 13.8889
vt 26.7111 13.8889
vt 27.0882 13.8889
vt 27.4653 13.8889
vt 27.8424 13.8889
vt 28.2196 13.8889
vt 28.5967 13.8889
vt 1.0667 14.2660
vt 1.4438 14.2660
vt 1.8209 14.2660
vt 2.1980 14.2660
vt 2.5752 14.2660
vt 2.9523 14.2660
vt 3.3294 14.2660
vt 3.7065 14.2660
vt 4.0837 14.2660
vt 4.4608 14.2660
vt 4.8379 14.2660
vt 5.2150 14.2660
vt 5.5922 14.2660
vt 5.9693 14.2660
vt 6.3464 14.2660
vt 6.7235 14.2660
vt 7.1006 14.2660
vt 7.4778 14.2660
vt 7.8549 14.2660
vt 8.2320 14.2660
vt 8.6091 14.2660
vt 8.9863 14.2660
vt 9.3634 14.2660
vt 9.7405 14.2660
vt 10.1176 14.2660
vt 10.4948 14.2660
vt 10.8719 14.2660
vt 11.2490 14.2660
vt 11.6261 14.2660
vt 12.0033 14.2660
vt 12.3804 14.2660
vt 12.7575 14.2660
vt 13.1346 14.2660
vt 13.5117 14.2660
vt 13.8889 14.2660
vt 14.2660 14.2660
vt 14.6431 14.2660
vt 15.0202 14.2660
vt 15.3974 14.2660
vt 15.7745 14.2660
vt 16.1516 14.2660
vt 16.5287 14.2660
vt 16.9059 14.2660
vt 17.2830 14.2660
vt 17.6601 14.2660
vt 18.0372 14.2660
vt 18.4144 14.2660
vt 18.7915 14.2660
vt 19.1686 14.2660
vt 19.5457 14.2660
vt 19.9228 14.2660
vt 20.3000 14.2660
vt 20.6771 14.2660
vt 21.0542 14.2660
vt 21.4313 14.2660
vt 21.8085 14.2660
vt 22.1856 14.2660
vt 22.5627 14.2660
vt 22.9398 14.2660
vt 23.3170 14.2660
vt 23.6941 14.2660
vt 24.0712 14.2660
vt 24.4483 14.2660
vt 24.8255 14.2660
vt 25.2026 14.2660
vt 25.5797 14.2660
vt 25.9568 14.2660
vt 26.3339 14.2660
vt 26.7111 14.2660
vt 27.0882 14.2660
vt 27.4653 14.2660
vt 27.8424 14.2660
vt 28.2196 14.2660
vt 28.5967 14.2660
vt 1.0667 14.6431
vt 1.4438 14.6431
vt 1.8209 14.6431
vt 2.1980 14.6431
vt 2.5752 14.6431
vt 2.9523 14.6431
vt 3.3294 14.6431
vt 3.7065 14.6431
vt 4.0837 14.6431
vt 4.4608 14.6431
vt 4.8379 14.6431
vt 5.2150 14.6431
vt 5.5922 14.6431
vt 5.9693 14.6431
vt 6.3464 14.6431
vt 6.7235 14.6431
vt 7.1006 14.6431
vt 7.4778 14.6431
vt 7.8549 14.6431
vt 8.2320 14.6431
vt 8.6091 14.6431
vt 8.9863 14.6431
vt 9.3634 14.6431
vt 9.7405 14.6431
vt 10.1176 14.6431
vt 10.4948 14.6431
vt 10.8719 14.6431
vt 11.2490 14.6431
vt 11.6261 14.6431
vt 12.0033 14.6431
vt 12.3804 14.6431
vt 12.7575 14.6431
vt 13.1346 14.6431
vt 13.5117 14.6431
vt 13.8889 14.6431
vt 14.2660 14.6431
vt 14.6431 14.6431
vt 15.0202 14.6431
vt 15.3974 14.6431
vt 15.7745 14.6431
vt 16.1516 14.6431
vt 16.5287 14.6431
vt 16.9059 14.6431
vt 17.2830 14.6431
vt 17.6601 14.6431
vt 18.0372 14.6431
vt 18.4144 14.6431
vt 18.7915 14.6431
vt 19.1686 14.6431
vt 19.5457 14.6431
vt 19.9228 14.6431
vt 20.3000 14.6431
vt 20.6771 14.6431
vt 21.0542 14.6431
vt 21.4313 14.6431
vt 21.8085 14.6431
vt 22.1856 14.6431
vt 22.5627 14.6431
vt 22.9398 14.6431
vt 23.3170 14.6431
vt 23.6941 14.6431
vt 24.0712 14.6431
vt 24.4483 14.6431
vt 24.8255 14.6431
vt 25.2026 14.6431
vt 25.5797 14.6431
vt 25.9568 14.6431
vt 26.3339 14.6431
vt 26.7111 14.6431
vt 27.0882 14.6431
vt 27.4653 14.6431
vt 27.8424 14.6431
vt 28.2196 14.6431
vt 28.5967 14.6431
vt 1.0667 15.0202
vt 1.4438 15.0202
vt 1.8209 15.0202
vt 2.1980 15.0202
vt 2.5752 15.0202
vt 2.9523 15.0202
vt 3.3294 15.0202
vt 3.7065 15.0202
vt 4.0837 15.0202
vt 4.4608 15.0202
vt 4.8379 15.0202
vt 5.2150 15.0202
vt 5.5922 15.0202
vt 5.9693 15.0202
vt 6.3464 15.0202
vt 6.7235 15.0202
vt 7.1006 15.0202
vt 7.4778 15.0202
vt 7.8549 15.0202
vt 8.2320 15.0202
vt 8.6091 15.0202
vt 8.9863 15.0202
vt 9.3634 15.0202
vt 9.7405 15.0202
vt 10.1176 15.0202
vt 10.4948 15.0202
vt 10.8719 15.0202
vt 11.2490 15.0202
vt 11.6261 15.0202
vt 12.0033 15.0202
vt 12.3804 15.0202
vt 12.7575 15.0202
vt 13.1346 15.0202
vt 13.5117 15.0202
vt 13.8889 15.0202
vt 14.2660 15.0202
vt 14.6431 15.0202
vt 15.0202 15.0202
vt 15.3974 15.0202
vt 15.7745 15.0202
vt 16.1516 15.0202
vt 16.5287 15.0202
vt 16.9059 15.0202
vt 17.2830 15.0202
vt 17.6601 15.0202
vt 18.0372 15.0202
vt 18.4144 15.0202
vt 18.7915 15.0202
vt 19.1686 15.0202
vt 19.5457 15.0202
vt 19.9228 15.0202
vt 20.3000 15.0202
vt 20.6771 15.0202
vt 21.0542 15.0202
vt 21.4313 15.0202
vt 21.8085 15.0202
vt 22.1856 15.0202
vt 22.5627 15.0202
vt 22.9398 15.0202
vt 23.3170 15.0202
vt 23.6941 15.0202
vt 24.0712 15.0202
vt 24.4483 15.0202
vt 24.8255 15.0202
vt 25.2026 15.0202
vt 25.5797 15.0202
vt 25.9568 15.0202
vt 26.3339 15.0202
vt 26.7111 15.0202
vt 27.0882 15.0202
vt 27.4653 15.0202
vt 27.8424 15.0202
vt 28.2196 15.0202
vt 28.5967 15.0202
vt 1.0667 15.3974
vt 1.4438 15.3974
vt 1.8209 15.3974
vt 2.1980 15.3974
vt 2.5752 15.3974
vt 2.9523 15.3974
vt 3.3294 15.3974
vt 3.7065 15.3974
vt 4.0837 15.3974
vt 4.4608 15.3974
vt 4.8379 15.3974
vt 5.2150 15.3974
vt 5.5922 15.3974
vt 5.9693 15.3974
vt 6.3464 15.3974
vt 6.7235 15.3974
vt 7.1006 15.3974
vt 7.4778 15.3974
vt 7.8549 15.3974
vt 8.2320 15.3974
vt 8.6091 15.3974
vt 8.9863 15.3974
vt 9.3634 15.3974
vt 9.7405 15.3974
vt 10.1176 15.3974
vt 10.4948 15.3974
vt 10.8719 15.3974
vt 11.2490 15.3974
vt 11.6261 15.3974
vt 12.0033 15.3974
vt 12.3804 15.3974
vt 12.7575 15.3974
vt 13.1346 15.3974
vt 13.5117 15.3974
vt 13.8889 15.3974
vt 14.2660 15.3974
vt 14.6431 15.3974
vt 15.0202 15.3974
vt 15.3974 15.3974
vt 15.7745 15.3974
vt 16.1516 15.3974
vt 16.5287 15.3974
vt 16.9059 15.3974
vt 17.2830 15.3974
vt 17.6601 15.3974
vt 18.0372 15.3974
vt 18.4144 15.3974
vt 18.7915 15.3974
vt 19.1686 15.3974
vt 19.5457 15.3974
vt 19.9228 15.3974
vt 20.3000 15.3974
vt 20.6771 15.3974
vt 21.0542 15.3974
vt 21.4313 15.3974
vt 21.8085 15.3974
vt 22.1856 15.3974
vt 22.5627 15.3974
vt 22.9398 15.3974
vt 23.3170 15.3974
vt 23.6941 15.3974
vt 24.0712 15.3974
vt 24.4483 15.3974
vt 24.8255 15.3974
vt 25.2026 15.3974
vt 25.5797 15.3974
vt 25.9568 15.3974
vt 26.3339 15.3974
vt 26.7111 15.3974
vt 27.0882 15.3974
vt 27.4653 15.3974
vt 27.8424 15.3974
vt 28.2196 15.3974
vt 28.5967 15.3974
vt 1.0667 15.7745
vt 1.4438 15.7745
vt 1.8209 15.7745
vt 2.1980 15.7745
vt 2.5752 15.7745
vt 2.9523 15.7745
vt 3.3294 15.7745
vt 3.7065 15.7745
vt 4.0837 15.7745
vt 4.4608 15.7745
vt 4.8379 15.7745
vt 5.2150 15.7745
vt 5.5922 15.7745
vt 5.9693 15.7745
vt 6.3464 15.7745
vt 6.7235 15.7745
vt 7.1006 15.7745
vt 7.4778 15.7745
vt 7.8549 15.7745
vt 8.2320 15.7745
vt 8.6091 15.7745
vt 8.9863 15.7745
vt 9.3634 15.7745
vt 9.7405 15.7745
vt 10.1176 15.7745
vt 10.4948 15.7745
vt 10.8719 15.7745
vt 11.2490 15.7745
vt 11.6261 15.7745
vt 12.0033 15.7745
vt 12.3804 15.7745
vt 12.7575 15.7745
vt 13.1346 15.7745
vt 13.5117 15.7745
vt 13.8889 15.7745
vt 14.2660 15.7745
vt 14.6431 15.7745
vt 15.0202 15.7745
vt 15.3974 15.7745
vt 15.7745 15.7745
vt 16.1516 15.7745
vt 16.5287 15.7745
vt 16.9059 15.7745
vt 17.2830 15.7745
vt 17.6601 15.7745
vt 18.0372 15.7745
vt 18.4144 15.7745
vt 18.7915 15.7745
vt 19.1686 15.7745
vt 19.5457 15.7745
vt 19.9228 15.7745
vt 20.3000 15.7745
vt 20.6771 15.7745
vt 21.0542 15.7745
vt 21.4313 15.7745
vt 21.8085 15.7745
vt 22.1856 15.7745
vt 22.5627 15.7745
vt 22.9398 15.7745
vt 23.3170 15.7745
vt 23.6941 15.7745
vt 24.0712 15.7745
vt 24.4483 15.7745
vt 24.8255 15.7745
vt 25.2026 15.7745
vt 25.5797 15.7745
vt 25.9568 15.7745
vt 26.3339 15.7745
vt 26.7111 15.7745
vt 27.0882 15.7745
vt 27.4653 15.7745
vt 27.8424 15.7745
vt 28.2196 15.7745
vt 28.5967 15.7745
vt 1.0667 16.1516
vt 1.4438 16.1516
vt 1.8209 16.1516
vt 2.1980 16.1516
vt 2.5752 16.1516
vt 2.9523 16.1516
vt 3.3294 16.1516
vt 3.7065 16.1516
vt 4.0837 16.1516
vt 4.4608 16.1516
vt 4.8379 16.1516
vt 5.2150 16.1516
vt 5.5922 16.1516
vt 5.9693 16.1516
vt 6.3464 16.1516
vt 6.7235 16.1516
vt 7.1006 16.1516
vt 7.4778 16.1516
vt 7.8549 16.1516
vt 8.2320 16.1516
vt 8.6091 16.1516
vt 8.9863 16.1516
vt 9.3634 16.1516
vt 9.7405 16.1516
vt 10.1176 16.1516
vt 10.4948 16.1516
vt 10.8719 16.1516
vt 11.2490 16.1516
vt 11.6261 16.1516
vt 12.0033 16.1516
vt 12.3804 16.1516
vt 12.7575 16.1516
vt 13.1346 16.1516
vt 13.5117 16.1516
vt 13.8889 16.1516
vt 14.2660 16.1516
vt 14.6431 16.1516
vt 15.0202 16.1516
vt 15.3974 16.1516
vt 15.7745 16.1516
vt 16.1516 16.1516
vt 16.5287 16.1516
vt 16.9059 16.1516
vt 17.2830 16.1516
vt 17.6601 16.1516
vt 18.0372 16.1516
vt 18.4144 16.1516
vt 18.7915 16.1516
vt 19.1686 16.1516
vt 19.5457 16.1516
vt 19.9228 16.1516
vt 20.3000 16.1516
vt 20.6771 16.1516
vt 21.0542 16.1516
vt 21.4313 16.1516
vt 21.8085 16.1516
vt 22.1856 16.1516
vt 22.5627 16.1516
vt 22.9398 16.1516
vt 23.3170 16.1516
vt 23.6941 16.1516
vt 24.0712 16.1516
vt 24.4483 16.1516
vt 24.8255 16.1516
vt 25.2026 16.1516
vt 25.5797 16.1516
vt 25.9568 16.1516
vt 26.3339 16.1516
vt 26.7111 16.1516
vt 27.0882 16.1516
vt 27.4653 16.1516
vt 27.8424 16.1516
vt 28.2196 16.1516
vt 28.5967 16.1516
vt 1.0667 16.5287
vt 1.4438 16.5287
vt 1.8209 16.5287
vt 2.1980 16.5287
vt 2.5752 16.5287
vt 2.9523 16.5287
vt 3.3294 16.5287
vt 3.7065 16.5287
vt 4.0837 16.5287
vt 4.4608 16.5287
vt 4.8379 16.5287
vt 5.2150 16.5287
vt 5.5922 16.5287
vt 5.9693 16.5287
vt 6.3464 16.5287
vt 6.7235 16.5287
vt 7.1006 16.5287
vt 7.4778 16.5287
vt 7.8549 16.5287
vt 8.2320 16.5287
vt 8.6091 16.5287
vt 8.9863 16.5287
vt 9.3634 16.5287
vt 9.7405 16.5287
vt 10.1176 16.5287
vt 10.4948 16.5287
vt 10.8719 16.5287
vt 11.2490 16.5287
vt 11.6261 16.5287
vt 12.0033 16.5287
vt 12.3804 16.5287
vt 12.7575 16.5287
vt 13.1346 16.5287
vt 13.5117 16.5287
vt 13.8889 16.5287
vt 14.2660 16.5287
vt 14.6431 16.5287
vt 15.0202 16.5287
vt 15.3974 16.5287
vt 15.7745 16.5287
vt 16.1516 16.5287
vt 16.5287 16.5287
vt 16.9059 16.5287
vt 17.2830 16.5287
vt 17.6601 16.5287
vt 18.0372 16.5287
vt 18.4144 16.5287
vt 18.7915 16.5287
vt 19.1686 16.5287
vt 19.5457 16.5287
vt 19.9228 16.5287
vt 20.3000 16.5287
vt 20.6771 16.5287
vt 21.0542 16.5287
vt 21.4313 16.5287
vt 21.8085 16.5287
vt 22.1856 16.5287
vt 22.5627 16.5287
vt 22.9398 16.5287
vt 23.3170 16.5287
vt 23.6941 16.5287
vt 24.0712 16.5287
vt 24.4483 16.5287
vt 24.8255 16.5287
vt 25.2026 16.5287
vt 25.5797 16.5287
vt 25.9568 16.5287
vt 26.3339 16.5287
vt 26.7111 16.5287
vt 27.0882 16.5287
vt 27.4653 16.5287
vt 27.8424 16.5287
vt 28.2196 16.5287
vt 28.5967 16.5287
vt 1.0667 16.9059
vt 1.4438 16.9059
vt 1.8209 16.9059
vt 2.1980 16.9059
vt 2.5752 16.9059
vt 2.9523 16.9059
vt 3.3294 16.9059
vt 3.7065 16.9059
vt 4.0837 16.9059
vt 4.4608 16.9059
vt 4.8379 16.9059
vt 5.2150 16.9059
vt 5.5922 16.9059
vt 5.9693 16.9059
vt 6.3464 16.9059
vt 6.7235 16.9059
vt 7.1006 16.9059
vt 7.4778 16.9059
vt 7.8549 16.9059
vt 8.2320 16.9059
vt 8.6091 16.9059
vt 8.9863 16.9059
vt 9.3634 16.9059
vt 9.7405 16.9059
vt 10.1176 16.9059
vt 10.4948 16.9059
vt 10.8719 16.9059
vt 11.2490 16.9059
vt 11.6261 16.9059
vt 12.0033 16.9059
vt 12.3804 16.9059
vt 12.7575 16.9059
vt 13.1346 16.9059
vt 13.5117 16.9059
vt 13.8889 16.9059
vt 14.2660 16.9059
vt 14.6431 16.9059
vt 15.0202 16.9059
vt 15.3974 16.9059
vt 15.7745 16.9059
vt 16.1516 16.9059
vt 16.5287 16.9059
vt 16.9059 16.9059
vt 17.2830 16.9059
vt 17.6601 16.9059
vt 18.0372 16.9059
vt 18.4144 16.9059
vt 18.7915 16.9059
vt 19.1686 16.9059
vt 19.5457 16.9059
vt 19.9228 16.9059
vt 20.3000 16.9059
vt 20.6771 16.9059
vt 21.0542 16.9059
vt 21.4313 16.9059
vt 21.8085 16.9059
vt 22.1856 16.9059
vt 22.5627 16.9059
vt 22.9398 16.9059
vt 23.3170 16.9059
vt 23.6941 16.9059
vt 24.0712 16.9059
vt 24.4483 16.9059
vt 24.8255 16.9059
vt 25.2026 16.9059
vt 25.5797 16.9059
vt 25.9568 16.9059
vt 26.3339 16.9059
vt 26.7111 16.9059
vt 27.0882 16.9059
vt 27.4653 16.9059
vt 27.8424 16.9059
vt 28.2196 16.9059
vt 28.5967 16.9059
vt 1.0667 17.2830
vt 1.4438 17.2830
vt 1.8209 17.2830
vt 2.1980 17.2830
vt 2.5752 17.2830
vt 2.9523 17.2830
vt 3.3294 17.2830
vt 3.7065 17.2830
vt 4.0837 17.2830
vt 4.4608 17.2830
vt 4.8379 17.2830
vt 5.2150 17.2830
vt 5.5922 17.2830
vt 5.9693 17.2830
vt 6.3464 17.2830
vt 6.7235 17.2830
vt 7.1006 17.2830
vt 7.4778 17.2830
vt 7.8549 17.2830
vt 8.2320 17.2830
vt 8.6091 17.2830
vt 8.9863 17.2830
vt 9.3634 17.2830
vt 9.7405 17.2830
vt 10.1176 17.2830
vt 10.4948 17.2830
vt 10.8719 17.2830
vt 11.2490 17.2830
vt 11.6261 17.2830
vt 12.0033 17.2830
vt 12.3804 17.2830
vt 12.7575 17.2830
vt 13.1346 17.2830
vt 13.5117 17.2830
vt 13.8889 17.2830
vt 14.2660 17.2830
vt 14.6431 17.2830
vt 15.0202 17.2830
vt 15.3974 17.2830
vt 15.7745 17.2830
vt 16.1516 17.2830
vt 16.5287 17.2830
vt 16.9059 17.2830
vt 17.2830 17.2830
vt 17.6601 17.2830
vt 18.0372 17.2830
vt 18.4144 17.2830
vt 18.7915 17.2830
vt 19.1686 17.2830
vt 19.5457 17.2830
vt 19.9228 17.2830
vt 20.3000 17.2830
vt 20.6771 17.2830
vt 21.0542 17.2830
vt 21.4313 17.2830
vt 21.8085 17.2830
vt 22.1856 17.2830
vt 22.5627 17.2830
vt 22.9398 17.2830
vt 23.3170 17.2830
vt 23.6941 17.2830
vt 24.0712 17.2830
vt 24.4483 17.2830
vt 24.8255 17.2830
vt 25.2026 17.2830
vt 25.5797 17.2830
vt 25.9568 17.2830
vt 26.3339 17.2830
vt 26.7111 17.2830
vt 27.0882 17.2830
vt 27.4653 17.2830
vt 27.8424 17.2830
vt 28.2196 17.2830
vt 28.5967 17.2830
vt 1.0667 17.6601
vt 1.4438 17.6601
vt 1.8209 17.6601
vt 2.1980 17.6601
vt 2.5752 17.6601
vt 2.9523 17.6601
vt 3.3294 17.6601
vt 3.7065 17.6601
vt 4.0837 17.6601
vt 4.4608 17.6601
vt 4.8379 17.6601
vt 5.2150 17.6601
vt 5.5922 17.6601
vt 5.9693 17.6601
vt 6.3464 17.6601
vt 6.7235 17.6601
vt 7.1006 17.6601
vt 7.4778 17.6601
vt 7.8549 17.6601
vt 8.2320 17.6601
vt 8.6091 17.6601
vt 8.9863 17.6601
vt 9.3634 17.6601
vt 9.7405 17.6601
vt 10.1176 17.6601
vt 10.4948 17.6601
vt 10.8719 17.6601
vt 11.2490 17.6601
vt 11.6261 17.6601
vt 12.0033 17.6601
vt 12.3804 17.6601
vt 12.7575 17.6601
vt 13.1346 17.6601
vt 13.5117 17.6601
vt 13.8889 17.6601
vt 14.2660 17.6601
vt 14.6431 17.6601
vt 15.0202 17.6601
vt 15.3974 17.6601
vt 15.7745 17.6601
vt 16.1516 17.6601
vt 16.5287 17.6601
vt 16.9059 17.6601
vt 17.2830 17.6601
vt 17.6601 17.6601
vt 18.0372 17.6601
vt 18.4144 17.6601
vt 18.7915 17.6601
vt 19.1686 17.6601
vt 19.5457 17.6601
vt 19.9228 17.6601
vt 20.3000 17.6601
vt 20.6771 17.6601
vt 21.0542 17.6601
vt 21.4313 17.6601
vt 21.8085 17.6601
vt 22.1856 17.6601
vt 22.5627 17.6601
vt 22.9398 17.6601
vt 23.3170 17.6601
vt 23.6941 17.6601
vt 24.0712 17.6601
vt 24.4483 17.6601
vt 24.8255 17.6601
vt 25.2026 17.6601
vt 25.5797 17.6601
vt 25.9568 17.6601
vt 26.3339 17.6601
vt 26.7111 17.6601
vt 27.0882 17.6601
vt 27.4653 17.6601
vt 27.8424 17.6601
vt 28.2196 17.6601
vt 28.5967 17.6601
vt 1.0667 18.0372
vt 1.4438 18.0372
vt 1.8209 18.0372
vt 2.1980 18.0372
vt 2.5752 18.0372
vt 2.9523 18.0372
vt 3.3294 18.0372
vt 3.7065 18.0372
vt 4.0837 18.0372
vt 4.4608 18.0372
vt 4.8379 18.0372
vt 5.2150 18.0372
vt 5.5922 18.0372
vt 5.9693 18.0372
vt 6.3464 18.0372
vt 6.7235 18.0372
vt 7.1006 18.0372
vt 7.4778 18.0372
vt 7.8549 18.0372
vt 8.2320 18.0372
vt 8.6091 18.0372
vt 8.9863 18.0372
vt 9.3634 18.0372
vt 9.7405 18.0372
vt 10.1176 18.0372
vt 10.4948 18.0372
vt 10.8719 18.0372
vt 11.2490 18.0372
vt 11.6261 18.0372
vt 12.0033 18.0372
vt 12.3804 18.0372
vt 12.7575 18.0372
vt 13.1346 18.0372
vt 13.5117 18.0372
vt 13.8889 18.0372
vt 14.2660 18.0372
vt 14.6431 18.0372
vt 15.0202 18.0372
vt 15.3974 18.0372
vt 15.7745 18.0372
vt 16.1516 18.0372
vt 16.5287 18.0372
vt 16.9059 18.0372
vt 17.2830 18.0372
vt 17.6601 18.0372
vt 18.0372 18.0372
vt 18.4144 18.0372
vt 18.7915 18.0372
vt 19.1686 18.0372
vt 19.5457 18.0372
vt 19.9228 18.0372
vt 20.3000 18.0372
vt 20.6771 18.0372
vt 21.0542 18.0372
vt 21.4313 18.0372
vt 21.8085 18.0372
vt 22.1856 18.0372
vt 22.5627 18.0372
vt 22.9398 18.0372
vt 23.3170 18.0372
vt 23.6941 18.0372
vt 24.0712 18.0372
vt 24.4483 18.0372
vt 24.8255 18.0372
vt 25.2026 18.0372
vt 25.5797 18.0372
vt 25.9568 18.0372
vt 26.3339 18.0372
vt 26.7111 18.0372
vt 27.0882 18.0372
vt 27.4653 18.0372
vt 27.8424 18.0372
vt 28.2196 18.0372
vt 28.5967 18.0372
vt 1.0667 18.4144
vt 1.4438 18.4144
vt 1.8209 18.4144
vt 2.1980 18.4144
vt 2.5752 18.4144
vt 2.9523 18.4144
vt 3.3294 18.4144
vt 3.7065 18.4144
vt 4.0837 18.4144
vt 4.4608 18.4144
vt 4.8379 18.4144
vt 5.2150 18.4144
vt 5.5922 18.4144
vt 5.9693 18.4144
vt 6.3464 18.4144
vt 6.7235 18.4144
vt 7.1006 18.4144
vt 7.4778 18.4144
vt 7.8549 18.4144
vt 8.2320 18.4144
vt 8.6091 18.4144
vt 8.9863 18.4144
vt 9.3634 18.4144
vt 9.7405 18.4144
vt 10.1176 18.4144
vt 10.4948 18.4144
vt 10.8719 18.4144
vt 11.2490 18.4144
vt 11.6261 18.4144
vt 12.0033 18.4144
vt 12.3804 18.4144
vt 12.7575 18.4144
vt 13.1346 18.4144
vt 13.5117 18.4144
vt 13.8889 18.4144
vt 14.2660 18.4144
vt 14.6431 18.4144
vt 15.0202 18.4144
vt 15.3974 18.4144
vt 15.7745 18.4144
vt 16.1516 18.4144
vt 16.5287 18.4144
vt 16.9059 18.4144
vt 17.2830 18.4144
vt 17.6601 18.4144
vt 18.0372 18.4144
vt 18.4144 18.4144
vt 18.7915 18.4144
vt 19.1686 18.4144
vt 19.5457 18.4144
vt 19.9228 18.4144
vt 20.3000 18.4144
vt 20.6771 18.4144
vt 21.0542 18.4144
vt 21.4313 18.4144
vt 21.8085 18.4144
vt 22.1856 18.4144
vt 22.5627 18.4144
vt 22.9398 18.4144
vt 23.3170 18.4144
vt 23.6941 18.4144
vt 24.0712 18.4144
vt 24.4483 18.4144
vt 24.8255 18.4144
vt 25.2026 18.4144
vt 25.5797 18.4144
vt 25.9568 18.4144
vt 26.3339 18.4144
vt 26.7111 18.4144
vt 27.0882 18.4144
vt 27.4653 18.4144
vt 27.8424 18.4144
vt 28.2196 18.4144
vt 28.5967 18.4144
vt 1.0667 18.7915
vt 1.4438 18.7915
vt 1.8209 18.7915
vt 2.1980 18.7915
vt 2.5752 18.7915
vt 2.9523 18.7915
vt 3.3294 18.7915
vt 3.7065 18.7915
vt 4.0837 18.7915
vt 4.4608 18.7915
vt 4.8379 18.7915
vt 5.2150 18.7915
vt 5.5922 18.7915
vt 5.9693 18.7915
vt 6.3464 18.7915
vt 6.7235 18.7915
vt 7.1006 18.7915
vt 7.4778 18.7915
vt 7.8549 18.7915
vt 8.2320 18.7915
vt 8.6091 18.7915
vt 8.9863 18.7915
vt 9.3634 18.7915
vt 9.7405 18.7915
vt 10.1176 18.7915
vt 10.4948 18.7915
vt 10.8719 18.7915
vt 11.2490 18.7915
vt 11.6261 18.7915
vt 12.0033 18.7915
vt 12.3804 18.7915
vt 12.7575 18.7915
vt 13.1346 18.7915
vt 13.5117 18.7915
vt 13.8889 18.7915
vt 14.2660 18.7915
vt 14.6431 18.7915
vt 15.0202 18.7915
vt 15.3974 18.7915
vt 15.7745 18.7915
vt 16.1516 18.7915
vt 16.5287 18.7915
vt 16.9059 18.7915
vt 17.2830 18.7915
vt 17.6601 18.7915
vt 18.0372 18.7915
vt 18.4144 18.7915
vt 18.7915 18.7915
vt 19.1686 18.7915
vt 19.5457 18.7915
vt 19.9228 18.7915
vt 20.3000 18.7915
vt 20.6771 18.7915
vt 21.0542 18.7915
vt 21.4313 18.7915
vt 21.8085 18.7915
vt 22.1856 18.7915
vt 22.5627 18.7915
vt 22.9398 18.7915
vt 23.3170 18.7915
vt 23.6941 18.7915
vt 24.0712 18.7915
vt 24.4483 18.7915
vt 24.8255 18.7915
vt 25.2026 18.7915
vt 25.5797 18.7915
vt 25.9568 18.7915
vt 26.3339 18.7915
vt 26.7111 18.7915
vt 27.0882 18.7915
vt 27.4653 18.7915
vt 27.8424 18.7915
vt 28.2196 18.7915
vt 28.5967 18.7915
vt 1.0667 19.1686
vt 1.4438 19.1686
vt 1.8209 19.1686
vt 2.1980 19.1686
vt 2.5752 19.1686
vt 2.9523 19.1686
vt 3.3294 19.1686
vt 3.7065 19.1686
vt 4.0837 19.1686
vt 4.4608 19.1686
vt 4.8379 19.1686
vt 5.2150 19.1686
vt 5.5922 19.1686
vt 5.9693 19.1686
vt 6.3464 19.1686
vt 6.7235 19.1686
vt 7.1006 19.1686
vt 7.4778 19.1686
vt 7.8549 19.1686
vt 8.2320 19.1686
vt 8.6091 19.1686
vt 8.9863 19.1686
vt 9.3634 19.1686
vt 9.7405 19.1686
vt 10.1176 19.1686
vt 10.4948 19.1686
vt 10.8719 19.1686
vt 11.2490 19.1686
vt 11.6261 19.1686
vt 12.0033 19.1686
vt 12.3804 19.1686
vt 12.7575 19.1686
vt 13.1346 19.1686
vt 13.5117 19.1686
vt 13.8889 19.1686
vt 14.2660 19.1686
vt 14.6431 19.1686
vt 15.0202 19.1686
vt 15.3974 19.1686
vt 15.7745 19.1686
vt 16.1516 19.1686
vt 16.5287 19.1686
vt 16.9059 19.1686
vt 17.2830 19.1686
vt 17.6601 19.1686
vt 18.0372 19.1686
vt 18.4144 19.1686
vt 18.7915 19.1686
vt 19.1686 19.1686
vt 19.5457 19.1686
vt 19.9228 19.1686
vt 20.3000 19.1686
vt 20.6771 19.1686
vt 21.0542 19.1686
vt 21.4313 19.1686
vt 21.8085 19.1686
vt 22.1856 19.1686
vt 22.5627 19.1686
vt 22.9398 19.1686
vt 23.3170 19.1686
vt 23.6941 19.1686
vt 24.0712 19.1686
vt 24.4483 19.1686
vt 24.8255 19.1686
vt 25.2026 19.1686
vt 25.5797 19.1686
vt 25.9568 19.1686
vt 26.3339 19.1686
vt 26.7111 19.1686
vt 27.0882 19.1686
vt 27.4653 19.1686
vt 27.8424 19.1686
vt 28.2196 19.1686
vt 28.5967 19.1686
vt 1.0667 19.5457
vt 1.4438 19.5457
vt 1.8209 19.5457
vt 2.1980 19.5457
vt 2.5752 19.5457
vt 2.9523 19.5457
vt 3.3294 19.5457
vt 3.7065 19.5457
vt 4.0837 19.5457
vt 4.4608 19.5457
vt 4.8379 19.5457
vt 5.2150 19.5457
vt 5.5922 19.5457
vt 5.9693 19.5457
vt 6.3464 19.5457
vt 6.7235 19.5457
vt 7.1006 19.5457
vt 7.4778 19.5457
vt 7.8549 19.5457
vt 8.2320 19.5457
vt 8.6091 19.5457
vt 8.9863 19.5457
vt 9.3634 19.5457
vt 9.7405 19.5457
vt 10.1176 19.5457
vt 10.4948 19.5457
vt 10.8719 19.5457
vt 11.2490 19.5457
vt 11.6261 19.5457
vt 12.0033 19.5457
vt 12.3804 19.5457
vt 12.7575 19.5457
vt 13.1346 19.5457
vt 13.5117 19.5457
vt 13.8889 19.5457
vt 14.2660 19.5457
vt 14.6431 19.5457
vt 15.0202 19.5457
vt 15.3974 19.5457
vt 15.7745 19.5457
vt 16.1516 19.5457
vt 16.5287 19.5457
vt 16.9059 19.5457
vt 17.2830 19.5457
vt 17.6601 19.5457
vt 18.0372 19.5457
vt 18.4144 19.5457
vt 18.7915 19.5457
vt 19.1686 19.5457
vt 19.5457 19.5457
vt 19.9228 19.5457
vt 20.3000 19.5457
vt 20.6771 19.5457
vt 21.0542 19.5457
vt 21.4313 19.5457
vt 21.8085 19.5457
vt 22.1856 19.5457
vt 22.5627 19.5457
vt 22.9398 19.5457
vt 23.3170 19.5457
vt 23.6941 19.5457
vt 24.0712 19.5457
vt 24.4483 19.5457
vt 24.8255 19.5457
vt 25.2026 19.5457
vt 25.5797 19.5457
vt 25.9568 19.5457
vt 26.3339 19.5457
vt 26.7111 19.5457
vt 27.0882 19.5457
vt 27.4653 19.5457
vt 27.8424 19.5457
vt 28.2196 19.5457
vt 28.5967 19.5457
vt 1.0667 19.9228
vt 1.4438 19.9228
vt 1.8209 19.9228
vt 2.1980 19.9228
vt 2.5752 19.9228
vt 2.9523 19.9228
vt 3.3294 19.9228
vt 3.7065 19.9228
vt 4.0837 19.9228
vt 4.4608 19.9228
vt 4.8379 19.9228
vt 5.2150 19.9228
vt 5.5922 19.9228
vt 5.9693 19.9228
vt 6.3464 19.9228
vt 6.7235 19.9228
vt 7.1006 19.9228
vt 7.4778 19.9228
vt 7.8549 19.9228
vt 8.2320 19.9228
vt 8.6091 19.9228
vt 8.9863 19.9228
vt 9.3634 19.9228
vt 9.7405 19.9228
vt 10.1176 19.9228
vt 10.4948 19.9228
vt 10.8719 19.9228
vt 11.2490 19.9228
vt 11.6261 19.9228
vt 12.0033 19.9228
vt 12.3804 19.9228
vt 12.7575 19.9228
vt 13.1346 19.9228
vt 13.5117 19.9228
vt 13.8889 19.9228
vt 14.2660 19.9228
vt 14.6431 19.9228
vt 15.0202 19.9228
vt 15.3974 19.9228
vt 15.7745 19.9228
vt 16.1516 19.9228
vt 16.5287 19.9228
vt 16.9059 19.9228
vt 17.2830 19.9228
vt 17.6601 19.9228
vt 18.0372 19.9228
vt 18.4144 19.9228
vt 18.7915 19.9228
vt 19.1686 19.9228
vt 19.5457 19.9228
vt 19.9228 19.9228
vt 20.3000 19.9228
vt 20.6771 19.9228
vt 21.0542 19.9228
vt 21.4313 19.9228
vt 21.8085 19.9228
vt 22.1856 19.9228
vt 22.5627 19.9228
vt 22.9398 19.9228
vt 23.3170 19.9228
vt 23.6941 19.9228
vt 24.0712 19.9228
vt 24.4483 19.9228
vt 24.8255 19.9228
vt 25.2026 19.9228
vt 25.5797 19.9228
vt 25.9568 19.9228
vt 26.3339 19.9228
vt 26.7111 19.9228
vt 27.0882 19.9228
vt 27.4653 19.9228
vt 27.8424 19.9228
vt 28.2196 19.9228
vt 28.5967 19.9228
vt 1.0667 20.3000
vt 1.4438 20.3000
vt 1.8209 20.3000
vt 2.1980 20.3000
vt 2.5752 20.3000
vt 2.9523 20.3000
vt 3.3294 20.3000
vt 3.7065 20.3000
vt 4.0837 20.3000
vt 4.4608 20.3000
vt 4.8379 20.3000
vt 5.2150 20.3000
vt 5.5922 20.3000
vt 5.9693 20.3000
vt 6.3464 20.3000
vt 6.7235 20.3000
vt 7.1006 20.3000
vt 7.4778 20.3000
vt 7.8549 20.3000
vt 8.2320 20.3000
vt 8.6091 20.3000
vt 8.9863 20.3000
vt 9.3634 20.3000
vt 9.7405 20.3000
vt 10.1176 20.3000
vt 10.4948 20.3000
vt 10.8719 20.3000
vt 11.2490 20.3000
vt 11.6261 20.3000
vt 12.0033 20.3000
vt 12.3804 20.3000
vt 12.7575 20.3000
vt 13.1346 20.3000
vt 13.5117 20.3000
vt 13.8889 20.3000
vt 14.2660 20.3000
vt 14.6431 20.3000
vt 15.0202 20.3000
vt 15.3974 20.3000
vt 15.7745 20.3000
vt 16.1516 20.3000
vt 16.5287 20.3000
vt 16.9059 20.3000
vt 17.2830 20.3000
vt 17.6601 20.3000
vt 18.0372 20.3000
vt 18.4144 20.3000
vt 18.7915 20.3000
vt 19.1686 20.3000
vt 19.5457 20.3000
vt 19.9228 20.3000
vt 20.3000 20.3000
vt 20.6771 20.3000
vt 21.0542 20.3000
vt 21.4313 20.3000
vt 21.8085 20.3000
vt 22.1856 20.3000
vt 22.5627 20.3000
vt 22.9398 20.3000
vt 23.3170 20.3000
vt 23.6941 20.3000
vt 24.0712 20.3000
vt 24.4483 20.3000
vt 24.8255 20.3000
vt 25.2026 20.3000
vt 25.5797 20.3000
vt 25.9568 20.3000
vt 26.3339 20.3000
vt 26.7111 20.3000
vt 27.0882 20.3000
vt 27.4653 20.3000
vt 27.8424 20.3000
vt 28.2196 20.3000
vt 28.5967 20.3000
vt 1.0667 20.6771
vt 1.4438 20.6771
vt 1.8209 20.6771
vt 2.1980 20.6771
vt 2.5752 20.6771
vt 2.9523 20.6771
vt 3.3294 20.6771
vt 3.7065 20.6771
vt 4.0837 20.6771
vt 4.4608 20.6771
vt 4.8379 20.6771
vt 5.2150 20.6771
vt 5.5922 20.6771
vt 5.9693 20.6771
vt 6.3464 20.6771
vt 6.7235 20.6771
vt 7.1006 20.6771
vt 7.4778 20.6771
vt 7.8549 20.6771
vt 8.2320 20.6771
vt 8.6091 20.6771
vt 8.9863 20.6771
vt 9.3634 20.6771
vt 9.7405 20.6771
vt 10.1176 20.6771
vt 10.4948 20.6771
vt 10.8719 20.6771
vt 11.2490 20.6771
vt 11.6261 20.6771
vt 12.0033 20.6771
vt 12.3804 20.6771
vt 12.7575 20.6771
vt 13.1346 20.6771
vt 13.5117 20.6771
vt 13.8889 20.6771
vt 14.2660 20.6771
vt 14.6431 20.6771
vt 15.0202 20.6771
vt 15.3974 20.6771
vt 15.7745 20.6771
vt 16.1516 20.6771
vt 16.5287 20.6771
vt 16.9059 20.6771
vt 17.2830 20.6771
vt 17.6601 20.6771
vt 18.0372 20.6771
vt 18.4144 20.6771
vt 18.7915 20.6771
vt 19.1686 20.6771
vt 19.5457 20.6771
vt 19.9228 20.6771
vt 20.3000 20.6771
vt 20.6771 20.6771
vt 21.0542 20.6771
vt 21.4313 20.6771
vt 21.8085 20.6771
vt 22.1856 20.6771
vt 22.5627 20.6771
vt 22.9398 20.6771
vt 23.3170 20.6771
vt 23.6941 20.6771
vt 24.0712 20.6771
vt 24.4483 20.6771
vt 24.8255 20.6771
vt 25.2026 20.6771
vt 25.5797 20.6771
vt 25.9568 20.6771
vt 26.3339 20.6771
vt 26.7111 20.6771
vt 27.0882 20.6771
vt 27.4653 20.6771
vt 27.8424 20.6771
vt 28.2196 20.6771
vt 28.5967 20.6771
vt 1.0667 21.0542
vt 1.4438 21.0542
vt 1.8209 21.0542
vt 2.1980 21.0542
vt 2.5752 21.0542
vt 2.9523 21.0542
vt 3.3294 21.0542
vt 3.7065 21.0542
vt 4.0837 21.0542
vt 4.4608 21.0542
vt 4.8379 21.0542
vt 5.2150 21.0542
vt 5.5922 21.0542
vt 5.9693 21.0542
vt 6.3464 21.0542
vt 6.7235 21.0542
vt 7.1006 21.0542
vt 7.4778 21.0542
vt 7.8549 21.0542
vt 8.2320 21.0542
vt 8.6091 21.0542
vt 8.9863 21.0542
vt 9.3634 21.0542
vt 9.7405 21.0542
vt 10.1176 21.0542
vt 10.4948 21.0542
vt 10.8719 21.0542
vt 11.2490 21.0542
vt 11.6261 21.0542
vt 12.0033 21.0542
vt 12.3804 21.0542
vt 12.7575 21.0542
vt 13.1346 21.0542
vt 13.5117 21.0542
vt 13.8889 21.0542
vt 14.2660 21.0542
vt 14.6431 21.0542
vt 15.0202 21.0542
vt 15.3974 21.0542
vt 15.7745 21.0542
vt 16.1516 21.0542
vt 16.5287 21.0542
vt 16.9059 21.0542
vt 17.2830 21.0542
vt 17.6601 21.0542
vt 18.0372 21.0542
vt 18.4144 21.0542
vt 18.7915 21.0542
vt 19.1686 21.0542
vt 19.5457 21.0542
vt 19.9228 21.0542
vt 20.3000 21.0542
vt 20.6771 21.0542
vt 21.0542 21.0542
vt 21.4313 21.0542
vt 21.8085 21.0542
vt 22.1856 21.0542
vt 22.5627 21.0542
vt 22.9398 21.0542
vt 23.3170 21.0542
vt 23.6941 21.0542
vt 24.0712 21.0542
vt 24.4483 21.0542
vt 24.8255 21.0542
vt 25.2026 21.0542
vt 25.5797 21.0542
vt 25.9568 21.0542
vt 26.3339 21.0542
vt 26.7111 21.0542
vt 27.0882 21.0542
vt 27.4653 21.0542
vt 27.8424 21.0542
vt 28.2196 21.0542
vt 28.5967 21.0542
vn -0.0704 0.9826 -0.1716
vn -0.1202 0.9810 -0.1524
vn -0.2065 0.9784 0.0038
vn 0.0051 0.9694 0.2456
vn 0.0896 0.9954 0.0348
vn -0.0881 0.9878 0.1285
vn -0.0952 0.9709 0.2195
vn -0.0463 0.9698 0.2395
vn 0.0781 0.9743 0.2113
vn 0.2540 0.9672 0.0014
vn 0.1254 0.8978 -0.4222
vn -0.0364 0.9455 -0.3235
vn -0.0055 0.9640 -0.2660
vn -0.2102 0.9634 -0.1664
vn -0.0711 0.9577 0.2789
vn 0.1785 0.9742 -0.1378
vn -0.0248 0.9721 -0.2332
vn -0.0156 0.9800 0.1984
vn -0.0107 0.9869 0.1611
vn -0.1855 0.9750 0.1224
vn -0.0555 0.9942 0.0919
vn 0.0269 0.9700 0.2414
vn -0.0495 0.9499 0.3086
vn 0.0449 0.9428 0.3303
vn 0.2146 0.9476 0.2364
vn 0.1231 0.9751 -0.1845
vn -0.2070 0.9688 -0.1365
vn 0.0060 0.9722 0.2340
vn 0.1356 0.9884 0.0682
vn -0.0964 0.9953 -0.0125
vn 0.0558 0.9965 -0.0626
vn 0.0651 0.9979 0.0003
vn -0.0511 0.9970 0.0584
vn 0.0198 0.9998 0.0094
vn -0.0556 0.9786 -0.1982
vn -0.1254 0.9888 -0.0815
vn -0.0724 0.9974 -0.0054
vn -0.0327 0.9975 0.0627
vn 0.1255 0.9917 0.0281
vn 0.1638 0.9813 -0.1010
vn -0.1230 0.9881 -0.0918
vn -0.1193 0.9563 0.2670
vn 0.0127 0.9948 0.1014
vn -0.0859 0.9957 0.0336
vn 0.1172 0.9931 -0.0097
vn 0.1753 0.9520 -0.2510
vn -0.0101 0.9858 -0.1677
vn -0.0619 0.9968 -0.0505
vn -0.0921 0.9936 0.0649
vn -0.0323 0.9788 0.2024
vn 0.0937 0.9866 0.1337
vn 0.0781 0.9818 -0.1729
vn 0.0652 0.9897 -0.1278
vn 0.1390 0.9635 -0.2287
vn 0.0722 0.9327 -0.3533
vn -0.1752 0.8936 -0.4132
vn -0.2388 0.9587 -0.1548
vn 0.1379 0.9869 -0.0835
vn 0.0518 0.9271 -0.3712
vn -0.1207 0.9829 0.1389
vn 0.0737 0.9710 0.2275
vn -0.1219 0.9767 0.1767
vn -0.0202 0.9745 0.2235
vn 0.2488 0.9543 -0.1656
vn -0.1076 0.9308 -0.3494
vn -0.0874 0.9842 0.1540
vn 0.1305 0.9738 -0.1862
vn -0.0498 0.9873 -0.1510
vn -0.0366 0.9835 0.1770
vn 0.1051 0.9816 -0.1592
vn 0.1389 0.9768 -0.1628
vn -0.0846 0.9883 -0.1266
vn -0.0647 0.9874 -0.1445
vn 0.1555 0.9598 -0.2338
vn -0.0517 0.9880 -0.1458
vn -0.0332 0.9976 -0.0610
vn -0.0067 0.9990 0.0433
vn 0.0205 0.9850 0.1712
vn 0.0284 0.9995 0.0135
vn 0.0063 0.9986 0.0532
vn -0.0393 0.9936 0.1062
vn -0.0516 0.9855 0.1613
vn -0.0419 0.9825 0.1814
vn -0.0805 0.9947 0.0645
vn -0.0313 0.9742 -0.2234
vn 0.0582 0.9915 -0.1167
vn 0.0780 0.9872 -0.1389
vn 0.0645 0.9870 -0.1474
vn -0.0578 0.9858 0.1579
vn -0.0820 0.9961 -0.0340
vn 0.1443 0.9850 -0.0944
vn 0.1823 0.9820 0.0502
vn -0.0491 0.9961 0.0728
vn -0.2189 0.9701 0.1044
vn 0.0057 0.9892 0.1465
vn 0.1419 0.9857 0.0909
vn -0.0013 0.9902 0.1399
vn 0.0097 0.9858 0.1676
vn -0.0429 0.9911 0.1260
vn -0.0683 0.9917 -0.1090
vn 0.0013 0.9977 -0.0680
vn 0.1090 0.9803 0.1648
vn 0.0106 0.9997 0.0216
vn -0.1606 0.9870 0.0102
vn 0.0622 0.9979 0.0173
vn 0.1249 0.9919 0.0233
vn -0.0466 0.9989 0.0039
vn -0.1101 0.9936 -0.0242
vn -0.1019 0.9917 -0.0782
vn -0.0281 0.9973 -0.0683
vn -0.0000 0.9999 0.0163
vn -0.0158 0.9926 0.1205
vn 0.0435 0.9955 0.0840
vn 0.1055 0.9928 -0.0558
vn 0.0661 0.9939 -0.0879
vn -0.0271 0.9907 0.1334
vn -0.1091 0.9923 0.0591
vn -0.1405 0.9884 0.0583
vn -0.0305 0.9956 0.0890
vn 0.1033 0.9933 -0.0521
vn 0.0957 0.9944 -0.0446
vn 0.0555 0.9982 -0.0232
vn 0.0360 0.9993 -0.0023
vn 0.0021 0.9956 0.0935
vn -0.0957 0.9924 0.0776
vn -0.0526 0.9971 -0.0542
vn 0.0351 0.9955 -0.0876
vn 0.0193 0.9886 -0.1493
vn -0.0343 0.9771 -0.2098
vn -0.0856 0.9791 -0.1847
vn -0.0600 0.9964 -0.0606
vn 0.0202 0.9988 -0.0452
vn 0.1622 0.9607 -0.2251
vn 0.1905 0.9792 0.0700
vn 0.0944 0.9869 0.1309
vn -0.1255 0.9853 0.1160
vn -0.1913 0.9664 0.1719
vn -0.0415 0.9982 -0.0442
vn 0.0487 0.9855 -0.1628
vn 0.0033 0.9961 0.0882
vn -0.0207 0.9974 -0.0695
vn 0.1336 0.9893 -0.0594
vn -0.0417 0.9963 0.0757
vn -0.0660 0.9973 -0.0319
vn 0.1570 0.9861 -0.0537
vn -0.0752 0.9956 -0.0559
vn -0.1223 0.9925 -0.0023
vn 0.0644 0.9941 -0.0868
vn 0.1000 0.9879 -0.1188
vn 0.0680 0.9951 0.0713
vn 0.0237 0.9942 0.1050
vn -0.0245 0.9970 0.0736
vn -0.0304 0.9993 -0.0212
vn 0.0042 0.9982 -0.0601
vn 0.0123 0.9979 -0.0640
vn 0.0299 0.9981 0.0537
vn -0.0185 0.9890 0.1470
vn -0.1478 0.9762 0.1587
vn -0.0426 0.9926 0.1140
vn 0.0490 0.9770 0.2077
vn -0.0373 0.9978 0.0551
vn 0.0818 0.9894 -0.1200
vn 0.0409 0.9989 -0.0217
vn -0.0720 0.9893 0.1266
vn 0.0592 0.9915 0.1159
vn 0.1492 0.9749 -0.1656
vn 0.0455 0.9969 -0.0639
vn -0.1140 0.9897 0.0866
vn -0.0689 0.9673 0.2442
vn 0.0207 0.9898 -0.1410
vn 0.0255 0.9917 -0.1257
vn 0.0333 0.9957 -0.0865
vn -0.0533 0.9977 -0.0421
vn -0.0688 0.9976 0.0063
vn 0.0642 0.9972 0.0377
vn 0.0954 0.9932 0.0674
vn -0.0206 0.9991 -0.0371
vn -0.1004 0.9932 0.0588
vn 0.0681 0.9862 0.1506
vn 0.0516 0.9968 0.0605
vn -0.0983 0.9924 -0.0741
vn -0.0627 0.9957 -0.0689
vn -0.0998 0.9882 0.1164
vn -0.0317 0.9988 -0.0371
vn 0.1162 0.9911 0.0655
vn 0.0344 0.9730 0.2281
vn -0.0502 0.9833 0.1748
vn -0.0059 0.9999 0.0090
vn 0.0659 0.9938 -0.0893
vn 0.0232 0.9973 -0.0695
vn -0.0628 0.9980 0.0054
vn -0.0560 0.9930 0.1041
vn 0.0064 0.9712 0.2381
vn 0.0482 0.9660 0.2541
vn 0.0188 0.9901 0.1391
vn -0.0195 0.9997 0.0159
vn 0.0243 0.9947 -0.0998
vn 0.0474 0.9965 -0.0684
vn -0.0532 0.9986 -0.0017
vn -0.0856 0.9875 0.1325
vn -0.0307 0.9992 -0.0239
vn 0.0176 0.9995 -0.0263
vn 0.0397 0.9990 0.0190
vn -0.0413 0.9779 0.2048
vn -0.1047 0.9903 0.0911
vn -0.0337 0.9993 0.0184
vn 0.1702 0.9854 0.0012
vn 0.2371 0.9712 -0.0245
vn 0.1212 0.9926 -0.0077
vn -0.0793 0.9963 0.0337
vn -0.1787 0.9773 0.1142
vn -0.0811 0.9850 0.1524
vn 0.0171 0.9890 0.1472
vn 0.0067 1.0000 -0.0031
vn -0.0145 0.9933 0.1146
vn 0.0944 0.9921 0.0822
vn -0.0092 0.9976 -0.0693
vn -0.0231 0.9857 0.1670
vn 0.1165 0.9877 0.1046
vn -0.0334 0.9987 0.0380
vn -0.0939 0.9723 0.2140
vn -0.0079 0.9898 0.1420
vn 0.3147 0.9492 0.0035
vn 0.1882 0.9776 -0.0940
vn -0.0045 0.9992 -0.0387
vn -0.1049 0.9901 0.0932
vn -0.1048 0.9917 -0.0750
vn -0.0366 0.9980 -0.0519
vn 0.0742 0.9971 -0.0150
vn 0.1584 0.9872 0.0175
vn 0.0656 0.9920 -0.1080
vn -0.1134 0.9883 -0.1025
vn 0.0179 0.9997 0.0187
vn -0.0010 0.9995 0.0314
vn -0.2459 0.9647 0.0945
vn -0.0114 0.9881 0.1531
vn 0.1872 0.9818 0.0309
vn 0.0561 0.9965 0.0616
vn -0.1492 0.9857 0.0786
vn 0.0047 0.9968 0.0793
vn 0.2009 0.9659 -0.1633
vn 0.0903 0.9934 -0.0709
vn -0.2167 0.9670 0.1338
vn -0.2270 0.9649 -0.1318
vn 0.0541 0.9961 -0.0695
vn 0.0940 0.9955 0.0089
vn 0.0494 0.9921 0.1152
vn 0.0104 0.9404 0.3399
vn 0.0535 0.8510 0.5225
vn 0.0275 0.7592 0.6503
vn 0.0013 0.6726 0.7400
vn 0.0178 0.6558 0.7548
vn 0.0417 0.6530 0.7562
vn -0.0737 0.7255 0.6843
vn -0.1225 0.6941 0.7094
vn 0.0549 0.6710 0.7395
vn -0.0448 0.6329 0.7729
vn -0.0498 0.6227 0.7808
vn 0.1699 0.6254 0.7616
vn 0.0626 0.6536 0.7543
vn -0.1264 0.6954 0.7074
vn -0.1125 0.6971 0.7081
vn -0.0085 0.7030 0.7111
vn 0.0479 0.7063 0.7063
vn 0.0452 0.6999 0.7128
vn 0.0706 0.7228 0.6875
vn 0.0979 0.7672 0.6339
vn -0.0005 0.7604 0.6495
vn -0.1167 0.7729 0.6237
vn -0.1451 0.7830 0.6049
vn -0.0385 0.7955 0.6047
vn 0.0979 0.9707 0.2196
vn 0.1056 0.9939 0.0306
vn -0.0622 0.8301 0.5541
vn -0.0951 0.7598 0.6431
vn 0.0485 0.7779 0.6266
vn 0.1588 0.7916 0.5901
vn -0.0121 0.8366 0.5476
vn -0.1957 0.7791 0.5955
vn -0.0546 0.7747 0.6299
vn 0.0989 0.7901 0.6049
vn 0.1522 0.8206 0.5509
vn 0.1292 0.8346 0.5355
vn -0.0023 0.8460 0.5332
vn -0.0651 0.8447 0.5313
vn -0.0075 0.7860 0.6182
vn -0.0815 0.7520 0.6541
vn -0.0249 0.8233 0.5670
vn 0.0511 0.7839 0.6188
vn -0.0390 0.7833 0.6204
vn 0.0363 0.8095 0.5860
vn 0.1084 0.9927 0.0529
vn 0.0276 0.9944 -0.1022
vn 0.0378 0.9771 -0.2092
vn -0.0178 0.9952 0.0960
vn -0.0880 0.9950 0.0474
vn -0.0977 0.9923 0.0756
vn 0.0256 0.9868 -0.1602
vn 0.2071 0.9674 -0.1457
vn -0.0614 0.9977 -0.0281
vn -0.1734 0.9818 -0.0774
vn 0.0647 0.9979 0.0048
vn 0.0816 0.9956 0.0468
vn -0.0632 0.9910 -0.1182
vn -0.1353 0.9655 -0.2224
vn -0.0234 0.9789 -0.2028
vn 0.0916 0.9940 -0.0599
vn 0.1262 0.9753 -0.1813
vn 0.0859 0.9957 -0.0335
vn 0.0161 0.9903 0.1380
vn -0.0521 0.9985 0.0185
vn -0.0245 0.9971 -0.0714
vn 0.0772 0.9964 -0.0347
vn -0.0929 0.9697 0.2259
vn -0.1038 0.9870 -0.1227
vn 0.1863 0.9692 -0.1611
vn -0.1347 0.9861 -0.0971
vn -0.1820 0.9723 0.1468
vn 0.1604 0.9368 0.3108
vn 0.1788 0.8150 0.5511
vn 0.1906 0.6370 0.7469
vn 0.2221 0.5181 0.8260
vn 0.2412 0.4311 0.8695
vn 0.2238 0.3843 0.8957
vn 0.1033 0.3772 0.9204
vn -0.0165 0.3804 0.9247
vn -0.0530 0.3823 0.9225
vn -0.0327 0.3890 0.9206
vn 0.0221 0.3694 0.9290
vn 0.0497 0.3655 0.9295
vn 0.0193 0.3801 0.9247
vn -0.0125 0.3573 0.9339
vn 0.0065 0.3698 0.9291
vn -0.0647 0.3919 0.9177
vn -0.0727 0.3838 0.9206
vn -0.0044 0.3730 0.9278
vn 0.0186 0.3685 0.9295
vn 0.0113 0.3765 0.9264
vn -0.0427 0.3824 0.9230
vn -0.0967 0.3892 0.9161
vn -0.0364 0.4025 0.9147
vn 0.0127 0.4168 0.9089
vn -0.0257 0.4096 0.9119
vn -0.0266 0.4010 0.9157
vn -0.2073 0.3972 0.8940
vn -0.3526 0.5172 0.7799
vn 0.3083 0.7946 0.5230
vn 0.3903 0.5354 0.7491
vn 0.0469 0.4369 0.8983
vn -0.0366 0.4389 0.8978
vn -0.0498 0.4478 0.8928
vn -0.0111 0.4765 0.8791
vn 0.0235 0.4456 0.8949
vn -0.0140 0.4305 0.9025
vn 0.0134 0.4335 0.9011
vn 0.0543 0.4518 0.8905
vn 0.0378 0.4667 0.8836
vn -0.0444 0.4818 0.8751
vn -0.0124 0.4665 0.8844
vn 0.0738 0.4658 0.8818
vn -0.0375 0.4644 0.8848
vn -0.0329 0.4467 0.8941
vn 0.0407 0.4586 0.8877
vn 0.0137 0.4588 0.8884
vn -0.5076 0.6788 0.5307
vn -0.6477 0.7619 -0.0001
vn -0.1472 0.9848 -0.0920
vn 0.1611 0.9721 -0.1702
vn 0.1618 0.9797 -0.1182
vn -0.1047 0.9915 -0.0778
vn -0.1439 0.9888 0.0385
vn -0.0342 0.9994 0.0015
vn 0.1281 0.9888 -0.0768
vn -0.0337 0.9826 -0.1829
vn -0.0724 0.9974 -0.0022
vn 0.0888 0.9959 0.0187
vn -0.0497 0.9987 -0.0107
vn -0.1139 0.9741 -0.1951
vn -0.0217 0.9971 -0.0734
vn 0.0552 0.9985 0.0069
vn 0.0391 0.9961 0.0794
vn 0.0256 0.9966 -0.0786
vn 0.0697 0.9907 -0.1170
vn 0.0403 0.9909 -0.1283
vn -0.0203 0.9971 -0.0737
vn 0.0029 0.9986 -0.0524
vn 0.1515 0.9882 -0.0232
vn -0.0844 0.9957 0.0379
vn -0.1878 0.9822 -0.0051
vn 0.1157 0.9906 -0.0734
vn 0.0866 0.9299 0.3576
vn 0.1125 0.5772 0.8088
vn 0.2756 0.4756 0.8353
vn 0.3737 0.3996 0.8371
vn 0.3607 0.3726 0.8550
vn 0.3237 0.3785 0.8672
vn 0.3314 0.4145 0.8476
vn 0.2229 0.4851 0.8456
vn 0.0571 0.5635 0.8242
vn -0.0000 0.5627 0.8267
vn -0.0000 0.5532 0.8331
vn -0.0000 0.5282 0.8491
vn -0.0000 0.5324 0.8465
vn -0.0000 0.5426 0.8400
vn -0.0000 0.5667 0.8240
vn -0.0000 0.5554 0.8316
vn -0.0003 0.5575 0.8302
vn -0.0101 0.5599 0.8285
vn -0.0186 0.5172 0.8556
vn -0.0193 0.5138 0.8577
vn -0.0202 0.5145 0.8572
vn -0.0214 0.5255 0.8505
vn -0.0221 0.5214 0.8530
vn -0.0219 0.5002 0.8656
vn -0.0212 0.4686 0.8831
vn -0.0225 0.4813 0.8763
vn -0.0228 0.4746 0.8799
vn -0.0754 0.4676 0.8807
vn -0.3557 0.4317 0.8289
vn -0.5118 0.3432 0.7876
vn -0.0012 0.4728 0.8812
vn 0.6245 0.4720 0.6222
vn 0.2387 0.4579 0.8563
vn -0.0000 0.4639 0.8859
vn -0.0000 0.4552 0.8904
vn -0.0000 0.4435 0.8963
vn -0.0000 0.4509 0.8926
vn -0.0000 0.4530 0.8915
vn -0.0000 0.4450 0.8955
vn -0.0000 0.4587 0.8886
vn -0.0000 0.4673 0.8841
vn -0.0000 0.4743 0.8804
vn -0.0000 0.4500 0.8930
vn -0.0000 0.4691 0.8832
vn -0.0000 0.4804 0.8771
vn -0.0000 0.4538 0.8911
vn -0.0000 0.4658 0.8849
vn -0.6081 0.5052 0.6124
vn -0.8836 0.4670 -0.0347
vn -0.6053 0.7902 0.0961
vn -0.1436 0.9751 0.1692
vn 0.0113 0.9884 0.1517
vn 0.0780 0.9899 -0.1186
vn -0.0041 0.9996 -0.0274
vn -0.1690 0.9751 0.1433
vn -0.0901 0.9932 0.0737
vn 0.0264 0.9994 -0.0229
vn 0.0138 0.9903 -0.1379
vn 0.0278 0.9816 0.1889
vn 0.0562 0.9980 0.0292
vn -0.1351 0.9860 -0.0980
vn -0.1255 0.9906 0.0540
vn 0.0670 0.9977 -0.0125
vn 0.1283 0.9915 0.0210
vn 0.0064 0.9878 0.1555
vn -0.0680 0.9948 0.0753
vn 0.0355 0.9977 0.0576
vn 0.0602 0.9967 0.0547
vn 0.0247 0.9958 0.0886
vn 0.0257 0.9935 0.1112
vn 0.1651 0.9828 0.0825
vn -0.0772 0.9960 -0.0448
vn -0.2123 0.9764 0.0395
vn 0.4615 0.7930 0.3977
vn 0.5735 0.4284 0.6982
vn 0.4093 0.3455 0.8444
vn 0.3161 0.3653 0.8756
vn 0.3191 0.4212 0.8490
vn 0.2694 0.5437 0.7949
vn 0.1229 0.6851 0.7180
vn 0.0095 0.8550 0.5186
vn -0.0000 0.9705 0.2411
vn -0.0000 0.9894 0.1455
vn -0.0000 0.9894 0.1455
vn -0.0000 0.9894 0.1455
vn -0.0000 0.9894 0.1455
vn -0.0000 0.9894 0.1455
vn -0.0000 0.9894 0.1455
vn -0.0000 0.9894 0.1455
vn -0.0000 0.9894 0.1455
vn -0.0000 0.9894 0.1455
vn -0.0000 0.9893 0.1461
vn -0.0000 0.9866 0.1630
vn -0.0000 0.9836 0.1805
vn -0.0000 0.9801 0.1987
vn -0.0000 0.9761 0.2174
vn -0.0000 0.9716 0.2366
vn -0.0000 0.9666 0.2562
vn -0.0000 0.9611 0.2762
vn -0.0000 0.9551 0.2964
vn -0.0000 0.9485 0.3169
vn -0.0000 0.9413 0.3374
vn -0.0983 0.8918 0.4416
vn -0.4303 0.5829 0.6893
vn -0.2559 0.4346 0.8635
vn 0.4915 0.6684 0.5583
vn 0.5032 0.7200 0.4779
vn 0.0024 0.8331 0.5531
vn -0.0000 0.8331 0.5531
vn -0.0000 0.8331 0.5531
vn -0.0000 0.8331 0.5531
vn -0.0000 0.8331 0.5531
vn -0.0000 0.8331 0.5531
vn -0.0000 0.8331 0.5531
vn -0.0000 0.8331 0.5531
vn -0.0000 0.8331 0.5531
vn -0.0000 0.8331 0.5531
vn -0.0000 0.8331 0.5531
vn -0.0000 0.8331 0.5531
vn -0.0000 0.8331 0.5531
vn -0.4834 0.7297 0.4836
vn -0.8892 0.4574 -0.0139
vn -0.8745 0.4757 -0.0948
vn -0.5159 0.8564 0.0192
vn -0.1160 0.9871 0.1106
vn -0.1251 0.9816 0.1444
vn -0.0157 0.9983 -0.0559
vn 0.0789 0.9968 -0.0139
vn -0.2774 0.9529 0.1223
vn -0.2000 0.9797 0.0134
vn -0.0836 0.9965 -0.0079
vn 0.1783 0.9839 0.0099
vn 0.0951 0.9911 0.0936
vn -0.1983 0.9787 0.0533
vn -0.0246 0.9995 0.0182
vn -0.0300 0.9991 0.0302
vn -0.0549 0.9968 0.0589
vn 0.2196 0.9751 0.0324
vn 0.0933 0.9944 -0.0497
vn -0.0736 0.9956 0.0582
vn 0.0494 0.9973 0.0542
vn 0.0717 0.9970 0.0282
vn 0.0366 0.9993 -0.0107
vn -0.0022 0.9998 -0.0216
vn -0.0036 0.9980 -0.0623
vn -0.1253 0.9765 -0.1756
vn 0.3205 0.9022 0.2886
vn 0.6944 0.4070 0.5934
vn 0.6818 0.3350 0.6503
vn 0.4930 0.5125 0.7030
vn 0.1099 0.7253 0.6796
vn 0.0004 0.8921 0.4518
vn -0.0000 0.9843 0.1765
vn -0.0000 0.9999 0.0111
vn -0.0000 1.0000 -0.0000
vn -0.0000 1.0000 -0.0000
vn -0.0000 1.0000 -0.0000
vn -0.0000 1.0000 -0.0000
vn -0.0000 1.0000 -0.0000
vn -0.0000 1.0000 -0.0000
vn -0.0000 1.0000 -0.0000
vn -0.0000 1.0000 -0.0000
vn -0.0000 1.0000 -0.0000
vn -0.0000 1.0000 -0.0000
vn -0.0000 1.0000 -0.0000
vn -0.0000 1.0000 -0.0000
vn -0.0000 1.0000 -0.0000
vn -0.0000 1.0000 -0.0000
vn -0.0000 1.0000 -0.0000
vn -0.0000 1.0000 -0.0000
vn -0.0000 1.0000 -0.0000
vn -0.0000 1.0000 -0.0000
vn -0.0000 1.0000 -0.0000
vn -0.0000 1.0000 -0.0000
vn -0.0000 1.0000 -0.0000
vn -0.0000 1.0000 -0.0000
vn -0.0000 1.0000 -0.0000
vn -0.0001 0.9940 0.1095
vn -0.2709 0.7744 0.5717
vn 0.0001 0.8196 0.5730
vn 0.3302 0.9439 0.0029
vn -0.0000 1.0000 0.0001
vn -0.0000 1.0000 0.0001
vn -0.0000 1.0000 0.0001
vn -0.0000 1.0000 0.0001
vn -0.0000 1.0000 0.0001
vn -0.0000 1.0000 0.0001
vn -0.0000 1.0000 0.0001
vn -0.0000 1.0000 0.0001
vn -0.0000 1.0000 0.0001
vn -0.0000 1.0000 0.0001
vn -0.0000 1.0000 0.0001
vn -0.0000 1.0000 0.0001
vn -0.0012 1.0000 0.0001
vn -0.5703 0.8215 -0.0028
vn -0.8997 0.4356 -0.0277
vn -0.8785 0.4777 -0.0007
vn -0.4135 0.9091 -0.0501
vn -0.0225 0.9996 0.0156
vn -0.1543 0.9848 0.0801
vn -0.0819 0.9954 -0.0498
vn 0.0795 0.9953 -0.0552
vn -0.3724 0.9249 -0.0771
vn -0.2213 0.9747 -0.0304
vn 0.0227 0.9994 0.0273
vn 0.1150 0.9892 0.0913
vn 0.0719 0.9884 -0.1337
vn -0.0199 0.9998 0.0031
vn -0.1585 0.9834 0.0888
vn -0.0847 0.9864 -0.1410
vn 0.0696 0.9937 0.0873
vn 0.0203 0.9973 0.0708
vn 0.0313 0.9856 -0.1664
vn 0.0359 0.9963 -0.0775
vn 0.0053 0.9962 -0.0871
vn -0.0046 0.9936 -0.1127
vn -0.0248 0.9924 -0.1202
vn -0.0255 0.9842 -0.1750
vn 0.0096 0.9818 -0.1896
vn 0.2909 0.9543 -0.0687
vn 0.6913 0.4867 0.5340
vn 0.7309 0.3317 0.5965
vn 0.6700 0.5349 0.5148
vn 0.1752 0.9734 0.1475
vn -0.0000 1.0000 0.0005
vn -0.0000 1.0000 -0.0000
vn -0.0000 1.0000 -0.0000
vn -0.0000 1.0000 -0.0000
vn -0.0000 1.0000 -0.0000
vn -0.0000 0.9959 -0.0906
vn -0.0000 0.9420 -0.3355
vn -0.0000 0.9420 -0.3355
vn -0.0000 0.9420 -0.3355
vn -0.0000 0.9420 -0.3355
vn -0.0000 0.9420 -0.3355
vn -0.0000 0.9420 -0.3355
vn -0.0000 0.9420 -0.3355
vn -0.0000 0.9420 -0.3355
vn -0.0000 0.9420 -0.3355
vn -0.0000 0.9426 -0.3339
vn -0.0000 0.9496 -0.3134
vn -0.0000 0.9561 -0.2930
vn -0.0000 0.9621 -0.2728
vn -0.0000 0.9675 -0.2529
vn -0.0000 0.9724 -0.2333
vn -0.0000 0.9768 -0.2142
vn -0.0000 0.9807 -0.1956
vn -0.0000 0.9841 -0.1775
vn -0.0000 0.9871 -0.1600
vn -0.0000 0.9983 -0.0575
vn -0.0000 1.0000 -0.0000
vn -0.0000 1.0000 -0.0000
vn -0.0000 1.0000 0.0001
vn -0.0000 0.9439 0.3302
vn -0.0000 1.0000 -0.0000
vn -0.0000 1.0000 -0.0000
vn -0.0000 1.0000 -0.0000
vn -0.0000 1.0000 -0.0000
vn -0.0000 1.0000 -0.0000
vn -0.0000 1.0000 -0.0000
vn -0.0000 1.0000 -0.0000
vn -0.0000 1.0000 -0.0000
vn -0.0000 1.0000 -0.0000
vn -0.0000 1.0000 -0.0000
vn -0.0000 1.0000 -0.0000
vn -0.0000 1.0000 -0.0000
vn -0.0000 1.0000 -0.0000
vn -0.0035 1.0000 -0.0000
vn -0.5876 0.8091 -0.0048
vn -0.8887 0.4576 -0.0295
vn -0.8756 0.4784 0.0669
vn -0.5037 0.8607 -0.0736
vn 0.0188 0.9965 -0.0809
vn -0.1895 0.9809 -0.0443
vn -0.1502 0.9852 -0.0825
vn 0.0683 0.9971 -0.0336
vn -0.1757 0.9412 -0.2888
vn -0.0926 0.9911 0.0957
vn 0.0392 0.9878 0.1509
vn 0.0185 0.9979 0.0619
vn 0.0066 0.9937 -0.1115
vn 0.0228 0.9905 -0.1359
vn -0.1669 0.9777 -0.1272
vn -0.0324 0.9984 -0.0454
vn 0.1563 0.9834 0.0921
vn -0.0312 0.9909 0.1312
vn -0.0547 0.9937 0.0981
vn 0.0074 0.9955 -0.0946
vn 0.0139 0.9962 -0.0862
vn 0.0382 0.9988 -0.0299
vn -0.0275 0.9929 0.1154
vn -0.0740 0.9972 0.0123
vn 0.1016 0.9947 -0.0184
vn 0.6733 0.5795 0.4591
vn 0.7441 0.3343 0.5784
vn 0.7001 0.4455 0.5580
vn 0.3574 0.9192 0.1654
vn -0.0000 1.0000 -0.0000
vn -0.0000 1.0000 -0.0000
vn -0.0000 1.0000 -0.0033
vn -0.0000 0.9898 -0.1425
vn -0.0000 0.9113 -0.4117
vn -0.0684 0.7524 -0.6551
vn -0.2118 0.5948 -0.7754
vn -0.1305 0.4922 -0.8606
vn -0.0000 0.4654 -0.8851
vn -0.0000 0.4520 -0.8920
vn -0.0000 0.4796 -0.8775
vn -0.0000 0.4829 -0.8757
vn -0.0000 0.4874 -0.8732
vn -0.0000 0.4971 -0.8677
vn -0.0000 0.4875 -0.8731
vn 0.0009 0.4810 -0.8767
vn 0.0124 0.4751 -0.8798
vn 0.0228 0.4757 -0.8793
vn 0.0222 0.4776 -0.8783
vn 0.0218 0.4841 -0.8748
vn 0.0218 0.5005 -0.8655
vn 0.0209 0.4962 -0.8679
vn 0.0204 0.5039 -0.8635
vn 0.0201 0.5171 -0.8557
vn 0.0194 0.5204 -0.8537
vn 0.0669 0.5452 -0.8357
vn 0.1114 0.6872 -0.7179
vn 0.0552 0.9576 -0.2828
vn -0.0000 1.0000 -0.0000
vn -0.0000 1.0000 -0.0000
vn -0.0000 1.0000 -0.0000
vn -0.0000 1.0000 -0.0000
vn -0.0000 1.0000 -0.0000
vn -0.0000 1.0000 -0.0000
vn -0.0000 1.0000 -0.0000
vn -0.0000 1.0000 -0.0000
vn -0.0000 1.0000 -0.0000
vn -0.0000 1.0000 -0.0000
vn -0.0000 1.0000 -0.0000
vn -0.0000 1.0000 -0.0000
vn -0.0000 1.0000 -0.0000
vn -0.0000 1.0000 -0.0000
vn -0.0000 1.0000 -0.0000
vn -0.0000 1.0000 -0.0000
vn -0.0070 1.0000 -0.0000
vn -0.6044 0.7967 -0.0066
vn -0.8865 0.4617 -0.0301
vn -0.8807 0.4734 -0.0161
vn -0.5533 0.8188 -0.1533
vn 0.0174 0.9745 -0.2236
vn -0.1534 0.9638 -0.2182
vn -0.0704 0.9942 -0.0809
vn 0.1763 0.9791 0.1019
vn 0.3741 0.9259 -0.0524
vn 0.2264 0.9736 0.0273
vn -0.0118 0.9967 0.0806
vn -0.1459 0.9813 0.1256
vn -0.1254 0.9917 0.0286
vn -0.0378 0.9990 -0.0252
vn -0.0693 0.9975 -0.0110
vn 0.1317 0.9550 0.2656
vn 0.2406 0.9706 -0.0061
vn 0.0254 0.9957 -0.0886
vn -0.1920 0.9810 -0.0280
vn -0.1463 0.9806 0.1303
vn 0.0698 0.9899 0.1238
vn 0.1938 0.9786 0.0697
vn 0.0172 0.9944 -0.1045
vn -0.1585 0.9869 -0.0286
vn 0.6039 0.7647 0.2250
vn 0.7357 0.3583 0.5748
vn 0.7176 0.3816 0.5826
vn 0.5202 0.7960 0.3095
vn -0.0000 1.0000 -0.0000
vn -0.0000 1.0000 -0.0000
vn -0.0033 1.0000 -0.0000
vn -0.1246 0.8658 -0.4846
vn -0.2407 0.5368 -0.8086
vn -0.3069 0.4222 -0.8530
vn -0.3127 0.3670 -0.8761
vn -0.3111 0.3544 -0.8818
vn -0.2350 0.3927 -0.8891
vn -0.0904 0.4019 -0.9112
vn 0.0290 0.3998 -0.9161
vn 0.0611 0.3819 -0.9222
vn 0.0153 0.4009 -0.9160
vn 0.0276 0.4069 -0.9130
vn 0.0001 0.3988 -0.9170
vn -0.0302 0.3932 -0.9189
vn -0.0243 0.3994 -0.9164
vn -0.0107 0.4087 -0.9126
vn 0.0052 0.4027 -0.9153
vn 0.0163 0.3924 -0.9196
vn 0.0422 0.3853 -0.9218
vn 0.0223 0.3841 -0.9230
vn 0.0059 0.3732 -0.9277
vn 0.0356 0.3770 -0.9255
vn 0.0285 0.3903 -0.9203
vn 0.0452 0.3716 -0.9273
vn 0.2181 0.3659 -0.9047
vn 0.4526 0.3658 -0.8132
vn 0.4864 0.4656 -0.7393
vn 0.2386 0.8080 -0.5387
vn -0.0000 0.9970 -0.0779
vn -0.0000 1.0000 -0.0000
vn -0.0000 1.0000 -0.0000
vn -0.0000 1.0000 -0.0000
vn -0.0000 1.0000 -0.0000
vn -0.0000 1.0000 -0.0000
vn -0.0000 1.0000 -0.0000
vn -0.0000 1.0000 -0.0000
vn -0.0000 1.0000 -0.0000
vn -0.0000 1.0000 -0.0000
vn -0.0000 1.0000 -0.0000
vn -0.0000 1.0000 -0.0000
vn -0.0000 1.0000 -0.0000
vn -0.0000 1.0000 -0.0000
vn -0.0000 1.0000 -0.0000
vn -0.0118 0.9999 -0.0000
vn -0.6206 0.7841 -0.0084
vn -0.8911 0.4528 -0.0298
vn -0.8890 0.4554 -0.0487
vn -0.6147 0.7875 -0.0444
vn -0.0201 0.9947 -0.1009
vn -0.0449 0.9935 -0.1046
vn 0.1712 0.9619 0.2130
vn 0.4016 0.9140 0.0568
vn -0.0173 0.9907 0.1352
vn 0.0438 0.9983 -0.0376
vn 0.1381 0.9893 -0.0463
vn -0.0335 0.9993 0.0187
vn -0.1441 0.9835 0.1092
vn -0.0168 0.9970 0.0752
vn 0.1311 0.9882 0.0796
vn -0.0265 0.9544 0.2974
vn -0.2037 0.9788 0.0213
vn -0.0535 0.9952 -0.0821
vn 0.1641 0.9842 -0.0659
vn 0.1571 0.9752 0.1556
vn -0.0473 0.9924 0.1138
vn -0.1885 0.9821 0.0025
vn -0.1235 0.9651 -0.2311
vn 0.3093 0.9510 -0.0043
vn 0.8274 0.4767 0.2969
vn 0.8243 0.3442 0.4496
vn 0.6456 0.6393 0.4177
vn 0.0445 0.9990 -0.0000
vn -0.0000 1.0000 -0.0000
vn -0.0000 1.0000 -0.0000
vn -0.4713 0.8420 -0.2626
vn -0.6423 0.4264 -0.6369
vn -0.4840 0.3314 -0.8099
vn -0.3405 0.3867 -0.8571
vn -0.2648 0.4739 -0.8398
vn -0.1399 0.5995 -0.7881
vn -0.0328 0.7324 -0.6801
vn -0.0216 0.7926 -0.6093
vn -0.1200 0.8139 -0.5685
vn 0.0049 0.7262 -0.6874
vn 0.1323 0.7732 -0.6202
vn -0.0115 0.7949 -0.6066
vn -0.0709 0.7615 -0.6443
vn 0.0036 0.7320 -0.6813
vn 0.0812 0.7651 -0.6388
vn 0.0392 0.8226 -0.5672
vn -0.0517 0.8202 -0.5698
vn -0.0566 0.7721 -0.6330
vn -0.0107 0.7354 -0.6776
vn -0.0350 0.7107 -0.7026
vn -0.0073 0.7422 -0.6702
vn 0.1232 0.7340 -0.6679
vn -0.0013 0.7230 -0.6908
vn -0.0520 0.6759 -0.7351
vn 0.2487 0.6296 -0.7360
vn 0.4795 0.4581 -0.7485
vn 0.5331 0.3302 -0.7790
vn 0.5681 0.3763 -0.7319
vn 0.4118 0.6177 -0.6700
vn 0.0775 0.9911 -0.1079
vn -0.0000 1.0000 -0.0000
vn -0.0000 1.0000 -0.0000
vn -0.0000 1.0000 -0.0000
vn -0.0000 1.0000 -0.0000
vn -0.0000 1.0000 -0.0000
vn -0.0000 1.0000 -0.0000
vn -0.0000 1.0000 -0.0000
vn -0.0000 1.0000 -0.0000
vn -0.0000 1.0000 -0.0000
vn -0.0000 1.0000 -0.0000
vn -0.0000 1.0000 -0.0000
vn -0.0000 1.0000 -0.0000
vn -0.0000 1.0000 -0.0000
vn -0.0177 0.9998 -0.0000
vn -0.6361 0.7715 -0.0091
vn -0.8956 0.4442 -0.0253
vn -0.8790 0.4749 -0.0426
vn -0.5549 0.8278 0.0830
vn -0.0309 0.9923 0.1201
vn 0.1603 0.9787 0.1283
vn 0.0947 0.9797 0.1765
vn -0.1366 0.9850 -0.1058
vn 0.0555 0.9963 -0.0655
vn 0.0492 0.9985 0.0254
vn 0.0445 0.9980 -0.0454
vn 0.0089 0.9815 -0.1911
vn -0.0696 0.9972 0.0285
vn -0.0681 0.9976 -0.0148
vn 0.1642 0.9849 -0.0551
vn 0.0788 0.9969 0.0015
vn -0.1427 0.9753 0.1684
vn -0.0617 0.9757 0.2102
vn 0.0457 0.9861 0.1598
vn 0.0322 0.9955 -0.0886
vn -0.0853 0.9860 -0.1431
vn -0.1525 0.9776 -0.1449
vn 0.0102 0.9998 0.0164
vn 0.5702 0.8127 0.1200
vn 0.8812 0.4196 0.2179
vn 0.8803 0.4224 0.2161
vn 0.4978 0.8665 0.0386
vn -0.0000 1.0000 -0.0000
vn -0.0000 1.0000 -0.0000
vn -0.2971 0.9528 -0.0617
vn -0.6994 0.4672 -0.5409
vn -0.7458 0.3277 -0.5800
vn -0.6074 0.5186 -0.6018
vn -0.0481 0.8723 -0.4866
vn 0.0493 0.9843 -0.1697
vn -0.0343 0.9994 -0.0053
vn -0.0521 0.9931 -0.1051
vn 0.0053 0.9943 -0.1069
vn -0.1045 0.9917 -0.0753
vn 0.0560 0.9983 0.0158
vn 0.2162 0.9750 0.0507
vn 0.0240 0.9957 0.0894
vn -0.1632 0.9754 0.1478
vn -0.0655 0.9972 -0.0360
vn 0.1775 0.9841 -0.0028
vn 0.1129 0.9898 0.0863
vn -0.1160 0.9889 0.0928
vn -0.1821 0.9831 -0.0176
vn -0.0589 0.9943 -0.0883
vn 0.0759 0.9929 -0.0912
vn 0.0932 0.9854 0.1425
vn 0.0418 0.9947 0.0936
vn -0.1034 0.9884 -0.1114
vn -0.0910 0.9916 -0.0915
vn 0.0492 0.9919 -0.1175
vn 0.0432 0.9118 -0.4082
vn 0.4384 0.5974 -0.6715
vn 0.6290 0.4007 -0.6662
vn 0.7633 0.4157 -0.4946
vn 0.7282 0.6712 -0.1387
vn 0.1082 0.9941 -0.0000
vn -0.0000 1.0000 -0.0000
vn -0.0000 1.0000 -0.0000
vn -0.0000 1.0000 -0.0000
vn -0.0000 1.0000 -0.0000
vn -0.0000 1.0000 -0.0000
vn -0.0000 0.9995 0.0331
vn -0.0000 0.9995 0.0331
vn -0.0000 0.9995 0.0331
vn -0.0000 0.9995 0.0331
vn -0.0000 0.9995 0.0331
vn -0.0000 0.9995 0.0331
vn -0.0000 0.9995 0.0331
vn -0.0235 0.9992 0.0331
vn -0.6464 0.7620 0.0388
vn -0.8407 0.4110 0.3525
vn -0.6158 0.3431 0.7092
vn -0.4943 0.8672 0.0603
vn 0.0105 0.9921 0.1247
vn 0.0138 0.9916 0.1288
vn -0.0589 0.9737 -0.2201
vn -0.1326 0.9774 -0.1647
vn 0.1628 0.9865 0.0154
vn 0.0638 0.9929 -0.1005
vn -0.0793 0.9845 -0.1567
vn 0.0397 0.9797 -0.1965
vn 0.0331 0.9947 -0.0969
vn -0.1007 0.9938 0.0475
vn 0.1465 0.9835 0.1062
vn 0.1940 0.9663 -0.1691
vn 0.0058 0.9993 0.0358
vn -0.0640 0.9946 0.0820
vn -0.1364 0.9907 0.0042
vn -0.1444 0.9882 -0.0510
vn -0.1060 0.9920 -0.0682
vn -0.0303 0.9986 -0.0433
vn 0.1599 0.9519 0.2615
vn 0.6376 0.7699 -0.0262
vn 0.9028 0.4300 0.0008
vn 0.8848 0.4609 0.0677
vn 0.4461 0.8950 -0.0000
vn -0.0000 1.0000 -0.0000
vn -0.0646 0.9979 -0.0000
vn -0.7553 0.6522 -0.0644
vn -0.8353 0.3688 -0.4077
vn -0.7143 0.4734 -0.5154
vn -0.2405 0.9694 0.0492
vn 0.1060 0.9871 0.1200
vn -0.0063 1.0000 0.0035
vn -0.1615 0.9680 -0.1921
vn -0.1453 0.9894 0.0038
vn 0.0027 0.9986 -0.0537
vn -0.0239 0.9932 -0.1139
vn 0.1333 0.9909 0.0190
vn 0.2375 0.9696 -0.0583
vn 0.0847 0.9946 -0.0604
vn -0.2138 0.9760 0.0422
vn -0.1478 0.9888 0.0184
vn 0.2236 0.9743 0.0279
vn 0.1428 0.9892 0.0322
vn -0.1638 0.9744 -0.1539
vn -0.2476 0.9675 0.0518
vn -0.0869 0.9812 0.1721
vn 0.1801 0.9781 0.1039
vn 0.1733 0.9843 -0.0343
vn -0.0891 0.9958 -0.0212
vn -0.1843 0.9802 0.0731
vn -0.0817 0.9892 0.1221
vn 0.0395 0.9989 0.0269
vn 0.0410 0.9978 -0.0519
vn 0.3700 0.9255 -0.0807
vn 0.7920 0.5485 -0.2681
vn 0.8954 0.4219 -0.1421
vn 0.7779 0.6136 -0.1354
vn 0.2023 0.9793 -0.0000
vn -0.0000 1.0000 -0.0000
vn -0.0000 1.0000 -0.0000
vn -0.0000 1.0000 -0.0000
vn -0.0000 1.0000 -0.0000
vn 0.0331 0.9995 -0.0000
vn 0.0331 0.9989 0.0331
vn -0.0000 0.9995 0.0331
vn -0.0000 0.9995 0.0331
vn -0.0000 0.9995 0.0331
vn -0.0000 0.9995 0.0331
vn -0.0000 0.9995 0.0331
vn -0.0000 0.9995 0.0331
vn -0.0000 0.9995 0.0331
vn -0.0000 0.9984 0.0566
vn -0.0000 0.7502 0.6613
vn -0.7499 0.2842 0.5974
vn -0.9320 0.3569 0.0631
vn 0.0291 0.9984 0.0490
vn -0.1842 0.9796 -0.0806
vn -0.1941 0.9624 -0.1900
vn -0.0235 0.9975 -0.0663
vn -0.1741 0.9780 0.1153
vn -0.1245 0.9919 -0.0245
vn -0.0545 0.9956 -0.0759
vn 0.0704 0.9924 -0.1012
vn 0.1742 0.9754 -0.1348
vn 0.1358 0.9903 -0.0297
vn -0.0559 0.9979 0.0328
vn 0.0068 0.9926 -0.1209
vn 0.1096 0.9859 -0.1264
vn -0.0936 0.9878 -0.1248
vn -0.0868 0.9895 -0.1160
vn -0.0404 0.9949 -0.0925
vn -0.0780 0.9970 0.0001
vn 0.1834 0.9781 0.0984
vn 0.0193 0.9921 0.1242
vn 0.3934 0.9177 -0.0552
vn 0.9158 0.4015 0.0105
vn 0.8998 0.4322 0.0595
vn 0.3931 0.9195 -0.0000
vn -0.0000 1.0000 -0.0000
vn -0.0982 0.9952 -0.0000
vn -0.8164 0.5759 -0.0428
vn -0.9218 0.3706 -0.1139
vn -0.7357 0.6572 -0.1642
vn 0.0389 0.9976 -0.0580
vn -0.1009 0.9848 -0.1412
vn -0.2586 0.9581 -0.1234
vn -0.0339 0.9986 -0.0405
vn 0.0916 0.9935 0.0669
vn -0.1125 0.9937 -0.0028
vn -0.0323 0.9968 -0.0735
vn 0.1100 0.9939 -0.0051
vn 0.1390 0.9805 -0.1393
vn 0.1244 0.9766 -0.1753
vn -0.0872 0.9906 -0.1057
vn -0.0800 0.9967 -0.0137
vn 0.1908 0.9816 -0.0031
vn -0.0723 0.9969 -0.0296
vn -0.0931 0.9666 -0.2389
vn 0.1465 0.9889 0.0265
vn -0.0065 0.9834 0.1812
vn -0.1320 0.9866 0.0958
vn -0.0330 0.9994 -0.0093
vn 0.1497 0.9884 0.0252
vn 0.0396 0.9895 0.1392
vn -0.1364 0.9784 0.1550
vn -0.1248 0.9912 0.0442
vn -0.0664 0.9970 -0.0399
vn 0.2845 0.9578 0.0422
vn 0.7939 0.6015 -0.0889
vn 0.8960 0.4259 -0.1256
vn 0.8084 0.5687 -0.1521
vn 0.3130 0.9498 -0.0000
vn -0.0000 1.0000 -0.0000
vn -0.0000 1.0000 -0.0000
vn -0.0000 1.0000 -0.0000
vn -0.0000 1.0000 -0.0000
vn 0.0331 0.9995 -0.0000
vn 0.0331 0.9995 -0.0000
vn -0.0000 1.0000 -0.0000
vn -0.0000 1.0000 -0.0000
vn -0.0000 1.0000 -0.0000
vn -0.0000 1.0000 -0.0000
vn -0.0000 1.0000 -0.0000
vn -0.0000 1.0000 -0.0000
vn -0.0000 1.0000 -0.0000
vn -0.0000 1.0000 -0.0000
vn -0.0000 1.0000 -0.0000
vn -0.9285 0.3714 -0.0000
vn -0.9324 0.3554 0.0650
vn -0.2408 0.9690 -0.0554
vn -0.2230 0.9591 -0.1746
vn -0.0446 0.9987 -0.0232
vn 0.1251 0.9918 0.0260
vn -0.1193 0.9924 0.0311
vn -0.1275 0.9814 0.1432
vn -0.1549 0.9816 0.1119
vn -0.0214 0.9997 0.0088
vn 0.1048 0.9944 -0.0130
vn 0.0693 0.9936 -0.0896
vn 0.0567 0.9913 -0.1188
vn 0.0396 0.9976 0.0571
vn 0.0013 0.9950 -0.0996
vn -0.0528 0.9907 -0.1255
vn -0.1035 0.9933 -0.0511
vn -0.0285 0.9911 -0.1300
vn 0.0864 0.9962 -0.0142
vn 0.0938 0.9907 0.0984
vn 0.0071 0.9898 -0.1426
vn 0.5875 0.8057 0.0752
vn 0.9094 0.3959 0.1274
vn 0.8827 0.4661 0.0602
vn 0.3394 0.9407 -0.0000
vn -0.0000 1.0000 -0.0000
vn -0.1377 0.9905 -0.0000
vn -0.8250 0.5630 -0.0488
vn -0.9246 0.3788 -0.0412
vn -0.7831 0.6217 0.0158
vn -0.1363 0.9627 -0.2337
vn 0.0360 0.9798 -0.1968
vn 0.0960 0.9945 -0.0424
vn 0.0284 0.9711 0.2368
vn -0.1085 0.9940 0.0124
vn -0.1370 0.9906 0.0015
vn -0.0263 0.9995 0.0198
vn 0.0661 0.9973 0.0331
vn 0.0703 0.9971 -0.0274
vn 0.1193 0.9905 -0.0690
vn -0.0528 0.9926 -0.1091
vn -0.0459 0.9982 -0.0381
vn 0.2088 0.9777 -0.0236
vn -0.0992 0.9948 -0.0240
vn -0.1109 0.9933 -0.0314
vn 0.1727 0.9844 -0.0336
vn -0.0181 0.9990 -0.0415
vn -0.0094 0.9977 -0.0665
vn 0.1031 0.9877 0.1175
vn 0.0601 0.9926 0.1054
vn -0.0549 0.9985 -0.0076
vn -0.1758 0.9843 0.0151
vn -0.1569 0.9875 -0.0155
vn 0.0405 0.9989 -0.0223
vn 0.2787 0.9546 0.1049
vn 0.7403 0.6700 -0.0562
vn 0.8860 0.4423 -0.1392
vn 0.8310 0.5318 -0.1631
vn 0.4283 0.9036 -0.0000
vn -0.0000 1.0000 -0.0000
vn -0.0000 1.0000 -0.0000
vn -0.0000 1.0000 -0.0000
vn -0.0000 1.0000 -0.0000
vn 0.0331 0.9995 -0.0000
vn 0.0331 0.9995 -0.0000
vn -0.0000 1.0000 -0.0000
vn -0.0000 1.0000 -0.0000
vn -0.0000 1.0000 -0.0000
vn -0.0000 1.0000 -0.0000
vn -0.0000 1.0000 -0.0000
vn -0.0000 1.0000 -0.0000
vn -0.0000 1.0000 -0.0000
vn -0.0000 1.0000 -0.0000
vn -0.0000 1.0000 -0.0000
vn -0.9262 0.3771 -0.0000
vn -0.9364 0.3509 -0.0095
vn -0.3175 0.9454 -0.0729
vn -0.1523 0.9881 -0.0227
vn 0.0064 0.9978 0.0659
vn 0.0751 0.9971 0.0082
vn 0.0500 0.9763 -0.2106
vn -0.0426 0.9949 0.0916
vn -0.1863 0.9711 0.1493
vn -0.0556 0.9908 0.1231
vn 0.0783 0.9837 0.1617
vn 0.0300 0.9889 0.1454
vn 0.0904 0.9883 0.1226
vn 0.0265 0.9957 0.0886
vn -0.0726 0.9974 0.0015
vn -0.0460 0.9984 -0.0341
vn -0.0917 0.9950 -0.0396
vn -0.0034 0.9988 0.0483
vn 0.1503 0.9872 0.0535
vn 0.0575 0.9972 0.0482
vn 0.0135 0.9977 0.0661
vn 0.6652 0.7437 0.0659
vn 0.9152 0.3950 0.0800
vn 0.8680 0.4930 0.0591
vn 0.2860 0.9582 -0.0000
vn -0.0000 1.0000 -0.0000
vn -0.1823 0.9833 -0.0000
vn -0.8352 0.5473 -0.0538
vn -0.9199 0.3873 -0.0615
vn -0.7809 0.6230 0.0456
vn -0.1833 0.9787 0.0924
vn 0.0955 0.9785 0.1830
vn 0.1713 0.9798 0.1032
vn 0.0211 0.9928 -0.1179
vn -0.1483 0.9885 -0.0294
vn -0.1051 0.9925 0.0632
vn -0.0008 0.9896 0.1441
vn 0.0625 0.9851 0.1600
vn 0.0380 0.9783 0.2037
vn 0.0445 0.9890 0.1411
vn -0.0562 0.9934 -0.1001
vn 0.0054 0.9971 0.0759
vn 0.2036 0.9770 0.0632
vn -0.0797 0.9966 0.0196
vn -0.1040 0.9782 0.1796
vn 0.1366 0.9880 0.0715
vn -0.0391 0.9992 -0.0008
vn 0.0267 0.9996 0.0071
vn 0.1381 0.9876 -0.0749
vn 0.0247 0.9959 -0.0871
vn -0.0507 0.9969 -0.0602
vn -0.1451 0.9840 0.1036
vn -0.1600 0.9780 0.1341
vn 0.0583 0.9896 0.1318
vn 0.2292 0.9730 0.0259
vn 0.6655 0.7433 -0.0673
vn 0.8647 0.4596 -0.2027
vn 0.8544 0.4921 -0.1665
vn 0.5367 0.8436 -0.0152
vn -0.0000 1.0000 -0.0000
vn -0.0000 1.0000 -0.0000
vn -0.0000 1.0000 -0.0000
vn -0.0000 1.0000 -0.0000
vn 0.0331 0.9995 -0.0000
vn 0.0331 0.9995 -0.0000
vn -0.0000 1.0000 -0.0000
vn -0.0000 1.0000 -0.0000
vn -0.0000 1.0000 -0.0000
vn -0.0000 1.0000 -0.0000
vn -0.0000 1.0000 -0.0000
vn -0.0000 1.0000 -0.0000
vn -0.0000 1.0000 -0.0000
vn -0.0000 1.0000 -0.0000
vn -0.0000 1.0000 -0.0000
vn -0.9298 0.3680 -0.0000
vn -0.9346 0.3461 -0.0824
vn -0.2369 0.9699 -0.0567
vn -0.0880 0.9843 0.1527
vn -0.0134 0.9965 0.0820
vn 0.0106 0.9999 -0.0084
vn 0.4417 0.8916 -0.0999
vn 0.2311 0.9643 -0.1291
vn -0.1246 0.9911 -0.0466
vn -0.0107 0.9945 0.1042
vn 0.1271 0.9917 0.0174
vn 0.0293 0.9991 -0.0314
vn -0.0009 0.9969 -0.0785
vn -0.0815 0.9843 -0.1564
vn -0.1210 0.9925 0.0199
vn -0.0940 0.9932 0.0682
vn -0.0216 0.9994 0.0262
vn 0.0648 0.9953 0.0719
vn 0.0863 0.9963 0.0030
vn 0.1060 0.9924 -0.0626
vn 0.0472 0.9948 0.0899
vn 0.6541 0.7558 -0.0284
vn 0.9183 0.3944 0.0351
vn 0.8594 0.5082 0.0558
vn 0.2343 0.9722 -0.0000
vn -0.0000 1.0000 -0.0000
vn -0.2309 0.9730 -0.0000
vn -0.8501 0.5235 -0.0571
vn -0.9070 0.3997 -0.1327
vn -0.7057 0.7011 -0.1021
vn -0.0278 0.9951 0.0952
vn 0.0471 0.9902 0.1316
vn -0.2046 0.9778 0.0453
vn -0.1041 0.9838 -0.1461
vn 0.0730 0.9971 0.0220
vn 0.0371 0.9992 0.0123
vn 0.0722 0.9974 0.0048
vn 0.1261 0.9788 0.1615
vn 0.0502 0.9879 0.1467
vn -0.1842 0.9772 0.1058
vn -0.1189 0.9927 0.0198
vn 0.1186 0.9929 0.0038
vn 0.1552 0.9878 -0.0096
vn 0.0191 0.9998 -0.0094
vn -0.0581 0.9851 0.1617
vn -0.0088 0.9984 -0.0567
vn -0.0822 0.9852 -0.1505
vn -0.0841 0.9955 0.0435
vn 0.0099 0.9999 -0.0038
vn 0.0758 0.9964 -0.0377
vn 0.1361 0.9879 -0.0738
vn 0.0188 0.9972 -0.0724
vn -0.1295 0.9879 0.0856
vn -0.0685 0.9791 0.1917
vn 0.0680 0.9971 0.0355
vn 0.5353 0.8398 -0.0901
vn 0.8478 0.4831 -0.2189
vn 0.8814 0.4439 -0.1613
vn 0.6296 0.7750 -0.0548
vn 0.0180 0.9998 -0.0000
vn -0.0000 1.0000 -0.0000
vn -0.0000 1.0000 -0.0000
vn -0.0000 1.0000 -0.0000
vn 0.0331 0.9995 -0.0000
vn 0.0331 0.9995 -0.0000
vn -0.0000 1.0000 -0.0000
vn -0.0000 1.0000 -0.0000
vn -0.0000 1.0000 -0.0000
vn -0.0000 1.0000 -0.0000
vn -0.0000 1.0000 -0.0000
vn -0.0000 1.0000 -0.0000
vn -0.0000 1.0000 -0.0000
vn -0.0000 1.0000 -0.0000
vn -0.0000 1.0000 -0.0000
vn -0.9375 0.3480 -0.0000
vn -0.9387 0.3442 0.0172
vn 0.0575 0.9982 0.0164
vn -0.0134 0.9998 -0.0148
vn -0.1549 0.9857 0.0658
vn -0.1046 0.9849 0.1379
vn 0.0076 0.9973 0.0725
vn 0.0219 0.9862 -0.1641
vn 0.0464 0.9925 -0.1134
vn 0.0084 0.9975 0.0705
vn -0.0562 0.9926 -0.1077
vn -0.0652 0.9885 -0.1362
vn -0.0355 0.9869 -0.1571
vn 0.1215 0.9695 -0.2128
vn 0.1528 0.9874 -0.0420
vn -0.0398 0.9979 0.0507
vn -0.0877 0.9900 0.1103
vn -0.0267 0.9996 -0.0084
vn 0.0169 0.9983 -0.0558
vn 0.1431 0.9863 -0.0820
vn 0.0390 0.9987 -0.0322
vn 0.6654 0.7451 -0.0456
vn 0.9254 0.3755 0.0502
vn 0.8570 0.5127 0.0508
vn 0.1854 0.9827 -0.0000
vn -0.0000 1.0000 -0.0000
vn -0.2825 0.9593 -0.0000
vn -0.8792 0.4731 -0.0564
vn -0.9185 0.3809 -0.1066
vn -0.6316 0.7649 -0.1265
vn 0.0908 0.9958 0.0070
vn 0.0482 0.9977 -0.0478
vn -0.1060 0.9939 -0.0304
vn -0.0031 0.9991 0.0422
vn 0.0108 0.9960 0.0883
vn -0.1221 0.9921 -0.0292
vn 0.1491 0.9815 -0.1200
vn 0.2023 0.9767 0.0721
vn -0.0179 0.9998 -0.0081
vn -0.0833 0.9964 -0.0138
vn -0.1585 0.9842 0.0784
vn -0.0241 0.9946 -0.1010
vn 0.1905 0.9761 -0.1047
vn 0.0932 0.9935 -0.0659
vn -0.1519 0.9883 -0.0161
vn -0.1745 0.9766 -0.1261
vn 0.0603 0.9839 -0.1682
vn 0.1729 0.9839 -0.0458
vn 0.0581 0.9963 0.0637
vn -0.0461 0.9985 0.0300
vn -0.0849 0.9923 -0.0901
vn 0.0136 0.9724 -0.2330
vn 0.1036 0.9881 -0.1140
vn 0.0078 1.0000 -0.0020
vn -0.0675 0.9973 -0.0303
vn 0.3757 0.9239 -0.0724
vn 0.8406 0.5172 -0.1612
vn 0.8932 0.4216 -0.1561
vn 0.7037 0.7040 -0.0960
vn 0.0705 0.9975 -0.0000
vn -0.0000 1.0000 -0.0000
vn -0.0000 1.0000 -0.0000
vn -0.0000 1.0000 -0.0000
vn 0.0331 0.9995 -0.0000
vn 0.0331 0.9995 -0.0000
vn -0.0000 1.0000 -0.0000
vn -0.0000 1.0000 -0.0000
vn -0.0000 1.0000 -0.0000
vn -0.0000 1.0000 -0.0000
vn -0.0000 1.0000 -0.0000
vn -0.0000 1.0000 -0.0000
vn -0.0000 1.0000 -0.0000
vn -0.0000 1.0000 -0.0000
vn -0.0000 1.0000 -0.0000
vn -0.9273 0.3744 -0.0000
vn -0.9354 0.3485 0.0598
vn -0.2951 0.9552 0.0213
vn -0.0387 0.9905 -0.1316
vn 0.1397 0.9876 0.0720
vn 0.1539 0.9799 0.1266
vn 0.0171 0.9997 -0.0178
vn 0.0526 0.9970 0.0575
vn 0.1101 0.9879 0.1091
vn -0.0050 0.9871 0.1602
vn -0.0798 0.9936 0.0796
vn -0.0211 0.9871 0.1584
vn -0.0807 0.9763 0.2009
vn 0.0337 0.9977 0.0593
vn 0.1464 0.9863 -0.0762
vn 0.0592 0.9973 -0.0445
vn -0.0797 0.9863 0.1445
vn -0.1016 0.9948 0.0017
vn 0.0119 0.9999 -0.0008
vn 0.1293 0.9915 0.0111
vn 0.0690 0.9956 -0.0632
vn 0.7168 0.6949 0.0572
vn 0.9241 0.3713 0.0908
vn 0.8405 0.5397 0.0472
vn 0.1405 0.9901 -0.0000
vn -0.0000 1.0000 -0.0000
vn -0.3358 0.9419 -0.0000
vn -0.8837 0.4642 -0.0596
vn -0.9180 0.3965 -0.0026
vn -0.5801 0.8061 0.1170
vn 0.0881 0.9822 0.1657
vn 0.0100 0.9955 0.0944
vn -0.1181 0.9912 0.0593
vn 0.0134 0.9992 0.0384
vn 0.0016 0.9976 0.0691
vn -0.1712 0.9847 0.0334
vn 0.1730 0.9849 0.0051
vn 0.2356 0.9694 0.0694
vn -0.0367 0.9970 0.0688
vn -0.1001 0.9939 0.0459
vn -0.2031 0.9791 -0.0134
vn -0.0673 0.9966 -0.0467
vn 0.1885 0.9803 -0.0597
vn 0.1092 0.9916 -0.0692
vn -0.1206 0.9912 -0.0541
vn -0.1612 0.9863 0.0340
vn -0.0009 0.9992 0.0397
vn 0.1468 0.9760 -0.1608
vn 0.0856 0.9900 -0.1118
vn -0.0780 0.9905 -0.1132
vn -0.1295 0.9817 -0.1398
vn -0.0056 0.9899 -0.1419
vn 0.1042 0.9783 -0.1788
vn 0.0147 0.9777 -0.2095
vn -0.0080 0.9802 -0.1976
vn 0.3352 0.9414 -0.0378
vn 0.8193 0.5600 -0.1234
vn 0.8975 0.4153 -0.1484
vn 0.7577 0.6406 -0.1246
vn 0.1525 0.9883 -0.0000
vn -0.0000 1.0000 -0.0000
vn -0.0000 1.0000 -0.0000
vn -0.0000 1.0000 -0.0000
vn 0.0331 0.9995 -0.0000
vn 0.0331 0.9995 -0.0000
vn -0.0000 1.0000 -0.0000
vn -0.0000 1.0000 -0.0000
vn -0.0000 1.0000 -0.0000
vn -0.0000 1.0000 -0.0000
vn -0.0000 1.0000 -0.0000
vn -0.0000 1.0000 -0.0000
vn -0.0000 1.0000 -0.0000
vn -0.0000 1.0000 -0.0000
vn -0.0000 1.0000 -0.0000
vn -0.9296 0.3685 -0.0000
vn -0.9361 0.3461 -0.0626
vn -0.2393 0.9690 -0.0610
vn 0.0370 0.9953 0.0891
vn 0.1035 0.9870 0.1229
vn 0.0064 0.9951 -0.0988
vn 0.1526 0.9618 0.2274
vn 0.1487 0.9881 0.0387
vn 0.1496 0.9884 0.0264
vn -0.0219 0.9952 0.0951
vn -0.0575 0.9861 0.1561
vn 0.0595 0.9967 0.0550
vn -0.1358 0.9905 -0.0204
vn -0.1556 0.9867 0.0476
vn 0.0506 0.9987 -0.0079
vn 0.1809 0.9835 -0.0061
vn -0.0421 0.9979 0.0484
vn -0.1704 0.9790 0.1115
vn 0.0261 0.9913 0.1294
vn 0.0816 0.9906 0.1095
vn 0.1084 0.9846 -0.1370
vn 0.7685 0.6398 0.0033
vn 0.9243 0.3743 0.0753
vn 0.8182 0.5734 0.0431
vn 0.1007 0.9949 -0.0000
vn -0.0000 1.0000 -0.0000
vn -0.3895 0.9210 -0.0000
vn -0.8794 0.4716 -0.0646
vn -0.9046 0.4231 -0.0513
vn -0.5451 0.8381 0.0217
vn 0.0404 0.9915 0.1234
vn -0.0599 0.9883 -0.1403
vn -0.1588 0.9736 -0.1642
vn 0.0063 0.9987 -0.0499
vn 0.0063 0.9904 -0.1384
vn -0.1834 0.9800 -0.0773
vn 0.1863 0.9825 -0.0063
vn 0.2615 0.9651 0.0169
vn -0.0432 0.9986 0.0312
vn -0.1640 0.9865 -0.0049
vn -0.2445 0.9624 -0.1188
vn -0.0710 0.9937 0.0872
vn 0.1692 0.9823 0.0809
vn 0.0996 0.9949 0.0155
vn -0.0492 0.9954 -0.0820
vn -0.0841 0.9963 -0.0150
vn -0.1366 0.9906 0.0032
vn 0.0230 0.9940 -0.1069
vn 0.1063 0.9771 -0.1843
vn -0.0748 0.9878 -0.1369
vn -0.1139 0.9935 -0.0062
vn -0.0263 0.9967 0.0764
vn 0.0339 0.9961 0.0811
vn -0.0110 0.9987 0.0505
vn 0.1051 0.9873 -0.1195
vn 0.3591 0.9255 -0.1206
vn 0.7821 0.5979 -0.1756
vn 0.8971 0.4183 -0.1422
vn 0.7966 0.5871 -0.1438
vn 0.2563 0.9666 -0.0000
vn -0.0000 1.0000 -0.0000
vn -0.0000 1.0000 -0.0000
vn -0.0000 1.0000 -0.0000
vn 0.0331 0.9995 -0.0000
vn 0.0331 0.9995 -0.0000
vn -0.0000 1.0000 -0.0000
vn -0.0000 1.0000 -0.0000
vn -0.0000 1.0000 -0.0000
vn -0.0000 1.0000 -0.0000
vn -0.0000 1.0000 -0.0000
vn -0.0000 1.0000 -0.0000
vn -0.0000 1.0000 -0.0000
vn -0.0000 1.0000 -0.0000
vn -0.0000 1.0000 -0.0000
vn -0.9359 0.3521 -0.0000
vn -0.9393 0.3420 -0.0264
vn -0.0385 0.9992 0.0097
vn 0.1466 0.9872 0.0624
vn -0.0472 0.9981 -0.0406
vn -0.2781 0.9571 -0.0813
vn -0.3515 0.9311 0.0977
vn -0.1550 0.9873 -0.0358
vn 0.1654 0.9853 -0.0426
vn 0.1255 0.9920 0.0103
vn -0.1194 0.9897 0.0795
vn -0.1961 0.9794 -0.0471
vn -0.0885 0.9882 -0.1252
vn 0.0463 0.9979 0.0452
vn 0.0936 0.9952 0.0270
vn 0.1150 0.9933 -0.0083
vn 0.0391 0.9968 -0.0703
vn -0.0200 0.9925 0.1207
vn 0.0085 0.9958 0.0911
vn -0.1378 0.9902 0.0216
vn -0.0361 0.9988 -0.0334
vn 0.8077 0.5889 -0.0281
vn 0.9301 0.3635 0.0531
vn 0.8043 0.5931 0.0368
vn 0.0666 0.9978 -0.0000
vn -0.0000 1.0000 -0.0000
vn -0.4426 0.8967 -0.0000
vn -0.8948 0.4419 -0.0640
vn -0.9025 0.4193 -0.0981
vn -0.4263 0.8992 -0.0982
vn -0.0779 0.9966 -0.0285
vn -0.2659 0.9395 -0.2160
vn -0.0265 0.9776 -0.2086
vn 0.0422 0.9979 -0.0491
vn -0.0272 0.9928 -0.1167
vn -0.0404 0.9989 0.0248
vn 0.2601 0.9561 0.1348
vn 0.2696 0.9604 -0.0709
vn -0.0584 0.9860 -0.1562
vn -0.2449 0.9588 -0.1440
vn -0.1140 0.9932 -0.0224
vn 0.1360 0.9838 0.1167
vn 0.1190 0.9904 0.0702
vn -0.0545 0.9983 -0.0200
vn -0.1503 0.9872 0.0535
vn -0.0775 0.9962 -0.0387
vn -0.0929 0.9945 -0.0478
vn -0.0409 0.9862 0.1607
vn 0.0552 0.9969 0.0560
vn 0.1030 0.9939 0.0381
vn 0.0829 0.9946 0.0622
vn 0.0810 0.9881 0.1310
vn 0.0798 0.9921 0.0967
vn -0.1838 0.9806 0.0681
vn -0.1845 0.9762 0.1136
vn 0.1804 0.9833 -0.0228
vn 0.7725 0.6163 -0.1533
vn 0.8958 0.4054 -0.1821
vn 0.8256 0.5422 -0.1562
vn 0.3708 0.9287 -0.0000
vn -0.0000 1.0000 -0.0000
vn -0.0000 1.0000 -0.0000
vn -0.0000 1.0000 -0.0000
vn 0.0331 0.9995 -0.0000
vn 0.0331 0.9995 -0.0000
vn -0.0000 1.0000 -0.0000
vn -0.0000 1.0000 -0.0000
vn -0.0000 1.0000 -0.0000
vn -0.0000 1.0000 -0.0000
vn -0.0000 1.0000 -0.0000
vn -0.0000 1.0000 -0.0000
vn -0.0000 1.0000 -0.0000
vn -0.0000 1.0000 -0.0000
vn -0.0000 1.0000 -0.0000
vn -0.9333 0.3590 -0.0000
vn -0.9368 0.3476 -0.0403
vn -0.1060 0.9936 0.0393
vn -0.0132 0.9987 0.0494
vn -0.0426 0.9859 -0.1619
vn -0.0817 0.9954 0.0492
vn -0.1190 0.9615 -0.2476
vn 0.0023 1.0000 -0.0000
vn 0.1941 0.9802 0.0382
vn 0.1011 0.9948 -0.0100
vn -0.1159 0.9923 -0.0431
vn -0.1458 0.9892 0.0176
vn -0.0435 0.9966 0.0698
vn -0.0037 0.9974 0.0721
vn -0.0029 0.9995 -0.0308
vn 0.0857 0.9934 -0.0764
vn 0.0870 0.9920 -0.0920
vn -0.0120 0.9999 0.0049
vn -0.0731 0.9954 -0.0619
vn -0.0422 0.9914 -0.1241
vn 0.0402 0.9932 0.1093
vn 0.8094 0.5863 0.0345
vn 0.9306 0.3608 0.0624
vn 0.7879 0.6151 0.0297
vn 0.0391 0.9992 -0.0000
vn -0.0000 1.0000 -0.0000
vn -0.4938 0.8696 -0.0000
vn -0.9008 0.4292 -0.0652
vn -0.9008 0.4285 -0.0706
vn -0.4060 0.9124 -0.0516
vn -0.0792 0.9899 -0.1177
vn -0.2383 0.9711 -0.0153
vn 0.0177 0.9996 0.0201
vn 0.1016 0.9945 0.0267
vn 0.0797 0.9913 0.1052
vn 0.0697 0.9755 0.2088
vn 0.0876 0.9635 0.2529
vn -0.0284 0.9963 -0.0813
vn -0.1157 0.9672 -0.2263
vn -0.0298 0.9840 -0.1754
vn 0.0146 0.9864 0.1638
vn 0.0220 0.9995 0.0216
vn 0.0334 0.9971 -0.0685
vn 0.0825 0.9887 -0.1254
vn -0.0671 0.9831 0.1702
vn -0.1833 0.9818 0.0494
vn 0.0638 0.9977 0.0209
vn 0.1224 0.9615 0.2461
vn -0.0153 0.9683 0.2492
vn -0.0684 0.9860 0.1520
vn -0.0204 0.9994 -0.0286
vn 0.0086 0.9999 0.0079
vn -0.0289 0.9915 -0.1267
vn 0.0078 0.9829 -0.1839
vn 0.0136 0.9848 0.1729
vn 0.0225 0.9890 0.1460
vn 0.6606 0.7490 -0.0508
vn 0.8785 0.4173 -0.2327
vn 0.8643 0.4786 -0.1548
vn 0.4840 0.8751 -0.0039
vn -0.0000 1.0000 -0.0000
vn -0.0000 1.0000 -0.0000
vn -0.0000 1.0000 -0.0000
vn 0.0331 0.9995 -0.0000
vn 0.0331 0.9995 -0.0000
vn -0.0000 1.0000 -0.0000
vn -0.0000 1.0000 -0.0000
vn -0.0000 1.0000 -0.0000
vn -0.0000 1.0000 -0.0000
vn -0.0000 1.0000 -0.0000
vn -0.0000 1.0000 -0.0000
vn -0.0000 1.0000 -0.0000
vn -0.0000 1.0000 -0.0000
vn -0.0000 1.0000 -0.0000
vn -0.9407 0.3391 -0.0000
vn -0.9356 0.3456 -0.0717
vn 0.1260 0.9920 -0.0011
vn -0.0548 0.9926 0.1087
vn -0.0473 0.9961 -0.0749
vn 0.1349 0.9878 0.0782
vn 0.1355 0.9870 -0.0866
vn 0.1361 0.9763 0.1684
vn 0.1553 0.9839 0.0891
vn 0.0435 0.9865 -0.1581
vn -0.0917 0.9883 -0.1218
vn -0.0863 0.9951 -0.0485
vn -0.0351 0.9993 -0.0140
vn -0.0538 0.9883 -0.1428
vn -0.0548 0.9946 -0.0879
vn 0.0534 0.9931 -0.1045
vn 0.1181 0.9752 -0.1871
vn 0.0104 0.9983 -0.0577
vn -0.1206 0.9913 -0.0523
vn 0.0330 0.9976 -0.0614
vn 0.1464 0.9892 0.0030
vn 0.8134 0.5670 0.1301
vn 0.9280 0.3642 0.0791
vn 0.7636 0.6454 0.0218
vn 0.0185 0.9998 -0.0000
vn -0.0000 1.0000 -0.0000
vn -0.5423 0.8402 -0.0000
vn -0.9077 0.4145 -0.0656
vn -0.8929 0.4341 -0.1192
vn -0.3911 0.9130 -0.1158
vn -0.0361 0.9639 -0.2639
vn -0.1419 0.9851 0.0971
vn 0.0153 0.9910 0.1328
vn 0.1272 0.9912 -0.0354
vn 0.1573 0.9837 0.0877
vn 0.1150 0.9922 0.0487
vn -0.0237 0.9997 -0.0008
vn -0.2108 0.9773 0.0222
vn -0.1540 0.9877 -0.0270
vn 0.1431 0.9896 0.0143
vn 0.0832 0.9777 0.1928
vn -0.0961 0.9953 0.0123
vn -0.0283 0.9986 -0.0438
vn 0.1837 0.9811 -0.0615
vn 0.0248 0.9984 0.0501
vn -0.2213 0.9621 0.1595
vn 0.1099 0.9795 0.1688
vn 0.1907 0.9784 -0.0800
vn -0.0463 0.9985 -0.0275
vn -0.1793 0.9834 -0.0277
vn -0.0627 0.9968 -0.0491
vn -0.0171 0.9919 0.1260
vn -0.1135 0.9906 0.0766
vn 0.1151 0.9932 0.0165
vn 0.1441 0.9895 -0.0060
vn -0.0598 0.9980 0.0182
vn 0.4805 0.8765 -0.0306
vn 0.8738 0.4472 -0.1908
vn 0.8907 0.4291 -0.1504
vn 0.5855 0.8100 -0.0326
vn 0.0044 1.0000 -0.0000
vn -0.0000 1.0000 -0.0000
vn -0.0000 1.0000 -0.0000
vn 0.0331 0.9995 -0.0000
vn 0.0331 0.9989 -0.0331
vn -0.0000 0.9995 -0.0331
vn -0.0000 0.9995 -0.0331
vn -0.0000 0.9995 -0.0331
vn -0.0000 0.9995 -0.0331
vn -0.0000 0.9995 -0.0331
vn -0.0000 0.9995 -0.0331
vn -0.0000 0.9995 -0.0331
vn -0.0000 0.9762 -0.2170
vn -0.0000 0.6126 -0.7904
vn -0.7225 0.2574 -0.6417
vn -0.9367 0.3474 0.0435
vn 0.2044 0.9721 0.1151
vn -0.0867 0.9926 0.0853
vn -0.0733 0.9966 0.0376
vn 0.2208 0.9741 -0.0488
vn 0.3665 0.9240 0.1088
vn 0.1775 0.9831 0.0458
vn -0.1334 0.9896 -0.0530
vn -0.1096 0.9772 -0.1819
vn -0.0052 0.9964 -0.0843
vn -0.0381 0.9990 0.0220
vn -0.1376 0.9867 0.0872
vn -0.0778 0.9968 0.0168
vn 0.0360 0.9911 0.1280
vn -0.0171 0.9909 0.1335
vn 0.1337 0.9900 0.0457
vn 0.1248 0.9821 -0.1413
vn -0.0769 0.9969 -0.0176
vn 0.0131 0.9917 0.1280
vn 0.3142 0.9473 -0.0625
vn 0.8461 0.5305 0.0516
vn 0.9195 0.3858 0.0754
vn 0.7285 0.6849 0.0126
vn 0.0054 1.0000 -0.0000
vn -0.0000 1.0000 -0.0000
vn -0.5875 0.8092 -0.0000
vn -0.9197 0.3875 -0.0635
vn -0.8966 0.4330 -0.0932
vn -0.4050 0.9119 -0.0668
vn 0.1439 0.9891 0.0319
vn 0.1587 0.9772 0.1414
vn -0.1143 0.9804 0.1603
vn 0.0568 0.9908 0.1225
vn 0.1629 0.9860 -0.0355
vn -0.0185 0.9957 -0.0912
vn 0.0639 0.9900 -0.1261
vn -0.0544 0.9898 -0.1316
vn -0.1262 0.9871 0.0983
vn 0.1884 0.9703 0.1517
vn 0.0126 0.9998 0.0165
vn -0.2138 0.9761 -0.0387
vn -0.0414 0.9983 0.0412
vn 0.1730 0.9748 0.1407
vn 0.1580 0.9859 -0.0545
vn -0.0642 0.9959 0.0632
vn -0.1802 0.9814 0.0664
vn -0.0703 0.9687 -0.2382
vn 0.0368 0.9730 -0.2279
vn -0.0893 0.9806 -0.1746
vn 0.1332 0.9878 -0.0810
vn 0.1339 0.9906 -0.0286
vn -0.1370 0.9823 0.1277
vn -0.0736 0.9762 0.2042
vn 0.0153 0.9941 -0.1071
vn -0.0061 0.9989 -0.0461
vn 0.4004 0.9162 0.0178
vn 0.8688 0.4854 -0.0984
vn 0.8995 0.4102 -0.1505
vn 0.6684 0.7398 -0.0773
vn 0.0402 0.9992 -0.0000
vn -0.0000 1.0000 -0.0000
vn -0.0000 1.0000 -0.0000
vn -0.0000 1.0000 -0.0000
vn -0.0000 0.9995 -0.0331
vn -0.0000 0.9995 -0.0331
vn -0.0000 0.9995 -0.0331
vn -0.0000 0.9995 -0.0331
vn -0.0000 0.9995 -0.0331
vn -0.0000 0.9995 -0.0331
vn -0.0000 0.9995 -0.0331
vn -0.1857 0.9821 -0.0326
vn -0.7736 0.6154 -0.1510
vn -0.8055 0.3547 -0.4747
vn -0.4568 0.3363 -0.8235
vn -0.0952 0.9911 0.0931
vn 0.0874 0.9954 0.0402
vn -0.1347 0.9907 -0.0172
vn -0.1804 0.9836 0.0005
vn -0.0389 0.9978 -0.0534
vn -0.0049 0.9961 0.0876
vn -0.0314 0.9860 -0.1639
vn -0.0738 0.9836 -0.1646
vn 0.0130 0.9984 -0.0553
vn 0.1146 0.9933 -0.0146
vn 0.0857 0.9941 0.0665
vn -0.0398 0.9894 0.1394
vn -0.0133 0.9798 0.1997
vn 0.0617 0.9820 0.1784
vn -0.0287 0.9830 0.1813
vn -0.1526 0.9681 0.1986
vn -0.0531 0.9933 -0.1029
vn 0.1497 0.9887 0.0098
vn -0.0151 0.9862 0.1648
vn 0.1154 0.9931 0.0212
vn 0.8612 0.5077 -0.0255
vn 0.9252 0.3747 0.0608
vn 0.7027 0.7115 0.0038
vn 0.0001 1.0000 -0.0000
vn -0.0000 1.0000 -0.0000
vn -0.6291 0.7774 -0.0000
vn -0.9215 0.3831 -0.0642
vn -0.8910 0.4531 -0.0288
vn -0.1779 0.9837 0.0277
vn 0.1728 0.9571 0.2326
vn -0.0127 0.9993 0.0363
vn -0.0056 0.9996 0.0290
vn -0.0703 0.9872 0.1431
vn -0.0552 0.9972 -0.0511
vn 0.0244 0.9993 -0.0299
vn -0.0649 0.9979 -0.0062
vn 0.0111 0.9886 -0.1502
vn 0.1321 0.9910 0.0223
vn 0.0613 0.9971 0.0458
vn -0.1094 0.9874 -0.1147
vn -0.0716 0.9974 0.0055
vn 0.1530 0.9834 0.0980
vn 0.0890 0.9809 0.1730
vn -0.0560 0.9981 -0.0241
vn -0.1059 0.9892 -0.1011
vn -0.1920 0.9741 -0.1195
vn -0.1063 0.9938 -0.0335
vn 0.0214 0.9976 -0.0663
vn -0.0301 0.9986 -0.0446
vn 0.0860 0.9963 0.0044
vn 0.1893 0.9715 -0.1424
vn 0.1225 0.9923 0.0205
vn -0.1195 0.9814 0.1501
vn -0.1090 0.9939 0.0149
vn 0.0670 0.9977 0.0108
vn 0.3642 0.9300 0.0498
vn 0.8412 0.5366 -0.0666
vn 0.8975 0.4128 -0.1552
vn 0.7321 0.6719 -0.1118
vn 0.1082 0.9941 -0.0000
vn -0.0000 1.0000 -0.0000
vn -0.0000 1.0000 -0.0000
vn -0.0000 1.0000 -0.0000
vn -0.0000 1.0000 -0.0000
vn -0.0000 1.0000 -0.0000
vn -0.0000 1.0000 -0.0000
vn -0.0000 1.0000 -0.0000
vn -0.0000 1.0000 -0.0000
vn -0.0000 1.0000 -0.0000
vn -0.0000 1.0000 -0.0000
vn -0.2075 0.9782 -0.0000
vn -0.7935 0.6080 -0.0267
vn -0.9099 0.4129 -0.0395
vn -0.8080 0.5877 0.0406
vn -0.2014 0.9734 -0.1093
vn 0.0980 0.9897 -0.1046
vn -0.1259 0.9900 -0.0629
vn -0.1090 0.9939 -0.0174
vn 0.1178 0.9916 0.0540
vn -0.1108 0.9909 -0.0757
vn -0.0742 0.9916 -0.1057
vn -0.0239 0.9974 -0.0675
vn 0.0405 0.9992 0.0074
vn 0.1160 0.9908 -0.0700
vn 0.1163 0.9907 -0.0700
vn -0.0025 0.9983 -0.0586
vn -0.0372 0.9991 -0.0220
vn 0.0166 0.9857 -0.1678
vn 0.0061 0.9852 -0.1714
vn -0.1509 0.9872 -0.0513
vn -0.0680 0.9972 0.0310
vn 0.1899 0.9816 0.0171
vn 0.0247 0.9997 0.0056
vn 0.1122 0.9821 0.1513
vn 0.8648 0.4983 0.0615
vn 0.9233 0.3785 0.0654
vn 0.6696 0.7427 0.0001
vn -0.0000 1.0000 -0.0000
vn -0.0000 1.0000 -0.0000
vn -0.6663 0.7457 -0.0000
vn -0.9233 0.3788 -0.0633
vn -0.8821 0.4704 -0.0243
vn -0.1362 0.9906 0.0097
vn 0.1509 0.9817 -0.1165
vn -0.0513 0.9943 -0.0930
vn -0.0080 0.9931 -0.1167
vn -0.0226 0.9847 -0.1726
vn -0.0096 0.9944 0.1050
vn 0.0263 0.9946 0.1008
vn -0.0572 0.9950 0.0814
vn -0.0257 0.9787 0.2038
vn 0.0698 0.9950 -0.0712
vn 0.0548 0.9875 -0.1480
vn -0.0279 0.9996 -0.0061
vn -0.0032 0.9847 0.1745
vn 0.1276 0.9864 0.1038
vn 0.0536 0.9982 -0.0275
vn -0.1174 0.9919 0.0483
vn -0.1605 0.9846 -0.0689
vn -0.1141 0.9902 -0.0804
vn -0.0161 0.9828 0.1841
vn 0.0263 0.9789 0.2025
vn -0.0197 0.9786 0.2051
vn 0.0323 0.9801 0.1960
vn 0.1492 0.9855 0.0806
vn 0.1579 0.9871 0.0280
vn -0.0808 0.9966 0.0184
vn -0.1239 0.9770 0.1734
vn 0.0324 0.9983 0.0484
vn 0.2890 0.9569 0.0281
vn 0.8033 0.5905 -0.0773
vn 0.8951 0.4162 -0.1599
vn 0.7807 0.6102 -0.1347
vn 0.2023 0.9793 -0.0000
vn -0.0000 1.0000 -0.0000
vn -0.0000 1.0000 -0.0000
vn -0.0000 1.0000 -0.0000
vn -0.0000 1.0000 -0.0000
vn -0.0000 1.0000 -0.0000
vn -0.0000 1.0000 -0.0000
vn -0.0000 1.0000 -0.0000
vn -0.0000 1.0000 -0.0000
vn -0.0000 1.0000 -0.0000
vn -0.0000 1.0000 -0.0000
vn -0.2270 0.9739 -0.0000
vn -0.8039 0.5943 -0.0253
vn -0.9065 0.4201 -0.0423
vn -0.8084 0.5879 0.0295
vn -0.2601 0.9610 -0.0944
vn 0.1349 0.9885 -0.0688
vn -0.0477 0.9989 0.0038
vn -0.0645 0.9856 0.1564
vn 0.1039 0.9910 0.0848
vn -0.0649 0.9957 0.0654
vn -0.0230 0.9971 0.0722
vn 0.0388 0.9953 0.0892
vn 0.0099 0.9943 0.1063
vn 0.0371 0.9957 -0.0851
vn 0.0970 0.9875 -0.1240
vn 0.0083 0.9901 -0.1401
vn -0.1232 0.9845 -0.1249
vn -0.0879 0.9868 -0.1358
vn 0.0886 0.9933 -0.0738
vn 0.0473 0.9956 0.0814
vn 0.0158 0.9973 0.0718
vn 0.1249 0.9920 -0.0168
vn 0.1199 0.9874 -0.1037
vn 0.2276 0.9731 -0.0360
vn 0.8624 0.5029 0.0571
vn 0.9176 0.3912 0.0702
vn 0.6317 0.7752 -0.0000
vn -0.0000 1.0000 -0.0000
vn -0.0000 1.0000 -0.0000
vn -0.6986 0.7155 -0.0034
vn -0.9242 0.3762 -0.0652
vn -0.8728 0.4877 -0.0170
vn -0.2393 0.9658 0.0995
vn 0.0764 0.9902 -0.1171
vn -0.0116 0.9984 0.0551
vn -0.0868 0.9940 0.0667
vn 0.1499 0.9860 -0.0732
vn 0.2159 0.9753 -0.0476
vn 0.0006 0.9958 -0.0920
vn 0.0414 0.9913 -0.1249
vn -0.1406 0.9892 -0.0414
vn -0.2180 0.9695 -0.1120
vn 0.1245 0.9803 -0.1536
vn 0.2083 0.9633 -0.1692
vn 0.0394 0.9944 -0.0981
vn -0.0488 0.9941 -0.0965
vn 0.0340 0.9926 -0.1166
vn -0.0968 0.9826 -0.1586
vn -0.2305 0.9725 0.0326
vn 0.0592 0.9836 0.1706
vn 0.1734 0.9576 0.2299
vn 0.0435 0.9965 0.0708
vn -0.0370 0.9969 0.0693
vn -0.0409 0.9886 0.1452
vn 0.0232 0.9981 0.0569
vn 0.0600 0.9979 -0.0256
vn 0.0272 0.9959 -0.0863
vn -0.0792 0.9941 -0.0747
vn -0.0805 0.9959 -0.0407
vn 0.2076 0.9782 0.0010
vn 0.7535 0.6528 -0.0778
vn 0.8862 0.4252 -0.1839
vn 0.8183 0.5553 -0.1485
vn 0.3130 0.9498 -0.0000
vn -0.0000 1.0000 -0.0000
vn -0.0000 1.0000 -0.0000
vn -0.0000 1.0000 -0.0000
vn -0.0000 1.0000 -0.0000
vn -0.0000 1.0000 -0.0000
vn -0.0000 1.0000 -0.0000
vn -0.0000 1.0000 -0.0000
vn -0.0000 1.0000 -0.0000
vn -0.0000 1.0000 -0.0000
vn -0.0000 1.0000 -0.0000
vn -0.2469 0.9690 -0.0000
vn -0.8146 0.5795 -0.0256
vn -0.9032 0.4279 -0.0348
vn -0.8041 0.5859 -0.1003
vn -0.3089 0.9453 0.1047
vn 0.1964 0.9767 0.0860
vn 0.1006 0.9945 0.0300
vn -0.0279 0.9996 0.0089
vn -0.0274 0.9983 -0.0521
vn -0.0976 0.9924 0.0753
vn -0.0501 0.9856 0.1617
vn 0.0104 0.9908 0.1347
vn -0.1332 0.9899 0.0480
vn -0.1145 0.9933 0.0171
vn 0.0612 0.9979 -0.0202
vn -0.0038 0.9993 -0.0379
vn -0.0333 0.9992 0.0205
vn 0.0688 0.9917 0.1090
vn 0.2177 0.9651 0.1454
vn -0.0064 0.9864 0.1640
vn -0.1643 0.9844 0.0629
vn 0.0164 0.9999 -0.0017
vn 0.0047 0.9974 -0.0717
vn 0.3099 0.9311 -0.1925
vn 0.8867 0.4542 0.0867
vn 0.9138 0.3929 0.1030
vn 0.5854 0.8108 -0.0000
vn -0.0000 1.0000 -0.0000
vn -0.0048 1.0000 -0.0000
vn -0.7294 0.6837 -0.0234
vn -0.9231 0.3741 -0.0895
vn -0.8454 0.5287 0.0756
vn -0.1916 0.8675 0.4590
vn 0.0895 0.8455 0.5264
vn 0.1048 0.7836 0.6124
vn -0.1119 0.8142 0.5698
vn -0.1326 0.9544 0.2674
vn -0.0274 0.9872 -0.1572
vn -0.0494 0.9766 -0.2093
vn -0.0068 0.9767 -0.2143
vn -0.0156 0.9905 -0.1367
vn -0.0447 0.9976 0.0521
vn -0.0046 0.9979 0.0649
vn 0.0298 0.9896 -0.1407
vn 0.0744 0.9878 -0.1366
vn 0.1096 0.9908 -0.0789
vn -0.0106 0.9999 -0.0124
vn 0.0324 0.9928 -0.1155
vn 0.1692 0.9850 0.0335
vn 0.0903 0.9879 0.1262
vn -0.1173 0.9870 0.1100
vn -0.1421 0.9888 -0.0465
vn 0.0555 0.9960 -0.0694
vn 0.0204 0.9994 -0.0290
vn -0.0212 0.9994 0.0287
vn 0.0163 0.9988 -0.0452
vn -0.1287 0.9856 -0.1100
vn -0.0803 0.9915 -0.1024
vn 0.1080 0.9941 -0.0100
vn 0.2183 0.9756 0.0232
vn 0.6774 0.7309 -0.0828
vn 0.8806 0.4398 -0.1761
vn 0.8533 0.4985 -0.1529
vn 0.4283 0.9036 -0.0001
vn -0.0000 1.0000 -0.0001
vn -0.0000 1.0000 -0.0001
vn -0.0000 1.0000 -0.0001
vn -0.0000 1.0000 -0.0001
vn -0.0000 1.0000 -0.0001
vn -0.0000 1.0000 -0.0001
vn -0.0000 1.0000 -0.0001
vn -0.0000 1.0000 -0.0001
vn -0.0000 1.0000 -0.0001
vn -0.0000 1.0000 -0.0001
vn -0.2672 0.9636 -0.0001
vn -0.8200 0.5718 -0.0262
vn -0.9160 0.4009 -0.0164
vn -0.7607 0.6430 -0.0893
vn -0.0113 0.9847 0.1738
vn 0.0557 0.9965 0.0620
vn -0.1256 0.9888 -0.0810
vn -0.1462 0.9892 -0.0104
vn -0.0174 0.9976 -0.0675
vn 0.1094 0.9844 -0.1376
vn 0.0369 0.9978 0.0555
vn -0.0764 0.9967 0.0260
vn -0.1076 0.9893 -0.0986
vn -0.0311 0.9931 0.1135
vn 0.0429 0.9954 0.0851
vn 0.0490 0.9966 0.0666
vn 0.0223 0.9839 0.1772
vn 0.0405 0.9873 0.1537
vn 0.1430 0.9832 0.1137
vn -0.0392 0.9982 0.0452
vn -0.1484 0.9762 0.1582
vn -0.0097 0.9777 0.2099
vn -0.0808 0.9650 0.2496
vn 0.4339 0.8734 0.2211
vn 0.8979 0.4112 0.1574
vn 0.8988 0.4171 0.1345
vn 0.4838 0.8752 -0.0000
vn -0.0000 1.0000 -0.0000
vn -0.0343 0.9994 -0.0000
vn -0.7708 0.6342 -0.0598
vn -0.9083 0.3984 -0.1274
vn -0.5575 0.5458 0.6255
vn 0.1293 0.5574 0.8201
vn 0.1683 0.5107 0.8431
vn 0.0340 0.5185 0.8544
vn -0.3314 0.5629 0.7572
vn -0.4630 0.6548 0.5974
vn -0.2561 0.9375 0.2356
vn -0.0593 0.9978 -0.0310
vn 0.1173 0.9929 -0.0186
vn 0.1263 0.9746 0.1848
vn -0.0213 0.9750 0.2212
vn -0.0660 0.9777 0.1995
vn 0.0129 0.9952 0.0968
vn 0.1002 0.9800 0.1717
vn 0.0758 0.9873 0.1399
vn -0.0025 0.9964 0.0843
vn -0.0514 0.9866 0.1546
vn 0.0070 0.9971 -0.0757
vn 0.1341 0.9748 -0.1783
vn 0.0064 0.9999 -0.0148
vn -0.1356 0.9865 0.0916
vn -0.0190 0.9986 0.0486
vn 0.0567 0.9955 -0.0761
vn 0.0069 0.9960 0.0895
vn -0.0800 0.9967 -0.0118
vn -0.0306 0.9970 -0.0710
vn 0.0216 0.9840 0.1767
vn 0.0459 0.9916 0.1205
vn 0.1081 0.9922 0.0625
vn 0.5883 0.8059 -0.0665
vn 0.8762 0.4633 -0.1326
vn 0.8713 0.4649 -0.1573
vn 0.4686 0.7367 -0.4875
vn -0.0000 0.8339 -0.5519
vn -0.0000 0.8339 -0.5519
vn -0.0000 0.8339 -0.5519
vn -0.0000 0.8339 -0.5519
vn -0.0000 0.8339 -0.5519
vn -0.0000 0.8339 -0.5519
vn -0.0000 0.8339 -0.5519
vn -0.0000 0.8339 -0.5519
vn -0.0000 0.8339 -0.5519
vn -0.0000 0.8339 -0.5519
vn -0.2431 0.8089 -0.5353
vn -0.8036 0.5555 -0.2136
vn -0.9106 0.4132 -0.0127
vn -0.7543 0.6530 0.0684
vn -0.1247 0.9922 0.0039
vn -0.0568 0.9915 -0.1174
vn 0.0280 0.9842 -0.1749
vn -0.0134 0.9810 0.1937
vn -0.1399 0.9870 0.0792
vn 0.2787 0.9533 -0.1165
vn 0.1135 0.9861 -0.1210
vn -0.1424 0.9831 -0.1151
vn -0.0461 0.9941 -0.0977
vn 0.0694 0.9927 0.0983
vn 0.0139 0.9997 0.0223
vn 0.0902 0.9948 -0.0479
vn 0.0530 0.9524 0.3003
vn 0.0046 0.9147 0.4041
vn 0.1002 0.8707 0.4815
vn 0.0324 0.8115 0.5834
vn 0.0018 0.7195 0.6945
vn 0.0768 0.6797 0.7295
vn 0.0277 0.6429 0.7654
vn 0.2499 0.5469 0.7990
vn 0.8206 0.4060 0.4022
vn 0.8816 0.4537 0.1303
vn 0.3710 0.9286 -0.0000
vn -0.0000 1.0000 -0.0000
vn -0.0986 0.9951 -0.0000
vn -0.8076 0.5824 -0.0926
vn -0.6940 0.5656 0.4456
vn 0.0860 0.4478 0.8900
vn 0.1261 0.4436 0.8873
vn 0.1294 0.4576 0.8797
vn -0.0829 0.4816 0.8725
vn -0.4181 0.4788 0.7720
vn -0.5605 0.4547 0.6922
vn -0.5318 0.5476 0.6460
vn -0.2583 0.8054 0.5335
vn 0.2014 0.9428 0.2658
vn 0.2218 0.9651 0.1393
vn -0.0300 0.9915 0.1268
vn -0.1328 0.9891 0.0634
vn 0.0012 0.9953 -0.0970
vn 0.1185 0.9904 -0.0714
vn 0.0200 0.9936 -0.1114
vn 0.0044 0.9860 -0.1666
vn -0.1254 0.9811 -0.1472
vn -0.1649 0.9825 -0.0864
vn 0.1501 0.9845 -0.0907
vn 0.1499 0.9556 -0.2538
vn -0.0800 0.9966 0.0218
vn -0.1128 0.9936 0.0081
vn 0.0607 0.9858 -0.1565
vn 0.0428 0.9864 -0.1588
vn -0.1426 0.9857 -0.0898
vn 0.0607 0.9969 -0.0507
vn 0.1095 0.9799 -0.1664
vn -0.0080 0.9995 -0.0317
vn 0.0197 0.9997 -0.0175
vn 0.4971 0.8605 -0.1112
vn 0.8636 0.4945 -0.0986
vn 0.6533 0.4889 -0.5781
vn 0.0702 0.4663 -0.8818
vn -0.0000 0.4393 -0.8983
vn -0.0000 0.4386 -0.8987
vn -0.0000 0.4389 -0.8985
vn -0.0000 0.4394 -0.8983
vn -0.0000 0.4835 -0.8753
vn -0.0000 0.4746 -0.8802
vn -0.0000 0.4474 -0.8943
vn -0.0000 0.4889 -0.8723
vn -0.0000 0.4745 -0.8802
vn -0.0000 0.4582 -0.8888
vn -0.0000 0.4403 -0.8979
vn -0.3856 0.4802 -0.7879
vn -0.8484 0.4725 -0.2386
vn -0.7487 0.6520 -0.1196
vn -0.2278 0.9715 -0.0663
vn -0.1247 0.9922 -0.0090
vn 0.1854 0.9819 0.0387
vn 0.1094 0.9935 0.0328
vn -0.2441 0.9696 0.0181
vn 0.1084 0.9844 0.1383
vn 0.0420 0.9957 -0.0827
vn -0.0520 0.9957 -0.0762
vn 0.1066 0.9939 0.0277
vn 0.0886 0.9929 -0.0795
vn -0.1031 0.9905 -0.0907
vn 0.3224 0.9423 -0.0898
vn 0.4381 0.8547 0.2784
vn 0.1593 0.5717 0.8049
vn 0.2148 0.5083 0.8339
vn 0.1871 0.5015 0.8447
vn 0.0955 0.4721 0.8764
vn 0.0988 0.4585 0.8832
vn 0.1361 0.4480 0.8836
vn 0.1269 0.4274 0.8951
vn 0.4549 0.4503 0.7683
vn 0.7491 0.6435 0.1573
vn 0.2567 0.9665 -0.0000
vn -0.0000 1.0000 -0.0000
vn -0.1897 0.9818 -0.0000
vn -0.3915 0.9158 0.0902
vn -0.0778 0.5831 0.8086
vn 0.1140 0.5982 0.7932
vn 0.1068 0.6382 0.7624
vn 0.0973 0.6892 0.7180
vn -0.1780 0.7271 0.6630
vn -0.4877 0.5556 0.6734
vn -0.5245 0.4603 0.7163
vn -0.4954 0.4372 0.7506
vn -0.4871 0.5088 0.7099
vn -0.2934 0.7338 0.6127
vn -0.0242 0.9885 0.1493
vn -0.1015 0.9947 0.0176
vn -0.2811 0.9596 0.0079
vn -0.1217 0.9885 -0.0901
vn 0.0871 0.9943 -0.0611
vn -0.0199 0.9930 -0.1162
vn -0.0397 0.9795 -0.1974
vn 0.0279 0.9676 -0.2511
vn 0.0648 0.9977 0.0176
vn -0.0397 0.9905 0.1313
vn 0.1187 0.9864 -0.1134
vn 0.1349 0.9896 -0.0495
vn -0.1957 0.9805 -0.0164
vn -0.1115 0.9938 0.0051
vn 0.0738 0.9899 -0.1212
vn 0.0298 0.9959 -0.0856
vn -0.1086 0.9925 -0.0553
vn 0.0408 0.9915 -0.1235
vn 0.1934 0.9740 -0.1182
vn 0.0113 0.9920 -0.1256
vn 0.4771 0.8702 -0.1227
vn 0.5891 0.7032 -0.3979
vn 0.0872 0.4777 -0.8742
vn -0.0971 0.4293 -0.8979
vn -0.0685 0.4342 -0.8982
vn -0.0010 0.4499 -0.8931
vn 0.0019 0.4514 -0.8923
vn 0.1010 0.4268 -0.8987
vn 0.0876 0.4616 -0.8828
vn -0.0860 0.4565 -0.8856
vn 0.0308 0.4377 -0.8986
vn 0.0635 0.4418 -0.8949
vn -0.0678 0.4357 -0.8975
vn -0.0801 0.4350 -0.8969
vn -0.0007 0.4598 -0.8880
vn 0.0409 0.4651 -0.8843
vn -0.4417 0.5917 -0.6744
vn -0.5713 0.7952 -0.2029
vn 0.0485 0.9983 0.0319
vn 0.0503 0.9980 0.0384
vn 0.0704 0.9975 -0.0027
vn -0.0336 0.9770 -0.2106
vn -0.1677 0.9833 -0.0703
vn -0.1502 0.9703 0.1895
vn -0.1014 0.9943 0.0319
vn -0.0338 0.9988 0.0356
vn -0.0496 0.9936 0.1015
vn -0.0489 0.9887 -0.1420
vn -0.0013 0.9961 -0.0881
vn 0.4528 0.8914 -0.0201
vn 0.8366 0.5367 0.1099
vn 0.6517 0.4937 0.5758
vn 0.1798 0.4593 0.8699
vn 0.1266 0.4954 0.8594
vn 0.1250 0.5116 0.8501
vn 0.1217 0.5311 0.8385
vn 0.1185 0.5608 0.8194
vn 0.1168 0.6127 0.7816
vn 0.1112 0.6476 0.7539
vn 0.2231 0.9421 0.2502
vn 0.1532 0.9882 -0.0000
vn -0.0000 1.0000 -0.0000
vn -0.0006 1.0000 -0.0000
vn -0.0000 0.9818 0.1897
vn 0.0006 0.9195 0.3931
vn -0.0000 0.9506 0.3105
vn -0.0000 0.9731 0.2304
vn -0.0000 0.9875 0.1574
vn -0.0021 0.9955 0.0952
vn -0.2074 0.9070 0.3665
vn -0.4623 0.6354 0.6185
vn -0.5414 0.4782 0.6916
vn -0.5373 0.4467 0.7153
vn -0.5132 0.4980 0.6990
vn -0.4161 0.7084 0.5701
vn -0.1632 0.9429 0.2902
vn -0.2359 0.9703 0.0527
vn -0.0676 0.9867 0.1475
vn 0.0929 0.9903 0.1029
vn -0.1189 0.9918 0.0468
vn -0.1367 0.9905 -0.0149
vn 0.0909 0.9958 -0.0066
vn 0.2184 0.9736 0.0663
vn 0.0197 0.9914 0.1294
vn -0.0252 0.9810 0.1921
vn 0.0180 0.9998 -0.0117
vn -0.0584 0.9978 0.0303
vn -0.0432 0.9787 0.2005
vn -0.0472 0.9908 0.1265
vn -0.0777 0.9968 0.0208
vn 0.0223 0.9994 -0.0255
vn 0.0450 0.9782 0.2029
vn -0.0101 0.9988 -0.0474
vn 0.0001 0.9914 -0.1308
vn 0.1366 0.9868 -0.0868
vn 0.0504 0.8755 -0.4806
vn -0.1403 0.7420 -0.6555
vn -0.0649 0.7360 -0.6739
vn 0.0879 0.8287 -0.5527
vn 0.0796 0.8691 -0.4882
vn -0.1044 0.8684 -0.4848
vn 0.0520 0.8065 -0.5890
vn 0.1267 0.7647 -0.6319
vn -0.1095 0.7790 -0.6174
vn -0.0693 0.8099 -0.5824
vn -0.0048 0.7104 -0.7038
vn -0.0265 0.7300 -0.6829
vn 0.0989 0.7696 -0.6308
vn 0.1413 0.8798 -0.4539
vn -0.0098 0.8541 -0.5201
vn -0.1243 0.8316 -0.5413
vn 0.0232 0.9994 -0.0261
vn 0.0588 0.9928 0.1042
vn -0.1582 0.9870 -0.0298
vn -0.0641 0.9829 -0.1727
vn 0.0403 0.9747 -0.2200
vn 0.0363 0.9962 -0.0795
vn -0.2080 0.9611 -0.1819
vn -0.1157 0.9839 -0.1365
vn 0.0178 0.9977 -0.0653
vn -0.0718 0.9967 0.0367
vn -0.1007 0.9934 0.0554
vn 0.0170 0.9997 0.0180
vn 0.5363 0.8440 0.0033
vn 0.8565 0.5034 0.1141
vn 0.8851 0.4498 0.1194
vn 0.6085 0.6138 0.5030
vn 0.1101 0.7829 0.6124
vn 0.0387 0.8353 0.5485
vn 0.0131 0.8806 0.4737
vn 0.0006 0.9195 0.3931
vn -0.0000 0.9506 0.3105
vn -0.0000 0.9731 0.2304
vn -0.0000 0.9882 0.1532
vn -0.0000 1.0000 -0.0000
vn -0.0000 1.0000 -0.0000
vn -0.0000 1.0000 -0.0000
vn -0.0000 1.0000 0.0006
vn -0.0000 1.0000 -0.0000
vn -0.0000 1.0000 -0.0000
vn -0.0000 1.0000 -0.0000
vn -0.0000 1.0000 -0.0000
vn -0.0000 1.0000 -0.0000
vn -0.0000 1.0000 0.0021
vn -0.0943 0.9705 0.2219
vn -0.3780 0.7479 0.5457
vn -0.5129 0.5129 0.6884
vn -0.5319 0.4446 0.7207
vn -0.5206 0.4647 0.7163
vn -0.5169 0.6064 0.6043
vn -0.3847 0.8525 0.3539
vn -0.0680 0.9246 0.3748
vn -0.0146 0.9937 -0.1114
vn -0.1365 0.9813 -0.1358
vn -0.0937 0.9939 -0.0577
vn 0.1100 0.9823 0.1516
vn 0.1978 0.9788 -0.0535
vn 0.0867 0.9878 -0.1291
vn -0.0217 0.9924 0.1211
vn -0.0291 0.9971 0.0702
vn 0.0168 0.9950 0.0989
vn -0.0147 0.9851 0.1716
vn -0.1080 0.9872 0.1174
vn -0.1218 0.9879 0.0957
vn 0.0766 0.9931 0.0890
vn 0.0190 0.9911 0.1320
vn -0.1393 0.9900 -0.0211
vn -0.0289 0.9953 -0.0924
vn 0.1291 0.9848 -0.1162
vn 0.0417 0.9879 -0.1495
vn -0.1801 0.9789 -0.0969
vn -0.0095 0.9995 -0.0313
vn 0.1923 0.9813 -0.0061
vn 0.1057 0.9931 -0.0507
vn -0.1617 0.9843 -0.0703
vn -0.0314 0.9980 -0.0543
vn 0.1245 0.9760 -0.1784
vn -0.0800 0.9862 -0.1449
vn -0.1265 0.9909 -0.0455
vn -0.0722 0.9927 -0.0962
vn 0.0153 0.9964 -0.0838
vn 0.2285 0.9707 -0.0742
vn 0.2038 0.9740 -0.0988
vn -0.0470 0.9941 -0.0976
vn -0.1608 0.9821 -0.0980
vn 0.0372 0.9939 -0.1039
vn 0.0444 0.9976 -0.0540
vn -0.2242 0.9737 -0.0416
vn -0.1238 0.9914 -0.0435
vn 0.0611 0.9934 -0.0976
vn 0.1201 0.9905 -0.0675
vn -0.0536 0.9978 0.0390
vn 0.0217 0.9924 0.1211
vn 0.1399 0.9875 0.0724
vn 0.0710 0.9966 -0.0410
vn -0.0680 0.9964 0.0513
vn -0.0529 0.9946 0.0897
vn 0.5774 0.8056 0.1331
vn 0.8635 0.4743 0.1716
vn 0.8797 0.4599 0.1210
vn 0.6701 0.7378 0.0817
vn 0.0921 0.9947 0.0467
vn -0.0000 0.9999 0.0149
vn -0.0000 1.0000 0.0006
vn -0.0000 1.0000 -0.0000
vn -0.0000 1.0000 -0.0000
vn -0.0000 1.0000 -0.0000
vn -0.0000 1.0000 -0.0000
vn -0.0000 1.0000 -0.0000
vn -0.0000 1.0000 -0.0000
vn -0.0000 1.0000 -0.0000
vn -0.0000 1.0000 -0.0000
vn -0.0000 1.0000 -0.0000
vn -0.0000 1.0000 -0.0000
vn -0.0000 1.0000 -0.0000
vn -0.0000 1.0000 -0.0000
vn -0.0000 1.0000 -0.0000
vn -0.0000 1.0000 -0.0000
vn -0.0000 1.0000 -0.0000
vn -0.0186 0.9951 0.0967
vn -0.2678 0.8599 0.4346
vn -0.4885 0.5877 0.6449
vn -0.5500 0.4538 0.7012
vn -0.5666 0.4361 0.6991
vn -0.4510 0.5406 0.7102
vn -0.4262 0.7155 0.5536
vn -0.4034 0.8967 0.1822
vn -0.0656 0.9967 -0.0477
vn 0.1529 0.9881 -0.0179
vn 0.0920 0.9720 0.2160
vn -0.0607 0.9982 0.0025
vn 0.1916 0.9747 -0.1148
vn 0.1729 0.9848 -0.0144
vn -0.0046 0.9994 -0.0342
vn 0.0451 0.9963 -0.0736
vn -0.0244 0.9910 -0.1317
vn -0.1236 0.9885 -0.0872
vn -0.1065 0.9941 -0.0199
vn 0.0585 0.9972 0.0458
vn -0.0643 0.9912 0.1160
vn -0.2297 0.9732 0.0127
vn -0.0962 0.9953 -0.0100
vn 0.0797 0.9962 0.0357
vn 0.0762 0.9955 0.0568
vn -0.0687 0.9933 0.0934
vn 0.0047 0.9920 0.1258
vn 0.0858 0.9941 0.0669
vn 0.0262 0.9932 -0.1134
vn -0.1216 0.9838 -0.1321
vn -0.0464 0.9892 0.1389
vn 0.0730 0.9964 -0.0422
vn -0.0037 0.9981 -0.0610
vn -0.0356 0.9991 -0.0216
vn -0.0449 0.9990 -0.0051
vn -0.0157 0.9920 0.1250
vn 0.1091 0.9807 0.1624
vn 0.1364 0.9821 -0.1302
vn -0.0098 0.9979 -0.0647
vn -0.1540 0.9881 -0.0026
vn 0.0685 0.9949 0.0738
vn 0.1186 0.9801 -0.1593
vn -0.1484 0.9889 -0.0006
vn -0.1177 0.9749 0.1890
vn 0.0168 0.9833 0.1812
vn 0.0951 0.9840 0.1510
vn -0.0488 0.9656 0.2556
vn -0.0814 0.9763 0.2007
vn -0.1433 0.9861 0.0845
vn -0.0931 0.9921 -0.0837
vn 0.0299 0.9987 0.0405
vn 0.1291 0.9869 0.0964
vn 0.6636 0.7316 0.1560
vn 0.8621 0.4791 0.1652
vn 0.8569 0.4992 0.1289
vn 0.6115 0.7888 0.0623
vn 0.0448 0.9990 -0.0000
vn -0.0000 1.0000 -0.0000
vn -0.0000 1.0000 -0.0000
vn -0.0000 1.0000 -0.0000
vn -0.0000 1.0000 -0.0000
vn -0.0000 1.0000 -0.0000
vn -0.0000 1.0000 -0.0000
vn -0.0000 1.0000 -0.0000
vn -0.0000 1.0000 -0.0000
vn -0.0000 1.0000 -0.0000
vn -0.0000 1.0000 -0.0000
vn -0.0000 1.0000 -0.0000
vn -0.0000 1.0000 -0.0000
vn -0.0000 1.0000 -0.0000
vn -0.0000 1.0000 -0.0000
vn -0.0000 1.0000 -0.0000
vn -0.0000 1.0000 -0.0000
vn -0.0000 1.0000 -0.0000
vn -0.0000 1.0000 -0.0000
vn -0.0000 0.9998 0.0187
vn -0.1481 0.9442 0.2941
vn -0.4240 0.6901 0.5865
vn -0.5200 0.4799 0.7066
vn -0.5371 0.4194 0.7319
vn -0.5707 0.4819 0.6649
vn -0.4945 0.5913 0.6371
vn -0.3069 0.8518 0.4245
vn 0.1731 0.9845 0.0285
vn 0.1314 0.9908 0.0315
vn -0.1359 0.9859 0.0974
vn 0.0701 0.9941 0.0826
vn 0.0608 0.9869 -0.1492
vn -0.0879 0.9941 -0.0639
vn -0.0811 0.9921 -0.0961
vn -0.0287 0.9806 -0.1937
vn 0.0034 0.9827 -0.1853
vn 0.0108 0.9926 -0.1206
vn 0.2091 0.9769 -0.0442
vn -0.0137 0.9970 0.0762
vn -0.2574 0.9612 0.0992
vn -0.0062 0.9945 0.1046
vn 0.1937 0.9774 0.0843
vn 0.0985 0.9806 0.1693
vn -0.1118 0.9783 0.1745
vn -0.0358 0.9872 0.1555
vn -0.0449 0.9981 0.0426
vn -0.0946 0.9955 -0.0104
vn 0.0900 0.9958 0.0143
vn 0.0592 0.9798 0.1912
vn -0.0730 0.9880 0.1361
vn -0.0598 0.9904 0.1249
vn -0.0708 0.9892 0.1281
vn 0.0741 0.9888 0.1293
vn 0.1804 0.9697 0.1646
vn -0.0229 0.9866 0.1615
vn -0.0211 0.9996 -0.0171
vn 0.0824 0.9963 0.0245
vn -0.0247 0.9973 0.0692
vn -0.1206 0.9846 0.1266
vn -0.0302 0.9934 -0.1104
vn 0.1251 0.9917 0.0287
vn 0.0587 0.9774 0.2031
vn 0.0204 0.9708 0.2389
vn 0.0581 0.9753 0.2129
vn -0.1694 0.9855 -0.0113
vn -0.1537 0.9787 -0.1361
vn -0.1454 0.9803 -0.1335
vn 0.0261 0.9975 -0.0652
vn 0.1118 0.9823 0.1501
vn 0.1182 0.9901 0.0755
vn 0.6922 0.7181 0.0720
vn 0.8781 0.4707 0.0861
vn 0.8480 0.5149 0.1254
vn 0.5446 0.8379 0.0372
vn 0.0136 0.9999 -0.0000
vn -0.0000 1.0000 -0.0000
vn -0.0000 1.0000 -0.0000
vn -0.0000 1.0000 -0.0000
vn -0.0000 1.0000 -0.0000
vn -0.0000 1.0000 -0.0000
vn -0.0000 1.0000 -0.0000
vn -0.0000 1.0000 -0.0000
vn -0.0000 1.0000 -0.0000
vn -0.0000 1.0000 -0.0000
vn -0.0000 1.0000 -0.0000
vn -0.0000 1.0000 -0.0000
vn -0.0000 1.0000 -0.0000
vn -0.0000 1.0000 -0.0000
vn -0.0000 1.0000 -0.0000
vn -0.0000 1.0000 -0.0000
vn -0.0000 1.0000 -0.0000
vn -0.0000 1.0000 -0.0000
vn -0.0000 1.0000 -0.0000
vn -0.0000 1.0000 -0.0000
vn -0.0000 1.0000 -0.0000
vn -0.0501 0.9867 0.1548
vn -0.3255 0.8056 0.4949
vn -0.5033 0.5429 0.6723
vn -0.5728 0.4533 0.6830
vn -0.6852 0.5146 0.5154
vn -0.7328 0.6576 0.1747
vn -0.2976 0.9546 0.0089
vn 0.1599 0.9722 -0.1713
vn -0.0094 0.9979 0.0643
vn -0.0527 0.9889 0.1390
vn 0.0276 0.9821 -0.1862
vn 0.0494 0.9955 0.0808
vn -0.0868 0.9866 0.1379
vn -0.1149 0.9881 0.1022
vn -0.0488 0.9974 -0.0532
vn 0.0361 0.9984 -0.0440
vn 0.2484 0.9685 -0.0174
vn 0.0833 0.9964 0.0138
vn -0.1999 0.9641 0.1747
vn -0.1116 0.9823 0.1503
vn 0.1455 0.9863 -0.0774
vn 0.1662 0.9861 -0.0015
vn -0.0839 0.9947 0.0598
vn -0.1292 0.9871 0.0945
vn -0.0808 0.9900 -0.1153
vn -0.0020 0.9985 0.0541
vn 0.0812 0.9905 0.1108
vn 0.0762 0.9966 -0.0302
vn 0.0043 0.9939 0.1104
vn -0.0118 0.9842 0.1765
vn -0.0302 0.9729 0.2291
vn -0.0046 0.9640 0.2660
vn 0.0171 0.9994 0.0315
vn -0.0746 0.9879 -0.1358
vn -0.0002 0.9987 -0.0518
vn 0.0764 0.9955 -0.0568
vn -0.0517 0.9946 -0.0897
vn -0.1097 0.9824 -0.1511
vn 0.0214 0.9997 -0.0114
vn 0.1665 0.9860 0.0029
vn 0.0959 0.9954 0.0030
vn 0.0276 0.9989 0.0380
vn 0.0411 0.9991 0.0140
vn -0.2900 0.9489 -0.1248
vn -0.2036 0.9783 -0.0388
vn -0.0713 0.9959 0.0555
vn 0.1892 0.9692 0.1578
vn 0.1679 0.9785 -0.1200
vn 0.0774 0.9899 -0.1192
vn 0.7115 0.7019 0.0333
vn 0.8851 0.4557 0.0947
vn 0.8385 0.5313 0.1213
vn 0.4695 0.8829 0.0120
vn 0.0004 1.0000 -0.0000
vn -0.0000 1.0000 -0.0000
vn -0.0000 1.0000 -0.0000
vn -0.0000 1.0000 -0.0000
vn -0.0000 1.0000 -0.0000
vn -0.0000 1.0000 -0.0000
vn -0.0000 1.0000 -0.0000
vn -0.0000 1.0000 -0.0000
vn -0.0000 1.0000 -0.0000
vn -0.0000 1.0000 -0.0000
vn -0.0000 1.0000 -0.0000
vn -0.0000 1.0000 -0.0000
vn -0.0000 1.0000 -0.0000
vn -0.0000 1.0000 -0.0000
vn -0.0000 1.0000 -0.0000
vn -0.0000 1.0000 -0.0000
vn -0.0000 1.0000 -0.0000
vn -0.0000 1.0000 -0.0000
vn -0.0000 1.0000 -0.0000
vn -0.0000 1.0000 -0.0000
vn -0.0000 1.0000 -0.0000
vn -0.0000 1.0000 -0.0000
vn -0.0021 0.9987 0.0507
vn -0.3407 0.8773 0.3379
vn -0.8032 0.5652 0.1885
vn -0.9003 0.4334 -0.0404
vn -0.7969 0.5892 -0.1330
vn -0.2500 0.9397 0.2335
vn 0.1832 0.9754 -0.1226
vn 0.1761 0.9841 0.0250
vn -0.1798 0.9800 0.0855
vn 0.0022 0.9952 -0.0977
vn 0.2337 0.9702 -0.0634
vn -0.0594 0.9980 -0.0232
vn -0.2169 0.9757 0.0311
vn -0.1424 0.9886 -0.0491
vn 0.0461 0.9989 -0.0029
vn 0.2623 0.9643 0.0352
vn 0.1824 0.9832 -0.0075
vn -0.1275 0.9917 -0.0172
vn -0.2569 0.9661 -0.0266
vn 0.0435 0.9980 -0.0460
vn 0.2265 0.9474 -0.2262
vn -0.0169 0.9914 -0.1295
vn -0.2081 0.9772 0.0414
vn -0.0849 0.9811 0.1736
vn 0.1302 0.9776 0.1652
vn 0.0059 0.9938 0.1111
vn 0.0595 0.9963 -0.0627
vn 0.1343 0.9899 -0.0445
vn 0.0639 0.9978 -0.0167
vn 0.0250 0.9995 0.0179
vn -0.1279 0.9913 -0.0320
vn -0.2218 0.9751 0.0066
vn -0.1059 0.9937 0.0371
vn 0.0592 0.9978 0.0285
vn 0.0444 0.9990 0.0098
vn -0.1205 0.9924 -0.0253
vn -0.0435 0.9957 -0.0821
vn 0.1244 0.9840 0.1272
vn 0.1392 0.9899 0.0258
vn 0.0942 0.9908 -0.0974
vn 0.0320 0.9991 -0.0291
vn 0.0115 0.9911 -0.1324
vn 0.0116 0.9942 -0.1068
vn 0.0301 0.9974 0.0659
vn 0.0537 0.9900 0.1303
vn -0.1489 0.9782 0.1445
vn -0.1626 0.9591 -0.2319
vn 0.2769 0.9567 -0.0894
vn 0.7852 0.6077 0.1190
vn 0.8941 0.4369 0.0984
vn 0.8179 0.5630 0.1184
vn 0.3886 0.9214 0.0003
vn -0.0000 1.0000 -0.0000
vn -0.0000 1.0000 -0.0000
vn -0.0000 1.0000 -0.0000
vn -0.0000 1.0000 -0.0000
vn -0.0000 1.0000 -0.0000
vn -0.0000 1.0000 -0.0000
vn -0.0000 1.0000 -0.0000
vn -0.0000 1.0000 -0.0000
vn -0.0000 1.0000 -0.0000
vn -0.0000 1.0000 -0.0000
vn -0.0000 0.9892 -0.1463
vn -0.0000 0.8914 -0.4533
vn -0.0000 0.8490 -0.5284
vn -0.0000 0.9280 -0.3725
vn -0.0000 0.9991 -0.0431
vn -0.0000 1.0000 -0.0000
vn -0.0000 1.0000 -0.0000
vn -0.0000 1.0000 -0.0000
vn -0.0000 1.0000 -0.0000
vn -0.0000 1.0000 -0.0000
vn -0.0000 1.0000 -0.0000
vn -0.0000 1.0000 -0.0000
vn -0.0190 0.9998 -0.0000
vn -0.5389 0.8364 -0.1001
vn -0.8368 0.4804 -0.2625
vn -0.8577 0.4536 -0.2421
vn -0.6102 0.7897 -0.0631
vn -0.2003 0.9460 0.2550
vn -0.0584 0.9969 0.0520
vn 0.1993 0.9797 -0.0212
vn -0.1740 0.9833 -0.0527
vn -0.1234 0.9921 -0.0242
vn 0.1232 0.9892 -0.0797
vn 0.0092 0.9958 -0.0909
vn -0.1409 0.9869 -0.0792
vn -0.0835 0.9963 -0.0208
vn 0.1210 0.9899 0.0740
vn 0.2424 0.9628 0.1190
vn 0.0297 0.9985 -0.0453
vn -0.2187 0.9626 -0.1600
vn -0.1396 0.9810 -0.1346
vn -0.0636 0.9969 0.0473
vn 0.0829 0.9869 -0.1386
vn 0.1911 0.9710 -0.1440
vn 0.1733 0.9808 -0.0892
vn 0.0438 0.9742 0.2212
vn -0.0667 0.9924 0.1037
vn -0.1483 0.9888 0.0146
vn -0.0800 0.9960 -0.0399
vn 0.0498 0.9856 -0.1616
vn 0.0498 0.9786 -0.1996
vn -0.0454 0.9753 -0.2162
vn -0.0154 0.9710 -0.2385
vn 0.0864 0.9962 0.0070
vn -0.0528 0.9825 0.1787
vn -0.0276 0.9947 0.0993
vn 0.0226 0.9987 0.0447
vn -0.1426 0.9888 0.0440
vn 0.0429 0.9955 0.0847
vn 0.1279 0.9846 0.1188
vn -0.0586 0.9983 -0.0032
vn 0.0407 0.9901 -0.1341
vn -0.0076 0.9889 -0.1481
vn -0.1632 0.9730 -0.1629
vn 0.0413 0.9987 -0.0305
vn 0.0308 0.9993 0.0222
vn 0.0101 0.9998 -0.0176
vn -0.1745 0.9793 -0.1026
vn -0.0693 0.9967 -0.0430
vn 0.4565 0.8851 0.0907
vn 0.7820 0.5870 0.2097
vn 0.8847 0.4521 0.1136
vn 0.7992 0.5905 0.1119
vn 0.3061 0.9520 -0.0000
vn -0.0000 1.0000 -0.0000
vn -0.0000 1.0000 -0.0000
vn -0.0000 1.0000 -0.0000
vn -0.0000 1.0000 -0.0000
vn -0.0000 1.0000 -0.0000
vn -0.0000 1.0000 -0.0000
vn -0.0000 1.0000 -0.0000
vn -0.0000 1.0000 -0.0000
vn -0.0000 1.0000 -0.0000
vn -0.1383 0.9354 -0.3254
vn -0.3136 0.6167 -0.7220
vn -0.2518 0.5306 -0.8093
vn 0.0581 0.5420 -0.8384
vn 0.3101 0.5353 -0.7857
vn 0.2831 0.7052 -0.6500
vn 0.0428 0.9929 -0.1110
vn -0.0000 1.0000 -0.0000
vn -0.0000 1.0000 -0.0000
vn -0.0000 1.0000 -0.0000
vn -0.0000 1.0000 -0.0000
vn -0.0000 1.0000 -0.0000
vn -0.0000 1.0000 -0.0000
vn -0.1209 0.9927 -0.0000
vn -0.6689 0.7156 -0.2010
vn -0.8430 0.4594 -0.2799
vn -0.8283 0.5142 -0.2225
vn -0.4814 0.8763 -0.0169
vn -0.1328 0.9910 0.0151
vn -0.1022 0.9886 0.1109
vn 0.0729 0.9967 -0.0369
vn -0.1819 0.9768 -0.1129
vn -0.0247 0.9988 -0.0417
vn 0.1710 0.9830 0.0666
vn -0.0590 0.9972 0.0451
vn -0.1500 0.9876 -0.0459
vn 0.0110 0.9998 0.0142
vn 0.1865 0.9780 0.0939
vn 0.1490 0.9814 0.1212
vn -0.1032 0.9893 -0.1031
vn -0.2148 0.9745 -0.0642
vn -0.0521 0.9986 -0.0128
vn 0.0402 0.9961 0.0783
vn 0.0429 0.9900 0.1342
vn 0.0325 0.9992 0.0232
vn 0.1594 0.9814 -0.1067
vn 0.1082 0.9936 -0.0326
vn -0.0787 0.9957 -0.0483
vn -0.1372 0.9896 -0.0437
vn -0.1183 0.9930 0.0062
vn -0.0283 0.9978 -0.0596
vn 0.0063 0.9938 -0.1107
vn -0.0163 0.9868 -0.1609
vn 0.0989 0.9919 -0.0800
vn 0.1962 0.9806 0.0013
vn -0.0138 0.9981 0.0603
vn -0.0775 0.9944 0.0718
vn -0.0109 0.9998 0.0170
vn -0.0807 0.9962 0.0342
vn 0.0323 0.9936 0.1085
vn 0.0380 0.9988 -0.0293
vn -0.1144 0.9914 -0.0631
vn -0.0512 0.9950 -0.0862
vn 0.0000 0.9905 -0.1376
vn -0.0236 0.9992 -0.0329
vn 0.1159 0.9900 -0.0801
vn 0.0429 0.9946 0.0947
vn -0.0725 0.9973 0.0115
vn -0.1719 0.9667 -0.1896
vn 0.0377 0.9987 0.0332
vn 0.5674 0.8225 0.0403
vn 0.8109 0.5628 0.1605
vn 0.8726 0.4645 0.1508
vn 0.7643 0.6362 0.1056
vn 0.2263 0.9741 -0.0000
vn -0.0000 1.0000 -0.0000
vn -0.0000 1.0000 -0.0000
vn -0.0000 1.0000 -0.0000
vn -0.0000 1.0000 -0.0000
vn -0.0000 1.0000 -0.0000
vn -0.0000 1.0000 -0.0000
vn -0.0000 1.0000 -0.0000
vn -0.0000 1.0000 -0.0000
vn -0.3276 0.9416 -0.0782
vn -0.6179 0.5278 -0.5827
vn -0.5649 0.4798 -0.6713
vn -0.2525 0.6712 -0.6969
vn 0.0422 0.7337 -0.6782
vn 0.3802 0.6083 -0.6967
vn 0.6017 0.4438 -0.6640
vn 0.5977 0.6484 -0.4715
vn 0.1111 0.9938 -0.0000
vn -0.0000 1.0000 -0.0000
vn -0.0000 1.0000 -0.0000
vn -0.0000 1.0000 -0.0000
vn -0.0000 1.0000 -0.0000
vn -0.0000 1.0000 -0.0000
vn -0.2872 0.9579 -0.0024
vn -0.7568 0.6037 -0.2504
vn -0.8374 0.4422 -0.3213
vn -0.7343 0.5645 -0.3771
vn -0.3041 0.9367 -0.1733
vn -0.0796 0.9920 -0.0979
vn -0.1100 0.9925 0.0538
vn -0.0243 0.9982 -0.0549
vn -0.1778 0.9787 -0.1025
vn 0.0589 0.9982 -0.0074
vn 0.2067 0.9772 0.0479
vn -0.1044 0.9937 0.0417
vn -0.1713 0.9852 0.0002
vn 0.0586 0.9977 -0.0355
vn 0.2256 0.9742 0.0083
vn 0.0515 0.9986 0.0073
vn -0.1531 0.9590 -0.2385
vn -0.1344 0.9898 0.0482
vn 0.0021 0.9887 0.1499
vn 0.0837 0.9904 0.1100
vn 0.0285 0.9951 0.0944
vn -0.0470 0.9918 0.1190
vn 0.1187 0.9837 0.1353
vn 0.1046 0.9945 -0.0033
vn -0.0783 0.9966 -0.0272
vn -0.0948 0.9955 0.0028
vn -0.0944 0.9854 0.1415
vn -0.0657 0.9781 0.1974
vn -0.0518 0.9894 0.1353
vn -0.0159 0.9998 0.0157
vn 0.1467 0.9878 0.0530
vn 0.2221 0.9749 -0.0164
vn 0.0170 0.9985 -0.0529
vn -0.0709 0.9965 0.0446
vn -0.0151 0.9951 0.0973
vn -0.0516 0.9931 0.1055
vn -0.0204 0.9965 0.0805
vn -0.0425 0.9915 -0.1233
vn -0.1148 0.9889 -0.0942
vn -0.0342 0.9994 -0.0096
vn 0.0449 0.9751 0.2170
vn 0.0435 0.9798 0.1950
vn 0.3653 0.9285 -0.0668
vn 0.1217 0.9874 -0.1012
vn -0.2696 0.9583 -0.0946
vn -0.1542 0.9855 -0.0714
vn 0.1726 0.9828 0.0653
vn 0.6075 0.7913 -0.0694
vn 0.8491 0.5281 0.0142
vn 0.8698 0.4733 0.1393
vn 0.7137 0.6938 0.0969
vn 0.1537 0.9881 -0.0000
vn -0.0000 1.0000 -0.0000
vn -0.0000 1.0000 -0.0000
vn -0.0000 1.0000 -0.0000
vn -0.0000 1.0000 -0.0000
vn -0.0000 1.0000 -0.0000
vn -0.0000 1.0000 -0.0000
vn -0.0000 1.0000 -0.0000
vn -0.0827 0.9966 -0.0000
vn -0.7228 0.6548 -0.2208
vn -0.6994 0.4778 -0.5316
vn -0.3829 0.8646 -0.3253
vn -0.0000 0.9998 -0.0215
vn -0.0000 1.0000 -0.0000
vn 0.0073 0.9969 -0.0788
vn 0.5707 0.6963 -0.4352
vn 0.7292 0.4737 -0.4938
vn 0.5875 0.8080 -0.0450
vn -0.0000 1.0000 -0.0000
vn -0.0000 1.0000 -0.0000
vn -0.0000 1.0000 -0.0000
vn -0.0000 1.0000 -0.0000
vn -0.0025 1.0000 -0.0000
vn -0.4720 0.8794 -0.0622
vn -0.8275 0.4988 -0.2577
vn -0.8578 0.4108 -0.3090
vn -0.7016 0.6561 -0.2780
vn 0.0198 0.9913 -0.1303
vn 0.1025 0.9747 -0.1986
vn -0.0596 0.9981 0.0149
vn -0.0852 0.9935 -0.0758
vn -0.1369 0.9876 -0.0774
vn 0.1260 0.9771 0.1717
vn 0.2177 0.9746 -0.0534
vn -0.1073 0.9942 -0.0122
vn -0.2204 0.9604 0.1707
vn 0.0190 0.9841 0.1768
vn 0.2264 0.9688 0.1006
vn -0.1048 0.9945 0.0046
vn -0.0615 0.9774 -0.2021
vn 0.1764 0.9808 0.0829
vn 0.0100 0.9842 0.1767
vn -0.0162 0.9923 0.1231
vn 0.0520 0.9965 -0.0648
vn 0.0750 0.9967 0.0297
vn 0.0387 0.9897 0.1377
vn -0.0548 0.9796 -0.1934
vn -0.0727 0.9963 -0.0461
vn 0.0322 0.9992 0.0257
vn 0.0796 0.9961 -0.0377
vn -0.0350 0.9950 0.0937
vn -0.1745 0.9703 0.1674
vn -0.0965 0.9689 0.2278
vn 0.0670 0.9970 0.0389
vn 0.0923 0.9881 -0.1231
vn 0.0470 0.9828 -0.1787
vn 0.0724 0.9927 0.0964
vn 0.0501 0.9939 0.0987
vn -0.0972 0.9920 0.0807
vn -0.1942 0.9801 0.0402
vn -0.1367 0.9906 -0.0081
vn -0.0006 0.9960 0.0892
vn 0.2527 0.9488 0.1896
vn 0.1990 0.9538 0.2250
vn -0.0689 0.9761 0.2061
vn 0.0558 0.9980 0.0311
vn 0.0160 0.9805 -0.1957
vn -0.0423 0.9925 -0.1150
vn -0.0126 0.9922 0.1242
vn 0.0224 0.9950 0.0970
vn 0.5451 0.8382 -0.0175
vn 0.8765 0.4809 0.0210
vn 0.8879 0.4459 0.1130
vn 0.6697 0.7382 0.0817
vn 0.0922 0.9957 -0.0000
vn -0.0000 1.0000 -0.0000
vn -0.0000 1.0000 -0.0000
vn -0.0000 1.0000 -0.0000
vn -0.0000 1.0000 -0.0000
vn -0.0000 1.0000 -0.0000
vn -0.0000 1.0000 -0.0000
vn -0.0000 1.0000 -0.0000
vn -0.3196 0.9476 -0.0000
vn -0.8137 0.5571 -0.1656
vn -0.7483 0.6187 -0.2393
vn -0.0859 0.9963 -0.0000
vn -0.0000 1.0000 -0.0000
vn -0.0000 1.0000 -0.0000
vn -0.0000 1.0000 -0.0000
vn 0.3653 0.9309 -0.0068
vn 0.8024 0.5381 -0.2579
vn 0.7549 0.6540 -0.0495
vn 0.0556 0.9985 -0.0000
vn -0.0000 1.0000 -0.0000
vn -0.0000 1.0000 -0.0000
vn -0.0000 1.0000 -0.0000
vn -0.0706 0.9975 -0.0000
vn -0.6236 0.7638 -0.1666
vn -0.8562 0.4425 -0.2667
vn -0.8461 0.4698 -0.2520
vn -0.5623 0.8269 0.0019
vn -0.1036 0.9903 0.0921
vn 0.0659 0.9955 -0.0677
vn 0.0166 0.9998 -0.0053
vn -0.1169 0.9931 -0.0131
vn 0.0701 0.9972 0.0274
vn 0.0804 0.9730 0.2165
vn 0.0235 0.9980 -0.0580
vn 0.1263 0.9906 -0.0517
vn 0.0180 0.9948 0.0999
vn -0.0150 0.9849 0.1725
vn 0.0561 0.9928 0.1055
vn -0.2505 0.9674 0.0374
vn -0.0795 0.9966 0.0214
vn 0.2427 0.9689 0.0479
vn 0.0417 0.9979 0.0501
vn -0.1579 0.9872 0.0222
vn -0.0649 0.9889 -0.1340
vn 0.1538 0.9814 -0.1153
vn -0.1056 0.9912 -0.0801
vn -0.0783 0.9763 -0.2017
vn 0.1428 0.9875 -0.0669
vn -0.0864 0.9959 -0.0271
vn -0.0270 0.9868 -0.1599
vn 0.1401 0.9779 -0.1551
vn 0.0883 0.9959 -0.0189
vn -0.1454 0.9728 0.1804
vn -0.2065 0.9778 -0.0347
vn 0.0070 0.9904 -0.1382
vn 0.2291 0.9598 -0.1623
vn 0.2055 0.9786 0.0149
vn -0.0310 0.9994 -0.0140
vn -0.1096 0.9935 -0.0298
vn -0.1092 0.9932 -0.0395
vn 0.0057 0.9986 0.0531
vn 0.0906 0.9857 0.1418
vn 0.1094 0.9759 0.1886
vn 0.0571 0.9971 -0.0493
vn -0.0051 1.0000 0.0028
vn -0.0674 0.9912 0.1137
vn -0.0238 0.9993 0.0304
vn 0.0434 0.9971 0.0628
vn 0.0561 0.9865 0.1538
vn 0.0291 0.9838 0.1770
vn 0.5697 0.7981 0.1962
vn 0.8705 0.4625 0.1681
vn 0.8791 0.4615 0.1187
vn 0.6115 0.7888 0.0623
vn 0.0448 0.9990 -0.0000
vn -0.0000 1.0000 -0.0000
vn -0.0000 1.0000 -0.0000
vn -0.0000 1.0000 -0.0000
vn -0.0000 1.0000 -0.0000
vn -0.0000 1.0000 -0.0000
vn -0.0000 1.0000 -0.0000
vn -0.0000 1.0000 -0.0000
vn -0.3554 0.9347 -0.0000
vn -0.8266 0.5545 0.0968
vn -0.7528 0.6453 0.1297
vn -0.0560 0.9984 -0.0000
vn -0.0000 1.0000 -0.0000
vn -0.0000 1.0000 -0.0000
vn -0.0000 1.0000 -0.0000
vn 0.3222 0.9467 -0.0000
vn 0.8182 0.5561 0.1458
vn 0.7694 0.6378 0.0342
vn 0.0754 0.9972 -0.0000
vn -0.0000 1.0000 -0.0000
vn -0.0000 1.0000 -0.0000
vn -0.0000 1.0000 -0.0000
vn -0.2154 0.9765 -0.0000
vn -0.7307 0.6413 -0.2341
vn -0.8562 0.4331 -0.2816
vn -0.8209 0.5535 -0.1407
vn -0.4027 0.9153 0.0091
vn -0.0500 0.9931 0.1064
vn 0.0068 0.9826 0.1854
vn -0.0049 0.9995 -0.0306
vn -0.0527 0.9942 0.0937
vn 0.0956 0.9835 0.1534
vn 0.0432 0.9973 0.0589
vn -0.0512 0.9960 0.0726
vn 0.0505 0.9978 -0.0426
vn -0.0021 0.9693 -0.2459
vn 0.0246 0.9769 -0.2124
vn 0.0960 0.9880 -0.1210
vn -0.1868 0.9822 -0.0176
vn -0.0516 0.9881 0.1449
vn 0.2038 0.9772 0.0602
vn -0.0167 0.9998 -0.0127
vn -0.1969 0.9746 -0.1070
vn -0.0874 0.9948 -0.0521
vn 0.1280 0.9852 -0.1140
vn -0.0492 0.9845 -0.1681
vn -0.0425 0.9932 0.1088
vn 0.1056 0.9931 -0.0510
vn -0.0618 0.9935 -0.0952
vn -0.0512 0.9956 0.0780
vn 0.1067 0.9882 -0.1099
vn 0.1612 0.9810 -0.1079
vn -0.1153 0.9927 -0.0351
vn -0.2497 0.9683 0.0065
vn -0.0402 0.9989 -0.0239
vn 0.1980 0.9772 -0.0761
vn 0.2171 0.9522 -0.2147
vn 0.0053 0.9950 -0.0993
vn -0.1224 0.9894 -0.0777
vn -0.1133 0.9858 -0.1243
vn 0.0451 0.9904 -0.1305
vn 0.1376 0.9864 -0.0894
vn 0.0727 0.9958 -0.0559
vn 0.0180 0.9926 -0.1199
vn 0.0337 0.9959 -0.0836
vn -0.1117 0.9922 -0.0549
vn -0.0354 0.9990 0.0284
vn 0.0821 0.9916 0.0995
vn 0.1022 0.9794 0.1739
vn 0.1117 0.9934 0.0251
vn 0.6308 0.7566 0.1725
vn 0.8625 0.4702 0.1869
vn 0.8564 0.5017 0.1222
vn 0.5446 0.8379 0.0372
vn 0.0136 0.9999 -0.0000
vn -0.0000 1.0000 -0.0000
vn -0.0000 1.0000 -0.0000
vn -0.0000 1.0000 -0.0000
vn -0.0000 1.0000 -0.0000
vn -0.0000 1.0000 -0.0000
vn -0.0000 1.0000 -0.0000
vn -0.0000 1.0000 -0.0000
vn -0.1606 0.9870 -0.0000
vn -0.7622 0.6051 0.2301
vn -0.7158 0.5172 0.4693
vn -0.2735 0.9524 0.1349
vn -0.0000 1.0000 -0.0000
vn -0.0000 1.0000 -0.0000
vn -0.0000 1.0000 -0.0000
vn 0.5253 0.8023 0.2835
vn 0.7487 0.4847 0.4523
vn 0.6647 0.7450 0.0563
vn 0.0020 1.0000 -0.0000
vn -0.0000 1.0000 -0.0000
vn -0.0000 1.0000 -0.0000
vn -0.0000 1.0000 -0.0000
vn -0.3994 0.9163 -0.0300
vn -0.7976 0.5438 -0.2609
vn -0.8305 0.4552 -0.3210
vn -0.7346 0.6439 -0.2138
vn -0.3025 0.9493 -0.0856
vn 0.0738 0.9951 -0.0664
vn -0.0714 0.9974 0.0050
vn -0.0776 0.9961 0.0419
vn 0.0687 0.9976 0.0065
vn 0.0351 0.9979 -0.0553
vn -0.0004 0.9782 -0.2076
vn -0.0779 0.9966 -0.0253
vn -0.1950 0.9796 -0.0492
vn -0.1523 0.9720 -0.1787
vn 0.1146 0.9881 -0.1023
vn 0.2479 0.9678 -0.0437
vn 0.0102 0.9996 0.0270
vn -0.0003 0.9795 0.2014
vn 0.0906 0.9944 -0.0536
vn -0.1277 0.9857 -0.1103
vn -0.1958 0.9807 0.0014
vn -0.0714 0.9967 0.0373
vn 0.0382 0.9979 -0.0518
vn 0.1167 0.9829 -0.1422
vn 0.0392 0.9991 0.0187
vn -0.0607 0.9977 0.0290
vn 0.0427 0.9968 0.0679
vn -0.0419 0.9804 0.1925
vn -0.0451 0.9985 0.0317
vn 0.1623 0.9867 -0.0065
vn -0.0327 0.9995 -0.0018
vn -0.1955 0.9787 0.0625
vn -0.0765 0.9874 0.1382
vn 0.0368 0.9910 0.1289
vn 0.1814 0.9650 -0.1891
vn 0.1152 0.9932 -0.0149
vn -0.1351 0.9889 0.0615
vn -0.1604 0.9828 0.0918
vn 0.0409 0.9923 0.1172
vn 0.1652 0.9862 -0.0111
vn 0.0810 0.9890 -0.1236
vn 0.0295 0.9986 0.0432
vn 0.0684 0.9970 0.0361
vn 0.0985 0.9901 -0.1003
vn 0.1305 0.9893 0.0654
vn 0.1887 0.9800 0.0638
vn -0.0183 0.9998 -0.0127
vn 0.0796 0.9943 -0.0707
vn 0.7343 0.6760 0.0617
vn 0.8783 0.4628 0.1200
vn 0.8342 0.5376 0.1227
vn 0.4695 0.8829 -0.0097
vn 0.0004 1.0000 -0.0000
vn -0.0000 1.0000 -0.0000
vn -0.0000 1.0000 -0.0000
vn -0.0000 1.0000 -0.0000
vn -0.0000 0.9782 -0.2079
vn -0.0000 0.9723 -0.2338
vn -0.0000 0.9723 -0.2338
vn -0.0000 0.9723 -0.2338
vn -0.0000 0.9723 -0.2338
vn -0.5028 0.8618 -0.0670
vn -0.7014 0.4992 0.5087
vn -0.5373 0.5577 0.6327
vn -0.1170 0.8262 0.5511
vn -0.0000 0.8792 0.4765
vn 0.2669 0.7552 0.5987
vn 0.6121 0.4807 0.6279
vn 0.7071 0.5925 0.3861
vn 0.2569 0.9401 -0.2242
vn -0.0000 0.9723 -0.2338
vn -0.0000 0.9723 -0.2338
vn -0.0000 0.9723 -0.2338
vn -0.0318 0.9718 -0.2337
vn -0.5628 0.8036 -0.1933
vn -0.8447 0.4662 -0.2631
vn -0.8444 0.4616 -0.2718
vn -0.6378 0.7346 -0.2316
vn -0.1712 0.9799 -0.1021
vn 0.0447 0.9951 -0.0884
vn 0.1149 0.9922 -0.0491
vn -0.0035 0.9995 0.0329
vn -0.1480 0.9832 -0.1068
vn -0.1189 0.9786 -0.1679
vn 0.0731 0.9958 -0.0547
vn 0.1093 0.9886 -0.1034
vn -0.1072 0.9941 -0.0166
vn -0.0546 0.9854 0.1615
vn 0.1597 0.9746 0.1570
vn 0.2216 0.9728 0.0680
vn 0.0605 0.9982 0.0031
vn -0.1317 0.9890 0.0674
vn -0.1081 0.9921 -0.0638
vn 0.0384 0.9958 -0.0831
vn -0.0526 0.9986 0.0005
vn -0.1396 0.9891 0.0464
vn -0.0521 0.9983 0.0275
vn 0.0206 0.9998 -0.0058
vn 0.1297 0.9911 -0.0306
vn 0.1535 0.9855 0.0724
vn 0.1039 0.9887 0.1076
vn -0.0874 0.9957 0.0299
vn -0.0936 0.9842 0.1506
vn 0.1286 0.9839 0.1240
vn -0.0456 0.9982 0.0382
vn -0.1152 0.9924 0.0423
vn 0.0259 0.9970 0.0735
vn -0.1316 0.9868 0.0945
vn 0.0823 0.9926 0.0894
vn 0.2547 0.9670 0.0071
vn -0.0153 0.9992 0.0356
vn -0.0582 0.9860 0.1560
vn -0.0579 0.9806 0.1873
vn -0.1029 0.9935 0.0484
vn 0.1260 0.9879 -0.0904
vn 0.1764 0.9841 -0.0225
vn 0.0197 0.9990 -0.0413
vn 0.2166 0.9750 0.0501
vn 0.1283 0.9790 0.1582
vn 0.0040 0.9985 0.0539
vn -0.0315 0.9860 -0.1639
vn 0.2114 0.9766 0.0387
vn 0.7568 0.6501 0.0689
vn 0.8877 0.4503 0.0964
vn 0.7912 0.5507 -0.2661
vn 0.3886 0.9214 -0.0011
vn 0.0246 0.9997 -0.0000
vn -0.0000 1.0000 -0.0000
vn -0.0000 1.0000 -0.0000
vn -0.2035 0.9577 -0.2035
vn -0.1519 0.6317 -0.7602
vn -0.0180 0.6407 -0.7676
vn -0.0000 0.6410 -0.7675
vn -0.0000 0.6418 -0.7669
vn -0.0000 0.6443 -0.7647
vn -0.0000 0.6371 -0.7707
vn -0.1436 0.8356 -0.5302
vn -0.5323 0.8328 0.1522
vn -0.4907 0.8283 0.2703
vn 0.1184 0.9418 0.3148
vn 0.5861 0.7669 0.2613
vn 0.4568 0.8895 -0.0076
vn -0.0000 0.7397 -0.6729
vn -0.0000 0.6474 -0.7621
vn -0.0000 0.6470 -0.7625
vn -0.0000 0.6400 -0.7684
vn -0.0000 0.6383 -0.7698
vn -0.0000 0.6371 -0.7707
vn -0.4403 0.5795 -0.6858
vn -0.8409 0.4634 -0.2796
vn -0.8279 0.5256 -0.1960
vn -0.5484 0.8357 -0.0311
vn -0.0918 0.9957 0.0128
vn 0.1275 0.9898 0.0642
vn 0.0497 0.9902 0.1305
vn -0.1356 0.9894 -0.0514
vn -0.1340 0.9888 -0.0661
vn 0.0885 0.9961 0.0002
vn 0.0638 0.9589 0.2765
vn -0.0399 0.9985 -0.0381
vn 0.0693 0.9975 0.0158
vn 0.0204 0.9655 0.2595
vn 0.0216 0.9881 0.1522
vn 0.0976 0.9950 0.0202
vn 0.0085 0.9964 -0.0840
vn -0.0673 0.9940 -0.0859
vn -0.0603 0.9966 0.0565
vn -0.0646 0.9973 0.0356
vn -0.0683 0.9861 -0.1515
vn -0.0446 0.9989 0.0121
vn -0.0144 0.9990 0.0413
vn 0.0602 0.9970 0.0490
vn 0.1172 0.9891 0.0892
vn 0.0787 0.9964 0.0301
vn -0.0005 0.9990 -0.0442
vn 0.0014 0.9831 -0.1831
vn 0.0505 0.9941 0.0964
vn 0.0495 0.9952 0.0848
vn -0.1153 0.9926 -0.0368
vn -0.1621 0.9867 -0.0123
vn -0.0242 0.9944 -0.1027
vn 0.0531 0.9925 -0.1098
vn 0.0970 0.9740 0.2047
vn 0.0612 0.9936 -0.0951
vn 0.0141 0.9876 -0.1563
vn -0.0079 0.9978 -0.0654
vn -0.0679 0.9947 -0.0776
vn -0.1142 0.9926 -0.0422
vn 0.0103 0.9995 -0.0298
vn 0.0775 0.9715 -0.2241
vn 0.0308 0.9694 -0.2437
vn 0.3045 0.9519 -0.0353
vn 0.1331 0.9901 0.0453
vn -0.1336 0.9881 0.0762
vn -0.0325 0.9952 0.0924
vn 0.3313 0.9404 0.0763
vn 0.7755 0.6152 0.1421
vn 0.7259 0.5547 -0.4068
vn 0.6691 0.5007 -0.5492
vn 0.7009 0.6906 -0.1786
vn 0.0016 1.0000 -0.0000
vn -0.0000 1.0000 -0.0000
vn -0.2035 0.9577 -0.2035
vn -0.6134 0.5098 -0.6032
vn -0.4022 0.4082 -0.8195
vn 0.0028 0.4560 -0.8900
vn 0.0013 0.4348 -0.9005
vn 0.0044 0.4232 -0.9060
vn -0.0062 0.4194 -0.9078
vn -0.0140 0.4531 -0.8913
vn -0.0058 0.4570 -0.8895
vn -0.0013 0.4817 -0.8763
vn 0.0054 0.5516 -0.8341
vn 0.0084 0.5846 -0.8113
vn 0.0056 0.5271 -0.8498
vn 0.0102 0.4410 -0.8974
vn 0.0106 0.4289 -0.9033
vn 0.0020 0.4301 -0.9028
vn -0.0103 0.4413 -0.8973
vn -0.0132 0.4751 -0.8798
vn -0.0041 0.4529 -0.8916
vn -0.0043 0.4297 -0.9029
vn -0.0406 0.4311 -0.9014
vn -0.5415 0.5407 -0.6437
vn -0.7644 0.6052 -0.2223
vn -0.4302 0.8916 -0.1413
vn -0.0724 0.9971 0.0231
vn 0.1614 0.9854 -0.0532
vn -0.0011 0.9841 -0.1774
vn -0.1981 0.9800 0.0174
vn -0.0974 0.9912 0.0898
vn 0.2267 0.9697 0.0911
vn 0.0350 0.9980 -0.0524
vn -0.1597 0.9856 -0.0561
vn 0.1950 0.9799 -0.0417
vn 0.0825 0.9965 -0.0122
vn -0.0842 0.9952 0.0490
vn -0.0106 0.9999 -0.0061
vn -0.0460 0.9969 -0.0637
vn 0.0078 0.9951 -0.0985
vn 0.0132 0.9977 0.0664
vn -0.1689 0.9831 0.0711
vn -0.0759 0.9945 -0.0717
vn 0.0529 0.9823 0.1800
vn -0.0150 0.9958 0.0908
vn 0.0691 0.9955 -0.0645
vn 0.1108 0.9888 -0.1002
vn 0.0213 0.9998 0.0003
vn -0.1107 0.9939 -0.0018
vn 0.0523 0.9778 -0.2029
vn 0.1725 0.9782 -0.1160
vn -0.0034 0.9951 -0.0984
vn -0.1412 0.9858 -0.0908
vn -0.1789 0.9815 0.0684
vn -0.0719 0.9947 0.0733
vn 0.1771 0.9833 0.0418
vn 0.0971 0.9917 -0.0843
vn -0.1037 0.9886 -0.1088
vn 0.0147 0.9896 -0.1429
vn 0.0208 0.9806 -0.1950
vn -0.0356 0.9883 -0.1484
vn -0.0552 0.9981 0.0282
vn -0.0594 0.9793 0.1937
vn -0.0418 0.9870 0.1553
vn -0.0216 0.9968 -0.0773
vn 0.3613 0.9317 -0.0380
vn 0.2357 0.9616 -0.1407
vn 0.0507 0.9947 -0.0892
vn -0.0278 0.9983 0.0509
vn 0.3341 0.9422 0.0257
vn 0.3173 0.9073 -0.2758
vn 0.3572 0.5552 -0.7511
vn 0.7370 0.3856 -0.5551
vn 0.6650 0.4379 -0.6049
vn 0.2217 0.7831 -0.5810
vn -0.1705 0.8022 -0.5723
vn -0.5788 0.4892 -0.6524
vn -0.6615 0.3295 -0.6737
vn -0.5143 0.5099 -0.6896
vn -0.0530 0.5825 -0.8111
vn -0.1066 0.5628 -0.8197
vn -0.0516 0.5503 -0.8334
vn 0.0919 0.5285 -0.8439
vn 0.1242 0.5691 -0.8128
vn -0.0140 0.5779 -0.8160
vn -0.1155 0.5635 -0.8180
vn -0.0857 0.5326 -0.8420
vn 0.0138 0.5358 -0.8442
vn 0.0639 0.5455 -0.8356
vn 0.0115 0.5898 -0.8075
vn -0.0363 0.5638 -0.8251
vn 0.0404 0.5560 -0.8302
vn 0.1367 0.5525 -0.8222
vn 0.0379 0.5862 -0.8093
vn -0.1414 0.5668 -0.8117
vn -0.0677 0.5549 -0.8292
vn 0.0837 0.5542 -0.8282
vn -0.0546 0.5985 -0.7992
vn -0.4531 0.8341 -0.3146
vn -0.2568 0.9664 0.0047
vn 0.0123 0.9997 0.0196
vn -0.0741 0.9931 -0.0910
vn 0.1183 0.9702 -0.2115
vn 0.1324 0.9894 0.0597
vn -0.0590 0.9945 0.0863
vn -0.0541 0.9963 0.0667
vn -0.0840 0.9955 -0.0445
vn -0.0300 0.9994 -0.0155
vn 0.1133 0.9919 -0.0568
vn 0.1110 0.9838 -0.1405
vn 0.0280 0.9979 -0.0589
vn -0.0150 0.9989 -0.0445
vn -0.0840 0.9960 -0.0306
vn 0.0626 0.9978 0.0204
vn 0.1101 0.9938 0.0134
vn -0.1989 0.9779 0.0637
vn 0.0408 0.9803 0.1933
vn 0.1178 0.9930 -0.0059
vn -0.2538 0.9670 0.0203
vn -0.1306 0.9878 0.0847
vn 0.1804 0.9821 0.0537
vn 0.1757 0.9843 -0.0164
vn -0.2036 0.9770 -0.0636
vn -0.1140 0.9886 -0.0985
vn 0.1572 0.9855 -0.0644
vn 0.0757 0.9934 -0.0865
vn 0.0519 0.9909 -0.1244
vn 0.0015 0.9997 0.0255
vn -0.0511 0.9932 0.1044
vn -0.1038 0.9868 0.1243
vn -0.0529 0.9982 -0.0297
vn 0.0022 0.9978 -0.0668
vn -0.0742 0.9948 -0.0696
vn -0.0137 0.9987 -0.0487
vn 0.1568 0.9875 -0.0150
vn 0.2268 0.9739 0.0100
vn 0.1379 0.9894 0.0445
vn -0.1898 0.9707 0.1475
vn -0.3990 0.9111 0.1036
vn 0.1081 0.9941 0.0084
vn 0.0845 0.9880 -0.1292
vn 0.0611 0.9856 -0.1574
vn 0.0832 0.9862 -0.1433
vn -0.0026 0.9949 -0.1012
vn -0.1070 0.8950 -0.4331
vn 0.1544 0.8928 -0.4231
vn 0.6287 0.4806 -0.6113
vn 0.5628 0.3286 -0.7584
vn 0.2589 0.3868 -0.8851
vn -0.2278 0.3849 -0.8944
vn -0.5055 0.3274 -0.7983
vn -0.5573 0.4559 -0.6940
vn -0.2974 0.8932 -0.3372
vn -0.0912 0.9301 -0.3559
vn -0.1121 0.9429 -0.3136
vn -0.1227 0.9446 -0.3043
vn 0.0667 0.9346 -0.3493
vn 0.1372 0.8912 -0.4324
vn -0.0322 0.8955 -0.4440
vn -0.1537 0.8953 -0.4181
vn -0.1077 0.9415 -0.3193
vn 0.0598 0.9414 -0.3318
vn 0.2009 0.9247 -0.3232
vn 0.0882 0.9642 -0.2501
vn -0.0948 0.9545 -0.2828
vn -0.0190 0.9476 -0.3189
vn 0.0827 0.9263 -0.3677
vn 0.0252 0.8882 -0.4588
vn -0.1115 0.9071 -0.4059
vn -0.0677 0.9373 -0.3418
vn 0.0612 0.9427 -0.3281
vn 0.1051 0.9074 -0.4068
vn 0.0758 0.9829 -0.1680
vn -0.0834 0.9738 0.2114
vn -0.1668 0.9859 -0.0143
vn -0.0735 0.9973 0.0043
vn 0.1487 0.9857 0.0795
vn 0.1021 0.9946 0.0174
vn -0.0913 0.9958 0.0044
vn 0.1018 0.9946 0.0218
vn -0.0470 0.9920 0.1175
vn -0.1719 0.9843 0.0409
vn 0.0715 0.9973 0.0137
vn 0.0808 0.9967 -0.0012
vn 0.0137 0.9960 -0.0882
vn 0.0177 0.9970 -0.0755
vn 0.0188 0.9988 -0.0453
vn 0.0519 0.9982 0.0303
vn 0.0578 0.9980 -0.0275
vn 0.0120 0.9998 0.0168
vn -0.1436 0.9742 0.1738
vn -0.1193 0.9753 -0.1860
vn 0.0762 0.9959 -0.0479
vn 0.1008 0.9782 0.1813
vn 0.0095 0.9791 0.2031
vn -0.0979 0.9941 -0.0472
vn -0.1893 0.9739 -0.1255
vn 0.0530 0.9955 0.0783
vn 0.1841 0.9745 0.1282
vn -0.0634 0.9960 0.0636
vn -0.0306 0.9976 -0.0629
vn 0.0482 0.9949 -0.0890
vn 0.0281 0.9992 -0.0289
vn 0.0452 0.9980 0.0439
vn -0.0931 0.9803 0.1742
vn -0.1437 0.9894 0.0191
vn 0.0329 0.9991 0.0249
vn 0.0749 0.9856 0.1516
vn 0.0229 0.9913 0.1294
vn 0.0049 0.9997 -0.0229
vn 0.0795 0.9816 -0.1738
vn 0.0259 0.9821 -0.1863
vn -0.0973 0.9907 0.0946
vn 0.1085 0.9923 -0.0591
vn 0.0765 0.9943 0.0747
vn 0.0363 0.9973 0.0642
vn 0.0302 0.9993 -0.0226
vn 0.0157 0.9749 -0.2219
vn -0.0225 0.9997 -0.0085
vn -0.1414 0.9773 0.1578
vn 0.0743 0.9601 -0.2697
vn 0.2836 0.5648 -0.7750
vn 0.1197 0.4475 -0.8862
vn -0.1651 0.4554 -0.8748
vn -0.2101 0.5502 -0.8082
vn 0.0465 0.8738 -0.4840
vn 0.1268 0.9700 -0.2073
vn -0.0461 0.9981 0.0407
vn -0.1278 0.9912 -0.0336
vn -0.1334 0.9892 -0.0614
vn 0.0110 0.9999 -0.0129
vn 0.0944 0.9820 -0.1633
vn -0.0059 0.9892 -0.1463
vn -0.0481 0.9975 -0.0517
vn -0.0450 0.9712 0.2339
vn 0.0152 0.9910 0.1329
vn 0.2056 0.9779 0.0378
vn 0.0726 0.9973 0.0147
vn -0.1396 0.9858 -0.0930
vn -0.0279 0.9948 -0.0975
vn 0.0672 0.9972 -0.0335
vn 0.0142 0.9997 -0.0187
vn -0.0970 0.9943 -0.0448
vn -0.0226 0.9983 -0.0544
vn 0.0670 0.9949 0.0753
vn 0.0855 0.9957 0.0358
vn 0.1213 0.9926 0.0081
vn -0.1087 0.9940 -0.0158
vn -0.1958 0.9772 -0.0824
vn 0.0205 0.9982 0.0567
vn 0.1304 0.9648 0.2283
vn 0.0575 0.9980 -0.0266
vn -0.0544 0.9921 0.1126
vn 0.0592 0.9896 0.1309
vn -0.0636 0.9812 -0.1821
vn -0.1334 0.9904 0.0355
vn 0.0710 0.9933 0.0910
vn 0.0106 0.9973 0.0731
vn -0.0462 0.9919 -0.1183
vn 0.0279 0.9928 -0.1166
vn 0.0216 0.9932 -0.1141
vn 0.0786 0.9762 -0.2020
vn 0.0968 0.9953 -0.0053
vn 0.0026 0.9998 -0.0199
vn -0.1589 0.9581 -0.2385
vn -0.1067 0.9892 0.1005
vn 0.1127 0.9929 0.0368
vn 0.1218 0.9873 -0.1017
vn -0.0488 0.9912 -0.1230
vn -0.1546 0.9791 -0.1321
vn -0.0818 0.9951 -0.0562
vn 0.1398 0.9634 0.2286
vn 0.1426 0.9856 0.0909
vn -0.1173 0.9916 0.0544
vn -0.1003 0.9941 0.0420
vn 0.0354 0.9939 -0.1044
vn 0.0816 0.9956 -0.0470
vn 0.1008 0.9949 0.0035
vn -0.0774 0.9970 -0.0024
vn -0.1481 0.9839 0.1003
vn 0.0593 0.9908 0.1218
vn 0.0911 0.9918 0.0901
vn -0.0177 0.9959 0.0889
vn -0.0742 0.9940 0.0809
vn -0.0274 0.9988 0.0397
vn 0.0747 0.9714 -0.2252
vn 0.1313 0.9913 -0.0030
vn 0.3521 0.9307 0.0989
vn 0.2049 0.9786 0.0200
vn -0.0357 0.9987 -0.0362
vn -0.2026 0.9757 -0.0834
vn 0.0114 0.9954 0.0952
vn 0.2600 0.9647 0.0408
vn -0.0990 0.9951 0.0069
vn -0.2184 0.9683 0.1212
vn 0.0128 0.9883 -0.1519
vn 0.1079 0.8953 -0.4323
vn -0.0731 0.9124 -0.4026
vn -0.1721 0.9727 -0.1556
vn 0.0329 0.9991 0.0256
vn 0.2529 0.9665 0.0447
vn 0.0802 0.9807 -0.1786
vn -0.2145 0.9676 -0.1335
vn -0.1081 0.9938 -0.0277
vn -0.0319 0.9707 0.2382
vn 0.0189 0.9975 0.0684
vn 0.0782 0.9963 0.0369
vn 0.2118 0.9762 0.0459
vn 0.0713 0.9972 0.0211
vn -0.1372 0.9904 0.0172
vn 0.0974 0.9950 0.0202
vn -0.0415 0.9983 0.0415
vn -0.2061 0.9718 0.1149
vn 0.0404 0.9957 0.0833
vn 0.1661 0.9854 -0.0374
vn 0.0169 0.9969 -0.0774
vn -0.1568 0.9872 -0.0276
vn 0.0484 0.9987 0.0150
vn 0.1534 0.9867 -0.0542
vn 0.0480 0.9944 -0.0939
vn 0.0251 0.9910 -0.1319
vn -0.1724 0.9673 -0.1859
vn -0.0959 0.9949 0.0326
vn 0.2385 0.9645 0.1132
vn 0.0665 0.9866 0.1491
vn -0.0204 0.9933 -0.1137
vn 0.0669 0.9955 -0.0674
vn -0.1930 0.9810 -0.0212
vn -0.1423 0.9898 0.0116
vn 0.1020 0.9948 0.0011
vn 0.1085 0.9932 -0.0429
vn -0.1279 0.9853 -0.1130
vn -0.1740 0.9827 -0.0640
vn 0.0221 0.9983 -0.0538
vn -0.0705 0.9965 -0.0460
vn 0.1594 0.9867 -0.0324
vn 0.2378 0.9707 0.0333
vn -0.2256 0.9738 -0.0281
vn -0.0251 0.9708 -0.2385
vn 0.1612 0.9848 0.0641
vn -0.1271 0.9918 0.0132
vn -0.0577 0.9930 -0.1026
vn -0.0221 0.9937 -0.1097
vn -0.0308 0.9995 0.0054
vn 0.1743 0.9804 0.0918
vn 0.1950 0.9655 0.1726
vn 0.0065 0.9999 -0.0150
vn -0.1130 0.9936 0.0028
vn -0.1864 0.9784 0.0898
vn -0.0408 0.9940 -0.1015
vn 0.1349 0.9871 -0.0866
vn 0.0895 0.9942 -0.0592
vn 0.0034 0.9996 -0.0268
vn -0.0198 0.9988 -0.0437
vn 0.0218 0.9997 -0.0135
vn 0.0422 0.9973 0.0599
vn 0.0136 0.9943 -0.1055
vn -0.0443 0.9926 -0.1131
vn -0.2251 0.9694 -0.0974
vn -0.0164 0.9942 -0.1060
vn 0.3350 0.9323 -0.1362
vn -0.0614 0.9840 0.1674
vn -0.0652 0.9936 -0.0919
vn -0.0687 0.9872 -0.1439
vn 0.1591 0.9815 -0.1063
vn 0.1409 0.9797 0.1424
vn -0.1105 0.9925 -0.0526
vn -0.0605 0.9798 -0.1906
vn -0.0829 0.9964 0.0153
vn -0.1053 0.9942 0.0234
vn -0.0200 0.9995 -0.0260
vn -0.0393 0.9890 -0.1427
vn 0.0847 0.9964 -0.0059
vn 0.2492 0.9607 0.1226
vn -0.0751 0.9754 0.2072
vn -0.2225 0.9656 -0.1344
vn 0.0253 0.9996 0.0098
vn 0.2398 0.9649 0.1071
vn 0.1053 0.9805 0.1657
vn -0.1098 0.9781 0.1766
vn -0.0271 0.9870 0.1587
vn -0.0635 0.9915 0.1134
vn -0.0754 0.9921 -0.1005
vn 0.0145 0.9998 0.0107
vn 0.2274 0.9695 0.0914
vn 0.1679 0.9839 0.0608
vn -0.0980 0.9841 0.1481
vn -0.1797 0.9757 0.1253
vn -0.0934 0.9954 0.0228
vn 0.0241 0.9978 -0.0613
vn -0.0048 1.0000 0.0016
vn -0.0495 0.9968 0.0624
vn -0.0421 0.9991 -0.0079
vn 0.0077 0.9948 -0.1014
vn 0.0242 0.9904 -0.1363
vn 0.0560 0.9916 -0.1167
vn 0.1073 0.9824 0.1531
vn 0.1367 0.9843 0.1117
vn -0.0964 0.9953 -0.0127
vn -0.1589 0.9855 -0.0594
vn 0.0377 0.9898 -0.1373
vn 0.1369 0.9834 -0.1195
vn -0.0417 0.9890 0.1421
vn -0.1863 0.9825 -0.0083
vn -0.0442 0.9964 -0.0717
vn -0.0112 0.9946 -0.1035
vn 0.0142 0.9995 0.0290
vn 0.0469 0.9952 0.0854
vn 0.0424 0.9923 0.1166
vn 0.1584 0.9839 0.0825
vn 0.1005 0.9928 -0.0658
vn -0.2664 0.9605 -0.0799
vn -0.0717 0.9972 0.0209
vn 0.1493 0.9879 -0.0416
vn -0.0548 0.9984 -0.0160
vn -0.0004 0.9995 0.0323
vn 0.0591 0.9933 0.0988
vn 0.0457 0.9896 0.1366
vn 0.0903 0.9904 0.1047
vn 0.0363 0.9964 -0.0767
vn -0.0312 0.9965 -0.0775
vn -0.0115 0.9993 -0.0351
vn -0.2014 0.9789 0.0344
vn -0.1419 0.9852 0.0960
vn 0.1236 0.9922 -0.0189
vn 0.1597 0.9838 -0.0820
vn -0.0617 0.9966 0.0541
vn -0.1358 0.9897 -0.0441
vn 0.1614 0.9862 -0.0360
vn -0.0007 0.9987 0.0512
vn -0.1877 0.9790 -0.0789
vn -0.0682 0.9880 -0.1388
vn -0.0199 0.9872 -0.1580
vn 0.0313 0.9990 0.0307
vn 0.0531 0.9936 -0.0997
vn -0.1454 0.9889 0.0319
vn -0.1058 0.9930 -0.0521
vn -0.0514 0.9975 -0.0494
vn 0.0833 0.9964 -0.0162
vn 0.0653 0.9772 -0.2019
vn -0.0692 0.9834 -0.1676
vn -0.0309 0.9918 -0.1238
vn -0.0074 0.9941 -0.1087
vn -0.0284 0.9992 0.0266
vn -0.0471 0.9979 0.0455
vn -0.0598 0.9978 -0.0277
vn 0.0945 0.9955 0.0051
vn 0.2437 0.9698 -0.0077
vn -0.0051 0.9999 -0.0111
vn -0.1189 0.9839 0.1337
vn 0.0278 0.9787 0.2035
vn 0.0498 0.9888 0.1406
vn 0.0360 0.9821 -0.1850
vn 0.0108 0.9999 0.0008
vn 0.0123 0.9983 0.0576
vn -0.0449 0.9958 0.0801
vn -0.0320 0.9949 0.0952
vn 0.0561 0.9846 0.1656
vn 0.1450 0.9736 0.1761
vn 0.0147 0.9999 -0.0029
vn -0.1427 0.9813 -0.1288
vn -0.0863 0.9918 -0.0939
vn -0.0212 0.9978 0.0630
vn -0.0044 0.9987 0.0505
vn -0.0347 0.9994 0.0061
vn 0.0390 0.9992 -0.0092
vn -0.0090 0.9836 0.1803
vn -0.0811 0.9951 0.0565
vn 0.0096 0.9999 0.0050
vn 0.1145 0.9931 0.0271
vn 0.1326 0.9838 0.1205
vn 0.0781 0.9939 0.0779
vn -0.1058 0.9944 0.0019
vn -0.1447 0.9877 0.0585
vn 0.0059 0.9995 0.0315
vn 0.0853 0.9963 -0.0050
vn -0.0306 0.9967 -0.0753
vn -0.1124 0.9935 0.0177
vn 0.0136 0.9969 0.0772
vn -0.0285 0.9908 0.1324
vn 0.0128 0.9990 0.0425
vn 0.1090 0.9857 0.1288
vn -0.0714 0.9834 0.1666
vn -0.0221 0.9948 -0.0995
vn 0.0763 0.9783 -0.1928
vn -0.1414 0.9795 -0.1435
vn 0.0151 0.9975 0.0688
vn 0.1257 0.9917 0.0273
vn -0.0536 0.9984 0.0201
vn 0.0573 0.9979 0.0298
vn 0.0825 0.9875 0.1341
vn -0.0246 0.9967 0.0775
vn -0.0372 0.9993 -0.0059
vn 0.0182 0.9842 -0.1761
vn 0.0482 0.9980 -0.0416
vn -0.0008 0.9998 -0.0197
vn -0.0579 0.9981 -0.0202
vn -0.0915 0.9600 0.2648
vn -0.0439 0.9961 0.0769
vn 0.1610 0.9851 -0.0606
vn 0.0421 0.9960 0.0791
vn -0.1088 0.9835 0.1443
vn 0.1158 0.9847 0.1305
vn -0.0017 0.9985 0.0547
vn -0.1739 0.9765 0.1275
vn -0.1227 0.9891 0.0813
vn -0.0608 0.9979 0.0205
vn 0.0431 0.9991 0.0005
vn 0.0966 0.9944 0.0439
f 1/1/1 75/75/75 2/2/2
f 2/2/2 75/75/75 76/76/76
f 2/2/2 76/76/76 77/77/77
f 2/2/2 77/77/77 3/3/3
f 3/3/3 77/77/77 4/4/4
f 4/4/4 77/77/77 78/78/78
f 4/4/4 78/78/78 79/79/79
f 4/4/4 79/79/79 5/5/5
f 5/5/5 79/79/79 6/6/6
f 6/6/6 79/79/79 80/80/80
f 6/6/6 80/80/80 81/81/81
f 6/6/6 81/81/81 7/7/7
f 7/7/7 81/81/81 8/8/8
f 8/8/8 81/81/81 82/82/82
f 8/8/8 82/82/82 83/83/83
f 8/8/8 83/83/83 9/9/9
f 9/9/9 83/83/83 10/10/10
f 10/10/10 83/83/83 84/84/84
f 10/10/10 84/84/84 85/85/85
f 10/10/10 85/85/85 11/11/11
f 11/11/11 85/85/85 12/12/12
f 12/12/12 85/85/85 86/86/86
f 12/12/12 86/86/86 87/87/87
f 12/12/12 87/87/87 13/13/13
f 13/13/13 87/87/87 14/14/14
f 14/14/14 87/87/87 88/88/88
f 14/14/14 88/88/88 89/89/89
f 14/14/14 89/89/89 15/15/15
f 15/15/15 89/89/89 16/16/16
f 16/16/16 89/89/89 90/90/90
f 16/16/16 90/90/90 91/91/91
f 16/16/16 91/91/91 17/17/17
f 17/17/17 91/91/91 18/18/18
f 18/18/18 91/91/91 92/92/92
f 18/18/18 92/92/92 93/93/93
f 18/18/18 93/93/93 19/19/19
f 19/19/19 93/93/93 20/20/20
f 20/20/20 93/93/93 94/94/94
f 20/20/20 94/94/94 95/95/95
f 20/20/20 95/95/95 21/21/21
f 21/21/21 95/95/95 22/22/22
f 22/22/22 95/95/95 96/96/96
f 22/22/22 96/96/96 97/97/97
f 22/22/22 97/97/97 23/23/23
f 23/23/23 97/97/97 24/24/24
f 24/24/24 97/97/97 98/98/98
f 24/24/24 98/98/98 99/99/99
f 24/24/24 99/99/99 25/25/25
f 25/25/25 99/99/99 26/26/26
f 26/26/26 99/99/99 100/100/100
f 26/26/26 100/100/100 101/101/101
f 26/26/26 101/101/101 27/27/27
f 27/27/27 101/101/101 28/28/28
f 28/28/28 101/101/101 102/102/102
f 28/28/28 102/102/102 103/103/103
f 28/28/28 103/103/103 29/29/29
f 29/29/29 103/103/103 30/30/30
f 30/30/30 103/103/103 104/104/104
f 30/30/30 104/104/104 105/105/105
f 30/30/30 105/105/105 31/31/31
f 31/31/31 105/105/105 32/32/32
f 32/32/32 105/105/105 106/106/106
f 32/32/32 106/106/106 107/107/107
f 32/32/32 107/107/107 33/33/33
f 33/33/33 107/107/107 34/34/34
f 34/34/34 107/107/107 108/108/108
f 34/34/34 108/108/108 109/109/109
f 34/34/34 109/109/109 35/35/35
f 35/35/35 109/109/109 36/36/36
f 36/36/36 109/109/109 110/110/110
f 36/36/36 110/110/110 111/111/111
f 36/36/36 111/111/111 37/37/37
f 37/37/37 111/111/111 38/38/38
f 38/38/38 111/111/111 112/112/112
f 38/38/38 112/112/112 113/113/113
f 38/38/38 113/113/113 39/39/39
f 39/39/39 113/113/113 40/40/40
f 40/40/40 113/113/113 114/114/114
f 40/40/40 114/114/114 115/115/115
f 40/40/40 115/115/115 41/41/41
f 41/41/41 115/115/115 42/42/42
f 42/42/42 115/115/115 116/116/116
f 42/42/42 116/116/116 117/117/117
f 42/42/42 117/117/117 43/43/43
f 43/43/43 117/117/117 44/44/44
f 44/44/44 117/117/117 118/118/118
f 44/44/44 118/118/118 119/119/119
f 44/44/44 119/119/119 45/45/45
f 45/45/45 119/119/119 46/46/46
f 46/46/46 119/119/119 120/120/120
f 46/46/46 120/120/120 121/121/121
f 46/46/46 121/121/121 47/47/47
f 47/47/47 121/121/121 48/48/48
f 48/48/48 121/121/121 122/122/122
f 48/48/48 122/122/122 123/123/123
f 48/48/48 123/123/123 49/49/49
f 49/49/49 123/123/123 50/50/50
f 50/50/50 123/123/123 124/124/124
f 50/50/50 124/124/124 125/125/125
f 50/50/50 125/125/125 51/51/51
f 51/51/51 125/125/125 52/52/52
f 52/52/52 125/125/125 126/126/126
f 52/52/52 126/126/126 127/127/127
f 52/52/52 127/127/127 53/53/53
f 53/53/53 127/127/127 54/54/54
f 54/54/54 127/127/127 128/128/128
f 54/54/54 128/128/128 129/129/129
f 54/54/54 129/129/129 55/55/55
f 55/55/55 129/129/129 56/56/56
f 56/56/56 129/129/129 130/130/130
f 56/56/56 130/130/130 131/131/131
f 56/56/56 131/131/131 57/57/57
f 57/57/57 131/131/131 58/58/58
f 58/58/58 131/131/131 132/132/132
f 58/58/58 132/132/132 133/133/133
f 58/58/58 133/133/133 59/59/59
f 59/59/59 133/133/133 60/60/60
f 60/60/60 133/133/133 134/134/134
f 60/60/60 134/134/134 135/135/135
f 60/60/60 135/135/135 61/61/61
f 61/61/61 135/135/135 62/62/62
f 62/62/62 135/135/135 136/136/136
f 62/62/62 136/136/136 137/137/137
f 62/62/62 137/137/137 63/63/63
f 63/63/63 137/137/137 64/64/64
f 64/64/64 137/137/137 138/138/138
f 64/64/64 138/138/138 139/139/139
f 64/64/64 139/139/139 65/65/65
f 65/65/65 139/139/139 66/66/66
f 66/66/66 139/139/139 140/140/140
f 66/66/66 140/140/140 141/141/141
f 66/66/66 141/141/141 67/67/67
f 67/67/67 141/141/141 68/68/68
f 68/68/68 141/141/141 142/142/142
f 68/68/68 142/142/142 143/143/143
f 68/68/68 143/143/143 69/69/69
f 69/69/69 143/143/143 70/70/70
f 70/70/70 143/143/143 144/144/144
f 70/70/70 144/144/144 145/145/145
f 70/70/70 145/145/145 71/71/71
f 71/71/71 145/145/145 72/72/72
f 72/72/72 145/145/145 146/146/146
f 72/72/72 146/146/146 147/147/147
f 72/72/72 147/147/147 73/73/73
f 73/73/73 147/147/147 74/74/74
f 74/74/74 147/147/147 148/148/148
f 75/75/75 149/149/149 150/150/150
f 75/75/75 150/150/150 76/76/76
f 76/76/76 150/150/150 77/77/77
f 77/77/77 150/150/150 151/151/151
f 77/77/77 151/151/151 152/152/152
f 77/77/77 152/152/152 78/78/78
f 78/78/78 152/152/152 79/79/79
f 79/79/79 152/152/152 153/153/153
f 79/79/79 153/153/153 154/154/154
f 79/79/79 154/154/154 80/80/80
f 80/80/80 154/154/154 81/81/81
f 81/81/81 154/154/154 155/155/155
f 81/81/81 155/155/155 156/156/156
f 81/81/81 156/156/156 82/82/82
f 82/82/82 156/156/156 83/83/83
f 83/83/83 156/156/156 157/157/157
f 83/83/83 157/157/157 158/158/158
f 83/83/83 158/158/158 84/84/84
f 84/84/84 158/158/158 85/85/85
f 85/85/85 158/158/158 159/159/159
f 85/85/85 159/159/159 160/160/160
f 85/85/85 160/160/160 86/86/86
f 86/86/86 160/160/160 87/87/87
f 87/87/87 160/160/160 161/161/161
f 87/87/87 161/161/161 162/162/162
f 87/87/87 162/162/162 88/88/88
f 88/88/88 162/162/162 89/89/89
f 89/89/89 162/162/162 163/163/163
f 89/89/89 163/163/163 164/164/164
f 89/89/89 164/164/164 90/90/90
f 90/90/90 164/164/164 91/91/91
f 91/91/91 164/164/164 165/165/165
f 91/91/91 165/165/165 166/166/166
f 91/91/91 166/166/166 92/92/92
f 92/92/92 166/166/166 93/93/93
f 93/93/93 166/166/166 167/167/167
f 93/93/93 167/167/167 168/168/168
f 93/93/93 168/168/168 94/94/94
f 94/94/94 168/168/168 95/95/95
f 95/95/95 168/168/168 169/169/169
f 95/95/95 169/169/169 170/170/170
f 95/95/95 170/170/170 96/96/96
f 96/96/96 170/170/170 97/97/97
f 97/97/97 170/170/170 171/171/171
f 97/97/97 171/171/171 172/172/172
f 97/97/97 172/172/172 98/98/98
f 98/98/98 172/172/172 99/99/99
f 99/99/99 172/172/172 173/173/173
f 99/99/99 173/173/173 174/174/174
f 99/99/99 174/174/174 100/100/100
f 100/100/100 174/174/174 101/101/101
f 101/101/101 174/174/174 175/175/175
f 101/101/101 175/175/175 176/176/176
f 101/101/101 176/176/176 102/102/102
f 102/102/102 176/176/176 103/103/103
f 103/103/103 176/176/176 177/177/177
f 103/103/103 177/177/177 178/178/178
f 103/103/103 178/178/178 104/104/104
f 104/104/104 178/178/178 105/105/105
f 105/105/105 178/178/178 179/179/179
f 105/105/105 179/179/179 180/180/180
f 105/105/105 180/180/180 106/106/106
f 106/106/106 180/180/180 107/107/107
f 107/107/107 180/180/180 181/181/181
f 107/107/107 181/181/181 182/182/182
f 107/107/107 182/182/182 108/108/108
f 108/108/108 182/182/182 109/109/109
f 109/109/109 182/182/182 183/183/183
f 109/109/109 183/183/183 184/184/184
f 109/109/109 184/184/184 110/110/110
f 110/110/110 184/184/184 111/111/111
f 111/111/111 184/184/184 185/185/185
f 111/111/111 185/185/185 186/186/186
f 111/111/111 186/186/186 112/112/112
f 112/112/112 186/186/186 113/113/113
f 113/113/113 186/186/186 187/187/187
f 113/113/113 187/187/187 188/188/188
f 113/113/113 188/188/188 114/114/114
f 114/114/114 188/188/188 115/115/115
f 115/115/115 188/188/188 189/189/189
f 115/115/115 189/189/189 190/190/190
f 115/115/115 190/190/190 116/116/116
f 116/116/116 190/190/190 117/117/117
f 117/117/117 190/190/190 191/191/191
f 117/117/117 191/191/191 192/192/192
f 117/117/117 192/192/192 118/118/118
f 118/118/118 192/192/192 119/119/119
f 119/119/119 192/192/192 193/193/193
f 119/119/119 193/193/193 194/194/194
f 119/119/119 194/194/194 120/120/120
f 120/120/120 194/194/194 121/121/121
f 121/121/121 194/194/194 195/195/195
f 121/121/121 195/195/195 196/196/196
f 121/121/121 196/196/196 122/122/122
f 122/122/122 196/196/196 123/123/123
f 123/123/123 196/196/196 197/197/197
f 123/123/123 197/197/197 198/198/198
f 123/123/123 198/198/198 124/124/124
f 124/124/124 198/198/198 125/125/125
f 125/125/125 198/198/198 199/199/199
f 125/125/125 199/199/199 200/200/200
f 125/125/125 200/200/200 126/126/126
f 126/126/126 200/200/200 127/127/127
f 127/127/127 200/200/200 201/201/201
f 127/127/127 201/201/201 202/202/202
f 127/127/127 202/202/202 128/128/128
f 128/128/128 202/202/202 129/129/129
f 129/129/129 202/202/202 203/203/203
f 129/129/129 203/203/203 204/204/204
f 129/129/129 204/204/204 130/130/130
f 130/130/130 204/204/204 131/131/131
f 131/131/131 204/204/204 205/205/205
f 131/131/131 205/205/205 206/206/206
f 131/131/131 206/206/206 132/132/132
f 132/132/132 206/206/206 133/133/133
f 133/133/133 206/206/206 207/207/207
f 133/133/133 207/207/207 208/208/208
f 133/133/133 208/208/208 134/134/134
f 134/134/134 208/208/208 135/135/135
f 135/135/135 208/208/208 209/209/209
f 135/135/135 209/209/209 210/210/210
f 135/135/135 210/210/210 136/136/136
f 136/136/136 210/210/210 137/137/137
f 137/137/137 210/210/210 211/211/211
f 137/137/137 211/211/211 212/212/212
f 137/137/137 212/212/212 138/138/138
f 138/138/138 212/212/212 139/139/139
f 139/139/139 212/212/212 213/213/213
f 139/139/139 213/213/213 214/214/214
f 139/139/139 214/214/214 140/140/140
f 140/140/140 214/214/214 141/141/141
f 141/141/141 214/214/214 215/215/215
f 141/141/141 215/215/215 216/216/216
f 141/141/141 216/216/216 142/142/142
f 142/142/142 216/216/216 143/143/143
f 143/143/143 216/216/216 217/217/217
f 143/143/143 217/217/217 218/218/218
f 143/143/143 218/218/218 144/144/144
f 144/144/144 218/218/218 145/145/145
f 145/145/145 218/218/218 219/219/219
f 145/145/145 219/219/219 220/220/220
f 145/145/145 220/220/220 146/146/146
f 146/146/146 220/220/220 147/147/147
f 147/147/147 220/220/220 221/221/221
f 147/147/147 221/221/221 222/222/222
f 147/147/147 222/222/222 148/148/148
f 149/149/149 223/223/223 150/150/150
f 150/150/150 223/223/223 224/224/224
f 150/150/150 224/224/224 225/225/225
f 150/150/150 225/225/225 151/151/151
f 151/151/151 225/225/225 152/152/152
f 152/152/152 225/225/225 226/226/226
f 152/152/152 226/226/226 227/227/227
f 152/152/152 227/227/227 153/153/153
f 153/153/153 227/227/227 154/154/154
f 154/154/154 227/227/227 228/228/228
f 154/154/154 228/228/228 229/229/229
f 154/154/154 229/229/229 155/155/155
f 155/155/155 229/229/229 156/156/156
f 156/156/156 229/229/229 230/230/230
f 156/156/156 230/230/230 231/231/231
f 156/156/156 231/231/231 157/157/157
f 157/157/157 231/231/231 158/158/158
f 158/158/158 231/231/231 232/232/232
f 158/158/158 232/232/232 233/233/233
f 158/158/158 233/233/233 159/159/159
f 159/159/159 233/233/233 160/160/160
f 160/160/160 233/233/233 234/234/234
f 160/160/160 234/234/234 235/235/235
f 160/160/160 235/235/235 161/161/161
f 161/161/161 235/235/235 162/162/162
f 162/162/162 235/235/235 236/236/236
f 162/162/162 236/236/236 237/237/237
f 162/162/162 237/237/237 163/163/163
f 163/163/163 237/237/237 164/164/164
f 164/164/164 237/237/237 238/238/238
f 164/164/164 238/238/238 239/239/239
f 164/164/164 239/239/239 165/165/165
f 165/165/165 239/239/239 166/166/166
f 166/166/166 239/239/239 240/240/240
f 166/166/166 240/240/240 241/241/241
f 166/166/166 241/241/241 167/167/167
f 167/167/167 241/241/241 168/168/168
f 168/168/168 241/241/241 242/242/242
f 168/168/168 242/242/242 243/243/243
f 168/168/168 243/243/243 169/169/169
f 169/169/169 243/243/243 170/170/170
f 170/170/170 243/243/243 244/244/244
f 170/170/170 244/244/244 245/245/245
f 170/170/170 245/245/245 171/171/171
f 171/171/171 245/245/245 172/172/172
f 172/172/172 245/245/245 246/246/246
f 172/172/172 246/246/246 247/247/247
f 172/172/172 247/247/247 173/173/173
f 173/173/173 247/247/247 174/174/174
f 174/174/174 247/247/247 248/248/248
f 174/174/174 248/248/248 249/249/249
f 174/174/174 249/249/249 175/175/175
f 175/175/175 249/249/249 176/176/176
f 176/176/176 249/249/249 250/250/250
f 176/176/176 250/250/250 251/251/251
f 176/176/176 251/251/251 177/177/177
f 177/177/177 251/251/251 178/178/178
f 178/178/178 251/251/251 252/252/252
f 178/178/178 252/252/252 253/253/253
f 178/178/178 253/253/253 179/179/179
f 179/179/179 253/253/253 180/180/180
f 180/180/180 253/253/253 254/254/254
f 180/180/180 254/254/254 255/255/255
f 180/180/180 255/255/255 181/181/181
f 181/181/181 255/255/255 182/182/182
f 182/182/182 255/255/255 256/256/256
f 182/182/182 256/256/256 257/257/257
f 182/182/182 257/257/257 183/183/183
f 183/183/183 257/257/257 184/184/184
f 184/184/184 257/257/257 258/258/258
f 184/184/184 258/258/258 259/259/259
f 184/184/184 259/259/259 185/185/185
f 185/185/185 259/259/259 186/186/186
f 186/186/186 259/259/259 260/260/260
f 186/186/186 260/260/260 261/261/261
f 186/186/186 261/261/261 187/187/187
f 187/187/187 261/261/261 188/188/188
f 188/188/188 261/261/261 262/262/262
f 188/188/188 262/262/262 263/263/263
f 188/188/188 263/263/263 189/189/189
f 189/189/189 263/263/263 190/190/190
f 190/190/190 263/263/263 264/264/264
f 190/190/190 264/264/264 265/265/265
f 190/190/190 265/265/265 191/191/191
f 191/191/191 265/265/265 192/192/192
f 192/192/192 265/265/265 266/266/266
f 192/192/192 266/266/266 267/267/267
f 192/192/192 267/267/267 193/193/193
f 193/193/193 267/267/267 194/194/194
f 194/194/194 267/267/267 268/268/268
f 194/194/194 268/268/268 269/269/269
f 194/194/194 269/269/269 195/195/195
f 195/195/195 269/269/269 196/196/196
f 196/196/196 269/269/269 270/270/270
f 196/196/196 270/270/270 271/271/271
f 196/196/196 271/271/271 197/197/197
f 197/197/197 271/271/271 198/198/198
f 198/198/198 271/271/271 272/272/272
f 198/198/198 272/272/272 273/273/273
f 198/198/198 273/273/273 199/199/199
f 199/199/199 273/273/273 200/200/200
f 200/200/200 273/273/273 274/274/274
f 200/200/200 274/274/274 275/275/275
f 200/200/200 275/275/275 201/201/201
f 201/201/201 275/275/275 202/202/202
f 202/202/202 275/275/275 276/276/276
f 202/202/202 276/276/276 277/277/277
f 202/202/202 277/277/277 203/203/203
f 203/203/203 277/277/277 204/204/204
f 204/204/204 277/277/277 278/278/278
f 204/204/204 278/278/278 279/279/279
f 204/204/204 279/279/279 205/205/205
f 205/205/205 279/279/279 206/206/206
f 206/206/206 279/279/279 280/280/280
f 206/206/206 280/280/280 281/281/281
f 206/206/206 281/281/281 207/207/207
f 207/207/207 281/281/281 208/208/208
f 208/208/208 281/281/281 282/282/282
f 208/208/208 282/282/282 283/283/283
f 208/208/208 283/283/283 209/209/209
f 209/209/209 283/283/283 210/210/210
f 210/210/210 283/283/283 284/284/284
f 210/210/210 284/284/284 285/285/285
f 210/210/210 285/285/285 211/211/211
f 211/211/211 285/285/285 212/212/212
f 212/212/212 285/285/285 286/286/286
f 212/212/212 286/286/286 287/287/287
f 212/212/212 287/287/287 213/213/213
f 213/213/213 287/287/287 214/214/214
f 214/214/214 287/287/287 288/288/288
f 214/214/214 288/288/288 289/289/289
f 214/214/214 289/289/289 215/215/215
f 215/215/215 289/289/289 216/216/216
f 216/216/216 289/289/289 290/290/290
f 216/216/216 290/290/290 291/291/291
f 216/216/216 291/291/291 217/217/217
f 217/217/217 291/291/291 218/218/218
f 218/218/218 291/291/291 292/292/292
f 218/218/218 292/292/292 293/293/293
f 218/218/218 293/293/293 219/219/219
f 219/219/219 293/293/293 220/220/220
f 220/220/220 293/293/293 294/294/294
f 220/220/220 294/294/294 295/295/295
f 220/220/220 295/295/295 221/221/221
f 221/221/221 295/295/295 222/222/222
f 222/222/222 295/295/295 296/296/296
f 223/223/223 297/297/297 298/298/298
f 223/223/223 298/298/298 224/224/224
f 224/224/224 298/298/298 225/225/225
f 225/225/225 298/298/298 299/299/299
f 225/225/225 299/299/299 300/300/300
f 225/225/225 300/300/300 226/226/226
f 226/226/226 300/300/300 227/227/227
f 227/227/227 300/300/300 301/301/301
f 227/227/227 301/301/301 302/302/302
f 227/227/227 302/302/302 228/228/228
f 228/228/228 302/302/302 229/229/229
f 229/229/229 302/302/302 303/303/303
f 229/229/229 303/303/303 304/304/304
f 229/229/229 304/304/304 230/230/230
f 230/230/230 304/304/304 231/231/231
f 231/231/231 304/304/304 305/305/305
f 231/231/231 305/305/305 306/306/306
f 231/231/231 306/306/306 232/232/232
f 232/232/232 306/306/306 233/233/233
f 233/233/233 306/306/306 307/307/307
f 233/233/233 307/307/307 308/308/308
f 233/233/233 308/308/308 234/234/234
f 234/234/234 308/308/308 235/235/235
f 235/235/235 308/308/308 309/309/309
f 235/235/235 309/309/309 310/310/310
f 235/235/235 310/310/310 236/236/236
f 236/236/236 310/310/310 237/237/237
f 237/237/237 310/310/310 311/311/311
f 237/237/237 311/311/311 312/312/312
f 237/237/237 312/312/312 238/238/238
f 238/238/238 312/312/312 239/239/239
f 239/239/239 312/312/312 313/313/313
f 239/239/239 313/313/313 314/314/314
f 239/239/239 314/314/314 240/240/240
f 240/240/240 314/314/314 241/241/241
f 241/241/241 314/314/314 315/315/315
f 241/241/241 315/315/315 316/316/316
f 241/241/241 316/316/316 242/242/242
f 242/242/242 316/316/316 243/243/243
f 243/243/243 316/316/316 317/317/317
f 243/243/243 317/317/317 318/318/318
f 243/243/243 318/318/318 244/244/244
f 244/244/244 318/318/318 245/245/245
f 245/245/245 318/318/318 319/319/319
f 245/245/245 319/319/319 320/320/320
f 245/245/245 320/320/320 246/246/246
f 246/246/246 320/320/320 247/247/247
f 247/247/247 320/320/320 321/321/321
f 247/247/247 321/321/321 322/322/322
f 247/247/247 322/322/322 248/248/248
f 248/248/248 322/322/322 249/249/249
f 249/249/249 322/322/322 323/323/323
f 249/249/249 323/323/323 324/324/324
f 249/249/249 324/324/324 250/250/250
f 250/250/250 324/324/324 251/251/251
f 251/251/251 324/324/324 325/325/325
f 251/251/251 325/325/325 326/326/326
f 251/251/251 326/326/326 252/252/252
f 252/252/252 326/326/326 253/253/253
f 253/253/253 326/326/326 327/327/327
f 253/253/253 327/327/327 328/328/328
f 253/253/253 328/328/328 254/254/254
f 254/254/254 328/328/328 255/255/255
f 255/255/255 328/328/328 329/329/329
f 255/255/255 329/329/329 330/330/330
f 255/255/255 330/330/330 256/256/256
f 256/256/256 330/330/330 257/257/257
f 257/257/257 330/330/330 331/331/331
f 257/257/257 331/331/331 332/332/332
f 257/257/257 332/332/332 258/258/258
f 258/258/258 332/332/332 259/259/259
f 259/259/259 332/332/332 333/333/333
f 259/259/259 333/333/333 334/334/334
f 259/259/259 334/334/334 260/260/260
f 260/260/260 334/334/334 261/261/261
f 261/261/261 334/334/334 335/335/335
f 261/261/261 335/335/335 336/336/336
f 261/261/261 336/336/336 262/262/262
f 262/262/262 336/336/336 263/263/263
f 263/263/263 336/336/336 337/337/337
f 263/263/263 337/337/337 338/338/338
f 263/263/263 338/338/338 264/264/264
f 264/264/264 338/338/338 265/265/265
f 265/265/265 338/338/338 339/339/339
f 265/265/265 339/339/339 340/340/340
f 265/265/265 340/340/340 266/266/266
f 266/266/266 340/340/340 267/267/267
f 267/267/267 340/340/340 341/341/341
f 267/267/267 341/341/341 342/342/342
f 267/267/267 342/342/342 268/268/268
f 268/268/268 342/342/342 269/269/269
f 269/269/269 342/342/342 343/343/343
f 269/269/269 343/343/343 344/344/344
f 269/269/269 344/344/344 270/270/270
f 270/270/270 344/344/344 271/271/271
f 271/271/271 344/344/344 345/345/345
f 271/271/271 345/345/345 346/346/346
f 271/271/271 346/346/346 272/272/272
f 272/272/272 346/346/346 273/273/273
f 273/273/273 346/346/346 347/347/347
f 273/273/273 347/347/347 348/348/348
f 273/273/273 348/348/348 274/274/274
f 274/274/274 348/348/348 275/275/275
f 275/275/275 348/348/348 349/349/349
f 275/275/275 349/349/349 350/350/350
f 275/275/275 350/350/350 276/276/276
f 276/276/276 350/350/350 277/277/277
f 277/277/277 350/350/350 351/351/351
f 277/277/277 351/351/351 352/352/352
f 277/277/277 352/352/352 278/278/278
f 278/278/278 352/352/352 279/279/279
f 279/279/279 352/352/352 353/353/353
f 279/279/279 353/353/353 354/354/354
f 279/279/279 354/354/354 280/280/280
f 280/280/280 354/354/354 281/281/281
f 281/281/281 354/354/354 355/355/355
f 281/281/281 355/355/355 356/356/356
f 281/281/281 356/356/356 282/282/282
f 282/282/282 356/356/356 283/283/283
f 283/283/283 356/356/356 357/357/357
f 283/283/283 357/357/357 358/358/358
f 283/283/283 358/358/358 284/284/284
f 284/284/284 358/358/358 285/285/285
f 285/285/285 358/358/358 359/359/359
f 285/285/285 359/359/359 360/360/360
f 285/285/285 360/360/360 286/286/286
f 286/286/286 360/360/360 287/287/287
f 287/287/287 360/360/360 361/361/361
f 287/287/287 361/361/361 362/362/362
f 287/287/287 362/362/362 288/288/288
f 288/288/288 362/362/362 289/289/289
f 289/289/289 362/362/362 363/363/363
f 289/289/289 363/363/363 364/364/364
f 289/289/289 364/364/364 290/290/290
f 290/290/290 364/364/364 291/291/291
f 291/291/291 364/364/364 365/365/365
f 291/291/291 365/365/365 366/366/366
f 291/291/291 366/366/366 292/292/292
f 292/292/292 366/366/366 293/293/293
f 293/293/293 366/366/366 367/367/367
f 293/293/293 367/367/367 368/368/368
f 293/293/293 368/368/368 294/294/294
f 294/294/294 368/368/368 295/295/295
f 295/295/295 368/368/368 369/369/369
f 295/295/295 369/369/369 370/370/370
f 295/295/295 370/370/370 296/296/296
f 297/297/297 371/371/371 298/298/298
f 298/298/298 371/371/371 372/372/372
f 298/298/298 372/372/372 373/373/373
f 298/298/298 373/373/373 299/299/299
f 299/299/299 373/373/373 300/300/300
f 300/300/300 373/373/373 374/374/374
f 300/300/300 374/374/374 375/375/375
f 300/300/300 375/375/375 301/301/301
f 301/301/301 375/375/375 302/302/302
f 302/302/302 375/375/375 376/376/376
f 302/302/302 376/376/376 377/377/377
f 302/302/302 377/377/377 303/303/303
f 303/303/303 377/377/377 304/304/304
f 304/304/304 377/377/377 378/378/378
f 304/304/304 378/378/378 379/379/379
f 304/304/304 379/379/379 305/305/305
f 305/305/305 379/379/379 306/306/306
f 306/306/306 379/379/379 380/380/380
f 306/306/306 380/380/380 381/381/381
f 306/306/306 381/381/381 307/307/307
f 307/307/307 381/381/381 308/308/308
f 308/308/308 381/381/381 382/382/382
f 308/308/308 382/382/382 383/383/383
f 308/308/308 383/383/383 309/309/309
f 309/309/309 383/383/383 310/310/310
f 310/310/310 383/383/383 384/384/384
f 310/310/310 384/384/384 385/385/385
f 310/310/310 385/385/385 311/311/311
f 311/311/311 385/385/385 312/312/312
f 312/312/312 385/385/385 386/386/386
f 312/312/312 386/386/386 387/387/387
f 312/312/312 387/387/387 313/313/313
f 313/313/313 387/387/387 314/314/314
f 314/314/314 387/387/387 388/388/388
f 314/314/314 388/388/388 389/389/389
f 314/314/314 389/389/389 315/315/315
f 315/315/315 389/389/389 316/316/316
f 316/316/316 389/389/389 390/390/390
f 316/316/316 390/390/390 391/391/391
f 316/316/316 391/391/391 317/317/317
f 317/317/317 391/391/391 318/318/318
f 318/318/318 391/391/391 392/392/392
f 318/318/318 392/392/392 393/393/393
f 318/318/318 393/393/393 319/319/319
f 319/319/319 393/393/393 320/320/320
f 320/320/320 393/393/393 394/394/394
f 320/320/320 394/394/394 395/395/395
f 320/320/320 395/395/395 321/321/321
f 321/321/321 395/395/395 322/322/322
f 322/322/322 395/395/395 396/396/396
f 322/322/322 396/396/396 397/397/397
f 322/322/322 397/397/397 323/323/323
f 323/323/323 397/397/397 324/324/324
f 324/324/324 397/397/397 398/398/398
f 324/324/324 398/398/398 399/399/399
f 324/324/324 399/399/399 325/325/325
f 325/325/325 399/399/399 326/326/326
f 326/326/326 399/399/399 400/400/400
f 326/326/326 400/400/400 401/401/401
f 326/326/326 401/401/401 327/327/327
f 327/327/327 401/401/401 328/328/328
f 328/328/328 401/401/401 402/402/402
f 328/328/328 402/402/402 403/403/403
f 328/328/328 403/403/403 329/329/329
f 329/329/329 403/403/403 330/330/330
f 330/330/330 403/403/403 404/404/404
f 330/330/330 404/404/404 405/405/405
f 330/330/330 405/405/405 331/331/331
f 331/331/331 405/405/405 332/332/332
f 332/332/332 405/405/405 406/406/406
f 332/332/332 406/406/406 407/407/407
f 332/332/332 407/407/407 333/333/333
f 333/333/333 407/407/407 334/334/334
f 334/334/334 407/407/407 408/408/408
f 334/334/334 408/408/408 409/409/409
f 334/334/334 409/409/409 335/335/335
f 335/335/335 409/409/409 336/336/336
f 336/336/336 409/409/409 410/410/410
f 336/336/336 410/410/410 411/411/411
f 336/336/336 411/411/411 337/337/337
f 337/337/337 411/411/411 338/338/338
f 338/338/338 411/411/411 412/412/412
f 338/338/338 412/412/412 413/413/413
f 338/338/338 413/413/413 339/339/339
f 339/339/339 413/413/413 340/340/340
f 340/340/340 413/413/413 414/414/414
f 340/340/340 414/414/414 415/415/415
f 340/340/340 415/415/415 341/341/341
f 341/341/341 415/415/415 342/342/342
f 342/342/342 415/415/415 416/416/416
f 342/342/342 416/416/416 417/417/417
f 342/342/342 417/417/417 343/343/343
f 343/343/343 417/417/417 344/344/344
f 344/344/344 417/417/417 418/418/418
f 344/344/344 418/418/418 419/419/419
f 344/344/344 419/419/419 345/345/345
f 345/345/345 419/419/419 346/346/346
f 346/346/346 419/419/419 420/420/420
f 346/346/346 420/420/420 421/421/421
f 346/346/346 421/421/421 347/347/347
f 347/347/347 421/421/421 348/348/348
f 348/348/348 421/421/421 422/422/422
f 348/348/348 422/422/422 423/423/423
f 348/348/348 423/423/423 349/349/349
f 349/349/349 423/423/423 350/350/350
f 350/350/350 423/423/423 424/424/424
f 350/350/350 424/424/424 425/425/425
f 350/350/350 425/425/425 351/351/351
f 351/351/351 425/425/425 352/352/352
f 352/352/352 425/425/425 426/426/426
f 352/352/352 426/426/426 427/427/427
f 352/352/352 427/427/427 353/353/353
f 353/353/353 427/427/427 354/354/354
f 354/354/354 427/427/427 428/428/428
f 354/354/354 428/428/428 429/429/429
f 354/354/354 429/429/429 355/355/355
f 355/355/355 429/429/429 356/356/356
f 356/356/356 429/429/429 430/430/430
f 356/356/356 430/430/430 431/431/431
f 356/356/356 431/431/431 357/357/357
f 357/357/357 431/431/431 358/358/358
f 358/358/358 431/431/431 432/432/432
f 358/358/358 432/432/432 433/433/433
f 358/358/358 433/433/433 359/359/359
f 359/359/359 433/433/433 360/360/360
f 360/360/360 433/433/433 434/434/434
f 360/360/360 434/434/434 435/435/435
f 360/360/360 435/435/435 361/361/361
f 361/361/361 435/435/435 362/362/362
f 362/362/362 435/435/435 436/436/436
f 362/362/362 436/436/436 437/437/437
f 362/362/362 437/437/437 363/363/363
f 363/363/363 437/437/437 364/364/364
f 364/364/364 437/437/437 438/438/438
f 364/364/364 438/438/438 439/439/439
f 364/364/364 439/439/439 365/365/365
f 365/365/365 439/439/439 366/366/366
f 366/366/366 439/439/439 440/440/440
f 366/366/366 440/440/440 441/441/441
f 366/366/366 441/441/441 367/367/367
f 367/367/367 441/441/441 368/368/368
f 368/368/368 441/441/441 442/442/442
f 368/368/368 442/442/442 443/443/443
f 368/368/368 443/443/443 369/369/369
f 369/369/369 443/443/443 370/370/370
f 370/370/370 443/443/443 444/444/444
f 371/371/371 445/445/445 446/446/446
f 371/371/371 446/446/446 372/372/372
f 372/372/372 446/446/446 373/373/373
f 373/373/373 446/446/446 447/447/447
f 373/373/373 447/447/447 448/448/448
f 373/373/373 448/448/448 374/374/374
f 374/374/374 448/448/448 375/375/375
f 375/375/375 448/448/448 449/449/449
f 375/375/375 449/449/449 450/450/450
f 375/375/375 450/450/450 376/376/376
f 376/376/376 450/450/450 377/377/377
f 377/377/377 450/450/450 451/451/451
f 377/377/377 451/451/451 452/452/452
f 377/377/377 452/452/452 378/378/378
f 378/378/378 452/452/452 379/379/379
f 379/379/379 452/452/452 453/453/453
f 379/379/379 453/453/453 454/454/454
f 379/379/379 454/454/454 380/380/380
f 380/380/380 454/454/454 381/381/381
f 381/381/381 454/454/454 455/455/455
f 381/381/381 455/455/455 456/456/456
f 381/381/381 456/456/456 382/382/382
f 382/382/382 456/456/456 383/383/383
f 383/383/383 456/456/456 457/457/457
f 383/383/383 457/457/457 458/458/458
f 383/383/383 458/458/458 384/384/384
f 384/384/384 458/458/458 385/385/385
f 385/385/385 458/458/458 459/459/459
f 385/385/385 459/459/459 460/460/460
f 385/385/385 460/460/460 386/386/386
f 386/386/386 460/460/460 387/387/387
f 387/387/387 460/460/460 461/461/461
f 387/387/387 461/461/461 462/462/462
f 387/387/387 462/462/462 388/388/388
f 388/388/388 462/462/462 389/389/389
f 389/389/389 462/462/462 463/463/463
f 389/389/389 463/463/463 464/464/464
f 389/389/389 464/464/464 390/390/390
f 390/390/390 464/464/464 391/391/391
f 391/391/391 464/464/464 465/465/465
f 391/391/391 465/465/465 466/466/466
f 391/391/391 466/466/466 392/392/392
f 392/392/392 466/466/466 393/393/393
f 393/393/393 466/466/466 467/467/467
f 393/393/393 467/467/467 468/468/468
f 393/393/393 468/468/468 394/394/394
f 394/394/394 468/468/468 395/395/395
f 395/395/395 468/468/468 469/469/469
f 395/395/395 469/469/469 470/470/470
f 395/395/395 470/470/470 396/396/396
f 396/396/396 470/470/470 397/397/397
f 397/397/397 470/470/470 471/471/471
f 397/397/397 471/471/471 472/472/472
f 397/397/397 472/472/472 398/398/398
f 398/398/398 472/472/472 399/399/399
f 399/399/399 472/472/472 473/473/473
f 399/399/399 473/473/473 474/474/474
f 399/399/399 474/474/474 400/400/400
f 400/400/400 474/474/474 401/401/401
f 401/401/401 474/474/474 475/475/475
f 401/401/401 475/475/475 476/476/476
f 401/401/401 476/476/476 402/402/402
f 402/402/402 476/476/476 403/403/403
f 403/403/403 476/476/476 477/477/477
f 403/403/403 477/477/477 478/478/478
f 403/403/403 478/478/478 404/404/404
f 404/404/404 478/478/478 405/405/405
f 405/405/405 478/478/478 479/479/479
f 405/405/405 479/479/479 480/480/480
f 405/405/405 480/480/480 406/406/406
f 406/406/406 480/480/480 407/407/407
f 407/407/407 480/480/480 481/481/481
f 407/407/407 481/481/481 482/482/482
f 407/407/407 482/482/482 408/408/408
f 408/408/408 482/482/482 409/409/409
f 409/409/409 482/482/482 483/483/483
f 409/409/409 483/483/483 484/484/484
f 409/409/409 484/484/484 410/410/410
f 410/410/410 484/484/484 411/411/411
f 411/411/411 484/484/484 485/485/485
f 411/411/411 485/485/485 486/486/486
f 411/411/411 486/486/486 412/412/412
f 412/412/412 486/486/486 413/413/413
f 413/413/413 486/486/486 487/487/487
f 413/413/413 487/487/487 488/488/488
f 413/413/413 488/488/488 414/414/414
f 414/414/414 488/488/488 415/415/415
f 415/415/415 488/488/488 489/489/489
f 415/415/415 489/489/489 490/490/490
f 415/415/415 490/490/490 416/416/416
f 416/416/416 490/490/490 417/417/417
f 417/417/417 490/490/490 491/491/491
f 417/417/417 491/491/491 492/492/492
f 417/417/417 492/492/492 418/418/418
f 418/418/418 492/492/492 419/419/419
f 419/419/419 492/492/492 493/493/493
f 419/419/419 493/493/493 494/494/494
f 419/419/419 494/494/494 420/420/420
f 420/420/420 494/494/494 421/421/421
f 421/421/421 494/494/494 495/495/495
f 421/421/421 495/495/495 496/496/496
f 421/421/421 496/496/496 422/422/422
f 422/422/422 496/496/496 423/423/423
f 423/423/423 496/496/496 497/497/497
f 423/423/423 497/497/497 498/498/498
f 423/423/423 498/498/498 424/424/424
f 424/424/424 498/498/498 425/425/425
f 425/425/425 498/498/498 499/499/499
f 425/425/425 499/499/499 500/500/500
f 425/425/425 500/500/500 426/426/426
f 426/426/426 500/500/500 427/427/427
f 427/427/427 500/500/500 501/501/501
f 427/427/427 501/501/501 502/502/502
f 427/427/427 502/502/502 428/428/428
f 428/428/428 502/502/502 429/429/429
f 429/429/429 502/502/502 503/503/503
f 429/429/429 503/503/503 504/504/504
f 429/429/429 504/504/504 430/430/430
f 430/430/430 504/504/504 431/431/431
f 431/431/431 504/504/504 505/505/505
f 431/431/431 505/505/505 506/506/506
f 431/431/431 506/506/506 432/432/432
f 432/432/432 506/506/506 433/433/433
f 433/433/433 506/506/506 507/507/507
f 433/433/433 507/507/507 508/508/508
f 433/433/433 508/508/508 434/434/434
f 434/434/434 508/508/508 435/435/435
f 435/435/435 508/508/508 509/509/509
f 435/435/435 509/509/509 510/510/510
f 435/435/435 510/510/510 436/436/436
f 436/436/436 510/510/510 437/437/437
f 437/437/437 510/510/510 511/511/511
f 437/437/437 511/511/511 512/512/512
f 437/437/437 512/512/512 438/438/438
f 438/438/438 512/512/512 439/439/439
f 439/439/439 512/512/512 513/513/513
f 439/439/439 513/513/513 514/514/514
f 439/439/439 514/514/514 440/440/440
f 440/440/440 514/514/514 441/441/441
f 441/441/441 514/514/514 515/515/515
f 441/441/441 515/515/515 516/516/516
f 441/441/441 516/516/516 442/442/442
f 442/442/442 516/516/516 443/443/443
f 443/443/443 516/516/516 517/517/517
f 443/443/443 517/517/517 518/518/518
f 443/443/443 518/518/518 444/444/444
f 445/445/445 519/519/519 446/446/446
f 446/446/446 519/519/519 520/520/520
f 446/446/446 520/520/520 521/521/521
f 446/446/446 521/521/521 447/447/447
f 447/447/447 521/521/521 448/448/448
f 448/448/448 521/521/521 522/522/522
f 448/448/448 522/522/522 523/523/523
f 448/448/448 523/523/523 449/449/449
f 449/449/449 523/523/523 450/450/450
f 450/450/450 523/523/523 524/524/524
f 450/450/450 524/524/524 525/525/525
f 450/450/450 525/525/525 451/451/451
f 451/451/451 525/525/525 452/452/452
f 452/452/452 525/525/525 526/526/526
f 452/452/452 526/526/526 527/527/527
f 452/452/452 527/527/527 453/453/453
f 453/453/453 527/527/527 454/454/454
f 454/454/454 527/527/527 528/528/528
f 454/454/454 528/528/528 529/529/529
f 454/454/454 529/529/529 455/455/455
f 455/455/455 529/529/529 456/456/456
f 456/456/456 529/529/529 530/530/530
f 456/456/456 530/530/530 531/531/531
f 456/456/456 531/531/531 457/457/457
f 457/457/457 531/531/531 458/458/458
f 458/458/458 531/531/531 532/532/532
f 458/458/458 532/532/532 533/533/533
f 458/458/458 533/533/533 459/459/459
f 459/459/459 533/533/533 460/460/460
f 460/460/460 533/533/533 534/534/534
f 460/460/460 534/534/534 535/535/535
f 460/460/460 535/535/535 461/461/461
f 461/461/461 535/535/535 462/462/462
f 462/462/462 535/535/535 536/536/536
f 462/462/462 536/536/536 537/537/537
f 462/462/462 537/537/537 463/463/463
f 463/463/463 537/537/537 464/464/464
f 464/464/464 537/537/537 538/538/538
f 464/464/464 538/538/538 539/539/539
f 464/464/464 539/539/539 465/465/465
f 465/465/465 539/539/539 466/466/466
f 466/466/466 539/539/539 540/540/540
f 466/466/466 540/540/540 541/541/541
f 466/466/466 541/541/541 467/467/467
f 467/467/467 541/541/541 468/468/468
f 468/468/468 541/541/541 542/542/542
f 468/468/468 542/542/542 543/543/543
f 468/468/468 543/543/543 469/469/469
f 469/469/469 543/543/543 470/470/470
f 470/470/470 543/543/543 544/544/544
f 470/470/470 544/544/544 545/545/545
f 470/470/470 545/545/545 471/471/471
f 471/471/471 545/545/545 472/472/472
f 472/472/472 545/545/545 546/546/546
f 472/472/472 546/546/546 547/547/547
f 472/472/472 547/547/547 473/473/473
f 473/473/473 547/547/547 474/474/474
f 474/474/474 547/547/547 548/548/548
f 474/474/474 548/548/548 549/549/549
f 474/474/474 549/549/549 475/475/475
f 475/475/475 549/549/549 476/476/476
f 476/476/476 549/549/549 550/550/550
f 476/476/476 550/550/550 551/551/551
f 476/476/476 551/551/551 477/477/477
f 477/477/477 551/551/551 478/478/478
f 478/478/478 551/551/551 552/552/552
f 478/478/478 552/552/552 553/553/553
f 478/478/478 553/553/553 479/479/479
f 479/479/479 553/553/553 480/480/480
f 480/480/480 553/553/553 554/554/554
f 480/480/480 554/554/554 555/555/555
f 480/480/480 555/555/555 481/481/481
f 481/481/481 555/555/555 482/482/482
f 482/482/482 555/555/555 556/556/556
f 482/482/482 556/556/556 557/557/557
f 482/482/482 557/557/557 483/483/483
f 483/483/483 557/557/557 484/484/484
f 484/484/484 557/557/557 558/558/558
f 484/484/484 558/558/558 559/559/559
f 484/484/484 559/559/559 485/485/485
f 485/485/485 559/559/559 486/486/486
f 486/486/486 559/559/559 560/560/560
f 486/486/486 560/560/560 561/561/561
f 486/486/486 561/561/561 487/487/487
f 487/487/487 561/561/561 488/488/488
f 488/488/488 561/561/561 562/562/562
f 488/488/488 562/562/562 563/563/563
f 488/488/488 563/563/563 489/489/489
f 489/489/489 563/563/563 490/490/490
f 490/490/490 563/563/563 564/564/564
f 490/490/490 564/564/564 565/565/565
f 490/490/490 565/565/565 491/491/491
f 491/491/491 565/565/565 492/492/492
f 492/492/492 565/565/565 566/566/566
f 492/492/492 566/566/566 567/567/567
f 492/492/492 567/567/567 493/493/493
f 493/493/493 567/567/567 494/494/494
f 494/494/494 567/567/567 568/568/568
f 494/494/494 568/568/568 569/569/569
f 494/494/494 569/569/569 495/495/495
f 495/495/495 569/569/569 496/496/496
f 496/496/496 569/569/569 570/570/570
f 496/496/496 570/570/570 571/571/571
f 496/496/496 571/571/571 497/497/497
f 497/497/497 571/571/571 498/498/498
f 498/498/498 571/571/571 572/572/572
f 498/498/498 572/572/572 573/573/573
f 498/498/498 573/573/573 499/499/499
f 499/499/499 573/573/573 500/500/500
f 500/500/500 573/573/573 574/574/574
f 500/500/500 574/574/574 575/575/575
f 500/500/500 575/575/575 501/501/501
f 501/501/501 575/575/575 502/502/502
f 502/502/502 575/575/575 576/576/576
f 502/502/502 576/576/576 577/577/577
f 502/502/502 577/577/577 503/503/503
f 503/503/503 577/577/577 504/504/504
f 504/504/504 577/577/577 578/578/578
f 504/504/504 578/578/578 579/579/579
f 504/504/504 579/579/579 505/505/505
f 505/505/505 579/579/579 506/506/506
f 506/506/506 579/579/579 580/580/580
f 506/506/506 580/580/580 581/581/581
f 506/506/506 581/581/581 507/507/507
f 507/507/507 581/581/581 508/508/508
f 508/508/508 581/581/581 582/582/582
f 508/508/508 582/582/582 583/583/583
f 508/508/508 583/583/583 509/509/509
f 509/509/509 583/583/583 510/510/510
f 510/510/510 583/583/583 584/584/584
f 510/510/510 584/584/584 585/585/585
f 510/510/510 585/585/585 511/511/511
f 511/511/511 585/585/585 512/512/512
f 512/512/512 585/585/585 586/586/586
f 512/512/512 586/586/586 587/587/587
f 512/512/512 587/587/587 513/513/513
f 513/513/513 587/587/587 514/514/514
f 514/514/514 587/587/587 588/588/588
f 514/514/514 588/588/588 589/589/589
f 514/514/514 589/589/589 515/515/515
f 515/515/515 589/589/589 516/516/516
f 516/516/516 589/589/589 590/590/590
f 516/516/516 590/590/590 591/591/591
f 516/516/516 591/591/591 517/517/517
f 517/517/517 591/591/591 518/518/518
f 518/518/518 591/591/591 592/592/592
f 519/519/519 593/593/593 594/594/594
f 519/519/519 594/594/594 520/520/520
f 520/520/520 594/594/594 521/521/521
f 521/521/521 594/594/594 595/595/595
f 521/521/521 595/595/595 596/596/596
f 521/521/521 596/596/596 522/522/522
f 522/522/522 596/596/596 523/523/523
f 523/523/523 596/596/596 597/597/597
f 523/523/523 597/597/597 598/598/598
f 523/523/523 598/598/598 524/524/524
f 524/524/524 598/598/598 525/525/525
f 525/525/525 598/598/598 599/599/599
f 525/525/525 599/599/599 600/600/600
f 525/525/525 600/600/600 526/526/526
f 526/526/526 600/600/600 527/527/527
f 527/527/527 600/600/600 601/601/601
f 527/527/527 601/601/601 602/602/602
f 527/527/527 602/602/602 528/528/528
f 528/528/528 602/602/602 529/529/529
f 529/529/529 602/602/602 603/603/603
f 529/529/529 603/603/603 604/604/604
f 529/529/529 604/604/604 530/530/530
f 530/530/530 604/604/604 531/531/531
f 531/531/531 604/604/604 605/605/605
f 531/531/531 605/605/605 606/606/606
f 531/531/531 606/606/606 532/532/532
f 532/532/532 606/606/606 533/533/533
f 533/533/533 606/606/606 607/607/607
f 533/533/533 607/607/607 608/608/608
f 533/533/533 608/608/608 534/534/534
f 534/534/534 608/608/608 535/535/535
f 535/535/535 608/608/608 609/609/609
f 535/535/535 609/609/609 610/610/610
f 535/535/535 610/610/610 536/536/536
f 536/536/536 610/610/610 537/537/537
f 537/537/537 610/610/610 611/611/611
f 537/537/537 611/611/611 612/612/612
f 537/537/537 612/612/612 538/538/538
f 538/538/538 612/612/612 539/539/539
f 539/539/539 612/612/612 613/613/613
f 539/539/539 613/613/613 614/614/614
f 539/539/539 614/614/614 540/540/540
f 540/540/540 614/614/614 541/541/541
f 541/541/541 614/614/614 615/615/615
f 541/541/541 615/615/615 616/616/616
f 541/541/541 616/616/616 542/542/542
f 542/542/542 616/616/616 543/543/543
f 543/543/543 616/616/616 617/617/617
f 543/543/543 617/617/617 618/618/618
f 543/543/543 618/618/618 544/544/544
f 544/544/544 618/618/618 545/545/545
f 545/545/545 618/618/618 619/619/619
f 545/545/545 619/619/619 620/620/620
f 545/545/545 620/620/620 546/546/546
f 546/546/546 620/620/620 547/547/547
f 547/547/547 620/620/620 621/621/621
f 547/547/547 621/621/621 622/622/622
f 547/547/547 622/622/622 548/548/548
f 548/548/548 622/622/622 549/549/549
f 549/549/549 622/622/622 623/623/623
f 549/549/549 623/623/623 624/624/624
f 549/549/549 624/624/624 550/550/550
f 550/550/550 624/624/624 551/551/551
f 551/551/551 624/624/624 625/625/625
f 551/551/551 625/625/625 626/626/626
f 551/551/551 626/626/626 552/552/552
f 552/552/552 626/626/626 553/553/553
f 553/553/553 626/626/626 627/627/627
f 553/553/553 627/627/627 628/628/628
f 553/553/553 628/628/628 554/554/554
f 554/554/554 628/628/628 555/555/555
f 555/555/555 628/628/628 629/629/629
f 555/555/555 629/629/629 630/630/630
f 555/555/555 630/630/630 556/556/556
f 556/556/556 630/630/630 557/557/557
f 557/557/557 630/630/630 631/631/631
f 557/557/557 631/631/631 632/632/632
f 557/557/557 632/632/632 558/558/558
f 558/558/558 632/632/632 559/559/559
f 559/559/559 632/632/632 633/633/633
f 559/559/559 633/633/633 634/634/634
f 559/559/559 634/634/634 560/560/560
f 560/560/560 634/634/634 561/561/561
f 561/561/561 634/634/634 635/635/635
f 561/561/561 635/635/635 636/636/636
f 561/561/561 636/636/636 562/562/562
f 562/562/562 636/636/636 563/563/563
f 563/563/563 636/636/636 637/637/637
f 563/563/563 637/637/637 638/638/638
f 563/563/563 638/638/638 564/564/564
f 564/564/564 638/638/638 565/565/565
f 565/565/565 638/638/638 639/639/639
f 565/565/565 639/639/639 640/640/640
f 565/565/565 640/640/640 566/566/566
f 566/566/566 640/640/640 567/567/567
f 567/567/567 640/640/640 641/641/641
f 567/567/567 641/641/641 642/642/642
f 567/567/567 642/642/642 568/568/568
f 568/568/568 642/642/642 569/569/569
f 569/569/569 642/642/642 643/643/643
f 569/569/569 643/643/643 644/644/644
f 569/569/569 644/644/644 570/570/570
f 570/570/570 644/644/644 571/571/571
f 571/571/571 644/644/644 645/645/645
f 571/571/571 645/645/645 646/646/646
f 571/571/571 646/646/646 572/572/572
f 572/572/572 646/646/646 573/573/573
f 573/573/573 646/646/646 647/647/647
f 573/573/573 647/647/647 648/648/648
f 573/573/573 648/648/648 574/574/574
f 574/574/574 648/648/648 575/575/575
f 575/575/575 648/648/648 649/649/649
f 575/575/575 649/649/649 650/650/650
f 575/575/575 650/650/650 576/576/576
f 576/576/576 650/650/650 577/577/577
f 577/577/577 650/650/650 651/651/651
f 577/577/577 651/651/651 652/652/652
f 577/577/577 652/652/652 578/578/578
f 578/578/578 652/652/652 579/579/579
f 579/579/579 652/652/652 653/653/653
f 579/579/579 653/653/653 654/654/654
f 579/579/579 654/654/654 580/580/580
f 580/580/580 654/654/654 581/581/581
f 581/581/581 654/654/654 655/655/655
f 581/581/581 655/655/655 656/656/656
f 581/581/581 656/656/656 582/582/582
f 582/582/582 656/656/656 583/583/583
f 583/583/583 656/656/656 657/657/657
f 583/583/583 657/657/657 658/658/658
f 583/583/583 658/658/658 584/584/584
f 584/584/584 658/658/658 585/585/585
f 585/585/585 658/658/658 659/659/659
f 585/585/585 659/659/659 660/660/660
f 585/585/585 660/660/660 586/586/586
f 586/586/586 660/660/660 587/587/587
f 587/587/587 660/660/660 661/661/661
f 587/587/587 661/661/661 662/662/662
f 587/587/587 662/662/662 588/588/588
f 588/588/588 662/662/662 589/589/589
f 589/589/589 662/662/662 663/663/663
f 589/589/589 663/663/663 664/664/664
f 589/589/589 664/664/664 590/590/590
f 590/590/590 664/664/664 591/591/591
f 591/591/591 664/664/664 665/665/665
f 591/591/591 665/665/665 666/666/666
f 591/591/591 666/666/666 592/592/592
f 593/593/593 667/667/667 594/594/594
f 594/594/594 667/667/667 668/668/668
f 594/594/594 668/668/668 669/669/669
f 594/594/594 669/669/669 595/595/595
f 595/595/595 669/669/669 596/596/596
f 596/596/596 669/669/669 670/670/670
f 596/596/596 670/670/670 671/671/671
f 596/596/596 671/671/671 597/597/597
f 597/597/597 671/671/671 598/598/598
f 598/598/598 671/671/671 672/672/672
f 598/598/598 672/672/672 673/673/673
f 598/598/598 673/673/673 599/599/599
f 599/599/599 673/673/673 600/600/600
f 600/600/600 673/673/673 674/674/674
f 600/600/600 674/674/674 675/675/675
f 600/600/600 675/675/675 601/601/601
f 601/601/601 675/675/675 602/602/602
f 602/602/602 675/675/675 676/676/676
f 602/602/602 676/676/676 677/677/677
f 602/602/602 677/677/677 603/603/603
f 603/603/603 677/677/677 604/604/604
f 604/604/604 677/677/677 678/678/678
f 604/604/604 678/678/678 679/679/679
f 604/604/604 679/679/679 605/605/605
f 605/605/605 679/679/679 606/606/606
f 606/606/606 679/679/679 680/680/680
f 606/606/606 680/680/680 681/681/681
f 606/606/606 681/681/681 607/607/607
f 607/607/607 681/681/681 608/608/608
f 608/608/608 681/681/681 682/682/682
f 608/608/608 682/682/682 683/683/683
f 608/608/608 683/683/683 609/609/609
f 609/609/609 683/683/683 610/610/610
f 610/610/610 683/683/683 684/684/684
f 610/610/610 684/684/684 685/685/685
f 610/610/610 685/685/685 611/611/611
f 611/611/611 685/685/685 612/612/612
f 612/612/612 685/685/685 686/686/686
f 612/612/612 686/686/686 687/687/687
f 612/612/612 687/687/687 613/613/613
f 613/613/613 687/687/687 614/614/614
f 614/614/614 687/687/687 688/688/688
f 614/614/614 688/688/688 689/689/689
f 614/614/614 689/689/689 615/615/615
f 615/615/615 689/689/689 616/616/616
f 616/616/616 689/689/689 690/690/690
f 616/616/616 690/690/690 691/691/691
f 616/616/616 691/691/691 617/617/617
f 617/617/617 691/691/691 618/618/618
f 618/618/618 691/691/691 692/692/692
f 618/618/618 692/692/692 693/693/693
f 618/618/618 693/693/693 619/619/619
f 619/619/619 693/693/693 620/620/620
f 620/620/620 693/693/693 694/694/694
f 620/620/620 694/694/694 695/695/695
f 620/620/620 695/695/695 621/621/621
f 621/621/621 695/695/695 622/622/622
f 622/622/622 695/695/695 696/696/696
f 622/622/622 696/696/696 697/697/697
f 622/622/622 697/697/697 623/623/623
f 623/623/623 697/697/697 624/624/624
f 624/624/624 697/697/697 698/698/698
f 624/624/624 698/698/698 699/699/699
f 624/624/624 699/699/699 625/625/625
f 625/625/625 699/699/699 626/626/626
f 626/626/626 699/699/699 700/700/700
f 626/626/626 700/700/700 701/701/701
f 626/626/626 701/701/701 627/627/627
f 627/627/627 701/701/701 628/628/628
f 628/628/628 701/701/701 702/702/702
f 628/628/628 702/702/702 703/703/703
f 628/628/628 703/703/703 629/629/629
f 629/629/629 703/703/703 630/630/630
f 630/630/630 703/703/703 704/704/704
f 630/630/630 704/704/704 705/705/705
f 630/630/630 705/705/705 631/631/631
f 631/631/631 705/705/705 632/632/632
f 632/632/632 705/705/705 706/706/706
f 632/632/632 706/706/706 707/707/707
f 632/632/632 707/707/707 633/633/633
f 633/633/633 707/707/707 634/634/634
f 634/634/634 707/707/707 708/708/708
f 634/634/634 708/708/708 709/709/709
f 634/634/634 709/709/709 635/635/635
f 635/635/635 709/709/709 636/636/636
f 636/636/636 709/709/709 710/710/710
f 636/636/636 710/710/710 711/711/711
f 636/636/636 711/711/711 637/637/637
f 637/637/637 711/711/711 638/638/638
f 638/638/638 711/711/711 712/712/712
f 638/638/638 712/712/712 713/713/713
f 638/638/638 713/713/713 639/639/639
f 639/639/639 713/713/713 640/640/640
f 640/640/640 713/713/713 714/714/714
f 640/640/640 714/714/714 715/715/715
f 640/640/640 715/715/715 641/641/641
f 641/641/641 715/715/715 642/642/642
f 642/642/642 715/715/715 716/716/716
f 642/642/642 716/716/716 717/717/717
f 642/642/642 717/717/717 643/643/643
f 643/643/643 717/717/717 644/644/644
f 644/644/644 717/717/717 718/718/718
f 644/644/644 718/718/718 719/719/719
f 644/644/644 719/719/719 645/645/645
f 645/645/645 719/719/719 646/646/646
f 646/646/646 719/719/719 720/720/720
f 646/646/646 720/720/720 721/721/721
f 646/646/646 721/721/721 647/647/647
f 647/647/647 721/721/721 648/648/648
f 648/648/648 721/721/721 722/722/722
f 648/648/648 722/722/722 723/723/723
f 648/648/648 723/723/723 649/649/649
f 649/649/649 723/723/723 650/650/650
f 650/650/650 723/723/723 724/724/724
f 650/650/650 724/724/724 725/725/725
f 650/650/650 725/725/725 651/651/651
f 651/651/651 725/725/725 652/652/652
f 652/652/652 725/725/725 726/726/726
f 652/652/652 726/726/726 727/727/727
f 652/652/652 727/727/727 653/653/653
f 653/653/653 727/727/727 654/654/654
f 654/654/654 727/727/727 728/728/728
f 654/654/654 728/728/728 729/729/729
f 654/654/654 729/729/729 655/655/655
f 655/655/655 729/729/729 656/656/656
f 656/656/656 729/729/729 730/730/730
f 656/656/656 730/730/730 731/731/731
f 656/656/656 731/731/731 657/657/657
f 657/657/657 731/731/731 658/658/658
f 658/658/658 731/731/731 732/732/732
f 658/658/658 732/732/732 733/733/733
f 658/658/658 733/733/733 659/659/659
f 659/659/659 733/733/733 660/660/660
f 660/660/660 733/733/733 734/734/734
f 660/660/660 734/734/734 735/735/735
f 660/660/660 735/735/735 661/661/661
f 661/661/661 735/735/735 662/662/662
f 662/662/662 735/735/735 736/736/736
f 662/662/662 736/736/736 737/737/737
f 662/662/662 737/737/737 663/663/663
f 663/663/663 737/737/737 664/664/664
f 664/664/664 737/737/737 738/738/738
f 664/664/664 738/738/738 739/739/739
f 664/664/664 739/739/739 665/665/665
f 665/665/665 739/739/739 666/666/666
f 666/666/666 739/739/739 740/740/740
f 667/667/667 741/741/741 742/742/742
f 667/667/667 742/742/742 668/668/668
f 668/668/668 742/742/742 669/669/669
f 669/669/669 742/742/742 743/743/743
f 669/669/669 743/743/743 744/744/744
f 669/669/669 744/744/744 670/670/670
f 670/670/670 744/744/744 671/671/671
f 671/671/671 744/744/744 745/745/745
f 671/671/671 745/745/745 746/746/746
f 671/671/671 746/746/746 672/672/672
f 672/672/672 746/746/746 673/673/673
f 673/673/673 746/746/746 747/747/747
f 673/673/673 747/747/747 748/748/748
f 673/673/673 748/748/748 674/674/674
f 674/674/674 748/748/748 675/675/675
f 675/675/675 748/748/748 749/749/749
f 675/675/675 749/749/749 750/750/750
f 675/675/675 750/750/750 676/676/676
f 676/676/676 750/750/750 677/677/677
f 677/677/677 750/750/750 751/751/751
f 677/677/677 751/751/751 752/752/752
f 677/677/677 752/752/752 678/678/678
f 678/678/678 752/752/752 679/679/679
f 679/679/679 752/752/752 753/753/753
f 679/679/679 753/753/753 754/754/754
f 679/679/679 754/754/754 680/680/680
f 680/680/680 754/754/754 681/681/681
f 681/681/681 754/754/754 755/755/755
f 681/681/681 755/755/755 756/756/756
f 681/681/681 756/756/756 682/682/682
f 682/682/682 756/756/756 683/683/683
f 683/683/683 756/756/756 757/757/757
f 683/683/683 757/757/757 758/758/758
f 683/683/683 758/758/758 684/684/684
f 684/684/684 758/758/758 685/685/685
f 685/685/685 758/758/758 759/759/759
f 685/685/685 759/759/759 760/760/760
f 685/685/685 760/760/760 686/686/686
f 686/686/686 760/760/760 687/687/687
f 687/687/687 760/760/760 761/761/761
f 687/687/687 761/761/761 762/762/762
f 687/687/687 762/762/762 688/688/688
f 688/688/688 762/762/762 689/689/689
f 689/689/689 762/762/762 763/763/763
f 689/689/689 763/763/763 764/764/764
f 689/689/689 764/764/764 690/690/690
f 690/690/690 764/764/764 691/691/691
f 691/691/691 764/764/764 765/765/765
f 691/691/691 765/765/765 766/766/766
f 691/691/691 766/766/766 692/692/692
f 692/692/692 766/766/766 693/693/693
f 693/693/693 766/766/766 767/767/767
f 693/693/693 767/767/767 768/768/768
f 693/693/693 768/768/768 694/694/694
f 694/694/694 768/768/768 695/695/695
f 695/695/695 768/768/768 769/769/769
f 695/695/695 769/769/769 770/770/770
f 695/695/695 770/770/770 696/696/696
f 696/696/696 770/770/770 697/697/697
f 697/697/697 770/770/770 771/771/771
f 697/697/697 771/771/771 772/772/772
f 697/697/697 772/772/772 698/698/698
f 698/698/698 772/772/772 699/699/699
f 699/699/699 772/772/772 773/773/773
f 699/699/699 773/773/773 774/774/774
f 699/699/699 774/774/774 700/700/700
f 700/700/700 774/774/774 701/701/701
f 701/701/701 774/774/774 775/775/775
f 701/701/701 775/775/775 776/776/776
f 701/701/701 776/776/776 702/702/702
f 702/702/702 776/776/776 703/703/703
f 703/703/703 776/776/776 777/777/777
f 703/703/703 777/777/777 778/778/778
f 703/703/703 778/778/778 704/704/704
f 704/704/704 778/778/778 705/705/705
f 705/705/705 778/778/778 779/779/779
f 705/705/705 779/779/779 780/780/780
f 705/705/705 780/780/780 706/706/706
f 706/706/706 780/780/780 707/707/707
f 707/707/707 780/780/780 781/781/781
f 707/707/707 781/781/781 782/782/782
f 707/707/707 782/782/782 708/708/708
f 708/708/708 782/782/782 709/709/709
f 709/709/709 782/782/782 783/783/783
f 709/709/709 783/783/783 784/784/784
f 709/709/709 784/784/784 710/710/710
f 710/710/710 784/784/784 711/711/711
f 711/711/711 784/784/784 785/785/785
f 711/711/711 785/785/785 786/786/786
f 711/711/711 786/786/786 712/712/712
f 712/712/712 786/786/786 713/713/713
f 713/713/713 786/786/786 787/787/787
f 713/713/713 787/787/787 788/788/788
f 713/713/713 788/788/788 714/714/714
f 714/714/714 788/788/788 715/715/715
f 715/715/715 788/788/788 789/789/789
f 715/715/715 789/789/789 790/790/790
f 715/715/715 790/790/790 716/716/716
f 716/716/716 790/790/790 717/717/717
f 717/717/717 790/790/790 791/791/791
f 717/717/717 791/791/791 792/792/792
f 717/717/717 792/792/792 718/718/718
f 718/718/718 792/792/792 719/719/719
f 719/719/719 792/792/792 793/793/793
f 719/719/719 793/793/793 794/794/794
f 719/719/719 794/794/794 720/720/720
f 720/720/720 794/794/794 721/721/721
f 721/721/721 794/794/794 795/795/795
f 721/721/721 795/795/795 796/796/796
f 721/721/721 796/796/796 722/722/722
f 722/722/722 796/796/796 723/723/723
f 723/723/723 796/796/796 797/797/797
f 723/723/723 797/797/797 798/798/798
f 723/723/723 798/798/798 724/724/724
f 724/724/724 798/798/798 725/725/725
f 725/725/725 798/798/798 799/799/799
f 725/725/725 799/799/799 800/800/800
f 725/725/725 800/800/800 726/726/726
f 726/726/726 800/800/800 727/727/727
f 727/727/727 800/800/800 801/801/801
f 727/727/727 801/801/801 802/802/802
f 727/727/727 802/802/802 728/728/728
f 728/728/728 802/802/802 729/729/729
f 729/729/729 802/802/802 803/803/803
f 729/729/729 803/803/803 804/804/804
f 729/729/729 804/804/804 730/730/730
f 730/730/730 804/804/804 731/731/731
f 731/731/731 804/804/804 805/805/805
f 731/731/731 805/805/805 806/806/806
f 731/731/731 806/806/806 732/732/732
f 732/732/732 806/806/806 733/733/733
f 733/733/733 806/806/806 807/807/807
f 733/733/733 807/807/807 808/808/808
f 733/733/733 808/808/808 734/734/734
f 734/734/734 808/808/808 735/735/735
f 735/735/735 808/808/808 809/809/809
f 735/735/735 809/809/809 810/810/810
f 735/735/735 810/810/810 736/736/736
f 736/736/736 810/810/810 737/737/737
f 737/737/737 810/810/810 811/811/811
f 737/737/737 811/811/811 812/812/812
f 737/737/737 812/812/812 738/738/738
f 738/738/738 812/812/812 739/739/739
f 739/739/739 812/812/812 813/813/813
f 739/739/739 813/813/813 814/814/814
f 739/739/739 814/814/814 740/740/740
f 741/741/741 815/815/815 742/742/742
f 742/742/742 815/815/815 816/816/816
f 742/742/742 816/816/816 817/817/817
f 742/742/742 817/817/817 743/743/743
f 743/743/743 817/817/817 744/744/744
f 744/744/744 817/817/817 818/818/818
f 744/744/744 818/818/818 819/819/819
f 744/744/744 819/819/819 745/745/745
f 745/745/745 819/819/819 746/746/746
f 746/746/746 819/819/819 820/820/820
f 746/746/746 820/820/820 821/821/821
f 746/746/746 821/821/821 747/747/747
f 747/747/747 821/821/821 748/748/748
f 748/748/748 821/821/821 822/822/822
f 748/748/748 822/822/822 823/823/823
f 748/748/748 823/823/823 749/749/749
f 749/749/749 823/823/823 750/750/750
f 750/750/750 823/823/823 824/824/824
f 750/750/750 824/824/824 825/825/825
f 750/750/750 825/825/825 751/751/751
f 751/751/751 825/825/825 752/752/752
f 752/752/752 825/825/825 826/826/826
f 752/752/752 826/826/826 827/827/827
f 752/752/752 827/827/827 753/753/753
f 753/753/753 827/827/827 754/754/754
f 754/754/754 827/827/827 828/828/828
f 754/754/754 828/828/828 829/829/829
f 754/754/754 829/829/829 755/755/755
f 755/755/755 829/829/829 756/756/756
f 756/756/756 829/829/829 830/830/830
f 756/756/756 830/830/830 831/831/831
f 756/756/756 831/831/831 757/757/757
f 757/757/757 831/831/831 758/758/758
f 758/758/758 831/831/831 832/832/832
f 758/758/758 832/832/832 833/833/833
f 758/758/758 833/833/833 759/759/759
f 759/759/759 833/833/833 760/760/760
f 760/760/760 833/833/833 834/834/834
f 760/760/760 834/834/834 835/835/835
f 760/760/760 835/835/835 761/761/761
f 761/761/761 835/835/835 762/762/762
f 762/762/762 835/835/835 836/836/836
f 762/762/762 836/836/836 837/837/837
f 762/762/762 837/837/837 763/763/763
f 763/763/763 837/837/837 764/764/764
f 764/764/764 837/837/837 838/838/838
f 764/764/764 838/838/838 839/839/839
f 764/764/764 839/839/839 765/765/765
f 765/765/765 839/839/839 766/766/766
f 766/766/766 839/839/839 840/840/840
f 766/766/766 840/840/840 841/841/841
f 766/766/766 841/841/841 767/767/767
f 767/767/767 841/841/841 768/768/768
f 768/768/768 841/841/841 842/842/842
f 768/768/768 842/842/842 843/843/843
f 768/768/768 843/843/843 769/769/769
f 769/769/769 843/843/843 770/770/770
f 770/770/770 843/843/843 844/844/844
f 770/770/770 844/844/844 845/845/845
f 770/770/770 845/845/845 771/771/771
f 771/771/771 845/845/845 772/772/772
f 772/772/772 845/845/845 846/846/846
f 772/772/772 846/846/846 847/847/847
f 772/772/772 847/847/847 773/773/773
f 773/773/773 847/847/847 774/774/774
f 774/774/774 847/847/847 848/848/848
f 774/774/774 848/848/848 849/849/849
f 774/774/774 849/849/849 775/775/775
f 775/775/775 849/849/849 776/776/776
f 776/776/776 849/849/849 850/850/850
f 776/776/776 850/850/850 851/851/851
f 776/776/776 851/851/851 777/777/777
f 777/777/777 851/851/851 778/778/778
f 778/778/778 851/851/851 852/852/852
f 778/778/778 852/852/852 853/853/853
f 778/778/778 853/853/853 779/779/779
f 779/779/779 853/853/853 780/780/780
f 780/780/780 853/853/853 854/854/854
f 780/780/780 854/854/854 855/855/855
f 780/780/780 855/855/855 781/781/781
f 781/781/781 855/855/855 782/782/782
f 782/782/782 855/855/855 856/856/856
f 782/782/782 856/856/856 857/857/857
f 782/782/782 857/857/857 783/783/783
f 783/783/783 857/857/857 784/784/784
f 784/784/784 857/857/857 858/858/858
f 784/784/784 858/858/858 859/859/859
f 784/784/784 859/859/859 785/785/785
f 785/785/785 859/859/859 786/786/786
f 786/786/786 859/859/859 860/860/860
f 786/786/786 860/860/860 861/861/861
f 786/786/786 861/861/861 787/787/787
f 787/787/787 861/861/861 788/788/788
f 788/788/788 861/861/861 862/862/862
f 788/788/788 862/862/862 863/863/863
f 788/788/788 863/863/863 789/789/789
f 789/789/789 863/863/863 790/790/790
f 790/790/790 863/863/863 864/864/864
f 790/790/790 864/864/864 865/865/865
f 790/790/790 865/865/865 791/791/791
f 791/791/791 865/865/865 792/792/792
f 792/792/792 865/865/865 866/866/866
f 792/792/792 866/866/866 867/867/867
f 792/792/792 867/867/867 793/793/793
f 793/793/793 867/867/867 794/794/794
f 794/794/794 867/867/867 868/868/868
f 794/794/794 868/868/868 869/869/869
f 794/794/794 869/869/869 795/795/795
f 795/795/795 869/869/869 796/796/796
f 796/796/796 869/869/869 870/870/870
f 796/796/796 870/870/870 871/871/871
f 796/796/796 871/871/871 797/797/797
f 797/797/797 871/871/871 798/798/798
f 798/798/798 871/871/871 872/872/872
f 798/798/798 872/872/872 873/873/873
f 798/798/798 873/873/873 799/799/799
f 799/799/799 873/873/873 800/800/800
f 800/800/800 873/873/873 874/874/874
f 800/800/800 874/874/874 875/875/875
f 800/800/800 875/875/875 801/801/801
f 801/801/801 875/875/875 802/802/802
f 802/802/802 875/875/875 876/876/876
f 802/802/802 876/876/876 877/877/877
f 802/802/802 877/877/877 803/803/803
f 803/803/803 877/877/877 804/804/804
f 804/804/804 877/877/877 878/878/878
f 804/804/804 878/878/878 879/879/879
f 804/804/804 879/879/879 805/805/805
f 805/805/805 879/879/879 806/806/806
f 806/806/806 879/879/879 880/880/880
f 806/806/806 880/880/880 881/881/881
f 806/806/806 881/881/881 807/807/807
f 807/807/807 881/881/881 808/808/808
f 808/808/808 881/881/881 882/882/882
f 808/808/808 882/882/882 883/883/883
f 808/808/808 883/883/883 809/809/809
f 809/809/809 883/883/883 810/810/810
f 810/810/810 883/883/883 884/884/884
f 810/810/810 884/884/884 885/885/885
f 810/810/810 885/885/885 811/811/811
f 811/811/811 885/885/885 812/812/812
f 812/812/812 885/885/885 886/886/886
f 812/812/812 886/886/886 887/887/887
f 812/812/812 887/887/887 813/813/813
f 813/813/813 887/887/887 814/814/814
f 814/814/814 887/887/887 888/888/888
f 815/815/815 889/889/889 890/890/890
f 815/815/815 890/890/890 816/816/816
f 816/816/816 890/890/890 817/817/817
f 817/817/817 890/890/890 891/891/891
f 817/817/817 891/891/891 892/892/892
f 817/817/817 892/892/892 818/818/818
f 818/818/818 892/892/892 819/819/819
f 819/819/819 892/892/892 893/893/893
f 819/819/819 893/893/893 894/894/894
f 819/819/819 894/894/894 820/820/820
f 820/820/820 894/894/894 821/821/821
f 821/821/821 894/894/894 895/895/895
f 821/821/821 895/895/895 896/896/896
f 821/821/821 896/896/896 822/822/822
f 822/822/822 896/896/896 823/823/823
f 823/823/823 896/896/896 897/897/897
f 823/823/823 897/897/897 898/898/898
f 823/823/823 898/898/898 824/824/824
f 824/824/824 898/898/898 825/825/825
f 825/825/825 898/898/898 899/899/899
f 825/825/825 899/899/899 900/900/900
f 825/825/825 900/900/900 826/826/826
f 826/826/826 900/900/900 827/827/827
f 827/827/827 900/900/900 901/901/901
f 827/827/827 901/901/901 902/902/902
f 827/827/827 902/902/902 828/828/828
f 828/828/828 902/902/902 829/829/829
f 829/829/829 902/902/902 903/903/903
f 829/829/829 903/903/903 904/904/904
f 829/829/829 904/904/904 830/830/830
f 830/830/830 904/904/904 831/831/831
f 831/831/831 904/904/904 905/905/905
f 831/831/831 905/905/905 906/906/906
f 831/831/831 906/906/906 832/832/832
f 832/832/832 906/906/906 833/833/833
f 833/833/833 906/906/906 907/907/907
f 833/833/833 907/907/907 908/908/908
f 833/833/833 908/908/908 834/834/834
f 834/834/834 908/908/908 835/835/835
f 835/835/835 908/908/908 909/909/909
f 835/835/835 909/909/909 910/910/910
f 835/835/835 910/910/910 836/836/836
f 836/836/836 910/910/910 837/837/837
f 837/837/837 910/910/910 911/911/911
f 837/837/837 911/911/911 912/912/912
f 837/837/837 912/912/912 838/838/838
f 838/838/838 912/912/912 839/839/839
f 839/839/839 912/912/912 913/913/913
f 839/839/839 913/913/913 914/914/914
f 839/839/839 914/914/914 840/840/840
f 840/840/840 914/914/914 841/841/841
f 841/841/841 914/914/914 915/915/915
f 841/841/841 915/915/915 916/916/916
f 841/841/841 916/916/916 842/842/842
f 842/842/842 916/916/916 843/843/843
f 843/843/843 916/916/916 917/917/917
f 843/843/843 917/917/917 918/918/918
f 843/843/843 918/918/918 844/844/844
f 844/844/844 918/918/918 845/845/845
f 845/845/845 918/918/918 919/919/919
f 845/845/845 919/919/919 920/920/920
f 845/845/845 920/920/920 846/846/846
f 846/846/846 920/920/920 847/847/847
f 847/847/847 920/920/920 921/921/921
f 847/847/847 921/921/921 922/922/922
f 847/847/847 922/922/922 848/848/848
f 848/848/848 922/922/922 849/849/849
f 849/849/849 922/922/922 923/923/923
f 849/849/849 923/923/923 924/924/924
f 849/849/849 924/924/924 850/850/850
f 850/850/850 924/924/924 851/851/851
f 851/851/851 924/924/924 925/925/925
f 851/851/851 925/925/925 926/926/926
f 851/851/851 926/926/926 852/852/852
f 852/852/852 926/926/926 853/853/853
f 853/853/853 926/926/926 927/927/927
f 853/853/853 927/927/927 928/928/928
f 853/853/853 928/928/928 854/854/854
f 854/854/854 928/928/928 855/855/855
f 855/855/855 928/928/928 929/929/929
f 855/855/855 929/929/929 930/930/930
f 855/855/855 930/930/930 856/856/856
f 856/856/856 930/930/930 857/857/857
f 857/857/857 930/930/930 931/931/931
f 857/857/857 931/931/931 932/932/932
f 857/857/857 932/932/932 858/858/858
f 858/858/858 932/932/932 859/859/859
f 859/859/859 932/932/932 933/933/933
f 859/859/859 933/933/933 934/934/934
f 859/859/859 934/934/934 860/860/860
f 860/860/860 934/934/934 861/861/861
f 861/861/861 934/934/934 935/935/935
f 861/861/861 935/935/935 936/936/936
f 861/861/861 936/936/936 862/862/862
f 862/862/862 936/936/936 863/863/863
f 863/863/863 936/936/936 937/937/937
f 863/863/863 937/937/937 938/938/938
f 863/863/863 938/938/938 864/864/864
f 864/864/864 938/938/938 865/865/865
f 865/865/865 938/938/938 939/939/939
f 865/865/865 939/939/939 940/940/940
f 865/865/865 940/940/940 866/866/866
f 866/866/866 940/940/940 867/867/867
f 867/867/867 940/940/940 941/941/941
f 867/867/867 941/941/941 942/942/942
f 867/867/867 942/942/942 868/868/868
f 868/868/868 942/942/942 869/869/869
f 869/869/869 942/942/942 943/943/943
f 869/869/869 943/943/943 944/944/944
f 869/869/869 944/944/944 870/870/870
f 870/870/870 944/944/944 871/871/871
f 871/871/871 944/944/944 945/945/945
f 871/871/871 945/945/945 946/946/946
f 871/871/871 946/946/946 872/872/872
f 872/872/872 946/946/946 873/873/873
f 873/873/873 946/946/946 947/947/947
f 873/873/873 947/947/947 948/948/948
f 873/873/873 948/948/948 874/874/874
f 874/874/874 948/948/948 875/875/875
f 875/875/875 948/948/948 949/949/949
f 875/875/875 949/949/949 950/950/950
f 875/875/875 950/950/950 876/876/876
f 876/876/876 950/950/950 877/877/877
f 877/877/877 950/950/950 951/951/951
f 877/877/877 951/951/951 952/952/952
f 877/877/877 952/952/952 878/878/878
f 878/878/878 952/952/952 879/879/879
f 879/879/879 952/952/952 953/953/953
f 879/879/879 953/953/953 954/954/954
f 879/879/879 954/954/954 880/880/880
f 880/880/880 954/954/954 881/881/881
f 881/881/881 954/954/954 955/955/955
f 881/881/881 955/955/955 956/956/956
f 881/881/881 956/956/956 882/882/882
f 882/882/882 956/956/956 883/883/883
f 883/883/883 956/956/956 957/957/957
f 883/883/883 957/957/957 958/958/958
f 883/883/883 958/958/958 884/884/884
f 884/884/884 958/958/958 885/885/885
f 885/885/885 958/958/958 959/959/959
f 885/885/885 959/959/959 960/960/960
f 885/885/885 960/960/960 886/886/886
f 886/886/886 960/960/960 887/887/887
f 887/887/887 960/960/960 961/961/961
f 887/887/887 961/961/961 962/962/962
f 887/887/887 962/962/962 888/888/888
f 889/889/889 963/963/963 890/890/890
f 890/890/890 963/963/963 964/964/964
f 890/890/890 964/964/964 965/965/965
f 890/890/890 965/965/965 891/891/891
f 891/891/891 965/965/965 892/892/892
f 892/892/892 965/965/965 966/966/966
f 892/892/892 966/966/966 967/967/967
f 892/892/892 967/967/967 893/893/893
f 893/893/893 967/967/967 894/894/894
f 894/894/894 967/967/967 968/968/968
f 894/894/894 968/968/968 969/969/969
f 894/894/894 969/969/969 895/895/895
f 895/895/895 969/969/969 896/896/896
f 896/896/896 969/969/969 970/970/970
f 896/896/896 970/970/970 971/971/971
f 896/896/896 971/971/971 897/897/897
f 897/897/897 971/971/971 898/898/898
f 898/898/898 971/971/971 972/972/972
f 898/898/898 972/972/972 973/973/973
f 898/898/898 973/973/973 899/899/899
f 899/899/899 973/973/973 900/900/900
f 900/900/900 973/973/973 974/974/974
f 900/900/900 974/974/974 975/975/975
f 900/900/900 975/975/975 901/901/901
f 901/901/901 975/975/975 902/902/902
f 902/902/902 975/975/975 976/976/976
f 902/902/902 976/976/976 977/977/977
f 902/902/902 977/977/977 903/903/903
f 903/903/903 977/977/977 904/904/904
f 904/904/904 977/977/977 978/978/978
f 904/904/904 978/978/978 979/979/979
f 904/904/904 979/979/979 905/905/905
f 905/905/905 979/979/979 906/906/906
f 906/906/906 979/979/979 980/980/980
f 906/906/906 980/980/980 981/981/981
f 906/906/906 981/981/981 907/907/907
f 907/907/907 981/981/981 908/908/908
f 908/908/908 981/981/981 982/982/982
f 908/908/908 982/982/982 983/983/983
f 908/908/908 983/983/983 909/909/909
f 909/909/909 983/983/983 910/910/910
f 910/910/910 983/983/983 984/984/984
f 910/910/910 984/984/984 985/985/985
f 910/910/910 985/985/985 911/911/911
f 911/911/911 985/985/985 912/912/912
f 912/912/912 985/985/985 986/986/986
f 912/912/912 986/986/986 987/987/987
f 912/912/912 987/987/987 913/913/913
f 913/913/913 987/987/987 914/914/914
f 914/914/914 987/987/987 988/988/988
f 914/914/914 988/988/988 989/989/989
f 914/914/914 989/989/989 915/915/915
f 915/915/915 989/989/989 916/916/916
f 916/916/916 989/989/989 990/990/990
f 916/916/916 990/990/990 991/991/991
f 916/916/916 991/991/991 917/917/917
f 917/917/917 991/991/991 918/918/918
f 918/918/918 991/991/991 992/992/992
f 918/918/918 992/992/992 993/993/993
f 918/918/918 993/993/993 919/919/919
f 919/919/919 993/993/993 920/920/920
f 920/920/920 993/993/993 994/994/994
f 920/920/920 994/994/994 995/995/995
f 920/920/920 995/995/995 921/921/921
f 921/921/921 995/995/995 922/922/922
f 922/922/922 995/995/995 996/996/996
f 922/922/922 996/996/996 997/997/997
f 922/922/922 997/997/997 923/923/923
f 923/923/923 997/997/997 924/924/924
f 924/924/924 997/997/997 998/998/998
f 924/924/924 998/998/998 999/999/999
f 924/924/924 999/999/999 925/925/925
f 925/925/925 999/999/999 926/926/926
f 926/926/926 999/999/999 1000/1000/1000
f 926/926/926 1000/1000/1000 1001/1001/1001
f 926/926/926 1001/1001/1001 927/927/927
f 927/927/927 1001/1001/1001 928/928/928
f 928/928/928 1001/1001/1001 1002/1002/1002
f 928/928/928 1002/1002/1002 1003/1003/1003
f 928/928/928 1003/1003/1003 929/929/929
f 929/929/929 1003/1003/1003 930/930/930
f 930/930/930 1003/1003/1003 1004/1004/1004
f 930/930/930 1004/1004/1004 1005/1005/1005
f 930/930/930 1005/1005/1005 931/931/931
f 931/931/931 1005/1005/1005 932/932/932
f 932/932/932 1005/1005/1005 1006/1006/1006
f 932/932/932 1006/1006/1006 1007/1007/1007
f 932/932/932 1007/1007/1007 933/933/933
f 933/933/933 1007/1007/1007 934/934/934
f 934/934/934 1007/1007/1007 1008/1008/1008
f 934/934/934 1008/1008/1008 1009/1009/1009
f 934/934/934 1009/1009/1009 935/935/935
f 935/935/935 1009/1009/1009 936/936/936
f 936/936/936 1009/1009/1009 1010/1010/1010
f 936/936/936 1010/1010/1010 1011/1011/1011
f 936/936/936 1011/1011/1011 937/937/937
f 937/937/937 1011/1011/1011 938/938/938
f 938/938/938 1011/1011/1011 1012/1012/1012
f 938/938/938 1012/1012/1012 1013/1013/1013
f 938/938/938 1013/1013/1013 939/939/939
f 939/939/939 1013/1013/1013 940/940/940
f 940/940/940 1013/1013/1013 1014/1014/1014
f 940/940/940 1014/1014/1014 1015/1015/1015
f 940/940/940 1015/1015/1015 941/941/941
f 941/941/941 1015/1015/1015 942/942/942
f 942/942/942 1015/1015/1015 1016/1016/1016
f 942/942/942 1016/1016/1016 1017/1017/1017
f 942/942/942 1017/1017/1017 943/943/943
f 943/943/943 1017/1017/1017 944/944/944
f 944/944/944 1017/1017/1017 1018/1018/1018
f 944/944/944 1018/1018/1018 1019/1019/1019
f 944/944/944 1019/1019/1019 945/945/945
f 945/945/945 1019/1019/1019 946/946/946
f 946/946/946 1019/1019/1019 1020/1020/1020
f 946/946/946 1020/1020/1020 1021/1021/1021
f 946/946/946 1021/1021/1021 947/947/947
f 947/947/947 1021/1021/1021 948/948/948
f 948/948/948 1021/1021/1021 1022/1022/1022
f 948/948/948 1022/1022/1022 1023/1023/1023
f 948/948/948 1023/1023/1023 949/949/949
f 949/949/949 1023/1023/1023 950/950/950
f 950/950/950 1023/1023/1023 1024/1024/1024
f 950/950/950 1024/1024/1024 1025/1025/1025
f 950/950/950 1025/1025/1025 951/951/951
f 951/951/951 1025/1025/1025 952/952/952
f 952/952/952 1025/1025/1025 1026/1026/1026
f 952/952/952 1026/1026/1026 1027/1027/1027
f 952/952/952 1027/1027/1027 953/953/953
f 953/953/953 1027/1027/1027 954/954/954
f 954/954/954 1027/1027/1027 1028/1028/1028
f 954/954/954 1028/1028/1028 1029/1029/1029
f 954/954/954 1029/1029/1029 955/955/955
f 955/955/955 1029/1029/1029 956/956/956
f 956/956/956 1029/1029/1029 1030/1030/1030
f 956/956/956 1030/1030/1030 1031/1031/1031
f 956/956/956 1031/1031/1031 957/957/957
f 957/957/957 1031/1031/1031 958/958/958
f 958/958/958 1031/1031/1031 1032/1032/1032
f 958/958/958 1032/1032/1032 1033/1033/1033
f 958/958/958 1033/1033/1033 959/959/959
f 959/959/959 1033/1033/1033 960/960/960
f 960/960/960 1033/1033/1033 1034/1034/1034
f 960/960/960 1034/1034/1034 1035/1035/1035
f 960/960/960 1035/1035/1035 961/961/961
f 961/961/961 1035/1035/1035 962/962/962
f 962/962/962 1035/1035/1035 1036/1036/1036
f 963/963/963 1037/1037/1037 1038/1038/1038
f 963/963/963 1038/1038/1038 964/964/964
f 964/964/964 1038/1038/1038 965/965/965
f 965/965/965 1038/1038/1038 1039/1039/1039
f 965/965/965 1039/1039/1039 1040/1040/1040
f 965/965/965 1040/1040/1040 966/966/966
f 966/966/966 1040/1040/1040 967/967/967
f 967/967/967 1040/1040/1040 1041/1041/1041
f 967/967/967 1041/1041/1041 1042/1042/1042
f 967/967/967 1042/1042/1042 968/968/968
f 968/968/968 1042/1042/1042 969/969/969
f 969/969/969 1042/1042/1042 1043/1043/1043
f 969/969/969 1043/1043/1043 1044/1044/1044
f 969/969/969 1044/1044/1044 970/970/970
f 970/970/970 1044/1044/1044 971/971/971
f 971/971/971 1044/1044/1044 1045/1045/1045
f 971/971/971 1045/1045/1045 1046/1046/1046
f 971/971/971 1046/1046/1046 972/972/972
f 972/972/972 1046/1046/1046 973/973/973
f 973/973/973 1046/1046/1046 1047/1047/1047
f 973/973/973 1047/1047/1047 1048/1048/1048
f 973/973/973 1048/1048/1048 974/974/974
f 974/974/974 1048/1048/1048 975/975/975
f 975/975/975 1048/1048/1048 1049/1049/1049
f 975/975/975 1049/1049/1049 1050/1050/1050
f 975/975/975 1050/1050/1050 976/976/976
f 976/976/976 1050/1050/1050 977/977/977
f 977/977/977 1050/1050/1050 1051/1051/1051
f 977/977/977 1051/1051/1051 1052/1052/1052
f 977/977/977 1052/1052/1052 978/978/978
f 978/978/978 1052/1052/1052 979/979/979
f 979/979/979 1052/1052/1052 1053/1053/1053
f 979/979/979 1053/1053/1053 1054/1054/1054
f 979/979/979 1054/1054/1054 980/980/980
f 980/980/980 1054/1054/1054 981/981/981
f 981/981/981 1054/1054/1054 1055/1055/1055
f 981/981/981 1055/1055/1055 1056/1056/1056
f 981/981/981 1056/1056/1056 982/982/982
f 982/982/982 1056/1056/1056 983/983/983
f 983/983/983 1056/1056/1056 1057/1057/1057
f 983/983/983 1057/1057/1057 1058/1058/1058
f 983/983/983 1058/1058/1058 984/984/984
f 984/984/984 1058/1058/1058 985/985/985
f 985/985/985 1058/1058/1058 1059/1059/1059
f 985/985/985 1059/1059/1059 1060/1060/1060
f 985/985/985 1060/1060/1060 986/986/986
f 986/986/986 1060/1060/1060 987/987/987
f 987/987/987 1060/1060/1060 1061/1061/1061
f 987/987/987 1061/1061/1061 1062/1062/1062
f 987/987/987 1062/1062/1062 988/988/988
f 988/988/988 1062/1062/1062 989/989/989
f 989/989/989 1062/1062/1062 1063/1063/1063
f 989/989/989 1063/1063/1063 1064/1064/1064
f 989/989/989 1064/1064/1064 990/990/990
f 990/990/990 1064/1064/1064 991/991/991
f 991/991/991 1064/1064/1064 1065/1065/1065
f 991/991/991 1065/1065/1065 1066/1066/1066
f 991/991/991 1066/1066/1066 992/992/992
f 992/992/992 1066/1066/1066 993/993/993
f 993/993/993 1066/1066/1066 1067/1067/1067
f 993/993/993 1067/1067/1067 1068/1068/1068
f 993/993/993 1068/1068/1068 994/994/994
f 994/994/994 1068/1068/1068 995/995/995
f 995/995/995 1068/1068/1068 1069/1069/1069
f 995/995/995 1069/1069/1069 1070/1070/1070
f 995/995/995 1070/1070/1070 996/996/996
f 996/996/996 1070/1070/1070 997/997/997
f 997/997/997 1070/1070/1070 1071/1071/1071
f 997/997/997 1071/1071/1071 1072/1072/1072
f 997/997/997 1072/1072/1072 998/998/998
f 998/998/998 1072/1072/1072 999/999/999
f 999/999/999 1072/1072/1072 1073/1073/1073
f 999/999/999 1073/1073/1073 1074/1074/1074
f 999/999/999 1074/1074/1074 1000/1000/1000
f 1000/1000/1000 1074/1074/1074 1001/1001/1001
f 1001/1001/1001 1074/1074/1074 1075/1075/1075
f 1001/1001/1001 1075/1075/1075 1076/1076/1076
f 1001/1001/1001 1076/1076/1076 1002/1002/1002
f 1002/1002/1002 1076/1076/1076 1003/1003/1003
f 1003/1003/1003 1076/1076/1076 1077/1077/1077
f 1003/1003/1003 1077/1077/1077 1078/1078/1078
f 1003/1003/1003 1078/1078/1078 1004/1004/1004
f 1004/1004/1004 1078/1078/1078 1005/1005/1005
f 1005/1005/1005 1078/1078/1078 1079/1079/1079
f 1005/1005/1005 1079/1079/1079 1080/1080/1080
f 1005/1005/1005 1080/1080/1080 1006/1006/1006
f 1006/1006/1006 1080/1080/1080 1007/1007/1007
f 1007/1007/1007 1080/1080/1080 1081/1081/1081
f 1007/1007/1007 1081/1081/1081 1082/1082/1082
f 1007/1007/1007 1082/1082/1082 1008/1008/1008
f 1008/1008/1008 1082/1082/1082 1009/1009/1009
f 1009/1009/1009 1082/1082/1082 1083/1083/1083
f 1009/1009/1009 1083/1083/1083 1084/1084/1084
f 1009/1009/1009 1084/1084/1084 1010/1010/1010
f 1010/1010/1010 1084/1084/1084 1011/1011/1011
f 1011/1011/1011 1084/1084/1084 1085/1085/1085
f 1011/1011/1011 1085/1085/1085 1086/1086/1086
f 1011/1011/1011 1086/1086/1086 1012/1012/1012
f 1012/1012/1012 1086/1086/1086 1013/1013/1013
f 1013/1013/1013 1086/1086/1086 1087/1087/1087
f 1013/1013/1013 1087/1087/1087 1088/1088/1088
f 1013/1013/1013 1088/1088/1088 1014/1014/1014
f 1014/1014/1014 1088/1088/1088 1015/1015/1015
f 1015/1015/1015 1088/1088/1088 1089/1089/1089
f 1015/1015/1015 1089/1089/1089 1090/1090/1090
f 1015/1015/1015 1090/1090/1090 1016/1016/1016
f 1016/1016/1016 1090/1090/1090 1017/1017/1017
f 1017/1017/1017 1090/1090/1090 1091/1091/1091
f 1017/1017/1017 1091/1091/1091 1092/1092/1092
f 1017/1017/1017 1092/1092/1092 1018/1018/1018
f 1018/1018/1018 1092/1092/1092 1019/1019/1019
f 1019/1019/1019 1092/1092/1092 1093/1093/1093
f 1019/1019/1019 1093/1093/1093 1094/1094/1094
f 1019/1019/1019 1094/1094/1094 1020/1020/1020
f 1020/1020/1020 1094/1094/1094 1021/1021/1021
f 1021/1021/1021 1094/1094/1094 1095/1095/1095
f 1021/1021/1021 1095/1095/1095 1096/1096/1096
f 1021/1021/1021 1096/1096/1096 1022/1022/1022
f 1022/1022/1022 1096/1096/1096 1023/1023/1023
f 1023/1023/1023 1096/1096/1096 1097/1097/1097
f 1023/1023/1023 1097/1097/1097 1098/1098/1098
f 1023/1023/1023 1098/1098/1098 1024/1024/1024
f 1024/1024/1024 1098/1098/1098 1025/1025/1025
f 1025/1025/1025 1098/1098/1098 1099/1099/1099
f 1025/1025/1025 1099/1099/1099 1100/1100/1100
f 1025/1025/1025 1100/1100/1100 1026/1026/1026
f 1026/1026/1026 1100/1100/1100 1027/1027/1027
f 1027/1027/1027 1100/1100/1100 1101/1101/1101
f 1027/1027/1027 1101/1101/1101 1102/1102/1102
f 1027/1027/1027 1102/1102/1102 1028/1028/1028
f 1028/1028/1028 1102/1102/1102 1029/1029/1029
f 1029/1029/1029 1102/1102/1102 1103/1103/1103
f 1029/1029/1029 1103/1103/1103 1104/1104/1104
f 1029/1029/1029 1104/1104/1104 1030/1030/1030
f 1030/1030/1030 1104/1104/1104 1031/1031/1031
f 1031/1031/1031 1104/1104/1104 1105/1105/1105
f 1031/1031/1031 1105/1105/1105 1106/1106/1106
f 1031/1031/1031 1106/1106/1106 1032/1032/1032
f 1032/1032/1032 1106/1106/1106 1033/1033/1033
f 1033/1033/1033 1106/1106/1106 1107/1107/1107
f 1033/1033/1033 1107/1107/1107 1108/1108/1108
f 1033/1033/1033 1108/1108/1108 1034/1034/1034
f 1034/1034/1034 1108/1108/1108 1035/1035/1035
f 1035/1035/1035 1108/1108/1108 1109/1109/1109
f 1035/1035/1035 1109/1109/1109 1110/1110/1110
f 1035/1035/1035 1110/1110/1110 1036/1036/1036
f 1037/1037/1037 1111/1111/1111 1038/1038/1038
f 1038/1038/1038 1111/1111/1111 1112/1112/1112
f 1038/1038/1038 1112/1112/1112 1113/1113/1113
f 1038/1038/1038 1113/1113/1113 1039/1039/1039
f 1039/1039/1039 1113/1113/1113 1040/1040/1040
f 1040/1040/1040 1113/1113/1113 1114/1114/1114
f 1040/1040/1040 1114/1114/1114 1115/1115/1115
f 1040/1040/1040 1115/1115/1115 1041/1041/1041
f 1041/1041/1041 1115/1115/1115 1042/1042/1042
f 1042/1042/1042 1115/1115/1115 1116/1116/1116
f 1042/1042/1042 1116/1116/1116 1117/1117/1117
f 1042/1042/1042 1117/1117/1117 1043/1043/1043
f 1043/1043/1043 1117/1117/1117 1044/1044/1044
f 1044/1044/1044 1117/1117/1117 1118/1118/1118
f 1044/1044/1044 1118/1118/1118 1119/1119/1119
f 1044/1044/1044 1119/1119/1119 1045/1045/1045
f 1045/1045/1045 1119/1119/1119 1046/1046/1046
f 1046/1046/1046 1119/1119/1119 1120/1120/1120
f 1046/1046/1046 1120/1120/1120 1121/1121/1121
f 1046/1046/1046 1121/1121/1121 1047/1047/1047
f 1047/1047/1047 1121/1121/1121 1048/1048/1048
f 1048/1048/1048 1121/1121/1121 1122/1122/1122
f 1048/1048/1048 1122/1122/1122 1123/1123/1123
f 1048/1048/1048 1123/1123/1123 1049/1049/1049
f 1049/1049/1049 1123/1123/1123 1050/1050/1050
f 1050/1050/1050 1123/1123/1123 1124/1124/1124
f 1050/1050/1050 1124/1124/1124 1125/1125/1125
f 1050/1050/1050 1125/1125/1125 1051/1051/1051
f 1051/1051/1051 1125/1125/1125 1052/1052/1052
f 1052/1052/1052 1125/1125/1125 1126/1126/1126
f 1052/1052/1052 1126/1126/1126 1127/1127/1127
f 1052/1052/1052 1127/1127/1127 1053/1053/1053
f 1053/1053/1053 1127/1127/1127 1054/1054/1054
f 1054/1054/1054 1127/1127/1127 1128/1128/1128
f 1054/1054/1054 1128/1128/1128 1129/1129/1129
f 1054/1054/1054 1129/1129/1129 1055/1055/1055
f 1055/1055/1055 1129/1129/1129 1056/1056/1056
f 1056/1056/1056 1129/1129/1129 1130/1130/1130
f 1056/1056/1056 1130/1130/1130 1131/1131/1131
f 1056/1056/1056 1131/1131/1131 1057/1057/1057
f 1057/1057/1057 1131/1131/1131 1058/1058/1058
f 1058/1058/1058 1131/1131/1131 1132/1132/1132
f 1058/1058/1058 1132/1132/1132 1133/1133/1133
f 1058/1058/1058 1133/1133/1133 1059/1059/1059
f 1059/1059/1059 1133/1133/1133 1060/1060/1060
f 1060/1060/1060 1133/1133/1133 1134/1134/1134
f 1060/1060/1060 1134/1134/1134 1135/1135/1135
f 1060/1060/1060 1135/1135/1135 1061/1061/1061
f 1061/1061/1061 1135/1135/1135 1062/1062/1062
f 1062/1062/1062 1135/1135/1135 1136/1136/1136
f 1062/1062/1062 1136/1136/1136 1137/1137/1137
f 1062/1062/1062 1137/1137/1137 1063/1063/1063
f 1063/1063/1063 1137/1137/1137 1064/1064/1064
f 1064/1064/1064 1137/1137/1137 1138/1138/1138
f 1064/1064/1064 1138/1138/1138 1139/1139/1139
f 1064/1064/1064 1139/1139/1139 1065/1065/1065
f 1065/1065/1065 1139/1139/1139 1066/1066/1066
f 1066/1066/1066 1139/1139/1139 1140/1140/1140
f 1066/1066/1066 1140/1140/1140 1141/1141/1141
f 1066/1066/1066 1141/1141/1141 1067/1067/1067
f 1067/1067/1067 1141/1141/1141 1068/1068/1068
f 1068/1068/1068 1141/1141/1141 1142/1142/1142
f 1068/1068/1068 1142/1142/1142 1143/1143/1143
f 1068/1068/1068 1143/1143/1143 1069/1069/1069
f 1069/1069/1069 1143/1143/1143 1070/1070/1070
f 1070/1070/1070 1143/1143/1143 1144/1144/1144
f 1070/1070/1070 1144/1144/1144 1145/1145/1145
f 1070/1070/1070 1145/1145/1145 1071/1071/1071
f 1071/1071/1071 1145/1145/1145 1072/1072/1072
f 1072/1072/1072 1145/1145/1145 1146/1146/1146
f 1072/1072/1072 1146/1146/1146 1147/1147/1147
f 1072/1072/1072 1147/1147/1147 1073/1073/1073
f 1073/1073/1073 1147/1147/1147 1074/1074/1074
f 1074/1074/1074 1147/1147/1147 1148/1148/1148
f 1074/1074/1074 1148/1148/1148 1149/1149/1149
f 1074/1074/1074 1149/1149/1149 1075/1075/1075
f 1075/1075/1075 1149/1149/1149 1076/1076/1076
f 1076/1076/1076 1149/1149/1149 1150/1150/1150
f 1076/1076/1076 1150/1150/1150 1151/1151/1151
f 1076/1076/1076 1151/1151/1151 1077/1077/1077
f 1077/1077/1077 1151/1151/1151 1078/1078/1078
f 1078/1078/1078 1151/1151/1151 1152/1152/1152
f 1078/1078/1078 1152/1152/1152 1153/1153/1153
f 1078/1078/1078 1153/1153/1153 1079/1079/1079
f 1079/1079/1079 1153/1153/1153 1080/1080/1080
f 1080/1080/1080 1153/1153/1153 1154/1154/1154
f 1080/1080/1080 1154/1154/1154 1155/1155/1155
f 1080/1080/1080 1155/1155/1155 1081/1081/1081
f 1081/1081/1081 1155/1155/1155 1082/1082/1082
f 1082/1082/1082 1155/1155/1155 1156/1156/1156
f 1082/1082/1082 1156/1156/1156 1157/1157/1157
f 1082/1082/1082 1157/1157/1157 1083/1083/1083
f 1083/1083/1083 1157/1157/1157 1084/1084/1084
f 1084/1084/1084 1157/1157/1157 1158/1158/1158
f 1084/1084/1084 1158/1158/1158 1159/1159/1159
f 1084/1084/1084 1159/1159/1159 1085/1085/1085
f 1085/1085/1085 1159/1159/1159 1086/1086/1086
f 1086/1086/1086 1159/1159/1159 1160/1160/1160
f 1086/1086/1086 1160/1160/1160 1161/1161/1161
f 1086/1086/1086 1161/1161/1161 1087/1087/1087
f 1087/1087/1087 1161/1161/1161 1088/1088/1088
f 1088/1088/1088 1161/1161/1161 1162/1162/1162
f 1088/1088/1088 1162/1162/1162 1163/1163/1163
f 1088/1088/1088 1163/1163/1163 1089/1089/1089
f 1089/1089/1089 1163/1163/1163 1090/1090/1090
f 1090/1090/1090 1163/1163/1163 1164/1164/1164
f 1090/1090/1090 1164/1164/1164 1165/1165/1165
f 1090/1090/1090 1165/1165/1165 1091/1091/1091
f 1091/1091/1091 1165/1165/1165 1092/1092/1092
f 1092/1092/1092 1165/1165/1165 1166/1166/1166
f 1092/1092/1092 1166/1166/1166 1167/1167/1167
f 1092/1092/1092 1167/1167/1167 1093/1093/1093
f 1093/1093/1093 1167/1167/1167 1094/1094/1094
f 1094/1094/1094 1167/1167/1167 1168/1168/1168
f 1094/1094/1094 1168/1168/1168 1169/1169/1169
f 1094/1094/1094 1169/1169/1169 1095/1095/1095
f 1095/1095/1095 1169/1169/1169 1096/1096/1096
f 1096/1096/1096 1169/1169/1169 1170/1170/1170
f 1096/1096/1096 1170/1170/1170 1171/1171/1171
f 1096/1096/1096 1171/1171/1171 1097/1097/1097
f 1097/1097/1097 1171/1171/1171 1098/1098/1098
f 1098/1098/1098 1171/1171/1171 1172/1172/1172
f 1098/1098/1098 1172/1172/1172 1173/1173/1173
f 1098/1098/1098 1173/1173/1173 1099/1099/1099
f 1099/1099/1099 1173/1173/1173 1100/1100/1100
f 1100/1100/1100 1173/1173/1173 1174/1174/1174
f 1100/1100/1100 1174/1174/1174 1175/1175/1175
f 1100/1100/1100 1175/1175/1175 1101/1101/1101
f 1101/1101/1101 1175/1175/1175 1102/1102/1102
f 1102/1102/1102 1175/1175/1175 1176/1176/1176
f 1102/1102/1102 1176/1176/1176 1177/1177/1177
f 1102/1102/1102 1177/1177/1177 1103/1103/1103
f 1103/1103/1103 1177/1177/1177 1104/1104/1104
f 1104/1104/1104 1177/1177/1177 1178/1178/1178
f 1104/1104/1104 1178/1178/1178 1179/1179/1179
f 1104/1104/1104 1179/1179/1179 1105/1105/1105
f 1105/1105/1105 1179/1179/1179 1106/1106/1106
f 1106/1106/1106 1179/1179/1179 1180/1180/1180
f 1106/1106/1106 1180/1180/1180 1181/1181/1181
f 1106/1106/1106 1181/1181/1181 1107/1107/1107
f 1107/1107/1107 1181/1181/1181 1108/1108/1108
f 1108/1108/1108 1181/1181/1181 1182/1182/1182
f 1108/1108/1108 1182/1182/1182 1183/1183/1183
f 1108/1108/1108 1183/1183/1183 1109/1109/1109
f 1109/1109/1109 1183/1183/1183 1110/1110/1110
f 1110/1110/1110 1183/1183/1183 1184/1184/1184
f 1111/1111/1111 1185/1185/1185 1186/1186/1186
f 1111/1111/1111 1186/1186/1186 1112/1112/1112
f 1112/1112/1112 1186/1186/1186 1113/1113/1113
f 1113/1113/1113 1186/1186/1186 1187/1187/1187
f 1113/1113/1113 1187/1187/1187 1188/1188/1188
f 1113/1113/1113 1188/1188/1188 1114/1114/1114
f 1114/1114/1114 1188/1188/1188 1115/1115/1115
f 1115/1115/1115 1188/1188/1188 1189/1189/1189
f 1115/1115/1115 1189/1189/1189 1190/1190/1190
f 1115/1115/1115 1190/1190/1190 1116/1116/1116
f 1116/1116/1116 1190/1190/1190 1117/1117/1117
f 1117/1117/1117 1190/1190/1190 1191/1191/1191
f 1117/1117/1117 1191/1191/1191 1192/1192/1192
f 1117/1117/1117 1192/1192/1192 1118/1118/1118
f 1118/1118/1118 1192/1192/1192 1119/1119/1119
f 1119/1119/1119 1192/1192/1192 1193/1193/1193
f 1119/1119/1119 1193/1193/1193 1194/1194/1194
f 1119/1119/1119 1194/1194/1194 1120/1120/1120
f 1120/1120/1120 1194/1194/1194 1121/1121/1121
f 1121/1121/1121 1194/1194/1194 1195/1195/1195
f 1121/1121/1121 1195/1195/1195 1196/1196/1196
f 1121/1121/1121 1196/1196/1196 1122/1122/1122
f 1122/1122/1122 1196/1196/1196 1123/1123/1123
f 1123/1123/1123 1196/1196/1196 1197/1197/1197
f 1123/1123/1123 1197/1197/1197 1198/1198/1198
f 1123/1123/1123 1198/1198/1198 1124/1124/1124
f 1124/1124/1124 1198/1198/1198 1125/1125/1125
f 1125/1125/1125 1198/1198/1198 1199/1199/1199
f 1125/1125/1125 1199/1199/1199 1200/1200/1200
f 1125/1125/1125 1200/1200/1200 1126/1126/1126
f 1126/1126/1126 1200/1200/1200 1127/1127/1127
f 1127/1127/1127 1200/1200/1200 1201/1201/1201
f 1127/1127/1127 1201/1201/1201 1202/1202/1202
f 1127/1127/1127 1202/1202/1202 1128/1128/1128
f 1128/1128/1128 1202/1202/1202 1129/1129/1129
f 1129/1129/1129 1202/1202/1202 1203/1203/1203
f 1129/1129/1129 1203/1203/1203 1204/1204/1204
f 1129/1129/1129 1204/1204/1204 1130/1130/1130
f 1130/1130/1130 1204/1204/1204 1131/1131/1131
f 1131/1131/1131 1204/1204/1204 1205/1205/1205
f 1131/1131/1131 1205/1205/1205 1206/1206/1206
f 1131/1131/1131 1206/1206/1206 1132/1132/1132
f 1132/1132/1132 1206/1206/1206 1133/1133/1133
f 1133/1133/1133 1206/1206/1206 1207/1207/1207
f 1133/1133/1133 1207/1207/1207 1208/1208/1208
f 1133/1133/1133 1208/1208/1208 1134/1134/1134
f 1134/1134/1134 1208/1208/1208 1135/1135/1135
f 1135/1135/1135 1208/1208/1208 1209/1209/1209
f 1135/1135/1135 1209/1209/1209 1210/1210/1210
f 1135/1135/1135 1210/1210/1210 1136/1136/1136
f 1136/1136/1136 1210/1210/1210 1137/1137/1137
f 1137/1137/1137 1210/1210/1210 1211/1211/1211
f 1137/1137/1137 1211/1211/1211 1212/1212/1212
f 1137/1137/1137 1212/1212/1212 1138/1138/1138
f 1138/1138/1138 1212/1212/1212 1139/1139/1139
f 1139/1139/1139 1212/1212/1212 1213/1213/1213
f 1139/1139/1139 1213/1213/1213 1214/1214/1214
f 1139/1139/1139 1214/1214/1214 1140/1140/1140
f 1140/1140/1140 1214/1214/1214 1141/1141/1141
f 1141/1141/1141 1214/1214/1214 1215/1215/1215
f 1141/1141/1141 1215/1215/1215 1216/1216/1216
f 1141/1141/1141 1216/1216/1216 1142/1142/1142
f 1142/1142/1142 1216/1216/1216 1143/1143/1143
f 1143/1143/1143 1216/1216/1216 1217/1217/1217
f 1143/1143/1143 1217/1217/1217 1218/1218/1218
f 1143/1143/1143 1218/1218/1218 1144/1144/1144
f 1144/1144/1144 1218/1218/1218 1145/1145/1145
f 1145/1145/1145 1218/1218/1218 1219/1219/1219
f 1145/1145/1145 1219/1219/1219 1220/1220/1220
f 1145/1145/1145 1220/1220/1220 1146/1146/1146
f 1146/1146/1146 1220/1220/1220 1147/1147/1147
f 1147/1147/1147 1220/1220/1220 1221/1221/1221
f 1147/1147/1147 1221/1221/1221 1222/1222/1222
f 1147/1147/1147 1222/1222/1222 1148/1148/1148
f 1148/1148/1148 1222/1222/1222 1149/1149/1149
f 1149/1149/1149 1222/1222/1222 1223/1223/1223
f 1149/1149/1149 1223/1223/1223 1224/1224/1224
f 1149/1149/1149 1224/1224/1224 1150/1150/1150
f 1150/1150/1150 1224/1224/1224 1151/1151/1151
f 1151/1151/1151 1224/1224/1224 1225/1225/1225
f 1151/1151/1151 1225/1225/1225 1226/1226/1226
f 1151/1151/1151 1226/1226/1226 1152/1152/1152
f 1152/1152/1152 1226/1226/1226 1153/1153/1153
f 1153/1153/1153 1226/1226/1226 1227/1227/1227
f 1153/1153/1153 1227/1227/1227 1228/1228/1228
f 1153/1153/1153 1228/1228/1228 1154/1154/1154
f 1154/1154/1154 1228/1228/1228 1155/1155/1155
f 1155/1155/1155 1228/1228/1228 1229/1229/1229
f 1155/1155/1155 1229/1229/1229 1230/1230/1230
f 1155/1155/1155 1230/1230/1230 1156/1156/1156
f 1156/1156/1156 1230/1230/1230 1157/1157/1157
f 1157/1157/1157 1230/1230/1230 1231/1231/1231
f 1157/1157/1157 1231/1231/1231 1232/1232/1232
f 1157/1157/1157 1232/1232/1232 1158/1158/1158
f 1158/1158/1158 1232/1232/1232 1159/1159/1159
f 1159/1159/1159 1232/1232/1232 1233/1233/1233
f 1159/1159/1159 1233/1233/1233 1234/1234/1234
f 1159/1159/1159 1234/1234/1234 1160/1160/1160
f 1160/1160/1160 1234/1234/1234 1161/1161/1161
f 1161/1161/1161 1234/1234/1234 1235/1235/1235
f 1161/1161/1161 1235/1235/1235 1236/1236/1236
f 1161/1161/1161 1236/1236/1236 1162/1162/1162
f 1162/1162/1162 1236/1236/1236 1163/1163/1163
f 1163/1163/1163 1236/1236/1236 1237/1237/1237
f 1163/1163/1163 1237/1237/1237 1238/1238/1238
f 1163/1163/1163 1238/1238/1238 1164/1164/1164
f 1164/1164/1164 1238/1238/1238 1165/1165/1165
f 1165/1165/1165 1238/1238/1238 1239/1239/1239
f 1165/1165/1165 1239/1239/1239 1240/1240/1240
f 1165/1165/1165 1240/1240/1240 1166/1166/1166
f 1166/1166/1166 1240/1240/1240 1167/1167/1167
f 1167/1167/1167 1240/1240/1240 1241/1241/1241
f 1167/1167/1167 1241/1241/1241 1242/1242/1242
f 1167/1167/1167 1242/1242/1242 1168/1168/1168
f 1168/1168/1168 1242/1242/1242 1169/1169/1169
f 1169/1169/1169 1242/1242/1242 1243/1243/1243
f 1169/1169/1169 1243/1243/1243 1244/1244/1244
f 1169/1169/1169 1244/1244/1244 1170/1170/1170
f 1170/1170/1170 1244/1244/1244 1171/1171/1171
f 1171/1171/1171 1244/1244/1244 1245/1245/1245
f 1171/1171/1171 1245/1245/1245 1246/1246/1246
f 1171/1171/1171 1246/1246/1246 1172/1172/1172
f 1172/1172/1172 1246/1246/1246 1173/1173/1173
f 1173/1173/1173 1246/1246/1246 1247/1247/1247
f 1173/1173/1173 1247/1247/1247 1248/1248/1248
f 1173/1173/1173 1248/1248/1248 1174/1174/1174
f 1174/1174/1174 1248/1248/1248 1175/1175/1175
f 1175/1175/1175 1248/1248/1248 1249/1249/1249
f 1175/1175/1175 1249/1249/1249 1250/1250/1250
f 1175/1175/1175 1250/1250/1250 1176/1176/1176
f 1176/1176/1176 1250/1250/1250 1177/1177/1177
f 1177/1177/1177 1250/1250/1250 1251/1251/1251
f 1177/1177/1177 1251/1251/1251 1252/1252/1252
f 1177/1177/1177 1252/1252/1252 1178/1178/1178
f 1178/1178/1178 1252/1252/1252 1179/1179/1179
f 1179/1179/1179 1252/1252/1252 1253/1253/1253
f 1179/1179/1179 1253/1253/1253 1254/1254/1254
f 1179/1179/1179 1254/1254/1254 1180/1180/1180
f 1180/1180/1180 1254/1254/1254 1181/1181/1181
f 1181/1181/1181 1254/1254/1254 1255/1255/1255
f 1181/1181/1181 1255/1255/1255 1256/1256/1256
f 1181/1181/1181 1256/1256/1256 1182/1182/1182
f 1182/1182/1182 1256/1256/1256 1183/1183/1183
f 1183/1183/1183 1256/1256/1256 1257/1257/1257
f 1183/1183/1183 1257/1257/1257 1258/1258/1258
f 1183/1183/1183 1258/1258/1258 1184/1184/1184
f 1185/1185/1185 1259/1259/1259 1186/1186/1186
f 1186/1186/1186 1259/1259/1259 1260/1260/1260
f 1186/1186/1186 1260/1260/1260 1261/1261/1261
f 1186/1186/1186 1261/1261/1261 1187/1187/1187
f 1187/1187/1187 1261/1261/1261 1188/1188/1188
f 1188/1188/1188 1261/1261/1261 1262/1262/1262
f 1188/1188/1188 1262/1262/1262 1263/1263/1263
f 1188/1188/1188 1263/1263/1263 1189/1189/1189
f 1189/1189/1189 1263/1263/1263 1190/1190/1190
f 1190/1190/1190 1263/1263/1263 1264/1264/1264
f 1190/1190/1190 1264/1264/1264 1265/1265/1265
f 1190/1190/1190 1265/1265/1265 1191/1191/1191
f 1191/1191/1191 1265/1265/1265 1192/1192/1192
f 1192/1192/1192 1265/1265/1265 1266/1266/1266
f 1192/1192/1192 1266/1266/1266 1267/1267/1267
f 1192/1192/1192 1267/1267/1267 1193/1193/1193
f 1193/1193/1193 1267/1267/1267 1194/1194/1194
f 1194/1194/1194 1267/1267/1267 1268/1268/1268
f 1194/1194/1194 1268/1268/1268 1269/1269/1269
f 1194/1194/1194 1269/1269/1269 1195/1195/1195
f 1195/1195/1195 1269/1269/1269 1196/1196/1196
f 1196/1196/1196 1269/1269/1269 1270/1270/1270
f 1196/1196/1196 1270/1270/1270 1271/1271/1271
f 1196/1196/1196 1271/1271/1271 1197/1197/1197
f 1197/1197/1197 1271/1271/1271 1198/1198/1198
f 1198/1198/1198 1271/1271/1271 1272/1272/1272
f 1198/1198/1198 1272/1272/1272 1273/1273/1273
f 1198/1198/1198 1273/1273/1273 1199/1199/1199
f 1199/1199/1199 1273/1273/1273 1200/1200/1200
f 1200/1200/1200 1273/1273/1273 1274/1274/1274
f 1200/1200/1200 1274/1274/1274 1275/1275/1275
f 1200/1200/1200 1275/1275/1275 1201/1201/1201
f 1201/1201/1201 1275/1275/1275 1202/1202/1202
f 1202/1202/1202 1275/1275/1275 1276/1276/1276
f 1202/1202/1202 1276/1276/1276 1277/1277/1277
f 1202/1202/1202 1277/1277/1277 1203/1203/1203
f 1203/1203/1203 1277/1277/1277 1204/1204/1204
f 1204/1204/1204 1277/1277/1277 1278/1278/1278
f 1204/1204/1204 1278/1278/1278 1279/1279/1279
f 1204/1204/1204 1279/1279/1279 1205/1205/1205
f 1205/1205/1205 1279/1279/1279 1206/1206/1206
f 1206/1206/1206 1279/1279/1279 1280/1280/1280
f 1206/1206/1206 1280/1280/1280 1281/1281/1281
f 1206/1206/1206 1281/1281/1281 1207/1207/1207
f 1207/1207/1207 1281/1281/1281 1208/1208/1208
f 1208/1208/1208 1281/1281/1281 1282/1282/1282
f 1208/1208/1208 1282/1282/1282 1283/1283/1283
f 1208/1208/1208 1283/1283/1283 1209/1209/1209
f 1209/1209/1209 1283/1283/1283 1210/1210/1210
f 1210/1210/1210 1283/1283/1283 1284/1284/1284
f 1210/1210/1210 1284/1284/1284 1285/1285/1285
f 1210/1210/1210 1285/1285/1285 1211/1211/1211
f 1211/1211/1211 1285/1285/1285 1212/1212/1212
f 1212/1212/1212 1285/1285/1285 1286/1286/1286
f 1212/1212/1212 1286/1286/1286 1287/1287/1287
f 1212/1212/1212 1287/1287/1287 1213/1213/1213
f 1213/1213/1213 1287/1287/1287 1214/1214/1214
f 1214/1214/1214 1287/1287/1287 1288/1288/1288
f 1214/1214/1214 1288/1288/1288 1289/1289/1289
f 1214/1214/1214 1289/1289/1289 1215/1215/1215
f 1215/1215/1215 1289/1289/1289 1216/1216/1216
f 1216/1216/1216 1289/1289/1289 1290/1290/1290
f 1216/1216/1216 1290/1290/1290 1291/1291/1291
f 1216/1216/1216 1291/1291/1291 1217/1217/1217
f 1217/1217/1217 1291/1291/1291 1218/1218/1218
f 1218/1218/1218 1291/1291/1291 1292/1292/1292
f 1218/1218/1218 1292/1292/1292 1293/1293/1293
f 1218/1218/1218 1293/1293/1293 1219/1219/1219
f 1219/1219/1219 1293/1293/1293 1220/1220/1220
f 1220/1220/1220 1293/1293/1293 1294/1294/1294
f 1220/1220/1220 1294/1294/1294 1295/1295/1295
f 1220/1220/1220 1295/1295/1295 1221/1221/1221
f 1221/1221/1221 1295/1295/1295 1222/1222/1222
f 1222/1222/1222 1295/1295/1295 1296/1296/1296
f 1222/1222/1222 1296/1296/1296 1297/1297/1297
f 1222/1222/1222 1297/1297/1297 1223/1223/1223
f 1223/1223/1223 1297/1297/1297 1224/1224/1224
f 1224/1224/1224 1297/1297/1297 1298/1298/1298
f 1224/1224/1224 1298/1298/1298 1299/1299/1299
f 1224/1224/1224 1299/1299/1299 1225/1225/1225
f 1225/1225/1225 1299/1299/1299 1226/1226/1226
f 1226/1226/1226 1299/1299/1299 1300/1300/1300
f 1226/1226/1226 1300/1300/1300 1301/1301/1301
f 1226/1226/1226 1301/1301/1301 1227/1227/1227
f 1227/1227/1227 1301/1301/1301 1228/1228/1228
f 1228/1228/1228 1301/1301/1301 1302/1302/1302
f 1228/1228/1228 1302/1302/1302 1303/1303/1303
f 1228/1228/1228 1303/1303/1303 1229/1229/1229
f 1229/1229/1229 1303/1303/1303 1230/1230/1230
f 1230/1230/1230 1303/1303/1303 1304/1304/1304
f 1230/1230/1230 1304/1304/1304 1305/1305/1305
f 1230/1230/1230 1305/1305/1305 1231/1231/1231
f 1231/1231/1231 1305/1305/1305 1232/1232/1232
f 1232/1232/1232 1305/1305/1305 1306/1306/1306
f 1232/1232/1232 1306/1306/1306 1307/1307/1307
f 1232/1232/1232 1307/1307/1307 1233/1233/1233
f 1233/1233/1233 1307/1307/1307 1234/1234/1234
f 1234/1234/1234 1307/1307/1307 1308/1308/1308
f 1234/1234/1234 1308/1308/1308 1309/1309/1309
f 1234/1234/1234 1309/1309/1309 1235/1235/1235
f 1235/1235/1235 1309/1309/1309 1236/1236/1236
f 1236/1236/1236 1309/1309/1309 1310/1310/1310
f 1236/1236/1236 1310/1310/1310 1311/1311/1311
f 1236/1236/1236 1311/1311/1311 1237/1237/1237
f 1237/1237/1237 1311/1311/1311 1238/1238/1238
f 1238/1238/1238 1311/1311/1311 1312/1312/1312
f 1238/1238/1238 1312/1312/1312 1313/1313/1313
f 1238/1238/1238 1313/1313/1313 1239/1239/1239
f 1239/1239/1239 1313/1313/1313 1240/1240/1240
f 1240/1240/1240 1313/1313/1313 1314/1314/1314
f 1240/1240/1240 1314/1314/1314 1315/1315/1315
f 1240/1240/1240 1315/1315/1315 1241/1241/1241
f 1241/1241/1241 1315/1315/1315 1242/1242/1242
f 1242/1242/1242 1315/1315/1315 1316/1316/1316
f 1242/1242/1242 1316/1316/1316 1317/1317/1317
f 1242/1242/1242 1317/1317/1317 1243/1243/1243
f 1243/1243/1243 1317/1317/1317 1244/1244/1244
f 1244/1244/1244 1317/1317/1317 1318/1318/1318
f 1244/1244/1244 1318/1318/1318 1319/1319/1319
f 1244/1244/1244 1319/1319/1319 1245/1245/1245
f 1245/1245/1245 1319/1319/1319 1246/1246/1246
f 1246/1246/1246 1319/1319/1319 1320/1320/1320
f 1246/1246/1246 1320/1320/1320 1321/1321/1321
f 1246/1246/1246 1321/1321/1321 1247/1247/1247
f 1247/1247/1247 1321/1321/1321 1248/1248/1248
f 1248/1248/1248 1321/1321/1321 1322/1322/1322
f 1248/1248/1248 1322/1322/1322 1323/1323/1323
f 1248/1248/1248 1323/1323/1323 1249/1249/1249
f 1249/1249/1249 1323/1323/1323 1250/1250/1250
f 1250/1250/1250 1323/1323/1323 1324/1324/1324
f 1250/1250/1250 1324/1324/1324 1325/1325/1325
f 1250/1250/1250 1325/1325/1325 1251/1251/1251
f 1251/1251/1251 1325/1325/1325 1252/1252/1252
f 1252/1252/1252 1325/1325/1325 1326/1326/1326
f 1252/1252/1252 1326/1326/1326 1327/1327/1327
f 1252/1252/1252 1327/1327/1327 1253/1253/1253
f 1253/1253/1253 1327/1327/1327 1254/1254/1254
f 1254/1254/1254 1327/1327/1327 1328/1328/1328
f 1254/1254/1254 1328/1328/1328 1329/1329/1329
f 1254/1254/1254 1329/1329/1329 1255/1255/1255
f 1255/1255/1255 1329/1329/1329 1256/1256/1256
f 1256/1256/1256 1329/1329/1329 1330/1330/1330
f 1256/1256/1256 1330/1330/1330 1331/1331/1331
f 1256/1256/1256 1331/1331/1331 1257/1257/1257
f 1257/1257/1257 1331/1331/1331 1258/1258/1258
f 1258/1258/1258 1331/1331/1331 1332/1332/1332
f 1259/1259/1259 1333/1333/1333 1334/1334/1334
f 1259/1259/1259 1334/1334/1334 1260/1260/1260
f 1260/1260/1260 1334/1334/1334 1261/1261/1261
f 1261/1261/1261 1334/1334/1334 1335/1335/1335
f 1261/1261/1261 1335/1335/1335 1336/1336/1336
f 1261/1261/1261 1336/1336/1336 1262/1262/1262
f 1262/1262/1262 1336/1336/1336 1263/1263/1263
f 1263/1263/1263 1336/1336/1336 1337/1337/1337
f 1263/1263/1263 1337/1337/1337 1338/1338/1338
f 1263/1263/1263 1338/1338/1338 1264/1264/1264
f 1264/1264/1264 1338/1338/1338 1265/1265/1265
f 1265/1265/1265 1338/1338/1338 1339/1339/1339
f 1265/1265/1265 1339/1339/1339 1340/1340/1340
f 1265/1265/1265 1340/1340/1340 1266/1266/1266
f 1266/1266/1266 1340/1340/1340 1267/1267/1267
f 1267/1267/1267 1340/1340/1340 1341/1341/1341
f 1267/1267/1267 1341/1341/1341 1342/1342/1342
f 1267/1267/1267 1342/1342/1342 1268/1268/1268
f 1268/1268/1268 1342/1342/1342 1269/1269/1269
f 1269/1269/1269 1342/1342/1342 1343/1343/1343
f 1269/1269/1269 1343/1343/1343 1344/1344/1344
f 1269/1269/1269 1344/1344/1344 1270/1270/1270
f 1270/1270/1270 1344/1344/1344 1271/1271/1271
f 1271/1271/1271 1344/1344/1344 1345/1345/1345
f 1271/1271/1271 1345/1345/1345 1346/1346/1346
f 1271/1271/1271 1346/1346/1346 1272/1272/1272
f 1272/1272/1272 1346/1346/1346 1273/1273/1273
f 1273/1273/1273 1346/1346/1346 1347/1347/1347
f 1273/1273/1273 1347/1347/1347 1348/1348/1348
f 1273/1273/1273 1348/1348/1348 1274/1274/1274
f 1274/1274/1274 1348/1348/1348 1275/1275/1275
f 1275/1275/1275 1348/1348/1348 1349/1349/1349
f 1275/1275/1275 1349/1349/1349 1350/1350/1350
f 1275/1275/1275 1350/1350/1350 1276/1276/1276
f 1276/1276/1276 1350/1350/1350 1277/1277/1277
f 1277/1277/1277 1350/1350/1350 1351/1351/1351
f 1277/1277/1277 1351/1351/1351 1352/1352/1352
f 1277/1277/1277 1352/1352/1352 1278/1278/1278
f 1278/1278/1278 1352/1352/1352 1279/1279/1279
f 1279/1279/1279 1352/1352/1352 1353/1353/1353
f 1279/1279/1279 1353/1353/1353 1354/1354/1354
f 1279/1279/1279 1354/1354/1354 1280/1280/1280
f 1280/1280/1280 1354/1354/1354 1281/1281/1281
f 1281/1281/1281 1354/1354/1354 1355/1355/1355
f 1281/1281/1281 1355/1355/1355 1356/1356/1356
f 1281/1281/1281 1356/1356/1356 1282/1282/1282
f 1282/1282/1282 1356/1356/1356 1283/1283/1283
f 1283/1283/1283 1356/1356/1356 1357/1357/1357
f 1283/1283/1283 1357/1357/1357 1358/1358/1358
f 1283/1283/1283 1358/1358/1358 1284/1284/1284
f 1284/1284/1284 1358/1358/1358 1285/1285/1285
f 1285/1285/1285 1358/1358/1358 1359/1359/1359
f 1285/1285/1285 1359/1359/1359 1360/1360/1360
f 1285/1285/1285 1360/1360/1360 1286/1286/1286
f 1286/1286/1286 1360/1360/1360 1287/1287/1287
f 1287/1287/1287 1360/1360/1360 1361/1361/1361
f 1287/1287/1287 1361/1361/1361 1362/1362/1362
f 1287/1287/1287 1362/1362/1362 1288/1288/1288
f 1288/1288/1288 1362/1362/1362 1289/1289/1289
f 1289/1289/1289 1362/1362/1362 1363/1363/1363
f 1289/1289/1289 1363/1363/1363 1364/1364/1364
f 1289/1289/1289 1364/1364/1364 1290/1290/1290
f 1290/1290/1290 1364/1364/1364 1291/1291/1291
f 1291/1291/1291 1364/1364/1364 1365/1365/1365
f 1291/1291/1291 1365/1365/1365 1366/1366/1366
f 1291/1291/1291 1366/1366/1366 1292/1292/1292
f 1292/1292/1292 1366/1366/1366 1293/1293/1293
f 1293/1293/1293 1366/1366/1366 1367/1367/1367
f 1293/1293/1293 1367/1367/1367 1368/1368/1368
f 1293/1293/1293 1368/1368/1368 1294/1294/1294
f 1294/1294/1294 1368/1368/1368 1295/1295/1295
f 1295/1295/1295 1368/1368/1368 1369/1369/1369
f 1295/1295/1295 1369/1369/1369 1370/1370/1370
f 1295/1295/1295 1370/1370/1370 1296/1296/1296
f 1296/1296/1296 1370/1370/1370 1297/1297/1297
f 1297/1297/1297 1370/1370/1370 1371/1371/1371
f 1297/1297/1297 1371/1371/1371 1372/1372/1372
f 1297/1297/1297 1372/1372/1372 1298/1298/1298
f 1298/1298/1298 1372/1372/1372 1299/1299/1299
f 1299/1299/1299 1372/1372/1372 1373/1373/1373
f 1299/1299/1299 1373/1373/1373 1374/1374/1374
f 1299/1299/1299 1374/1374/1374 1300/1300/1300
f 1300/1300/1300 1374/1374/1374 1301/1301/1301
f 1301/1301/1301 1374/1374/1374 1375/1375/1375
f 1301/1301/1301 1375/1375/1375 1376/1376/1376
f 1301/1301/1301 1376/1376/1376 1302/1302/1302
f 1302/1302/1302 1376/1376/1376 1303/1303/1303
f 1303/1303/1303 1376/1376/1376 1377/1377/1377
f 1303/1303/1303 1377/1377/1377 1378/1378/1378
f 1303/1303/1303 1378/1378/1378 1304/1304/1304
f 1304/1304/1304 1378/1378/1378 1305/1305/1305
f 1305/1305/1305 1378/1378/1378 1379/1379/1379
f 1305/1305/1305 1379/1379/1379 1380/1380/1380
f 1305/1305/1305 1380/1380/1380 1306/1306/1306
f 1306/1306/1306 1380/1380/1380 1307/1307/1307
f 1307/1307/1307 1380/1380/1380 1381/1381/1381
f 1307/1307/1307 1381/1381/1381 1382/1382/1382
f 1307/1307/1307 1382/1382/1382 1308/1308/1308
f 1308/1308/1308 1382/1382/1382 1309/1309/1309
f 1309/1309/1309 1382/1382/1382 1383/1383/1383
f 1309/1309/1309 1383/1383/1383 1384/1384/1384
f 1309/1309/1309 1384/1384/1384 1310/1310/1310
f 1310/1310/1310 1384/1384/1384 1311/1311/1311
f 1311/1311/1311 1384/1384/1384 1385/1385/1385
f 1311/1311/1311 1385/1385/1385 1386/1386/1386
f 1311/1311/1311 1386/1386/1386 1312/1312/1312
f 1312/1312/1312 1386/1386/1386 1313/1313/1313
f 1313/1313/1313 1386/1386/1386 1387/1387/1387
f 1313/1313/1313 1387/1387/1387 1388/1388/1388
f 1313/1313/1313 1388/1388/1388 1314/1314/1314
f 1314/1314/1314 1388/1388/1388 1315/1315/1315
f 1315/1315/1315 1388/1388/1388 1389/1389/1389
f 1315/1315/1315 1389/1389/1389 1390/1390/1390
f 1315/1315/1315 1390/1390/1390 1316/1316/1316
f 1316/1316/1316 1390/1390/1390 1317/1317/1317
f 1317/1317/1317 1390/1390/1390 1391/1391/1391
f 1317/1317/1317 1391/1391/1391 1392/1392/1392
f 1317/1317/1317 1392/1392/1392 1318/1318/1318
f 1318/1318/1318 1392/1392/1392 1319/1319/1319
f 1319/1319/1319 1392/1392/1392 1393/1393/1393
f 1319/1319/1319 1393/1393/1393 1394/1394/1394
f 1319/1319/1319 1394/1394/1394 1320/1320/1320
f 1320/1320/1320 1394/1394/1394 1321/1321/1321
f 1321/1321/1321 1394/1394/1394 1395/1395/1395
f 1321/1321/1321 1395/1395/1395 1396/1396/1396
f 1321/1321/1321 1396/1396/1396 1322/1322/1322
f 1322/1322/1322 1396/1396/1396 1323/1323/1323
f 1323/1323/1323 1396/1396/1396 1397/1397/1397
f 1323/1323/1323 1397/1397/1397 1398/1398/1398
f 1323/1323/1323 1398/1398/1398 1324/1324/1324
f 1324/1324/1324 1398/1398/1398 1325/1325/1325
f 1325/1325/1325 1398/1398/1398 1399/1399/1399
f 1325/1325/1325 1399/1399/1399 1400/1400/1400
f 1325/1325/1325 1400/1400/1400 1326/1326/1326
f 1326/1326/1326 1400/1400/1400 1327/1327/1327
f 1327/1327/1327 1400/1400/1400 1401/1401/1401
f 1327/1327/1327 1401/1401/1401 1402/1402/1402
f 1327/1327/1327 1402/1402/1402 1328/1328/1328
f 1328/1328/1328 1402/1402/1402 1329/1329/1329
f 1329/1329/1329 1402/1402/1402 1403/1403/1403
f 1329/1329/1329 1403/1403/1403 1404/1404/1404
f 1329/1329/1329 1404/1404/1404 1330/1330/1330
f 1330/1330/1330 1404/1404/1404 1331/1331/1331
f 1331/1331/1331 1404/1404/1404 1405/1405/1405
f 1331/1331/1331 1405/1405/1405 1406/1406/1406
f 1331/1331/1331 1406/1406/1406 1332/1332/1332
f 1333/1333/1333 1407/1407/1407 1334/1334/1334
f 1334/1334/1334 1407/1407/1407 1408/1408/1408
f 1334/1334/1334 1408/1408/1408 1409/1409/1409
f 1334/1334/1334 1409/1409/1409 1335/1335/1335
f 1335/1335/1335 1409/1409/1409 1336/1336/1336
f 1336/1336/1336 1409/1409/1409 1410/1410/1410
f 1336/1336/1336 1410/1410/1410 1411/1411/1411
f 1336/1336/1336 1411/1411/1411 1337/1337/1337
f 1337/1337/1337 1411/1411/1411 1338/1338/1338
f 1338/1338/1338 1411/1411/1411 1412/1412/1412
f 1338/1338/1338 1412/1412/1412 1413/1413/1413
f 1338/1338/1338 1413/1413/1413 1339/1339/1339
f 1339/1339/1339 1413/1413/1413 1340/1340/1340
f 1340/1340/1340 1413/1413/1413 1414/1414/1414
f 1340/1340/1340 1414/1414/1414 1415/1415/1415
f 1340/1340/1340 1415/1415/1415 1341/1341/1341
f 1341/1341/1341 1415/1415/1415 1342/1342/1342
f 1342/1342/1342 1415/1415/1415 1416/1416/1416
f 1342/1342/1342 1416/1416/1416 1417/1417/1417
f 1342/1342/1342 1417/1417/1417 1343/1343/1343
f 1343/1343/1343 1417/1417/1417 1344/1344/1344
f 1344/1344/1344 1417/1417/1417 1418/1418/1418
f 1344/1344/1344 1418/1418/1418 1419/1419/1419
f 1344/1344/1344 1419/1419/1419 1345/1345/1345
f 1345/1345/1345 1419/1419/1419 1346/1346/1346
f 1346/1346/1346 1419/1419/1419 1420/1420/1420
f 1346/1346/1346 1420/1420/1420 1421/1421/1421
f 1346/1346/1346 1421/1421/1421 1347/1347/1347
f 1347/1347/1347 1421/1421/1421 1348/1348/1348
f 1348/1348/1348 1421/1421/1421 1422/1422/1422
f 1348/1348/1348 1422/1422/1422 1423/1423/1423
f 1348/1348/1348 1423/1423/1423 1349/1349/1349
f 1349/1349/1349 1423/1423/1423 1350/1350/1350
f 1350/1350/1350 1423/1423/1423 1424/1424/1424
f 1350/1350/1350 1424/1424/1424 1425/1425/1425
f 1350/1350/1350 1425/1425/1425 1351/1351/1351
f 1351/1351/1351 1425/1425/1425 1352/1352/1352
f 1352/1352/1352 1425/1425/1425 1426/1426/1426
f 1352/1352/1352 1426/1426/1426 1427/1427/1427
f 1352/1352/1352 1427/1427/1427 1353/1353/1353
f 1353/1353/1353 1427/1427/1427 1354/1354/1354
f 1354/1354/1354 1427/1427/1427 1428/1428/1428
f 1354/1354/1354 1428/1428/1428 1429/1429/1429
f 1354/1354/1354 1429/1429/1429 1355/1355/1355
f 1355/1355/1355 1429/1429/1429 1356/1356/1356
f 1356/1356/1356 1429/1429/1429 1430/1430/1430
f 1356/1356/1356 1430/1430/1430 1431/1431/1431
f 1356/1356/1356 1431/1431/1431 1357/1357/1357
f 1357/1357/1357 1431/1431/1431 1358/1358/1358
f 1358/1358/1358 1431/1431/1431 1432/1432/1432
f 1358/1358/1358 1432/1432/1432 1433/1433/1433
f 1358/1358/1358 1433/1433/1433 1359/1359/1359
f 1359/1359/1359 1433/1433/1433 1360/1360/1360
f 1360/1360/1360 1433/1433/1433 1434/1434/1434
f 1360/1360/1360 1434/1434/1434 1435/1435/1435
f 1360/1360/1360 1435/1435/1435 1361/1361/1361
f 1361/1361/1361 1435/1435/1435 1362/1362/1362
f 1362/1362/1362 1435/1435/1435 1436/1436/1436
f 1362/1362/1362 1436/1436/1436 1437/1437/1437
f 1362/1362/1362 1437/1437/1437 1363/1363/1363
f 1363/1363/1363 1437/1437/1437 1364/1364/1364
f 1364/1364/1364 1437/1437/1437 1438/1438/1438
f 1364/1364/1364 1438/1438/1438 1439/1439/1439
f 1364/1364/1364 1439/1439/1439 1365/1365/1365
f 1365/1365/1365 1439/1439/1439 1366/1366/1366
f 1366/1366/1366 1439/1439/1439 1440/1440/1440
f 1366/1366/1366 1440/1440/1440 1441/1441/1441
f 1366/1366/1366 1441/1441/1441 1367/1367/1367
f 1367/1367/1367 1441/1441/1441 1368/1368/1368
f 1368/1368/1368 1441/1441/1441 1442/1442/1442
f 1368/1368/1368 1442/1442/1442 1443/1443/1443
f 1368/1368/1368 1443/1443/1443 1369/1369/1369
f 1369/1369/1369 1443/1443/1443 1370/1370/1370
f 1370/1370/1370 1443/1443/1443 1444/1444/1444
f 1370/1370/1370 1444/1444/1444 1445/1445/1445
f 1370/1370/1370 1445/1445/1445 1371/1371/1371
f 1371/1371/1371 1445/1445/1445 1372/1372/1372
f 1372/1372/1372 1445/1445/1445 1446/1446/1446
f 1372/1372/1372 1446/1446/1446 1447/1447/1447
f 1372/1372/1372 1447/1447/1447 1373/1373/1373
f 1373/1373/1373 1447/1447/1447 1374/1374/1374
f 1374/1374/1374 1447/1447/1447 1448/1448/1448
f 1374/1374/1374 1448/1448/1448 1449/1449/1449
f 1374/1374/1374 1449/1449/1449 1375/1375/1375
f 1375/1375/1375 1449/1449/1449 1376/1376/1376
f 1376/1376/1376 1449/1449/1449 1450/1450/1450
f 1376/1376/1376 1450/1450/1450 1451/1451/1451
f 1376/1376/1376 1451/1451/1451 1377/1377/1377
f 1377/1377/1377 1451/1451/1451 1378/1378/1378
f 1378/1378/1378 1451/1451/1451 1452/1452/1452
f 1378/1378/1378 1452/1452/1452 1453/1453/1453
f 1378/1378/1378 1453/1453/1453 1379/1379/1379
f 1379/1379/1379 1453/1453/1453 1380/1380/1380
f 1380/1380/1380 1453/1453/1453 1454/1454/1454
f 1380/1380/1380 1454/1454/1454 1455/1455/1455
f 1380/1380/1380 1455/1455/1455 1381/1381/1381
f 1381/1381/1381 1455/1455/1455 1382/1382/1382
f 1382/1382/1382 1455/1455/1455 1456/1456/1456
f 1382/1382/1382 1456/1456/1456 1457/1457/1457
f 1382/1382/1382 1457/1457/1457 1383/1383/1383
f 1383/1383/1383 1457/1457/1457 1384/1384/1384
f 1384/1384/1384 1457/1457/1457 1458/1458/1458
f 1384/1384/1384 1458/1458/1458 1459/1459/1459
f 1384/1384/1384 1459/1459/1459 1385/1385/1385
f 1385/1385/1385 1459/1459/1459 1386/1386/1386
f 1386/1386/1386 1459/1459/1459 1460/1460/1460
f 1386/1386/1386 1460/1460/1460 1461/1461/1461
f 1386/1386/1386 1461/1461/1461 1387/1387/1387
f 1387/1387/1387 1461/1461/1461 1388/1388/1388
f 1388/1388/1388 1461/1461/1461 1462/1462/1462
f 1388/1388/1388 1462/1462/1462 1463/1463/1463
f 1388/1388/1388 1463/1463/1463 1389/1389/1389
f 1389/1389/1389 1463/1463/1463 1390/1390/1390
f 1390/1390/1390 1463/1463/1463 1464/1464/1464
f 1390/1390/1390 1464/1464/1464 1465/1465/1465
f 1390/1390/1390 1465/1465/1465 1391/1391/1391
f 1391/1391/1391 1465/1465/1465 1392/1392/1392
f 1392/1392/1392 1465/1465/1465 1466/1466/1466
f 1392/1392/1392 1466/1466/1466 1467/1467/1467
f 1392/1392/1392 1467/1467/1467 1393/1393/1393
f 1393/1393/1393 1467/1467/1467 1394/1394/1394
f 1394/1394/1394 1467/1467/1467 1468/1468/1468
f 1394/1394/1394 1468/1468/1468 1469/1469/1469
f 1394/1394/1394 1469/1469/1469 1395/1395/1395
f 1395/1395/1395 1469/1469/1469 1396/1396/1396
f 1396/1396/1396 1469/1469/1469 1470/1470/1470
f 1396/1396/1396 1470/1470/1470 1471/1471/1471
f 1396/1396/1396 1471/1471/1471 1397/1397/1397
f 1397/1397/1397 1471/1471/1471 1398/1398/1398
f 1398/1398/1398 1471/1471/1471 1472/1472/1472
f 1398/1398/1398 1472/1472/1472 1473/1473/1473
f 1398/1398/1398 1473/1473/1473 1399/1399/1399
f 1399/1399/1399 1473/1473/1473 1400/1400/1400
f 1400/1400/1400 1473/1473/1473 1474/1474/1474
f 1400/1400/1400 1474/1474/1474 1475/1475/1475
f 1400/1400/1400 1475/1475/1475 1401/1401/1401
f 1401/1401/1401 1475/1475/1475 1402/1402/1402
f 1402/1402/1402 1475/1475/1475 1476/1476/1476
f 1402/1402/1402 1476/1476/1476 1477/1477/1477
f 1402/1402/1402 1477/1477/1477 1403/1403/1403
f 1403/1403/1403 1477/1477/1477 1404/1404/1404
f 1404/1404/1404 1477/1477/1477 1478/1478/1478
f 1404/1404/1404 1478/1478/1478 1479/1479/1479
f 1404/1404/1404 1479/1479/1479 1405/1405/1405
f 1405/1405/1405 1479/1479/1479 1406/1406/1406
f 1406/1406/1406 1479/1479/1479 1480/1480/1480
f 1407/1407/1407 1481/1481/1481 1482/1482/1482
f 1407/1407/1407 1482/1482/1482 1408/1408/1408
f 1408/1408/1408 1482/1482/1482 1409/1409/1409
f 1409/1409/1409 1482/1482/1482 1483/1483/1483
f 1409/1409/1409 1483/1483/1483 1484/1484/1484
f 1409/1409/1409 1484/1484/1484 1410/1410/1410
f 1410/1410/1410 1484/1484/1484 1411/1411/1411
f 1411/1411/1411 1484/1484/1484 1485/1485/1485
f 1411/1411/1411 1485/1485/1485 1486/1486/1486
f 1411/1411/1411 1486/1486/1486 1412/1412/1412
f 1412/1412/1412 1486/1486/1486 1413/1413/1413
f 1413/1413/1413 1486/1486/1486 1487/1487/1487
f 1413/1413/1413 1487/1487/1487 1488/1488/1488
f 1413/1413/1413 1488/1488/1488 1414/1414/1414
f 1414/1414/1414 1488/1488/1488 1415/1415/1415
f 1415/1415/1415 1488/1488/1488 1489/1489/1489
f 1415/1415/1415 1489/1489/1489 1490/1490/1490
f 1415/1415/1415 1490/1490/1490 1416/1416/1416
f 1416/1416/1416 1490/1490/1490 1417/1417/1417
f 1417/1417/1417 1490/1490/1490 1491/1491/1491
f 1417/1417/1417 1491/1491/1491 1492/1492/1492
f 1417/1417/1417 1492/1492/1492 1418/1418/1418
f 1418/1418/1418 1492/1492/1492 1419/1419/1419
f 1419/1419/1419 1492/1492/1492 1493/1493/1493
f 1419/1419/1419 1493/1493/1493 1494/1494/1494
f 1419/1419/1419 1494/1494/1494 1420/1420/1420
f 1420/1420/1420 1494/1494/1494 1421/1421/1421
f 1421/1421/1421 1494/1494/1494 1495/1495/1495
f 1421/1421/1421 1495/1495/1495 1496/1496/1496
f 1421/1421/1421 1496/1496/1496 1422/1422/1422
f 1422/1422/1422 1496/1496/1496 1423/1423/1423
f 1423/1423/1423 1496/1496/1496 1497/1497/1497
f 1423/1423/1423 1497/1497/1497 1498/1498/1498
f 1423/1423/1423 1498/1498/1498 1424/1424/1424
f 1424/1424/1424 1498/1498/1498 1425/1425/1425
f 1425/1425/1425 1498/1498/1498 1499/1499/1499
f 1425/1425/1425 1499/1499/1499 1500/1500/1500
f 1425/1425/1425 1500/1500/1500 1426/1426/1426
f 1426/1426/1426 1500/1500/1500 1427/1427/1427
f 1427/1427/1427 1500/1500/1500 1501/1501/1501
f 1427/1427/1427 1501/1501/1501 1502/1502/1502
f 1427/1427/1427 1502/1502/1502 1428/1428/1428
f 1428/1428/1428 1502/1502/1502 1429/1429/1429
f 1429/1429/1429 1502/1502/1502 1503/1503/1503
f 1429/1429/1429 1503/1503/1503 1504/1504/1504
f 1429/1429/1429 1504/1504/1504 1430/1430/1430
f 1430/1430/1430 1504/1504/1504 1431/1431/1431
f 1431/1431/1431 1504/1504/1504 1505/1505/1505
f 1431/1431/1431 1505/1505/1505 1506/1506/1506
f 1431/1431/1431 1506/1506/1506 1432/1432/1432
f 1432/1432/1432 1506/1506/1506 1433/1433/1433
f 1433/1433/1433 1506/1506/1506 1507/1507/1507
f 1433/1433/1433 1507/1507/1507 1508/1508/1508
f 1433/1433/1433 1508/1508/1508 1434/1434/1434
f 1434/1434/1434 1508/1508/1508 1435/1435/1435
f 1435/1435/1435 1508/1508/1508 1509/1509/1509
f 1435/1435/1435 1509/1509/1509 1510/1510/1510
f 1435/1435/1435 1510/1510/1510 1436/1436/1436
f 1436/1436/1436 1510/1510/1510 1437/1437/1437
f 1437/1437/1437 1510/1510/1510 1511/1511/1511
f 1437/1437/1437 1511/1511/1511 1512/1512/1512
f 1437/1437/1437 1512/1512/1512 1438/1438/1438
f 1438/1438/1438 1512/1512/1512 1439/1439/1439
f 1439/1439/1439 1512/1512/1512 1513/1513/1513
f 1439/1439/1439 1513/1513/1513 1514/1514/1514
f 1439/1439/1439 1514/1514/1514 1440/1440/1440
f 1440/1440/1440 1514/1514/1514 1441/1441/1441
f 1441/1441/1441 1514/1514/1514 1515/1515/1515
f 1441/1441/1441 1515/1515/1515 1516/1516/1516
f 1441/1441/1441 1516/1516/1516 1442/1442/1442
f 1442/1442/1442 1516/1516/1516 1443/1443/1443
f 1443/1443/1443 1516/1516/1516 1517/1517/1517
f 1443/1443/1443 1517/1517/1517 1518/1518/1518
f 1443/1443/1443 1518/1518/1518 1444/1444/1444
f 1444/1444/1444 1518/1518/1518 1445/1445/1445
f 1445/1445/1445 1518/1518/1518 1519/1519/1519
f 1445/1445/1445 1519/1519/1519 1520/1520/1520
f 1445/1445/1445 1520/1520/1520 1446/1446/1446
f 1446/1446/1446 1520/1520/1520 1447/1447/1447
f 1447/1447/1447 1520/1520/1520 1521/1521/1521
f 1447/1447/1447 1521/1521/1521 1522/1522/1522
f 1447/1447/1447 1522/1522/1522 1448/1448/1448
f 1448/1448/1448 1522/1522/1522 1449/1449/1449
f 1449/1449/1449 1522/1522/1522 1523/1523/1523
f 1449/1449/1449 1523/1523/1523 1524/1524/1524
f 1449/1449/1449 1524/1524/1524 1450/1450/1450
f 1450/1450/1450 1524/1524/1524 1451/1451/1451
f 1451/1451/1451 1524/1524/1524 1525/1525/1525
f 1451/1451/1451 1525/1525/1525 1526/1526/1526
f 1451/1451/1451 1526/1526/1526 1452/1452/1452
f 1452/1452/1452 1526/1526/1526 1453/1453/1453
f 1453/1453/1453 1526/1526/1526 1527/1527/1527
f 1453/1453/1453 1527/1527/1527 1528/1528/1528
f 1453/1453/1453 1528/1528/1528 1454/1454/1454
f 1454/1454/1454 1528/1528/1528 1455/1455/1455
f 1455/1455/1455 1528/1528/1528 1529/1529/1529
f 1455/1455/1455 1529/1529/1529 1530/1530/1530
f 1455/1455/1455 1530/1530/1530 1456/1456/1456
f 1456/1456/1456 1530/1530/1530 1457/1457/1457
f 1457/1457/1457 1530/1530/1530 1531/1531/1531
f 1457/1457/1457 1531/1531/1531 1532/1532/1532
f 1457/1457/1457 1532/1532/1532 1458/1458/1458
f 1458/1458/1458 1532/1532/1532 1459/1459/1459
f 1459/1459/1459 1532/1532/1532 1533/1533/1533
f 1459/1459/1459 1533/1533/1533 1534/1534/1534
f 1459/1459/1459 1534/1534/1534 1460/1460/1460
f 1460/1460/1460 1534/1534/1534 1461/1461/1461
f 1461/1461/1461 1534/1534/1534 1535/1535/1535
f 1461/1461/1461 1535/1535/1535 1536/1536/1536
f 1461/1461/1461 1536/1536/1536 1462/1462/1462
f 1462/1462/1462 1536/1536/1536 1463/1463/1463
f 1463/1463/1463 1536/1536/1536 1537/1537/1537
f 1463/1463/1463 1537/1537/1537 1538/1538/1538
f 1463/1463/1463 1538/1538/1538 1464/1464/1464
f 1464/1464/1464 1538/1538/1538 1465/1465/1465
f 1465/1465/1465 1538/1538/1538 1539/1539/1539
f 1465/1465/1465 1539/1539/1539 1540/1540/1540
f 1465/1465/1465 1540/1540/1540 1466/1466/1466
f 1466/1466/1466 1540/1540/1540 1467/1467/1467
f 1467/1467/1467 1540/1540/1540 1541/1541/1541
f 1467/1467/1467 1541/1541/1541 1542/1542/1542
f 1467/1467/1467 1542/1542/1542 1468/1468/1468
f 1468/1468/1468 1542/1542/1542 1469/1469/1469
f 1469/1469/1469 1542/1542/1542 1543/1543/1543
f 1469/1469/1469 1543/1543/1543 1544/1544/1544
f 1469/1469/1469 1544/1544/1544 1470/1470/1470
f 1470/1470/1470 1544/1544/1544 1471/1471/1471
f 1471/1471/1471 1544/1544/1544 1545/1545/1545
f 1471/1471/1471 1545/1545/1545 1546/1546/1546
f 1471/1471/1471 1546/1546/1546 1472/1472/1472
f 1472/1472/1472 1546/1546/1546 1473/1473/1473
f 1473/1473/1473 1546/1546/1546 1547/1547/1547
f 1473/1473/1473 1547/1547/1547 1548/1548/1548
f 1473/1473/1473 1548/1548/1548 1474/1474/1474
f 1474/1474/1474 1548/1548/1548 1475/1475/1475
f 1475/1475/1475 1548/1548/1548 1549/1549/1549
f 1475/1475/1475 1549/1549/1549 1550/1550/1550
f 1475/1475/1475 1550/1550/1550 1476/1476/1476
f 1476/1476/1476 1550/1550/1550 1477/1477/1477
f 1477/1477/1477 1550/1550/1550 1551/1551/1551
f 1477/1477/1477 1551/1551/1551 1552/1552/1552
f 1477/1477/1477 1552/1552/1552 1478/1478/1478
f 1478/1478/1478 1552/1552/1552 1479/1479/1479
f 1479/1479/1479 1552/1552/1552 1553/1553/1553
f 1479/1479/1479 1553/1553/1553 1554/1554/1554
f 1479/1479/1479 1554/1554/1554 1480/1480/1480
f 1481/1481/1481 1555/1555/1555 1482/1482/1482
f 1482/1482/1482 1555/1555/1555 1556/1556/1556
f 1482/1482/1482 1556/1556/1556 1557/1557/1557
f 1482/1482/1482 1557/1557/1557 1483/1483/1483
f 1483/1483/1483 1557/1557/1557 1484/1484/1484
f 1484/1484/1484 1557/1557/1557 1558/1558/1558
f 1484/1484/1484 1558/1558/1558 1559/1559/1559
f 1484/1484/1484 1559/1559/1559 1485/1485/1485
f 1485/1485/1485 1559/1559/1559 1486/1486/1486
f 1486/1486/1486 1559/1559/1559 1560/1560/1560
f 1486/1486/1486 1560/1560/1560 1561/1561/1561
f 1486/1486/1486 1561/1561/1561 1487/1487/1487
f 1487/1487/1487 1561/1561/1561 1488/1488/1488
f 1488/1488/1488 1561/1561/1561 1562/1562/1562
f 1488/1488/1488 1562/1562/1562 1563/1563/1563
f 1488/1488/1488 1563/1563/1563 1489/1489/1489
f 1489/1489/1489 1563/1563/1563 1490/1490/1490
f 1490/1490/1490 1563/1563/1563 1564/1564/1564
f 1490/1490/1490 1564/1564/1564 1565/1565/1565
f 1490/1490/1490 1565/1565/1565 1491/1491/1491
f 1491/1491/1491 1565/1565/1565 1492/1492/1492
f 1492/1492/1492 1565/1565/1565 1566/1566/1566
f 1492/1492/1492 1566/1566/1566 1567/1567/1567
f 1492/1492/1492 1567/1567/1567 1493/1493/1493
f 1493/1493/1493 1567/1567/1567 1494/1494/1494
f 1494/1494/1494 1567/1567/1567 1568/1568/1568
f 1494/1494/1494 1568/1568/1568 1569/1569/1569
f 1494/1494/1494 1569/1569/1569 1495/1495/1495
f 1495/1495/1495 1569/1569/1569 1496/1496/1496
f 1496/1496/1496 1569/1569/1569 1570/1570/1570
f 1496/1496/1496 1570/1570/1570 1571/1571/1571
f 1496/1496/1496 1571/1571/1571 1497/1497/1497
f 1497/1497/1497 1571/1571/1571 1498/1498/1498
f 1498/1498/1498 1571/1571/1571 1572/1572/1572
f 1498/1498/1498 1572/1572/1572 1573/1573/1573
f 1498/1498/1498 1573/1573/1573 1499/1499/1499
f 1499/1499/1499 1573/1573/1573 1500/1500/1500
f 1500/1500/1500 1573/1573/1573 1574/1574/1574
f 1500/1500/1500 1574/1574/1574 1575/1575/1575
f 1500/1500/1500 1575/1575/1575 1501/1501/1501
f 1501/1501/1501 1575/1575/1575 1502/1502/1502
f 1502/1502/1502 1575/1575/1575 1576/1576/1576
f 1502/1502/1502 1576/1576/1576 1577/1577/1577
f 1502/1502/1502 1577/1577/1577 1503/1503/1503
f 1503/1503/1503 1577/1577/1577 1504/1504/1504
f 1504/1504/1504 1577/1577/1577 1578/1578/1578
f 1504/1504/1504 1578/1578/1578 1579/1579/1579
f 1504/1504/1504 1579/1579/1579 1505/1505/1505
f 1505/1505/1505 1579/1579/1579 1506/1506/1506
f 1506/1506/1506 1579/1579/1579 1580/1580/1580
f 1506/1506/1506 1580/1580/1580 1581/1581/1581
f 1506/1506/1506 1581/1581/1581 1507/1507/1507
f 1507/1507/1507 1581/1581/1581 1508/1508/1508
f 1508/1508/1508 1581/1581/1581 1582/1582/1582
f 1508/1508/1508 1582/1582/1582 1583/1583/1583
f 1508/1508/1508 1583/1583/1583 1509/1509/1509
f 1509/1509/1509 1583/1583/1583 1510/1510/1510
f 1510/1510/1510 1583/1583/1583 1584/1584/1584
f 1510/1510/1510 1584/1584/1584 1585/1585/1585
f 1510/1510/1510 1585/1585/1585 1511/1511/1511
f 1511/1511/1511 1585/1585/1585 1512/1512/1512
f 1512/1512/1512 1585/1585/1585 1586/1586/1586
f 1512/1512/1512 1586/1586/1586 1587/1587/1587
f 1512/1512/1512 1587/1587/1587 1513/1513/1513
f 1513/1513/1513 1587/1587/1587 1514/1514/1514
f 1514/1514/1514 1587/1587/1587 1588/1588/1588
f 1514/1514/1514 1588/1588/1588 1589/1589/1589
f 1514/1514/1514 1589/1589/1589 1515/1515/1515
f 1515/1515/1515 1589/1589/1589 1516/1516/1516
f 1516/1516/1516 1589/1589/1589 1590/1590/1590
f 1516/1516/1516 1590/1590/1590 1591/1591/1591
f 1516/1516/1516 1591/1591/1591 1517/1517/1517
f 1517/1517/1517 1591/1591/1591 1518/1518/1518
f 1518/1518/1518 1591/1591/1591 1592/1592/1592
f 1518/1518/1518 1592/1592/1592 1593/1593/1593
f 1518/1518/1518 1593/1593/1593 1519/1519/1519
f 1519/1519/1519 1593/1593/1593 1520/1520/1520
f 1520/1520/1520 1593/1593/1593 1594/1594/1594
f 1520/1520/1520 1594/1594/1594 1595/1595/1595
f 1520/1520/1520 1595/1595/1595 1521/1521/1521
f 1521/1521/1521 1595/1595/1595 1522/1522/1522
f 1522/1522/1522 1595/1595/1595 1596/1596/1596
f 1522/1522/1522 1596/1596/1596 1597/1597/1597
f 1522/1522/1522 1597/1597/1597 1523/1523/1523
f 1523/1523/1523 1597/1597/1597 1524/1524/1524
f 1524/1524/1524 1597/1597/1597 1598/1598/1598
f 1524/1524/1524 1598/1598/1598 1599/1599/1599
f 1524/1524/1524 1599/1599/1599 1525/1525/1525
f 1525/1525/1525 1599/1599/1599 1526/1526/1526
f 1526/1526/1526 1599/1599/1599 1600/1600/1600
f 1526/1526/1526 1600/1600/1600 1601/1601/1601
f 1526/1526/1526 1601/1601/1601 1527/1527/1527
f 1527/1527/1527 1601/1601/1601 1528/1528/1528
f 1528/1528/1528 1601/1601/1601 1602/1602/1602
f 1528/1528/1528 1602/1602/1602 1603/1603/1603
f 1528/1528/1528 1603/1603/1603 1529/1529/1529
f 1529/1529/1529 1603/1603/1603 1530/1530/1530
f 1530/1530/1530 1603/1603/1603 1604/1604/1604
f 1530/1530/1530 1604/1604/1604 1605/1605/1605
f 1530/1530/1530 1605/1605/1605 1531/1531/1531
f 1531/1531/1531 1605/1605/1605 1532/1532/1532
f 1532/1532/1532 1605/1605/1605 1606/1606/1606
f 1532/1532/1532 1606/1606/1606 1607/1607/1607
f 1532/1532/1532 1607/1607/1607 1533/1533/1533
f 1533/1533/1533 1607/1607/1607 1534/1534/1534
f 1534/1534/1534 1607/1607/1607 1608/1608/1608
f 1534/1534/1534 1608/1608/1608 1609/1609/1609
f 1534/1534/1534 1609/1609/1609 1535/1535/1535
f 1535/1535/1535 1609/1609/1609 1536/1536/1536
f 1536/1536/1536 1609/1609/1609 1610/1610/1610
f 1536/1536/1536 1610/1610/1610 1611/1611/1611
f 1536/1536/1536 1611/1611/1611 1537/1537/1537
f 1537/1537/1537 1611/1611/1611 1538/1538/1538
f 1538/1538/1538 1611/1611/1611 1612/1612/1612
f 1538/1538/1538 1612/1612/1612 1613/1613/1613
f 1538/1538/1538 1613/1613/1613 1539/1539/1539
f 1539/1539/1539 1613/1613/1613 1540/1540/1540
f 1540/1540/1540 1613/1613/1613 1614/1614/1614
f 1540/1540/1540 1614/1614/1614 1615/1615/1615
f 1540/1540/1540 1615/1615/1615 1541/1541/1541
f 1541/1541/1541 1615/1615/1615 1542/1542/1542
f 1542/1542/1542 1615/1615/1615 1616/1616/1616
f 1542/1542/1542 1616/1616/1616 1617/1617/1617
f 1542/1542/1542 1617/1617/1617 1543/1543/1543
f 1543/1543/1543 1617/1617/1617 1544/1544/1544
f 1544/1544/1544 1617/1617/1617 1618/1618/1618
f 1544/1544/1544 1618/1618/1618 1619/1619/1619
f 1544/1544/1544 1619/1619/1619 1545/1545/1545
f 1545/1545/1545 1619/1619/1619 1546/1546/1546
f 1546/1546/1546 1619/1619/1619 1620/1620/1620
f 1546/1546/1546 1620/1620/1620 1621/1621/1621
f 1546/1546/1546 1621/1621/1621 1547/1547/1547
f 1547/1547/1547 1621/1621/1621 1548/1548/1548
f 1548/1548/1548 1621/1621/1621 1622/1622/1622
f 1548/1548/1548 1622/1622/1622 1623/1623/1623
f 1548/1548/1548 1623/1623/1623 1549/1549/1549
f 1549/1549/1549 1623/1623/1623 1550/1550/1550
f 1550/1550/1550 1623/1623/1623 1624/1624/1624
f 1550/1550/1550 1624/1624/1624 1625/1625/1625
f 1550/1550/1550 1625/1625/1625 1551/1551/1551
f 1551/1551/1551 1625/1625/1625 1552/1552/1552
f 1552/1552/1552 1625/1625/1625 1626/1626/1626
f 1552/1552/1552 1626/1626/1626 1627/1627/1627
f 1552/1552/1552 1627/1627/1627 1553/1553/1553
f 1553/1553/1553 1627/1627/1627 1554/1554/1554
f 1554/1554/1554 1627/1627/1627 1628/1628/1628
f 1555/1555/1555 1629/1629/1629 1630/1630/1630
f 1555/1555/1555 1630/1630/1630 1556/1556/1556
f 1556/1556/1556 1630/1630/1630 1557/1557/1557
f 1557/1557/1557 1630/1630/1630 1631/1631/1631
f 1557/1557/1557 1631/1631/1631 1632/1632/1632
f 1557/1557/1557 1632/1632/1632 1558/1558/1558
f 1558/1558/1558 1632/1632/1632 1559/1559/1559
f 1559/1559/1559 1632/1632/1632 1633/1633/1633
f 1559/1559/1559 1633/1633/1633 1634/1634/1634
f 1559/1559/1559 1634/1634/1634 1560/1560/1560
f 1560/1560/1560 1634/1634/1634 1561/1561/1561
f 1561/1561/1561 1634/1634/1634 1635/1635/1635
f 1561/1561/1561 1635/1635/1635 1636/1636/1636
f 1561/1561/1561 1636/1636/1636 1562/1562/1562
f 1562/1562/1562 1636/1636/1636 1563/1563/1563
f 1563/1563/1563 1636/1636/1636 1637/1637/1637
f 1563/1563/1563 1637/1637/1637 1638/1638/1638
f 1563/1563/1563 1638/1638/1638 1564/1564/1564
f 1564/1564/1564 1638/1638/1638 1565/1565/1565
f 1565/1565/1565 1638/1638/1638 1639/1639/1639
f 1565/1565/1565 1639/1639/1639 1640/1640/1640
f 1565/1565/1565 1640/1640/1640 1566/1566/1566
f 1566/1566/1566 1640/1640/1640 1567/1567/1567
f 1567/1567/1567 1640/1640/1640 1641/1641/1641
f 1567/1567/1567 1641/1641/1641 1642/1642/1642
f 1567/1567/1567 1642/1642/1642 1568/1568/1568
f 1568/1568/1568 1642/1642/1642 1569/1569/1569
f 1569/1569/1569 1642/1642/1642 1643/1643/1643
f 1569/1569/1569 1643/1643/1643 1644/1644/1644
f 1569/1569/1569 1644/1644/1644 1570/1570/1570
f 1570/1570/1570 1644/1644/1644 1571/1571/1571
f 1571/1571/1571 1644/1644/1644 1645/1645/1645
f 1571/1571/1571 1645/1645/1645 1646/1646/1646
f 1571/1571/1571 1646/1646/1646 1572/1572/1572
f 1572/1572/1572 1646/1646/1646 1573/1573/1573
f 1573/1573/1573 1646/1646/1646 1647/1647/1647
f 1573/1573/1573 1647/1647/1647 1648/1648/1648
f 1573/1573/1573 1648/1648/1648 1574/1574/1574
f 1574/1574/1574 1648/1648/1648 1575/1575/1575
f 1575/1575/1575 1648/1648/1648 1649/1649/1649
f 1575/1575/1575 1649/1649/1649 1650/1650/1650
f 1575/1575/1575 1650/1650/1650 1576/1576/1576
f 1576/1576/1576 1650/1650/1650 1577/1577/1577
f 1577/1577/1577 1650/1650/1650 1651/1651/1651
f 1577/1577/1577 1651/1651/1651 1652/1652/1652
f 1577/1577/1577 1652/1652/1652 1578/1578/1578
f 1578/1578/1578 1652/1652/1652 1579/1579/1579
f 1579/1579/1579 1652/1652/1652 1653/1653/1653
f 1579/1579/1579 1653/1653/1653 1654/1654/1654
f 1579/1579/1579 1654/1654/1654 1580/1580/1580
f 1580/1580/1580 1654/1654/1654 1581/1581/1581
f 1581/1581/1581 1654/1654/1654 1655/1655/1655
f 1581/1581/1581 1655/1655/1655 1656/1656/1656
f 1581/1581/1581 1656/1656/1656 1582/1582/1582
f 1582/1582/1582 1656/1656/1656 1583/1583/1583
f 1583/1583/1583 1656/1656/1656 1657/1657/1657
f 1583/1583/1583 1657/1657/1657 1658/1658/1658
f 1583/1583/1583 1658/1658/1658 1584/1584/1584
f 1584/1584/1584 1658/1658/1658 1585/1585/1585
f 1585/1585/1585 1658/1658/1658 1659/1659/1659
f 1585/1585/1585 1659/1659/1659 1660/1660/1660
f 1585/1585/1585 1660/1660/1660 1586/1586/1586
f 1586/1586/1586 1660/1660/1660 1587/1587/1587
f 1587/1587/1587 1660/1660/1660 1661/1661/1661
f 1587/1587/1587 1661/1661/1661 1662/1662/1662
f 1587/1587/1587 1662/1662/1662 1588/1588/1588
f 1588/1588/1588 1662/1662/1662 1589/1589/1589
f 1589/1589/1589 1662/1662/1662 1663/1663/1663
f 1589/1589/1589 1663/1663/1663 1664/1664/1664
f 1589/1589/1589 1664/1664/1664 1590/1590/1590
f 1590/1590/1590 1664/1664/1664 1591/1591/1591
f 1591/1591/1591 1664/1664/1664 1665/1665/1665
f 1591/1591/1591 1665/1665/1665 1666/1666/1666
f 1591/1591/1591 1666/1666/1666 1592/1592/1592
f 1592/1592/1592 1666/1666/1666 1593/1593/1593
f 1593/1593/1593 1666/1666/1666 1667/1667/1667
f 1593/1593/1593 1667/1667/1667 1668/1668/1668
f 1593/1593/1593 1668/1668/1668 1594/1594/1594
f 1594/1594/1594 1668/1668/1668 1595/1595/1595
f 1595/1595/1595 1668/1668/1668 1669/1669/1669
f 1595/1595/1595 1669/1669/1669 1670/1670/1670
f 1595/1595/1595 1670/1670/1670 1596/1596/1596
f 1596/1596/1596 1670/1670/1670 1597/1597/1597
f 1597/1597/1597 1670/1670/1670 1671/1671/1671
f 1597/1597/1597 1671/1671/1671 1672/1672/1672
f 1597/1597/1597 1672/1672/1672 1598/1598/1598
f 1598/1598/1598 1672/1672/1672 1599/1599/1599
f 1599/1599/1599 1672/1672/1672 1673/1673/1673
f 1599/1599/1599 1673/1673/1673 1674/1674/1674
f 1599/1599/1599 1674/1674/1674 1600/1600/1600
f 1600/1600/1600 1674/1674/1674 1601/1601/1601
f 1601/1601/1601 1674/1674/1674 1675/1675/1675
f 1601/1601/1601 1675/1675/1675 1676/1676/1676
f 1601/1601/1601 1676/1676/1676 1602/1602/1602
f 1602/1602/1602 1676/1676/1676 1603/1603/1603
f 1603/1603/1603 1676/1676/1676 1677/1677/1677
f 1603/1603/1603 1677/1677/1677 1678/1678/1678
f 1603/1603/1603 1678/1678/1678 1604/1604/1604
f 1604/1604/1604 1678/1678/1678 1605/1605/1605
f 1605/1605/1605 1678/1678/1678 1679/1679/1679
f 1605/1605/1605 1679/1679/1679 1680/1680/1680
f 1605/1605/1605 1680/1680/1680 1606/1606/1606
f 1606/1606/1606 1680/1680/1680 1607/1607/1607
f 1607/1607/1607 1680/1680/1680 1681/1681/1681
f 1607/1607/1607 1681/1681/1681 1682/1682/1682
f 1607/1607/1607 1682/1682/1682 1608/1608/1608
f 1608/1608/1608 1682/1682/1682 1609/1609/1609
f 1609/1609/1609 1682/1682/1682 1683/1683/1683
f 1609/1609/1609 1683/1683/1683 1684/1684/1684
f 1609/1609/1609 1684/1684/1684 1610/1610/1610
f 1610/1610/1610 1684/1684/1684 1611/1611/1611
f 1611/1611/1611 1684/1684/1684 1685/1685/1685
f 1611/1611/1611 1685/1685/1685 1686/1686/1686
f 1611/1611/1611 1686/1686/1686 1612/1612/1612
f 1612/1612/1612 1686/1686/1686 1613/1613/1613
f 1613/1613/1613 1686/1686/1686 1687/1687/1687
f 1613/1613/1613 1687/1687/1687 1688/1688/1688
f 1613/1613/1613 1688/1688/1688 1614/1614/1614
f 1614/1614/1614 1688/1688/1688 1615/1615/1615
f 1615/1615/1615 1688/1688/1688 1689/1689/1689
f 1615/1615/1615 1689/1689/1689 1690/1690/1690
f 1615/1615/1615 1690/1690/1690 1616/1616/1616
f 1616/1616/1616 1690/1690/1690 1617/1617/1617
f 1617/1617/1617 1690/1690/1690 1691/1691/1691
f 1617/1617/1617 1691/1691/1691 1692/1692/1692
f 1617/1617/1617 1692/1692/1692 1618/1618/1618
f 1618/1618/1618 1692/1692/1692 1619/1619/1619
f 1619/1619/1619 1692/1692/1692 1693/1693/1693
f 1619/1619/1619 1693/1693/1693 1694/1694/1694
f 1619/1619/1619 1694/1694/1694 1620/1620/1620
f 1620/1620/1620 1694/1694/1694 1621/1621/1621
f 1621/1621/1621 1694/1694/1694 1695/1695/1695
f 1621/1621/1621 1695/1695/1695 1696/1696/1696
f 1621/1621/1621 1696/1696/1696 1622/1622/1622
f 1622/1622/1622 1696/1696/1696 1623/1623/1623
f 1623/1623/1623 1696/1696/1696 1697/1697/1697
f 1623/1623/1623 1697/1697/1697 1698/1698/1698
f 1623/1623/1623 1698/1698/1698 1624/1624/1624
f 1624/1624/1624 1698/1698/1698 1625/1625/1625
f 1625/1625/1625 1698/1698/1698 1699/1699/1699
f 1625/1625/1625 1699/1699/1699 1700/1700/1700
f 1625/1625/1625 1700/1700/1700 1626/1626/1626
f 1626/1626/1626 1700/1700/1700 1627/1627/1627
f 1627/1627/1627 1700/1700/1700 1701/1701/1701
f 1627/1627/1627 1701/1701/1701 1702/1702/1702
f 1627/1627/1627 1702/1702/1702 1628/1628/1628
f 1629/1629/1629 1703/1703/1703 1630/1630/1630
f 1630/1630/1630 1703/1703/1703 1704/1704/1704
f 1630/1630/1630 1704/1704/1704 1705/1705/1705
f 1630/1630/1630 1705/1705/1705 1631/1631/1631
f 1631/1631/1631 1705/1705/1705 1632/1632/1632
f 1632/1632/1632 1705/1705/1705 1706/1706/1706
f 1632/1632/1632 1706/1706/1706 1707/1707/1707
f 1632/1632/1632 1707/1707/1707 1633/1633/1633
f 1633/1633/1633 1707/1707/1707 1634/1634/1634
f 1634/1634/1634 1707/1707/1707 1708/1708/1708
f 1634/1634/1634 1708/1708/1708 1709/1709/1709
f 1634/1634/1634 1709/1709/1709 1635/1635/1635
f 1635/1635/1635 1709/1709/1709 1636/1636/1636
f 1636/1636/1636 1709/1709/1709 1710/1710/1710
f 1636/1636/1636 1710/1710/1710 1711/1711/1711
f 1636/1636/1636 1711/1711/1711 1637/1637/1637
f 1637/1637/1637 1711/1711/1711 1638/1638/1638
f 1638/1638/1638 1711/1711/1711 1712/1712/1712
f 1638/1638/1638 1712/1712/1712 1713/1713/1713
f 1638/1638/1638 1713/1713/1713 1639/1639/1639
f 1639/1639/1639 1713/1713/1713 1640/1640/1640
f 1640/1640/1640 1713/1713/1713 1714/1714/1714
f 1640/1640/1640 1714/1714/1714 1715/1715/1715
f 1640/1640/1640 1715/1715/1715 1641/1641/1641
f 1641/1641/1641 1715/1715/1715 1642/1642/1642
f 1642/1642/1642 1715/1715/1715 1716/1716/1716
f 1642/1642/1642 1716/1716/1716 1717/1717/1717
f 1642/1642/1642 1717/1717/1717 1643/1643/1643
f 1643/1643/1643 1717/1717/1717 1644/1644/1644
f 1644/1644/1644 1717/1717/1717 1718/1718/1718
f 1644/1644/1644 1718/1718/1718 1719/1719/1719
f 1644/1644/1644 1719/1719/1719 1645/1645/1645
f 1645/1645/1645 1719/1719/1719 1646/1646/1646
f 1646/1646/1646 1719/1719/1719 1720/1720/1720
f 1646/1646/1646 1720/1720/1720 1721/1721/1721
f 1646/1646/1646 1721/1721/1721 1647/1647/1647
f 1647/1647/1647 1721/1721/1721 1648/1648/1648
f 1648/1648/1648 1721/1721/1721 1722/1722/1722
f 1648/1648/1648 1722/1722/1722 1723/1723/1723
f 1648/1648/1648 1723/1723/1723 1649/1649/1649
f 1649/1649/1649 1723/1723/1723 1650/1650/1650
f 1650/1650/1650 1723/1723/1723 1724/1724/1724
f 1650/1650/1650 1724/1724/1724 1725/1725/1725
f 1650/1650/1650 1725/1725/1725 1651/1651/1651
f 1651/1651/1651 1725/1725/1725 1652/1652/1652
f 1652/1652/1652 1725/1725/1725 1726/1726/1726
f 1652/1652/1652 1726/1726/1726 1727/1727/1727
f 1652/1652/1652 1727/1727/1727 1653/1653/1653
f 1653/1653/1653 1727/1727/1727 1654/1654/1654
f 1654/1654/1654 1727/1727/1727 1728/1728/1728
f 1654/1654/1654 1728/1728/1728 1729/1729/1729
f 1654/1654/1654 1729/1729/1729 1655/1655/1655
f 1655/1655/1655 1729/1729/1729 1656/1656/1656
f 1656/1656/1656 1729/1729/1729 1730/1730/1730
f 1656/1656/1656 1730/1730/1730 1731/1731/1731
f 1656/1656/1656 1731/1731/1731 1657/1657/1657
f 1657/1657/1657 1731/1731/1731 1658/1658/1658
f 1658/1658/1658 1731/1731/1731 1732/1732/1732
f 1658/1658/1658 1732/1732/1732 1733/1733/1733
f 1658/1658/1658 1733/1733/1733 1659/1659/1659
f 1659/1659/1659 1733/1733/1733 1660/1660/1660
f 1660/1660/1660 1733/1733/1733 1734/1734/1734
f 1660/1660/1660 1734/1734/1734 1735/1735/1735
f 1660/1660/1660 1735/1735/1735 1661/1661/1661
f 1661/1661/1661 1735/1735/1735 1662/1662/1662
f 1662/1662/1662 1735/1735/1735 1736/1736/1736
f 1662/1662/1662 1736/1736/1736 1737/1737/1737
f 1662/1662/1662 1737/1737/1737 1663/1663/1663
f 1663/1663/1663 1737/1737/1737 1664/1664/1664
f 1664/1664/1664 1737/1737/1737 1738/1738/1738
f 1664/1664/1664 1738/1738/1738 1739/1739/1739
f 1664/1664/1664 1739/1739/1739 1665/1665/1665
f 1665/1665/1665 1739/1739/1739 1666/1666/1666
f 1666/1666/1666 1739/1739/1739 1740/1740/1740
f 1666/1666/1666 1740/1740/1740 1741/1741/1741
f 1666/1666/1666 1741/1741/1741 1667/1667/1667
f 1667/1667/1667 1741/1741/1741 1668/1668/1668
f 1668/1668/1668 1741/1741/1741 1742/1742/1742
f 1668/1668/1668 1742/1742/1742 1743/1743/1743
f 1668/1668/1668 1743/1743/1743 1669/1669/1669
f 1669/1669/1669 1743/1743/1743 1670/1670/1670
f 1670/1670/1670 1743/1743/1743 1744/1744/1744
f 1670/1670/1670 1744/1744/1744 1745/1745/1745
f 1670/1670/1670 1745/1745/1745 1671/1671/1671
f 1671/1671/1671 1745/1745/1745 1672/1672/1672
f 1672/1672/1672 1745/1745/1745 1746/1746/1746
f 1672/1672/1672 1746/1746/1746 1747/1747/1747
f 1672/1672/1672 1747/1747/1747 1673/1673/1673
f 1673/1673/1673 1747/1747/1747 1674/1674/1674
f 1674/1674/1674 1747/1747/1747 1748/1748/1748
f 1674/1674/1674 1748/1748/1748 1749/1749/1749
f 1674/1674/1674 1749/1749/1749 1675/1675/1675
f 1675/1675/1675 1749/1749/1749 1676/1676/1676
f 1676/1676/1676 1749/1749/1749 1750/1750/1750
f 1676/1676/1676 1750/1750/1750 1751/1751/1751
f 1676/1676/1676 1751/1751/1751 1677/1677/1677
f 1677/1677/1677 1751/1751/1751 1678/1678/1678
f 1678/1678/1678 1751/1751/1751 1752/1752/1752
f 1678/1678/1678 1752/1752/1752 1753/1753/1753
f 1678/1678/1678 1753/1753/1753 1679/1679/1679
f 1679/1679/1679 1753/1753/1753 1680/1680/1680
f 1680/1680/1680 1753/1753/1753 1754/1754/1754
f 1680/1680/1680 1754/1754/1754 1755/1755/1755
f 1680/1680/1680 1755/1755/1755 1681/1681/1681
f 1681/1681/1681 1755/1755/1755 1682/1682/1682
f 1682/1682/1682 1755/1755/1755 1756/1756/1756
f 1682/1682/1682 1756/1756/1756 1757/1757/1757
f 1682/1682/1682 1757/1757/1757 1683/1683/1683
f 1683/1683/1683 1757/1757/1757 1684/1684/1684
f 1684/1684/1684 1757/1757/1757 1758/1758/1758
f 1684/1684/1684 1758/1758/1758 1759/1759/1759
f 1684/1684/1684 1759/1759/1759 1685/1685/1685
f 1685/1685/1685 1759/1759/1759 1686/1686/1686
f 1686/1686/1686 1759/1759/1759 1760/1760/1760
f 1686/1686/1686 1760/1760/1760 1761/1761/1761
f 1686/1686/1686 1761/1761/1761 1687/1687/1687
f 1687/1687/1687 1761/1761/1761 1688/1688/1688
f 1688/1688/1688 1761/1761/1761 1762/1762/1762
f 1688/1688/1688 1762/1762/1762 1763/1763/1763
f 1688/1688/1688 1763/1763/1763 1689/1689/1689
f 1689/1689/1689 1763/1763/1763 1690/1690/1690
f 1690/1690/1690 1763/1763/1763 1764/1764/1764
f 1690/1690/1690 1764/1764/1764 1765/1765/1765
f 1690/1690/1690 1765/1765/1765 1691/1691/1691
f 1691/1691/1691 1765/1765/1765 1692/1692/1692
f 1692/1692/1692 1765/1765/1765 1766/1766/1766
f 1692/1692/1692 1766/1766/1766 1767/1767/1767
f 1692/1692/1692 1767/1767/1767 1693/1693/1693
f 1693/1693/1693 1767/1767/1767 1694/1694/1694
f 1694/1694/1694 1767/1767/1767 1768/1768/1768
f 1694/1694/1694 1768/1768/1768 1769/1769/1769
f 1694/1694/1694 1769/1769/1769 1695/1695/1695
f 1695/1695/1695 1769/1769/1769 1696/1696/1696
f 1696/1696/1696 1769/1769/1769 1770/1770/1770
f 1696/1696/1696 1770/1770/1770 1771/1771/1771
f 1696/1696/1696 1771/1771/1771 1697/1697/1697
f 1697/1697/1697 1771/1771/1771 1698/1698/1698
f 1698/1698/1698 1771/1771/1771 1772/1772/1772
f 1698/1698/1698 1772/1772/1772 1773/1773/1773
f 1698/1698/1698 1773/1773/1773 1699/1699/1699
f 1699/1699/1699 1773/1773/1773 1700/1700/1700
f 1700/1700/1700 1773/1773/1773 1774/1774/1774
f 1700/1700/1700 1774/1774/1774 1775/1775/1775
f 1700/1700/1700 1775/1775/1775 1701/1701/1701
f 1701/1701/1701 1775/1775/1775 1702/1702/1702
f 1702/1702/1702 1775/1775/1775 1776/1776/1776
f 1703/1703/1703 1777/1777/1777 1778/1778/1778
f 1703/1703/1703 1778/1778/1778 1704/1704/1704
f 1704/1704/1704 1778/1778/1778 1705/1705/1705
f 1705/1705/1705 1778/1778/1778 1779/1779/1779
f 1705/1705/1705 1779/1779/1779 1780/1780/1780
f 1705/1705/1705 1780/1780/1780 1706/1706/1706
f 1706/1706/1706 1780/1780/1780 1707/1707/1707
f 1707/1707/1707 1780/1780/1780 1781/1781/1781
f 1707/1707/1707 1781/1781/1781 1782/1782/1782
f 1707/1707/1707 1782/1782/1782 1708/1708/1708
f 1708/1708/1708 1782/1782/1782 1709/1709/1709
f 1709/1709/1709 1782/1782/1782 1783/1783/1783
f 1709/1709/1709 1783/1783/1783 1784/1784/1784
f 1709/1709/1709 1784/1784/1784 1710/1710/1710
f 1710/1710/1710 1784/1784/1784 1711/1711/1711
f 1711/1711/1711 1784/1784/1784 1785/1785/1785
f 1711/1711/1711 1785/1785/1785 1786/1786/1786
f 1711/1711/1711 1786/1786/1786 1712/1712/1712
f 1712/1712/1712 1786/1786/1786 1713/1713/1713
f 1713/1713/1713 1786/1786/1786 1787/1787/1787
f 1713/1713/1713 1787/1787/1787 1788/1788/1788
f 1713/1713/1713 1788/1788/1788 1714/1714/1714
f 1714/1714/1714 1788/1788/1788 1715/1715/1715
f 1715/1715/1715 1788/1788/1788 1789/1789/1789
f 1715/1715/1715 1789/1789/1789 1790/1790/1790
f 1715/1715/1715 1790/1790/1790 1716/1716/1716
f 1716/1716/1716 1790/1790/1790 1717/1717/1717
f 1717/1717/1717 1790/1790/1790 1791/1791/1791
f 1717/1717/1717 1791/1791/1791 1792/1792/1792
f 1717/1717/1717 1792/1792/1792 1718/1718/1718
f 1718/1718/1718 1792/1792/1792 1719/1719/1719
f 1719/1719/1719 1792/1792/1792 1793/1793/1793
f 1719/1719/1719 1793/1793/1793 1794/1794/1794
f 1719/1719/1719 1794/1794/1794 1720/1720/1720
f 1720/1720/1720 1794/1794/1794 1721/1721/1721
f 1721/1721/1721 1794/1794/1794 1795/1795/1795
f 1721/1721/1721 1795/1795/1795 1796/1796/1796
f 1721/1721/1721 1796/1796/1796 1722/1722/1722
f 1722/1722/1722 1796/1796/1796 1723/1723/1723
f 1723/1723/1723 1796/1796/1796 1797/1797/1797
f 1723/1723/1723 1797/1797/1797 1798/1798/1798
f 1723/1723/1723 1798/1798/1798 1724/1724/1724
f 1724/1724/1724 1798/1798/1798 1725/1725/1725
f 1725/1725/1725 1798/1798/1798 1799/1799/1799
f 1725/1725/1725 1799/1799/1799 1800/1800/1800
f 1725/1725/1725 1800/1800/1800 1726/1726/1726
f 1726/1726/1726 1800/1800/1800 1727/1727/1727
f 1727/1727/1727 1800/1800/1800 1801/1801/1801
f 1727/1727/1727 1801/1801/1801 1802/1802/1802
f 1727/1727/1727 1802/1802/1802 1728/1728/1728
f 1728/1728/1728 1802/1802/1802 1729/1729/1729
f 1729/1729/1729 1802/1802/1802 1803/1803/1803
f 1729/1729/1729 1803/1803/1803 1804/1804/1804
f 1729/1729/1729 1804/1804/1804 1730/1730/1730
f 1730/1730/1730 1804/1804/1804 1731/1731/1731
f 1731/1731/1731 1804/1804/1804 1805/1805/1805
f 1731/1731/1731 1805/1805/1805 1806/1806/1806
f 1731/1731/1731 1806/1806/1806 1732/1732/1732
f 1732/1732/1732 1806/1806/1806 1733/1733/1733
f 1733/1733/1733 1806/1806/1806 1807/1807/1807
f 1733/1733/1733 1807/1807/1807 1808/1808/1808
f 1733/1733/1733 1808/1808/1808 1734/1734/1734
f 1734/1734/1734 1808/1808/1808 1735/1735/1735
f 1735/1735/1735 1808/1808/1808 1809/1809/1809
f 1735/1735/1735 1809/1809/1809 1810/1810/1810
f 1735/1735/1735 1810/1810/1810 1736/1736/1736
f 1736/1736/1736 1810/1810/1810 1737/1737/1737
f 1737/1737/1737 1810/1810/1810 1811/1811/1811
f 1737/1737/1737 1811/1811/1811 1812/1812/1812
f 1737/1737/1737 1812/1812/1812 1738/1738/1738
f 1738/1738/1738 1812/1812/1812 1739/1739/1739
f 1739/1739/1739 1812/1812/1812 1813/1813/1813
f 1739/1739/1739 1813/1813/1813 1814/1814/1814
f 1739/1739/1739 1814/1814/1814 1740/1740/1740
f 1740/1740/1740 1814/1814/1814 1741/1741/1741
f 1741/1741/1741 1814/1814/1814 1815/1815/1815
f 1741/1741/1741 1815/1815/1815 1816/1816/1816
f 1741/1741/1741 1816/1816/1816 1742/1742/1742
f 1742/1742/1742 1816/1816/1816 1743/1743/1743
f 1743/1743/1743 1816/1816/1816 1817/1817/1817
f 1743/1743/1743 1817/1817/1817 1818/1818/1818
f 1743/1743/1743 1818/1818/1818 1744/1744/1744
f 1744/1744/1744 1818/1818/1818 1745/1745/1745
f 1745/1745/1745 1818/1818/1818 1819/1819/1819
f 1745/1745/1745 1819/1819/1819 1820/1820/1820
f 1745/1745/1745 1820/1820/1820 1746/1746/1746
f 1746/1746/1746 1820/1820/1820 1747/1747/1747
f 1747/1747/1747 1820/1820/1820 1821/1821/1821
f 1747/1747/1747 1821/1821/1821 1822/1822/1822
f 1747/1747/1747 1822/1822/1822 1748/1748/1748
f 1748/1748/1748 1822/1822/1822 1749/1749/1749
f 1749/1749/1749 1822/1822/1822 1823/1823/1823
f 1749/1749/1749 1823/1823/1823 1824/1824/1824
f 1749/1749/1749 1824/1824/1824 1750/1750/1750
f 1750/1750/1750 1824/1824/1824 1751/1751/1751
f 1751/1751/1751 1824/1824/1824 1825/1825/1825
f 1751/1751/1751 1825/1825/1825 1826/1826/1826
f 1751/1751/1751 1826/1826/1826 1752/1752/1752
f 1752/1752/1752 1826/1826/1826 1753/1753/1753
f 1753/1753/1753 1826/1826/1826 1827/1827/1827
f 1753/1753/1753 1827/1827/1827 1828/1828/1828
f 1753/1753/1753 1828/1828/1828 1754/1754/1754
f 1754/1754/1754 1828/1828/1828 1755/1755/1755
f 1755/1755/1755 1828/1828/1828 1829/1829/1829
f 1755/1755/1755 1829/1829/1829 1830/1830/1830
f 1755/1755/1755 1830/1830/1830 1756/1756/1756
f 1756/1756/1756 1830/1830/1830 1757/1757/1757
f 1757/1757/1757 1830/1830/1830 1831/1831/1831
f 1757/1757/1757 1831/1831/1831 1832/1832/1832
f 1757/1757/1757 1832/1832/1832 1758/1758/1758
f 1758/1758/1758 1832/1832/1832 1759/1759/1759
f 1759/1759/1759 1832/1832/1832 1833/1833/1833
f 1759/1759/1759 1833/1833/1833 1834/1834/1834
f 1759/1759/1759 1834/1834/1834 1760/1760/1760
f 1760/1760/1760 1834/1834/1834 1761/1761/1761
f 1761/1761/1761 1834/1834/1834 1835/1835/1835
f 1761/1761/1761 1835/1835/1835 1836/1836/1836
f 1761/1761/1761 1836/1836/1836 1762/1762/1762
f 1762/1762/1762 1836/1836/1836 1763/1763/1763
f 1763/1763/1763 1836/1836/1836 1837/1837/1837
f 1763/1763/1763 1837/1837/1837 1838/1838/1838
f 1763/1763/1763 1838/1838/1838 1764/1764/1764
f 1764/1764/1764 1838/1838/1838 1765/1765/1765
f 1765/1765/1765 1838/1838/1838 1839/1839/1839
f 1765/1765/1765 1839/1839/1839 1840/1840/1840
f 1765/1765/1765 1840/1840/1840 1766/1766/1766
f 1766/1766/1766 1840/1840/1840 1767/1767/1767
f 1767/1767/1767 1840/1840/1840 1841/1841/1841
f 1767/1767/1767 1841/1841/1841 1842/1842/1842
f 1767/1767/1767 1842/1842/1842 1768/1768/1768
f 1768/1768/1768 1842/1842/1842 1769/1769/1769
f 1769/1769/1769 1842/1842/1842 1843/1843/1843
f 1769/1769/1769 1843/1843/1843 1844/1844/1844
f 1769/1769/1769 1844/1844/1844 1770/1770/1770
f 1770/1770/1770 1844/1844/1844 1771/1771/1771
f 1771/1771/1771 1844/1844/1844 1845/1845/1845
f 1771/1771/1771 1845/1845/1845 1846/1846/1846
f 1771/1771/1771 1846/1846/1846 1772/1772/1772
f 1772/1772/1772 1846/1846/1846 1773/1773/1773
f 1773/1773/1773 1846/1846/1846 1847/1847/1847
f 1773/1773/1773 1847/1847/1847 1848/1848/1848
f 1773/1773/1773 1848/1848/1848 1774/1774/1774
f 1774/1774/1774 1848/1848/1848 1775/1775/1775
f 1775/1775/1775 1848/1848/1848 1849/1849/1849
f 1775/1775/1775 1849/1849/1849 1850/1850/1850
f 1775/1775/1775 1850/1850/1850 1776/1776/1776
f 1777/1777/1777 1851/1851/1851 1778/1778/1778
f 1778/1778/1778 1851/1851/1851 1852/1852/1852
f 1778/1778/1778 1852/1852/1852 1853/1853/1853
f 1778/1778/1778 1853/1853/1853 1779/1779/1779
f 1779/1779/1779 1853/1853/1853 1780/1780/1780
f 1780/1780/1780 1853/1853/1853 1854/1854/1854
f 1780/1780/1780 1854/1854/1854 1855/1855/1855
f 1780/1780/1780 1855/1855/1855 1781/1781/1781
f 1781/1781/1781 1855/1855/1855 1782/1782/1782
f 1782/1782/1782 1855/1855/1855 1856/1856/1856
f 1782/1782/1782 1856/1856/1856 1857/1857/1857
f 1782/1782/1782 1857/1857/1857 1783/1783/1783
f 1783/1783/1783 1857/1857/1857 1784/1784/1784
f 1784/1784/1784 1857/1857/1857 1858/1858/1858
f 1784/1784/1784 1858/1858/1858 1859/1859/1859
f 1784/1784/1784 1859/1859/1859 1785/1785/1785
f 1785/1785/1785 1859/1859/1859 1786/1786/1786
f 1786/1786/1786 1859/1859/1859 1860/1860/1860
f 1786/1786/1786 1860/1860/1860 1861/1861/1861
f 1786/1786/1786 1861/1861/1861 1787/1787/1787
f 1787/1787/1787 1861/1861/1861 1788/1788/1788
f 1788/1788/1788 1861/1861/1861 1862/1862/1862
f 1788/1788/1788 1862/1862/1862 1863/1863/1863
f 1788/1788/1788 1863/1863/1863 1789/1789/1789
f 1789/1789/1789 1863/1863/1863 1790/1790/1790
f 1790/1790/1790 1863/1863/1863 1864/1864/1864
f 1790/1790/1790 1864/1864/1864 1865/1865/1865
f 1790/1790/1790 1865/1865/1865 1791/1791/1791
f 1791/1791/1791 1865/1865/1865 1792/1792/1792
f 1792/1792/1792 1865/1865/1865 1866/1866/1866
f 1792/1792/1792 1866/1866/1866 1867/1867/1867
f 1792/1792/1792 1867/1867/1867 1793/1793/1793
f 1793/1793/1793 1867/1867/1867 1794/1794/1794
f 1794/1794/1794 1867/1867/1867 1868/1868/1868
f 1794/1794/1794 1868/1868/1868 1869/1869/1869
f 1794/1794/1794 1869/1869/1869 1795/1795/1795
f 1795/1795/1795 1869/1869/1869 1796/1796/1796
f 1796/1796/1796 1869/1869/1869 1870/1870/1870
f 1796/1796/1796 1870/1870/1870 1871/1871/1871
f 1796/1796/1796 1871/1871/1871 1797/1797/1797
f 1797/1797/1797 1871/1871/1871 1798/1798/1798
f 1798/1798/1798 1871/1871/1871 1872/1872/1872
f 1798/1798/1798 1872/1872/1872 1873/1873/1873
f 1798/1798/1798 1873/1873/1873 1799/1799/1799
f 1799/1799/1799 1873/1873/1873 1800/1800/1800
f 1800/1800/1800 1873/1873/1873 1874/1874/1874
f 1800/1800/1800 1874/1874/1874 1875/1875/1875
f 1800/1800/1800 1875/1875/1875 1801/1801/1801
f 1801/1801/1801 1875/1875/1875 1802/1802/1802
f 1802/1802/1802 1875/1875/1875 1876/1876/1876
f 1802/1802/1802 1876/1876/1876 1877/1877/1877
f 1802/1802/1802 1877/1877/1877 1803/1803/1803
f 1803/1803/1803 1877/1877/1877 1804/1804/1804
f 1804/1804/1804 1877/1877/1877 1878/1878/1878
f 1804/1804/1804 1878/1878/1878 1879/1879/1879
f 1804/1804/1804 1879/1879/1879 1805/1805/1805
f 1805/1805/1805 1879/1879/1879 1806/1806/1806
f 1806/1806/1806 1879/1879/1879 1880/1880/1880
f 1806/1806/1806 1880/1880/1880 1881/1881/1881
f 1806/1806/1806 1881/1881/1881 1807/1807/1807
f 1807/1807/1807 1881/1881/1881 1808/1808/1808
f 1808/1808/1808 1881/1881/1881 1882/1882/1882
f 1808/1808/1808 1882/1882/1882 1883/1883/1883
f 1808/1808/1808 1883/1883/1883 1809/1809/1809
f 1809/1809/1809 1883/1883/1883 1810/1810/1810
f 1810/1810/1810 1883/1883/1883 1884/1884/1884
f 1810/1810/1810 1884/1884/1884 1885/1885/1885
f 1810/1810/1810 1885/1885/1885 1811/1811/1811
f 1811/1811/1811 1885/1885/1885 1812/1812/1812
f 1812/1812/1812 1885/1885/1885 1886/1886/1886
f 1812/1812/1812 1886/1886/1886 1887/1887/1887
f 1812/1812/1812 1887/1887/1887 1813/1813/1813
f 1813/1813/1813 1887/1887/1887 1814/1814/1814
f 1814/1814/1814 1887/1887/1887 1888/1888/1888
f 1814/1814/1814 1888/1888/1888 1889/1889/1889
f 1814/1814/1814 1889/1889/1889 1815/1815/1815
f 1815/1815/1815 1889/1889/1889 1816/1816/1816
f 1816/1816/1816 1889/1889/1889 1890/1890/1890
f 1816/1816/1816 1890/1890/1890 1891/1891/1891
f 1816/1816/1816 1891/1891/1891 1817/1817/1817
f 1817/1817/1817 1891/1891/1891 1818/1818/1818
f 1818/1818/1818 1891/1891/1891 1892/1892/1892
f 1818/1818/1818 1892/1892/1892 1893/1893/1893
f 1818/1818/1818 1893/1893/1893 1819/1819/1819
f 1819/1819/1819 1893/1893/1893 1820/1820/1820
f 1820/1820/1820 1893/1893/1893 1894/1894/1894
f 1820/1820/1820 1894/1894/1894 1895/1895/1895
f 1820/1820/1820 1895/1895/1895 1821/1821/1821
f 1821/1821/1821 1895/1895/1895 1822/1822/1822
f 1822/1822/1822 1895/1895/1895 1896/1896/1896
f 1822/1822/1822 1896/1896/1896 1897/1897/1897
f 1822/1822/1822 1897/1897/1897 1823/1823/1823
f 1823/1823/1823 1897/1897/1897 1824/1824/1824
f 1824/1824/1824 1897/1897/1897 1898/1898/1898
f 1824/1824/1824 1898/1898/1898 1899/1899/1899
f 1824/1824/1824 1899/1899/1899 1825/1825/1825
f 1825/1825/1825 1899/1899/1899 1826/1826/1826
f 1826/1826/1826 1899/1899/1899 1900/1900/1900
f 1826/1826/1826 1900/1900/1900 1901/1901/1901
f 1826/1826/1826 1901/1901/1901 1827/1827/1827
f 1827/1827/1827 1901/1901/1901 1828/1828/1828
f 1828/1828/1828 1901/1901/1901 1902/1902/1902
f 1828/1828/1828 1902/1902/1902 1903/1903/1903
f 1828/1828/1828 1903/1903/1903 1829/1829/1829
f 1829/1829/1829 1903/1903/1903 1830/1830/1830
f 1830/1830/1830 1903/1903/1903 1904/1904/1904
f 1830/1830/1830 1904/1904/1904 1905/1905/1905
f 1830/1830/1830 1905/1905/1905 1831/1831/1831
f 1831/1831/1831 1905/1905/1905 1832/1832/1832
f 1832/1832/1832 1905/1905/1905 1906/1906/1906
f 1832/1832/1832 1906/1906/1906 1907/1907/1907
f 1832/1832/1832 1907/1907/1907 1833/1833/1833
f 1833/1833/1833 1907/1907/1907 1834/1834/1834
f 1834/1834/1834 1907/1907/1907 1908/1908/1908
f 1834/1834/1834 1908/1908/1908 1909/1909/1909
f 1834/1834/1834 1909/1909/1909 1835/1835/1835
f 1835/1835/1835 1909/1909/1909 1836/1836/1836
f 1836/1836/1836 1909/1909/1909 1910/1910/1910
f 1836/1836/1836 1910/1910/1910 1911/1911/1911
f 1836/1836/1836 1911/1911/1911 1837/1837/1837
f 1837/1837/1837 1911/1911/1911 1838/1838/1838
f 1838/1838/1838 1911/1911/1911 1912/1912/1912
f 1838/1838/1838 1912/1912/1912 1913/1913/1913
f 1838/1838/1838 1913/1913/1913 1839/1839/1839
f 1839/1839/1839 1913/1913/1913 1840/1840/1840
f 1840/1840/1840 1913/1913/1913 1914/1914/1914
f 1840/1840/1840 1914/1914/1914 1915/1915/1915
f 1840/1840/1840 1915/1915/1915 1841/1841/1841
f 1841/1841/1841 1915/1915/1915 1842/1842/1842
f 1842/1842/1842 1915/1915/1915 1916/1916/1916
f 1842/1842/1842 1916/1916/1916 1917/1917/1917
f 1842/1842/1842 1917/1917/1917 1843/1843/1843
f 1843/1843/1843 1917/1917/1917 1844/1844/1844
f 1844/1844/1844 1917/1917/1917 1918/1918/1918
f 1844/1844/1844 1918/1918/1918 1919/1919/1919
f 1844/1844/1844 1919/1919/1919 1845/1845/1845
f 1845/1845/1845 1919/1919/1919 1846/1846/1846
f 1846/1846/1846 1919/1919/1919 1920/1920/1920
f 1846/1846/1846 1920/1920/1920 1921/1921/1921
f 1846/1846/1846 1921/1921/1921 1847/1847/1847
f 1847/1847/1847 1921/1921/1921 1848/1848/1848
f 1848/1848/1848 1921/1921/1921 1922/1922/1922
f 1848/1848/1848 1922/1922/1922 1923/1923/1923
f 1848/1848/1848 1923/1923/1923 1849/1849/1849
f 1849/1849/1849 1923/1923/1923 1850/1850/1850
f 1850/1850/1850 1923/1923/1923 1924/1924/1924
f 1851/1851/1851 1925/1925/1925 1926/1926/1926
f 1851/1851/1851 1926/1926/1926 1852/1852/1852
f 1852/1852/1852 1926/1926/1926 1853/1853/1853
f 1853/1853/1853 1926/1926/1926 1927/1927/1927
f 1853/1853/1853 1927/1927/1927 1928/1928/1928
f 1853/1853/1853 1928/1928/1928 1854/1854/1854
f 1854/1854/1854 1928/1928/1928 1855/1855/1855
f 1855/1855/1855 1928/1928/1928 1929/1929/1929
f 1855/1855/1855 1929/1929/1929 1930/1930/1930
f 1855/1855/1855 1930/1930/1930 1856/1856/1856
f 1856/1856/1856 1930/1930/1930 1857/1857/1857
f 1857/1857/1857 1930/1930/1930 1931/1931/1931
f 1857/1857/1857 1931/1931/1931 1932/1932/1932
f 1857/1857/1857 1932/1932/1932 1858/1858/1858
f 1858/1858/1858 1932/1932/1932 1859/1859/1859
f 1859/1859/1859 1932/1932/1932 1933/1933/1933
f 1859/1859/1859 1933/1933/1933 1934/1934/1934
f 1859/1859/1859 1934/1934/1934 1860/1860/1860
f 1860/1860/1860 1934/1934/1934 1861/1861/1861
f 1861/1861/1861 1934/1934/1934 1935/1935/1935
f 1861/1861/1861 1935/1935/1935 1936/1936/1936
f 1861/1861/1861 1936/1936/1936 1862/1862/1862
f 1862/1862/1862 1936/1936/1936 1863/1863/1863
f 1863/1863/1863 1936/1936/1936 1937/1937/1937
f 1863/1863/1863 1937/1937/1937 1938/1938/1938
f 1863/1863/1863 1938/1938/1938 1864/1864/1864
f 1864/1864/1864 1938/1938/1938 1865/1865/1865
f 1865/1865/1865 1938/1938/1938 1939/1939/1939
f 1865/1865/1865 1939/1939/1939 1940/1940/1940
f 1865/1865/1865 1940/1940/1940 1866/1866/1866
f 1866/1866/1866 1940/1940/1940 1867/1867/1867
f 1867/1867/1867 1940/1940/1940 1941/1941/1941
f 1867/1867/1867 1941/1941/1941 1942/1942/1942
f 1867/1867/1867 1942/1942/1942 1868/1868/1868
f 1868/1868/1868 1942/1942/1942 1869/1869/1869
f 1869/1869/1869 1942/1942/1942 1943/1943/1943
f 1869/1869/1869 1943/1943/1943 1944/1944/1944
f 1869/1869/1869 1944/1944/1944 1870/1870/1870
f 1870/1870/1870 1944/1944/1944 1871/1871/1871
f 1871/1871/1871 1944/1944/1944 1945/1945/1945
f 1871/1871/1871 1945/1945/1945 1946/1946/1946
f 1871/1871/1871 1946/1946/1946 1872/1872/1872
f 1872/1872/1872 1946/1946/1946 1873/1873/1873
f 1873/1873/1873 1946/1946/1946 1947/1947/1947
f 1873/1873/1873 1947/1947/1947 1948/1948/1948
f 1873/1873/1873 1948/1948/1948 1874/1874/1874
f 1874/1874/1874 1948/1948/1948 1875/1875/1875
f 1875/1875/1875 1948/1948/1948 1949/1949/1949
f 1875/1875/1875 1949/1949/1949 1950/1950/1950
f 1875/1875/1875 1950/1950/1950 1876/1876/1876
f 1876/1876/1876 1950/1950/1950 1877/1877/1877
f 1877/1877/1877 1950/1950/1950 1951/1951/1951
f 1877/1877/1877 1951/1951/1951 1952/1952/1952
f 1877/1877/1877 1952/1952/1952 1878/1878/1878
f 1878/1878/1878 1952/1952/1952 1879/1879/1879
f 1879/1879/1879 1952/1952/1952 1953/1953/1953
f 1879/1879/1879 1953/1953/1953 1954/1954/1954
f 1879/1879/1879 1954/1954/1954 1880/1880/1880
f 1880/1880/1880 1954/1954/1954 1881/1881/1881
f 1881/1881/1881 1954/1954/1954 1955/1955/1955
f 1881/1881/1881 1955/1955/1955 1956/1956/1956
f 1881/1881/1881 1956/1956/1956 1882/1882/1882
f 1882/1882/1882 1956/1956/1956 1883/1883/1883
f 1883/1883/1883 1956/1956/1956 1957/1957/1957
f 1883/1883/1883 1957/1957/1957 1958/1958/1958
f 1883/1883/1883 1958/1958/1958 1884/1884/1884
f 1884/1884/1884 1958/1958/1958 1885/1885/1885
f 1885/1885/1885 1958/1958/1958 1959/1959/1959
f 1885/1885/1885 1959/1959/1959 1960/1960/1960
f 1885/1885/1885 1960/1960/1960 1886/1886/1886
f 1886/1886/1886 1960/1960/1960 1887/1887/1887
f 1887/1887/1887 1960/1960/1960 1961/1961/1961
f 1887/1887/1887 1961/1961/1961 1962/1962/1962
f 1887/1887/1887 1962/1962/1962 1888/1888/1888
f 1888/1888/1888 1962/1962/1962 1889/1889/1889
f 1889/1889/1889 1962/1962/1962 1963/1963/1963
f 1889/1889/1889 1963/1963/1963 1964/1964/1964
f 1889/1889/1889 1964/1964/1964 1890/1890/1890
f 1890/1890/1890 1964/1964/1964 1891/1891/1891
f 1891/1891/1891 1964/1964/1964 1965/1965/1965
f 1891/1891/1891 1965/1965/1965 1966/1966/1966
f 1891/1891/1891 1966/1966/1966 1892/1892/1892
f 1892/1892/1892 1966/1966/1966 1893/1893/1893
f 1893/1893/1893 1966/1966/1966 1967/1967/1967
f 1893/1893/1893 1967/1967/1967 1968/1968/1968
f 1893/1893/1893 1968/1968/1968 1894/1894/1894
f 1894/1894/1894 1968/1968/1968 1895/1895/1895
f 1895/1895/1895 1968/1968/1968 1969/1969/1969
f 1895/1895/1895 1969/1969/1969 1970/1970/1970
f 1895/1895/1895 1970/1970/1970 1896/1896/1896
f 1896/1896/1896 1970/1970/1970 1897/1897/1897
f 1897/1897/1897 1970/1970/1970 1971/1971/1971
f 1897/1897/1897 1971/1971/1971 1972/1972/1972
f 1897/1897/1897 1972/1972/1972 1898/1898/1898
f 1898/1898/1898 1972/1972/1972 1899/1899/1899
f 1899/1899/1899 1972/1972/1972 1973/1973/1973
f 1899/1899/1899 1973/1973/1973 1974/1974/1974
f 1899/1899/1899 1974/1974/1974 1900/1900/1900
f 1900/1900/1900 1974/1974/1974 1901/1901/1901
f 1901/1901/1901 1974/1974/1974 1975/1975/1975
f 1901/1901/1901 1975/1975/1975 1976/1976/1976
f 1901/1901/1901 1976/1976/1976 1902/1902/1902
f 1902/1902/1902 1976/1976/1976 1903/1903/1903
f 1903/1903/1903 1976/1976/1976 1977/1977/1977
f 1903/1903/1903 1977/1977/1977 1978/1978/1978
f 1903/1903/1903 1978/1978/1978 1904/1904/1904
f 1904/1904/1904 1978/1978/1978 1905/1905/1905
f 1905/1905/1905 1978/1978/1978 1979/1979/1979
f 1905/1905/1905 1979/1979/1979 1980/1980/1980
f 1905/1905/1905 1980/1980/1980 1906/1906/1906
f 1906/1906/1906 1980/1980/1980 1907/1907/1907
f 1907/1907/1907 1980/1980/1980 1981/1981/1981
f 1907/1907/1907 1981/1981/1981 1982/1982/1982
f 1907/1907/1907 1982/1982/1982 1908/1908/1908
f 1908/1908/1908 1982/1982/1982 1909/1909/1909
f 1909/1909/1909 1982/1982/1982 1983/1983/1983
f 1909/1909/1909 1983/1983/1983 1984/1984/1984
f 1909/1909/1909 1984/1984/1984 1910/1910/1910
f 1910/1910/1910 1984/1984/1984 1911/1911/1911
f 1911/1911/1911 1984/1984/1984 1985/1985/1985
f 1911/1911/1911 1985/1985/1985 1986/1986/1986
f 1911/1911/1911 1986/1986/1986 1912/1912/1912
f 1912/1912/1912 1986/1986/1986 1913/1913/1913
f 1913/1913/1913 1986/1986/1986 1987/1987/1987
f 1913/1913/1913 1987/1987/1987 1988/1988/1988
f 1913/1913/1913 1988/1988/1988 1914/1914/1914
f 1914/1914/1914 1988/1988/1988 1915/1915/1915
f 1915/1915/1915 1988/1988/1988 1989/1989/1989
f 1915/1915/1915 1989/1989/1989 1990/1990/1990
f 1915/1915/1915 1990/1990/1990 1916/1916/1916
f 1916/1916/1916 1990/1990/1990 1917/1917/1917
f 1917/1917/1917 1990/1990/1990 1991/1991/1991
f 1917/1917/1917 1991/1991/1991 1992/1992/1992
f 1917/1917/1917 1992/1992/1992 1918/1918/1918
f 1918/1918/1918 1992/1992/1992 1919/1919/1919
f 1919/1919/1919 1992/1992/1992 1993/1993/1993
f 1919/1919/1919 1993/1993/1993 1994/1994/1994
f 1919/1919/1919 1994/1994/1994 1920/1920/1920
f 1920/1920/1920 1994/1994/1994 1921/1921/1921
f 1921/1921/1921 1994/1994/1994 1995/1995/1995
f 1921/1921/1921 1995/1995/1995 1996/1996/1996
f 1921/1921/1921 1996/1996/1996 1922/1922/1922
f 1922/1922/1922 1996/1996/1996 1923/1923/1923
f 1923/1923/1923 1996/1996/1996 1997/1997/1997
f 1923/1923/1923 1997/1997/1997 1998/1998/1998
f 1923/1923/1923 1998/1998/1998 1924/1924/1924
f 1925/1925/1925 1999/1999/1999 1926/1926/1926
f 1926/1926/1926 1999/1999/1999 2000/2000/2000
f 1926/1926/1926 2000/2000/2000 2001/2001/2001
f 1926/1926/1926 2001/2001/2001 1927/1927/1927
f 1927/1927/1927 2001/2001/2001 1928/1928/1928
f 1928/1928/1928 2001/2001/2001 2002/2002/2002
f 1928/1928/1928 2002/2002/2002 2003/2003/2003
f 1928/1928/1928 2003/2003/2003 1929/1929/1929
f 1929/1929/1929 2003/2003/2003 1930/1930/1930
f 1930/1930/1930 2003/2003/2003 2004/2004/2004
f 1930/1930/1930 2004/2004/2004 2005/2005/2005
f 1930/1930/1930 2005/2005/2005 1931/1931/1931
f 1931/1931/1931 2005/2005/2005 1932/1932/1932
f 1932/1932/1932 2005/2005/2005 2006/2006/2006
f 1932/1932/1932 2006/2006/2006 2007/2007/2007
f 1932/1932/1932 2007/2007/2007 1933/1933/1933
f 1933/1933/1933 2007/2007/2007 1934/1934/1934
f 1934/1934/1934 2007/2007/2007 2008/2008/2008
f 1934/1934/1934 2008/2008/2008 2009/2009/2009
f 1934/1934/1934 2009/2009/2009 1935/1935/1935
f 1935/1935/1935 2009/2009/2009 1936/1936/1936
f 1936/1936/1936 2009/2009/2009 2010/2010/2010
f 1936/1936/1936 2010/2010/2010 2011/2011/2011
f 1936/1936/1936 2011/2011/2011 1937/1937/1937
f 1937/1937/1937 2011/2011/2011 1938/1938/1938
f 1938/1938/1938 2011/2011/2011 2012/2012/2012
f 1938/1938/1938 2012/2012/2012 2013/2013/2013
f 1938/1938/1938 2013/2013/2013 1939/1939/1939
f 1939/1939/1939 2013/2013/2013 1940/1940/1940
f 1940/1940/1940 2013/2013/2013 2014/2014/2014
f 1940/1940/1940 2014/2014/2014 2015/2015/2015
f 1940/1940/1940 2015/2015/2015 1941/1941/1941
f 1941/1941/1941 2015/2015/2015 1942/1942/1942
f 1942/1942/1942 2015/2015/2015 2016/2016/2016
f 1942/1942/1942 2016/2016/2016 2017/2017/2017
f 1942/1942/1942 2017/2017/2017 1943/1943/1943
f 1943/1943/1943 2017/2017/2017 1944/1944/1944
f 1944/1944/1944 2017/2017/2017 2018/2018/2018
f 1944/1944/1944 2018/2018/2018 2019/2019/2019
f 1944/1944/1944 2019/2019/2019 1945/1945/1945
f 1945/1945/1945 2019/2019/2019 1946/1946/1946
f 1946/1946/1946 2019/2019/2019 2020/2020/2020
f 1946/1946/1946 2020/2020/2020 2021/2021/2021
f 1946/1946/1946 2021/2021/2021 1947/1947/1947
f 1947/1947/1947 2021/2021/2021 1948/1948/1948
f 1948/1948/1948 2021/2021/2021 2022/2022/2022
f 1948/1948/1948 2022/2022/2022 2023/2023/2023
f 1948/1948/1948 2023/2023/2023 1949/1949/1949
f 1949/1949/1949 2023/2023/2023 1950/1950/1950
f 1950/1950/1950 2023/2023/2023 2024/2024/2024
f 1950/1950/1950 2024/2024/2024 2025/2025/2025
f 1950/1950/1950 2025/2025/2025 1951/1951/1951
f 1951/1951/1951 2025/2025/2025 1952/1952/1952
f 1952/1952/1952 2025/2025/2025 2026/2026/2026
f 1952/1952/1952 2026/2026/2026 2027/2027/2027
f 1952/1952/1952 2027/2027/2027 1953/1953/1953
f 1953/1953/1953 2027/2027/2027 1954/1954/1954
f 1954/1954/1954 2027/2027/2027 2028/2028/2028
f 1954/1954/1954 2028/2028/2028 2029/2029/2029
f 1954/1954/1954 2029/2029/2029 1955/1955/1955
f 1955/1955/1955 2029/2029/2029 1956/1956/1956
f 1956/1956/1956 2029/2029/2029 2030/2030/2030
f 1956/1956/1956 2030/2030/2030 2031/2031/2031
f 1956/1956/1956 2031/2031/2031 1957/1957/1957
f 1957/1957/1957 2031/2031/2031 1958/1958/1958
f 1958/1958/1958 2031/2031/2031 2032/2032/2032
f 1958/1958/1958 2032/2032/2032 2033/2033/2033
f 1958/1958/1958 2033/2033/2033 1959/1959/1959
f 1959/1959/1959 2033/2033/2033 1960/1960/1960
f 1960/1960/1960 2033/2033/2033 2034/2034/2034
f 1960/1960/1960 2034/2034/2034 2035/2035/2035
f 1960/1960/1960 2035/2035/2035 1961/1961/1961
f 1961/1961/1961 2035/2035/2035 1962/1962/1962
f 1962/1962/1962 2035/2035/2035 2036/2036/2036
f 1962/1962/1962 2036/2036/2036 2037/2037/2037
f 1962/1962/1962 2037/2037/2037 1963/1963/1963
f 1963/1963/1963 2037/2037/2037 1964/1964/1964
f 1964/1964/1964 2037/2037/2037 2038/2038/2038
f 1964/1964/1964 2038/2038/2038 2039/2039/2039
f 1964/1964/1964 2039/2039/2039 1965/1965/1965
f 1965/1965/1965 2039/2039/2039 1966/1966/1966
f 1966/1966/1966 2039/2039/2039 2040/2040/2040
f 1966/1966/1966 2040/2040/2040 2041/2041/2041
f 1966/1966/1966 2041/2041/2041 1967/1967/1967
f 1967/1967/1967 2041/2041/2041 1968/1968/1968
f 1968/1968/1968 2041/2041/2041 2042/2042/2042
f 1968/1968/1968 2042/2042/2042 2043/2043/2043
f 1968/1968/1968 2043/2043/2043 1969/1969/1969
f 1969/1969/1969 2043/2043/2043 1970/1970/1970
f 1970/1970/1970 2043/2043/2043 2044/2044/2044
f 1970/1970/1970 2044/2044/2044 2045/2045/2045
f 1970/1970/1970 2045/2045/2045 1971/1971/1971
f 1971/1971/1971 2045/2045/2045 1972/1972/1972
f 1972/1972/1972 2045/2045/2045 2046/2046/2046
f 1972/1972/1972 2046/2046/2046 2047/2047/2047
f 1972/1972/1972 2047/2047/2047 1973/1973/1973
f 1973/1973/1973 2047/2047/2047 1974/1974/1974
f 1974/1974/1974 2047/2047/2047 2048/2048/2048
f 1974/1974/1974 2048/2048/2048 2049/2049/2049
f 1974/1974/1974 2049/2049/2049 1975/1975/1975
f 1975/1975/1975 2049/2049/2049 1976/1976/1976
f 1976/1976/1976 2049/2049/2049 2050/2050/2050
f 1976/1976/1976 2050/2050/2050 2051/2051/2051
f 1976/1976/1976 2051/2051/2051 1977/1977/1977
f 1977/1977/1977 2051/2051/2051 1978/1978/1978
f 1978/1978/1978 2051/2051/2051 2052/2052/2052
f 1978/1978/1978 2052/2052/2052 2053/2053/2053
f 1978/1978/1978 2053/2053/2053 1979/1979/1979
f 1979/1979/1979 2053/2053/2053 1980/1980/1980
f 1980/1980/1980 2053/2053/2053 2054/2054/2054
f 1980/1980/1980 2054/2054/2054 2055/2055/2055
f 1980/1980/1980 2055/2055/2055 1981/1981/1981
f 1981/1981/1981 2055/2055/2055 1982/1982/1982
f 1982/1982/1982 2055/2055/2055 2056/2056/2056
f 1982/1982/1982 2056/2056/2056 2057/2057/2057
f 1982/1982/1982 2057/2057/2057 1983/1983/1983
f 1983/1983/1983 2057/2057/2057 1984/1984/1984
f 1984/1984/1984 2057/2057/2057 2058/2058/2058
f 1984/1984/1984 2058/2058/2058 2059/2059/2059
f 1984/1984/1984 2059/2059/2059 1985/1985/1985
f 1985/1985/1985 2059/2059/2059 1986/1986/1986
f 1986/1986/1986 2059/2059/2059 2060/2060/2060
f 1986/1986/1986 2060/2060/2060 2061/2061/2061
f 1986/1986/1986 2061/2061/2061 1987/1987/1987
f 1987/1987/1987 2061/2061/2061 1988/1988/1988
f 1988/1988/1988 2061/2061/2061 2062/2062/2062
f 1988/1988/1988 2062/2062/2062 2063/2063/2063
f 1988/1988/1988 2063/2063/2063 1989/1989/1989
f 1989/1989/1989 2063/2063/2063 1990/1990/1990
f 1990/1990/1990 2063/2063/2063 2064/2064/2064
f 1990/1990/1990 2064/2064/2064 2065/2065/2065
f 1990/1990/1990 2065/2065/2065 1991/1991/1991
f 1991/1991/1991 2065/2065/2065 1992/1992/1992
f 1992/1992/1992 2065/2065/2065 2066/2066/2066
f 1992/1992/1992 2066/2066/2066 2067/2067/2067
f 1992/1992/1992 2067/2067/2067 1993/1993/1993
f 1993/1993/1993 2067/2067/2067 1994/1994/1994
f 1994/1994/1994 2067/2067/2067 2068/2068/2068
f 1994/1994/1994 2068/2068/2068 2069/2069/2069
f 1994/1994/1994 2069/2069/2069 1995/1995/1995
f 1995/1995/1995 2069/2069/2069 1996/1996/1996
f 1996/1996/1996 2069/2069/2069 2070/2070/2070
f 1996/1996/1996 2070/2070/2070 2071/2071/2071
f 1996/1996/1996 2071/2071/2071 1997/1997/1997
f 1997/1997/1997 2071/2071/2071 1998/1998/1998
f 1998/1998/1998 2071/2071/2071 2072/2072/2072
f 1999/1999/1999 2073/2073/2073 2074/2074/2074
f 1999/1999/1999 2074/2074/2074 2000/2000/2000
f 2000/2000/2000 2074/2074/2074 2001/2001/2001
f 2001/2001/2001 2074/2074/2074 2075/2075/2075
f 2001/2001/2001 2075/2075/2075 2076/2076/2076
f 2001/2001/2001 2076/2076/2076 2002/2002/2002
f 2002/2002/2002 2076/2076/2076 2003/2003/2003
f 2003/2003/2003 2076/2076/2076 2077/2077/2077
f 2003/2003/2003 2077/2077/2077 2078/2078/2078
f 2003/2003/2003 2078/2078/2078 2004/2004/2004
f 2004/2004/2004 2078/2078/2078 2005/2005/2005
f 2005/2005/2005 2078/2078/2078 2079/2079/2079
f 2005/2005/2005 2079/2079/2079 2080/2080/2080
f 2005/2005/2005 2080/2080/2080 2006/2006/2006
f 2006/2006/2006 2080/2080/2080 2007/2007/2007
f 2007/2007/2007 2080/2080/2080 2081/2081/2081
f 2007/2007/2007 2081/2081/2081 2082/2082/2082
f 2007/2007/2007 2082/2082/2082 2008/2008/2008
f 2008/2008/2008 2082/2082/2082 2009/2009/2009
f 2009/2009/2009 2082/2082/2082 2083/2083/2083
f 2009/2009/2009 2083/2083/2083 2084/2084/2084
f 2009/2009/2009 2084/2084/2084 2010/2010/2010
f 2010/2010/2010 2084/2084/2084 2011/2011/2011
f 2011/2011/2011 2084/2084/2084 2085/2085/2085
f 2011/2011/2011 2085/2085/2085 2086/2086/2086
f 2011/2011/2011 2086/2086/2086 2012/2012/2012
f 2012/2012/2012 2086/2086/2086 2013/2013/2013
f 2013/2013/2013 2086/2086/2086 2087/2087/2087
f 2013/2013/2013 2087/2087/2087 2088/2088/2088
f 2013/2013/2013 2088/2088/2088 2014/2014/2014
f 2014/2014/2014 2088/2088/2088 2015/2015/2015
f 2015/2015/2015 2088/2088/2088 2089/2089/2089
f 2015/2015/2015 2089/2089/2089 2090/2090/2090
f 2015/2015/2015 2090/2090/2090 2016/2016/2016
f 2016/2016/2016 2090/2090/2090 2017/2017/2017
f 2017/2017/2017 2090/2090/2090 2091/2091/2091
f 2017/2017/2017 2091/2091/2091 2092/2092/2092
f 2017/2017/2017 2092/2092/2092 2018/2018/2018
f 2018/2018/2018 2092/2092/2092 2019/2019/2019
f 2019/2019/2019 2092/2092/2092 2093/2093/2093
f 2019/2019/2019 2093/2093/2093 2094/2094/2094
f 2019/2019/2019 2094/2094/2094 2020/2020/2020
f 2020/2020/2020 2094/2094/2094 2021/2021/2021
f 2021/2021/2021 2094/2094/2094 2095/2095/2095
f 2021/2021/2021 2095/2095/2095 2096/2096/2096
f 2021/2021/2021 2096/2096/2096 2022/2022/2022
f 2022/2022/2022 2096/2096/2096 2023/2023/2023
f 2023/2023/2023 2096/2096/2096 2097/2097/2097
f 2023/2023/2023 2097/2097/2097 2098/2098/2098
f 2023/2023/2023 2098/2098/2098 2024/2024/2024
f 2024/2024/2024 2098/2098/2098 2025/2025/2025
f 2025/2025/2025 2098/2098/2098 2099/2099/2099
f 2025/2025/2025 2099/2099/2099 2100/2100/2100
f 2025/2025/2025 2100/2100/2100 2026/2026/2026
f 2026/2026/2026 2100/2100/2100 2027/2027/2027
f 2027/2027/2027 2100/2100/2100 2101/2101/2101
f 2027/2027/2027 2101/2101/2101 2102/2102/2102
f 2027/2027/2027 2102/2102/2102 2028/2028/2028
f 2028/2028/2028 2102/2102/2102 2029/2029/2029
f 2029/2029/2029 2102/2102/2102 2103/2103/2103
f 2029/2029/2029 2103/2103/2103 2104/2104/2104
f 2029/2029/2029 2104/2104/2104 2030/2030/2030
f 2030/2030/2030 2104/2104/2104 2031/2031/2031
f 2031/2031/2031 2104/2104/2104 2105/2105/2105
f 2031/2031/2031 2105/2105/2105 2106/2106/2106
f 2031/2031/2031 2106/2106/2106 2032/2032/2032
f 2032/2032/2032 2106/2106/2106 2033/2033/2033
f 2033/2033/2033 2106/2106/2106 2107/2107/2107
f 2033/2033/2033 2107/2107/2107 2108/2108/2108
f 2033/2033/2033 2108/2108/2108 2034/2034/2034
f 2034/2034/2034 2108/2108/2108 2035/2035/2035
f 2035/2035/2035 2108/2108/2108 2109/2109/2109
f 2035/2035/2035 2109/2109/2109 2110/2110/2110
f 2035/2035/2035 2110/2110/2110 2036/2036/2036
f 2036/2036/2036 2110/2110/2110 2037/2037/2037
f 2037/2037/2037 2110/2110/2110 2111/2111/2111
f 2037/2037/2037 2111/2111/2111 2112/2112/2112
f 2037/2037/2037 2112/2112/2112 2038/2038/2038
f 2038/2038/2038 2112/2112/2112 2039/2039/2039
f 2039/2039/2039 2112/2112/2112 2113/2113/2113
f 2039/2039/2039 2113/2113/2113 2114/2114/2114
f 2039/2039/2039 2114/2114/2114 2040/2040/2040
f 2040/2040/2040 2114/2114/2114 2041/2041/2041
f 2041/2041/2041 2114/2114/2114 2115/2115/2115
f 2041/2041/2041 2115/2115/2115 2116/2116/2116
f 2041/2041/2041 2116/2116/2116 2042/2042/2042
f 2042/2042/2042 2116/2116/2116 2043/2043/2043
f 2043/2043/2043 2116/2116/2116 2117/2117/2117
f 2043/2043/2043 2117/2117/2117 2118/2118/2118
f 2043/2043/2043 2118/2118/2118 2044/2044/2044
f 2044/2044/2044 2118/2118/2118 2045/2045/2045
f 2045/2045/2045 2118/2118/2118 2119/2119/2119
f 2045/2045/2045 2119/2119/2119 2120/2120/2120
f 2045/2045/2045 2120/2120/2120 2046/2046/2046
f 2046/2046/2046 2120/2120/2120 2047/2047/2047
f 2047/2047/2047 2120/2120/2120 2121/2121/2121
f 2047/2047/2047 2121/2121/2121 2122/2122/2122
f 2047/2047/2047 2122/2122/2122 2048/2048/2048
f 2048/2048/2048 2122/2122/2122 2049/2049/2049
f 2049/2049/2049 2122/2122/2122 2123/2123/2123
f 2049/2049/2049 2123/2123/2123 2124/2124/2124
f 2049/2049/2049 2124/2124/2124 2050/2050/2050
f 2050/2050/2050 2124/2124/2124 2051/2051/2051
f 2051/2051/2051 2124/2124/2124 2125/2125/2125
f 2051/2051/2051 2125/2125/2125 2126/2126/2126
f 2051/2051/2051 2126/2126/2126 2052/2052/2052
f 2052/2052/2052 2126/2126/2126 2053/2053/2053
f 2053/2053/2053 2126/2126/2126 2127/2127/2127
f 2053/2053/2053 2127/2127/2127 2128/2128/2128
f 2053/2053/2053 2128/2128/2128 2054/2054/2054
f 2054/2054/2054 2128/2128/2128 2055/2055/2055
f 2055/2055/2055 2128/2128/2128 2129/2129/2129
f 2055/2055/2055 2129/2129/2129 2130/2130/2130
f 2055/2055/2055 2130/2130/2130 2056/2056/2056
f 2056/2056/2056 2130/2130/2130 2057/2057/2057
f 2057/2057/2057 2130/2130/2130 2131/2131/2131
f 2057/2057/2057 2131/2131/2131 2132/2132/2132
f 2057/2057/2057 2132/2132/2132 2058/2058/2058
f 2058/2058/2058 2132/2132/2132 2059/2059/2059
f 2059/2059/2059 2132/2132/2132 2133/2133/2133
f 2059/2059/2059 2133/2133/2133 2134/2134/2134
f 2059/2059/2059 2134/2134/2134 2060/2060/2060
f 2060/2060/2060 2134/2134/2134 2061/2061/2061
f 2061/2061/2061 2134/2134/2134 2135/2135/2135
f 2061/2061/2061 2135/2135/2135 2136/2136/2136
f 2061/2061/2061 2136/2136/2136 2062/2062/2062
f 2062/2062/2062 2136/2136/2136 2063/2063/2063
f 2063/2063/2063 2136/2136/2136 2137/2137/2137
f 2063/2063/2063 2137/2137/2137 2138/2138/2138
f 2063/2063/2063 2138/2138/2138 2064/2064/2064
f 2064/2064/2064 2138/2138/2138 2065/2065/2065
f 2065/2065/2065 2138/2138/2138 2139/2139/2139
f 2065/2065/2065 2139/2139/2139 2140/2140/2140
f 2065/2065/2065 2140/2140/2140 2066/2066/2066
f 2066/2066/2066 2140/2140/2140 2067/2067/2067
f 2067/2067/2067 2140/2140/2140 2141/2141/2141
f 2067/2067/2067 2141/2141/2141 2142/2142/2142
f 2067/2067/2067 2142/2142/2142 2068/2068/2068
f 2068/2068/2068 2142/2142/2142 2069/2069/2069
f 2069/2069/2069 2142/2142/2142 2143/2143/2143
f 2069/2069/2069 2143/2143/2143 2144/2144/2144
f 2069/2069/2069 2144/2144/2144 2070/2070/2070
f 2070/2070/2070 2144/2144/2144 2071/2071/2071
f 2071/2071/2071 2144/2144/2144 2145/2145/2145
f 2071/2071/2071 2145/2145/2145 2146/2146/2146
f 2071/2071/2071 2146/2146/2146 2072/2072/2072
f 2073/2073/2073 2147/2147/2147 2074/2074/2074
f 2074/2074/2074 2147/2147/2147 2148/2148/2148
f 2074/2074/2074 2148/2148/2148 2149/2149/2149
f 2074/2074/2074 2149/2149/2149 2075/2075/2075
f 2075/2075/2075 2149/2149/2149 2076/2076/2076
f 2076/2076/2076 2149/2149/2149 2150/2150/2150
f 2076/2076/2076 2150/2150/2150 2151/2151/2151
f 2076/2076/2076 2151/2151/2151 2077/2077/2077
f 2077/2077/2077 2151/2151/2151 2078/2078/2078
f 2078/2078/2078 2151/2151/2151 2152/2152/2152
f 2078/2078/2078 2152/2152/2152 2153/2153/2153
f 2078/2078/2078 2153/2153/2153 2079/2079/2079
f 2079/2079/2079 2153/2153/2153 2080/2080/2080
f 2080/2080/2080 2153/2153/2153 2154/2154/2154
f 2080/2080/2080 2154/2154/2154 2155/2155/2155
f 2080/2080/2080 2155/2155/2155 2081/2081/2081
f 2081/2081/2081 2155/2155/2155 2082/2082/2082
f 2082/2082/2082 2155/2155/2155 2156/2156/2156
f 2082/2082/2082 2156/2156/2156 2157/2157/2157
f 2082/2082/2082 2157/2157/2157 2083/2083/2083
f 2083/2083/2083 2157/2157/2157 2084/2084/2084
f 2084/2084/2084 2157/2157/2157 2158/2158/2158
f 2084/2084/2084 2158/2158/2158 2159/2159/2159
f 2084/2084/2084 2159/2159/2159 2085/2085/2085
f 2085/2085/2085 2159/2159/2159 2086/2086/2086
f 2086/2086/2086 2159/2159/2159 2160/2160/2160
f 2086/2086/2086 2160/2160/2160 2161/2161/2161
f 2086/2086/2086 2161/2161/2161 2087/2087/2087
f 2087/2087/2087 2161/2161/2161 2088/2088/2088
f 2088/2088/2088 2161/2161/2161 2162/2162/2162
f 2088/2088/2088 2162/2162/2162 2163/2163/2163
f 2088/2088/2088 2163/2163/2163 2089/2089/2089
f 2089/2089/2089 2163/2163/2163 2090/2090/2090
f 2090/2090/2090 2163/2163/2163 2164/2164/2164
f 2090/2090/2090 2164/2164/2164 2165/2165/2165
f 2090/2090/2090 2165/2165/2165 2091/2091/2091
f 2091/2091/2091 2165/2165/2165 2092/2092/2092
f 2092/2092/2092 2165/2165/2165 2166/2166/2166
f 2092/2092/2092 2166/2166/2166 2167/2167/2167
f 2092/2092/2092 2167/2167/2167 2093/2093/2093
f 2093/2093/2093 2167/2167/2167 2094/2094/2094
f 2094/2094/2094 2167/2167/2167 2168/2168/2168
f 2094/2094/2094 2168/2168/2168 2169/2169/2169
f 2094/2094/2094 2169/2169/2169 2095/2095/2095
f 2095/2095/2095 2169/2169/2169 2096/2096/2096
f 2096/2096/2096 2169/2169/2169 2170/2170/2170
f 2096/2096/2096 2170/2170/2170 2171/2171/2171
f 2096/2096/2096 2171/2171/2171 2097/2097/2097
f 2097/2097/2097 2171/2171/2171 2098/2098/2098
f 2098/2098/2098 2171/2171/2171 2172/2172/2172
f 2098/2098/2098 2172/2172/2172 2173/2173/2173
f 2098/2098/2098 2173/2173/2173 2099/2099/2099
f 2099/2099/2099 2173/2173/2173 2100/2100/2100
f 2100/2100/2100 2173/2173/2173 2174/2174/2174
f 2100/2100/2100 2174/2174/2174 2175/2175/2175
f 2100/2100/2100 2175/2175/2175 2101/2101/2101
f 2101/2101/2101 2175/2175/2175 2102/2102/2102
f 2102/2102/2102 2175/2175/2175 2176/2176/2176
f 2102/2102/2102 2176/2176/2176 2177/2177/2177
f 2102/2102/2102 2177/2177/2177 2103/2103/2103
f 2103/2103/2103 2177/2177/2177 2104/2104/2104
f 2104/2104/2104 2177/2177/2177 2178/2178/2178
f 2104/2104/2104 2178/2178/2178 2179/2179/2179
f 2104/2104/2104 2179/2179/2179 2105/2105/2105
f 2105/2105/2105 2179/2179/2179 2106/2106/2106
f 2106/2106/2106 2179/2179/2179 2180/2180/2180
f 2106/2106/2106 2180/2180/2180 2181/2181/2181
f 2106/2106/2106 2181/2181/2181 2107/2107/2107
f 2107/2107/2107 2181/2181/2181 2108/2108/2108
f 2108/2108/2108 2181/2181/2181 2182/2182/2182
f 2108/2108/2108 2182/2182/2182 2183/2183/2183
f 2108/2108/2108 2183/2183/2183 2109/2109/2109
f 2109/2109/2109 2183/2183/2183 2110/2110/2110
f 2110/2110/2110 2183/2183/2183 2184/2184/2184
f 2110/2110/2110 2184/2184/2184 2185/2185/2185
f 2110/2110/2110 2185/2185/2185 2111/2111/2111
f 2111/2111/2111 2185/2185/2185 2112/2112/2112
f 2112/2112/2112 2185/2185/2185 2186/2186/2186
f 2112/2112/2112 2186/2186/2186 2187/2187/2187
f 2112/2112/2112 2187/2187/2187 2113/2113/2113
f 2113/2113/2113 2187/2187/2187 2114/2114/2114
f 2114/2114/2114 2187/2187/2187 2188/2188/2188
f 2114/2114/2114 2188/2188/2188 2189/2189/2189
f 2114/2114/2114 2189/2189/2189 2115/2115/2115
f 2115/2115/2115 2189/2189/2189 2116/2116/2116
f 2116/2116/2116 2189/2189/2189 2190/2190/2190
f 2116/2116/2116 2190/2190/2190 2191/2191/2191
f 2116/2116/2116 2191/2191/2191 2117/2117/2117
f 2117/2117/2117 2191/2191/2191 2118/2118/2118
f 2118/2118/2118 2191/2191/2191 2192/2192/2192
f 2118/2118/2118 2192/2192/2192 2193/2193/2193
f 2118/2118/2118 2193/2193/2193 2119/2119/2119
f 2119/2119/2119 2193/2193/2193 2120/2120/2120
f 2120/2120/2120 2193/2193/2193 2194/2194/2194
f 2120/2120/2120 2194/2194/2194 2195/2195/2195
f 2120/2120/2120 2195/2195/2195 2121/2121/2121
f 2121/2121/2121 2195/2195/2195 2122/2122/2122
f 2122/2122/2122 2195/2195/2195 2196/2196/2196
f 2122/2122/2122 2196/2196/2196 2197/2197/2197
f 2122/2122/2122 2197/2197/2197 2123/2123/2123
f 2123/2123/2123 2197/2197/2197 2124/2124/2124
f 2124/2124/2124 2197/2197/2197 2198/2198/2198
f 2124/2124/2124 2198/2198/2198 2199/2199/2199
f 2124/2124/2124 2199/2199/2199 2125/2125/2125
f 2125/2125/2125 2199/2199/2199 2126/2126/2126
f 2126/2126/2126 2199/2199/2199 2200/2200/2200
f 2126/2126/2126 2200/2200/2200 2201/2201/2201
f 2126/2126/2126 2201/2201/2201 2127/2127/2127
f 2127/2127/2127 2201/2201/2201 2128/2128/2128
f 2128/2128/2128 2201/2201/2201 2202/2202/2202
f 2128/2128/2128 2202/2202/2202 2203/2203/2203
f 2128/2128/2128 2203/2203/2203 2129/2129/2129
f 2129/2129/2129 2203/2203/2203 2130/2130/2130
f 2130/2130/2130 2203/2203/2203 2204/2204/2204
f 2130/2130/2130 2204/2204/2204 2205/2205/2205
f 2130/2130/2130 2205/2205/2205 2131/2131/2131
f 2131/2131/2131 2205/2205/2205 2132/2132/2132
f 2132/2132/2132 2205/2205/2205 2206/2206/2206
f 2132/2132/2132 2206/2206/2206 2207/2207/2207
f 2132/2132/2132 2207/2207/2207 2133/2133/2133
f 2133/2133/2133 2207/2207/2207 2134/2134/2134
f 2134/2134/2134 2207/2207/2207 2208/2208/2208
f 2134/2134/2134 2208/2208/2208 2209/2209/2209
f 2134/2134/2134 2209/2209/2209 2135/2135/2135
f 2135/2135/2135 2209/2209/2209 2136/2136/2136
f 2136/2136/2136 2209/2209/2209 2210/2210/2210
f 2136/2136/2136 2210/2210/2210 2211/2211/2211
f 2136/2136/2136 2211/2211/2211 2137/2137/2137
f 2137/2137/2137 2211/2211/2211 2138/2138/2138
f 2138/2138/2138 2211/2211/2211 2212/2212/2212
f 2138/2138/2138 2212/2212/2212 2213/2213/2213
f 2138/2138/2138 2213/2213/2213 2139/2139/2139
f 2139/2139/2139 2213/2213/2213 2140/2140/2140
f 2140/2140/2140 2213/2213/2213 2214/2214/2214
f 2140/2140/2140 2214/2214/2214 2215/2215/2215
f 2140/2140/2140 2215/2215/2215 2141/2141/2141
f 2141/2141/2141 2215/2215/2215 2142/2142/2142
f 2142/2142/2142 2215/2215/2215 2216/2216/2216
f 2142/2142/2142 2216/2216/2216 2217/2217/2217
f 2142/2142/2142 2217/2217/2217 2143/2143/2143
f 2143/2143/2143 2217/2217/2217 2144/2144/2144
f 2144/2144/2144 2217/2217/2217 2218/2218/2218
f 2144/2144/2144 2218/2218/2218 2219/2219/2219
f 2144/2144/2144 2219/2219/2219 2145/2145/2145
f 2145/2145/2145 2219/2219/2219 2146/2146/2146
f 2146/2146/2146 2219/2219/2219 2220/2220/2220
f 2147/2147/2147 2221/2221/2221 2222/2222/2222
f 2147/2147/2147 2222/2222/2222 2148/2148/2148
f 2148/2148/2148 2222/2222/2222 2149/2149/2149
f 2149/2149/2149 2222/2222/2222 2223/2223/2223
f 2149/2149/2149 2223/2223/2223 2224/2224/2224
f 2149/2149/2149 2224/2224/2224 2150/2150/2150
f 2150/2150/2150 2224/2224/2224 2151/2151/2151
f 2151/2151/2151 2224/2224/2224 2225/2225/2225
f 2151/2151/2151 2225/2225/2225 2226/2226/2226
f 2151/2151/2151 2226/2226/2226 2152/2152/2152
f 2152/2152/2152 2226/2226/2226 2153/2153/2153
f 2153/2153/2153 2226/2226/2226 2227/2227/2227
f 2153/2153/2153 2227/2227/2227 2228/2228/2228
f 2153/2153/2153 2228/2228/2228 2154/2154/2154
f 2154/2154/2154 2228/2228/2228 2155/2155/2155
f 2155/2155/2155 2228/2228/2228 2229/2229/2229
f 2155/2155/2155 2229/2229/2229 2230/2230/2230
f 2155/2155/2155 2230/2230/2230 2156/2156/2156
f 2156/2156/2156 2230/2230/2230 2157/2157/2157
f 2157/2157/2157 2230/2230/2230 2231/2231/2231
f 2157/2157/2157 2231/2231/2231 2232/2232/2232
f 2157/2157/2157 2232/2232/2232 2158/2158/2158
f 2158/2158/2158 2232/2232/2232 2159/2159/2159
f 2159/2159/2159 2232/2232/2232 2233/2233/2233
f 2159/2159/2159 2233/2233/2233 2234/2234/2234
f 2159/2159/2159 2234/2234/2234 2160/2160/2160
f 2160/2160/2160 2234/2234/2234 2161/2161/2161
f 2161/2161/2161 2234/2234/2234 2235/2235/2235
f 2161/2161/2161 2235/2235/2235 2236/2236/2236
f 2161/2161/2161 2236/2236/2236 2162/2162/2162
f 2162/2162/2162 2236/2236/2236 2163/2163/2163
f 2163/2163/2163 2236/2236/2236 2237/2237/2237
f 2163/2163/2163 2237/2237/2237 2238/2238/2238
f 2163/2163/2163 2238/2238/2238 2164/2164/2164
f 2164/2164/2164 2238/2238/2238 2165/2165/2165
f 2165/2165/2165 2238/2238/2238 2239/2239/2239
f 2165/2165/2165 2239/2239/2239 2240/2240/2240
f 2165/2165/2165 2240/2240/2240 2166/2166/2166
f 2166/2166/2166 2240/2240/2240 2167/2167/2167
f 2167/2167/2167 2240/2240/2240 2241/2241/2241
f 2167/2167/2167 2241/2241/2241 2242/2242/2242
f 2167/2167/2167 2242/2242/2242 2168/2168/2168
f 2168/2168/2168 2242/2242/2242 2169/2169/2169
f 2169/2169/2169 2242/2242/2242 2243/2243/2243
f 2169/2169/2169 2243/2243/2243 2244/2244/2244
f 2169/2169/2169 2244/2244/2244 2170/2170/2170
f 2170/2170/2170 2244/2244/2244 2171/2171/2171
f 2171/2171/2171 2244/2244/2244 2245/2245/2245
f 2171/2171/2171 2245/2245/2245 2246/2246/2246
f 2171/2171/2171 2246/2246/2246 2172/2172/2172
f 2172/2172/2172 2246/2246/2246 2173/2173/2173
f 2173/2173/2173 2246/2246/2246 2247/2247/2247
f 2173/2173/2173 2247/2247/2247 2248/2248/2248
f 2173/2173/2173 2248/2248/2248 2174/2174/2174
f 2174/2174/2174 2248/2248/2248 2175/2175/2175
f 2175/2175/2175 2248/2248/2248 2249/2249/2249
f 2175/2175/2175 2249/2249/2249 2250/2250/2250
f 2175/2175/2175 2250/2250/2250 2176/2176/2176
f 2176/2176/2176 2250/2250/2250 2177/2177/2177
f 2177/2177/2177 2250/2250/2250 2251/2251/2251
f 2177/2177/2177 2251/2251/2251 2252/2252/2252
f 2177/2177/2177 2252/2252/2252 2178/2178/2178
f 2178/2178/2178 2252/2252/2252 2179/2179/2179
f 2179/2179/2179 2252/2252/2252 2253/2253/2253
f 2179/2179/2179 2253/2253/2253 2254/2254/2254
f 2179/2179/2179 2254/2254/2254 2180/2180/2180
f 2180/2180/2180 2254/2254/2254 2181/2181/2181
f 2181/2181/2181 2254/2254/2254 2255/2255/2255
f 2181/2181/2181 2255/2255/2255 2256/2256/2256
f 2181/2181/2181 2256/2256/2256 2182/2182/2182
f 2182/2182/2182 2256/2256/2256 2183/2183/2183
f 2183/2183/2183 2256/2256/2256 2257/2257/2257
f 2183/2183/2183 2257/2257/2257 2258/2258/2258
f 2183/2183/2183 2258/2258/2258 2184/2184/2184
f 2184/2184/2184 2258/2258/2258 2185/2185/2185
f 2185/2185/2185 2258/2258/2258 2259/2259/2259
f 2185/2185/2185 2259/2259/2259 2260/2260/2260
f 2185/2185/2185 2260/2260/2260 2186/2186/2186
f 2186/2186/2186 2260/2260/2260 2187/2187/2187
f 2187/2187/2187 2260/2260/2260 2261/2261/2261
f 2187/2187/2187 2261/2261/2261 2262/2262/2262
f 2187/2187/2187 2262/2262/2262 2188/2188/2188
f 2188/2188/2188 2262/2262/2262 2189/2189/2189
f 2189/2189/2189 2262/2262/2262 2263/2263/2263
f 2189/2189/2189 2263/2263/2263 2264/2264/2264
f 2189/2189/2189 2264/2264/2264 2190/2190/2190
f 2190/2190/2190 2264/2264/2264 2191/2191/2191
f 2191/2191/2191 2264/2264/2264 2265/2265/2265
f 2191/2191/2191 2265/2265/2265 2266/2266/2266
f 2191/2191/2191 2266/2266/2266 2192/2192/2192
f 2192/2192/2192 2266/2266/2266 2193/2193/2193
f 2193/2193/2193 2266/2266/2266 2267/2267/2267
f 2193/2193/2193 2267/2267/2267 2268/2268/2268
f 2193/2193/2193 2268/2268/2268 2194/2194/2194
f 2194/2194/2194 2268/2268/2268 2195/2195/2195
f 2195/2195/2195 2268/2268/2268 2269/2269/2269
f 2195/2195/2195 2269/2269/2269 2270/2270/2270
f 2195/2195/2195 2270/2270/2270 2196/2196/2196
f 2196/2196/2196 2270/2270/2270 2197/2197/2197
f 2197/2197/2197 2270/2270/2270 2271/2271/2271
f 2197/2197/2197 2271/2271/2271 2272/2272/2272
f 2197/2197/2197 2272/2272/2272 2198/2198/2198
f 2198/2198/2198 2272/2272/2272 2199/2199/2199
f 2199/2199/2199 2272/2272/2272 2273/2273/2273
f 2199/2199/2199 2273/2273/2273 2274/2274/2274
f 2199/2199/2199 2274/2274/2274 2200/2200/2200
f 2200/2200/2200 2274/2274/2274 2201/2201/2201
f 2201/2201/2201 2274/2274/2274 2275/2275/2275
f 2201/2201/2201 2275/2275/2275 2276/2276/2276
f 2201/2201/2201 2276/2276/2276 2202/2202/2202
f 2202/2202/2202 2276/2276/2276 2203/2203/2203
f 2203/2203/2203 2276/2276/2276 2277/2277/2277
f 2203/2203/2203 2277/2277/2277 2278/2278/2278
f 2203/2203/2203 2278/2278/2278 2204/2204/2204
f 2204/2204/2204 2278/2278/2278 2205/2205/2205
f 2205/2205/2205 2278/2278/2278 2279/2279/2279
f 2205/2205/2205 2279/2279/2279 2280/2280/2280
f 2205/2205/2205 2280/2280/2280 2206/2206/2206
f 2206/2206/2206 2280/2280/2280 2207/2207/2207
f 2207/2207/2207 2280/2280/2280 2281/2281/2281
f 2207/2207/2207 2281/2281/2281 2282/2282/2282
f 2207/2207/2207 2282/2282/2282 2208/2208/2208
f 2208/2208/2208 2282/2282/2282 2209/2209/2209
f 2209/2209/2209 2282/2282/2282 2283/2283/2283
f 2209/2209/2209 2283/2283/2283 2284/2284/2284
f 2209/2209/2209 2284/2284/2284 2210/2210/2210
f 2210/2210/2210 2284/2284/2284 2211/2211/2211
f 2211/2211/2211 2284/2284/2284 2285/2285/2285
f 2211/2211/2211 2285/2285/2285 2286/2286/2286
f 2211/2211/2211 2286/2286/2286 2212/2212/2212
f 2212/2212/2212 2286/2286/2286 2213/2213/2213
f 2213/2213/2213 2286/2286/2286 2287/2287/2287
f 2213/2213/2213 2287/2287/2287 2288/2288/2288
f 2213/2213/2213 2288/2288/2288 2214/2214/2214
f 2214/2214/2214 2288/2288/2288 2215/2215/2215
f 2215/2215/2215 2288/2288/2288 2289/2289/2289
f 2215/2215/2215 2289/2289/2289 2290/2290/2290
f 2215/2215/2215 2290/2290/2290 2216/2216/2216
f 2216/2216/2216 2290/2290/2290 2217/2217/2217
f 2217/2217/2217 2290/2290/2290 2291/2291/2291
f 2217/2217/2217 2291/2291/2291 2292/2292/2292
f 2217/2217/2217 2292/2292/2292 2218/2218/2218
f 2218/2218/2218 2292/2292/2292 2219/2219/2219
f 2219/2219/2219 2292/2292/2292 2293/2293/2293
f 2219/2219/2219 2293/2293/2293 2294/2294/2294
f 2219/2219/2219 2294/2294/2294 2220/2220/2220
f 2221/2221/2221 2295/2295/2295 2222/2222/2222
f 2222/2222/2222 2295/2295/2295 2296/2296/2296
f 2222/2222/2222 2296/2296/2296 2297/2297/2297
f 2222/2222/2222 2297/2297/2297 2223/2223/2223
f 2223/2223/2223 2297/2297/2297 2224/2224/2224
f 2224/2224/2224 2297/2297/2297 2298/2298/2298
f 2224/2224/2224 2298/2298/2298 2299/2299/2299
f 2224/2224/2224 2299/2299/2299 2225/2225/2225
f 2225/2225/2225 2299/2299/2299 2226/2226/2226
f 2226/2226/2226 2299/2299/2299 2300/2300/2300
f 2226/2226/2226 2300/2300/2300 2301/2301/2301
f 2226/2226/2226 2301/2301/2301 2227/2227/2227
f 2227/2227/2227 2301/2301/2301 2228/2228/2228
f 2228/2228/2228 2301/2301/2301 2302/2302/2302
f 2228/2228/2228 2302/2302/2302 2303/2303/2303
f 2228/2228/2228 2303/2303/2303 2229/2229/2229
f 2229/2229/2229 2303/2303/2303 2230/2230/2230
f 2230/2230/2230 2303/2303/2303 2304/2304/2304
f 2230/2230/2230 2304/2304/2304 2305/2305/2305
f 2230/2230/2230 2305/2305/2305 2231/2231/2231
f 2231/2231/2231 2305/2305/2305 2232/2232/2232
f 2232/2232/2232 2305/2305/2305 2306/2306/2306
f 2232/2232/2232 2306/2306/2306 2307/2307/2307
f 2232/2232/2232 2307/2307/2307 2233/2233/2233
f 2233/2233/2233 2307/2307/2307 2234/2234/2234
f 2234/2234/2234 2307/2307/2307 2308/2308/2308
f 2234/2234/2234 2308/2308/2308 2309/2309/2309
f 2234/2234/2234 2309/2309/2309 2235/2235/2235
f 2235/2235/2235 2309/2309/2309 2236/2236/2236
f 2236/2236/2236 2309/2309/2309 2310/2310/2310
f 2236/2236/2236 2310/2310/2310 2311/2311/2311
f 2236/2236/2236 2311/2311/2311 2237/2237/2237
f 2237/2237/2237 2311/2311/2311 2238/2238/2238
f 2238/2238/2238 2311/2311/2311 2312/2312/2312
f 2238/2238/2238 2312/2312/2312 2313/2313/2313
f 2238/2238/2238 2313/2313/2313 2239/2239/2239
f 2239/2239/2239 2313/2313/2313 2240/2240/2240
f 2240/2240/2240 2313/2313/2313 2314/2314/2314
f 2240/2240/2240 2314/2314/2314 2315/2315/2315
f 2240/2240/2240 2315/2315/2315 2241/2241/2241
f 2241/2241/2241 2315/2315/2315 2242/2242/2242
f 2242/2242/2242 2315/2315/2315 2316/2316/2316
f 2242/2242/2242 2316/2316/2316 2317/2317/2317
f 2242/2242/2242 2317/2317/2317 2243/2243/2243
f 2243/2243/2243 2317/2317/2317 2244/2244/2244
f 2244/2244/2244 2317/2317/2317 2318/2318/2318
f 2244/2244/2244 2318/2318/2318 2319/2319/2319
f 2244/2244/2244 2319/2319/2319 2245/2245/2245
f 2245/2245/2245 2319/2319/2319 2246/2246/2246
f 2246/2246/2246 2319/2319/2319 2320/2320/2320
f 2246/2246/2246 2320/2320/2320 2321/2321/2321
f 2246/2246/2246 2321/2321/2321 2247/2247/2247
f 2247/2247/2247 2321/2321/2321 2248/2248/2248
f 2248/2248/2248 2321/2321/2321 2322/2322/2322
f 2248/2248/2248 2322/2322/2322 2323/2323/2323
f 2248/2248/2248 2323/2323/2323 2249/2249/2249
f 2249/2249/2249 2323/2323/2323 2250/2250/2250
f 2250/2250/2250 2323/2323/2323 2324/2324/2324
f 2250/2250/2250 2324/2324/2324 2325/2325/2325
f 2250/2250/2250 2325/2325/2325 2251/2251/2251
f 2251/2251/2251 2325/2325/2325 2252/2252/2252
f 2252/2252/2252 2325/2325/2325 2326/2326/2326
f 2252/2252/2252 2326/2326/2326 2327/2327/2327
f 2252/2252/2252 2327/2327/2327 2253/2253/2253
f 2253/2253/2253 2327/2327/2327 2254/2254/2254
f 2254/2254/2254 2327/2327/2327 2328/2328/2328
f 2254/2254/2254 2328/2328/2328 2329/2329/2329
f 2254/2254/2254 2329/2329/2329 2255/2255/2255
f 2255/2255/2255 2329/2329/2329 2256/2256/2256
f 2256/2256/2256 2329/2329/2329 2330/2330/2330
f 2256/2256/2256 2330/2330/2330 2331/2331/2331
f 2256/2256/2256 2331/2331/2331 2257/2257/2257
f 2257/2257/2257 2331/2331/2331 2258/2258/2258
f 2258/2258/2258 2331/2331/2331 2332/2332/2332
f 2258/2258/2258 2332/2332/2332 2333/2333/2333
f 2258/2258/2258 2333/2333/2333 2259/2259/2259
f 2259/2259/2259 2333/2333/2333 2260/2260/2260
f 2260/2260/2260 2333/2333/2333 2334/2334/2334
f 2260/2260/2260 2334/2334/2334 2335/2335/2335
f 2260/2260/2260 2335/2335/2335 2261/2261/2261
f 2261/2261/2261 2335/2335/2335 2262/2262/2262
f 2262/2262/2262 2335/2335/2335 2336/2336/2336
f 2262/2262/2262 2336/2336/2336 2337/2337/2337
f 2262/2262/2262 2337/2337/2337 2263/2263/2263
f 2263/2263/2263 2337/2337/2337 2264/2264/2264
f 2264/2264/2264 2337/2337/2337 2338/2338/2338
f 2264/2264/2264 2338/2338/2338 2339/2339/2339
f 2264/2264/2264 2339/2339/2339 2265/2265/2265
f 2265/2265/2265 2339/2339/2339 2266/2266/2266
f 2266/2266/2266 2339/2339/2339 2340/2340/2340
f 2266/2266/2266 2340/2340/2340 2341/2341/2341
f 2266/2266/2266 2341/2341/2341 2267/2267/2267
f 2267/2267/2267 2341/2341/2341 2268/2268/2268
f 2268/2268/2268 2341/2341/2341 2342/2342/2342
f 2268/2268/2268 2342/2342/2342 2343/2343/2343
f 2268/2268/2268 2343/2343/2343 2269/2269/2269
f 2269/2269/2269 2343/2343/2343 2270/2270/2270
f 2270/2270/2270 2343/2343/2343 2344/2344/2344
f 2270/2270/2270 2344/2344/2344 2345/2345/2345
f 2270/2270/2270 2345/2345/2345 2271/2271/2271
f 2271/2271/2271 2345/2345/2345 2272/2272/2272
f 2272/2272/2272 2345/2345/2345 2346/2346/2346
f 2272/2272/2272 2346/2346/2346 2347/2347/2347
f 2272/2272/2272 2347/2347/2347 2273/2273/2273
f 2273/2273/2273 2347/2347/2347 2274/2274/2274
f 2274/2274/2274 2347/2347/2347 2348/2348/2348
f 2274/2274/2274 2348/2348/2348 2349/2349/2349
f 2274/2274/2274 2349/2349/2349 2275/2275/2275
f 2275/2275/2275 2349/2349/2349 2276/2276/2276
f 2276/2276/2276 2349/2349/2349 2350/2350/2350
f 2276/2276/2276 2350/2350/2350 2351/2351/2351
f 2276/2276/2276 2351/2351/2351 2277/2277/2277
f 2277/2277/2277 2351/2351/2351 2278/2278/2278
f 2278/2278/2278 2351/2351/2351 2352/2352/2352
f 2278/2278/2278 2352/2352/2352 2353/2353/2353
f 2278/2278/2278 2353/2353/2353 2279/2279/2279
f 2279/2279/2279 2353/2353/2353 2280/2280/2280
f 2280/2280/2280 2353/2353/2353 2354/2354/2354
f 2280/2280/2280 2354/2354/2354 2355/2355/2355
f 2280/2280/2280 2355/2355/2355 2281/2281/2281
f 2281/2281/2281 2355/2355/2355 2282/2282/2282
f 2282/2282/2282 2355/2355/2355 2356/2356/2356
f 2282/2282/2282 2356/2356/2356 2357/2357/2357
f 2282/2282/2282 2357/2357/2357 2283/2283/2283
f 2283/2283/2283 2357/2357/2357 2284/2284/2284
f 2284/2284/2284 2357/2357/2357 2358/2358/2358
f 2284/2284/2284 2358/2358/2358 2359/2359/2359
f 2284/2284/2284 2359/2359/2359 2285/2285/2285
f 2285/2285/2285 2359/2359/2359 2286/2286/2286
f 2286/2286/2286 2359/2359/2359 2360/2360/2360
f 2286/2286/2286 2360/2360/2360 2361/2361/2361
f 2286/2286/2286 2361/2361/2361 2287/2287/2287
f 2287/2287/2287 2361/2361/2361 2288/2288/2288
f 2288/2288/2288 2361/2361/2361 2362/2362/2362
f 2288/2288/2288 2362/2362/2362 2363/2363/2363
f 2288/2288/2288 2363/2363/2363 2289/2289/2289
f 2289/2289/2289 2363/2363/2363 2290/2290/2290
f 2290/2290/2290 2363/2363/2363 2364/2364/2364
f 2290/2290/2290 2364/2364/2364 2365/2365/2365
f 2290/2290/2290 2365/2365/2365 2291/2291/2291
f 2291/2291/2291 2365/2365/2365 2292/2292/2292
f 2292/2292/2292 2365/2365/2365 2366/2366/2366
f 2292/2292/2292 2366/2366/2366 2367/2367/2367
f 2292/2292/2292 2367/2367/2367 2293/2293/2293
f 2293/2293/2293 2367/2367/2367 2294/2294/2294
f 2294/2294/2294 2367/2367/2367 2368/2368/2368
f 2295/2295/2295 2369/2369/2369 2370/2370/2370
f 2295/2295/2295 2370/2370/2370 2296/2296/2296
f 2296/2296/2296 2370/2370/2370 2297/2297/2297
f 2297/2297/2297 2370/2370/2370 2371/2371/2371
f 2297/2297/2297 2371/2371/2371 2372/2372/2372
f 2297/2297/2297 2372/2372/2372 2298/2298/2298
f 2298/2298/2298 2372/2372/2372 2299/2299/2299
f 2299/2299/2299 2372/2372/2372 2373/2373/2373
f 2299/2299/2299 2373/2373/2373 2374/2374/2374
f 2299/2299/2299 2374/2374/2374 2300/2300/2300
f 2300/2300/2300 2374/2374/2374 2301/2301/2301
f 2301/2301/2301 2374/2374/2374 2375/2375/2375
f 2301/2301/2301 2375/2375/2375 2376/2376/2376
f 2301/2301/2301 2376/2376/2376 2302/2302/2302
f 2302/2302/2302 2376/2376/2376 2303/2303/2303
f 2303/2303/2303 2376/2376/2376 2377/2377/2377
f 2303/2303/2303 2377/2377/2377 2378/2378/2378
f 2303/2303/2303 2378/2378/2378 2304/2304/2304
f 2304/2304/2304 2378/2378/2378 2305/2305/2305
f 2305/2305/2305 2378/2378/2378 2379/2379/2379
f 2305/2305/2305 2379/2379/2379 2380/2380/2380
f 2305/2305/2305 2380/2380/2380 2306/2306/2306
f 2306/2306/2306 2380/2380/2380 2307/2307/2307
f 2307/2307/2307 2380/2380/2380 2381/2381/2381
f 2307/2307/2307 2381/2381/2381 2382/2382/2382
f 2307/2307/2307 2382/2382/2382 2308/2308/2308
f 2308/2308/2308 2382/2382/2382 2309/2309/2309
f 2309/2309/2309 2382/2382/2382 2383/2383/2383
f 2309/2309/2309 2383/2383/2383 2384/2384/2384
f 2309/2309/2309 2384/2384/2384 2310/2310/2310
f 2310/2310/2310 2384/2384/2384 2311/2311/2311
f 2311/2311/2311 2384/2384/2384 2385/2385/2385
f 2311/2311/2311 2385/2385/2385 2386/2386/2386
f 2311/2311/2311 2386/2386/2386 2312/2312/2312
f 2312/2312/2312 2386/2386/2386 2313/2313/2313
f 2313/2313/2313 2386/2386/2386 2387/2387/2387
f 2313/2313/2313 2387/2387/2387 2388/2388/2388
f 2313/2313/2313 2388/2388/2388 2314/2314/2314
f 2314/2314/2314 2388/2388/2388 2315/2315/2315
f 2315/2315/2315 2388/2388/2388 2389/2389/2389
f 2315/2315/2315 2389/2389/2389 2390/2390/2390
f 2315/2315/2315 2390/2390/2390 2316/2316/2316
f 2316/2316/2316 2390/2390/2390 2317/2317/2317
f 2317/2317/2317 2390/2390/2390 2391/2391/2391
f 2317/2317/2317 2391/2391/2391 2392/2392/2392
f 2317/2317/2317 2392/2392/2392 2318/2318/2318
f 2318/2318/2318 2392/2392/2392 2319/2319/2319
f 2319/2319/2319 2392/2392/2392 2393/2393/2393
f 2319/2319/2319 2393/2393/2393 2394/2394/2394
f 2319/2319/2319 2394/2394/2394 2320/2320/2320
f 2320/2320/2320 2394/2394/2394 2321/2321/2321
f 2321/2321/2321 2394/2394/2394 2395/2395/2395
f 2321/2321/2321 2395/2395/2395 2396/2396/2396
f 2321/2321/2321 2396/2396/2396 2322/2322/2322
f 2322/2322/2322 2396/2396/2396 2323/2323/2323
f 2323/2323/2323 2396/2396/2396 2397/2397/2397
f 2323/2323/2323 2397/2397/2397 2398/2398/2398
f 2323/2323/2323 2398/2398/2398 2324/2324/2324
f 2324/2324/2324 2398/2398/2398 2325/2325/2325
f 2325/2325/2325 2398/2398/2398 2399/2399/2399
f 2325/2325/2325 2399/2399/2399 2400/2400/2400
f 2325/2325/2325 2400/2400/2400 2326/2326/2326
f 2326/2326/2326 2400/2400/2400 2327/2327/2327
f 2327/2327/2327 2400/2400/2400 2401/2401/2401
f 2327/2327/2327 2401/2401/2401 2402/2402/2402
f 2327/2327/2327 2402/2402/2402 2328/2328/2328
f 2328/2328/2328 2402/2402/2402 2329/2329/2329
f 2329/2329/2329 2402/2402/2402 2403/2403/2403
f 2329/2329/2329 2403/2403/2403 2404/2404/2404
f 2329/2329/2329 2404/2404/2404 2330/2330/2330
f 2330/2330/2330 2404/2404/2404 2331/2331/2331
f 2331/2331/2331 2404/2404/2404 2405/2405/2405
f 2331/2331/2331 2405/2405/2405 2406/2406/2406
f 2331/2331/2331 2406/2406/2406 2332/2332/2332
f 2332/2332/2332 2406/2406/2406 2333/2333/2333
f 2333/2333/2333 2406/2406/2406 2407/2407/2407
f 2333/2333/2333 2407/2407/2407 2408/2408/2408
f 2333/2333/2333 2408/2408/2408 2334/2334/2334
f 2334/2334/2334 2408/2408/2408 2335/2335/2335
f 2335/2335/2335 2408/2408/2408 2409/2409/2409
f 2335/2335/2335 2409/2409/2409 2410/2410/2410
f 2335/2335/2335 2410/2410/2410 2336/2336/2336
f 2336/2336/2336 2410/2410/2410 2337/2337/2337
f 2337/2337/2337 2410/2410/2410 2411/2411/2411
f 2337/2337/2337 2411/2411/2411 2412/2412/2412
f 2337/2337/2337 2412/2412/2412 2338/2338/2338
f 2338/2338/2338 2412/2412/2412 2339/2339/2339
f 2339/2339/2339 2412/2412/2412 2413/2413/2413
f 2339/2339/2339 2413/2413/2413 2414/2414/2414
f 2339/2339/2339 2414/2414/2414 2340/2340/2340
f 2340/2340/2340 2414/2414/2414 2341/2341/2341
f 2341/2341/2341 2414/2414/2414 2415/2415/2415
f 2341/2341/2341 2415/2415/2415 2416/2416/2416
f 2341/2341/2341 2416/2416/2416 2342/2342/2342
f 2342/2342/2342 2416/2416/2416 2343/2343/2343
f 2343/2343/2343 2416/2416/2416 2417/2417/2417
f 2343/2343/2343 2417/2417/2417 2418/2418/2418
f 2343/2343/2343 2418/2418/2418 2344/2344/2344
f 2344/2344/2344 2418/2418/2418 2345/2345/2345
f 2345/2345/2345 2418/2418/2418 2419/2419/2419
f 2345/2345/2345 2419/2419/2419 2420/2420/2420
f 2345/2345/2345 2420/2420/2420 2346/2346/2346
f 2346/2346/2346 2420/2420/2420 2347/2347/2347
f 2347/2347/2347 2420/2420/2420 2421/2421/2421
f 2347/2347/2347 2421/2421/2421 2422/2422/2422
f 2347/2347/2347 2422/2422/2422 2348/2348/2348
f 2348/2348/2348 2422/2422/2422 2349/2349/2349
f 2349/2349/2349 2422/2422/2422 2423/2423/2423
f 2349/2349/2349 2423/2423/2423 2424/2424/2424
f 2349/2349/2349 2424/2424/2424 2350/2350/2350
f 2350/2350/2350 2424/2424/2424 2351/2351/2351
f 2351/2351/2351 2424/2424/2424 2425/2425/2425
f 2351/2351/2351 2425/2425/2425 2426/2426/2426
f 2351/2351/2351 2426/2426/2426 2352/2352/2352
f 2352/2352/2352 2426/2426/2426 2353/2353/2353
f 2353/2353/2353 2426/2426/2426 2427/2427/2427
f 2353/2353/2353 2427/2427/2427 2428/2428/2428
f 2353/2353/2353 2428/2428/2428 2354/2354/2354
f 2354/2354/2354 2428/2428/2428 2355/2355/2355
f 2355/2355/2355 2428/2428/2428 2429/2429/2429
f 2355/2355/2355 2429/2429/2429 2430/2430/2430
f 2355/2355/2355 2430/2430/2430 2356/2356/2356
f 2356/2356/2356 2430/2430/2430 2357/2357/2357
f 2357/2357/2357 2430/2430/2430 2431/2431/2431
f 2357/2357/2357 2431/2431/2431 2432/2432/2432
f 2357/2357/2357 2432/2432/2432 2358/2358/2358
f 2358/2358/2358 2432/2432/2432 2359/2359/2359
f 2359/2359/2359 2432/2432/2432 2433/2433/2433
f 2359/2359/2359 2433/2433/2433 2434/2434/2434
f 2359/2359/2359 2434/2434/2434 2360/2360/2360
f 2360/2360/2360 2434/2434/2434 2361/2361/2361
f 2361/2361/2361 2434/2434/2434 2435/2435/2435
f 2361/2361/2361 2435/2435/2435 2436/2436/2436
f 2361/2361/2361 2436/2436/2436 2362/2362/2362
f 2362/2362/2362 2436/2436/2436 2363/2363/2363
f 2363/2363/2363 2436/2436/2436 2437/2437/2437
f 2363/2363/2363 2437/2437/2437 2438/2438/2438
f 2363/2363/2363 2438/2438/2438 2364/2364/2364
f 2364/2364/2364 2438/2438/2438 2365/2365/2365
f 2365/2365/2365 2438/2438/2438 2439/2439/2439
f 2365/2365/2365 2439/2439/2439 2440/2440/2440
f 2365/2365/2365 2440/2440/2440 2366/2366/2366
f 2366/2366/2366 2440/2440/2440 2367/2367/2367
f 2367/2367/2367 2440/2440/2440 2441/2441/2441
f 2367/2367/2367 2441/2441/2441 2442/2442/2442
f 2367/2367/2367 2442/2442/2442 2368/2368/2368
f 2369/2369/2369 2443/2443/2443 2370/2370/2370
f 2370/2370/2370 2443/2443/2443 2444/2444/2444
f 2370/2370/2370 2444/2444/2444 2445/2445/2445
f 2370/2370/2370 2445/2445/2445 2371/2371/2371
f 2371/2371/2371 2445/2445/2445 2372/2372/2372
f 2372/2372/2372 2445/2445/2445 2446/2446/2446
f 2372/2372/2372 2446/2446/2446 2447/2447/2447
f 2372/2372/2372 2447/2447/2447 2373/2373/2373
f 2373/2373/2373 2447/2447/2447 2374/2374/2374
f 2374/2374/2374 2447/2447/2447 2448/2448/2448
f 2374/2374/2374 2448/2448/2448 2449/2449/2449
f 2374/2374/2374 2449/2449/2449 2375/2375/2375
f 2375/2375/2375 2449/2449/2449 2376/2376/2376
f 2376/2376/2376 2449/2449/2449 2450/2450/2450
f 2376/2376/2376 2450/2450/2450 2451/2451/2451
f 2376/2376/2376 2451/2451/2451 2377/2377/2377
f 2377/2377/2377 2451/2451/2451 2378/2378/2378
f 2378/2378/2378 2451/2451/2451 2452/2452/2452
f 2378/2378/2378 2452/2452/2452 2453/2453/2453
f 2378/2378/2378 2453/2453/2453 2379/2379/2379
f 2379/2379/2379 2453/2453/2453 2380/2380/2380
f 2380/2380/2380 2453/2453/2453 2454/2454/2454
f 2380/2380/2380 2454/2454/2454 2455/2455/2455
f 2380/2380/2380 2455/2455/2455 2381/2381/2381
f 2381/2381/2381 2455/2455/2455 2382/2382/2382
f 2382/2382/2382 2455/2455/2455 2456/2456/2456
f 2382/2382/2382 2456/2456/2456 2457/2457/2457
f 2382/2382/2382 2457/2457/2457 2383/2383/2383
f 2383/2383/2383 2457/2457/2457 2384/2384/2384
f 2384/2384/2384 2457/2457/2457 2458/2458/2458
f 2384/2384/2384 2458/2458/2458 2459/2459/2459
f 2384/2384/2384 2459/2459/2459 2385/2385/2385
f 2385/2385/2385 2459/2459/2459 2386/2386/2386
f 2386/2386/2386 2459/2459/2459 2460/2460/2460
f 2386/2386/2386 2460/2460/2460 2461/2461/2461
f 2386/2386/2386 2461/2461/2461 2387/2387/2387
f 2387/2387/2387 2461/2461/2461 2388/2388/2388
f 2388/2388/2388 2461/2461/2461 2462/2462/2462
f 2388/2388/2388 2462/2462/2462 2463/2463/2463
f 2388/2388/2388 2463/2463/2463 2389/2389/2389
f 2389/2389/2389 2463/2463/2463 2390/2390/2390
f 2390/2390/2390 2463/2463/2463 2464/2464/2464
f 2390/2390/2390 2464/2464/2464 2465/2465/2465
f 2390/2390/2390 2465/2465/2465 2391/2391/2391
f 2391/2391/2391 2465/2465/2465 2392/2392/2392
f 2392/2392/2392 2465/2465/2465 2466/2466/2466
f 2392/2392/2392 2466/2466/2466 2467/2467/2467
f 2392/2392/2392 2467/2467/2467 2393/2393/2393
f 2393/2393/2393 2467/2467/2467 2394/2394/2394
f 2394/2394/2394 2467/2467/2467 2468/2468/2468
f 2394/2394/2394 2468/2468/2468 2469/2469/2469
f 2394/2394/2394 2469/2469/2469 2395/2395/2395
f 2395/2395/2395 2469/2469/2469 2396/2396/2396
f 2396/2396/2396 2469/2469/2469 2470/2470/2470
f 2396/2396/2396 2470/2470/2470 2471/2471/2471
f 2396/2396/2396 2471/2471/2471 2397/2397/2397
f 2397/2397/2397 2471/2471/2471 2398/2398/2398
f 2398/2398/2398 2471/2471/2471 2472/2472/2472
f 2398/2398/2398 2472/2472/2472 2473/2473/2473
f 2398/2398/2398 2473/2473/2473 2399/2399/2399
f 2399/2399/2399 2473/2473/2473 2400/2400/2400
f 2400/2400/2400 2473/2473/2473 2474/2474/2474
f 2400/2400/2400 2474/2474/2474 2475/2475/2475
f 2400/2400/2400 2475/2475/2475 2401/2401/2401
f 2401/2401/2401 2475/2475/2475 2402/2402/2402
f 2402/2402/2402 2475/2475/2475 2476/2476/2476
f 2402/2402/2402 2476/2476/2476 2477/2477/2477
f 2402/2402/2402 2477/2477/2477 2403/2403/2403
f 2403/2403/2403 2477/2477/2477 2404/2404/2404
f 2404/2404/2404 2477/2477/2477 2478/2478/2478
f 2404/2404/2404 2478/2478/2478 2479/2479/2479
f 2404/2404/2404 2479/2479/2479 2405/2405/2405
f 2405/2405/2405 2479/2479/2479 2406/2406/2406
f 2406/2406/2406 2479/2479/2479 2480/2480/2480
f 2406/2406/2406 2480/2480/2480 2481/2481/2481
f 2406/2406/2406 2481/2481/2481 2407/2407/2407
f 2407/2407/2407 2481/2481/2481 2408/2408/2408
f 2408/2408/2408 2481/2481/2481 2482/2482/2482
f 2408/2408/2408 2482/2482/2482 2483/2483/2483
f 2408/2408/2408 2483/2483/2483 2409/2409/2409
f 2409/2409/2409 2483/2483/2483 2410/2410/2410
f 2410/2410/2410 2483/2483/2483 2484/2484/2484
f 2410/2410/2410 2484/2484/2484 2485/2485/2485
f 2410/2410/2410 2485/2485/2485 2411/2411/2411
f 2411/2411/2411 2485/2485/2485 2412/2412/2412
f 2412/2412/2412 2485/2485/2485 2486/2486/2486
f 2412/2412/2412 2486/2486/2486 2487/2487/2487
f 2412/2412/2412 2487/2487/2487 2413/2413/2413
f 2413/2413/2413 2487/2487/2487 2414/2414/2414
f 2414/2414/2414 2487/2487/2487 2488/2488/2488
f 2414/2414/2414 2488/2488/2488 2489/2489/2489
f 2414/2414/2414 2489/2489/2489 2415/2415/2415
f 2415/2415/2415 2489/2489/2489 2416/2416/2416
f 2416/2416/2416 2489/2489/2489 2490/2490/2490
f 2416/2416/2416 2490/2490/2490 2491/2491/2491
f 2416/2416/2416 2491/2491/2491 2417/2417/2417
f 2417/2417/2417 2491/2491/2491 2418/2418/2418
f 2418/2418/2418 2491/2491/2491 2492/2492/2492
f 2418/2418/2418 2492/2492/2492 2493/2493/2493
f 2418/2418/2418 2493/2493/2493 2419/2419/2419
f 2419/2419/2419 2493/2493/2493 2420/2420/2420
f 2420/2420/2420 2493/2493/2493 2494/2494/2494
f 2420/2420/2420 2494/2494/2494 2495/2495/2495
f 2420/2420/2420 2495/2495/2495 2421/2421/2421
f 2421/2421/2421 2495/2495/2495 2422/2422/2422
f 2422/2422/2422 2495/2495/2495 2496/2496/2496
f 2422/2422/2422 2496/2496/2496 2497/2497/2497
f 2422/2422/2422 2497/2497/2497 2423/2423/2423
f 2423/2423/2423 2497/2497/2497 2424/2424/2424
f 2424/2424/2424 2497/2497/2497 2498/2498/2498
f 2424/2424/2424 2498/2498/2498 2499/2499/2499
f 2424/2424/2424 2499/2499/2499 2425/2425/2425
f 2425/2425/2425 2499/2499/2499 2426/2426/2426
f 2426/2426/2426 2499/2499/2499 2500/2500/2500
f 2426/2426/2426 2500/2500/2500 2501/2501/2501
f 2426/2426/2426 2501/2501/2501 2427/2427/2427
f 2427/2427/2427 2501/2501/2501 2428/2428/2428
f 2428/2428/2428 2501/2501/2501 2502/2502/2502
f 2428/2428/2428 2502/2502/2502 2503/2503/2503
f 2428/2428/2428 2503/2503/2503 2429/2429/2429
f 2429/2429/2429 2503/2503/2503 2430/2430/2430
f 2430/2430/2430 2503/2503/2503 2504/2504/2504
f 2430/2430/2430 2504/2504/2504 2505/2505/2505
f 2430/2430/2430 2505/2505/2505 2431/2431/2431
f 2431/2431/2431 2505/2505/2505 2432/2432/2432
f 2432/2432/2432 2505/2505/2505 2506/2506/2506
f 2432/2432/2432 2506/2506/2506 2507/2507/2507
f 2432/2432/2432 2507/2507/2507 2433/2433/2433
f 2433/2433/2433 2507/2507/2507 2434/2434/2434
f 2434/2434/2434 2507/2507/2507 2508/2508/2508
f 2434/2434/2434 2508/2508/2508 2509/2509/2509
f 2434/2434/2434 2509/2509/2509 2435/2435/2435
f 2435/2435/2435 2509/2509/2509 2436/2436/2436
f 2436/2436/2436 2509/2509/2509 2510/2510/2510
f 2436/2436/2436 2510/2510/2510 2511/2511/2511
f 2436/2436/2436 2511/2511/2511 2437/2437/2437
f 2437/2437/2437 2511/2511/2511 2438/2438/2438
f 2438/2438/2438 2511/2511/2511 2512/2512/2512
f 2438/2438/2438 2512/2512/2512 2513/2513/2513
f 2438/2438/2438 2513/2513/2513 2439/2439/2439
f 2439/2439/2439 2513/2513/2513 2440/2440/2440
f 2440/2440/2440 2513/2513/2513 2514/2514/2514
f 2440/2440/2440 2514/2514/2514 2515/2515/2515
f 2440/2440/2440 2515/2515/2515 2441/2441/2441
f 2441/2441/2441 2515/2515/2515 2442/2442/2442
f 2442/2442/2442 2515/2515/2515 2516/2516/2516
f 2443/2443/2443 2517/2517/2517 2518/2518/2518
f 2443/2443/2443 2518/2518/2518 2444/2444/2444
f 2444/2444/2444 2518/2518/2518 2445/2445/2445
f 2445/2445/2445 2518/2518/2518 2519/2519/2519
f 2445/2445/2445 2519/2519/2519 2520/2520/2520
f 2445/2445/2445 2520/2520/2520 2446/2446/2446
f 2446/2446/2446 2520/2520/2520 2447/2447/2447
f 2447/2447/2447 2520/2520/2520 2521/2521/2521
f 2447/2447/2447 2521/2521/2521 2522/2522/2522
f 2447/2447/2447 2522/2522/2522 2448/2448/2448
f 2448/2448/2448 2522/2522/2522 2449/2449/2449
f 2449/2449/2449 2522/2522/2522 2523/2523/2523
f 2449/2449/2449 2523/2523/2523 2524/2524/2524
f 2449/2449/2449 2524/2524/2524 2450/2450/2450
f 2450/2450/2450 2524/2524/2524 2451/2451/2451
f 2451/2451/2451 2524/2524/2524 2525/2525/2525
f 2451/2451/2451 2525/2525/2525 2526/2526/2526
f 2451/2451/2451 2526/2526/2526 2452/2452/2452
f 2452/2452/2452 2526/2526/2526 2453/2453/2453
f 2453/2453/2453 2526/2526/2526 2527/2527/2527
f 2453/2453/2453 2527/2527/2527 2528/2528/2528
f 2453/2453/2453 2528/2528/2528 2454/2454/2454
f 2454/2454/2454 2528/2528/2528 2455/2455/2455
f 2455/2455/2455 2528/2528/2528 2529/2529/2529
f 2455/2455/2455 2529/2529/2529 2530/2530/2530
f 2455/2455/2455 2530/2530/2530 2456/2456/2456
f 2456/2456/2456 2530/2530/2530 2457/2457/2457
f 2457/2457/2457 2530/2530/2530 2531/2531/2531
f 2457/2457/2457 2531/2531/2531 2532/2532/2532
f 2457/2457/2457 2532/2532/2532 2458/2458/2458
f 2458/2458/2458 2532/2532/2532 2459/2459/2459
f 2459/2459/2459 2532/2532/2532 2533/2533/2533
f 2459/2459/2459 2533/2533/2533 2534/2534/2534
f 2459/2459/2459 2534/2534/2534 2460/2460/2460
f 2460/2460/2460 2534/2534/2534 2461/2461/2461
f 2461/2461/2461 2534/2534/2534 2535/2535/2535
f 2461/2461/2461 2535/2535/2535 2536/2536/2536
f 2461/2461/2461 2536/2536/2536 2462/2462/2462
f 2462/2462/2462 2536/2536/2536 2463/2463/2463
f 2463/2463/2463 2536/2536/2536 2537/2537/2537
f 2463/2463/2463 2537/2537/2537 2538/2538/2538
f 2463/2463/2463 2538/2538/2538 2464/2464/2464
f 2464/2464/2464 2538/2538/2538 2465/2465/2465
f 2465/2465/2465 2538/2538/2538 2539/2539/2539
f 2465/2465/2465 2539/2539/2539 2540/2540/2540
f 2465/2465/2465 2540/2540/2540 2466/2466/2466
f 2466/2466/2466 2540/2540/2540 2467/2467/2467
f 2467/2467/2467 2540/2540/2540 2541/2541/2541
f 2467/2467/2467 2541/2541/2541 2542/2542/2542
f 2467/2467/2467 2542/2542/2542 2468/2468/2468
f 2468/2468/2468 2542/2542/2542 2469/2469/2469
f 2469/2469/2469 2542/2542/2542 2543/2543/2543
f 2469/2469/2469 2543/2543/2543 2544/2544/2544
f 2469/2469/2469 2544/2544/2544 2470/2470/2470
f 2470/2470/2470 2544/2544/2544 2471/2471/2471
f 2471/2471/2471 2544/2544/2544 2545/2545/2545
f 2471/2471/2471 2545/2545/2545 2546/2546/2546
f 2471/2471/2471 2546/2546/2546 2472/2472/2472
f 2472/2472/2472 2546/2546/2546 2473/2473/2473
f 2473/2473/2473 2546/2546/2546 2547/2547/2547
f 2473/2473/2473 2547/2547/2547 2548/2548/2548
f 2473/2473/2473 2548/2548/2548 2474/2474/2474
f 2474/2474/2474 2548/2548/2548 2475/2475/2475
f 2475/2475/2475 2548/2548/2548 2549/2549/2549
f 2475/2475/2475 2549/2549/2549 2550/2550/2550
f 2475/2475/2475 2550/2550/2550 2476/2476/2476
f 2476/2476/2476 2550/2550/2550 2477/2477/2477
f 2477/2477/2477 2550/2550/2550 2551/2551/2551
f 2477/2477/2477 2551/2551/2551 2552/2552/2552
f 2477/2477/2477 2552/2552/2552 2478/2478/2478
f 2478/2478/2478 2552/2552/2552 2479/2479/2479
f 2479/2479/2479 2552/2552/2552 2553/2553/2553
f 2479/2479/2479 2553/2553/2553 2554/2554/2554
f 2479/2479/2479 2554/2554/2554 2480/2480/2480
f 2480/2480/2480 2554/2554/2554 2481/2481/2481
f 2481/2481/2481 2554/2554/2554 2555/2555/2555
f 2481/2481/2481 2555/2555/2555 2556/2556/2556
f 2481/2481/2481 2556/2556/2556 2482/2482/2482
f 2482/2482/2482 2556/2556/2556 2483/2483/2483
f 2483/2483/2483 2556/2556/2556 2557/2557/2557
f 2483/2483/2483 2557/2557/2557 2558/2558/2558
f 2483/2483/2483 2558/2558/2558 2484/2484/2484
f 2484/2484/2484 2558/2558/2558 2485/2485/2485
f 2485/2485/2485 2558/2558/2558 2559/2559/2559
f 2485/2485/2485 2559/2559/2559 2560/2560/2560
f 2485/2485/2485 2560/2560/2560 2486/2486/2486
f 2486/2486/2486 2560/2560/2560 2487/2487/2487
f 2487/2487/2487 2560/2560/2560 2561/2561/2561
f 2487/2487/2487 2561/2561/2561 2562/2562/2562
f 2487/2487/2487 2562/2562/2562 2488/2488/2488
f 2488/2488/2488 2562/2562/2562 2489/2489/2489
f 2489/2489/2489 2562/2562/2562 2563/2563/2563
f 2489/2489/2489 2563/2563/2563 2564/2564/2564
f 2489/2489/2489 2564/2564/2564 2490/2490/2490
f 2490/2490/2490 2564/2564/2564 2491/2491/2491
f 2491/2491/2491 2564/2564/2564 2565/2565/2565
f 2491/2491/2491 2565/2565/2565 2566/2566/2566
f 2491/2491/2491 2566/2566/2566 2492/2492/2492
f 2492/2492/2492 2566/2566/2566 2493/2493/2493
f 2493/2493/2493 2566/2566/2566 2567/2567/2567
f 2493/2493/2493 2567/2567/2567 2568/2568/2568
f 2493/2493/2493 2568/2568/2568 2494/2494/2494
f 2494/2494/2494 2568/2568/2568 2495/2495/2495
f 2495/2495/2495 2568/2568/2568 2569/2569/2569
f 2495/2495/2495 2569/2569/2569 2570/2570/2570
f 2495/2495/2495 2570/2570/2570 2496/2496/2496
f 2496/2496/2496 2570/2570/2570 2497/2497/2497
f 2497/2497/2497 2570/2570/2570 2571/2571/2571
f 2497/2497/2497 2571/2571/2571 2572/2572/2572
f 2497/2497/2497 2572/2572/2572 2498/2498/2498
f 2498/2498/2498 2572/2572/2572 2499/2499/2499
f 2499/2499/2499 2572/2572/2572 2573/2573/2573
f 2499/2499/2499 2573/2573/2573 2574/2574/2574
f 2499/2499/2499 2574/2574/2574 2500/2500/2500
f 2500/2500/2500 2574/2574/2574 2501/2501/2501
f 2501/2501/2501 2574/2574/2574 2575/2575/2575
f 2501/2501/2501 2575/2575/2575 2576/2576/2576
f 2501/2501/2501 2576/2576/2576 2502/2502/2502
f 2502/2502/2502 2576/2576/2576 2503/2503/2503
f 2503/2503/2503 2576/2576/2576 2577/2577/2577
f 2503/2503/2503 2577/2577/2577 2578/2578/2578
f 2503/2503/2503 2578/2578/2578 2504/2504/2504
f 2504/2504/2504 2578/2578/2578 2505/2505/2505
f 2505/2505/2505 2578/2578/2578 2579/2579/2579
f 2505/2505/2505 2579/2579/2579 2580/2580/2580
f 2505/2505/2505 2580/2580/2580 2506/2506/2506
f 2506/2506/2506 2580/2580/2580 2507/2507/2507
f 2507/2507/2507 2580/2580/2580 2581/2581/2581
f 2507/2507/2507 2581/2581/2581 2582/2582/2582
f 2507/2507/2507 2582/2582/2582 2508/2508/2508
f 2508/2508/2508 2582/2582/2582 2509/2509/2509
f 2509/2509/2509 2582/2582/2582 2583/2583/2583
f 2509/2509/2509 2583/2583/2583 2584/2584/2584
f 2509/2509/2509 2584/2584/2584 2510/2510/2510
f 2510/2510/2510 2584/2584/2584 2511/2511/2511
f 2511/2511/2511 2584/2584/2584 2585/2585/2585
f 2511/2511/2511 2585/2585/2585 2586/2586/2586
f 2511/2511/2511 2586/2586/2586 2512/2512/2512
f 2512/2512/2512 2586/2586/2586 2513/2513/2513
f 2513/2513/2513 2586/2586/2586 2587/2587/2587
f 2513/2513/2513 2587/2587/2587 2588/2588/2588
f 2513/2513/2513 2588/2588/2588 2514/2514/2514
f 2514/2514/2514 2588/2588/2588 2515/2515/2515
f 2515/2515/2515 2588/2588/2588 2589/2589/2589
f 2515/2515/2515 2589/2589/2589 2590/2590/2590
f 2515/2515/2515 2590/2590/2590 2516/2516/2516
f 2517/2517/2517 2591/2591/2591 2518/2518/2518
f 2518/2518/2518 2591/2591/2591 2592/2592/2592
f 2518/2518/2518 2592/2592/2592 2593/2593/2593
f 2518/2518/2518 2593/2593/2593 2519/2519/2519
f 2519/2519/2519 2593/2593/2593 2520/2520/2520
f 2520/2520/2520 2593/2593/2593 2594/2594/2594
f 2520/2520/2520 2594/2594/2594 2595/2595/2595
f 2520/2520/2520 2595/2595/2595 2521/2521/2521
f 2521/2521/2521 2595/2595/2595 2522/2522/2522
f 2522/2522/2522 2595/2595/2595 2596/2596/2596
f 2522/2522/2522 2596/2596/2596 2597/2597/2597
f 2522/2522/2522 2597/2597/2597 2523/2523/2523
f 2523/2523/2523 2597/2597/2597 2524/2524/2524
f 2524/2524/2524 2597/2597/2597 2598/2598/2598
f 2524/2524/2524 2598/2598/2598 2599/2599/2599
f 2524/2524/2524 2599/2599/2599 2525/2525/2525
f 2525/2525/2525 2599/2599/2599 2526/2526/2526
f 2526/2526/2526 2599/2599/2599 2600/2600/2600
f 2526/2526/2526 2600/2600/2600 2601/2601/2601
f 2526/2526/2526 2601/2601/2601 2527/2527/2527
f 2527/2527/2527 2601/2601/2601 2528/2528/2528
f 2528/2528/2528 2601/2601/2601 2602/2602/2602
f 2528/2528/2528 2602/2602/2602 2603/2603/2603
f 2528/2528/2528 2603/2603/2603 2529/2529/2529
f 2529/2529/2529 2603/2603/2603 2530/2530/2530
f 2530/2530/2530 2603/2603/2603 2604/2604/2604
f 2530/2530/2530 2604/2604/2604 2605/2605/2605
f 2530/2530/2530 2605/2605/2605 2531/2531/2531
f 2531/2531/2531 2605/2605/2605 2532/2532/2532
f 2532/2532/2532 2605/2605/2605 2606/2606/2606
f 2532/2532/2532 2606/2606/2606 2607/2607/2607
f 2532/2532/2532 2607/2607/2607 2533/2533/2533
f 2533/2533/2533 2607/2607/2607 2534/2534/2534
f 2534/2534/2534 2607/2607/2607 2608/2608/2608
f 2534/2534/2534 2608/2608/2608 2609/2609/2609
f 2534/2534/2534 2609/2609/2609 2535/2535/2535
f 2535/2535/2535 2609/2609/2609 2536/2536/2536
f 2536/2536/2536 2609/2609/2609 2610/2610/2610
f 2536/2536/2536 2610/2610/2610 2611/2611/2611
f 2536/2536/2536 2611/2611/2611 2537/2537/2537
f 2537/2537/2537 2611/2611/2611 2538/2538/2538
f 2538/2538/2538 2611/2611/2611 2612/2612/2612
f 2538/2538/2538 2612/2612/2612 2613/2613/2613
f 2538/2538/2538 2613/2613/2613 2539/2539/2539
f 2539/2539/2539 2613/2613/2613 2540/2540/2540
f 2540/2540/2540 2613/2613/2613 2614/2614/2614
f 2540/2540/2540 2614/2614/2614 2615/2615/2615
f 2540/2540/2540 2615/2615/2615 2541/2541/2541
f 2541/2541/2541 2615/2615/2615 2542/2542/2542
f 2542/2542/2542 2615/2615/2615 2616/2616/2616
f 2542/2542/2542 2616/2616/2616 2617/2617/2617
f 2542/2542/2542 2617/2617/2617 2543/2543/2543
f 2543/2543/2543 2617/2617/2617 2544/2544/2544
f 2544/2544/2544 2617/2617/2617 2618/2618/2618
f 2544/2544/2544 2618/2618/2618 2619/2619/2619
f 2544/2544/2544 2619/2619/2619 2545/2545/2545
f 2545/2545/2545 2619/2619/2619 2546/2546/2546
f 2546/2546/2546 2619/2619/2619 2620/2620/2620
f 2546/2546/2546 2620/2620/2620 2621/2621/2621
f 2546/2546/2546 2621/2621/2621 2547/2547/2547
f 2547/2547/2547 2621/2621/2621 2548/2548/2548
f 2548/2548/2548 2621/2621/2621 2622/2622/2622
f 2548/2548/2548 2622/2622/2622 2623/2623/2623
f 2548/2548/2548 2623/2623/2623 2549/2549/2549
f 2549/2549/2549 2623/2623/2623 2550/2550/2550
f 2550/2550/2550 2623/2623/2623 2624/2624/2624
f 2550/2550/2550 2624/2624/2624 2625/2625/2625
f 2550/2550/2550 2625/2625/2625 2551/2551/2551
f 2551/2551/2551 2625/2625/2625 2552/2552/2552
f 2552/2552/2552 2625/2625/2625 2626/2626/2626
f 2552/2552/2552 2626/2626/2626 2627/2627/2627
f 2552/2552/2552 2627/2627/2627 2553/2553/2553
f 2553/2553/2553 2627/2627/2627 2554/2554/2554
f 2554/2554/2554 2627/2627/2627 2628/2628/2628
f 2554/2554/2554 2628/2628/2628 2629/2629/2629
f 2554/2554/2554 2629/2629/2629 2555/2555/2555
f 2555/2555/2555 2629/2629/2629 2556/2556/2556
f 2556/2556/2556 2629/2629/2629 2630/2630/2630
f 2556/2556/2556 2630/2630/2630 2631/2631/2631
f 2556/2556/2556 2631/2631/2631 2557/2557/2557
f 2557/2557/2557 2631/2631/2631 2558/2558/2558
f 2558/2558/2558 2631/2631/2631 2632/2632/2632
f 2558/2558/2558 2632/2632/2632 2633/2633/2633
f 2558/2558/2558 2633/2633/2633 2559/2559/2559
f 2559/2559/2559 2633/2633/2633 2560/2560/2560
f 2560/2560/2560 2633/2633/2633 2634/2634/2634
f 2560/2560/2560 2634/2634/2634 2635/2635/2635
f 2560/2560/2560 2635/2635/2635 2561/2561/2561
f 2561/2561/2561 2635/2635/2635 2562/2562/2562
f 2562/2562/2562 2635/2635/2635 2636/2636/2636
f 2562/2562/2562 2636/2636/2636 2637/2637/2637
f 2562/2562/2562 2637/2637/2637 2563/2563/2563
f 2563/2563/2563 2637/2637/2637 2564/2564/2564
f 2564/2564/2564 2637/2637/2637 2638/2638/2638
f 2564/2564/2564 2638/2638/2638 2639/2639/2639
f 2564/2564/2564 2639/2639/2639 2565/2565/2565
f 2565/2565/2565 2639/2639/2639 2566/2566/2566
f 2566/2566/2566 2639/2639/2639 2640/2640/2640
f 2566/2566/2566 2640/2640/2640 2641/2641/2641
f 2566/2566/2566 2641/2641/2641 2567/2567/2567
f 2567/2567/2567 2641/2641/2641 2568/2568/2568
f 2568/2568/2568 2641/2641/2641 2642/2642/2642
f 2568/2568/2568 2642/2642/2642 2643/2643/2643
f 2568/2568/2568 2643/2643/2643 2569/2569/2569
f 2569/2569/2569 2643/2643/2643 2570/2570/2570
f 2570/2570/2570 2643/2643/2643 2644/2644/2644
f 2570/2570/2570 2644/2644/2644 2645/2645/2645
f 2570/2570/2570 2645/2645/2645 2571/2571/2571
f 2571/2571/2571 2645/2645/2645 2572/2572/2572
f 2572/2572/2572 2645/2645/2645 2646/2646/2646
f 2572/2572/2572 2646/2646/2646 2647/2647/2647
f 2572/2572/2572 2647/2647/2647 2573/2573/2573
f 2573/2573/2573 2647/2647/2647 2574/2574/2574
f 2574/2574/2574 2647/2647/2647 2648/2648/2648
f 2574/2574/2574 2648/2648/2648 2649/2649/2649
f 2574/2574/2574 2649/2649/2649 2575/2575/2575
f 2575/2575/2575 2649/2649/2649 2576/2576/2576
f 2576/2576/2576 2649/2649/2649 2650/2650/2650
f 2576/2576/2576 2650/2650/2650 2651/2651/2651
f 2576/2576/2576 2651/2651/2651 2577/2577/2577
f 2577/2577/2577 2651/2651/2651 2578/2578/2578
f 2578/2578/2578 2651/2651/2651 2652/2652/2652
f 2578/2578/2578 2652/2652/2652 2653/2653/2653
f 2578/2578/2578 2653/2653/2653 2579/2579/2579
f 2579/2579/2579 2653/2653/2653 2580/2580/2580
f 2580/2580/2580 2653/2653/2653 2654/2654/2654
f 2580/2580/2580 2654/2654/2654 2655/2655/2655
f 2580/2580/2580 2655/2655/2655 2581/2581/2581
f 2581/2581/2581 2655/2655/2655 2582/2582/2582
f 2582/2582/2582 2655/2655/2655 2656/2656/2656
f 2582/2582/2582 2656/2656/2656 2657/2657/2657
f 2582/2582/2582 2657/2657/2657 2583/2583/2583
f 2583/2583/2583 2657/2657/2657 2584/2584/2584
f 2584/2584/2584 2657/2657/2657 2658/2658/2658
f 2584/2584/2584 2658/2658/2658 2659/2659/2659
f 2584/2584/2584 2659/2659/2659 2585/2585/2585
f 2585/2585/2585 2659/2659/2659 2586/2586/2586
f 2586/2586/2586 2659/2659/2659 2660/2660/2660
f 2586/2586/2586 2660/2660/2660 2661/2661/2661
f 2586/2586/2586 2661/2661/2661 2587/2587/2587
f 2587/2587/2587 2661/2661/2661 2588/2588/2588
f 2588/2588/2588 2661/2661/2661 2662/2662/2662
f 2588/2588/2588 2662/2662/2662 2663/2663/2663
f 2588/2588/2588 2663/2663/2663 2589/2589/2589
f 2589/2589/2589 2663/2663/2663 2590/2590/2590
f 2590/2590/2590 2663/2663/2663 2664/2664/2664
f 2591/2591/2591 2665/2665/2665 2666/2666/2666
f 2591/2591/2591 2666/2666/2666 2592/2592/2592
f 2592/2592/2592 2666/2666/2666 2593/2593/2593
f 2593/2593/2593 2666/2666/2666 2667/2667/2667
f 2593/2593/2593 2667/2667/2667 2668/2668/2668
f 2593/2593/2593 2668/2668/2668 2594/2594/2594
f 2594/2594/2594 2668/2668/2668 2595/2595/2595
f 2595/2595/2595 2668/2668/2668 2669/2669/2669
f 2595/2595/2595 2669/2669/2669 2670/2670/2670
f 2595/2595/2595 2670/2670/2670 2596/2596/2596
f 2596/2596/2596 2670/2670/2670 2597/2597/2597
f 2597/2597/2597 2670/2670/2670 2671/2671/2671
f 2597/2597/2597 2671/2671/2671 2672/2672/2672
f 2597/2597/2597 2672/2672/2672 2598/2598/2598
f 2598/2598/2598 2672/2672/2672 2599/2599/2599
f 2599/2599/2599 2672/2672/2672 2673/2673/2673
f 2599/2599/2599 2673/2673/2673 2674/2674/2674
f 2599/2599/2599 2674/2674/2674 2600/2600/2600
f 2600/2600/2600 2674/2674/2674 2601/2601/2601
f 2601/2601/2601 2674/2674/2674 2675/2675/2675
f 2601/2601/2601 2675/2675/2675 2676/2676/2676
f 2601/2601/2601 2676/2676/2676 2602/2602/2602
f 2602/2602/2602 2676/2676/2676 2603/2603/2603
f 2603/2603/2603 2676/2676/2676 2677/2677/2677
f 2603/2603/2603 2677/2677/2677 2678/2678/2678
f 2603/2603/2603 2678/2678/2678 2604/2604/2604
f 2604/2604/2604 2678/2678/2678 2605/2605/2605
f 2605/2605/2605 2678/2678/2678 2679/2679/2679
f 2605/2605/2605 2679/2679/2679 2680/2680/2680
f 2605/2605/2605 2680/2680/2680 2606/2606/2606
f 2606/2606/2606 2680/2680/2680 2607/2607/2607
f 2607/2607/2607 2680/2680/2680 2681/2681/2681
f 2607/2607/2607 2681/2681/2681 2682/2682/2682
f 2607/2607/2607 2682/2682/2682 2608/2608/2608
f 2608/2608/2608 2682/2682/2682 2609/2609/2609
f 2609/2609/2609 2682/2682/2682 2683/2683/2683
f 2609/2609/2609 2683/2683/2683 2684/2684/2684
f 2609/2609/2609 2684/2684/2684 2610/2610/2610
f 2610/2610/2610 2684/2684/2684 2611/2611/2611
f 2611/2611/2611 2684/2684/2684 2685/2685/2685
f 2611/2611/2611 2685/2685/2685 2686/2686/2686
f 2611/2611/2611 2686/2686/2686 2612/2612/2612
f 2612/2612/2612 2686/2686/2686 2613/2613/2613
f 2613/2613/2613 2686/2686/2686 2687/2687/2687
f 2613/2613/2613 2687/2687/2687 2688/2688/2688
f 2613/2613/2613 2688/2688/2688 2614/2614/2614
f 2614/2614/2614 2688/2688/2688 2615/2615/2615
f 2615/2615/2615 2688/2688/2688 2689/2689/2689
f 2615/2615/2615 2689/2689/2689 2690/2690/2690
f 2615/2615/2615 2690/2690/2690 2616/2616/2616
f 2616/2616/2616 2690/2690/2690 2617/2617/2617
f 2617/2617/2617 2690/2690/2690 2691/2691/2691
f 2617/2617/2617 2691/2691/2691 2692/2692/2692
f 2617/2617/2617 2692/2692/2692 2618/2618/2618
f 2618/2618/2618 2692/2692/2692 2619/2619/2619
f 2619/2619/2619 2692/2692/2692 2693/2693/2693
f 2619/2619/2619 2693/2693/2693 2694/2694/2694
f 2619/2619/2619 2694/2694/2694 2620/2620/2620
f 2620/2620/2620 2694/2694/2694 2621/2621/2621
f 2621/2621/2621 2694/2694/2694 2695/2695/2695
f 2621/2621/2621 2695/2695/2695 2696/2696/2696
f 2621/2621/2621 2696/2696/2696 2622/2622/2622
f 2622/2622/2622 2696/2696/2696 2623/2623/2623
f 2623/2623/2623 2696/2696/2696 2697/2697/2697
f 2623/2623/2623 2697/2697/2697 2698/2698/2698
f 2623/2623/2623 2698/2698/2698 2624/2624/2624
f 2624/2624/2624 2698/2698/2698 2625/2625/2625
f 2625/2625/2625 2698/2698/2698 2699/2699/2699
f 2625/2625/2625 2699/2699/2699 2700/2700/2700
f 2625/2625/2625 2700/2700/2700 2626/2626/2626
f 2626/2626/2626 2700/2700/2700 2627/2627/2627
f 2627/2627/2627 2700/2700/2700 2701/2701/2701
f 2627/2627/2627 2701/2701/2701 2702/2702/2702
f 2627/2627/2627 2702/2702/2702 2628/2628/2628
f 2628/2628/2628 2702/2702/2702 2629/2629/2629
f 2629/2629/2629 2702/2702/2702 2703/2703/2703
f 2629/2629/2629 2703/2703/2703 2704/2704/2704
f 2629/2629/2629 2704/2704/2704 2630/2630/2630
f 2630/2630/2630 2704/2704/2704 2631/2631/2631
f 2631/2631/2631 2704/2704/2704 2705/2705/2705
f 2631/2631/2631 2705/2705/2705 2706/2706/2706
f 2631/2631/2631 2706/2706/2706 2632/2632/2632
f 2632/2632/2632 2706/2706/2706 2633/2633/2633
f 2633/2633/2633 2706/2706/2706 2707/2707/2707
f 2633/2633/2633 2707/2707/2707 2708/2708/2708
f 2633/2633/2633 2708/2708/2708 2634/2634/2634
f 2634/2634/2634 2708/2708/2708 2635/2635/2635
f 2635/2635/2635 2708/2708/2708 2709/2709/2709
f 2635/2635/2635 2709/2709/2709 2710/2710/2710
f 2635/2635/2635 2710/2710/2710 2636/2636/2636
f 2636/2636/2636 2710/2710/2710 2637/2637/2637
f 2637/2637/2637 2710/2710/2710 2711/2711/2711
f 2637/2637/2637 2711/2711/2711 2712/2712/2712
f 2637/2637/2637 2712/2712/2712 2638/2638/2638
f 2638/2638/2638 2712/2712/2712 2639/2639/2639
f 2639/2639/2639 2712/2712/2712 2713/2713/2713
f 2639/2639/2639 2713/2713/2713 2714/2714/2714
f 2639/2639/2639 2714/2714/2714 2640/2640/2640
f 2640/2640/2640 2714/2714/2714 2641/2641/2641
f 2641/2641/2641 2714/2714/2714 2715/2715/2715
f 2641/2641/2641 2715/2715/2715 2716/2716/2716
f 2641/2641/2641 2716/2716/2716 2642/2642/2642
f 2642/2642/2642 2716/2716/2716 2643/2643/2643
f 2643/2643/2643 2716/2716/2716 2717/2717/2717
f 2643/2643/2643 2717/2717/2717 2718/2718/2718
f 2643/2643/2643 2718/2718/2718 2644/2644/2644
f 2644/2644/2644 2718/2718/2718 2645/2645/2645
f 2645/2645/2645 2718/2718/2718 2719/2719/2719
f 2645/2645/2645 2719/2719/2719 2720/2720/2720
f 2645/2645/2645 2720/2720/2720 2646/2646/2646
f 2646/2646/2646 2720/2720/2720 2647/2647/2647
f 2647/2647/2647 2720/2720/2720 2721/2721/2721
f 2647/2647/2647 2721/2721/2721 2722/2722/2722
f 2647/2647/2647 2722/2722/2722 2648/2648/2648
f 2648/2648/2648 2722/2722/2722 2649/2649/2649
f 2649/2649/2649 2722/2722/2722 2723/2723/2723
f 2649/2649/2649 2723/2723/2723 2724/2724/2724
f 2649/2649/2649 2724/2724/2724 2650/2650/2650
f 2650/2650/2650 2724/2724/2724 2651/2651/2651
f 2651/2651/2651 2724/2724/2724 2725/2725/2725
f 2651/2651/2651 2725/2725/2725 2726/2726/2726
f 2651/2651/2651 2726/2726/2726 2652/2652/2652
f 2652/2652/2652 2726/2726/2726 2653/2653/2653
f 2653/2653/2653 2726/2726/2726 2727/2727/2727
f 2653/2653/2653 2727/2727/2727 2728/2728/2728
f 2653/2653/2653 2728/2728/2728 2654/2654/2654
f 2654/2654/2654 2728/2728/2728 2655/2655/2655
f 2655/2655/2655 2728/2728/2728 2729/2729/2729
f 2655/2655/2655 2729/2729/2729 2730/2730/2730
f 2655/2655/2655 2730/2730/2730 2656/2656/2656
f 2656/2656/2656 2730/2730/2730 2657/2657/2657
f 2657/2657/2657 2730/2730/2730 2731/2731/2731
f 2657/2657/2657 2731/2731/2731 2732/2732/2732
f 2657/2657/2657 2732/2732/2732 2658/2658/2658
f 2658/2658/2658 2732/2732/2732 2659/2659/2659
f 2659/2659/2659 2732/2732/2732 2733/2733/2733
f 2659/2659/2659 2733/2733/2733 2734/2734/2734
f 2659/2659/2659 2734/2734/2734 2660/2660/2660
f 2660/2660/2660 2734/2734/2734 2661/2661/2661
f 2661/2661/2661 2734/2734/2734 2735/2735/2735
f 2661/2661/2661 2735/2735/2735 2736/2736/2736
f 2661/2661/2661 2736/2736/2736 2662/2662/2662
f 2662/2662/2662 2736/2736/2736 2663/2663/2663
f 2663/2663/2663 2736/2736/2736 2737/2737/2737
f 2663/2663/2663 2737/2737/2737 2738/2738/2738
f 2663/2663/2663 2738/2738/2738 2664/2664/2664
f 2665/2665/2665 2739/2739/2739 2666/2666/2666
f 2666/2666/2666 2739/2739/2739 2740/2740/2740
f 2666/2666/2666 2740/2740/2740 2741/2741/2741
f 2666/2666/2666 2741/2741/2741 2667/2667/2667
f 2667/2667/2667 2741/2741/2741 2668/2668/2668
f 2668/2668/2668 2741/2741/2741 2742/2742/2742
f 2668/2668/2668 2742/2742/2742 2743/2743/2743
f 2668/2668/2668 2743/2743/2743 2669/2669/2669
f 2669/2669/2669 2743/2743/2743 2670/2670/2670
f 2670/2670/2670 2743/2743/2743 2744/2744/2744
f 2670/2670/2670 2744/2744/2744 2745/2745/2745
f 2670/2670/2670 2745/2745/2745 2671/2671/2671
f 2671/2671/2671 2745/2745/2745 2672/2672/2672
f 2672/2672/2672 2745/2745/2745 2746/2746/2746
f 2672/2672/2672 2746/2746/2746 2747/2747/2747
f 2672/2672/2672 2747/2747/2747 2673/2673/2673
f 2673/2673/2673 2747/2747/2747 2674/2674/2674
f 2674/2674/2674 2747/2747/2747 2748/2748/2748
f 2674/2674/2674 2748/2748/2748 2749/2749/2749
f 2674/2674/2674 2749/2749/2749 2675/2675/2675
f 2675/2675/2675 2749/2749/2749 2676/2676/2676
f 2676/2676/2676 2749/2749/2749 2750/2750/2750
f 2676/2676/2676 2750/2750/2750 2751/2751/2751
f 2676/2676/2676 2751/2751/2751 2677/2677/2677
f 2677/2677/2677 2751/2751/2751 2678/2678/2678
f 2678/2678/2678 2751/2751/2751 2752/2752/2752
f 2678/2678/2678 2752/2752/2752 2753/2753/2753
f 2678/2678/2678 2753/2753/2753 2679/2679/2679
f 2679/2679/2679 2753/2753/2753 2680/2680/2680
f 2680/2680/2680 2753/2753/2753 2754/2754/2754
f 2680/2680/2680 2754/2754/2754 2755/2755/2755
f 2680/2680/2680 2755/2755/2755 2681/2681/2681
f 2681/2681/2681 2755/2755/2755 2682/2682/2682
f 2682/2682/2682 2755/2755/2755 2756/2756/2756
f 2682/2682/2682 2756/2756/2756 2757/2757/2757
f 2682/2682/2682 2757/2757/2757 2683/2683/2683
f 2683/2683/2683 2757/2757/2757 2684/2684/2684
f 2684/2684/2684 2757/2757/2757 2758/2758/2758
f 2684/2684/2684 2758/2758/2758 2759/2759/2759
f 2684/2684/2684 2759/2759/2759 2685/2685/2685
f 2685/2685/2685 2759/2759/2759 2686/2686/2686
f 2686/2686/2686 2759/2759/2759 2760/2760/2760
f 2686/2686/2686 2760/2760/2760 2761/2761/2761
f 2686/2686/2686 2761/2761/2761 2687/2687/2687
f 2687/2687/2687 2761/2761/2761 2688/2688/2688
f 2688/2688/2688 2761/2761/2761 2762/2762/2762
f 2688/2688/2688 2762/2762/2762 2763/2763/2763
f 2688/2688/2688 2763/2763/2763 2689/2689/2689
f 2689/2689/2689 2763/2763/2763 2690/2690/2690
f 2690/2690/2690 2763/2763/2763 2764/2764/2764
f 2690/2690/2690 2764/2764/2764 2765/2765/2765
f 2690/2690/2690 2765/2765/2765 2691/2691/2691
f 2691/2691/2691 2765/2765/2765 2692/2692/2692
f 2692/2692/2692 2765/2765/2765 2766/2766/2766
f 2692/2692/2692 2766/2766/2766 2767/2767/2767
f 2692/2692/2692 2767/2767/2767 2693/2693/2693
f 2693/2693/2693 2767/2767/2767 2694/2694/2694
f 2694/2694/2694 2767/2767/2767 2768/2768/2768
f 2694/2694/2694 2768/2768/2768 2769/2769/2769
f 2694/2694/2694 2769/2769/2769 2695/2695/2695
f 2695/2695/2695 2769/2769/2769 2696/2696/2696
f 2696/2696/2696 2769/2769/2769 2770/2770/2770
f 2696/2696/2696 2770/2770/2770 2771/2771/2771
f 2696/2696/2696 2771/2771/2771 2697/2697/2697
f 2697/2697/2697 2771/2771/2771 2698/2698/2698
f 2698/2698/2698 2771/2771/2771 2772/2772/2772
f 2698/2698/2698 2772/2772/2772 2773/2773/2773
f 2698/2698/2698 2773/2773/2773 2699/2699/2699
f 2699/2699/2699 2773/2773/2773 2700/2700/2700
f 2700/2700/2700 2773/2773/2773 2774/2774/2774
f 2700/2700/2700 2774/2774/2774 2775/2775/2775
f 2700/2700/2700 2775/2775/2775 2701/2701/2701
f 2701/2701/2701 2775/2775/2775 2702/2702/2702
f 2702/2702/2702 2775/2775/2775 2776/2776/2776
f 2702/2702/2702 2776/2776/2776 2777/2777/2777
f 2702/2702/2702 2777/2777/2777 2703/2703/2703
f 2703/2703/2703 2777/2777/2777 2704/2704/2704
f 2704/2704/2704 2777/2777/2777 2778/2778/2778
f 2704/2704/2704 2778/2778/2778 2779/2779/2779
f 2704/2704/2704 2779/2779/2779 2705/2705/2705
f 2705/2705/2705 2779/2779/2779 2706/2706/2706
f 2706/2706/2706 2779/2779/2779 2780/2780/2780
f 2706/2706/2706 2780/2780/2780 2781/2781/2781
f 2706/2706/2706 2781/2781/2781 2707/2707/2707
f 2707/2707/2707 2781/2781/2781 2708/2708/2708
f 2708/2708/2708 2781/2781/2781 2782/2782/2782
f 2708/2708/2708 2782/2782/2782 2783/2783/2783
f 2708/2708/2708 2783/2783/2783 2709/2709/2709
f 2709/2709/2709 2783/2783/2783 2710/2710/2710
f 2710/2710/2710 2783/2783/2783 2784/2784/2784
f 2710/2710/2710 2784/2784/2784 2785/2785/2785
f 2710/2710/2710 2785/2785/2785 2711/2711/2711
f 2711/2711/2711 2785/2785/2785 2712/2712/2712
f 2712/2712/2712 2785/2785/2785 2786/2786/2786
f 2712/2712/2712 2786/2786/2786 2787/2787/2787
f 2712/2712/2712 2787/2787/2787 2713/2713/2713
f 2713/2713/2713 2787/2787/2787 2714/2714/2714
f 2714/2714/2714 2787/2787/2787 2788/2788/2788
f 2714/2714/2714 2788/2788/2788 2789/2789/2789
f 2714/2714/2714 2789/2789/2789 2715/2715/2715
f 2715/2715/2715 2789/2789/2789 2716/2716/2716
f 2716/2716/2716 2789/2789/2789 2790/2790/2790
f 2716/2716/2716 2790/2790/2790 2791/2791/2791
f 2716/2716/2716 2791/2791/2791 2717/2717/2717
f 2717/2717/2717 2791/2791/2791 2718/2718/2718
f 2718/2718/2718 2791/2791/2791 2792/2792/2792
f 2718/2718/2718 2792/2792/2792 2793/2793/2793
f 2718/2718/2718 2793/2793/2793 2719/2719/2719
f 2719/2719/2719 2793/2793/2793 2720/2720/2720
f 2720/2720/2720 2793/2793/2793 2794/2794/2794
f 2720/2720/2720 2794/2794/2794 2795/2795/2795
f 2720/2720/2720 2795/2795/2795 2721/2721/2721
f 2721/2721/2721 2795/2795/2795 2722/2722/2722
f 2722/2722/2722 2795/2795/2795 2796/2796/2796
f 2722/2722/2722 2796/2796/2796 2797/2797/2797
f 2722/2722/2722 2797/2797/2797 2723/2723/2723
f 2723/2723/2723 2797/2797/2797 2724/2724/2724
f 2724/2724/2724 2797/2797/2797 2798/2798/2798
f 2724/2724/2724 2798/2798/2798 2799/2799/2799
f 2724/2724/2724 2799/2799/2799 2725/2725/2725
f 2725/2725/2725 2799/2799/2799 2726/2726/2726
f 2726/2726/2726 2799/2799/2799 2800/2800/2800
f 2726/2726/2726 2800/2800/2800 2801/2801/2801
f 2726/2726/2726 2801/2801/2801 2727/2727/2727
f 2727/2727/2727 2801/2801/2801 2728/2728/2728
f 2728/2728/2728 2801/2801/2801 2802/2802/2802
f 2728/2728/2728 2802/2802/2802 2803/2803/2803
f 2728/2728/2728 2803/2803/2803 2729/2729/2729
f 2729/2729/2729 2803/2803/2803 2730/2730/2730
f 2730/2730/2730 2803/2803/2803 2804/2804/2804
f 2730/2730/2730 2804/2804/2804 2805/2805/2805
f 2730/2730/2730 2805/2805/2805 2731/2731/2731
f 2731/2731/2731 2805/2805/2805 2732/2732/2732
f 2732/2732/2732 2805/2805/2805 2806/2806/2806
f 2732/2732/2732 2806/2806/2806 2807/2807/2807
f 2732/2732/2732 2807/2807/2807 2733/2733/2733
f 2733/2733/2733 2807/2807/2807 2734/2734/2734
f 2734/2734/2734 2807/2807/2807 2808/2808/2808
f 2734/2734/2734 2808/2808/2808 2809/2809/2809
f 2734/2734/2734 2809/2809/2809 2735/2735/2735
f 2735/2735/2735 2809/2809/2809 2736/2736/2736
f 2736/2736/2736 2809/2809/2809 2810/2810/2810
f 2736/2736/2736 2810/2810/2810 2811/2811/2811
f 2736/2736/2736 2811/2811/2811 2737/2737/2737
f 2737/2737/2737 2811/2811/2811 2738/2738/2738
f 2738/2738/2738 2811/2811/2811 2812/2812/2812
f 2739/2739/2739 2813/2813/2813 2814/2814/2814
f 2739/2739/2739 2814/2814/2814 2740/2740/2740
f 2740/2740/2740 2814/2814/2814 2741/2741/2741
f 2741/2741/2741 2814/2814/2814 2815/2815/2815
f 2741/2741/2741 2815/2815/2815 2816/2816/2816
f 2741/2741/2741 2816/2816/2816 2742/2742/2742
f 2742/2742/2742 2816/2816/2816 2743/2743/2743
f 2743/2743/2743 2816/2816/2816 2817/2817/2817
f 2743/2743/2743 2817/2817/2817 2818/2818/2818
f 2743/2743/2743 2818/2818/2818 2744/2744/2744
f 2744/2744/2744 2818/2818/2818 2745/2745/2745
f 2745/2745/2745 2818/2818/2818 2819/2819/2819
f 2745/2745/2745 2819/2819/2819 2820/2820/2820
f 2745/2745/2745 2820/2820/2820 2746/2746/2746
f 2746/2746/2746 2820/2820/2820 2747/2747/2747
f 2747/2747/2747 2820/2820/2820 2821/2821/2821
f 2747/2747/2747 2821/2821/2821 2822/2822/2822
f 2747/2747/2747 2822/2822/2822 2748/2748/2748
f 2748/2748/2748 2822/2822/2822 2749/2749/2749
f 2749/2749/2749 2822/2822/2822 2823/2823/2823
f 2749/2749/2749 2823/2823/2823 2824/2824/2824
f 2749/2749/2749 2824/2824/2824 2750/2750/2750
f 2750/2750/2750 2824/2824/2824 2751/2751/2751
f 2751/2751/2751 2824/2824/2824 2825/2825/2825
f 2751/2751/2751 2825/2825/2825 2826/2826/2826
f 2751/2751/2751 2826/2826/2826 2752/2752/2752
f 2752/2752/2752 2826/2826/2826 2753/2753/2753
f 2753/2753/2753 2826/2826/2826 2827/2827/2827
f 2753/2753/2753 2827/2827/2827 2828/2828/2828
f 2753/2753/2753 2828/2828/2828 2754/2754/2754
f 2754/2754/2754 2828/2828/2828 2755/2755/2755
f 2755/2755/2755 2828/2828/2828 2829/2829/2829
f 2755/2755/2755 2829/2829/2829 2830/2830/2830
f 2755/2755/2755 2830/2830/2830 2756/2756/2756
f 2756/2756/2756 2830/2830/2830 2757/2757/2757
f 2757/2757/2757 2830/2830/2830 2831/2831/2831
f 2757/2757/2757 2831/2831/2831 2832/2832/2832
f 2757/2757/2757 2832/2832/2832 2758/2758/2758
f 2758/2758/2758 2832/2832/2832 2759/2759/2759
f 2759/2759/2759 2832/2832/2832 2833/2833/2833
f 2759/2759/2759 2833/2833/2833 2834/2834/2834
f 2759/2759/2759 2834/2834/2834 2760/2760/2760
f 2760/2760/2760 2834/2834/2834 2761/2761/2761
f 2761/2761/2761 2834/2834/2834 2835/2835/2835
f 2761/2761/2761 2835/2835/2835 2836/2836/2836
f 2761/2761/2761 2836/2836/2836 2762/2762/2762
f 2762/2762/2762 2836/2836/2836 2763/2763/2763
f 2763/2763/2763 2836/2836/2836 2837/2837/2837
f 2763/2763/2763 2837/2837/2837 2838/2838/2838
f 2763/2763/2763 2838/2838/2838 2764/2764/2764
f 2764/2764/2764 2838/2838/2838 2765/2765/2765
f 2765/2765/2765 2838/2838/2838 2839/2839/2839
f 2765/2765/2765 2839/2839/2839 2840/2840/2840
f 2765/2765/2765 2840/2840/2840 2766/2766/2766
f 2766/2766/2766 2840/2840/2840 2767/2767/2767
f 2767/2767/2767 2840/2840/2840 2841/2841/2841
f 2767/2767/2767 2841/2841/2841 2842/2842/2842
f 2767/2767/2767 2842/2842/2842 2768/2768/2768
f 2768/2768/2768 2842/2842/2842 2769/2769/2769
f 2769/2769/2769 2842/2842/2842 2843/2843/2843
f 2769/2769/2769 2843/2843/2843 2844/2844/2844
f 2769/2769/2769 2844/2844/2844 2770/2770/2770
f 2770/2770/2770 2844/2844/2844 2771/2771/2771
f 2771/2771/2771 2844/2844/2844 2845/2845/2845
f 2771/2771/2771 2845/2845/2845 2846/2846/2846
f 2771/2771/2771 2846/2846/2846 2772/2772/2772
f 2772/2772/2772 2846/2846/2846 2773/2773/2773
f 2773/2773/2773 2846/2846/2846 2847/2847/2847
f 2773/2773/2773 2847/2847/2847 2848/2848/2848
f 2773/2773/2773 2848/2848/2848 2774/2774/2774
f 2774/2774/2774 2848/2848/2848 2775/2775/2775
f 2775/2775/2775 2848/2848/2848 2849/2849/2849
f 2775/2775/2775 2849/2849/2849 2850/2850/2850
f 2775/2775/2775 2850/2850/2850 2776/2776/2776
f 2776/2776/2776 2850/2850/2850 2777/2777/2777
f 2777/2777/2777 2850/2850/2850 2851/2851/2851
f 2777/2777/2777 2851/2851/2851 2852/2852/2852
f 2777/2777/2777 2852/2852/2852 2778/2778/2778
f 2778/2778/2778 2852/2852/2852 2779/2779/2779
f 2779/2779/2779 2852/2852/2852 2853/2853/2853
f 2779/2779/2779 2853/2853/2853 2854/2854/2854
f 2779/2779/2779 2854/2854/2854 2780/2780/2780
f 2780/2780/2780 2854/2854/2854 2781/2781/2781
f 2781/2781/2781 2854/2854/2854 2855/2855/2855
f 2781/2781/2781 2855/2855/2855 2856/2856/2856
f 2781/2781/2781 2856/2856/2856 2782/2782/2782
f 2782/2782/2782 2856/2856/2856 2783/2783/2783
f 2783/2783/2783 2856/2856/2856 2857/2857/2857
f 2783/2783/2783 2857/2857/2857 2858/2858/2858
f 2783/2783/2783 2858/2858/2858 2784/2784/2784
f 2784/2784/2784 2858/2858/2858 2785/2785/2785
f 2785/2785/2785 2858/2858/2858 2859/2859/2859
f 2785/2785/2785 2859/2859/2859 2860/2860/2860
f 2785/2785/2785 2860/2860/2860 2786/2786/2786
f 2786/2786/2786 2860/2860/2860 2787/2787/2787
f 2787/2787/2787 2860/2860/2860 2861/2861/2861
f 2787/2787/2787 2861/2861/2861 2862/2862/2862
f 2787/2787/2787 2862/2862/2862 2788/2788/2788
f 2788/2788/2788 2862/2862/2862 2789/2789/2789
f 2789/2789/2789 2862/2862/2862 2863/2863/2863
f 2789/2789/2789 2863/2863/2863 2864/2864/2864
f 2789/2789/2789 2864/2864/2864 2790/2790/2790
f 2790/2790/2790 2864/2864/2864 2791/2791/2791
f 2791/2791/2791 2864/2864/2864 2865/2865/2865
f 2791/2791/2791 2865/2865/2865 2866/2866/2866
f 2791/2791/2791 2866/2866/2866 2792/2792/2792
f 2792/2792/2792 2866/2866/2866 2793/2793/2793
f 2793/2793/2793 2866/2866/2866 2867/2867/2867
f 2793/2793/2793 2867/2867/2867 2868/2868/2868
f 2793/2793/2793 2868/2868/2868 2794/2794/2794
f 2794/2794/2794 2868/2868/2868 2795/2795/2795
f 2795/2795/2795 2868/2868/2868 2869/2869/2869
f 2795/2795/2795 2869/2869/2869 2870/2870/2870
f 2795/2795/2795 2870/2870/2870 2796/2796/2796
f 2796/2796/2796 2870/2870/2870 2797/2797/2797
f 2797/2797/2797 2870/2870/2870 2871/2871/2871
f 2797/2797/2797 2871/2871/2871 2872/2872/2872
f 2797/2797/2797 2872/2872/2872 2798/2798/2798
f 2798/2798/2798 2872/2872/2872 2799/2799/2799
f 2799/2799/2799 2872/2872/2872 2873/2873/2873
f 2799/2799/2799 2873/2873/2873 2874/2874/2874
f 2799/2799/2799 2874/2874/2874 2800/2800/2800
f 2800/2800/2800 2874/2874/2874 2801/2801/2801
f 2801/2801/2801 2874/2874/2874 2875/2875/2875
f 2801/2801/2801 2875/2875/2875 2876/2876/2876
f 2801/2801/2801 2876/2876/2876 2802/2802/2802
f 2802/2802/2802 2876/2876/2876 2803/2803/2803
f 2803/2803/2803 2876/2876/2876 2877/2877/2877
f 2803/2803/2803 2877/2877/2877 2878/2878/2878
f 2803/2803/2803 2878/2878/2878 2804/2804/2804
f 2804/2804/2804 2878/2878/2878 2805/2805/2805
f 2805/2805/2805 2878/2878/2878 2879/2879/2879
f 2805/2805/2805 2879/2879/2879 2880/2880/2880
f 2805/2805/2805 2880/2880/2880 2806/2806/2806
f 2806/2806/2806 2880/2880/2880 2807/2807/2807
f 2807/2807/2807 2880/2880/2880 2881/2881/2881
f 2807/2807/2807 2881/2881/2881 2882/2882/2882
f 2807/2807/2807 2882/2882/2882 2808/2808/2808
f 2808/2808/2808 2882/2882/2882 2809/2809/2809
f 2809/2809/2809 2882/2882/2882 2883/2883/2883
f 2809/2809/2809 2883/2883/2883 2884/2884/2884
f 2809/2809/2809 2884/2884/2884 2810/2810/2810
f 2810/2810/2810 2884/2884/2884 2811/2811/2811
f 2811/2811/2811 2884/2884/2884 2885/2885/2885
f 2811/2811/2811 2885/2885/2885 2886/2886/2886
f 2811/2811/2811 2886/2886/2886 2812/2812/2812
f 2813/2813/2813 2887/2887/2887 2814/2814/2814
f 2814/2814/2814 2887/2887/2887 2888/2888/2888
f 2814/2814/2814 2888/2888/2888 2889/2889/2889
f 2814/2814/2814 2889/2889/2889 2815/2815/2815
f 2815/2815/2815 2889/2889/2889 2816/2816/2816
f 2816/2816/2816 2889/2889/2889 2890/2890/2890
f 2816/2816/2816 2890/2890/2890 2891/2891/2891
f 2816/2816/2816 2891/2891/2891 2817/2817/2817
f 2817/2817/2817 2891/2891/2891 2818/2818/2818
f 2818/2818/2818 2891/2891/2891 2892/2892/2892
f 2818/2818/2818 2892/2892/2892 2893/2893/2893
f 2818/2818/2818 2893/2893/2893 2819/2819/2819
f 2819/2819/2819 2893/2893/2893 2820/2820/2820
f 2820/2820/2820 2893/2893/2893 2894/2894/2894
f 2820/2820/2820 2894/2894/2894 2895/2895/2895
f 2820/2820/2820 2895/2895/2895 2821/2821/2821
f 2821/2821/2821 2895/2895/2895 2822/2822/2822
f 2822/2822/2822 2895/2895/2895 2896/2896/2896
f 2822/2822/2822 2896/2896/2896 2897/2897/2897
f 2822/2822/2822 2897/2897/2897 2823/2823/2823
f 2823/2823/2823 2897/2897/2897 2824/2824/2824
f 2824/2824/2824 2897/2897/2897 2898/2898/2898
f 2824/2824/2824 2898/2898/2898 2899/2899/2899
f 2824/2824/2824 2899/2899/2899 2825/2825/2825
f 2825/2825/2825 2899/2899/2899 2826/2826/2826
f 2826/2826/2826 2899/2899/2899 2900/2900/2900
f 2826/2826/2826 2900/2900/2900 2901/2901/2901
f 2826/2826/2826 2901/2901/2901 2827/2827/2827
f 2827/2827/2827 2901/2901/2901 2828/2828/2828
f 2828/2828/2828 2901/2901/2901 2902/2902/2902
f 2828/2828/2828 2902/2902/2902 2903/2903/2903
f 2828/2828/2828 2903/2903/2903 2829/2829/2829
f 2829/2829/2829 2903/2903/2903 2830/2830/2830
f 2830/2830/2830 2903/2903/2903 2904/2904/2904
f 2830/2830/2830 2904/2904/2904 2905/2905/2905
f 2830/2830/2830 2905/2905/2905 2831/2831/2831
f 2831/2831/2831 2905/2905/2905 2832/2832/2832
f 2832/2832/2832 2905/2905/2905 2906/2906/2906
f 2832/2832/2832 2906/2906/2906 2907/2907/2907
f 2832/2832/2832 2907/2907/2907 2833/2833/2833
f 2833/2833/2833 2907/2907/2907 2834/2834/2834
f 2834/2834/2834 2907/2907/2907 2908/2908/2908
f 2834/2834/2834 2908/2908/2908 2909/2909/2909
f 2834/2834/2834 2909/2909/2909 2835/2835/2835
f 2835/2835/2835 2909/2909/2909 2836/2836/2836
f 2836/2836/2836 2909/2909/2909 2910/2910/2910
f 2836/2836/2836 2910/2910/2910 2911/2911/2911
f 2836/2836/2836 2911/2911/2911 2837/2837/2837
f 2837/2837/2837 2911/2911/2911 2838/2838/2838
f 2838/2838/2838 2911/2911/2911 2912/2912/2912
f 2838/2838/2838 2912/2912/2912 2913/2913/2913
f 2838/2838/2838 2913/2913/2913 2839/2839/2839
f 2839/2839/2839 2913/2913/2913 2840/2840/2840
f 2840/2840/2840 2913/2913/2913 2914/2914/2914
f 2840/2840/2840 2914/2914/2914 2915/2915/2915
f 2840/2840/2840 2915/2915/2915 2841/2841/2841
f 2841/2841/2841 2915/2915/2915 2842/2842/2842
f 2842/2842/2842 2915/2915/2915 2916/2916/2916
f 2842/2842/2842 2916/2916/2916 2917/2917/2917
f 2842/2842/2842 2917/2917/2917 2843/2843/2843
f 2843/2843/2843 2917/2917/2917 2844/2844/2844
f 2844/2844/2844 2917/2917/2917 2918/2918/2918
f 2844/2844/2844 2918/2918/2918 2919/2919/2919
f 2844/2844/2844 2919/2919/2919 2845/2845/2845
f 2845/2845/2845 2919/2919/2919 2846/2846/2846
f 2846/2846/2846 2919/2919/2919 2920/2920/2920
f 2846/2846/2846 2920/2920/2920 2921/2921/2921
f 2846/2846/2846 2921/2921/2921 2847/2847/2847
f 2847/2847/2847 2921/2921/2921 2848/2848/2848
f 2848/2848/2848 2921/2921/2921 2922/2922/2922
f 2848/2848/2848 2922/2922/2922 2923/2923/2923
f 2848/2848/2848 2923/2923/2923 2849/2849/2849
f 2849/2849/2849 2923/2923/2923 2850/2850/2850
f 2850/2850/2850 2923/2923/2923 2924/2924/2924
f 2850/2850/2850 2924/2924/2924 2925/2925/2925
f 2850/2850/2850 2925/2925/2925 2851/2851/2851
f 2851/2851/2851 2925/2925/2925 2852/2852/2852
f 2852/2852/2852 2925/2925/2925 2926/2926/2926
f 2852/2852/2852 2926/2926/2926 2927/2927/2927
f 2852/2852/2852 2927/2927/2927 2853/2853/2853
f 2853/2853/2853 2927/2927/2927 2854/2854/2854
f 2854/2854/2854 2927/2927/2927 2928/2928/2928
f 2854/2854/2854 2928/2928/2928 2929/2929/2929
f 2854/2854/2854 2929/2929/2929 2855/2855/2855
f 2855/2855/2855 2929/2929/2929 2856/2856/2856
f 2856/2856/2856 2929/2929/2929 2930/2930/2930
f 2856/2856/2856 2930/2930/2930 2931/2931/2931
f 2856/2856/2856 2931/2931/2931 2857/2857/2857
f 2857/2857/2857 2931/2931/2931 2858/2858/2858
f 2858/2858/2858 2931/2931/2931 2932/2932/2932
f 2858/2858/2858 2932/2932/2932 2933/2933/2933
f 2858/2858/2858 2933/2933/2933 2859/2859/2859
f 2859/2859/2859 2933/2933/2933 2860/2860/2860
f 2860/2860/2860 2933/2933/2933 2934/2934/2934
f 2860/2860/2860 2934/2934/2934 2935/2935/2935
f 2860/2860/2860 2935/2935/2935 2861/2861/2861
f 2861/2861/2861 2935/2935/2935 2862/2862/2862
f 2862/2862/2862 2935/2935/2935 2936/2936/2936
f 2862/2862/2862 2936/2936/2936 2937/2937/2937
f 2862/2862/2862 2937/2937/2937 2863/2863/2863
f 2863/2863/2863 2937/2937/2937 2864/2864/2864
f 2864/2864/2864 2937/2937/2937 2938/2938/2938
f 2864/2864/2864 2938/2938/2938 2939/2939/2939
f 2864/2864/2864 2939/2939/2939 2865/2865/2865
f 2865/2865/2865 2939/2939/2939 2866/2866/2866
f 2866/2866/2866 2939/2939/2939 2940/2940/2940
f 2866/2866/2866 2940/2940/2940 2941/2941/2941
f 2866/2866/2866 2941/2941/2941 2867/2867/2867
f 2867/2867/2867 2941/2941/2941 2868/2868/2868
f 2868/2868/2868 2941/2941/2941 2942/2942/2942
f 2868/2868/2868 2942/2942/2942 2943/2943/2943
f 2868/2868/2868 2943/2943/2943 2869/2869/2869
f 2869/2869/2869 2943/2943/2943 2870/2870/2870
f 2870/2870/2870 2943/2943/2943 2944/2944/2944
f 2870/2870/2870 2944/2944/2944 2945/2945/2945
f 2870/2870/2870 2945/2945/2945 2871/2871/2871
f 2871/2871/2871 2945/2945/2945 2872/2872/2872
f 2872/2872/2872 2945/2945/2945 2946/2946/2946
f 2872/2872/2872 2946/2946/2946 2947/2947/2947
f 2872/2872/2872 2947/2947/2947 2873/2873/2873
f 2873/2873/2873 2947/2947/2947 2874/2874/2874
f 2874/2874/2874 2947/2947/2947 2948/2948/2948
f 2874/2874/2874 2948/2948/2948 2949/2949/2949
f 2874/2874/2874 2949/2949/2949 2875/2875/2875
f 2875/2875/2875 2949/2949/2949 2876/2876/2876
f 2876/2876/2876 2949/2949/2949 2950/2950/2950
f 2876/2876/2876 2950/2950/2950 2951/2951/2951
f 2876/2876/2876 2951/2951/2951 2877/2877/2877
f 2877/2877/2877 2951/2951/2951 2878/2878/2878
f 2878/2878/2878 2951/2951/2951 2952/2952/2952
f 2878/2878/2878 2952/2952/2952 2953/2953/2953
f 2878/2878/2878 2953/2953/2953 2879/2879/2879
f 2879/2879/2879 2953/2953/2953 2880/2880/2880
f 2880/2880/2880 2953/2953/2953 2954/2954/2954
f 2880/2880/2880 2954/2954/2954 2955/2955/2955
f 2880/2880/2880 2955/2955/2955 2881/2881/2881
f 2881/2881/2881 2955/2955/2955 2882/2882/2882
f 2882/2882/2882 2955/2955/2955 2956/2956/2956
f 2882/2882/2882 2956/2956/2956 2957/2957/2957
f 2882/2882/2882 2957/2957/2957 2883/2883/2883
f 2883/2883/2883 2957/2957/2957 2884/2884/2884
f 2884/2884/2884 2957/2957/2957 2958/2958/2958
f 2884/2884/2884 2958/2958/2958 2959/2959/2959
f 2884/2884/2884 2959/2959/2959 2885/2885/2885
f 2885/2885/2885 2959/2959/2959 2886/2886/2886
f 2886/2886/2886 2959/2959/2959 2960/2960/2960
f 2887/2887/2887 2961/2961/2961 2962/2962/2962
f 2887/2887/2887 2962/2962/2962 2888/2888/2888
f 2888/2888/2888 2962/2962/2962 2889/2889/2889
f 2889/2889/2889 2962/2962/2962 2963/2963/2963
f 2889/2889/2889 2963/2963/2963 2964/2964/2964
f 2889/2889/2889 2964/2964/2964 2890/2890/2890
f 2890/2890/2890 2964/2964/2964 2891/2891/2891
f 2891/2891/2891 2964/2964/2964 2965/2965/2965
f 2891/2891/2891 2965/2965/2965 2966/2966/2966
f 2891/2891/2891 2966/2966/2966 2892/2892/2892
f 2892/2892/2892 2966/2966/2966 2893/2893/2893
f 2893/2893/2893 2966/2966/2966 2967/2967/2967
f 2893/2893/2893 2967/2967/2967 2968/2968/2968
f 2893/2893/2893 2968/2968/2968 2894/2894/2894
f 2894/2894/2894 2968/2968/2968 2895/2895/2895
f 2895/2895/2895 2968/2968/2968 2969/2969/2969
f 2895/2895/2895 2969/2969/2969 2970/2970/2970
f 2895/2895/2895 2970/2970/2970 2896/2896/2896
f 2896/2896/2896 2970/2970/2970 2897/2897/2897
f 2897/2897/2897 2970/2970/2970 2971/2971/2971
f 2897/2897/2897 2971/2971/2971 2972/2972/2972
f 2897/2897/2897 2972/2972/2972 2898/2898/2898
f 2898/2898/2898 2972/2972/2972 2899/2899/2899
f 2899/2899/2899 2972/2972/2972 2973/2973/2973
f 2899/2899/2899 2973/2973/2973 2974/2974/2974
f 2899/2899/2899 2974/2974/2974 2900/2900/2900
f 2900/2900/2900 2974/2974/2974 2901/2901/2901
f 2901/2901/2901 2974/2974/2974 2975/2975/2975
f 2901/2901/2901 2975/2975/2975 2976/2976/2976
f 2901/2901/2901 2976/2976/2976 2902/2902/2902
f 2902/2902/2902 2976/2976/2976 2903/2903/2903
f 2903/2903/2903 2976/2976/2976 2977/2977/2977
f 2903/2903/2903 2977/2977/2977 2978/2978/2978
f 2903/2903/2903 2978/2978/2978 2904/2904/2904
f 2904/2904/2904 2978/2978/2978 2905/2905/2905
f 2905/2905/2905 2978/2978/2978 2979/2979/2979
f 2905/2905/2905 2979/2979/2979 2980/2980/2980
f 2905/2905/2905 2980/2980/2980 2906/2906/2906
f 2906/2906/2906 2980/2980/2980 2907/2907/2907
f 2907/2907/2907 2980/2980/2980 2981/2981/2981
f 2907/2907/2907 2981/2981/2981 2982/2982/2982
f 2907/2907/2907 2982/2982/2982 2908/2908/2908
f 2908/2908/2908 2982/2982/2982 2909/2909/2909
f 2909/2909/2909 2982/2982/2982 2983/2983/2983
f 2909/2909/2909 2983/2983/2983 2984/2984/2984
f 2909/2909/2909 2984/2984/2984 2910/2910/2910
f 2910/2910/2910 2984/2984/2984 2911/2911/2911
f 2911/2911/2911 2984/2984/2984 2985/2985/2985
f 2911/2911/2911 2985/2985/2985 2986/2986/2986
f 2911/2911/2911 2986/2986/2986 2912/2912/2912
f 2912/2912/2912 2986/2986/2986 2913/2913/2913
f 2913/2913/2913 2986/2986/2986 2987/2987/2987
f 2913/2913/2913 2987/2987/2987 2988/2988/2988
f 2913/2913/2913 2988/2988/2988 2914/2914/2914
f 2914/2914/2914 2988/2988/2988 2915/2915/2915
f 2915/2915/2915 2988/2988/2988 2989/2989/2989
f 2915/2915/2915 2989/2989/2989 2990/2990/2990
f 2915/2915/2915 2990/2990/2990 2916/2916/2916
f 2916/2916/2916 2990/2990/2990 2917/2917/2917
f 2917/2917/2917 2990/2990/2990 2991/2991/2991
f 2917/2917/2917 2991/2991/2991 2992/2992/2992
f 2917/2917/2917 2992/2992/2992 2918/2918/2918
f 2918/2918/2918 2992/2992/2992 2919/2919/2919
f 2919/2919/2919 2992/2992/2992 2993/2993/2993
f 2919/2919/2919 2993/2993/2993 2994/2994/2994
f 2919/2919/2919 2994/2994/2994 2920/2920/2920
f 2920/2920/2920 2994/2994/2994 2921/2921/2921
f 2921/2921/2921 2994/2994/2994 2995/2995/2995
f 2921/2921/2921 2995/2995/2995 2996/2996/2996
f 2921/2921/2921 2996/2996/2996 2922/2922/2922
f 2922/2922/2922 2996/2996/2996 2923/2923/2923
f 2923/2923/2923 2996/2996/2996 2997/2997/2997
f 2923/2923/2923 2997/2997/2997 2998/2998/2998
f 2923/2923/2923 2998/2998/2998 2924/2924/2924
f 2924/2924/2924 2998/2998/2998 2925/2925/2925
f 2925/2925/2925 2998/2998/2998 2999/2999/2999
f 2925/2925/2925 2999/2999/2999 3000/3000/3000
f 2925/2925/2925 3000/3000/3000 2926/2926/2926
f 2926/2926/2926 3000/3000/3000 2927/2927/2927
f 2927/2927/2927 3000/3000/3000 3001/3001/3001
f 2927/2927/2927 3001/3001/3001 3002/3002/3002
f 2927/2927/2927 3002/3002/3002 2928/2928/2928
f 2928/2928/2928 3002/3002/3002 2929/2929/2929
f 2929/2929/2929 3002/3002/3002 3003/3003/3003
f 2929/2929/2929 3003/3003/3003 3004/3004/3004
f 2929/2929/2929 3004/3004/3004 2930/2930/2930
f 2930/2930/2930 3004/3004/3004 2931/2931/2931
f 2931/2931/2931 3004/3004/3004 3005/3005/3005
f 2931/2931/2931 3005/3005/3005 3006/3006/3006
f 2931/2931/2931 3006/3006/3006 2932/2932/2932
f 2932/2932/2932 3006/3006/3006 2933/2933/2933
f 2933/2933/2933 3006/3006/3006 3007/3007/3007
f 2933/2933/2933 3007/3007/3007 3008/3008/3008
f 2933/2933/2933 3008/3008/3008 2934/2934/2934
f 2934/2934/2934 3008/3008/3008 2935/2935/2935
f 2935/2935/2935 3008/3008/3008 3009/3009/3009
f 2935/2935/2935 3009/3009/3009 3010/3010/3010
f 2935/2935/2935 3010/3010/3010 2936/2936/2936
f 2936/2936/2936 3010/3010/3010 2937/2937/2937
f 2937/2937/2937 3010/3010/3010 3011/3011/3011
f 2937/2937/2937 3011/3011/3011 3012/3012/3012
f 2937/2937/2937 3012/3012/3012 2938/2938/2938
f 2938/2938/2938 3012/3012/3012 2939/2939/2939
f 2939/2939/2939 3012/3012/3012 3013/3013/3013
f 2939/2939/2939 3013/3013/3013 3014/3014/3014
f 2939/2939/2939 3014/3014/3014 2940/2940/2940
f 2940/2940/2940 3014/3014/3014 2941/2941/2941
f 2941/2941/2941 3014/3014/3014 3015/3015/3015
f 2941/2941/2941 3015/3015/3015 3016/3016/3016
f 2941/2941/2941 3016/3016/3016 2942/2942/2942
f 2942/2942/2942 3016/3016/3016 2943/2943/2943
f 2943/2943/2943 3016/3016/3016 3017/3017/3017
f 2943/2943/2943 3017/3017/3017 3018/3018/3018
f 2943/2943/2943 3018/3018/3018 2944/2944/2944
f 2944/2944/2944 3018/3018/3018 2945/2945/2945
f 2945/2945/2945 3018/3018/3018 3019/3019/3019
f 2945/2945/2945 3019/3019/3019 3020/3020/3020
f 2945/2945/2945 3020/3020/3020 2946/2946/2946
f 2946/2946/2946 3020/3020/3020 2947/2947/2947
f 2947/2947/2947 3020/3020/3020 3021/3021/3021
f 2947/2947/2947 3021/3021/3021 3022/3022/3022
f 2947/2947/2947 3022/3022/3022 2948/2948/2948
f 2948/2948/2948 3022/3022/3022 2949/2949/2949
f 2949/2949/2949 3022/3022/3022 3023/3023/3023
f 2949/2949/2949 3023/3023/3023 3024/3024/3024
f 2949/2949/2949 3024/3024/3024 2950/2950/2950
f 2950/2950/2950 3024/3024/3024 2951/2951/2951
f 2951/2951/2951 3024/3024/3024 3025/3025/3025
f 2951/2951/2951 3025/3025/3025 3026/3026/3026
f 2951/2951/2951 3026/3026/3026 2952/2952/2952
f 2952/2952/2952 3026/3026/3026 2953/2953/2953
f 2953/2953/2953 3026/3026/3026 3027/3027/3027
f 2953/2953/2953 3027/3027/3027 3028/3028/3028
f 2953/2953/2953 3028/3028/3028 2954/2954/2954
f 2954/2954/2954 3028/3028/3028 2955/2955/2955
f 2955/2955/2955 3028/3028/3028 3029/3029/3029
f 2955/2955/2955 3029/3029/3029 3030/3030/3030
f 2955/2955/2955 3030/3030/3030 2956/2956/2956
f 2956/2956/2956 3030/3030/3030 2957/2957/2957
f 2957/2957/2957 3030/3030/3030 3031/3031/3031
f 2957/2957/2957 3031/3031/3031 3032/3032/3032
f 2957/2957/2957 3032/3032/3032 2958/2958/2958
f 2958/2958/2958 3032/3032/3032 2959/2959/2959
f 2959/2959/2959 3032/3032/3032 3033/3033/3033
f 2959/2959/2959 3033/3033/3033 3034/3034/3034
f 2959/2959/2959 3034/3034/3034 2960/2960/2960
f 2961/2961/2961 3035/3035/3035 2962/2962/2962
f 2962/2962/2962 3035/3035/3035 3036/3036/3036
f 2962/2962/2962 3036/3036/3036 3037/3037/3037
f 2962/2962/2962 3037/3037/3037 2963/2963/2963
f 2963/2963/2963 3037/3037/3037 2964/2964/2964
f 2964/2964/2964 3037/3037/3037 3038/3038/3038
f 2964/2964/2964 3038/3038/3038 3039/3039/3039
f 2964/2964/2964 3039/3039/3039 2965/2965/2965
f 2965/2965/2965 3039/3039/3039 2966/2966/2966
f 2966/2966/2966 3039/3039/3039 3040/3040/3040
f 2966/2966/2966 3040/3040/3040 3041/3041/3041
f 2966/2966/2966 3041/3041/3041 2967/2967/2967
f 2967/2967/2967 3041/3041/3041 2968/2968/2968
f 2968/2968/2968 3041/3041/3041 3042/3042/3042
f 2968/2968/2968 3042/3042/3042 3043/3043/3043
f 2968/2968/2968 3043/3043/3043 2969/2969/2969
f 2969/2969/2969 3043/3043/3043 2970/2970/2970
f 2970/2970/2970 3043/3043/3043 3044/3044/3044
f 2970/2970/2970 3044/3044/3044 3045/3045/3045
f 2970/2970/2970 3045/3045/3045 2971/2971/2971
f 2971/2971/2971 3045/3045/3045 2972/2972/2972
f 2972/2972/2972 3045/3045/3045 3046/3046/3046
f 2972/2972/2972 3046/3046/3046 3047/3047/3047
f 2972/2972/2972 3047/3047/3047 2973/2973/2973
f 2973/2973/2973 3047/3047/3047 2974/2974/2974
f 2974/2974/2974 3047/3047/3047 3048/3048/3048
f 2974/2974/2974 3048/3048/3048 3049/3049/3049
f 2974/2974/2974 3049/3049/3049 2975/2975/2975
f 2975/2975/2975 3049/3049/3049 2976/2976/2976
f 2976/2976/2976 3049/3049/3049 3050/3050/3050
f 2976/2976/2976 3050/3050/3050 3051/3051/3051
f 2976/2976/2976 3051/3051/3051 2977/2977/2977
f 2977/2977/2977 3051/3051/3051 2978/2978/2978
f 2978/2978/2978 3051/3051/3051 3052/3052/3052
f 2978/2978/2978 3052/3052/3052 3053/3053/3053
f 2978/2978/2978 3053/3053/3053 2979/2979/2979
f 2979/2979/2979 3053/3053/3053 2980/2980/2980
f 2980/2980/2980 3053/3053/3053 3054/3054/3054
f 2980/2980/2980 3054/3054/3054 3055/3055/3055
f 2980/2980/2980 3055/3055/3055 2981/2981/2981
f 2981/2981/2981 3055/3055/3055 2982/2982/2982
f 2982/2982/2982 3055/3055/3055 3056/3056/3056
f 2982/2982/2982 3056/3056/3056 3057/3057/3057
f 2982/2982/2982 3057/3057/3057 2983/2983/2983
f 2983/2983/2983 3057/3057/3057 2984/2984/2984
f 2984/2984/2984 3057/3057/3057 3058/3058/3058
f 2984/2984/2984 3058/3058/3058 3059/3059/3059
f 2984/2984/2984 3059/3059/3059 2985/2985/2985
f 2985/2985/2985 3059/3059/3059 2986/2986/2986
f 2986/2986/2986 3059/3059/3059 3060/3060/3060
f 2986/2986/2986 3060/3060/3060 3061/3061/3061
f 2986/2986/2986 3061/3061/3061 2987/2987/2987
f 2987/2987/2987 3061/3061/3061 2988/2988/2988
f 2988/2988/2988 3061/3061/3061 3062/3062/3062
f 2988/2988/2988 3062/3062/3062 3063/3063/3063
f 2988/2988/2988 3063/3063/3063 2989/2989/2989
f 2989/2989/2989 3063/3063/3063 2990/2990/2990
f 2990/2990/2990 3063/3063/3063 3064/3064/3064
f 2990/2990/2990 3064/3064/3064 3065/3065/3065
f 2990/2990/2990 3065/3065/3065 2991/2991/2991
f 2991/2991/2991 3065/3065/3065 2992/2992/2992
f 2992/2992/2992 3065/3065/3065 3066/3066/3066
f 2992/2992/2992 3066/3066/3066 3067/3067/3067
f 2992/2992/2992 3067/3067/3067 2993/2993/2993
f 2993/2993/2993 3067/3067/3067 2994/2994/2994
f 2994/2994/2994 3067/3067/3067 3068/3068/3068
f 2994/2994/2994 3068/3068/3068 3069/3069/3069
f 2994/2994/2994 3069/3069/3069 2995/2995/2995
f 2995/2995/2995 3069/3069/3069 2996/2996/2996
f 2996/2996/2996 3069/3069/3069 3070/3070/3070
f 2996/2996/2996 3070/3070/3070 3071/3071/3071
f 2996/2996/2996 3071/3071/3071 2997/2997/2997
f 2997/2997/2997 3071/3071/3071 2998/2998/2998
f 2998/2998/2998 3071/3071/3071 3072/3072/3072
f 2998/2998/2998 3072/3072/3072 3073/3073/3073
f 2998/2998/2998 3073/3073/3073 2999/2999/2999
f 2999/2999/2999 3073/3073/3073 3000/3000/3000
f 3000/3000/3000 3073/3073/3073 3074/3074/3074
f 3000/3000/3000 3074/3074/3074 3075/3075/3075
f 3000/3000/3000 3075/3075/3075 3001/3001/3001
f 3001/3001/3001 3075/3075/3075 3002/3002/3002
f 3002/3002/3002 3075/3075/3075 3076/3076/3076
f 3002/3002/3002 3076/3076/3076 3077/3077/3077
f 3002/3002/3002 3077/3077/3077 3003/3003/3003
f 3003/3003/3003 3077/3077/3077 3004/3004/3004
f 3004/3004/3004 3077/3077/3077 3078/3078/3078
f 3004/3004/3004 3078/3078/3078 3079/3079/3079
f 3004/3004/3004 3079/3079/3079 3005/3005/3005
f 3005/3005/3005 3079/3079/3079 3006/3006/3006
f 3006/3006/3006 3079/3079/3079 3080/3080/3080
f 3006/3006/3006 3080/3080/3080 3081/3081/3081
f 3006/3006/3006 3081/3081/3081 3007/3007/3007
f 3007/3007/3007 3081/3081/3081 3008/3008/3008
f 3008/3008/3008 3081/3081/3081 3082/3082/3082
f 3008/3008/3008 3082/3082/3082 3083/3083/3083
f 3008/3008/3008 3083/3083/3083 3009/3009/3009
f 3009/3009/3009 3083/3083/3083 3010/3010/3010
f 3010/3010/3010 3083/3083/3083 3084/3084/3084
f 3010/3010/3010 3084/3084/3084 3085/3085/3085
f 3010/3010/3010 3085/3085/3085 3011/3011/3011
f 3011/3011/3011 3085/3085/3085 3012/3012/3012
f 3012/3012/3012 3085/3085/3085 3086/3086/3086
f 3012/3012/3012 3086/3086/3086 3087/3087/3087
f 3012/3012/3012 3087/3087/3087 3013/3013/3013
f 3013/3013/3013 3087/3087/3087 3014/3014/3014
f 3014/3014/3014 3087/3087/3087 3088/3088/3088
f 3014/3014/3014 3088/3088/3088 3089/3089/3089
f 3014/3014/3014 3089/3089/3089 3015/3015/3015
f 3015/3015/3015 3089/3089/3089 3016/3016/3016
f 3016/3016/3016 3089/3089/3089 3090/3090/3090
f 3016/3016/3016 3090/3090/3090 3091/3091/3091
f 3016/3016/3016 3091/3091/3091 3017/3017/3017
f 3017/3017/3017 3091/3091/3091 3018/3018/3018
f 3018/3018/3018 3091/3091/3091 3092/3092/3092
f 3018/3018/3018 3092/3092/3092 3093/3093/3093
f 3018/3018/3018 3093/3093/3093 3019/3019/3019
f 3019/3019/3019 3093/3093/3093 3020/3020/3020
f 3020/3020/3020 3093/3093/3093 3094/3094/3094
f 3020/3020/3020 3094/3094/3094 3095/3095/3095
f 3020/3020/3020 3095/3095/3095 3021/3021/3021
f 3021/3021/3021 3095/3095/3095 3022/3022/3022
f 3022/3022/3022 3095/3095/3095 3096/3096/3096
f 3022/3022/3022 3096/3096/3096 3097/3097/3097
f 3022/3022/3022 3097/3097/3097 3023/3023/3023
f 3023/3023/3023 3097/3097/3097 3024/3024/3024
f 3024/3024/3024 3097/3097/3097 3098/3098/3098
f 3024/3024/3024 3098/3098/3098 3099/3099/3099
f 3024/3024/3024 3099/3099/3099 3025/3025/3025
f 3025/3025/3025 3099/3099/3099 3026/3026/3026
f 3026/3026/3026 3099/3099/3099 3100/3100/3100
f 3026/3026/3026 3100/3100/3100 3101/3101/3101
f 3026/3026/3026 3101/3101/3101 3027/3027/3027
f 3027/3027/3027 3101/3101/3101 3028/3028/3028
f 3028/3028/3028 3101/3101/3101 3102/3102/3102
f 3028/3028/3028 3102/3102/3102 3103/3103/3103
f 3028/3028/3028 3103/3103/3103 3029/3029/3029
f 3029/3029/3029 3103/3103/3103 3030/3030/3030
f 3030/3030/3030 3103/3103/3103 3104/3104/3104
f 3030/3030/3030 3104/3104/3104 3105/3105/3105
f 3030/3030/3030 3105/3105/3105 3031/3031/3031
f 3031/3031/3031 3105/3105/3105 3032/3032/3032
f 3032/3032/3032 3105/3105/3105 3106/3106/3106
f 3032/3032/3032 3106/3106/3106 3107/3107/3107
f 3032/3032/3032 3107/3107/3107 3033/3033/3033
f 3033/3033/3033 3107/3107/3107 3034/3034/3034
f 3034/3034/3034 3107/3107/3107 3108/3108/3108
f 3035/3035/3035 3109/3109/3109 3110/3110/3110
f 3035/3035/3035 3110/3110/3110 3036/3036/3036
f 3036/3036/3036 3110/3110/3110 3037/3037/3037
f 3037/3037/3037 3110/3110/3110 3111/3111/3111
f 3037/3037/3037 3111/3111/3111 3112/3112/3112
f 3037/3037/3037 3112/3112/3112 3038/3038/3038
f 3038/3038/3038 3112/3112/3112 3039/3039/3039
f 3039/3039/3039 3112/3112/3112 3113/3113/3113
f 3039/3039/3039 3113/3113/3113 3114/3114/3114
f 3039/3039/3039 3114/3114/3114 3040/3040/3040
f 3040/3040/3040 3114/3114/3114 3041/3041/3041
f 3041/3041/3041 3114/3114/3114 3115/3115/3115
f 3041/3041/3041 3115/3115/3115 3116/3116/3116
f 3041/3041/3041 3116/3116/3116 3042/3042/3042
f 3042/3042/3042 3116/3116/3116 3043/3043/3043
f 3043/3043/3043 3116/3116/3116 3117/3117/3117
f 3043/3043/3043 3117/3117/3117 3118/3118/3118
f 3043/3043/3043 3118/3118/3118 3044/3044/3044
f 3044/3044/3044 3118/3118/3118 3045/3045/3045
f 3045/3045/3045 3118/3118/3118 3119/3119/3119
f 3045/3045/3045 3119/3119/3119 3120/3120/3120
f 3045/3045/3045 3120/3120/3120 3046/3046/3046
f 3046/3046/3046 3120/3120/3120 3047/3047/3047
f 3047/3047/3047 3120/3120/3120 3121/3121/3121
f 3047/3047/3047 3121/3121/3121 3122/3122/3122
f 3047/3047/3047 3122/3122/3122 3048/3048/3048
f 3048/3048/3048 3122/3122/3122 3049/3049/3049
f 3049/3049/3049 3122/3122/3122 3123/3123/3123
f 3049/3049/3049 3123/3123/3123 3124/3124/3124
f 3049/3049/3049 3124/3124/3124 3050/3050/3050
f 3050/3050/3050 3124/3124/3124 3051/3051/3051
f 3051/3051/3051 3124/3124/3124 3125/3125/3125
f 3051/3051/3051 3125/3125/3125 3126/3126/3126
f 3051/3051/3051 3126/3126/3126 3052/3052/3052
f 3052/3052/3052 3126/3126/3126 3053/3053/3053
f 3053/3053/3053 3126/3126/3126 3127/3127/3127
f 3053/3053/3053 3127/3127/3127 3128/3128/3128
f 3053/3053/3053 3128/3128/3128 3054/3054/3054
f 3054/3054/3054 3128/3128/3128 3055/3055/3055
f 3055/3055/3055 3128/3128/3128 3129/3129/3129
f 3055/3055/3055 3129/3129/3129 3130/3130/3130
f 3055/3055/3055 3130/3130/3130 3056/3056/3056
f 3056/3056/3056 3130/3130/3130 3057/3057/3057
f 3057/3057/3057 3130/3130/3130 3131/3131/3131
f 3057/3057/3057 3131/3131/3131 3132/3132/3132
f 3057/3057/3057 3132/3132/3132 3058/3058/3058
f 3058/3058/3058 3132/3132/3132 3059/3059/3059
f 3059/3059/3059 3132/3132/3132 3133/3133/3133
f 3059/3059/3059 3133/3133/3133 3134/3134/3134
f 3059/3059/3059 3134/3134/3134 3060/3060/3060
f 3060/3060/3060 3134/3134/3134 3061/3061/3061
f 3061/3061/3061 3134/3134/3134 3135/3135/3135
f 3061/3061/3061 3135/3135/3135 3136/3136/3136
f 3061/3061/3061 3136/3136/3136 3062/3062/3062
f 3062/3062/3062 3136/3136/3136 3063/3063/3063
f 3063/3063/3063 3136/3136/3136 3137/3137/3137
f 3063/3063/3063 3137/3137/3137 3138/3138/3138
f 3063/3063/3063 3138/3138/3138 3064/3064/3064
f 3064/3064/3064 3138/3138/3138 3065/3065/3065
f 3065/3065/3065 3138/3138/3138 3139/3139/3139
f 3065/3065/3065 3139/3139/3139 3140/3140/3140
f 3065/3065/3065 3140/3140/3140 3066/3066/3066
f 3066/3066/3066 3140/3140/3140 3067/3067/3067
f 3067/3067/3067 3140/3140/3140 3141/3141/3141
f 3067/3067/3067 3141/3141/3141 3142/3142/3142
f 3067/3067/3067 3142/3142/3142 3068/3068/3068
f 3068/3068/3068 3142/3142/3142 3069/3069/3069
f 3069/3069/3069 3142/3142/3142 3143/3143/3143
f 3069/3069/3069 3143/3143/3143 3144/3144/3144
f 3069/3069/3069 3144/3144/3144 3070/3070/3070
f 3070/3070/3070 3144/3144/3144 3071/3071/3071
f 3071/3071/3071 3144/3144/3144 3145/3145/3145
f 3071/3071/3071 3145/3145/3145 3146/3146/3146
f 3071/3071/3071 3146/3146/3146 3072/3072/3072
f 3072/3072/3072 3146/3146/3146 3073/3073/3073
f 3073/3073/3073 3146/3146/3146 3147/3147/3147
f 3073/3073/3073 3147/3147/3147 3148/3148/3148
f 3073/3073/3073 3148/3148/3148 3074/3074/3074
f 3074/3074/3074 3148/3148/3148 3075/3075/3075
f 3075/3075/3075 3148/3148/3148 3149/3149/3149
f 3075/3075/3075 3149/3149/3149 3150/3150/3150
f 3075/3075/3075 3150/3150/3150 3076/3076/3076
f 3076/3076/3076 3150/3150/3150 3077/3077/3077
f 3077/3077/3077 3150/3150/3150 3151/3151/3151
f 3077/3077/3077 3151/3151/3151 3152/3152/3152
f 3077/3077/3077 3152/3152/3152 3078/3078/3078
f 3078/3078/3078 3152/3152/3152 3079/3079/3079
f 3079/3079/3079 3152/3152/3152 3153/3153/3153
f 3079/3079/3079 3153/3153/3153 3154/3154/3154
f 3079/3079/3079 3154/3154/3154 3080/3080/3080
f 3080/3080/3080 3154/3154/3154 3081/3081/3081
f 3081/3081/3081 3154/3154/3154 3155/3155/3155
f 3081/3081/3081 3155/3155/3155 3156/3156/3156
f 3081/3081/3081 3156/3156/3156 3082/3082/3082
f 3082/3082/3082 3156/3156/3156 3083/3083/3083
f 3083/3083/3083 3156/3156/3156 3157/3157/3157
f 3083/3083/3083 3157/3157/3157 3158/3158/3158
f 3083/3083/3083 3158/3158/3158 3084/3084/3084
f 3084/3084/3084 3158/3158/3158 3085/3085/3085
f 3085/3085/3085 3158/3158/3158 3159/3159/3159
f 3085/3085/3085 3159/3159/3159 3160/3160/3160
f 3085/3085/3085 3160/3160/3160 3086/3086/3086
f 3086/3086/3086 3160/3160/3160 3087/3087/3087
f 3087/3087/3087 3160/3160/3160 3161/3161/3161
f 3087/3087/3087 3161/3161/3161 3162/3162/3162
f 3087/3087/3087 3162/3162/3162 3088/3088/3088
f 3088/3088/3088 3162/3162/3162 3089/3089/3089
f 3089/3089/3089 3162/3162/3162 3163/3163/3163
f 3089/3089/3089 3163/3163/3163 3164/3164/3164
f 3089/3089/3089 3164/3164/3164 3090/3090/3090
f 3090/3090/3090 3164/3164/3164 3091/3091/3091
f 3091/3091/3091 3164/3164/3164 3165/3165/3165
f 3091/3091/3091 3165/3165/3165 3166/3166/3166
f 3091/3091/3091 3166/3166/3166 3092/3092/3092
f 3092/3092/3092 3166/3166/3166 3093/3093/3093
f 3093/3093/3093 3166/3166/3166 3167/3167/3167
f 3093/3093/3093 3167/3167/3167 3168/3168/3168
f 3093/3093/3093 3168/3168/3168 3094/3094/3094
f 3094/3094/3094 3168/3168/3168 3095/3095/3095
f 3095/3095/3095 3168/3168/3168 3169/3169/3169
f 3095/3095/3095 3169/3169/3169 3170/3170/3170
f 3095/3095/3095 3170/3170/3170 3096/3096/3096
f 3096/3096/3096 3170/3170/3170 3097/3097/3097
f 3097/3097/3097 3170/3170/3170 3171/3171/3171
f 3097/3097/3097 3171/3171/3171 3172/3172/3172
f 3097/3097/3097 3172/3172/3172 3098/3098/3098
f 3098/3098/3098 3172/3172/3172 3099/3099/3099
f 3099/3099/3099 3172/3172/3172 3173/3173/3173
f 3099/3099/3099 3173/3173/3173 3174/3174/3174
f 3099/3099/3099 3174/3174/3174 3100/3100/3100
f 3100/3100/3100 3174/3174/3174 3101/3101/3101
f 3101/3101/3101 3174/3174/3174 3175/3175/3175
f 3101/3101/3101 3175/3175/3175 3176/3176/3176
f 3101/3101/3101 3176/3176/3176 3102/3102/3102
f 3102/3102/3102 3176/3176/3176 3103/3103/3103
f 3103/3103/3103 3176/3176/3176 3177/3177/3177
f 3103/3103/3103 3177/3177/3177 3178/3178/3178
f 3103/3103/3103 3178/3178/3178 3104/3104/3104
f 3104/3104/3104 3178/3178/3178 3105/3105/3105
f 3105/3105/3105 3178/3178/3178 3179/3179/3179
f 3105/3105/3105 3179/3179/3179 3180/3180/3180
f 3105/3105/3105 3180/3180/3180 3106/3106/3106
f 3106/3106/3106 3180/3180/3180 3107/3107/3107
f 3107/3107/3107 3180/3180/3180 3181/3181/3181
f 3107/3107/3107 3181/3181/3181 3182/3182/3182
f 3107/3107/3107 3182/3182/3182 3108/3108/3108
f 3109/3109/3109 3183/3183/3183 3110/3110/3110
f 3110/3110/3110 3183/3183/3183 3184/3184/3184
f 3110/3110/3110 3184/3184/3184 3185/3185/3185
f 3110/3110/3110 3185/3185/3185 3111/3111/3111
f 3111/3111/3111 3185/3185/3185 3112/3112/3112
f 3112/3112/3112 3185/3185/3185 3186/3186/3186
f 3112/3112/3112 3186/3186/3186 3187/3187/3187
f 3112/3112/3112 3187/3187/3187 3113/3113/3113
f 3113/3113/3113 3187/3187/3187 3114/3114/3114
f 3114/3114/3114 3187/3187/3187 3188/3188/3188
f 3114/3114/3114 3188/3188/3188 3189/3189/3189
f 3114/3114/3114 3189/3189/3189 3115/3115/3115
f 3115/3115/3115 3189/3189/3189 3116/3116/3116
f 3116/3116/3116 3189/3189/3189 3190/3190/3190
f 3116/3116/3116 3190/3190/3190 3191/3191/3191
f 3116/3116/3116 3191/3191/3191 3117/3117/3117
f 3117/3117/3117 3191/3191/3191 3118/3118/3118
f 3118/3118/3118 3191/3191/3191 3192/3192/3192
f 3118/3118/3118 3192/3192/3192 3193/3193/3193
f 3118/3118/3118 3193/3193/3193 3119/3119/3119
f 3119/3119/3119 3193/3193/3193 3120/3120/3120
f 3120/3120/3120 3193/3193/3193 3194/3194/3194
f 3120/3120/3120 3194/3194/3194 3195/3195/3195
f 3120/3120/3120 3195/3195/3195 3121/3121/3121
f 3121/3121/3121 3195/3195/3195 3122/3122/3122
f 3122/3122/3122 3195/3195/3195 3196/3196/3196
f 3122/3122/3122 3196/3196/3196 3197/3197/3197
f 3122/3122/3122 3197/3197/3197 3123/3123/3123
f 3123/3123/3123 3197/3197/3197 3124/3124/3124
f 3124/3124/3124 3197/3197/3197 3198/3198/3198
f 3124/3124/3124 3198/3198/3198 3199/3199/3199
f 3124/3124/3124 3199/3199/3199 3125/3125/3125
f 3125/3125/3125 3199/3199/3199 3126/3126/3126
f 3126/3126/3126 3199/3199/3199 3200/3200/3200
f 3126/3126/3126 3200/3200/3200 3201/3201/3201
f 3126/3126/3126 3201/3201/3201 3127/3127/3127
f 3127/3127/3127 3201/3201/3201 3128/3128/3128
f 3128/3128/3128 3201/3201/3201 3202/3202/3202
f 3128/3128/3128 3202/3202/3202 3203/3203/3203
f 3128/3128/3128 3203/3203/3203 3129/3129/3129
f 3129/3129/3129 3203/3203/3203 3130/3130/3130
f 3130/3130/3130 3203/3203/3203 3204/3204/3204
f 3130/3130/3130 3204/3204/3204 3205/3205/3205
f 3130/3130/3130 3205/3205/3205 3131/3131/3131
f 3131/3131/3131 3205/3205/3205 3132/3132/3132
f 3132/3132/3132 3205/3205/3205 3206/3206/3206
f 3132/3132/3132 3206/3206/3206 3207/3207/3207
f 3132/3132/3132 3207/3207/3207 3133/3133/3133
f 3133/3133/3133 3207/3207/3207 3134/3134/3134
f 3134/3134/3134 3207/3207/3207 3208/3208/3208
f 3134/3134/3134 3208/3208/3208 3209/3209/3209
f 3134/3134/3134 3209/3209/3209 3135/3135/3135
f 3135/3135/3135 3209/3209/3209 3136/3136/3136
f 3136/3136/3136 3209/3209/3209 3210/3210/3210
f 3136/3136/3136 3210/3210/3210 3211/3211/3211
f 3136/3136/3136 3211/3211/3211 3137/3137/3137
f 3137/3137/3137 3211/3211/3211 3138/3138/3138
f 3138/3138/3138 3211/3211/3211 3212/3212/3212
f 3138/3138/3138 3212/3212/3212 3213/3213/3213
f 3138/3138/3138 3213/3213/3213 3139/3139/3139
f 3139/3139/3139 3213/3213/3213 3140/3140/3140
f 3140/3140/3140 3213/3213/3213 3214/3214/3214
f 3140/3140/3140 3214/3214/3214 3215/3215/3215
f 3140/3140/3140 3215/3215/3215 3141/3141/3141
f 3141/3141/3141 3215/3215/3215 3142/3142/3142
f 3142/3142/3142 3215/3215/3215 3216/3216/3216
f 3142/3142/3142 3216/3216/3216 3217/3217/3217
f 3142/3142/3142 3217/3217/3217 3143/3143/3143
f 3143/3143/3143 3217/3217/3217 3144/3144/3144
f 3144/3144/3144 3217/3217/3217 3218/3218/3218
f 3144/3144/3144 3218/3218/3218 3219/3219/3219
f 3144/3144/3144 3219/3219/3219 3145/3145/3145
f 3145/3145/3145 3219/3219/3219 3146/3146/3146
f 3146/3146/3146 3219/3219/3219 3220/3220/3220
f 3146/3146/3146 3220/3220/3220 3221/3221/3221
f 3146/3146/3146 3221/3221/3221 3147/3147/3147
f 3147/3147/3147 3221/3221/3221 3148/3148/3148
f 3148/3148/3148 3221/3221/3221 3222/3222/3222
f 3148/3148/3148 3222/3222/3222 3223/3223/3223
f 3148/3148/3148 3223/3223/3223 3149/3149/3149
f 3149/3149/3149 3223/3223/3223 3150/3150/3150
f 3150/3150/3150 3223/3223/3223 3224/3224/3224
f 3150/3150/3150 3224/3224/3224 3225/3225/3225
f 3150/3150/3150 3225/3225/3225 3151/3151/3151
f 3151/3151/3151 3225/3225/3225 3152/3152/3152
f 3152/3152/3152 3225/3225/3225 3226/3226/3226
f 3152/3152/3152 3226/3226/3226 3227/3227/3227
f 3152/3152/3152 3227/3227/3227 3153/3153/3153
f 3153/3153/3153 3227/3227/3227 3154/3154/3154
f 3154/3154/3154 3227/3227/3227 3228/3228/3228
f 3154/3154/3154 3228/3228/3228 3229/3229/3229
f 3154/3154/3154 3229/3229/3229 3155/3155/3155
f 3155/3155/3155 3229/3229/3229 3156/3156/3156
f 3156/3156/3156 3229/3229/3229 3230/3230/3230
f 3156/3156/3156 3230/3230/3230 3231/3231/3231
f 3156/3156/3156 3231/3231/3231 3157/3157/3157
f 3157/3157/3157 3231/3231/3231 3158/3158/3158
f 3158/3158/3158 3231/3231/3231 3232/3232/3232
f 3158/3158/3158 3232/3232/3232 3233/3233/3233
f 3158/3158/3158 3233/3233/3233 3159/3159/3159
f 3159/3159/3159 3233/3233/3233 3160/3160/3160
f 3160/3160/3160 3233/3233/3233 3234/3234/3234
f 3160/3160/3160 3234/3234/3234 3235/3235/3235
f 3160/3160/3160 3235/3235/3235 3161/3161/3161
f 3161/3161/3161 3235/3235/3235 3162/3162/3162
f 3162/3162/3162 3235/3235/3235 3236/3236/3236
f 3162/3162/3162 3236/3236/3236 3237/3237/3237
f 3162/3162/3162 3237/3237/3237 3163/3163/3163
f 3163/3163/3163 3237/3237/3237 3164/3164/3164
f 3164/3164/3164 3237/3237/3237 3238/3238/3238
f 3164/3164/3164 3238/3238/3238 3239/3239/3239
f 3164/3164/3164 3239/3239/3239 3165/3165/3165
f 3165/3165/3165 3239/3239/3239 3166/3166/3166
f 3166/3166/3166 3239/3239/3239 3240/3240/3240
f 3166/3166/3166 3240/3240/3240 3241/3241/3241
f 3166/3166/3166 3241/3241/3241 3167/3167/3167
f 3167/3167/3167 3241/3241/3241 3168/3168/3168
f 3168/3168/3168 3241/3241/3241 3242/3242/3242
f 3168/3168/3168 3242/3242/3242 3243/3243/3243
f 3168/3168/3168 3243/3243/3243 3169/3169/3169
f 3169/3169/3169 3243/3243/3243 3170/3170/3170
f 3170/3170/3170 3243/3243/3243 3244/3244/3244
f 3170/3170/3170 3244/3244/3244 3245/3245/3245
f 3170/3170/3170 3245/3245/3245 3171/3171/3171
f 3171/3171/3171 3245/3245/3245 3172/3172/3172
f 3172/3172/3172 3245/3245/3245 3246/3246/3246
f 3172/3172/3172 3246/3246/3246 3247/3247/3247
f 3172/3172/3172 3247/3247/3247 3173/3173/3173
f 3173/3173/3173 3247/3247/3247 3174/3174/3174
f 3174/3174/3174 3247/3247/3247 3248/3248/3248
f 3174/3174/3174 3248/3248/3248 3249/3249/3249
f 3174/3174/3174 3249/3249/3249 3175/3175/3175
f 3175/3175/3175 3249/3249/3249 3176/3176/3176
f 3176/3176/3176 3249/3249/3249 3250/3250/3250
f 3176/3176/3176 3250/3250/3250 3251/3251/3251
f 3176/3176/3176 3251/3251/3251 3177/3177/3177
f 3177/3177/3177 3251/3251/3251 3178/3178/3178
f 3178/3178/3178 3251/3251/3251 3252/3252/3252
f 3178/3178/3178 3252/3252/3252 3253/3253/3253
f 3178/3178/3178 3253/3253/3253 3179/3179/3179
f 3179/3179/3179 3253/3253/3253 3180/3180/3180
f 3180/3180/3180 3253/3253/3253 3254/3254/3254
f 3180/3180/3180 3254/3254/3254 3255/3255/3255
f 3180/3180/3180 3255/3255/3255 3181/3181/3181
f 3181/3181/3181 3255/3255/3255 3182/3182/3182
f 3182/3182/3182 3255/3255/3255 3256/3256/3256
f 3183/3183/3183 3257/3257/3257 3258/3258/3258
f 3183/3183/3183 3258/3258/3258 3184/3184/3184
f 3184/3184/3184 3258/3258/3258 3185/3185/3185
f 3185/3185/3185 3258/3258/3258 3259/3259/3259
f 3185/3185/3185 3259/3259/3259 3260/3260/3260
f 3185/3185/3185 3260/3260/3260 3186/3186/3186
f 3186/3186/3186 3260/3260/3260 3187/3187/3187
f 3187/3187/3187 3260/3260/3260 3261/3261/3261
f 3187/3187/3187 3261/3261/3261 3262/3262/3262
f 3187/3187/3187 3262/3262/3262 3188/3188/3188
f 3188/3188/3188 3262/3262/3262 3189/3189/3189
f 3189/3189/3189 3262/3262/3262 3263/3263/3263
f 3189/3189/3189 3263/3263/3263 3264/3264/3264
f 3189/3189/3189 3264/3264/3264 3190/3190/3190
f 3190/3190/3190 3264/3264/3264 3191/3191/3191
f 3191/3191/3191 3264/3264/3264 3265/3265/3265
f 3191/3191/3191 3265/3265/3265 3266/3266/3266
f 3191/3191/3191 3266/3266/3266 3192/3192/3192
f 3192/3192/3192 3266/3266/3266 3193/3193/3193
f 3193/3193/3193 3266/3266/3266 3267/3267/3267
f 3193/3193/3193 3267/3267/3267 3268/3268/3268
f 3193/3193/3193 3268/3268/3268 3194/3194/3194
f 3194/3194/3194 3268/3268/3268 3195/3195/3195
f 3195/3195/3195 3268/3268/3268 3269/3269/3269
f 3195/3195/3195 3269/3269/3269 3270/3270/3270
f 3195/3195/3195 3270/3270/3270 3196/3196/3196
f 3196/3196/3196 3270/3270/3270 3197/3197/3197
f 3197/3197/3197 3270/3270/3270 3271/3271/3271
f 3197/3197/3197 3271/3271/3271 3272/3272/3272
f 3197/3197/3197 3272/3272/3272 3198/3198/3198
f 3198/3198/3198 3272/3272/3272 3199/3199/3199
f 3199/3199/3199 3272/3272/3272 3273/3273/3273
f 3199/3199/3199 3273/3273/3273 3274/3274/3274
f 3199/3199/3199 3274/3274/3274 3200/3200/3200
f 3200/3200/3200 3274/3274/3274 3201/3201/3201
f 3201/3201/3201 3274/3274/3274 3275/3275/3275
f 3201/3201/3201 3275/3275/3275 3276/3276/3276
f 3201/3201/3201 3276/3276/3276 3202/3202/3202
f 3202/3202/3202 3276/3276/3276 3203/3203/3203
f 3203/3203/3203 3276/3276/3276 3277/3277/3277
f 3203/3203/3203 3277/3277/3277 3278/3278/3278
f 3203/3203/3203 3278/3278/3278 3204/3204/3204
f 3204/3204/3204 3278/3278/3278 3205/3205/3205
f 3205/3205/3205 3278/3278/3278 3279/3279/3279
f 3205/3205/3205 3279/3279/3279 3280/3280/3280
f 3205/3205/3205 3280/3280/3280 3206/3206/3206
f 3206/3206/3206 3280/3280/3280 3207/3207/3207
f 3207/3207/3207 3280/3280/3280 3281/3281/3281
f 3207/3207/3207 3281/3281/3281 3282/3282/3282
f 3207/3207/3207 3282/3282/3282 3208/3208/3208
f 3208/3208/3208 3282/3282/3282 3209/3209/3209
f 3209/3209/3209 3282/3282/3282 3283/3283/3283
f 3209/3209/3209 3283/3283/3283 3284/3284/3284
f 3209/3209/3209 3284/3284/3284 3210/3210/3210
f 3210/3210/3210 3284/3284/3284 3211/3211/3211
f 3211/3211/3211 3284/3284/3284 3285/3285/3285
f 3211/3211/3211 3285/3285/3285 3286/3286/3286
f 3211/3211/3211 3286/3286/3286 3212/3212/3212
f 3212/3212/3212 3286/3286/3286 3213/3213/3213
f 3213/3213/3213 3286/3286/3286 3287/3287/3287
f 3213/3213/3213 3287/3287/3287 3288/3288/3288
f 3213/3213/3213 3288/3288/3288 3214/3214/3214
f 3214/3214/3214 3288/3288/3288 3215/3215/3215
f 3215/3215/3215 3288/3288/3288 3289/3289/3289
f 3215/3215/3215 3289/3289/3289 3290/3290/3290
f 3215/3215/3215 3290/3290/3290 3216/3216/3216
f 3216/3216/3216 3290/3290/3290 3217/3217/3217
f 3217/3217/3217 3290/3290/3290 3291/3291/3291
f 3217/3217/3217 3291/3291/3291 3292/3292/3292
f 3217/3217/3217 3292/3292/3292 3218/3218/3218
f 3218/3218/3218 3292/3292/3292 3219/3219/3219
f 3219/3219/3219 3292/3292/3292 3293/3293/3293
f 3219/3219/3219 3293/3293/3293 3294/3294/3294
f 3219/3219/3219 3294/3294/3294 3220/3220/3220
f 3220/3220/3220 3294/3294/3294 3221/3221/3221
f 3221/3221/3221 3294/3294/3294 3295/3295/3295
f 3221/3221/3221 3295/3295/3295 3296/3296/3296
f 3221/3221/3221 3296/3296/3296 3222/3222/3222
f 3222/3222/3222 3296/3296/3296 3223/3223/3223
f 3223/3223/3223 3296/3296/3296 3297/3297/3297
f 3223/3223/3223 3297/3297/3297 3298/3298/3298
f 3223/3223/3223 3298/3298/3298 3224/3224/3224
f 3224/3224/3224 3298/3298/3298 3225/3225/3225
f 3225/3225/3225 3298/3298/3298 3299/3299/3299
f 3225/3225/3225 3299/3299/3299 3300/3300/3300
f 3225/3225/3225 3300/3300/3300 3226/3226/3226
f 3226/3226/3226 3300/3300/3300 3227/3227/3227
f 3227/3227/3227 3300/3300/3300 3301/3301/3301
f 3227/3227/3227 3301/3301/3301 3302/3302/3302
f 3227/3227/3227 3302/3302/3302 3228/3228/3228
f 3228/3228/3228 3302/3302/3302 3229/3229/3229
f 3229/3229/3229 3302/3302/3302 3303/3303/3303
f 3229/3229/3229 3303/3303/3303 3304/3304/3304
f 3229/3229/3229 3304/3304/3304 3230/3230/3230
f 3230/3230/3230 3304/3304/3304 3231/3231/3231
f 3231/3231/3231 3304/3304/3304 3305/3305/3305
f 3231/3231/3231 3305/3305/3305 3306/3306/3306
f 3231/3231/3231 3306/3306/3306 3232/3232/3232
f 3232/3232/3232 3306/3306/3306 3233/3233/3233
f 3233/3233/3233 3306/3306/3306 3307/3307/3307
f 3233/3233/3233 3307/3307/3307 3308/3308/3308
f 3233/3233/3233 3308/3308/3308 3234/3234/3234
f 3234/3234/3234 3308/3308/3308 3235/3235/3235
f 3235/3235/3235 3308/3308/3308 3309/3309/3309
f 3235/3235/3235 3309/3309/3309 3310/3310/3310
f 3235/3235/3235 3310/3310/3310 3236/3236/3236
f 3236/3236/3236 3310/3310/3310 3237/3237/3237
f 3237/3237/3237 3310/3310/3310 3311/3311/3311
f 3237/3237/3237 3311/3311/3311 3312/3312/3312
f 3237/3237/3237 3312/3312/3312 3238/3238/3238
f 3238/3238/3238 3312/3312/3312 3239/3239/3239
f 3239/3239/3239 3312/3312/3312 3313/3313/3313
f 3239/3239/3239 3313/3313/3313 3314/3314/3314
f 3239/3239/3239 3314/3314/3314 3240/3240/3240
f 3240/3240/3240 3314/3314/3314 3241/3241/3241
f 3241/3241/3241 3314/3314/3314 3315/3315/3315
f 3241/3241/3241 3315/3315/3315 3316/3316/3316
f 3241/3241/3241 3316/3316/3316 3242/3242/3242
f 3242/3242/3242 3316/3316/3316 3243/3243/3243
f 3243/3243/3243 3316/3316/3316 3317/3317/3317
f 3243/3243/3243 3317/3317/3317 3318/3318/3318
f 3243/3243/3243 3318/3318/3318 3244/3244/3244
f 3244/3244/3244 3318/3318/3318 3245/3245/3245
f 3245/3245/3245 3318/3318/3318 3319/3319/3319
f 3245/3245/3245 3319/3319/3319 3320/3320/3320
f 3245/3245/3245 3320/3320/3320 3246/3246/3246
f 3246/3246/3246 3320/3320/3320 3247/3247/3247
f 3247/3247/3247 3320/3320/3320 3321/3321/3321
f 3247/3247/3247 3321/3321/3321 3322/3322/3322
f 3247/3247/3247 3322/3322/3322 3248/3248/3248
f 3248/3248/3248 3322/3322/3322 3249/3249/3249
f 3249/3249/3249 3322/3322/3322 3323/3323/3323
f 3249/3249/3249 3323/3323/3323 3324/3324/3324
f 3249/3249/3249 3324/3324/3324 3250/3250/3250
f 3250/3250/3250 3324/3324/3324 3251/3251/3251
f 3251/3251/3251 3324/3324/3324 3325/3325/3325
f 3251/3251/3251 3325/3325/3325 3326/3326/3326
f 3251/3251/3251 3326/3326/3326 3252/3252/3252
f 3252/3252/3252 3326/3326/3326 3253/3253/3253
f 3253/3253/3253 3326/3326/3326 3327/3327/3327
f 3253/3253/3253 3327/3327/3327 3328/3328/3328
f 3253/3253/3253 3328/3328/3328 3254/3254/3254
f 3254/3254/3254 3328/3328/3328 3255/3255/3255
f 3255/3255/3255 3328/3328/3328 3329/3329/3329
f 3255/3255/3255 3329/3329/3329 3330/3330/3330
f 3255/3255/3255 3330/3330/3330 3256/3256/3256
f 3257/3257/3257 3331/3331/3331 3258/3258/3258
f 3258/3258/3258 3331/3331/3331 3332/3332/3332
f 3258/3258/3258 3332/3332/3332 3333/3333/3333
f 3258/3258/3258 3333/3333/3333 3259/3259/3259
f 3259/3259/3259 3333/3333/3333 3260/3260/3260
f 3260/3260/3260 3333/3333/3333 3334/3334/3334
f 3260/3260/3260 3334/3334/3334 3335/3335/3335
f 3260/3260/3260 3335/3335/3335 3261/3261/3261
f 3261/3261/3261 3335/3335/3335 3262/3262/3262
f 3262/3262/3262 3335/3335/3335 3336/3336/3336
f 3262/3262/3262 3336/3336/3336 3337/3337/3337
f 3262/3262/3262 3337/3337/3337 3263/3263/3263
f 3263/3263/3263 3337/3337/3337 3264/3264/3264
f 3264/3264/3264 3337/3337/3337 3338/3338/3338
f 3264/3264/3264 3338/3338/3338 3339/3339/3339
f 3264/3264/3264 3339/3339/3339 3265/3265/3265
f 3265/3265/3265 3339/3339/3339 3266/3266/3266
f 3266/3266/3266 3339/3339/3339 3340/3340/3340
f 3266/3266/3266 3340/3340/3340 3341/3341/3341
f 3266/3266/3266 3341/3341/3341 3267/3267/3267
f 3267/3267/3267 3341/3341/3341 3268/3268/3268
f 3268/3268/3268 3341/3341/3341 3342/3342/3342
f 3268/3268/3268 3342/3342/3342 3343/3343/3343
f 3268/3268/3268 3343/3343/3343 3269/3269/3269
f 3269/3269/3269 3343/3343/3343 3270/3270/3270
f 3270/3270/3270 3343/3343/3343 3344/3344/3344
f 3270/3270/3270 3344/3344/3344 3345/3345/3345
f 3270/3270/3270 3345/3345/3345 3271/3271/3271
f 3271/3271/3271 3345/3345/3345 3272/3272/3272
f 3272/3272/3272 3345/3345/3345 3346/3346/3346
f 3272/3272/3272 3346/3346/3346 3347/3347/3347
f 3272/3272/3272 3347/3347/3347 3273/3273/3273
f 3273/3273/3273 3347/3347/3347 3274/3274/3274
f 3274/3274/3274 3347/3347/3347 3348/3348/3348
f 3274/3274/3274 3348/3348/3348 3349/3349/3349
f 3274/3274/3274 3349/3349/3349 3275/3275/3275
f 3275/3275/3275 3349/3349/3349 3276/3276/3276
f 3276/3276/3276 3349/3349/3349 3350/3350/3350
f 3276/3276/3276 3350/3350/3350 3351/3351/3351
f 3276/3276/3276 3351/3351/3351 3277/3277/3277
f 3277/3277/3277 3351/3351/3351 3278/3278/3278
f 3278/3278/3278 3351/3351/3351 3352/3352/3352
f 3278/3278/3278 3352/3352/3352 3353/3353/3353
f 3278/3278/3278 3353/3353/3353 3279/3279/3279
f 3279/3279/3279 3353/3353/3353 3280/3280/3280
f 3280/3280/3280 3353/3353/3353 3354/3354/3354
f 3280/3280/3280 3354/3354/3354 3355/3355/3355
f 3280/3280/3280 3355/3355/3355 3281/3281/3281
f 3281/3281/3281 3355/3355/3355 3282/3282/3282
f 3282/3282/3282 3355/3355/3355 3356/3356/3356
f 3282/3282/3282 3356/3356/3356 3357/3357/3357
f 3282/3282/3282 3357/3357/3357 3283/3283/3283
f 3283/3283/3283 3357/3357/3357 3284/3284/3284
f 3284/3284/3284 3357/3357/3357 3358/3358/3358
f 3284/3284/3284 3358/3358/3358 3359/3359/3359
f 3284/3284/3284 3359/3359/3359 3285/3285/3285
f 3285/3285/3285 3359/3359/3359 3286/3286/3286
f 3286/3286/3286 3359/3359/3359 3360/3360/3360
f 3286/3286/3286 3360/3360/3360 3361/3361/3361
f 3286/3286/3286 3361/3361/3361 3287/3287/3287
f 3287/3287/3287 3361/3361/3361 3288/3288/3288
f 3288/3288/3288 3361/3361/3361 3362/3362/3362
f 3288/3288/3288 3362/3362/3362 3363/3363/3363
f 3288/3288/3288 3363/3363/3363 3289/3289/3289
f 3289/3289/3289 3363/3363/3363 3290/3290/3290
f 3290/3290/3290 3363/3363/3363 3364/3364/3364
f 3290/3290/3290 3364/3364/3364 3365/3365/3365
f 3290/3290/3290 3365/3365/3365 3291/3291/3291
f 3291/3291/3291 3365/3365/3365 3292/3292/3292
f 3292/3292/3292 3365/3365/3365 3366/3366/3366
f 3292/3292/3292 3366/3366/3366 3367/3367/3367
f 3292/3292/3292 3367/3367/3367 3293/3293/3293
f 3293/3293/3293 3367/3367/3367 3294/3294/3294
f 3294/3294/3294 3367/3367/3367 3368/3368/3368
f 3294/3294/3294 3368/3368/3368 3369/3369/3369
f 3294/3294/3294 3369/3369/3369 3295/3295/3295
f 3295/3295/3295 3369/3369/3369 3296/3296/3296
f 3296/3296/3296 3369/3369/3369 3370/3370/3370
f 3296/3296/3296 3370/3370/3370 3371/3371/3371
f 3296/3296/3296 3371/3371/3371 3297/3297/3297
f 3297/3297/3297 3371/3371/3371 3298/3298/3298
f 3298/3298/3298 3371/3371/3371 3372/3372/3372
f 3298/3298/3298 3372/3372/3372 3373/3373/3373
f 3298/3298/3298 3373/3373/3373 3299/3299/3299
f 3299/3299/3299 3373/3373/3373 3300/3300/3300
f 3300/3300/3300 3373/3373/3373 3374/3374/3374
f 3300/3300/3300 3374/3374/3374 3375/3375/3375
f 3300/3300/3300 3375/3375/3375 3301/3301/3301
f 3301/3301/3301 3375/3375/3375 3302/3302/3302
f 3302/3302/3302 3375/3375/3375 3376/3376/3376
f 3302/3302/3302 3376/3376/3376 3377/3377/3377
f 3302/3302/3302 3377/3377/3377 3303/3303/3303
f 3303/3303/3303 3377/3377/3377 3304/3304/3304
f 3304/3304/3304 3377/3377/3377 3378/3378/3378
f 3304/3304/3304 3378/3378/3378 3379/3379/3379
f 3304/3304/3304 3379/3379/3379 3305/3305/3305
f 3305/3305/3305 3379/3379/3379 3306/3306/3306
f 3306/3306/3306 3379/3379/3379 3380/3380/3380
f 3306/3306/3306 3380/3380/3380 3381/3381/3381
f 3306/3306/3306 3381/3381/3381 3307/3307/3307
f 3307/3307/3307 3381/3381/3381 3308/3308/3308
f 3308/3308/3308 3381/3381/3381 3382/3382/3382
f 3308/3308/3308 3382/3382/3382 3383/3383/3383
f 3308/3308/3308 3383/3383/3383 3309/3309/3309
f 3309/3309/3309 3383/3383/3383 3310/3310/3310
f 3310/3310/3310 3383/3383/3383 3384/3384/3384
f 3310/3310/3310 3384/3384/3384 3385/3385/3385
f 3310/3310/3310 3385/3385/3385 3311/3311/3311
f 3311/3311/3311 3385/3385/3385 3312/3312/3312
f 3312/3312/3312 3385/3385/3385 3386/3386/3386
f 3312/3312/3312 3386/3386/3386 3387/3387/3387
f 3312/3312/3312 3387/3387/3387 3313/3313/3313
f 3313/3313/3313 3387/3387/3387 3314/3314/3314
f 3314/3314/3314 3387/3387/3387 3388/3388/3388
f 3314/3314/3314 3388/3388/3388 3389/3389/3389
f 3314/3314/3314 3389/3389/3389 3315/3315/3315
f 3315/3315/3315 3389/3389/3389 3316/3316/3316
f 3316/3316/3316 3389/3389/3389 3390/3390/3390
f 3316/3316/3316 3390/3390/3390 3391/3391/3391
f 3316/3316/3316 3391/3391/3391 3317/3317/3317
f 3317/3317/3317 3391/3391/3391 3318/3318/3318
f 3318/3318/3318 3391/3391/3391 3392/3392/3392
f 3318/3318/3318 3392/3392/3392 3393/3393/3393
f 3318/3318/3318 3393/3393/3393 3319/3319/3319
f 3319/3319/3319 3393/3393/3393 3320/3320/3320
f 3320/3320/3320 3393/3393/3393 3394/3394/3394
f 3320/3320/3320 3394/3394/3394 3395/3395/3395
f 3320/3320/3320 3395/3395/3395 3321/3321/3321
f 3321/3321/3321 3395/3395/3395 3322/3322/3322
f 3322/3322/3322 3395/3395/3395 3396/3396/3396
f 3322/3322/3322 3396/3396/3396 3397/3397/3397
f 3322/3322/3322 3397/3397/3397 3323/3323/3323
f 3323/3323/3323 3397/3397/3397 3324/3324/3324
f 3324/3324/3324 3397/3397/3397 3398/3398/3398
f 3324/3324/3324 3398/3398/3398 3399/3399/3399
f 3324/3324/3324 3399/3399/3399 3325/3325/3325
f 3325/3325/3325 3399/3399/3399 3326/3326/3326
f 3326/3326/3326 3399/3399/3399 3400/3400/3400
f 3326/3326/3326 3400/3400/3400 3401/3401/3401
f 3326/3326/3326 3401/3401/3401 3327/3327/3327
f 3327/3327/3327 3401/3401/3401 3328/3328/3328
f 3328/3328/3328 3401/3401/3401 3402/3402/3402
f 3328/3328/3328 3402/3402/3402 3403/3403/3403
f 3328/3328/3328 3403/3403/3403 3329/3329/3329
f 3329/3329/3329 3403/3403/3403 3330/3330/3330
f 3330/3330/3330 3403/3403/3403 3404/3404/3404
f 3331/3331/3331 3405/3405/3405 3406/3406/3406
f 3331/3331/3331 3406/3406/3406 3332/3332/3332
f 3332/3332/3332 3406/3406/3406 3333/3333/3333
f 3333/3333/3333 3406/3406/3406 3407/3407/3407
f 3333/3333/3333 3407/3407/3407 3408/3408/3408
f 3333/3333/3333 3408/3408/3408 3334/3334/3334
f 3334/3334/3334 3408/3408/3408 3335/3335/3335
f 3335/3335/3335 3408/3408/3408 3409/3409/3409
f 3335/3335/3335 3409/3409/3409 3410/3410/3410
f 3335/3335/3335 3410/3410/3410 3336/3336/3336
f 3336/3336/3336 3410/3410/3410 3337/3337/3337
f 3337/3337/3337 3410/3410/3410 3411/3411/3411
f 3337/3337/3337 3411/3411/3411 3412/3412/3412
f 3337/3337/3337 3412/3412/3412 3338/3338/3338
f 3338/3338/3338 3412/3412/3412 3339/3339/3339
f 3339/3339/3339 3412/3412/3412 3413/3413/3413
f 3339/3339/3339 3413/3413/3413 3414/3414/3414
f 3339/3339/3339 3414/3414/3414 3340/3340/3340
f 3340/3340/3340 3414/3414/3414 3341/3341/3341
f 3341/3341/3341 3414/3414/3414 3415/3415/3415
f 3341/3341/3341 3415/3415/3415 3416/3416/3416
f 3341/3341/3341 3416/3416/3416 3342/3342/3342
f 3342/3342/3342 3416/3416/3416 3343/3343/3343
f 3343/3343/3343 3416/3416/3416 3417/3417/3417
f 3343/3343/3343 3417/3417/3417 3418/3418/3418
f 3343/3343/3343 3418/3418/3418 3344/3344/3344
f 3344/3344/3344 3418/3418/3418 3345/3345/3345
f 3345/3345/3345 3418/3418/3418 3419/3419/3419
f 3345/3345/3345 3419/3419/3419 3420/3420/3420
f 3345/3345/3345 3420/3420/3420 3346/3346/3346
f 3346/3346/3346 3420/3420/3420 3347/3347/3347
f 3347/3347/3347 3420/3420/3420 3421/3421/3421
f 3347/3347/3347 3421/3421/3421 3422/3422/3422
f 3347/3347/3347 3422/3422/3422 3348/3348/3348
f 3348/3348/3348 3422/3422/3422 3349/3349/3349
f 3349/3349/3349 3422/3422/3422 3423/3423/3423
f 3349/3349/3349 3423/3423/3423 3424/3424/3424
f 3349/3349/3349 3424/3424/3424 3350/3350/3350
f 3350/3350/3350 3424/3424/3424 3351/3351/3351
f 3351/3351/3351 3424/3424/3424 3425/3425/3425
f 3351/3351/3351 3425/3425/3425 3426/3426/3426
f 3351/3351/3351 3426/3426/3426 3352/3352/3352
f 3352/3352/3352 3426/3426/3426 3353/3353/3353
f 3353/3353/3353 3426/3426/3426 3427/3427/3427
f 3353/3353/3353 3427/3427/3427 3428/3428/3428
f 3353/3353/3353 3428/3428/3428 3354/3354/3354
f 3354/3354/3354 3428/3428/3428 3355/3355/3355
f 3355/3355/3355 3428/3428/3428 3429/3429/3429
f 3355/3355/3355 3429/3429/3429 3430/3430/3430
f 3355/3355/3355 3430/3430/3430 3356/3356/3356
f 3356/3356/3356 3430/3430/3430 3357/3357/3357
f 3357/3357/3357 3430/3430/3430 3431/3431/3431
f 3357/3357/3357 3431/3431/3431 3432/3432/3432
f 3357/3357/3357 3432/3432/3432 3358/3358/3358
f 3358/3358/3358 3432/3432/3432 3359/3359/3359
f 3359/3359/3359 3432/3432/3432 3433/3433/3433
f 3359/3359/3359 3433/3433/3433 3434/3434/3434
f 3359/3359/3359 3434/3434/3434 3360/3360/3360
f 3360/3360/3360 3434/3434/3434 3361/3361/3361
f 3361/3361/3361 3434/3434/3434 3435/3435/3435
f 3361/3361/3361 3435/3435/3435 3436/3436/3436
f 3361/3361/3361 3436/3436/3436 3362/3362/3362
f 3362/3362/3362 3436/3436/3436 3363/3363/3363
f 3363/3363/3363 3436/3436/3436 3437/3437/3437
f 3363/3363/3363 3437/3437/3437 3438/3438/3438
f 3363/3363/3363 3438/3438/3438 3364/3364/3364
f 3364/3364/3364 3438/3438/3438 3365/3365/3365
f 3365/3365/3365 3438/3438/3438 3439/3439/3439
f 3365/3365/3365 3439/3439/3439 3440/3440/3440
f 3365/3365/3365 3440/3440/3440 3366/3366/3366
f 3366/3366/3366 3440/3440/3440 3367/3367/3367
f 3367/3367/3367 3440/3440/3440 3441/3441/3441
f 3367/3367/3367 3441/3441/3441 3442/3442/3442
f 3367/3367/3367 3442/3442/3442 3368/3368/3368
f 3368/3368/3368 3442/3442/3442 3369/3369/3369
f 3369/3369/3369 3442/3442/3442 3443/3443/3443
f 3369/3369/3369 3443/3443/3443 3444/3444/3444
f 3369/3369/3369 3444/3444/3444 3370/3370/3370
f 3370/3370/3370 3444/3444/3444 3371/3371/3371
f 3371/3371/3371 3444/3444/3444 3445/3445/3445
f 3371/3371/3371 3445/3445/3445 3446/3446/3446
f 3371/3371/3371 3446/3446/3446 3372/3372/3372
f 3372/3372/3372 3446/3446/3446 3373/3373/3373
f 3373/3373/3373 3446/3446/3446 3447/3447/3447
f 3373/3373/3373 3447/3447/3447 3448/3448/3448
f 3373/3373/3373 3448/3448/3448 3374/3374/3374
f 3374/3374/3374 3448/3448/3448 3375/3375/3375
f 3375/3375/3375 3448/3448/3448 3449/3449/3449
f 3375/3375/3375 3449/3449/3449 3450/3450/3450
f 3375/3375/3375 3450/3450/3450 3376/3376/3376
f 3376/3376/3376 3450/3450/3450 3377/3377/3377
f 3377/3377/3377 3450/3450/3450 3451/3451/3451
f 3377/3377/3377 3451/3451/3451 3452/3452/3452
f 3377/3377/3377 3452/3452/3452 3378/3378/3378
f 3378/3378/3378 3452/3452/3452 3379/3379/3379
f 3379/3379/3379 3452/3452/3452 3453/3453/3453
f 3379/3379/3379 3453/3453/3453 3454/3454/3454
f 3379/3379/3379 3454/3454/3454 3380/3380/3380
f 3380/3380/3380 3454/3454/3454 3381/3381/3381
f 3381/3381/3381 3454/3454/3454 3455/3455/3455
f 3381/3381/3381 3455/3455/3455 3456/3456/3456
f 3381/3381/3381 3456/3456/3456 3382/3382/3382
f 3382/3382/3382 3456/3456/3456 3383/3383/3383
f 3383/3383/3383 3456/3456/3456 3457/3457/3457
f 3383/3383/3383 3457/3457/3457 3458/3458/3458
f 3383/3383/3383 3458/3458/3458 3384/3384/3384
f 3384/3384/3384 3458/3458/3458 3385/3385/3385
f 3385/3385/3385 3458/3458/3458 3459/3459/3459
f 3385/3385/3385 3459/3459/3459 3460/3460/3460
f 3385/3385/3385 3460/3460/3460 3386/3386/3386
f 3386/3386/3386 3460/3460/3460 3387/3387/3387
f 3387/3387/3387 3460/3460/3460 3461/3461/3461
f 3387/3387/3387 3461/3461/3461 3462/3462/3462
f 3387/3387/3387 3462/3462/3462 3388/3388/3388
f 3388/3388/3388 3462/3462/3462 3389/3389/3389
f 3389/3389/3389 3462/3462/3462 3463/3463/3463
f 3389/3389/3389 3463/3463/3463 3464/3464/3464
f 3389/3389/3389 3464/3464/3464 3390/3390/3390
f 3390/3390/3390 3464/3464/3464 3391/3391/3391
f 3391/3391/3391 3464/3464/3464 3465/3465/3465
f 3391/3391/3391 3465/3465/3465 3466/3466/3466
f 3391/3391/3391 3466/3466/3466 3392/3392/3392
f 3392/3392/3392 3466/3466/3466 3393/3393/3393
f 3393/3393/3393 3466/3466/3466 3467/3467/3467
f 3393/3393/3393 3467/3467/3467 3468/3468/3468
f 3393/3393/3393 3468/3468/3468 3394/3394/3394
f 3394/3394/3394 3468/3468/3468 3395/3395/3395
f 3395/3395/3395 3468/3468/3468 3469/3469/3469
f 3395/3395/3395 3469/3469/3469 3470/3470/3470
f 3395/3395/3395 3470/3470/3470 3396/3396/3396
f 3396/3396/3396 3470/3470/3470 3397/3397/3397
f 3397/3397/3397 3470/3470/3470 3471/3471/3471
f 3397/3397/3397 3471/3471/3471 3472/3472/3472
f 3397/3397/3397 3472/3472/3472 3398/3398/3398
f 3398/3398/3398 3472/3472/3472 3399/3399/3399
f 3399/3399/3399 3472/3472/3472 3473/3473/3473
f 3399/3399/3399 3473/3473/3473 3474/3474/3474
f 3399/3399/3399 3474/3474/3474 3400/3400/3400
f 3400/3400/3400 3474/3474/3474 3401/3401/3401
f 3401/3401/3401 3474/3474/3474 3475/3475/3475
f 3401/3401/3401 3475/3475/3475 3476/3476/3476
f 3401/3401/3401 3476/3476/3476 3402/3402/3402
f 3402/3402/3402 3476/3476/3476 3403/3403/3403
f 3403/3403/3403 3476/3476/3476 3477/3477/3477
f 3403/3403/3403 3477/3477/3477 3478/3478/3478
f 3403/3403/3403 3478/3478/3478 3404/3404/3404
f 3405/3405/3405 3479/3479/3479 3406/3406/3406
f 3406/3406/3406 3479/3479/3479 3480/3480/3480
f 3406/3406/3406 3480/3480/3480 3481/3481/3481
f 3406/3406/3406 3481/3481/3481 3407/3407/3407
f 3407/3407/3407 3481/3481/3481 3408/3408/3408
f 3408/3408/3408 3481/3481/3481 3482/3482/3482
f 3408/3408/3408 3482/3482/3482 3483/3483/3483
f 3408/3408/3408 3483/3483/3483 3409/3409/3409
f 3409/3409/3409 3483/3483/3483 3410/3410/3410
f 3410/3410/3410 3483/3483/3483 3484/3484/3484
f 3410/3410/3410 3484/3484/3484 3485/3485/3485
f 3410/3410/3410 3485/3485/3485 3411/3411/3411
f 3411/3411/3411 3485/3485/3485 3412/3412/3412
f 3412/3412/3412 3485/3485/3485 3486/3486/3486
f 3412/3412/3412 3486/3486/3486 3487/3487/3487
f 3412/3412/3412 3487/3487/3487 3413/3413/3413
f 3413/3413/3413 3487/3487/3487 3414/3414/3414
f 3414/3414/3414 3487/3487/3487 3488/3488/3488
f 3414/3414/3414 3488/3488/3488 3489/3489/3489
f 3414/3414/3414 3489/3489/3489 3415/3415/3415
f 3415/3415/3415 3489/3489/3489 3416/3416/3416
f 3416/3416/3416 3489/3489/3489 3490/3490/3490
f 3416/3416/3416 3490/3490/3490 3491/3491/3491
f 3416/3416/3416 3491/3491/3491 3417/3417/3417
f 3417/3417/3417 3491/3491/3491 3418/3418/3418
f 3418/3418/3418 3491/3491/3491 3492/3492/3492
f 3418/3418/3418 3492/3492/3492 3493/3493/3493
f 3418/3418/3418 3493/3493/3493 3419/3419/3419
f 3419/3419/3419 3493/3493/3493 3420/3420/3420
f 3420/3420/3420 3493/3493/3493 3494/3494/3494
f 3420/3420/3420 3494/3494/3494 3495/3495/3495
f 3420/3420/3420 3495/3495/3495 3421/3421/3421
f 3421/3421/3421 3495/3495/3495 3422/3422/3422
f 3422/3422/3422 3495/3495/3495 3496/3496/3496
f 3422/3422/3422 3496/3496/3496 3497/3497/3497
f 3422/3422/3422 3497/3497/3497 3423/3423/3423
f 3423/3423/3423 3497/3497/3497 3424/3424/3424
f 3424/3424/3424 3497/3497/3497 3498/3498/3498
f 3424/3424/3424 3498/3498/3498 3499/3499/3499
f 3424/3424/3424 3499/3499/3499 3425/3425/3425
f 3425/3425/3425 3499/3499/3499 3426/3426/3426
f 3426/3426/3426 3499/3499/3499 3500/3500/3500
f 3426/3426/3426 3500/3500/3500 3501/3501/3501
f 3426/3426/3426 3501/3501/3501 3427/3427/3427
f 3427/3427/3427 3501/3501/3501 3428/3428/3428
f 3428/3428/3428 3501/3501/3501 3502/3502/3502
f 3428/3428/3428 3502/3502/3502 3503/3503/3503
f 3428/3428/3428 3503/3503/3503 3429/3429/3429
f 3429/3429/3429 3503/3503/3503 3430/3430/3430
f 3430/3430/3430 3503/3503/3503 3504/3504/3504
f 3430/3430/3430 3504/3504/3504 3505/3505/3505
f 3430/3430/3430 3505/3505/3505 3431/3431/3431
f 3431/3431/3431 3505/3505/3505 3432/3432/3432
f 3432/3432/3432 3505/3505/3505 3506/3506/3506
f 3432/3432/3432 3506/3506/3506 3507/3507/3507
f 3432/3432/3432 3507/3507/3507 3433/3433/3433
f 3433/3433/3433 3507/3507/3507 3434/3434/3434
f 3434/3434/3434 3507/3507/3507 3508/3508/3508
f 3434/3434/3434 3508/3508/3508 3509/3509/3509
f 3434/3434/3434 3509/3509/3509 3435/3435/3435
f 3435/3435/3435 3509/3509/3509 3436/3436/3436
f 3436/3436/3436 3509/3509/3509 3510/3510/3510
f 3436/3436/3436 3510/3510/3510 3511/3511/3511
f 3436/3436/3436 3511/3511/3511 3437/3437/3437
f 3437/3437/3437 3511/3511/3511 3438/3438/3438
f 3438/3438/3438 3511/3511/3511 3512/3512/3512
f 3438/3438/3438 3512/3512/3512 3513/3513/3513
f 3438/3438/3438 3513/3513/3513 3439/3439/3439
f 3439/3439/3439 3513/3513/3513 3440/3440/3440
f 3440/3440/3440 3513/3513/3513 3514/3514/3514
f 3440/3440/3440 3514/3514/3514 3515/3515/3515
f 3440/3440/3440 3515/3515/3515 3441/3441/3441
f 3441/3441/3441 3515/3515/3515 3442/3442/3442
f 3442/3442/3442 3515/3515/3515 3516/3516/3516
f 3442/3442/3442 3516/3516/3516 3517/3517/3517
f 3442/3442/3442 3517/3517/3517 3443/3443/3443
f 3443/3443/3443 3517/3517/3517 3444/3444/3444
f 3444/3444/3444 3517/3517/3517 3518/3518/3518
f 3444/3444/3444 3518/3518/3518 3519/3519/3519
f 3444/3444/3444 3519/3519/3519 3445/3445/3445
f 3445/3445/3445 3519/3519/3519 3446/3446/3446
f 3446/3446/3446 3519/3519/3519 3520/3520/3520
f 3446/3446/3446 3520/3520/3520 3521/3521/3521
f 3446/3446/3446 3521/3521/3521 3447/3447/3447
f 3447/3447/3447 3521/3521/3521 3448/3448/3448
f 3448/3448/3448 3521/3521/3521 3522/3522/3522
f 3448/3448/3448 3522/3522/3522 3523/3523/3523
f 3448/3448/3448 3523/3523/3523 3449/3449/3449
f 3449/3449/3449 3523/3523/3523 3450/3450/3450
f 3450/3450/3450 3523/3523/3523 3524/3524/3524
f 3450/3450/3450 3524/3524/3524 3525/3525/3525
f 3450/3450/3450 3525/3525/3525 3451/3451/3451
f 3451/3451/3451 3525/3525/3525 3452/3452/3452
f 3452/3452/3452 3525/3525/3525 3526/3526/3526
f 3452/3452/3452 3526/3526/3526 3527/3527/3527
f 3452/3452/3452 3527/3527/3527 3453/3453/3453
f 3453/3453/3453 3527/3527/3527 3454/3454/3454
f 3454/3454/3454 3527/3527/3527 3528/3528/3528
f 3454/3454/3454 3528/3528/3528 3529/3529/3529
f 3454/3454/3454 3529/3529/3529 3455/3455/3455
f 3455/3455/3455 3529/3529/3529 3456/3456/3456
f 3456/3456/3456 3529/3529/3529 3530/3530/3530
f 3456/3456/3456 3530/3530/3530 3531/3531/3531
f 3456/3456/3456 3531/3531/3531 3457/3457/3457
f 3457/3457/3457 3531/3531/3531 3458/3458/3458
f 3458/3458/3458 3531/3531/3531 3532/3532/3532
f 3458/3458/3458 3532/3532/3532 3533/3533/3533
f 3458/3458/3458 3533/3533/3533 3459/3459/3459
f 3459/3459/3459 3533/3533/3533 3460/3460/3460
f 3460/3460/3460 3533/3533/3533 3534/3534/3534
f 3460/3460/3460 3534/3534/3534 3535/3535/3535
f 3460/3460/3460 3535/3535/3535 3461/3461/3461
f 3461/3461/3461 3535/3535/3535 3462/3462/3462
f 3462/3462/3462 3535/3535/3535 3536/3536/3536
f 3462/3462/3462 3536/3536/3536 3537/3537/3537
f 3462/3462/3462 3537/3537/3537 3463/3463/3463
f 3463/3463/3463 3537/3537/3537 3464/3464/3464
f 3464/3464/3464 3537/3537/3537 3538/3538/3538
f 3464/3464/3464 3538/3538/3538 3539/3539/3539
f 3464/3464/3464 3539/3539/3539 3465/3465/3465
f 3465/3465/3465 3539/3539/3539 3466/3466/3466
f 3466/3466/3466 3539/3539/3539 3540/3540/3540
f 3466/3466/3466 3540/3540/3540 3541/3541/3541
f 3466/3466/3466 3541/3541/3541 3467/3467/3467
f 3467/3467/3467 3541/3541/3541 3468/3468/3468
f 3468/3468/3468 3541/3541/3541 3542/3542/3542
f 3468/3468/3468 3542/3542/3542 3543/3543/3543
f 3468/3468/3468 3543/3543/3543 3469/3469/3469
f 3469/3469/3469 3543/3543/3543 3470/3470/3470
f 3470/3470/3470 3543/3543/3543 3544/3544/3544
f 3470/3470/3470 3544/3544/3544 3545/3545/3545
f 3470/3470/3470 3545/3545/3545 3471/3471/3471
f 3471/3471/3471 3545/3545/3545 3472/3472/3472
f 3472/3472/3472 3545/3545/3545 3546/3546/3546
f 3472/3472/3472 3546/3546/3546 3547/3547/3547
f 3472/3472/3472 3547/3547/3547 3473/3473/3473
f 3473/3473/3473 3547/3547/3547 3474/3474/3474
f 3474/3474/3474 3547/3547/3547 3548/3548/3548
f 3474/3474/3474 3548/3548/3548 3549/3549/3549
f 3474/3474/3474 3549/3549/3549 3475/3475/3475
f 3475/3475/3475 3549/3549/3549 3476/3476/3476
f 3476/3476/3476 3549/3549/3549 3550/3550/3550
f 3476/3476/3476 3550/3550/3550 3551/3551/3551
f 3476/3476/3476 3551/3551/3551 3477/3477/3477
f 3477/3477/3477 3551/3551/3551 3478/3478/3478
f 3478/3478/3478 3551/3551/3551 3552/3552/3552
f 3479/3479/3479 3553/3553/3553 3554/3554/3554
f 3479/3479/3479 3554/3554/3554 3480/3480/3480
f 3480/3480/3480 3554/3554/3554 3481/3481/3481
f 3481/3481/3481 3554/3554/3554 3555/3555/3555
f 3481/3481/3481 3555/3555/3555 3556/3556/3556
f 3481/3481/3481 3556/3556/3556 3482/3482/3482
f 3482/3482/3482 3556/3556/3556 3483/3483/3483
f 3483/3483/3483 3556/3556/3556 3557/3557/3557
f 3483/3483/3483 3557/3557/3557 3558/3558/3558
f 3483/3483/3483 3558/3558/3558 3484/3484/3484
f 3484/3484/3484 3558/3558/3558 3485/3485/3485
f 3485/3485/3485 3558/3558/3558 3559/3559/3559
f 3485/3485/3485 3559/3559/3559 3560/3560/3560
f 3485/3485/3485 3560/3560/3560 3486/3486/3486
f 3486/3486/3486 3560/3560/3560 3487/3487/3487
f 3487/3487/3487 3560/3560/3560 3561/3561/3561
f 3487/3487/3487 3561/3561/3561 3562/3562/3562
f 3487/3487/3487 3562/3562/3562 3488/3488/3488
f 3488/3488/3488 3562/3562/3562 3489/3489/3489
f 3489/3489/3489 3562/3562/3562 3563/3563/3563
f 3489/3489/3489 3563/3563/3563 3564/3564/3564
f 3489/3489/3489 3564/3564/3564 3490/3490/3490
f 3490/3490/3490 3564/3564/3564 3491/3491/3491
f 3491/3491/3491 3564/3564/3564 3565/3565/3565
f 3491/3491/3491 3565/3565/3565 3566/3566/3566
f 3491/3491/3491 3566/3566/3566 3492/3492/3492
f 3492/3492/3492 3566/3566/3566 3493/3493/3493
f 3493/3493/3493 3566/3566/3566 3567/3567/3567
f 3493/3493/3493 3567/3567/3567 3568/3568/3568
f 3493/3493/3493 3568/3568/3568 3494/3494/3494
f 3494/3494/3494 3568/3568/3568 3495/3495/3495
f 3495/3495/3495 3568/3568/3568 3569/3569/3569
f 3495/3495/3495 3569/3569/3569 3570/3570/3570
f 3495/3495/3495 3570/3570/3570 3496/3496/3496
f 3496/3496/3496 3570/3570/3570 3497/3497/3497
f 3497/3497/3497 3570/3570/3570 3571/3571/3571
f 3497/3497/3497 3571/3571/3571 3572/3572/3572
f 3497/3497/3497 3572/3572/3572 3498/3498/3498
f 3498/3498/3498 3572/3572/3572 3499/3499/3499
f 3499/3499/3499 3572/3572/3572 3573/3573/3573
f 3499/3499/3499 3573/3573/3573 3574/3574/3574
f 3499/3499/3499 3574/3574/3574 3500/3500/3500
f 3500/3500/3500 3574/3574/3574 3501/3501/3501
f 3501/3501/3501 3574/3574/3574 3575/3575/3575
f 3501/3501/3501 3575/3575/3575 3576/3576/3576
f 3501/3501/3501 3576/3576/3576 3502/3502/3502
f 3502/3502/3502 3576/3576/3576 3503/3503/3503
f 3503/3503/3503 3576/3576/3576 3577/3577/3577
f 3503/3503/3503 3577/3577/3577 3578/3578/3578
f 3503/3503/3503 3578/3578/3578 3504/3504/3504
f 3504/3504/3504 3578/3578/3578 3505/3505/3505
f 3505/3505/3505 3578/3578/3578 3579/3579/3579
f 3505/3505/3505 3579/3579/3579 3580/3580/3580
f 3505/3505/3505 3580/3580/3580 3506/3506/3506
f 3506/3506/3506 3580/3580/3580 3507/3507/3507
f 3507/3507/3507 3580/3580/3580 3581/3581/3581
f 3507/3507/3507 3581/3581/3581 3582/3582/3582
f 3507/3507/3507 3582/3582/3582 3508/3508/3508
f 3508/3508/3508 3582/3582/3582 3509/3509/3509
f 3509/3509/3509 3582/3582/3582 3583/3583/3583
f 3509/3509/3509 3583/3583/3583 3584/3584/3584
f 3509/3509/3509 3584/3584/3584 3510/3510/3510
f 3510/3510/3510 3584/3584/3584 3511/3511/3511
f 3511/3511/3511 3584/3584/3584 3585/3585/3585
f 3511/3511/3511 3585/3585/3585 3586/3586/3586
f 3511/3511/3511 3586/3586/3586 3512/3512/3512
f 3512/3512/3512 3586/3586/3586 3513/3513/3513
f 3513/3513/3513 3586/3586/3586 3587/3587/3587
f 3513/3513/3513 3587/3587/3587 3588/3588/3588
f 3513/3513/3513 3588/3588/3588 3514/3514/3514
f 3514/3514/3514 3588/3588/3588 3515/3515/3515
f 3515/3515/3515 3588/3588/3588 3589/3589/3589
f 3515/3515/3515 3589/3589/3589 3590/3590/3590
f 3515/3515/3515 3590/3590/3590 3516/3516/3516
f 3516/3516/3516 3590/3590/3590 3517/3517/3517
f 3517/3517/3517 3590/3590/3590 3591/3591/3591
f 3517/3517/3517 3591/3591/3591 3592/3592/3592
f 3517/3517/3517 3592/3592/3592 3518/3518/3518
f 3518/3518/3518 3592/3592/3592 3519/3519/3519
f 3519/3519/3519 3592/3592/3592 3593/3593/3593
f 3519/3519/3519 3593/3593/3593 3594/3594/3594
f 3519/3519/3519 3594/3594/3594 3520/3520/3520
f 3520/3520/3520 3594/3594/3594 3521/3521/3521
f 3521/3521/3521 3594/3594/3594 3595/3595/3595
f 3521/3521/3521 3595/3595/3595 3596/3596/3596
f 3521/3521/3521 3596/3596/3596 3522/3522/3522
f 3522/3522/3522 3596/3596/3596 3523/3523/3523
f 3523/3523/3523 3596/3596/3596 3597/3597/3597
f 3523/3523/3523 3597/3597/3597 3598/3598/3598
f 3523/3523/3523 3598/3598/3598 3524/3524/3524
f 3524/3524/3524 3598/3598/3598 3525/3525/3525
f 3525/3525/3525 3598/3598/3598 3599/3599/3599
f 3525/3525/3525 3599/3599/3599 3600/3600/3600
f 3525/3525/3525 3600/3600/3600 3526/3526/3526
f 3526/3526/3526 3600/3600/3600 3527/3527/3527
f 3527/3527/3527 3600/3600/3600 3601/3601/3601
f 3527/3527/3527 3601/3601/3601 3602/3602/3602
f 3527/3527/3527 3602/3602/3602 3528/3528/3528
f 3528/3528/3528 3602/3602/3602 3529/3529/3529
f 3529/3529/3529 3602/3602/3602 3603/3603/3603
f 3529/3529/3529 3603/3603/3603 3604/3604/3604
f 3529/3529/3529 3604/3604/3604 3530/3530/3530
f 3530/3530/3530 3604/3604/3604 3531/3531/3531
f 3531/3531/3531 3604/3604/3604 3605/3605/3605
f 3531/3531/3531 3605/3605/3605 3606/3606/3606
f 3531/3531/3531 3606/3606/3606 3532/3532/3532
f 3532/3532/3532 3606/3606/3606 3533/3533/3533
f 3533/3533/3533 3606/3606/3606 3607/3607/3607
f 3533/3533/3533 3607/3607/3607 3608/3608/3608
f 3533/3533/3533 3608/3608/3608 3534/3534/3534
f 3534/3534/3534 3608/3608/3608 3535/3535/3535
f 3535/3535/3535 3608/3608/3608 3609/3609/3609
f 3535/3535/3535 3609/3609/3609 3610/3610/3610
f 3535/3535/3535 3610/3610/3610 3536/3536/3536
f 3536/3536/3536 3610/3610/3610 3537/3537/3537
f 3537/3537/3537 3610/3610/3610 3611/3611/3611
f 3537/3537/3537 3611/3611/3611 3612/3612/3612
f 3537/3537/3537 3612/3612/3612 3538/3538/3538
f 3538/3538/3538 3612/3612/3612 3539/3539/3539
f 3539/3539/3539 3612/3612/3612 3613/3613/3613
f 3539/3539/3539 3613/3613/3613 3614/3614/3614
f 3539/3539/3539 3614/3614/3614 3540/3540/3540
f 3540/3540/3540 3614/3614/3614 3541/3541/3541
f 3541/3541/3541 3614/3614/3614 3615/3615/3615
f 3541/3541/3541 3615/3615/3615 3616/3616/3616
f 3541/3541/3541 3616/3616/3616 3542/3542/3542
f 3542/3542/3542 3616/3616/3616 3543/3543/3543
f 3543/3543/3543 3616/3616/3616 3617/3617/3617
f 3543/3543/3543 3617/3617/3617 3618/3618/3618
f 3543/3543/3543 3618/3618/3618 3544/3544/3544
f 3544/3544/3544 3618/3618/3618 3545/3545/3545
f 3545/3545/3545 3618/3618/3618 3619/3619/3619
f 3545/3545/3545 3619/3619/3619 3620/3620/3620
f 3545/3545/3545 3620/3620/3620 3546/3546/3546
f 3546/3546/3546 3620/3620/3620 3547/3547/3547
f 3547/3547/3547 3620/3620/3620 3621/3621/3621
f 3547/3547/3547 3621/3621/3621 3622/3622/3622
f 3547/3547/3547 3622/3622/3622 3548/3548/3548
f 3548/3548/3548 3622/3622/3622 3549/3549/3549
f 3549/3549/3549 3622/3622/3622 3623/3623/3623
f 3549/3549/3549 3623/3623/3623 3624/3624/3624
f 3549/3549/3549 3624/3624/3624 3550/3550/3550
f 3550/3550/3550 3624/3624/3624 3551/3551/3551
f 3551/3551/3551 3624/3624/3624 3625/3625/3625
f 3551/3551/3551 3625/3625/3625 3626/3626/3626
f 3551/3551/3551 3626/3626/3626 3552/3552/3552
f 3553/3553/3553 3627/3627/3627 3554/3554/3554
f 3554/3554/3554 3627/3627/3627 3628/3628/3628
f 3554/3554/3554 3628/3628/3628 3629/3629/3629
f 3554/3554/3554 3629/3629/3629 3555/3555/3555
f 3555/3555/3555 3629/3629/3629 3556/3556/3556
f 3556/3556/3556 3629/3629/3629 3630/3630/3630
f 3556/3556/3556 3630/3630/3630 3631/3631/3631
f 3556/3556/3556 3631/3631/3631 3557/3557/3557
f 3557/3557/3557 3631/3631/3631 3558/3558/3558
f 3558/3558/3558 3631/3631/3631 3632/3632/3632
f 3558/3558/3558 3632/3632/3632 3633/3633/3633
f 3558/3558/3558 3633/3633/3633 3559/3559/3559
f 3559/3559/3559 3633/3633/3633 3560/3560/3560
f 3560/3560/3560 3633/3633/3633 3634/3634/3634
f 3560/3560/3560 3634/3634/3634 3635/3635/3635
f 3560/3560/3560 3635/3635/3635 3561/3561/3561
f 3561/3561/3561 3635/3635/3635 3562/3562/3562
f 3562/3562/3562 3635/3635/3635 3636/3636/3636
f 3562/3562/3562 3636/3636/3636 3637/3637/3637
f 3562/3562/3562 3637/3637/3637 3563/3563/3563
f 3563/3563/3563 3637/3637/3637 3564/3564/3564
f 3564/3564/3564 3637/3637/3637 3638/3638/3638
f 3564/3564/3564 3638/3638/3638 3639/3639/3639
f 3564/3564/3564 3639/3639/3639 3565/3565/3565
f 3565/3565/3565 3639/3639/3639 3566/3566/3566
f 3566/3566/3566 3639/3639/3639 3640/3640/3640
f 3566/3566/3566 3640/3640/3640 3641/3641/3641
f 3566/3566/3566 3641/3641/3641 3567/3567/3567
f 3567/3567/3567 3641/3641/3641 3568/3568/3568
f 3568/3568/3568 3641/3641/3641 3642/3642/3642
f 3568/3568/3568 3642/3642/3642 3643/3643/3643
f 3568/3568/3568 3643/3643/3643 3569/3569/3569
f 3569/3569/3569 3643/3643/3643 3570/3570/3570
f 3570/3570/3570 3643/3643/3643 3644/3644/3644
f 3570/3570/3570 3644/3644/3644 3645/3645/3645
f 3570/3570/3570 3645/3645/3645 3571/3571/3571
f 3571/3571/3571 3645/3645/3645 3572/3572/3572
f 3572/3572/3572 3645/3645/3645 3646/3646/3646
f 3572/3572/3572 3646/3646/3646 3647/3647/3647
f 3572/3572/3572 3647/3647/3647 3573/3573/3573
f 3573/3573/3573 3647/3647/3647 3574/3574/3574
f 3574/3574/3574 3647/3647/3647 3648/3648/3648
f 3574/3574/3574 3648/3648/3648 3649/3649/3649
f 3574/3574/3574 3649/3649/3649 3575/3575/3575
f 3575/3575/3575 3649/3649/3649 3576/3576/3576
f 3576/3576/3576 3649/3649/3649 3650/3650/3650
f 3576/3576/3576 3650/3650/3650 3651/3651/3651
f 3576/3576/3576 3651/3651/3651 3577/3577/3577
f 3577/3577/3577 3651/3651/3651 3578/3578/3578
f 3578/3578/3578 3651/3651/3651 3652/3652/3652
f 3578/3578/3578 3652/3652/3652 3653/3653/3653
f 3578/3578/3578 3653/3653/3653 3579/3579/3579
f 3579/3579/3579 3653/3653/3653 3580/3580/3580
f 3580/3580/3580 3653/3653/3653 3654/3654/3654
f 3580/3580/3580 3654/3654/3654 3655/3655/3655
f 3580/3580/3580 3655/3655/3655 3581/3581/3581
f 3581/3581/3581 3655/3655/3655 3582/3582/3582
f 3582/3582/3582 3655/3655/3655 3656/3656/3656
f 3582/3582/3582 3656/3656/3656 3657/3657/3657
f 3582/3582/3582 3657/3657/3657 3583/3583/3583
f 3583/3583/3583 3657/3657/3657 3584/3584/3584
f 3584/3584/3584 3657/3657/3657 3658/3658/3658
f 3584/3584/3584 3658/3658/3658 3659/3659/3659
f 3584/3584/3584 3659/3659/3659 3585/3585/3585
f 3585/3585/3585 3659/3659/3659 3586/3586/3586
f 3586/3586/3586 3659/3659/3659 3660/3660/3660
f 3586/3586/3586 3660/3660/3660 3661/3661/3661
f 3586/3586/3586 3661/3661/3661 3587/3587/3587
f 3587/3587/3587 3661/3661/3661 3588/3588/3588
f 3588/3588/3588 3661/3661/3661 3662/3662/3662
f 3588/3588/3588 3662/3662/3662 3663/3663/3663
f 3588/3588/3588 3663/3663/3663 3589/3589/3589
f 3589/3589/3589 3663/3663/3663 3590/3590/3590
f 3590/3590/3590 3663/3663/3663 3664/3664/3664
f 3590/3590/3590 3664/3664/3664 3665/3665/3665
f 3590/3590/3590 3665/3665/3665 3591/3591/3591
f 3591/3591/3591 3665/3665/3665 3592/3592/3592
f 3592/3592/3592 3665/3665/3665 3666/3666/3666
f 3592/3592/3592 3666/3666/3666 3667/3667/3667
f 3592/3592/3592 3667/3667/3667 3593/3593/3593
f 3593/3593/3593 3667/3667/3667 3594/3594/3594
f 3594/3594/3594 3667/3667/3667 3668/3668/3668
f 3594/3594/3594 3668/3668/3668 3669/3669/3669
f 3594/3594/3594 3669/3669/3669 3595/3595/3595
f 3595/3595/3595 3669/3669/3669 3596/3596/3596
f 3596/3596/3596 3669/3669/3669 3670/3670/3670
f 3596/3596/3596 3670/3670/3670 3671/3671/3671
f 3596/3596/3596 3671/3671/3671 3597/3597/3597
f 3597/3597/3597 3671/3671/3671 3598/3598/3598
f 3598/3598/3598 3671/3671/3671 3672/3672/3672
f 3598/3598/3598 3672/3672/3672 3673/3673/3673
f 3598/3598/3598 3673/3673/3673 3599/3599/3599
f 3599/3599/3599 3673/3673/3673 3600/3600/3600
f 3600/3600/3600 3673/3673/3673 3674/3674/3674
f 3600/3600/3600 3674/3674/3674 3675/3675/3675
f 3600/3600/3600 3675/3675/3675 3601/3601/3601
f 3601/3601/3601 3675/3675/3675 3602/3602/3602
f 3602/3602/3602 3675/3675/3675 3676/3676/3676
f 3602/3602/3602 3676/3676/3676 3677/3677/3677
f 3602/3602/3602 3677/3677/3677 3603/3603/3603
f 3603/3603/3603 3677/3677/3677 3604/3604/3604
f 3604/3604/3604 3677/3677/3677 3678/3678/3678
f 3604/3604/3604 3678/3678/3678 3679/3679/3679
f 3604/3604/3604 3679/3679/3679 3605/3605/3605
f 3605/3605/3605 3679/3679/3679 3606/3606/3606
f 3606/3606/3606 3679/3679/3679 3680/3680/3680
f 3606/3606/3606 3680/3680/3680 3681/3681/3681
f 3606/3606/3606 3681/3681/3681 3607/3607/3607
f 3607/3607/3607 3681/3681/3681 3608/3608/3608
f 3608/3608/3608 3681/3681/3681 3682/3682/3682
f 3608/3608/3608 3682/3682/3682 3683/3683/3683
f 3608/3608/3608 3683/3683/3683 3609/3609/3609
f 3609/3609/3609 3683/3683/3683 3610/3610/3610
f 3610/3610/3610 3683/3683/3683 3684/3684/3684
f 3610/3610/3610 3684/3684/3684 3685/3685/3685
f 3610/3610/3610 3685/3685/3685 3611/3611/3611
f 3611/3611/3611 3685/3685/3685 3612/3612/3612
f 3612/3612/3612 3685/3685/3685 3686/3686/3686
f 3612/3612/3612 3686/3686/3686 3687/3687/3687
f 3612/3612/3612 3687/3687/3687 3613/3613/3613
f 3613/3613/3613 3687/3687/3687 3614/3614/3614
f 3614/3614/3614 3687/3687/3687 3688/3688/3688
f 3614/3614/3614 3688/3688/3688 3689/3689/3689
f 3614/3614/3614 3689/3689/3689 3615/3615/3615
f 3615/3615/3615 3689/3689/3689 3616/3616/3616
f 3616/3616/3616 3689/3689/3689 3690/3690/3690
f 3616/3616/3616 3690/3690/3690 3691/3691/3691
f 3616/3616/3616 3691/3691/3691 3617/3617/3617
f 3617/3617/3617 3691/3691/3691 3618/3618/3618
f 3618/3618/3618 3691/3691/3691 3692/3692/3692
f 3618/3618/3618 3692/3692/3692 3693/3693/3693
f 3618/3618/3618 3693/3693/3693 3619/3619/3619
f 3619/3619/3619 3693/3693/3693 3620/3620/3620
f 3620/3620/3620 3693/3693/3693 3694/3694/3694
f 3620/3620/3620 3694/3694/3694 3695/3695/3695
f 3620/3620/3620 3695/3695/3695 3621/3621/3621
f 3621/3621/3621 3695/3695/3695 3622/3622/3622
f 3622/3622/3622 3695/3695/3695 3696/3696/3696
f 3622/3622/3622 3696/3696/3696 3697/3697/3697
f 3622/3622/3622 3697/3697/3697 3623/3623/3623
f 3623/3623/3623 3697/3697/3697 3624/3624/3624
f 3624/3624/3624 3697/3697/3697 3698/3698/3698
f 3624/3624/3624 3698/3698/3698 3699/3699/3699
f 3624/3624/3624 3699/3699/3699 3625/3625/3625
f 3625/3625/3625 3699/3699/3699 3626/3626/3626
f 3626/3626/3626 3699/3699/3699 3700/3700/3700
f 3627/3627/3627 3701/3701/3701 3702/3702/3702
f 3627/3627/3627 3702/3702/3702 3628/3628/3628
f 3628/3628/3628 3702/3702/3702 3629/3629/3629
f 3629/3629/3629 3702/3702/3702 3703/3703/3703
f 3629/3629/3629 3703/3703/3703 3704/3704/3704
f 3629/3629/3629 3704/3704/3704 3630/3630/3630
f 3630/3630/3630 3704/3704/3704 3631/3631/3631
f 3631/3631/3631 3704/3704/3704 3705/3705/3705
f 3631/3631/3631 3705/3705/3705 3706/3706/3706
f 3631/3631/3631 3706/3706/3706 3632/3632/3632
f 3632/3632/3632 3706/3706/3706 3633/3633/3633
f 3633/3633/3633 3706/3706/3706 3707/3707/3707
f 3633/3633/3633 3707/3707/3707 3708/3708/3708
f 3633/3633/3633 3708/3708/3708 3634/3634/3634
f 3634/3634/3634 3708/3708/3708 3635/3635/3635
f 3635/3635/3635 3708/3708/3708 3709/3709/3709
f 3635/3635/3635 3709/3709/3709 3710/3710/3710
f 3635/3635/3635 3710/3710/3710 3636/3636/3636
f 3636/3636/3636 3710/3710/3710 3637/3637/3637
f 3637/3637/3637 3710/3710/3710 3711/3711/3711
f 3637/3637/3637 3711/3711/3711 3712/3712/3712
f 3637/3637/3637 3712/3712/3712 3638/3638/3638
f 3638/3638/3638 3712/3712/3712 3639/3639/3639
f 3639/3639/3639 3712/3712/3712 3713/3713/3713
f 3639/3639/3639 3713/3713/3713 3714/3714/3714
f 3639/3639/3639 3714/3714/3714 3640/3640/3640
f 3640/3640/3640 3714/3714/3714 3641/3641/3641
f 3641/3641/3641 3714/3714/3714 3715/3715/3715
f 3641/3641/3641 3715/3715/3715 3716/3716/3716
f 3641/3641/3641 3716/3716/3716 3642/3642/3642
f 3642/3642/3642 3716/3716/3716 3643/3643/3643
f 3643/3643/3643 3716/3716/3716 3717/3717/3717
f 3643/3643/3643 3717/3717/3717 3718/3718/3718
f 3643/3643/3643 3718/3718/3718 3644/3644/3644
f 3644/3644/3644 3718/3718/3718 3645/3645/3645
f 3645/3645/3645 3718/3718/3718 3719/3719/3719
f 3645/3645/3645 3719/3719/3719 3720/3720/3720
f 3645/3645/3645 3720/3720/3720 3646/3646/3646
f 3646/3646/3646 3720/3720/3720 3647/3647/3647
f 3647/3647/3647 3720/3720/3720 3721/3721/3721
f 3647/3647/3647 3721/3721/3721 3722/3722/3722
f 3647/3647/3647 3722/3722/3722 3648/3648/3648
f 3648/3648/3648 3722/3722/3722 3649/3649/3649
f 3649/3649/3649 3722/3722/3722 3723/3723/3723
f 3649/3649/3649 3723/3723/3723 3724/3724/3724
f 3649/3649/3649 3724/3724/3724 3650/3650/3650
f 3650/3650/3650 3724/3724/3724 3651/3651/3651
f 3651/3651/3651 3724/3724/3724 3725/3725/3725
f 3651/3651/3651 3725/3725/3725 3726/3726/3726
f 3651/3651/3651 3726/3726/3726 3652/3652/3652
f 3652/3652/3652 3726/3726/3726 3653/3653/3653
f 3653/3653/3653 3726/3726/3726 3727/3727/3727
f 3653/3653/3653 3727/3727/3727 3728/3728/3728
f 3653/3653/3653 3728/3728/3728 3654/3654/3654
f 3654/3654/3654 3728/3728/3728 3655/3655/3655
f 3655/3655/3655 3728/3728/3728 3729/3729/3729
f 3655/3655/3655 3729/3729/3729 3730/3730/3730
f 3655/3655/3655 3730/3730/3730 3656/3656/3656
f 3656/3656/3656 3730/3730/3730 3657/3657/3657
f 3657/3657/3657 3730/3730/3730 3731/3731/3731
f 3657/3657/3657 3731/3731/3731 3732/3732/3732
f 3657/3657/3657 3732/3732/3732 3658/3658/3658
f 3658/3658/3658 3732/3732/3732 3659/3659/3659
f 3659/3659/3659 3732/3732/3732 3733/3733/3733
f 3659/3659/3659 3733/3733/3733 3734/3734/3734
f 3659/3659/3659 3734/3734/3734 3660/3660/3660
f 3660/3660/3660 3734/3734/3734 3661/3661/3661
f 3661/3661/3661 3734/3734/3734 3735/3735/3735
f 3661/3661/3661 3735/3735/3735 3736/3736/3736
f 3661/3661/3661 3736/3736/3736 3662/3662/3662
f 3662/3662/3662 3736/3736/3736 3663/3663/3663
f 3663/3663/3663 3736/3736/3736 3737/3737/3737
f 3663/3663/3663 3737/3737/3737 3738/3738/3738
f 3663/3663/3663 3738/3738/3738 3664/3664/3664
f 3664/3664/3664 3738/3738/3738 3665/3665/3665
f 3665/3665/3665 3738/3738/3738 3739/3739/3739
f 3665/3665/3665 3739/3739/3739 3740/3740/3740
f 3665/3665/3665 3740/3740/3740 3666/3666/3666
f 3666/3666/3666 3740/3740/3740 3667/3667/3667
f 3667/3667/3667 3740/3740/3740 3741/3741/3741
f 3667/3667/3667 3741/3741/3741 3742/3742/3742
f 3667/3667/3667 3742/3742/3742 3668/3668/3668
f 3668/3668/3668 3742/3742/3742 3669/3669/3669
f 3669/3669/3669 3742/3742/3742 3743/3743/3743
f 3669/3669/3669 3743/3743/3743 3744/3744/3744
f 3669/3669/3669 3744/3744/3744 3670/3670/3670
f 3670/3670/3670 3744/3744/3744 3671/3671/3671
f 3671/3671/3671 3744/3744/3744 3745/3745/3745
f 3671/3671/3671 3745/3745/3745 3746/3746/3746
f 3671/3671/3671 3746/3746/3746 3672/3672/3672
f 3672/3672/3672 3746/3746/3746 3673/3673/3673
f 3673/3673/3673 3746/3746/3746 3747/3747/3747
f 3673/3673/3673 3747/3747/3747 3748/3748/3748
f 3673/3673/3673 3748/3748/3748 3674/3674/3674
f 3674/3674/3674 3748/3748/3748 3675/3675/3675
f 3675/3675/3675 3748/3748/3748 3749/3749/3749
f 3675/3675/3675 3749/3749/3749 3750/3750/3750
f 3675/3675/3675 3750/3750/3750 3676/3676/3676
f 3676/3676/3676 3750/3750/3750 3677/3677/3677
f 3677/3677/3677 3750/3750/3750 3751/3751/3751
f 3677/3677/3677 3751/3751/3751 3752/3752/3752
f 3677/3677/3677 3752/3752/3752 3678/3678/3678
f 3678/3678/3678 3752/3752/3752 3679/3679/3679
f 3679/3679/3679 3752/3752/3752 3753/3753/3753
f 3679/3679/3679 3753/3753/3753 3754/3754/3754
f 3679/3679/3679 3754/3754/3754 3680/3680/3680
f 3680/3680/3680 3754/3754/3754 3681/3681/3681
f 3681/3681/3681 3754/3754/3754 3755/3755/3755
f 3681/3681/3681 3755/3755/3755 3756/3756/3756
f 3681/3681/3681 3756/3756/3756 3682/3682/3682
f 3682/3682/3682 3756/3756/3756 3683/3683/3683
f 3683/3683/3683 3756/3756/3756 3757/3757/3757
f 3683/3683/3683 3757/3757/3757 3758/3758/3758
f 3683/3683/3683 3758/3758/3758 3684/3684/3684
f 3684/3684/3684 3758/3758/3758 3685/3685/3685
f 3685/3685/3685 3758/3758/3758 3759/3759/3759
f 3685/3685/3685 3759/3759/3759 3760/3760/3760
f 3685/3685/3685 3760/3760/3760 3686/3686/3686
f 3686/3686/3686 3760/3760/3760 3687/3687/3687
f 3687/3687/3687 3760/3760/3760 3761/3761/3761
f 3687/3687/3687 3761/3761/3761 3762/3762/3762
f 3687/3687/3687 3762/3762/3762 3688/3688/3688
f 3688/3688/3688 3762/3762/3762 3689/3689/3689
f 3689/3689/3689 3762/3762/3762 3763/3763/3763
f 3689/3689/3689 3763/3763/3763 3764/3764/3764
f 3689/3689/3689 3764/3764/3764 3690/3690/3690
f 3690/3690/3690 3764/3764/3764 3691/3691/3691
f 3691/3691/3691 3764/3764/3764 3765/3765/3765
f 3691/3691/3691 3765/3765/3765 3766/3766/3766
f 3691/3691/3691 3766/3766/3766 3692/3692/3692
f 3692/3692/3692 3766/3766/3766 3693/3693/3693
f 3693/3693/3693 3766/3766/3766 3767/3767/3767
f 3693/3693/3693 3767/3767/3767 3768/3768/3768
f 3693/3693/3693 3768/3768/3768 3694/3694/3694
f 3694/3694/3694 3768/3768/3768 3695/3695/3695
f 3695/3695/3695 3768/3768/3768 3769/3769/3769
f 3695/3695/3695 3769/3769/3769 3770/3770/3770
f 3695/3695/3695 3770/3770/3770 3696/3696/3696
f 3696/3696/3696 3770/3770/3770 3697/3697/3697
f 3697/3697/3697 3770/3770/3770 3771/3771/3771
f 3697/3697/3697 3771/3771/3771 3772/3772/3772
f 3697/3697/3697 3772/3772/3772 3698/3698/3698
f 3698/3698/3698 3772/3772/3772 3699/3699/3699
f 3699/3699/3699 3772/3772/3772 3773/3773/3773
f 3699/3699/3699 3773/3773/3773 3774/3774/3774
f 3699/3699/3699 3774/3774/3774 3700/3700/3700
f 3701/3701/3701 3775/3775/3775 3702/3702/3702
f 3702/3702/3702 3775/3775/3775 3776/3776/3776
f 3702/3702/3702 3776/3776/3776 3777/3777/3777
f 3702/3702/3702 3777/3777/3777 3703/3703/3703
f 3703/3703/3703 3777/3777/3777 3704/3704/3704
f 3704/3704/3704 3777/3777/3777 3778/3778/3778
f 3704/3704/3704 3778/3778/3778 3779/3779/3779
f 3704/3704/3704 3779/3779/3779 3705/3705/3705
f 3705/3705/3705 3779/3779/3779 3706/3706/3706
f 3706/3706/3706 3779/3779/3779 3780/3780/3780
f 3706/3706/3706 3780/3780/3780 3781/3781/3781
f 3706/3706/3706 3781/3781/3781 3707/3707/3707
f 3707/3707/3707 3781/3781/3781 3708/3708/3708
f 3708/3708/3708 3781/3781/3781 3782/3782/3782
f 3708/3708/3708 3782/3782/3782 3783/3783/3783
f 3708/3708/3708 3783/3783/3783 3709/3709/3709
f 3709/3709/3709 3783/3783/3783 3710/3710/3710
f 3710/3710/3710 3783/3783/3783 3784/3784/3784
f 3710/3710/3710 3784/3784/3784 3785/3785/3785
f 3710/3710/3710 3785/3785/3785 3711/3711/3711
f 3711/3711/3711 3785/3785/3785 3712/3712/3712
f 3712/3712/3712 3785/3785/3785 3786/3786/3786
f 3712/3712/3712 3786/3786/3786 3787/3787/3787
f 3712/3712/3712 3787/3787/3787 3713/3713/3713
f 3713/3713/3713 3787/3787/3787 3714/3714/3714
f 3714/3714/3714 3787/3787/3787 3788/3788/3788
f 3714/3714/3714 3788/3788/3788 3789/3789/3789
f 3714/3714/3714 3789/3789/3789 3715/3715/3715
f 3715/3715/3715 3789/3789/3789 3716/3716/3716
f 3716/3716/3716 3789/3789/3789 3790/3790/3790
f 3716/3716/3716 3790/3790/3790 3791/3791/3791
f 3716/3716/3716 3791/3791/3791 3717/3717/3717
f 3717/3717/3717 3791/3791/3791 3718/3718/3718
f 3718/3718/3718 3791/3791/3791 3792/3792/3792
f 3718/3718/3718 3792/3792/3792 3793/3793/3793
f 3718/3718/3718 3793/3793/3793 3719/3719/3719
f 3719/3719/3719 3793/3793/3793 3720/3720/3720
f 3720/3720/3720 3793/3793/3793 3794/3794/3794
f 3720/3720/3720 3794/3794/3794 3795/3795/3795
f 3720/3720/3720 3795/3795/3795 3721/3721/3721
f 3721/3721/3721 3795/3795/3795 3722/3722/3722
f 3722/3722/3722 3795/3795/3795 3796/3796/3796
f 3722/3722/3722 3796/3796/3796 3797/3797/3797
f 3722/3722/3722 3797/3797/3797 3723/3723/3723
f 3723/3723/3723 3797/3797/3797 3724/3724/3724
f 3724/3724/3724 3797/3797/3797 3798/3798/3798
f 3724/3724/3724 3798/3798/3798 3799/3799/3799
f 3724/3724/3724 3799/3799/3799 3725/3725/3725
f 3725/3725/3725 3799/3799/3799 3726/3726/3726
f 3726/3726/3726 3799/3799/3799 3800/3800/3800
f 3726/3726/3726 3800/3800/3800 3801/3801/3801
f 3726/3726/3726 3801/3801/3801 3727/3727/3727
f 3727/3727/3727 3801/3801/3801 3728/3728/3728
f 3728/3728/3728 3801/3801/3801 3802/3802/3802
f 3728/3728/3728 3802/3802/3802 3803/3803/3803
f 3728/3728/3728 3803/3803/3803 3729/3729/3729
f 3729/3729/3729 3803/3803/3803 3730/3730/3730
f 3730/3730/3730 3803/3803/3803 3804/3804/3804
f 3730/3730/3730 3804/3804/3804 3805/3805/3805
f 3730/3730/3730 3805/3805/3805 3731/3731/3731
f 3731/3731/3731 3805/3805/3805 3732/3732/3732
f 3732/3732/3732 3805/3805/3805 3806/3806/3806
f 3732/3732/3732 3806/3806/3806 3807/3807/3807
f 3732/3732/3732 3807/3807/3807 3733/3733/3733
f 3733/3733/3733 3807/3807/3807 3734/3734/3734
f 3734/3734/3734 3807/3807/3807 3808/3808/3808
f 3734/3734/3734 3808/3808/3808 3809/3809/3809
f 3734/3734/3734 3809/3809/3809 3735/3735/3735
f 3735/3735/3735 3809/3809/3809 3736/3736/3736
f 3736/3736/3736 3809/3809/3809 3810/3810/3810
f 3736/3736/3736 3810/3810/3810 3811/3811/3811
f 3736/3736/3736 3811/3811/3811 3737/3737/3737
f 3737/3737/3737 3811/3811/3811 3738/3738/3738
f 3738/3738/3738 3811/3811/3811 3812/3812/3812
f 3738/3738/3738 3812/3812/3812 3813/3813/3813
f 3738/3738/3738 3813/3813/3813 3739/3739/3739
f 3739/3739/3739 3813/3813/3813 3740/3740/3740
f 3740/3740/3740 3813/3813/3813 3814/3814/3814
f 3740/3740/3740 3814/3814/3814 3815/3815/3815
f 3740/3740/3740 3815/3815/3815 3741/3741/3741
f 3741/3741/3741 3815/3815/3815 3742/3742/3742
f 3742/3742/3742 3815/3815/3815 3816/3816/3816
f 3742/3742/3742 3816/3816/3816 3817/3817/3817
f 3742/3742/3742 3817/3817/3817 3743/3743/3743
f 3743/3743/3743 3817/3817/3817 3744/3744/3744
f 3744/3744/3744 3817/3817/3817 3818/3818/3818
f 3744/3744/3744 3818/3818/3818 3819/3819/3819
f 3744/3744/3744 3819/3819/3819 3745/3745/3745
f 3745/3745/3745 3819/3819/3819 3746/3746/3746
f 3746/3746/3746 3819/3819/3819 3820/3820/3820
f 3746/3746/3746 3820/3820/3820 3821/3821/3821
f 3746/3746/3746 3821/3821/3821 3747/3747/3747
f 3747/3747/3747 3821/3821/3821 3748/3748/3748
f 3748/3748/3748 3821/3821/3821 3822/3822/3822
f 3748/3748/3748 3822/3822/3822 3823/3823/3823
f 3748/3748/3748 3823/3823/3823 3749/3749/3749
f 3749/3749/3749 3823/3823/3823 3750/3750/3750
f 3750/3750/3750 3823/3823/3823 3824/3824/3824
f 3750/3750/3750 3824/3824/3824 3825/3825/3825
f 3750/3750/3750 3825/3825/3825 3751/3751/3751
f 3751/3751/3751 3825/3825/3825 3752/3752/3752
f 3752/3752/3752 3825/3825/3825 3826/3826/3826
f 3752/3752/3752 3826/3826/3826 3827/3827/3827
f 3752/3752/3752 3827/3827/3827 3753/3753/3753
f 3753/3753/3753 3827/3827/3827 3754/3754/3754
f 3754/3754/3754 3827/3827/3827 3828/3828/3828
f 3754/3754/3754 3828/3828/3828 3829/3829/3829
f 3754/3754/3754 3829/3829/3829 3755/3755/3755
f 3755/3755/3755 3829/3829/3829 3756/3756/3756
f 3756/3756/3756 3829/3829/3829 3830/3830/3830
f 3756/3756/3756 3830/3830/3830 3831/3831/3831
f 3756/3756/3756 3831/3831/3831 3757/3757/3757
f 3757/3757/3757 3831/3831/3831 3758/3758/3758
f 3758/3758/3758 3831/3831/3831 3832/3832/3832
f 3758/3758/3758 3832/3832/3832 3833/3833/3833
f 3758/3758/3758 3833/3833/3833 3759/3759/3759
f 3759/3759/3759 3833/3833/3833 3760/3760/3760
f 3760/3760/3760 3833/3833/3833 3834/3834/3834
f 3760/3760/3760 3834/3834/3834 3835/3835/3835
f 3760/3760/3760 3835/3835/3835 3761/3761/3761
f 3761/3761/3761 3835/3835/3835 3762/3762/3762
f 3762/3762/3762 3835/3835/3835 3836/3836/3836
f 3762/3762/3762 3836/3836/3836 3837/3837/3837
f 3762/3762/3762 3837/3837/3837 3763/3763/3763
f 3763/3763/3763 3837/3837/3837 3764/3764/3764
f 3764/3764/3764 3837/3837/3837 3838/3838/3838
f 3764/3764/3764 3838/3838/3838 3839/3839/3839
f 3764/3764/3764 3839/3839/3839 3765/3765/3765
f 3765/3765/3765 3839/3839/3839 3766/3766/3766
f 3766/3766/3766 3839/3839/3839 3840/3840/3840
f 3766/3766/3766 3840/3840/3840 3841/3841/3841
f 3766/3766/3766 3841/3841/3841 3767/3767/3767
f 3767/3767/3767 3841/3841/3841 3768/3768/3768
f 3768/3768/3768 3841/3841/3841 3842/3842/3842
f 3768/3768/3768 3842/3842/3842 3843/3843/3843
f 3768/3768/3768 3843/3843/3843 3769/3769/3769
f 3769/3769/3769 3843/3843/3843 3770/3770/3770
f 3770/3770/3770 3843/3843/3843 3844/3844/3844
f 3770/3770/3770 3844/3844/3844 3845/3845/3845
f 3770/3770/3770 3845/3845/3845 3771/3771/3771
f 3771/3771/3771 3845/3845/3845 3772/3772/3772
f 3772/3772/3772 3845/3845/3845 3846/3846/3846
f 3772/3772/3772 3846/3846/3846 3847/3847/3847
f 3772/3772/3772 3847/3847/3847 3773/3773/3773
f 3773/3773/3773 3847/3847/3847 3774/3774/3774
f 3774/3774/3774 3847/3847/3847 3848/3848/3848
f 3775/3775/3775 3849/3849/3849 3850/3850/3850
f 3775/3775/3775 3850/3850/3850 3776/3776/3776
f 3776/3776/3776 3850/3850/3850 3777/3777/3777
f 3777/3777/3777 3850/3850/3850 3851/3851/3851
f 3777/3777/3777 3851/3851/3851 3852/3852/3852
f 3777/3777/3777 3852/3852/3852 3778/3778/3778
f 3778/3778/3778 3852/3852/3852 3779/3779/3779
f 3779/3779/3779 3852/3852/3852 3853/3853/3853
f 3779/3779/3779 3853/3853/3853 3854/3854/3854
f 3779/3779/3779 3854/3854/3854 3780/3780/3780
f 3780/3780/3780 3854/3854/3854 3781/3781/3781
f 3781/3781/3781 3854/3854/3854 3855/3855/3855
f 3781/3781/3781 3855/3855/3855 3856/3856/3856
f 3781/3781/3781 3856/3856/3856 3782/3782/3782
f 3782/3782/3782 3856/3856/3856 3783/3783/3783
f 3783/3783/3783 3856/3856/3856 3857/3857/3857
f 3783/3783/3783 3857/3857/3857 3858/3858/3858
f 3783/3783/3783 3858/3858/3858 3784/3784/3784
f 3784/3784/3784 3858/3858/3858 3785/3785/3785
f 3785/3785/3785 3858/3858/3858 3859/3859/3859
f 3785/3785/3785 3859/3859/3859 3860/3860/3860
f 3785/3785/3785 3860/3860/3860 3786/3786/3786
f 3786/3786/3786 3860/3860/3860 3787/3787/3787
f 3787/3787/3787 3860/3860/3860 3861/3861/3861
f 3787/3787/3787 3861/3861/3861 3862/3862/3862
f 3787/3787/3787 3862/3862/3862 3788/3788/3788
f 3788/3788/3788 3862/3862/3862 3789/3789/3789
f 3789/3789/3789 3862/3862/3862 3863/3863/3863
f 3789/3789/3789 3863/3863/3863 3864/3864/3864
f 3789/3789/3789 3864/3864/3864 3790/3790/3790
f 3790/3790/3790 3864/3864/3864 3791/3791/3791
f 3791/3791/3791 3864/3864/3864 3865/3865/3865
f 3791/3791/3791 3865/3865/3865 3866/3866/3866
f 3791/3791/3791 3866/3866/3866 3792/3792/3792
f 3792/3792/3792 3866/3866/3866 3793/3793/3793
f 3793/3793/3793 3866/3866/3866 3867/3867/3867
f 3793/3793/3793 3867/3867/3867 3868/3868/3868
f 3793/3793/3793 3868/3868/3868 3794/3794/3794
f 3794/3794/3794 3868/3868/3868 3795/3795/3795
f 3795/3795/3795 3868/3868/3868 3869/3869/3869
f 3795/3795/3795 3869/3869/3869 3870/3870/3870
f 3795/3795/3795 3870/3870/3870 3796/3796/3796
f 3796/3796/3796 3870/3870/3870 3797/3797/3797
f 3797/3797/3797 3870/3870/3870 3871/3871/3871
f 3797/3797/3797 3871/3871/3871 3872/3872/3872
f 3797/3797/3797 3872/3872/3872 3798/3798/3798
f 3798/3798/3798 3872/3872/3872 3799/3799/3799
f 3799/3799/3799 3872/3872/3872 3873/3873/3873
f 3799/3799/3799 3873/3873/3873 3874/3874/3874
f 3799/3799/3799 3874/3874/3874 3800/3800/3800
f 3800/3800/3800 3874/3874/3874 3801/3801/3801
f 3801/3801/3801 3874/3874/3874 3875/3875/3875
f 3801/3801/3801 3875/3875/3875 3876/3876/3876
f 3801/3801/3801 3876/3876/3876 3802/3802/3802
f 3802/3802/3802 3876/3876/3876 3803/3803/3803
f 3803/3803/3803 3876/3876/3876 3877/3877/3877
f 3803/3803/3803 3877/3877/3877 3878/3878/3878
f 3803/3803/3803 3878/3878/3878 3804/3804/3804
f 3804/3804/3804 3878/3878/3878 3805/3805/3805
f 3805/3805/3805 3878/3878/3878 3879/3879/3879
f 3805/3805/3805 3879/3879/3879 3880/3880/3880
f 3805/3805/3805 3880/3880/3880 3806/3806/3806
f 3806/3806/3806 3880/3880/3880 3807/3807/3807
f 3807/3807/3807 3880/3880/3880 3881/3881/3881
f 3807/3807/3807 3881/3881/3881 3882/3882/3882
f 3807/3807/3807 3882/3882/3882 3808/3808/3808
f 3808/3808/3808 3882/3882/3882 3809/3809/3809
f 3809/3809/3809 3882/3882/3882 3883/3883/3883
f 3809/3809/3809 3883/3883/3883 3884/3884/3884
f 3809/3809/3809 3884/3884/3884 3810/3810/3810
f 3810/3810/3810 3884/3884/3884 3811/3811/3811
f 3811/3811/3811 3884/3884/3884 3885/3885/3885
f 3811/3811/3811 3885/3885/3885 3886/3886/3886
f 3811/3811/3811 3886/3886/3886 3812/3812/3812
f 3812/3812/3812 3886/3886/3886 3813/3813/3813
f 3813/3813/3813 3886/3886/3886 3887/3887/3887
f 3813/3813/3813 3887/3887/3887 3888/3888/3888
f 3813/3813/3813 3888/3888/3888 3814/3814/3814
f 3814/3814/3814 3888/3888/3888 3815/3815/3815
f 3815/3815/3815 3888/3888/3888 3889/3889/3889
f 3815/3815/3815 3889/3889/3889 3890/3890/3890
f 3815/3815/3815 3890/3890/3890 3816/3816/3816
f 3816/3816/3816 3890/3890/3890 3817/3817/3817
f 3817/3817/3817 3890/3890/3890 3891/3891/3891
f 3817/3817/3817 3891/3891/3891 3892/3892/3892
f 3817/3817/3817 3892/3892/3892 3818/3818/3818
f 3818/3818/3818 3892/3892/3892 3819/3819/3819
f 3819/3819/3819 3892/3892/3892 3893/3893/3893
f 3819/3819/3819 3893/3893/3893 3894/3894/3894
f 3819/3819/3819 3894/3894/3894 3820/3820/3820
f 3820/3820/3820 3894/3894/3894 3821/3821/3821
f 3821/3821/3821 3894/3894/3894 3895/3895/3895
f 3821/3821/3821 3895/3895/3895 3896/3896/3896
f 3821/3821/3821 3896/3896/3896 3822/3822/3822
f 3822/3822/3822 3896/3896/3896 3823/3823/3823
f 3823/3823/3823 3896/3896/3896 3897/3897/3897
f 3823/3823/3823 3897/3897/3897 3898/3898/3898
f 3823/3823/3823 3898/3898/3898 3824/3824/3824
f 3824/3824/3824 3898/3898/3898 3825/3825/3825
f 3825/3825/3825 3898/3898/3898 3899/3899/3899
f 3825/3825/3825 3899/3899/3899 3900/3900/3900
f 3825/3825/3825 3900/3900/3900 3826/3826/3826
f 3826/3826/3826 3900/3900/3900 3827/3827/3827
f 3827/3827/3827 3900/3900/3900 3901/3901/3901
f 3827/3827/3827 3901/3901/3901 3902/3902/3902
f 3827/3827/3827 3902/3902/3902 3828/3828/3828
f 3828/3828/3828 3902/3902/3902 3829/3829/3829
f 3829/3829/3829 3902/3902/3902 3903/3903/3903
f 3829/3829/3829 3903/3903/3903 3904/3904/3904
f 3829/3829/3829 3904/3904/3904 3830/3830/3830
f 3830/3830/3830 3904/3904/3904 3831/3831/3831
f 3831/3831/3831 3904/3904/3904 3905/3905/3905
f 3831/3831/3831 3905/3905/3905 3906/3906/3906
f 3831/3831/3831 3906/3906/3906 3832/3832/3832
f 3832/3832/3832 3906/3906/3906 3833/3833/3833
f 3833/3833/3833 3906/3906/3906 3907/3907/3907
f 3833/3833/3833 3907/3907/3907 3908/3908/3908
f 3833/3833/3833 3908/3908/3908 3834/3834/3834
f 3834/3834/3834 3908/3908/3908 3835/3835/3835
f 3835/3835/3835 3908/3908/3908 3909/3909/3909
f 3835/3835/3835 3909/3909/3909 3910/3910/3910
f 3835/3835/3835 3910/3910/3910 3836/3836/3836
f 3836/3836/3836 3910/3910/3910 3837/3837/3837
f 3837/3837/3837 3910/3910/3910 3911/3911/3911
f 3837/3837/3837 3911/3911/3911 3912/3912/3912
f 3837/3837/3837 3912/3912/3912 3838/3838/3838
f 3838/3838/3838 3912/3912/3912 3839/3839/3839
f 3839/3839/3839 3912/3912/3912 3913/3913/3913
f 3839/3839/3839 3913/3913/3913 3914/3914/3914
f 3839/3839/3839 3914/3914/3914 3840/3840/3840
f 3840/3840/3840 3914/3914/3914 3841/3841/3841
f 3841/3841/3841 3914/3914/3914 3915/3915/3915
f 3841/3841/3841 3915/3915/3915 3916/3916/3916
f 3841/3841/3841 3916/3916/3916 3842/3842/3842
f 3842/3842/3842 3916/3916/3916 3843/3843/3843
f 3843/3843/3843 3916/3916/3916 3917/3917/3917
f 3843/3843/3843 3917/3917/3917 3918/3918/3918
f 3843/3843/3843 3918/3918/3918 3844/3844/3844
f 3844/3844/3844 3918/3918/3918 3845/3845/3845
f 3845/3845/3845 3918/3918/3918 3919/3919/3919
f 3845/3845/3845 3919/3919/3919 3920/3920/3920
f 3845/3845/3845 3920/3920/3920 3846/3846/3846
f 3846/3846/3846 3920/3920/3920 3847/3847/3847
f 3847/3847/3847 3920/3920/3920 3921/3921/3921
f 3847/3847/3847 3921/3921/3921 3922/3922/3922
f 3847/3847/3847 3922/3922/3922 3848/3848/3848
f 3849/3849/3849 3923/3923/3923 3850/3850/3850
f 3850/3850/3850 3923/3923/3923 3924/3924/3924
f 3850/3850/3850 3924/3924/3924 3925/3925/3925
f 3850/3850/3850 3925/3925/3925 3851/3851/3851
f 3851/3851/3851 3925/3925/3925 3852/3852/3852
f 3852/3852/3852 3925/3925/3925 3926/3926/3926
f 3852/3852/3852 3926/3926/3926 3927/3927/3927
f 3852/3852/3852 3927/3927/3927 3853/3853/3853
f 3853/3853/3853 3927/3927/3927 3854/3854/3854
f 3854/3854/3854 3927/3927/3927 3928/3928/3928
f 3854/3854/3854 3928/3928/3928 3929/3929/3929
f 3854/3854/3854 3929/3929/3929 3855/3855/3855
f 3855/3855/3855 3929/3929/3929 3856/3856/3856
f 3856/3856/3856 3929/3929/3929 3930/3930/3930
f 3856/3856/3856 3930/3930/3930 3931/3931/3931
f 3856/3856/3856 3931/3931/3931 3857/3857/3857
f 3857/3857/3857 3931/3931/3931 3858/3858/3858
f 3858/3858/3858 3931/3931/3931 3932/3932/3932
f 3858/3858/3858 3932/3932/3932 3933/3933/3933
f 3858/3858/3858 3933/3933/3933 3859/3859/3859
f 3859/3859/3859 3933/3933/3933 3860/3860/3860
f 3860/3860/3860 3933/3933/3933 3934/3934/3934
f 3860/3860/3860 3934/3934/3934 3935/3935/3935
f 3860/3860/3860 3935/3935/3935 3861/3861/3861
f 3861/3861/3861 3935/3935/3935 3862/3862/3862
f 3862/3862/3862 3935/3935/3935 3936/3936/3936
f 3862/3862/3862 3936/3936/3936 3937/3937/3937
f 3862/3862/3862 3937/3937/3937 3863/3863/3863
f 3863/3863/3863 3937/3937/3937 3864/3864/3864
f 3864/3864/3864 3937/3937/3937 3938/3938/3938
f 3864/3864/3864 3938/3938/3938 3939/3939/3939
f 3864/3864/3864 3939/3939/3939 3865/3865/3865
f 3865/3865/3865 3939/3939/3939 3866/3866/3866
f 3866/3866/3866 3939/3939/3939 3940/3940/3940
f 3866/3866/3866 3940/3940/3940 3941/3941/3941
f 3866/3866/3866 3941/3941/3941 3867/3867/3867
f 3867/3867/3867 3941/3941/3941 3868/3868/3868
f 3868/3868/3868 3941/3941/3941 3942/3942/3942
f 3868/3868/3868 3942/3942/3942 3943/3943/3943
f 3868/3868/3868 3943/3943/3943 3869/3869/3869
f 3869/3869/3869 3943/3943/3943 3870/3870/3870
f 3870/3870/3870 3943/3943/3943 3944/3944/3944
f 3870/3870/3870 3944/3944/3944 3945/3945/3945
f 3870/3870/3870 3945/3945/3945 3871/3871/3871
f 3871/3871/3871 3945/3945/3945 3872/3872/3872
f 3872/3872/3872 3945/3945/3945 3946/3946/3946
f 3872/3872/3872 3946/3946/3946 3947/3947/3947
f 3872/3872/3872 3947/3947/3947 3873/3873/3873
f 3873/3873/3873 3947/3947/3947 3874/3874/3874
f 3874/3874/3874 3947/3947/3947 3948/3948/3948
f 3874/3874/3874 3948/3948/3948 3949/3949/3949
f 3874/3874/3874 3949/3949/3949 3875/3875/3875
f 3875/3875/3875 3949/3949/3949 3876/3876/3876
f 3876/3876/3876 3949/3949/3949 3950/3950/3950
f 3876/3876/3876 3950/3950/3950 3951/3951/3951
f 3876/3876/3876 3951/3951/3951 3877/3877/3877
f 3877/3877/3877 3951/3951/3951 3878/3878/3878
f 3878/3878/3878 3951/3951/3951 3952/3952/3952
f 3878/3878/3878 3952/3952/3952 3953/3953/3953
f 3878/3878/3878 3953/3953/3953 3879/3879/3879
f 3879/3879/3879 3953/3953/3953 3880/3880/3880
f 3880/3880/3880 3953/3953/3953 3954/3954/3954
f 3880/3880/3880 3954/3954/3954 3955/3955/3955
f 3880/3880/3880 3955/3955/3955 3881/3881/3881
f 3881/3881/3881 3955/3955/3955 3882/3882/3882
f 3882/3882/3882 3955/3955/3955 3956/3956/3956
f 3882/3882/3882 3956/3956/3956 3957/3957/3957
f 3882/3882/3882 3957/3957/3957 3883/3883/3883
f 3883/3883/3883 3957/3957/3957 3884/3884/3884
f 3884/3884/3884 3957/3957/3957 3958/3958/3958
f 3884/3884/3884 3958/3958/3958 3959/3959/3959
f 3884/3884/3884 3959/3959/3959 3885/3885/3885
f 3885/3885/3885 3959/3959/3959 3886/3886/3886
f 3886/3886/3886 3959/3959/3959 3960/3960/3960
f 3886/3886/3886 3960/3960/3960 3961/3961/3961
f 3886/3886/3886 3961/3961/3961 3887/3887/3887
f 3887/3887/3887 3961/3961/3961 3888/3888/3888
f 3888/3888/3888 3961/3961/3961 3962/3962/3962
f 3888/3888/3888 3962/3962/3962 3963/3963/3963
f 3888/3888/3888 3963/3963/3963 3889/3889/3889
f 3889/3889/3889 3963/3963/3963 3890/3890/3890
f 3890/3890/3890 3963/3963/3963 3964/3964/3964
f 3890/3890/3890 3964/3964/3964 3965/3965/3965
f 3890/3890/3890 3965/3965/3965 3891/3891/3891
f 3891/3891/3891 3965/3965/3965 3892/3892/3892
f 3892/3892/3892 3965/3965/3965 3966/3966/3966
f 3892/3892/3892 3966/3966/3966 3967/3967/3967
f 3892/3892/3892 3967/3967/3967 3893/3893/3893
f 3893/3893/3893 3967/3967/3967 3894/3894/3894
f 3894/3894/3894 3967/3967/3967 3968/3968/3968
f 3894/3894/3894 3968/3968/3968 3969/3969/3969
f 3894/3894/3894 3969/3969/3969 3895/3895/3895
f 3895/3895/3895 3969/3969/3969 3896/3896/3896
f 3896/3896/3896 3969/3969/3969 3970/3970/3970
f 3896/3896/3896 3970/3970/3970 3971/3971/3971
f 3896/3896/3896 3971/3971/3971 3897/3897/3897
f 3897/3897/3897 3971/3971/3971 3898/3898/3898
f 3898/3898/3898 3971/3971/3971 3972/3972/3972
f 3898/3898/3898 3972/3972/3972 3973/3973/3973
f 3898/3898/3898 3973/3973/3973 3899/3899/3899
f 3899/3899/3899 3973/3973/3973 3900/3900/3900
f 3900/3900/3900 3973/3973/3973 3974/3974/3974
f 3900/3900/3900 3974/3974/3974 3975/3975/3975
f 3900/3900/3900 3975/3975/3975 3901/3901/3901
f 3901/3901/3901 3975/3975/3975 3902/3902/3902
f 3902/3902/3902 3975/3975/3975 3976/3976/3976
f 3902/3902/3902 3976/3976/3976 3977/3977/3977
f 3902/3902/3902 3977/3977/3977 3903/3903/3903
f 3903/3903/3903 3977/3977/3977 3904/3904/3904
f 3904/3904/3904 3977/3977/3977 3978/3978/3978
f 3904/3904/3904 3978/3978/3978 3979/3979/3979
f 3904/3904/3904 3979/3979/3979 3905/3905/3905
f 3905/3905/3905 3979/3979/3979 3906/3906/3906
f 3906/3906/3906 3979/3979/3979 3980/3980/3980
f 3906/3906/3906 3980/3980/3980 3981/3981/3981
f 3906/3906/3906 3981/3981/3981 3907/3907/3907
f 3907/3907/3907 3981/3981/3981 3908/3908/3908
f 3908/3908/3908 3981/3981/3981 3982/3982/3982
f 3908/3908/3908 3982/3982/3982 3983/3983/3983
f 3908/3908/3908 3983/3983/3983 3909/3909/3909
f 3909/3909/3909 3983/3983/3983 3910/3910/3910
f 3910/3910/3910 3983/3983/3983 3984/3984/3984
f 3910/3910/3910 3984/3984/3984 3985/3985/3985
f 3910/3910/3910 3985/3985/3985 3911/3911/3911
f 3911/3911/3911 3985/3985/3985 3912/3912/3912
f 3912/3912/3912 3985/3985/3985 3986/3986/3986
f 3912/3912/3912 3986/3986/3986 3987/3987/3987
f 3912/3912/3912 3987/3987/3987 3913/3913/3913
f 3913/3913/3913 3987/3987/3987 3914/3914/3914
f 3914/3914/3914 3987/3987/3987 3988/3988/3988
f 3914/3914/3914 3988/3988/3988 3989/3989/3989
f 3914/3914/3914 3989/3989/3989 3915/3915/3915
f 3915/3915/3915 3989/3989/3989 3916/3916/3916
f 3916/3916/3916 3989/3989/3989 3990/3990/3990
f 3916/3916/3916 3990/3990/3990 3991/3991/3991
f 3916/3916/3916 3991/3991/3991 3917/3917/3917
f 3917/3917/3917 3991/3991/3991 3918/3918/3918
f 3918/3918/3918 3991/3991/3991 3992/3992/3992
f 3918/3918/3918 3992/3992/3992 3993/3993/3993
f 3918/3918/3918 3993/3993/3993 3919/3919/3919
f 3919/3919/3919 3993/3993/3993 3920/3920/3920
f 3920/3920/3920 3993/3993/3993 3994/3994/3994
f 3920/3920/3920 3994/3994/3994 3995/3995/3995
f 3920/3920/3920 3995/3995/3995 3921/3921/3921
f 3921/3921/3921 3995/3995/3995 3922/3922/3922
f 3922/3922/3922 3995/3995/3995 3996/3996/3996
